model,image,iou,dice,precision,recall,pixel_accuracy,inference_time_s
YOLOv8n,train_S2A_MSIL2A_20200111T142701_N0213_R053_T20NQG_20200111T164651_01_07.png,0.0,0.0,0.0,0.0,0.3530769348144531,20.16155279998202
YOLOv8n,train_S2A_MSIL2A_20200111T142701_N0213_R053_T20NQG_20200111T164651_01_13.png,0.0,0.0,0.0,0.0,0.3471565246582031,0.04186310002114624
YOLOv8n,train_S2A_MSIL2A_20200111T142701_N0213_R053_T20NQG_20200111T164651_02_03.png,0.0,0.0,0.0,0.0,0.4569206237792969,0.04369859999860637
YOLOv8n,train_S2A_MSIL2A_20200111T142701_N0213_R053_T20NQG_20200111T164651_02_04.png,0.0,0.0,0.0,0.0,0.5263519287109375,0.04236650001257658
YOLOv8n,train_S2A_MSIL2A_20200111T142701_N0213_R053_T20NQG_20200111T164651_02_07.png,0.0,0.0,0.0,0.0,0.7064704895019531,0.03548029999365099
YOLOv8n,train_S2A_MSIL2A_20200111T142701_N0213_R053_T20NQG_20200111T164651_02_10.png,0.0,0.0,0.0,0.0,0.20199203491210938,0.03637029998935759
YOLOv8n,train_S2A_MSIL2A_20200111T142701_N0213_R053_T20NQG_20200111T164651_02_11.png,0.0,0.0,0.0,0.0,0.24502944946289062,0.03413370001362637
YOLOv8n,train_S2A_MSIL2A_20200111T142701_N0213_R053_T20NQG_20200111T164651_03_05.png,0.0,0.0,0.0,0.0,0.4412269592285156,0.036741599993547425
YOLOv8n,train_S2A_MSIL2A_20200111T142701_N0213_R053_T20NQG_20200111T164651_03_06.png,0.0,0.0,0.0,0.0,0.4077720642089844,0.0350695000088308
YOLOv8n,train_S2A_MSIL2A_20200111T142701_N0213_R053_T20NQG_20200111T164651_03_11.png,0.0,0.0,0.0,0.0,0.1164703369140625,0.027743400016333908
YOLOv8n,train_S2A_MSIL2A_20200111T142701_N0213_R053_T20NQG_20200111T164651_04_07.png,0.12131583216804827,0.2163811991015695,0.13369773906676372,0.5670897961394702,0.13226318359375,1.7351216000097338
YOLOv8n,train_S2A_MSIL2A_20200111T142701_N0213_R053_T20NQG_20200111T164651_04_08.png,0.08503392895658089,0.15673966811038523,0.10930543781357134,0.2769058295964126,0.15851211547851562,0.03758830000879243
YOLOv8n,train_S2A_MSIL2A_20200111T142701_N0213_R053_T20NQG_20200111T164651_04_09.png,0.0,0.0,0.0,0.0,0.43114471435546875,0.04364769998937845
YOLOv8n,train_S2A_MSIL2A_20200111T142701_N0213_R053_T20NQG_20200111T164651_04_10.png,0.0,0.0,0.0,0.0,0.141571044921875,0.042623699991963804
YOLOv8n,train_S2A_MSIL2A_20200111T142701_N0213_R053_T20NQG_20200111T164651_04_11.png,0.0,0.0,0.0,0.0,0.15567398071289062,0.04675639999913983
YOLOv8n,train_S2A_MSIL2A_20200111T142701_N0213_R053_T20NQG_20200111T164651_05_05.png,0.0,0.0,0.0,0.0,0.5177536010742188,0.04251359999761917
YOLOv8n,train_S2A_MSIL2A_20200111T142701_N0213_R053_T20NQG_20200111T164651_05_06.png,0.0,0.0,0.0,0.0,0.5273399353027344,0.030642900004750118
YOLOv8n,train_S2A_MSIL2A_20200111T142701_N0213_R053_T20NQG_20200111T164651_05_07.png,0.10189308661857263,0.18494187477163757,0.14570726950146284,0.25309196293726277,0.16606903076171875,0.033716100006131455
YOLOv8n,train_S2A_MSIL2A_20200111T142701_N0213_R053_T20NQG_20200111T164651_05_11.png,0.0,0.0,0.0,0.0,0.039005279541015625,0.03175950000877492
YOLOv8n,train_S2A_MSIL2A_20200111T142701_N0213_R053_T20NQG_20200111T164651_06_01.png,0.0,0.0,0.0,0.0,0.0686187744140625,0.03441049999673851
YOLOv8n,train_S2A_MSIL2A_20200111T142701_N0213_R053_T20NQG_20200111T164651_06_06.png,0.0,0.0,0.0,0.0,0.215728759765625,0.0346443000016734
YOLOv8n,train_S2A_MSIL2A_20200111T142701_N0213_R053_T20NQG_20200111T164651_06_07.png,0.0,0.0,0.0,0.0,0.3458747863769531,0.030001300008734688
YOLOv8n,train_S2A_MSIL2A_20200111T142701_N0213_R053_T20NQG_20200111T164651_06_09.png,0.0,0.0,0.0,0.0,0.43194580078125,0.0260837999812793
YOLOv8n,train_S2A_MSIL2A_20200111T142701_N0213_R053_T20NQG_20200111T164651_06_10.png,0.0,0.0,0.0,0.0,0.056148529052734375,0.02554140001302585
YOLOv8n,train_S2A_MSIL2A_20200111T142701_N0213_R053_T20NQG_20200111T164651_06_13.png,0.0,0.0,0.0,0.0,0.3239173889160156,0.02671789997839369
YOLOv8n,train_S2A_MSIL2A_20200111T142701_N0213_R053_T20NQG_20200111T164651_06_14.png,0.0,0.0,0.0,0.0,0.47252655029296875,0.024889899999834597
YOLOv8n,train_S2A_MSIL2A_20200111T142701_N0213_R053_T20NQG_20200111T164651_07_01.png,0.0,0.0,0.0,0.0,0.2826194763183594,0.026595699979225174
YOLOv8n,train_S2A_MSIL2A_20200111T142701_N0213_R053_T20NQG_20200111T164651_07_02.png,0.0,0.0,0.0,0.0,0.18778610229492188,0.025405899999896064
YOLOv8n,train_S2A_MSIL2A_20200111T142701_N0213_R053_T20NQG_20200111T164651_07_03.png,0.0,0.0,0.0,0.0,0.03110504150390625,0.024864799983333796
YOLOv8n,train_S2A_MSIL2A_20200111T142701_N0213_R053_T20NQG_20200111T164651_07_04.png,0.0112041454414461,0.02216000694212913,1.0,0.0112041454414461,0.18326950073242188,0.024517999991076067
YOLOv8n,train_S2A_MSIL2A_20200111T142701_N0213_R053_T20NQG_20200111T164651_07_05.png,0.0,0.0,0.0,0.0,0.3530120849609375,0.023473299981560558
YOLOv8n,train_S2A_MSIL2A_20200111T142701_N0213_R053_T20NQG_20200111T164651_07_06.png,0.0,0.0,0.0,0.0,0.30918121337890625,0.02790600000298582
YOLOv8n,train_S2A_MSIL2A_20200111T142701_N0213_R053_T20NQG_20200111T164651_07_09.png,0.0,0.0,0.0,0.0,0.15800094604492188,0.022925299999769777
YOLOv8n,train_S2A_MSIL2A_20200111T142701_N0213_R053_T20NQG_20200111T164651_07_11.png,0.0,0.0,0.0,0.0,0.24077987670898438,0.023230699996929616
YOLOv8n,train_S2A_MSIL2A_20200111T142701_N0213_R053_T20NQG_20200111T164651_07_12.png,0.0,0.0,0.0,0.0,0.29520416259765625,0.024186800001189113
YOLOv8n,train_S2A_MSIL2A_20200111T142701_N0213_R053_T20NQG_20200111T164651_07_13.png,0.0,0.0,0.0,0.0,0.1963348388671875,0.02347740001277998
YOLOv8n,train_S2A_MSIL2A_20200111T142701_N0213_R053_T20NQG_20200111T164651_07_14.png,0.0,0.0,0.0,0.0,0.3779945373535156,0.023125799983972684
YOLOv8n,train_S2A_MSIL2A_20200111T142701_N0213_R053_T20NQG_20200111T164651_07_15.png,0.0,0.0,0.0,0.0,0.5633964538574219,0.023036899976432323
YOLOv8n,train_S2A_MSIL2A_20200111T142701_N0213_R053_T20NQG_20200111T164651_08_01.png,0.0,0.0,0.0,0.0,0.0770263671875,0.023965499975020066
YOLOv8n,train_S2A_MSIL2A_20200111T142701_N0213_R053_T20NQG_20200111T164651_08_09.png,0.0,0.0,0.0,0.0,0.4984779357910156,0.02345400000922382
YOLOv8n,train_S2A_MSIL2A_20200111T142701_N0213_R053_T20NQG_20200111T164651_08_10.png,0.0,0.0,0.0,0.0,0.5098724365234375,0.025101700011873618
YOLOv8n,train_S2A_MSIL2A_20200111T142701_N0213_R053_T20NQG_20200111T164651_08_14.png,0.0,0.0,0.0,0.0,0.2684593200683594,0.022244199994020164
YOLOv8n,train_S2A_MSIL2A_20200111T142701_N0213_R053_T20NQG_20200111T164651_09_01.png,0.0,0.0,0.0,0.0,0.22026443481445312,0.023031199991237372
YOLOv8n,train_S2A_MSIL2A_20200111T142701_N0213_R053_T20NQG_20200111T164651_09_02.png,0.0,0.0,0.0,0.0,0.36429595947265625,0.023331699980190024
YOLOv8n,train_S2A_MSIL2A_20200111T142701_N0213_R053_T20NQG_20200111T164651_09_03.png,0.0,0.0,0.0,0.0,0.9452667236328125,0.022389099991414696
YOLOv8n,train_S2A_MSIL2A_20200111T142701_N0213_R053_T20NQG_20200111T164651_09_07.png,0.0,0.0,0.0,0.0,0.7738838195800781,0.022195400000782683
YOLOv8n,train_S2A_MSIL2A_20200111T142701_N0213_R053_T20NQG_20200111T164651_09_08.png,0.0,0.0,0.0,0.0,0.4558258056640625,0.022577499999897555
YOLOv8n,train_S2A_MSIL2A_20200111T142701_N0213_R053_T20NQG_20200111T164651_09_09.png,0.0,0.0,0.0,0.0,0.16601943969726562,0.021378499979618937
YOLOv8n,train_S2A_MSIL2A_20200111T142701_N0213_R053_T20NQG_20200111T164651_09_10.png,0.0,0.0,0.0,0.0,0.04801177978515625,0.02246979999472387
YOLOv8n,train_S2A_MSIL2A_20200111T142701_N0213_R053_T20NQG_20200111T164651_09_12.png,0.0,0.0,0.0,0.0,0.4818115234375,0.022872500005178154
YOLOv8n,train_S2A_MSIL2A_20200111T142701_N0213_R053_T20NQG_20200111T164651_09_13.png,0.0,0.0,0.0,0.0,0.6373748779296875,0.02275890001328662
YOLOv8n,train_S2A_MSIL2A_20200111T142701_N0213_R053_T20NQG_20200111T164651_09_15.png,0.0,0.0,0.0,0.0,0.4093513488769531,0.0223485000024084
YOLOv8n,train_S2A_MSIL2A_20200111T142701_N0213_R053_T20NQG_20200111T164651_09_16.png,0.0,0.0,0.0,0.0,0.6817550659179688,0.022732699988409877
YOLOv8n,train_S2A_MSIL2A_20200111T142701_N0213_R053_T20NQG_20200111T164651_10_01.png,0.0,0.0,0.0,0.0,0.102935791015625,0.02573699998902157
YOLOv8n,train_S2A_MSIL2A_20200111T142701_N0213_R053_T20NQG_20200111T164651_10_02.png,0.0,0.0,0.0,0.0,0.7704010009765625,0.02572370000416413
YOLOv8n,train_S2A_MSIL2A_20200111T142701_N0213_R053_T20NQG_20200111T164651_10_03.png,0.0,0.0,0.0,0.0,0.9815711975097656,0.023457800009055063
YOLOv8n,train_S2A_MSIL2A_20200111T142701_N0213_R053_T20NQG_20200111T164651_10_04.png,0.0,0.0,0.0,0.0,0.9831466674804688,0.021359899983508512
YOLOv8n,train_S2A_MSIL2A_20200111T142701_N0213_R053_T20NQG_20200111T164651_10_09.png,0.0,0.0,0.0,0.0,0.32759857177734375,0.023138800024753436
YOLOv8n,train_S2A_MSIL2A_20200111T142701_N0213_R053_T20NQG_20200111T164651_10_11.png,0.0,0.0,0.0,0.0,0.103546142578125,0.021974900009809062
YOLOv8n,train_S2A_MSIL2A_20200111T142701_N0213_R053_T20NQG_20200111T164651_10_12.png,0.0,0.0,0.0,0.0,0.14123916625976562,0.02159270000993274
YOLOv8n,train_S2A_MSIL2A_20200111T142701_N0213_R053_T20NQG_20200111T164651_10_17.png,0.0,0.0,0.0,0.0,0.4242362976074219,0.022219999984372407
YOLOv8n,train_S2A_MSIL2A_20200111T142701_N0213_R053_T20NQG_20200111T164651_11_02.png,0.0,0.0,0.0,0.0,0.5790252685546875,0.023708900000201538
YOLOv8n,train_S2A_MSIL2A_20200111T142701_N0213_R053_T20NQG_20200111T164651_11_03.png,0.0,0.0,0.0,0.0,0.9728775024414062,0.02060780001920648
YOLOv8n,train_S2A_MSIL2A_20200111T142701_N0213_R053_T20NQG_20200111T164651_11_05.png,0.0,0.0,0.0,0.0,0.9405403137207031,0.023897099978057668
YOLOv8n,train_S2A_MSIL2A_20200111T142701_N0213_R053_T20NQG_20200111T164651_11_07.png,0.12297827358019338,0.21902164355882586,0.3203130515465997,0.16640120714225837,0.13598251342773438,0.024424600007478148
YOLOv8n,train_S2A_MSIL2A_20200111T142701_N0213_R053_T20NQG_20200111T164651_11_10.png,0.5164061184180306,0.6810921060603001,0.529853032433409,0.9531574559482259,0.51806640625,0.02253069999278523
YOLOv8n,train_S2A_MSIL2A_20200111T142701_N0213_R053_T20NQG_20200111T164651_11_11.png,0.0,0.0,0.0,0.0,0.19601058959960938,0.02109650001511909
YOLOv8n,train_S2A_MSIL2A_20200111T142701_N0213_R053_T20NQG_20200111T164651_11_14.png,0.0,0.0,0.0,0.0,0.6617965698242188,0.02093189998413436
YOLOv8n,train_S2A_MSIL2A_20200111T142701_N0213_R053_T20NQG_20200111T164651_11_17.png,0.0,0.0,0.0,0.0,0.25260162353515625,0.021288599993567914
YOLOv8n,train_S2A_MSIL2A_20200111T142701_N0213_R053_T20NQG_20200111T164651_11_18.png,0.0,0.0,0.0,0.0,0.07268142700195312,0.021073999989312142
YOLOv8n,train_S2A_MSIL2A_20200111T142701_N0213_R053_T20NQG_20200111T164651_12_01.png,0.0,0.0,0.0,0.0,0.13274765014648438,0.020491500006755814
YOLOv8n,train_S2A_MSIL2A_20200111T142701_N0213_R053_T20NQG_20200111T164651_12_02.png,0.0,0.0,0.0,0.0,0.83721923828125,0.020300600008340552
YOLOv8n,train_S2A_MSIL2A_20200111T142701_N0213_R053_T20NQG_20200111T164651_12_05.png,0.0,0.0,0.0,0.0,0.9055404663085938,0.021295699989423156
YOLOv8n,train_S2A_MSIL2A_20200111T142701_N0213_R053_T20NQG_20200111T164651_12_07.png,0.25168197046045543,0.4021500291609527,0.3027966749429129,0.598543570878925,0.2765769958496094,0.02494889998342842
YOLOv8n,train_S2A_MSIL2A_20200111T142701_N0213_R053_T20NQG_20200111T164651_12_11.png,0.0,0.0,0.0,0.0,0.4411125183105469,0.020543299993732944
YOLOv8n,train_S2A_MSIL2A_20200111T142701_N0213_R053_T20NQG_20200111T164651_12_14.png,0.0,0.0,0.0,0.0,0.19156646728515625,0.020791800023289397
YOLOv8n,train_S2A_MSIL2A_20200111T142701_N0213_R053_T20NQG_20200111T164651_12_15.png,0.0,0.0,0.0,0.0,0.41959381103515625,0.021126800013007596
YOLOv8n,train_S2A_MSIL2A_20200111T142701_N0213_R053_T20NQG_20200111T164651_13_02.png,0.0,0.0,0.0,0.0,0.8151397705078125,0.020169700001133606
YOLOv8n,train_S2A_MSIL2A_20200111T142701_N0213_R053_T20NQG_20200111T164651_13_05.png,0.0,0.0,0.0,0.0,0.922576904296875,0.02032189999590628
YOLOv8n,train_S2A_MSIL2A_20200111T142701_N0213_R053_T20NQG_20200111T164651_13_06.png,0.0,0.0,0.0,0.0,0.5809822082519531,0.020308900013333187
YOLOv8n,train_S2A_MSIL2A_20200111T142701_N0213_R053_T20NQG_20200111T164651_13_07.png,0.3627803107123782,0.5324120224818024,0.4070233489224409,0.7694511484345499,0.3719444274902344,0.020922299998346716
YOLOv8n,train_S2A_MSIL2A_20200111T142701_N0213_R053_T20NQG_20200111T164651_13_08.png,0.0,0.0,0.0,0.0,0.6240081787109375,0.01987119999830611
YOLOv8n,train_S2A_MSIL2A_20200111T142701_N0213_R053_T20NQG_20200111T164651_13_10.png,0.0,0.0,0.0,0.0,0.8109512329101562,0.019227900018449873
YOLOv8n,train_S2A_MSIL2A_20200111T142701_N0213_R053_T20NQG_20200111T164651_13_13.png,0.0,0.0,0.0,0.0,0.3660850524902344,0.019801000016741455
YOLOv8n,train_S2A_MSIL2A_20200111T142701_N0213_R053_T20NQG_20200111T164651_13_14.png,0.4847806055371993,0.6529996468559796,0.587425426650658,0.7350535773788298,0.49022674560546875,0.019982900004833937
YOLOv8n,train_S2A_MSIL2A_20200111T142701_N0213_R053_T20NQG_20200111T164651_13_16.png,0.6034065438017558,0.7526557081038838,0.7212575644108714,0.7869119512814007,0.6112251281738281,0.020205400011036545
YOLOv8n,train_S2A_MSIL2A_20200111T142701_N0213_R053_T20NQG_20200111T164651_14_01.png,0.0,0.0,0.0,0.0,0.3625946044921875,0.02003889999468811
YOLOv8n,train_S2A_MSIL2A_20200111T142701_N0213_R053_T20NQG_20200111T164651_14_08.png,0.0,0.0,0.0,0.0,0.9360275268554688,0.018469899980118498
YOLOv8n,train_S2A_MSIL2A_20200111T142701_N0213_R053_T20NQG_20200111T164651_14_11.png,0.0,0.0,0.0,0.0,0.7055015563964844,0.01682520000031218
YOLOv8n,train_S2A_MSIL2A_20200111T142701_N0213_R053_T20NQG_20200111T164651_15_02.png,0.0,0.0,0.0,0.0,0.7300567626953125,0.017244100017705932
YOLOv8n,train_S2A_MSIL2A_20200111T142701_N0213_R053_T20NQG_20200111T164651_15_03.png,0.0,0.0,0.0,0.0,0.9664230346679688,0.016706900001736358
YOLOv8n,train_S2A_MSIL2A_20200111T142701_N0213_R053_T20NQG_20200111T164651_15_13.png,0.0,0.0,0.0,0.0,0.20359420776367188,0.01720440000644885
YOLOv8n,train_S2A_MSIL2A_20200111T142701_N0213_R053_T20NQG_20200111T164651_17_01.png,0.0,0.0,0.0,0.0,0.3895759582519531,0.017072099988581613
YOLOv8n,train_S2A_MSIL2A_20200115T140641_N0213_R110_T21LUH_20200115T163049_01_09.png,0.0,0.0,0.0,0.0,0.778228759765625,0.016774200019426644
YOLOv8n,train_S2A_MSIL2A_20200115T140641_N0213_R110_T21LUH_20200115T163049_02_09.png,0.0,0.0,0.0,0.0,0.9186058044433594,0.01729049999266863
YOLOv8n,train_S2A_MSIL2A_20200115T140641_N0213_R110_T21LUH_20200115T163049_03_03.png,0.0,0.0,0.0,0.0,0.87542724609375,0.017258500010939315
YOLOv8n,train_S2A_MSIL2A_20200115T140641_N0213_R110_T21LUH_20200115T163049_03_05.png,0.0,0.0,0.0,0.0,0.5654335021972656,0.016656799998600036
YOLOv8n,train_S2A_MSIL2A_20200115T140641_N0213_R110_T21LUH_20200115T163049_03_08.png,0.0,0.0,0.0,0.0,0.7925148010253906,0.01622379999025725
YOLOv8n,train_S2A_MSIL2A_20200115T140641_N0213_R110_T21LUH_20200115T163049_03_09.png,0.0,0.0,0.0,0.0,0.8455810546875,0.017052400013199076
YOLOv8n,train_S2A_MSIL2A_20200115T140641_N0213_R110_T21LUH_20200115T163049_04_02.png,0.0,0.0,0.0,0.0,0.7999000549316406,0.01666809999733232
YOLOv8n,train_S2A_MSIL2A_20200115T140641_N0213_R110_T21LUH_20200115T163049_04_06.png,0.0,0.0,0.0,0.0,0.44110870361328125,0.01628420001361519
YOLOv8n,train_S2A_MSIL2A_20200115T140641_N0213_R110_T21LUH_20200115T163049_04_07.png,0.0,0.0,0.0,0.0,0.7932281494140625,0.016885300021385774
YOLOv8n,train_S2A_MSIL2A_20200115T140641_N0213_R110_T21LUH_20200115T163049_04_08.png,0.0,0.0,0.0,0.0,0.4847869873046875,0.01721039999392815
YOLOv8n,train_S2A_MSIL2A_20200115T140641_N0213_R110_T21LUH_20200115T163049_04_09.png,0.0,0.0,0.0,0.0,0.42235565185546875,0.01600420000613667
YOLOv8n,train_S2A_MSIL2A_20200115T140641_N0213_R110_T21LUH_20200115T163049_04_11.png,0.0,0.0,0.0,0.0,0.011505126953125,0.016114400001242757
YOLOv8n,train_S2A_MSIL2A_20200115T140641_N0213_R110_T21LUH_20200115T163049_04_12.png,0.0,0.0,0.0,0.0,0.10044097900390625,0.01572870000381954
YOLOv8n,train_S2A_MSIL2A_20200115T140641_N0213_R110_T21LUH_20200115T163049_04_13.png,0.22840652307886794,0.3718744874561423,0.2601802726139529,0.6516059957173448,0.2549324035644531,0.016828599997097626
YOLOv8n,train_S2A_MSIL2A_20200115T140641_N0213_R110_T21LUH_20200115T163049_04_14.png,0.0,0.0,0.0,0.0,0.7066192626953125,0.017112100002123043
YOLOv8n,train_S2A_MSIL2A_20200115T140641_N0213_R110_T21LUH_20200115T163049_04_15.png,0.38279788691058503,0.5536570319265142,0.42100008176931586,0.8083759596076454,0.39832305908203125,0.017835899983765557
YOLOv8n,train_S2A_MSIL2A_20200115T140641_N0213_R110_T21LUH_20200115T163049_05_02.png,0.0,0.0,0.0,0.0,0.752685546875,0.016319600021233782
YOLOv8n,train_S2A_MSIL2A_20200115T140641_N0213_R110_T21LUH_20200115T163049_05_03.png,0.0,0.0,0.0,0.0,0.8507347106933594,0.017185599979711697
YOLOv8n,train_S2A_MSIL2A_20200115T140641_N0213_R110_T21LUH_20200115T163049_05_06.png,0.0,0.0,0.0,0.0,0.8393707275390625,0.01691419997951016
YOLOv8n,train_S2A_MSIL2A_20200115T140641_N0213_R110_T21LUH_20200115T163049_05_08.png,0.0,0.0,0.0,0.0,0.36643218994140625,0.016894199972739443
YOLOv8n,train_S2A_MSIL2A_20200115T140641_N0213_R110_T21LUH_20200115T163049_05_09.png,0.0,0.0,0.0,0.0,0.5567665100097656,0.01726079999934882
YOLOv8n,train_S2A_MSIL2A_20200115T140641_N0213_R110_T21LUH_20200115T163049_05_10.png,0.0,0.0,0.0,0.0,0.3947296142578125,0.017108799976995215
YOLOv8n,train_S2A_MSIL2A_20200115T140641_N0213_R110_T21LUH_20200115T163049_06_06.png,0.0,0.0,0.0,0.0,0.85540771484375,0.016350300022168085
YOLOv8n,train_S2A_MSIL2A_20200115T140641_N0213_R110_T21LUH_20200115T163049_06_09.png,0.0,0.0,0.0,0.0,0.7356643676757812,0.01653170000645332
YOLOv8n,train_S2A_MSIL2A_20200115T140641_N0213_R110_T21LUH_20200115T163049_07_04.png,0.0,0.0,0.0,0.0,0.9059982299804688,0.019380399986403063
YOLOv8n,train_S2A_MSIL2A_20200115T140641_N0213_R110_T21LUH_20200115T163049_07_06.png,0.0,0.0,0.0,0.0,0.8539352416992188,0.017898099991725758
YOLOv8n,train_S2A_MSIL2A_20200115T140641_N0213_R110_T21LUH_20200115T163049_07_13.png,0.18442340277085617,0.3114146551637085,0.20267972939815626,0.6718566179140463,0.21963882446289062,0.019022699998458847
YOLOv8n,train_S2A_MSIL2A_20200115T140641_N0213_R110_T21LUH_20200115T163049_08_03.png,0.0,0.0,0.0,0.0,0.8485450744628906,0.017470499995397404
YOLOv8n,train_S2A_MSIL2A_20200115T140641_N0213_R110_T21LUH_20200115T163049_08_04.png,0.0,0.0,0.0,0.0,0.8818855285644531,0.01743719997466542
YOLOv8n,train_S2A_MSIL2A_20200115T140641_N0213_R110_T21LUH_20200115T163049_08_05.png,0.0,0.0,0.0,0.0,0.7808609008789062,0.017678800009889528
YOLOv8n,train_S2A_MSIL2A_20200115T140641_N0213_R110_T21LUH_20200115T163049_08_06.png,0.0,0.0,0.0,0.0,0.8946342468261719,0.020625699980882928
YOLOv8n,train_S2A_MSIL2A_20200115T140641_N0213_R110_T21LUH_20200115T163049_09_06.png,0.0,0.0,0.0,0.0,0.8294334411621094,0.01747270001214929
YOLOv8n,train_S2A_MSIL2A_20200115T140641_N0213_R110_T21LUH_20200115T163049_16_11.png,0.0,0.0,0.0,0.0,0.6166152954101562,0.01995300000999123
YOLOv8n,train_S2A_MSIL2A_20200217T141651_N0209_R010_T20LQN_20200217T160045_02_11.png,0.0,0.0,0.0,0.0,0.08388519287109375,0.017857300001196563
YOLOv8n,train_S2A_MSIL2A_20200217T141651_N0209_R010_T20LQN_20200217T160045_02_15.png,0.0,0.0,0.0,0.0,0.3261451721191406,0.01854550000280142
YOLOv8n,train_S2A_MSIL2A_20200217T141651_N0209_R010_T20LQN_20200217T160045_02_16.png,0.0,0.0,0.0,0.0,0.22451400756835938,0.015392800007248297
YOLOv8n,train_S2A_MSIL2A_20200217T141651_N0209_R010_T20LQN_20200217T160045_02_17.png,0.0,0.0,0.0,0.0,0.23914337158203125,0.0159568999952171
YOLOv8n,train_S2A_MSIL2A_20200217T141651_N0209_R010_T20LQN_20200217T160045_02_21.png,0.0,0.0,0.0,0.0,0.18035125732421875,0.014850599982310086
YOLOv8n,train_S2A_MSIL2A_20200217T141651_N0209_R010_T20LQN_20200217T160045_03_02.png,0.0,0.0,0.0,0.0,0.046100616455078125,0.016683800000464544
YOLOv8n,train_S2A_MSIL2A_20200217T141651_N0209_R010_T20LQN_20200217T160045_03_13.png,0.0,0.0,0.0,0.0,0.14628219604492188,0.017165299999760464
YOLOv8n,train_S2A_MSIL2A_20200217T141651_N0209_R010_T20LQN_20200217T160045_03_14.png,0.0,0.0,0.0,0.0,0.21979522705078125,0.021554800012381747
YOLOv8n,train_S2A_MSIL2A_20200217T141651_N0209_R010_T20LQN_20200217T160045_03_15.png,0.0,0.0,0.0,0.0,0.1883392333984375,0.019990499975392595
YOLOv8n,train_S2A_MSIL2A_20200217T141651_N0209_R010_T20LQN_20200217T160045_03_17.png,0.0,0.0,0.0,0.0,0.2412872314453125,0.01590629998827353
YOLOv8n,train_S2A_MSIL2A_20200217T141651_N0209_R010_T20LQN_20200217T160045_03_19.png,0.0,0.0,0.0,0.0,0.11525726318359375,0.018363800016231835
YOLOv8n,train_S2A_MSIL2A_20200217T141651_N0209_R010_T20LQN_20200217T160045_03_21.png,0.0,0.0,0.0,0.0,0.16643142700195312,0.016252400004304945
YOLOv8n,train_S2A_MSIL2A_20200217T141651_N0209_R010_T20LQN_20200217T160045_04_15.png,0.0,0.0,0.0,0.0,0.2323150634765625,0.020159299980150536
YOLOv8n,train_S2A_MSIL2A_20200217T141651_N0209_R010_T20LQN_20200217T160045_04_16.png,0.0,0.0,0.0,0.0,0.12780380249023438,0.01711980000254698
YOLOv8n,train_S2A_MSIL2A_20200217T141651_N0209_R010_T20LQN_20200217T160045_04_17.png,0.0,0.0,0.0,0.0,0.30376434326171875,0.016458400001283735
YOLOv8n,train_S2A_MSIL2A_20200217T141651_N0209_R010_T20LQN_20200217T160045_04_21.png,0.0,0.0,0.0,0.0,0.165802001953125,0.01606480000191368
YOLOv8n,train_S2A_MSIL2A_20200217T141651_N0209_R010_T20LQN_20200217T160045_05_01.png,0.0,0.0,0.0,0.0,0.023708343505859375,0.017909100017277524
YOLOv8n,train_S2A_MSIL2A_20200217T141651_N0209_R010_T20LQN_20200217T160045_05_16.png,0.0,0.0,0.0,0.0,0.10461044311523438,0.01588279998395592
YOLOv8n,train_S2A_MSIL2A_20200217T141651_N0209_R010_T20LQN_20200217T160045_05_17.png,0.0,0.0,0.0,0.0,0.21310806274414062,0.015714300010586157
YOLOv8n,train_S2A_MSIL2A_20200217T141651_N0209_R010_T20LQN_20200217T160045_05_18.png,0.0,0.0,0.0,0.0,0.2457122802734375,0.016331299993908033
YOLOv8n,train_S2A_MSIL2A_20200217T141651_N0209_R010_T20LQN_20200217T160045_05_20.png,0.0,0.0,0.0,0.0,0.13541793823242188,0.015682099998230115
YOLOv8n,train_S2A_MSIL2A_20200217T141651_N0209_R010_T20LQN_20200217T160045_05_21.png,0.0,0.0,0.0,0.0,0.08465957641601562,0.01461300000664778
YOLOv8n,train_S2A_MSIL2A_20200217T141651_N0209_R010_T20LQN_20200217T160045_06_01.png,0.0,0.0,0.0,0.0,0.013675689697265625,0.015600200014887378
YOLOv8n,train_S2A_MSIL2A_20200217T141651_N0209_R010_T20LQN_20200217T160045_06_13.png,0.0,0.0,0.0,0.0,0.149871826171875,0.015253999998094514
YOLOv8n,train_S2A_MSIL2A_20200217T141651_N0209_R010_T20LQN_20200217T160045_06_14.png,0.0063778335671564644,0.012674829183289769,0.9122112211221122,0.0063817505945371845,0.17867279052734375,0.016618199995718896
YOLOv8n,train_S2A_MSIL2A_20200217T141651_N0209_R010_T20LQN_20200217T160045_06_16.png,0.0,0.0,0.0,0.0,0.1207733154296875,0.01795569999376312
YOLOv8n,train_S2A_MSIL2A_20200217T141651_N0209_R010_T20LQN_20200217T160045_06_17.png,0.0,0.0,0.0,0.0,0.15506362915039062,0.017445400008000433
YOLOv8n,train_S2A_MSIL2A_20200217T141651_N0209_R010_T20LQN_20200217T160045_06_18.png,0.0,0.0,0.0,0.0,0.2757377624511719,0.01598480000393465
YOLOv8n,train_S2A_MSIL2A_20200217T141651_N0209_R010_T20LQN_20200217T160045_06_19.png,0.0,0.0,0.0,0.0,0.18827438354492188,0.018135099991923198
YOLOv8n,train_S2A_MSIL2A_20200217T141651_N0209_R010_T20LQN_20200217T160045_06_20.png,0.0,0.0,0.0,0.0,0.07634353637695312,0.016760700003942475
YOLOv8n,train_S2A_MSIL2A_20200217T141651_N0209_R010_T20LQN_20200217T160045_07_01.png,0.0,0.0,0.0,0.0,0.019489288330078125,0.014261500007705763
YOLOv8n,train_S2A_MSIL2A_20200217T141651_N0209_R010_T20LQN_20200217T160045_07_03.png,0.0,0.0,0.0,0.0,0.6674003601074219,0.016746300010709092
YOLOv8n,train_S2A_MSIL2A_20200217T141651_N0209_R010_T20LQN_20200217T160045_07_04.png,0.0,0.0,0.0,0.0,0.5941619873046875,0.01876330000231974
YOLOv8n,train_S2A_MSIL2A_20200217T141651_N0209_R010_T20LQN_20200217T160045_07_09.png,0.0,0.0,0.0,0.0,0.5820693969726562,0.02103149998583831
YOLOv8n,train_S2A_MSIL2A_20200217T141651_N0209_R010_T20LQN_20200217T160045_07_16.png,0.0,0.0,0.0,0.0,0.15284347534179688,0.01985789998434484
YOLOv8n,train_S2A_MSIL2A_20200217T141651_N0209_R010_T20LQN_20200217T160045_07_18.png,0.0,0.0,0.0,0.0,0.11272430419921875,0.015892600000370294
YOLOv8n,train_S2A_MSIL2A_20200217T141651_N0209_R010_T20LQN_20200217T160045_07_19.png,0.0,0.0,0.0,0.0,0.0860748291015625,0.020342100004199892
YOLOv8n,train_S2A_MSIL2A_20200217T141651_N0209_R010_T20LQN_20200217T160045_07_20.png,0.0,0.0,0.0,0.0,0.07149124145507812,0.016879499977221712
YOLOv8n,train_S2A_MSIL2A_20200217T141651_N0209_R010_T20LQN_20200217T160045_07_21.png,0.0,0.0,0.0,0.0,0.00902557373046875,0.017973700014408678
YOLOv8n,train_S2A_MSIL2A_20200217T141651_N0209_R010_T20LQN_20200217T160045_08_01.png,0.0,0.0,0.0,0.0,0.05231475830078125,0.014962299988837913
YOLOv8n,train_S2A_MSIL2A_20200217T141651_N0209_R010_T20LQN_20200217T160045_08_05.png,0.0,0.0,0.0,0.0,0.6326637268066406,0.018225999985588714
YOLOv8n,train_S2A_MSIL2A_20200217T141651_N0209_R010_T20LQN_20200217T160045_08_15.png,0.0,0.0,0.0,0.0,0.11957931518554688,0.017346899985568598
YOLOv8n,train_S2A_MSIL2A_20200217T141651_N0209_R010_T20LQN_20200217T160045_08_16.png,0.0,0.0,0.0,0.0,0.14166641235351562,0.018800799996824935
YOLOv8n,train_S2A_MSIL2A_20200217T141651_N0209_R010_T20LQN_20200217T160045_08_17.png,0.0,0.0,0.0,0.0,0.08797454833984375,0.01743859998532571
YOLOv8n,train_S2A_MSIL2A_20200217T141651_N0209_R010_T20LQN_20200217T160045_08_19.png,0.0,0.0,0.0,0.0,0.06853485107421875,0.019697500014444813
YOLOv8n,train_S2A_MSIL2A_20200217T141651_N0209_R010_T20LQN_20200217T160045_08_20.png,0.0,0.0,0.0,0.0,0.11135101318359375,0.022648300015134737
YOLOv8n,train_S2A_MSIL2A_20200217T141651_N0209_R010_T20LQN_20200217T160045_08_21.png,0.0,0.0,0.0,0.0,0.06832122802734375,0.015377899981103837
YOLOv8n,train_S2A_MSIL2A_20200217T141651_N0209_R010_T20LQN_20200217T160045_09_03.png,0.0,0.0,0.0,0.0,0.7809410095214844,0.0188520000083372
YOLOv8n,train_S2A_MSIL2A_20200217T141651_N0209_R010_T20LQN_20200217T160045_09_09.png,0.0,0.0,0.0,0.0,0.3722991943359375,0.01697039999999106
YOLOv8n,train_S2A_MSIL2A_20200217T141651_N0209_R010_T20LQN_20200217T160045_09_10.png,0.0,0.0,0.0,0.0,0.166259765625,0.016013899992685765
YOLOv8n,train_S2A_MSIL2A_20200217T141651_N0209_R010_T20LQN_20200217T160045_09_13.png,0.0,0.0,0.0,0.0,0.20078277587890625,0.016403999994508922
YOLOv8n,train_S2A_MSIL2A_20200217T141651_N0209_R010_T20LQN_20200217T160045_09_16.png,0.0,0.0,0.0,0.0,0.16383743286132812,0.016164899978321046
YOLOv8n,train_S2A_MSIL2A_20200217T141651_N0209_R010_T20LQN_20200217T160045_09_17.png,0.0,0.0,0.0,0.0,0.07339096069335938,0.01577919998089783
YOLOv8n,train_S2A_MSIL2A_20200217T141651_N0209_R010_T20LQN_20200217T160045_09_20.png,0.006915188633601208,0.013735394423804892,1.0,0.006915188633601208,0.036922454833984375,0.016166899993550032
YOLOv8n,train_S2A_MSIL2A_20200217T141651_N0209_R010_T20LQN_20200217T160045_10_08.png,0.0,0.0,0.0,0.0,0.5512657165527344,0.01977820001775399
YOLOv8n,train_S2A_MSIL2A_20200217T141651_N0209_R010_T20LQN_20200217T160045_10_09.png,0.0,0.0,0.0,0.0,0.5527610778808594,0.01888730001519434
YOLOv8n,train_S2A_MSIL2A_20200217T141651_N0209_R010_T20LQN_20200217T160045_10_12.png,0.0,0.0,0.0,0.0,0.10916519165039062,0.01602350000757724
YOLOv8n,train_S2A_MSIL2A_20200217T141651_N0209_R010_T20LQN_20200217T160045_10_13.png,0.0,0.0,0.0,0.0,0.0510101318359375,0.01484429999254644
YOLOv8n,train_S2A_MSIL2A_20200217T141651_N0209_R010_T20LQN_20200217T160045_11_06.png,0.0,0.0,0.0,0.0,0.6334953308105469,0.01788459997624159
YOLOv8n,train_S2A_MSIL2A_20200217T141651_N0209_R010_T20LQN_20200217T160045_11_09.png,0.0,0.0,0.0,0.0,0.6861228942871094,0.018566099985037
YOLOv8n,train_S2A_MSIL2A_20200217T141651_N0209_R010_T20LQN_20200217T160045_11_16.png,0.0,0.0,0.0,0.0,0.18502426147460938,0.016440700012026355
YOLOv8n,train_S2A_MSIL2A_20200217T141651_N0209_R010_T20LQN_20200217T160045_12_01.png,0.0,0.0,0.0,0.0,0.8796463012695312,0.01762969998526387
YOLOv8n,train_S2A_MSIL2A_20200217T141651_N0209_R010_T20LQN_20200217T160045_12_02.png,0.0,0.0,0.0,0.0,0.8058967590332031,0.017619899997953326
YOLOv8n,train_S2A_MSIL2A_20200217T141651_N0209_R010_T20LQN_20200217T160045_12_05.png,0.0,0.0,0.0,0.0,0.6573333740234375,0.017320799990557134
YOLOv8n,train_S2A_MSIL2A_20200217T141651_N0209_R010_T20LQN_20200217T160045_12_12.png,0.0,0.0,0.0,0.0,0.0946197509765625,0.015526199975283816
YOLOv8n,train_S2A_MSIL2A_20200217T141651_N0209_R010_T20LQN_20200217T160045_12_13.png,0.0,0.0,0.0,0.0,0.22690200805664062,0.01605899998685345
YOLOv8n,train_S2A_MSIL2A_20200217T141651_N0209_R010_T20LQN_20200217T160045_12_14.png,0.0,0.0,0.0,0.0,0.23343658447265625,0.016274299996439368
YOLOv8n,train_S2A_MSIL2A_20200217T141651_N0209_R010_T20LQN_20200217T160045_12_17.png,0.0,0.0,0.0,0.0,0.11527252197265625,0.015835900005185977
YOLOv8n,train_S2A_MSIL2A_20200217T141651_N0209_R010_T20LQN_20200217T160045_12_18.png,0.009766081324822668,0.019343254849696432,0.9952380952380953,0.009766537692293313,0.1916046142578125,0.023002300004009157
YOLOv8n,train_S2A_MSIL2A_20200217T141651_N0209_R010_T20LQN_20200217T160045_13_02.png,0.0,0.0,0.0,0.0,0.8039321899414062,0.017741100018611178
YOLOv8n,train_S2A_MSIL2A_20200217T141651_N0209_R010_T20LQN_20200217T160045_13_03.png,2.163261332785307e-05,4.326429073603374e-05,0.003372681281618887,2.1771788116958046e-05,0.6473274230957031,0.020195199991576374
YOLOv8n,train_S2A_MSIL2A_20200217T141651_N0209_R010_T20LQN_20200217T160045_13_04.png,0.00031241213408728796,0.0006246291264561666,0.011318619128466326,0.0003211767917650271,0.7558670043945312,0.024226899986388162
YOLOv8n,train_S2A_MSIL2A_20200217T141651_N0209_R010_T20LQN_20200217T160045_13_10.png,0.0,0.0,0.0,0.0,0.5954322814941406,0.027930599986575544
YOLOv8n,train_S2A_MSIL2A_20200217T141651_N0209_R010_T20LQN_20200217T160045_13_13.png,0.0,0.0,0.0,0.0,0.2628364562988281,0.020378399989567697
YOLOv8n,train_S2A_MSIL2A_20200217T141651_N0209_R010_T20LQN_20200217T160045_13_15.png,0.0,0.0,0.0,0.0,0.12699127197265625,0.016895799984922633
YOLOv8n,train_S2A_MSIL2A_20200217T141651_N0209_R010_T20LQN_20200217T160045_13_17.png,0.0,0.0,0.0,0.0,0.19085311889648438,0.01873070001602173
YOLOv8n,train_S2A_MSIL2A_20200217T141651_N0209_R010_T20LQN_20200217T160045_13_18.png,0.0,0.0,0.0,0.0,0.05328369140625,0.018624499993165955
YOLOv8n,train_S2A_MSIL2A_20200217T141651_N0209_R010_T20LQN_20200217T160045_14_02.png,0.0,0.0,0.0,0.0,0.8634796142578125,0.01871139998547733
YOLOv8n,train_S2A_MSIL2A_20200217T141651_N0209_R010_T20LQN_20200217T160045_14_03.png,0.0,0.0,0.0,0.0,0.8716583251953125,0.02574559999629855
YOLOv8n,train_S2A_MSIL2A_20200217T141651_N0209_R010_T20LQN_20200217T160045_14_08.png,0.0,0.0,0.0,0.0,0.7591972351074219,0.02604390002670698
YOLOv8n,train_S2A_MSIL2A_20200217T141651_N0209_R010_T20LQN_20200217T160045_14_18.png,0.0,0.0,0.0,0.0,0.0426025390625,0.014990299998316914
YOLOv8n,train_S2A_MSIL2A_20200217T141651_N0209_R010_T20LQN_20200217T160045_14_19.png,0.0,0.0,0.0,0.0,0.039928436279296875,0.01985050001530908
YOLOv8n,train_S2A_MSIL2A_20200217T141651_N0209_R010_T20LQN_20200217T160045_14_20.png,0.0,0.0,0.0,0.0,0.13994979858398438,0.026231199997710064
YOLOv8n,train_S2A_MSIL2A_20200217T141651_N0209_R010_T20LQN_20200217T160045_14_21.png,0.0,0.0,0.0,0.0,0.14078521728515625,0.02136610000161454
YOLOv8n,train_S2A_MSIL2A_20200217T141651_N0209_R010_T20LQN_20200217T160045_15_09.png,0.0,0.0,0.0,0.0,0.6807937622070312,0.020925000018905848
YOLOv8n,train_S2A_MSIL2A_20200217T141651_N0209_R010_T20LQN_20200217T160045_15_12.png,0.0,0.0,0.0,0.0,0.5440826416015625,0.01719259997480549
YOLOv8n,train_S2A_MSIL2A_20200217T141651_N0209_R010_T20LQN_20200217T160045_15_17.png,0.0,0.0,0.0,0.0,0.026210784912109375,0.015310000017052516
YOLOv8n,train_S2A_MSIL2A_20200217T141651_N0209_R010_T20LQN_20200217T160045_15_18.png,0.0,0.0,0.0,0.0,0.0679779052734375,0.015452899999218062
YOLOv8n,train_S2A_MSIL2A_20200217T141651_N0209_R010_T20LQN_20200217T160045_15_20.png,0.0,0.0,0.0,0.0,0.059146881103515625,0.019741399999475107
YOLOv8n,train_S2A_MSIL2A_20200217T141651_N0209_R010_T20LQN_20200217T160045_16_09.png,0.0,0.0,0.0,0.0,0.8130912780761719,0.022098499990534037
YOLOv8n,train_S2A_MSIL2A_20200217T141651_N0209_R010_T20LQN_20200217T160045_16_12.png,0.0,0.0,0.0,0.0,0.5436286926269531,0.02605720001156442
YOLOv8n,train_S2A_MSIL2A_20200217T141651_N0209_R010_T20LQN_20200217T160045_16_15.png,0.0,0.0,0.0,0.0,0.525665283203125,0.026170500001171604
YOLOv8n,train_S2A_MSIL2A_20200217T141651_N0209_R010_T20LQN_20200217T160045_16_16.png,0.0,0.0,0.0,0.0,0.274932861328125,0.018151500000385568
YOLOv8n,train_S2A_MSIL2A_20200217T141651_N0209_R010_T20LQN_20200217T160045_16_17.png,0.0,0.0,0.0,0.0,0.056766510009765625,0.01535540001350455
YOLOv8n,train_S2A_MSIL2A_20200217T141651_N0209_R010_T20LQN_20200217T160045_17_14.png,0.0,0.0,0.0,0.0,0.4496421813964844,0.025697900011437014
YOLOv8n,train_S2A_MSIL2A_20200217T141651_N0209_R010_T20LQN_20200217T160045_17_16.png,0.6811162576409514,0.8103142831974474,0.7613376677717338,0.8660254298013003,0.70428466796875,0.026905099977739155
YOLOv8n,train_S2A_MSIL2A_20200217T141651_N0209_R010_T20LQN_20200217T160045_17_18.png,0.0,0.0,0.0,0.0,0.06982803344726562,0.023981800011824816
YOLOv8n,train_S2A_MSIL2A_20200217T141651_N0209_R010_T20LQN_20200217T160045_17_19.png,0.0,0.0,0.0,0.0,0.12207794189453125,0.02586730002076365
YOLOv8n,train_S2A_MSIL2A_20200217T141651_N0209_R010_T20LQN_20200217T160045_18_04.png,0.0,0.0,0.0,0.0,0.3969535827636719,0.02838759997393936
YOLOv8n,train_S2A_MSIL2A_20200217T141651_N0209_R010_T20LQN_20200217T160045_18_05.png,0.0,0.0,0.0,0.0,0.5260658264160156,0.028355800022836775
YOLOv8n,train_S2A_MSIL2A_20200217T141651_N0209_R010_T20LQN_20200217T160045_18_06.png,0.0,0.0,0.0,0.0,0.5590553283691406,0.027082000015070662
YOLOv8n,train_S2A_MSIL2A_20200217T141651_N0209_R010_T20LQN_20200217T160045_18_14.png,0.0,0.0,0.0,0.0,0.3213691711425781,0.017411400011042133
YOLOv8n,train_S2A_MSIL2A_20200217T141651_N0209_R010_T20LQN_20200217T160045_18_17.png,0.0,0.0,0.0,0.0,0.13976287841796875,0.016264300007605925
YOLOv8n,train_S2A_MSIL2A_20200217T141651_N0209_R010_T20LQN_20200217T160045_19_05.png,0.0,0.0,0.0,0.0,0.21307754516601562,0.0209644999995362
YOLOv8n,train_S2A_MSIL2A_20200217T141651_N0209_R010_T20LQN_20200217T160045_19_10.png,0.00013903822624300176,0.0002780377946042132,0.0203527815468114,0.00013997499113491723,0.5885124206542969,0.029480500001227483
YOLOv8n,train_S2A_MSIL2A_20200217T141651_N0209_R010_T20LQN_20200217T160045_19_11.png,0.0,0.0,0.0,0.0,0.5883712768554688,0.024884599988581613
YOLOv8n,train_S2A_MSIL2A_20200217T141651_N0209_R010_T20LQN_20200217T160045_20_01.png,0.09062631679754836,0.16619132584964244,0.8872637263726373,0.0916820387220784,0.547210693359375,0.022879399999510497
YOLOv8n,train_S2A_MSIL2A_20200217T141651_N0209_R010_T20LQN_20200217T160045_20_05.png,0.0,0.0,0.0,0.0,0.5764923095703125,0.02655330000561662
YOLOv8n,train_S2A_MSIL2A_20200217T141651_N0209_R010_T20LQN_20200217T160045_20_09.png,0.0,0.0,0.0,0.0,0.5911979675292969,0.028364400001009926
YOLOv8n,train_S2A_MSIL2A_20200217T141651_N0209_R010_T20LQN_20200217T160045_20_10.png,0.0,0.0,0.0,0.0,0.30605316162109375,0.028379299998050556
YOLOv8n,train_S2A_MSIL2A_20200217T141651_N0209_R010_T20LQN_20200217T160045_20_12.png,0.3617396138802645,0.5312904320224493,0.5598456066362485,0.505506830877646,0.3781280517578125,0.020951000013155863
YOLOv8n,train_S2A_MSIL2A_20200217T141651_N0209_R010_T20LQN_20200217T160045_20_13.png,0.0,0.0,0.0,0.0,0.3450202941894531,0.01921630001743324
YOLOv8n,train_S2A_MSIL2A_20200217T141651_N0209_R010_T20LQN_20200217T160045_20_17.png,0.0,0.0,0.0,0.0,0.08885955810546875,0.022067499987315387
YOLOv8n,train_S2A_MSIL2A_20200217T141651_N0209_R010_T20LQN_20200217T160045_21_01.png,0.0,0.0,0.0,0.0,0.5198173522949219,0.026618899981258437
YOLOv8n,train_S2A_MSIL2A_20200217T141651_N0209_R010_T20LQN_20200217T160045_21_02.png,0.06848588936242393,0.12819240767566925,0.9198348284209027,0.06889711293367319,0.6648178100585938,0.02724060000036843
YOLOv8n,train_S2A_MSIL2A_20200217T141651_N0209_R010_T20LQN_20200217T160045_21_03.png,0.15790155440414508,0.272737442666965,0.9213907785336357,0.16005777310924368,0.8264045715332031,0.02672829999937676
YOLOv8n,train_S2A_MSIL2A_20200217T141651_N0209_R010_T20LQN_20200217T160045_21_04.png,0.01874234857464876,0.036795071100895554,0.8976268031642625,0.01878249693287375,0.6147422790527344,0.02108599999337457
YOLOv8n,train_S2A_MSIL2A_20200217T141651_N0209_R010_T20LQN_20200217T160045_21_05.png,0.050231358766435634,0.09565770122392003,0.740401311981478,0.0511318969767225,0.44641876220703125,0.02180469999439083
YOLOv8n,train_S2A_MSIL2A_20200217T141651_N0209_R010_T20LQN_20200217T160045_21_06.png,0.0,0.0,0.0,0.0,0.697509765625,0.022451299999374896
YOLOv8n,train_S2A_MSIL2A_20200217T141651_N0209_R010_T20LQN_20200217T160045_21_07.png,0.0,0.0,0.0,0.0,0.5637054443359375,0.01952329999767244
YOLOv8n,train_S2A_MSIL2A_20200217T141651_N0209_R010_T20LQN_20200217T160045_21_08.png,0.0,0.0,0.0,0.0,0.3825111389160156,0.021049499977380037
YOLOv8n,train_S2A_MSIL2A_20200217T141651_N0209_R010_T20LQN_20200217T160045_21_12.png,0.0,0.0,0.0,0.0,0.62060546875,0.020158100000116974
YOLOv8n,train_S2A_MSIL2A_20200818T142741_N0214_R053_T20LMP_20200818T165705_01_08.png,0.0,0.0,0.0,0.0,0.7897834777832031,0.020706299983430654
YOLOv8n,train_S2A_MSIL2A_20200818T142741_N0214_R053_T20LMP_20200818T165705_01_09.png,0.0,0.0,0.0,0.0,0.6376495361328125,0.022402300004614517
YOLOv8n,train_S2A_MSIL2A_20200818T142741_N0214_R053_T20LMP_20200818T165705_01_10.png,0.0,0.0,0.0,0.0,0.46340179443359375,0.021215899992967024
YOLOv8n,train_S2A_MSIL2A_20200818T142741_N0214_R053_T20LMP_20200818T165705_01_12.png,0.0,0.0,0.0,0.0,0.8159294128417969,0.02638890000525862
YOLOv8n,train_S2A_MSIL2A_20200818T142741_N0214_R053_T20LMP_20200818T165705_01_13.png,0.0,0.0,0.0,0.0,0.7453193664550781,0.02015850000316277
YOLOv8n,train_S2A_MSIL2A_20200818T142741_N0214_R053_T20LMP_20200818T165705_01_14.png,0.0,0.0,0.0,0.0,0.6770820617675781,0.021575900027528405
YOLOv8n,train_S2A_MSIL2A_20200818T142741_N0214_R053_T20LMP_20200818T165705_01_15.png,0.0,0.0,0.0,0.0,0.6736373901367188,0.019904999993741512
YOLOv8n,train_S2A_MSIL2A_20200818T142741_N0214_R053_T20LMP_20200818T165705_01_16.png,0.0,0.0,0.0,0.0,0.6899566650390625,0.023272399994311854
YOLOv8n,train_S2A_MSIL2A_20200818T142741_N0214_R053_T20LMP_20200818T165705_01_17.png,0.0,0.0,0.0,0.0,0.8341331481933594,0.019811200007097796
YOLOv8n,train_S2A_MSIL2A_20200818T142741_N0214_R053_T20LMP_20200818T165705_01_19.png,0.3180518850115959,0.4826090514772076,0.3195080324005093,0.9858731087519853,0.324737548828125,0.020974700018996373
YOLOv8n,train_S2A_MSIL2A_20200818T142741_N0214_R053_T20LMP_20200818T165705_01_21.png,0.0,0.0,0.0,0.0,0.6336860656738281,0.019089999987045303
YOLOv8n,train_S2A_MSIL2A_20200818T142741_N0214_R053_T20LMP_20200818T165705_02_01.png,0.0,0.0,0.0,0.0,0.822479248046875,0.020768299989867955
YOLOv8n,train_S2A_MSIL2A_20200818T142741_N0214_R053_T20LMP_20200818T165705_02_02.png,0.0,0.0,0.0,0.0,0.8314247131347656,0.02566730001126416
YOLOv8n,train_S2A_MSIL2A_20200818T142741_N0214_R053_T20LMP_20200818T165705_02_05.png,0.0,0.0,0.0,0.0,0.644073486328125,0.02266829999280162
YOLOv8n,train_S2A_MSIL2A_20200818T142741_N0214_R053_T20LMP_20200818T165705_02_06.png,0.0,0.0,0.0,0.0,0.6773529052734375,0.02163880001171492
YOLOv8n,train_S2A_MSIL2A_20200818T142741_N0214_R053_T20LMP_20200818T165705_02_08.png,0.0,0.0,0.0,0.0,0.711700439453125,0.02502709999680519
YOLOv8n,train_S2A_MSIL2A_20200818T142741_N0214_R053_T20LMP_20200818T165705_02_11.png,0.0,0.0,0.0,0.0,0.7905540466308594,0.021004999987781048
YOLOv8n,train_S2A_MSIL2A_20200818T142741_N0214_R053_T20LMP_20200818T165705_02_13.png,0.0,0.0,0.0,0.0,0.8798561096191406,0.02093779999995604
YOLOv8n,train_S2A_MSIL2A_20200818T142741_N0214_R053_T20LMP_20200818T165705_02_14.png,0.0,0.0,0.0,0.0,0.8079566955566406,0.020511800015810877
YOLOv8n,train_S2A_MSIL2A_20200818T142741_N0214_R053_T20LMP_20200818T165705_02_15.png,0.0,0.0,0.0,0.0,0.7434310913085938,0.02078230000915937
YOLOv8n,train_S2A_MSIL2A_20200818T142741_N0214_R053_T20LMP_20200818T165705_02_16.png,0.0,0.0,0.0,0.0,0.7386932373046875,0.020726999995531514
YOLOv8n,train_S2A_MSIL2A_20200818T142741_N0214_R053_T20LMP_20200818T165705_02_17.png,0.0,0.0,0.0,0.0,0.7889480590820312,0.021370300004491583
YOLOv8n,train_S2A_MSIL2A_20200818T142741_N0214_R053_T20LMP_20200818T165705_02_19.png,0.5573287491783914,0.7157496443476362,0.5897921064663936,0.9101164920287027,0.6326141357421875,0.021489700011443347
YOLOv8n,train_S2A_MSIL2A_20200818T142741_N0214_R053_T20LMP_20200818T165705_02_20.png,0.0,0.0,0.0,0.0,0.8156051635742188,0.021703300008084625
YOLOv8n,train_S2A_MSIL2A_20200818T142741_N0214_R053_T20LMP_20200818T165705_02_21.png,0.0,0.0,0.0,0.0,0.7496109008789062,0.021869399992283434
YOLOv8n,train_S2A_MSIL2A_20200818T142741_N0214_R053_T20LMP_20200818T165705_03_01.png,0.0,0.0,0.0,0.0,0.744354248046875,0.024339000025065616
YOLOv8n,train_S2A_MSIL2A_20200818T142741_N0214_R053_T20LMP_20200818T165705_03_02.png,0.0,0.0,0.0,0.0,0.7392005920410156,0.022471000003861263
YOLOv8n,train_S2A_MSIL2A_20200818T142741_N0214_R053_T20LMP_20200818T165705_03_03.png,0.0,0.0,0.0,0.0,0.8417091369628906,0.021149300009710714
YOLOv8n,train_S2A_MSIL2A_20200818T142741_N0214_R053_T20LMP_20200818T165705_03_04.png,0.0,0.0,0.0,0.0,0.7581748962402344,0.021126700012246147
YOLOv8n,train_S2A_MSIL2A_20200818T142741_N0214_R053_T20LMP_20200818T165705_03_06.png,0.0,0.0,0.0,0.0,0.8368301391601562,0.021112399990670383
YOLOv8n,train_S2A_MSIL2A_20200818T142741_N0214_R053_T20LMP_20200818T165705_03_10.png,0.0,0.0,0.0,0.0,0.4813041687011719,0.02229540000553243
YOLOv8n,train_S2A_MSIL2A_20200818T142741_N0214_R053_T20LMP_20200818T165705_03_11.png,0.0,0.0,0.0,0.0,0.6892509460449219,0.021190600004047155
YOLOv8n,train_S2A_MSIL2A_20200818T142741_N0214_R053_T20LMP_20200818T165705_03_14.png,0.0,0.0,0.0,0.0,0.6418724060058594,0.021500400005606934
YOLOv8n,train_S2A_MSIL2A_20200818T142741_N0214_R053_T20LMP_20200818T165705_03_17.png,0.0,0.0,0.0,0.0,0.7827033996582031,0.02027880001696758
YOLOv8n,train_S2A_MSIL2A_20200818T142741_N0214_R053_T20LMP_20200818T165705_03_20.png,0.14341955934723907,0.25086077664985046,0.14359263699837788,0.9916657646931486,0.16503143310546875,0.026164800015976653
YOLOv8n,train_S2A_MSIL2A_20200818T142741_N0214_R053_T20LMP_20200818T165705_04_01.png,0.0,0.0,0.0,0.0,0.8716087341308594,0.02755649999016896
YOLOv8n,train_S2A_MSIL2A_20200818T142741_N0214_R053_T20LMP_20200818T165705_04_02.png,0.0,0.0,0.0,0.0,0.8450355529785156,0.022583199985092506
YOLOv8n,train_S2A_MSIL2A_20200818T142741_N0214_R053_T20LMP_20200818T165705_04_04.png,0.0,0.0,0.0,0.0,0.8214988708496094,0.020211700000800192
YOLOv8n,train_S2A_MSIL2A_20200818T142741_N0214_R053_T20LMP_20200818T165705_04_05.png,0.21849521940709105,0.3586312296135374,0.21900585810203665,0.9894414050249155,0.22517013549804688,0.022830800007795915
YOLOv8n,train_S2A_MSIL2A_20200818T142741_N0214_R053_T20LMP_20200818T165705_04_07.png,0.0,0.0,0.0,0.0,0.8674812316894531,0.02051420000498183
YOLOv8n,train_S2A_MSIL2A_20200818T142741_N0214_R053_T20LMP_20200818T165705_04_08.png,0.0,0.0,0.0,0.0,0.7550239562988281,0.024515400000382215
YOLOv8n,train_S2A_MSIL2A_20200818T142741_N0214_R053_T20LMP_20200818T165705_04_11.png,0.0,0.0,0.0,0.0,0.7287063598632812,0.020892600005026907
YOLOv8n,train_S2A_MSIL2A_20200818T142741_N0214_R053_T20LMP_20200818T165705_04_12.png,0.0,0.0,0.0,0.0,0.652679443359375,0.022832100017694756
YOLOv8n,train_S2A_MSIL2A_20200818T142741_N0214_R053_T20LMP_20200818T165705_04_13.png,0.0,0.0,0.0,0.0,0.75567626953125,0.01939729999867268
YOLOv8n,train_S2A_MSIL2A_20200818T142741_N0214_R053_T20LMP_20200818T165705_04_14.png,0.020493189881004167,0.040163305515823776,1.0,0.020493189881004167,0.6134605407714844,0.02135460000135936
YOLOv8n,train_S2A_MSIL2A_20200818T142741_N0214_R053_T20LMP_20200818T165705_04_15.png,0.0,0.0,0.0,0.0,0.7728385925292969,0.019798099994659424
YOLOv8n,train_S2A_MSIL2A_20200818T142741_N0214_R053_T20LMP_20200818T165705_04_16.png,0.0,0.0,0.0,0.0,0.7802314758300781,0.02312910000910051
YOLOv8n,train_S2A_MSIL2A_20200818T142741_N0214_R053_T20LMP_20200818T165705_04_18.png,0.0,0.0,0.0,0.0,0.7550926208496094,0.018457700003637
YOLOv8n,train_S2A_MSIL2A_20200818T142741_N0214_R053_T20LMP_20200818T165705_04_20.png,0.0,0.0,0.0,0.0,0.8586807250976562,0.018652500002644956
YOLOv8n,train_S2A_MSIL2A_20200818T142741_N0214_R053_T20LMP_20200818T165705_04_21.png,0.0,0.0,0.0,0.0,0.8154373168945312,0.018700400018133223
YOLOv8n,train_S2A_MSIL2A_20200818T142741_N0214_R053_T20LMP_20200818T165705_05_01.png,0.0,0.0,0.0,0.0,0.8564186096191406,0.02227459999267012
YOLOv8n,train_S2A_MSIL2A_20200818T142741_N0214_R053_T20LMP_20200818T165705_05_02.png,0.0,0.0,0.0,0.0,0.9012489318847656,0.01913329999661073
YOLOv8n,train_S2A_MSIL2A_20200818T142741_N0214_R053_T20LMP_20200818T165705_05_03.png,0.0,0.0,0.0,0.0,0.8471336364746094,0.019451499974820763
YOLOv8n,train_S2A_MSIL2A_20200818T142741_N0214_R053_T20LMP_20200818T165705_05_04.png,0.0,0.0,0.0,0.0,0.8710899353027344,0.019643400009954348
YOLOv8n,train_S2A_MSIL2A_20200818T142741_N0214_R053_T20LMP_20200818T165705_05_05.png,0.02032192720698743,0.03983434377935274,1.0,0.02032192720698743,0.8284225463867188,0.020102899987250566
YOLOv8n,train_S2A_MSIL2A_20200818T142741_N0214_R053_T20LMP_20200818T165705_05_12.png,0.0,0.0,0.0,0.0,0.7802963256835938,0.02220350000425242
YOLOv8n,train_S2A_MSIL2A_20200818T142741_N0214_R053_T20LMP_20200818T165705_05_13.png,0.0,0.0,0.0,0.0,0.8384819030761719,0.03117760000168346
YOLOv8n,train_S2A_MSIL2A_20200818T142741_N0214_R053_T20LMP_20200818T165705_05_14.png,0.0,0.0,0.0,0.0,0.6356010437011719,0.02576340001542121
YOLOv8n,train_S2A_MSIL2A_20200818T142741_N0214_R053_T20LMP_20200818T165705_05_15.png,0.0,0.0,0.0,0.0,0.7363090515136719,0.021672200004104525
YOLOv8n,train_S2A_MSIL2A_20200818T142741_N0214_R053_T20LMP_20200818T165705_05_17.png,0.0,0.0,0.0,0.0,0.8025169372558594,0.023492699983762577
YOLOv8n,train_S2A_MSIL2A_20200818T142741_N0214_R053_T20LMP_20200818T165705_05_20.png,0.0,0.0,0.0,0.0,0.7720451354980469,0.028412100014975294
YOLOv8n,train_S2A_MSIL2A_20200818T142741_N0214_R053_T20LMP_20200818T165705_06_03.png,0.0,0.0,0.0,0.0,0.85235595703125,0.028278499987209216
YOLOv8n,train_S2A_MSIL2A_20200818T142741_N0214_R053_T20LMP_20200818T165705_06_05.png,0.0,0.0,0.0,0.0,0.8445854187011719,0.025784800003748387
YOLOv8n,train_S2A_MSIL2A_20200818T142741_N0214_R053_T20LMP_20200818T165705_06_06.png,0.0,0.0,0.0,0.0,0.9078216552734375,0.019565800001146272
YOLOv8n,train_S2A_MSIL2A_20200818T142741_N0214_R053_T20LMP_20200818T165705_06_07.png,0.0,0.0,0.0,0.0,0.7094268798828125,0.021657399978721514
YOLOv8n,train_S2A_MSIL2A_20200818T142741_N0214_R053_T20LMP_20200818T165705_06_10.png,0.0,0.0,0.0,0.0,0.6767158508300781,0.020489799993811175
YOLOv8n,train_S2A_MSIL2A_20200818T142741_N0214_R053_T20LMP_20200818T165705_06_13.png,0.0,0.0,0.0,0.0,0.8022880554199219,0.019775699998717755
YOLOv8n,train_S2A_MSIL2A_20200818T142741_N0214_R053_T20LMP_20200818T165705_06_15.png,0.0,0.0,0.0,0.0,0.6532821655273438,0.02039010002044961
YOLOv8n,train_S2A_MSIL2A_20200818T142741_N0214_R053_T20LMP_20200818T165705_06_16.png,0.030099221466165744,0.05843946066345876,0.9913469858667436,0.030107131281808707,0.5775146484375,0.022042500000679865
YOLOv8n,train_S2A_MSIL2A_20200818T142741_N0214_R053_T20LMP_20200818T165705_06_17.png,0.0,0.0,0.0,0.0,0.7271537780761719,0.025419199984753504
YOLOv8n,train_S2A_MSIL2A_20200818T142741_N0214_R053_T20LMP_20200818T165705_06_18.png,0.0,0.0,0.0,0.0,0.5188026428222656,0.025532699975883588
YOLOv8n,train_S2A_MSIL2A_20200818T142741_N0214_R053_T20LMP_20200818T165705_06_21.png,0.0,0.0,0.0,0.0,0.8316802978515625,0.020460500003537163
YOLOv8n,train_S2A_MSIL2A_20200818T142741_N0214_R053_T20LMP_20200818T165705_07_01.png,0.0,0.0,0.0,0.0,0.9186439514160156,0.020112100028200075
YOLOv8n,train_S2A_MSIL2A_20200818T142741_N0214_R053_T20LMP_20200818T165705_07_02.png,0.0,0.0,0.0,0.0,0.8647422790527344,0.020272699999623
YOLOv8n,train_S2A_MSIL2A_20200818T142741_N0214_R053_T20LMP_20200818T165705_07_03.png,0.0,0.0,0.0,0.0,0.8994903564453125,0.021106600004713982
YOLOv8n,train_S2A_MSIL2A_20200818T142741_N0214_R053_T20LMP_20200818T165705_07_04.png,0.0,0.0,0.0,0.0,0.7773666381835938,0.026060399977723137
YOLOv8n,train_S2A_MSIL2A_20200818T142741_N0214_R053_T20LMP_20200818T165705_07_05.png,0.0,0.0,0.0,0.0,0.8239364624023438,0.02902159999939613
YOLOv8n,train_S2A_MSIL2A_20200818T142741_N0214_R053_T20LMP_20200818T165705_07_07.png,0.0,0.0,0.0,0.0,0.6457443237304688,0.02829839999321848
YOLOv8n,train_S2A_MSIL2A_20200818T142741_N0214_R053_T20LMP_20200818T165705_07_09.png,0.012429701649032504,0.024554201894288887,1.0,0.012429701649032504,0.8023872375488281,0.025872900005197152
YOLOv8n,train_S2A_MSIL2A_20200818T142741_N0214_R053_T20LMP_20200818T165705_07_10.png,0.0,0.0,0.0,0.0,0.8080101013183594,0.023929899994982406
YOLOv8n,train_S2A_MSIL2A_20200818T142741_N0214_R053_T20LMP_20200818T165705_07_12.png,0.0,0.0,0.0,0.0,0.798919677734375,0.019999200012534857
YOLOv8n,train_S2A_MSIL2A_20200818T142741_N0214_R053_T20LMP_20200818T165705_07_13.png,0.0,0.0,0.0,0.0,0.7176170349121094,0.026549800008069724
YOLOv8n,train_S2A_MSIL2A_20200818T142741_N0214_R053_T20LMP_20200818T165705_07_16.png,0.0,0.0,0.0,0.0,0.6407814025878906,0.030726299999514595
YOLOv8n,train_S2A_MSIL2A_20200818T142741_N0214_R053_T20LMP_20200818T165705_07_18.png,0.0,0.0,0.0,0.0,0.674102783203125,0.023448199994163588
YOLOv8n,train_S2A_MSIL2A_20200818T142741_N0214_R053_T20LMP_20200818T165705_07_19.png,0.0,0.0,0.0,0.0,0.6530532836914062,0.0200741000007838
YOLOv8n,train_S2A_MSIL2A_20200818T142741_N0214_R053_T20LMP_20200818T165705_07_20.png,0.0,0.0,0.0,0.0,0.7244682312011719,0.021005500020692125
YOLOv8n,train_S2A_MSIL2A_20200818T142741_N0214_R053_T20LMP_20200818T165705_08_02.png,0.0,0.0,0.0,0.0,0.8841705322265625,0.020962700014933944
YOLOv8n,train_S2A_MSIL2A_20200818T142741_N0214_R053_T20LMP_20200818T165705_08_03.png,0.0,0.0,0.0,0.0,0.8038825988769531,0.02707799998461269
YOLOv8n,train_S2A_MSIL2A_20200818T142741_N0214_R053_T20LMP_20200818T165705_08_04.png,0.0,0.0,0.0,0.0,0.8061599731445312,0.026510800002142787
YOLOv8n,train_S2A_MSIL2A_20200818T142741_N0214_R053_T20LMP_20200818T165705_08_07.png,0.798479970280478,0.8879498059196653,0.8177872896974021,0.971281438140472,0.8013458251953125,0.023023700021440163
YOLOv8n,train_S2A_MSIL2A_20200818T142741_N0214_R053_T20LMP_20200818T165705_08_08.png,0.16087258592183487,0.2771580410680263,0.16532230732732325,0.856671193743268,0.2720375061035156,0.021252600010484457
YOLOv8n,train_S2A_MSIL2A_20200818T142741_N0214_R053_T20LMP_20200818T165705_08_10.png,0.0,0.0,0.0,0.0,0.7605514526367188,0.021346499997889623
YOLOv8n,train_S2A_MSIL2A_20200818T142741_N0214_R053_T20LMP_20200818T165705_08_11.png,0.0,0.0,0.0,0.0,0.5813484191894531,0.020059000002220273
YOLOv8n,train_S2A_MSIL2A_20200818T142741_N0214_R053_T20LMP_20200818T165705_08_12.png,0.0,0.0,0.0,0.0,0.6400794982910156,0.02339009998831898
YOLOv8n,train_S2A_MSIL2A_20200818T142741_N0214_R053_T20LMP_20200818T165705_08_13.png,0.0,0.0,0.0,0.0,0.6826591491699219,0.024445599992759526
YOLOv8n,train_S2A_MSIL2A_20200818T142741_N0214_R053_T20LMP_20200818T165705_08_18.png,0.25747154750037526,0.4095067566533523,0.25840943154251456,0.9860994413243119,0.2640571594238281,0.02244319999590516
YOLOv8n,train_S2A_MSIL2A_20200818T142741_N0214_R053_T20LMP_20200818T165705_08_19.png,0.0,0.0,0.0,0.0,0.7850608825683594,0.02473999999347143
YOLOv8n,train_S2A_MSIL2A_20200818T142741_N0214_R053_T20LMP_20200818T165705_08_20.png,0.0,0.0,0.0,0.0,0.6798858642578125,0.024258999997982755
YOLOv8n,train_S2A_MSIL2A_20200818T142741_N0214_R053_T20LMP_20200818T165705_09_03.png,0.0,0.0,0.0,0.0,0.8333206176757812,0.019935400021495298
YOLOv8n,train_S2A_MSIL2A_20200818T142741_N0214_R053_T20LMP_20200818T165705_09_05.png,0.0,0.0,0.0,0.0,0.8424110412597656,0.020523799990769476
YOLOv8n,train_S2A_MSIL2A_20200818T142741_N0214_R053_T20LMP_20200818T165705_09_06.png,0.0,0.0,0.0,0.0,0.7518196105957031,0.021522700000787154
YOLOv8n,train_S2A_MSIL2A_20200818T142741_N0214_R053_T20LMP_20200818T165705_09_07.png,0.0,0.0,0.0,0.0,0.8541336059570312,0.0192889999889303
YOLOv8n,train_S2A_MSIL2A_20200818T142741_N0214_R053_T20LMP_20200818T165705_09_11.png,0.0,0.0,0.0,0.0,0.7721099853515625,0.021045200002845377
YOLOv8n,train_S2A_MSIL2A_20200818T142741_N0214_R053_T20LMP_20200818T165705_09_12.png,0.0,0.0,0.0,0.0,0.7785873413085938,0.020694000006187707
YOLOv8n,train_S2A_MSIL2A_20200818T142741_N0214_R053_T20LMP_20200818T165705_09_14.png,0.0,0.0,0.0,0.0,0.7766265869140625,0.019226200005505234
YOLOv8n,train_S2A_MSIL2A_20200818T142741_N0214_R053_T20LMP_20200818T165705_09_15.png,0.0,0.0,0.0,0.0,0.587371826171875,0.02030560001730919
YOLOv8n,train_S2A_MSIL2A_20200818T142741_N0214_R053_T20LMP_20200818T165705_09_21.png,0.0,0.0,0.0,0.0,0.619720458984375,0.019450799998594448
YOLOv8n,train_S2A_MSIL2A_20200818T142741_N0214_R053_T20LMP_20200818T165705_10_02.png,0.0,0.0,0.0,0.0,0.8131866455078125,0.020707700023194775
YOLOv8n,train_S2A_MSIL2A_20200818T142741_N0214_R053_T20LMP_20200818T165705_10_03.png,0.0,0.0,0.0,0.0,0.6906166076660156,0.022272600006544963
YOLOv8n,train_S2A_MSIL2A_20200818T142741_N0214_R053_T20LMP_20200818T165705_10_06.png,0.0,0.0,0.0,0.0,0.8124198913574219,0.0192801000084728
YOLOv8n,train_S2A_MSIL2A_20200818T142741_N0214_R053_T20LMP_20200818T165705_10_07.png,0.0,0.0,0.0,0.0,0.8468513488769531,0.019161300006089732
YOLOv8n,train_S2A_MSIL2A_20200818T142741_N0214_R053_T20LMP_20200818T165705_10_09.png,0.0,0.0,0.0,0.0,0.8507804870605469,0.024318500014487654
YOLOv8n,train_S2A_MSIL2A_20200818T142741_N0214_R053_T20LMP_20200818T165705_10_10.png,0.0,0.0,0.0,0.0,0.8517112731933594,0.01981640001758933
YOLOv8n,train_S2A_MSIL2A_20200818T142741_N0214_R053_T20LMP_20200818T165705_10_11.png,0.0,0.0,0.0,0.0,0.7629241943359375,0.023864899994805455
YOLOv8n,train_S2A_MSIL2A_20200818T142741_N0214_R053_T20LMP_20200818T165705_10_12.png,0.0,0.0,0.0,0.0,0.760650634765625,0.020109000004595146
YOLOv8n,train_S2A_MSIL2A_20200818T142741_N0214_R053_T20LMP_20200818T165705_10_16.png,0.0,0.0,0.0,0.0,0.6022987365722656,0.020301399985328317
YOLOv8n,train_S2A_MSIL2A_20200818T142741_N0214_R053_T20LMP_20200818T165705_10_17.png,0.0,0.0,0.0,0.0,0.466705322265625,0.01975720000336878
YOLOv8n,train_S2A_MSIL2A_20200818T142741_N0214_R053_T20LMP_20200818T165705_10_18.png,0.0,0.0,0.0,0.0,0.6427078247070312,0.020722199988085777
YOLOv8n,train_S2A_MSIL2A_20200818T142741_N0214_R053_T20LMP_20200818T165705_10_19.png,0.0,0.0,0.0,0.0,0.6052360534667969,0.024416500004008412
YOLOv8n,train_S2A_MSIL2A_20200818T142741_N0214_R053_T20LMP_20200818T165705_10_20.png,0.0,0.0,0.0,0.0,0.484527587890625,0.028579100006027147
YOLOv8n,train_S2A_MSIL2A_20200818T142741_N0214_R053_T20LMP_20200818T165705_10_21.png,0.0,0.0,0.0,0.0,0.49561309814453125,0.027951500000199303
YOLOv8n,train_S2A_MSIL2A_20200818T142741_N0214_R053_T20LMP_20200818T165705_11_02.png,0.0,0.0,0.0,0.0,0.806640625,0.027007199998479337
YOLOv8n,train_S2A_MSIL2A_20200818T142741_N0214_R053_T20LMP_20200818T165705_11_04.png,0.0,0.0,0.0,0.0,0.8769454956054688,0.019965699990279973
YOLOv8n,train_S2A_MSIL2A_20200818T142741_N0214_R053_T20LMP_20200818T165705_11_06.png,0.0,0.0,0.0,0.0,0.6635475158691406,0.021064300002763048
YOLOv8n,train_S2A_MSIL2A_20200818T142741_N0214_R053_T20LMP_20200818T165705_11_10.png,0.0,0.0,0.0,0.0,0.7701072692871094,0.02001480001490563
YOLOv8n,train_S2A_MSIL2A_20200818T142741_N0214_R053_T20LMP_20200818T165705_11_13.png,0.0,0.0,0.0,0.0,0.7035865783691406,0.02101779999793507
YOLOv8n,train_S2A_MSIL2A_20200818T142741_N0214_R053_T20LMP_20200818T165705_11_14.png,0.0,0.0,0.0,0.0,0.6733856201171875,0.0205646000104025
YOLOv8n,train_S2A_MSIL2A_20200818T142741_N0214_R053_T20LMP_20200818T165705_11_16.png,0.0,0.0,0.0,0.0,0.5509796142578125,0.024942099989857525
YOLOv8n,train_S2A_MSIL2A_20200818T142741_N0214_R053_T20LMP_20200818T165705_11_21.png,0.0,0.0,0.0,0.0,0.7620735168457031,0.027556999993976206
YOLOv8n,train_S2A_MSIL2A_20200818T142741_N0214_R053_T20LMP_20200818T165705_12_02.png,0.0,0.0,0.0,0.0,0.7303314208984375,0.024896300019463524
YOLOv8n,train_S2A_MSIL2A_20200818T142741_N0214_R053_T20LMP_20200818T165705_12_03.png,0.0,0.0,0.0,0.0,0.7822380065917969,0.02000600000610575
YOLOv8n,train_S2A_MSIL2A_20200818T142741_N0214_R053_T20LMP_20200818T165705_12_06.png,0.0,0.0,0.0,0.0,0.7644615173339844,0.021946599998045713
YOLOv8n,train_S2A_MSIL2A_20200818T142741_N0214_R053_T20LMP_20200818T165705_12_07.png,0.0,0.0,0.0,0.0,0.8193855285644531,0.019261200010078028
YOLOv8n,train_S2A_MSIL2A_20200818T142741_N0214_R053_T20LMP_20200818T165705_12_08.png,0.0,0.0,0.0,0.0,0.6833419799804688,0.01962669999920763
YOLOv8n,train_S2A_MSIL2A_20200818T142741_N0214_R053_T20LMP_20200818T165705_12_09.png,0.0,0.0,0.0,0.0,0.5994529724121094,0.019501400005538017
YOLOv8n,train_S2A_MSIL2A_20200818T142741_N0214_R053_T20LMP_20200818T165705_12_11.png,0.0,0.0,0.0,0.0,0.7858314514160156,0.01990959999966435
YOLOv8n,train_S2A_MSIL2A_20200818T142741_N0214_R053_T20LMP_20200818T165705_12_17.png,0.0,0.0,0.0,0.0,0.7084426879882812,0.021564299997407943
YOLOv8n,train_S2A_MSIL2A_20200818T142741_N0214_R053_T20LMP_20200818T165705_12_20.png,0.0,0.0,0.0,0.0,0.5990829467773438,0.020362799987196922
YOLOv8n,train_S2A_MSIL2A_20200818T142741_N0214_R053_T20LMP_20200818T165705_12_21.png,0.0,0.0,0.0,0.0,0.6636581420898438,0.024638500006403774
YOLOv8n,train_S2A_MSIL2A_20200818T142741_N0214_R053_T20LMP_20200818T165705_13_01.png,0.0,0.0,0.0,0.0,0.42652130126953125,0.02032159999362193
YOLOv8n,train_S2A_MSIL2A_20200818T142741_N0214_R053_T20LMP_20200818T165705_13_02.png,0.4367830241665577,0.6080013708679843,0.4398967865915554,0.9840526954411509,0.44150543212890625,0.021851400000741705
YOLOv8n,train_S2A_MSIL2A_20200818T142741_N0214_R053_T20LMP_20200818T165705_13_03.png,0.0,0.0,0.0,0.0,0.7701148986816406,0.02037230000132695
YOLOv8n,train_S2A_MSIL2A_20200818T142741_N0214_R053_T20LMP_20200818T165705_13_05.png,0.0,0.0,0.0,0.0,0.8994598388671875,0.02164189997711219
YOLOv8n,train_S2A_MSIL2A_20200818T142741_N0214_R053_T20LMP_20200818T165705_13_07.png,0.0,0.0,0.0,0.0,0.7145462036132812,0.021216199995251372
YOLOv8n,train_S2A_MSIL2A_20200818T142741_N0214_R053_T20LMP_20200818T165705_13_08.png,0.0,0.0,0.0,0.0,0.6834144592285156,0.021224500000244007
YOLOv8n,train_S2A_MSIL2A_20200818T142741_N0214_R053_T20LMP_20200818T165705_13_09.png,0.0,0.0,0.0,0.0,0.6201515197753906,0.01953350001713261
YOLOv8n,train_S2A_MSIL2A_20200818T142741_N0214_R053_T20LMP_20200818T165705_13_10.png,0.0,0.0,0.0,0.0,0.4995613098144531,0.02098830000613816
YOLOv8n,train_S2A_MSIL2A_20200818T142741_N0214_R053_T20LMP_20200818T165705_13_11.png,0.0,0.0,0.0,0.0,0.10952377319335938,0.019953700015321374
YOLOv8n,train_S2A_MSIL2A_20200818T142741_N0214_R053_T20LMP_20200818T165705_13_17.png,0.0,0.0,0.0,0.0,0.8313331604003906,0.019913700001779944
YOLOv8n,train_S2A_MSIL2A_20200818T142741_N0214_R053_T20LMP_20200818T165705_13_19.png,0.0,0.0,0.0,0.0,0.7758331298828125,0.019335999997565523
YOLOv8n,train_S2A_MSIL2A_20200818T142741_N0214_R053_T20LMP_20200818T165705_13_20.png,0.0,0.0,0.0,0.0,0.8346824645996094,0.019760700000915676
YOLOv8n,train_S2A_MSIL2A_20200818T142741_N0214_R053_T20LMP_20200818T165705_13_21.png,0.0,0.0,0.0,0.0,0.8598098754882812,0.019458499999018386
YOLOv8n,train_S2A_MSIL2A_20200818T142741_N0214_R053_T20LMP_20200818T165705_14_01.png,0.890673680106119,0.9421759973472816,0.8987544408484769,0.9900062036320991,0.8909034729003906,0.022549600020283833
YOLOv8n,train_S2A_MSIL2A_20200818T142741_N0214_R053_T20LMP_20200818T165705_14_04.png,0.0002229965156794425,0.00044589359864002454,0.005759539236861051,0.00023192439264799674,0.7263565063476562,0.019919500016840175
YOLOv8n,train_S2A_MSIL2A_20200818T142741_N0214_R053_T20LMP_20200818T165705_14_07.png,0.0,0.0,0.0,0.0,0.7128982543945312,0.019971500005340204
YOLOv8n,train_S2A_MSIL2A_20200818T142741_N0214_R053_T20LMP_20200818T165705_14_08.png,0.0,0.0,0.0,0.0,0.387237548828125,0.022257299977354705
YOLOv8n,train_S2A_MSIL2A_20200818T142741_N0214_R053_T20LMP_20200818T165705_14_09.png,0.8349717829847856,0.9100649838076651,0.8614035443860255,0.9645534516854954,0.8400344848632812,0.021134599985089153
YOLOv8n,train_S2A_MSIL2A_20200818T142741_N0214_R053_T20LMP_20200818T165705_14_16.png,0.9663389645943729,0.9828813668387175,0.9847151078968035,0.981054442688424,0.9665107727050781,0.01856910000788048
YOLOv8n,train_S2A_MSIL2A_20200818T142741_N0214_R053_T20LMP_20200818T165705_14_17.png,0.0,0.0,0.0,0.0,0.8065948486328125,0.017639199999393895
YOLOv8n,train_S2A_MSIL2A_20200818T142741_N0214_R053_T20LMP_20200818T165705_14_19.png,0.0,0.0,0.0,0.0,0.8686141967773438,0.017125300015322864
YOLOv8n,train_S2A_MSIL2A_20200818T142741_N0214_R053_T20LMP_20200818T165705_15_01.png,0.8654636741556213,0.9278804901385845,0.9815674221382487,0.8797618257941416,0.8662986755371094,0.020227899978635833
YOLOv8n,train_S2A_MSIL2A_20200818T142741_N0214_R053_T20LMP_20200818T165705_15_02.png,0.0,0.0,0.0,0.0,0.00688934326171875,0.017765099997632205
YOLOv8n,train_S2A_MSIL2A_20200818T142741_N0214_R053_T20LMP_20200818T165705_15_03.png,0.0,0.0,0.0,0.0,0.009746551513671875,0.020428899995749816
YOLOv8n,train_S2A_MSIL2A_20200818T142741_N0214_R053_T20LMP_20200818T165705_15_05.png,0.0,0.0,0.0,0.0,0.7114181518554688,0.01786369999172166
YOLOv8n,train_S2A_MSIL2A_20200818T142741_N0214_R053_T20LMP_20200818T165705_15_06.png,0.0,0.0,0.0,0.0,0.7232856750488281,0.01941019998048432
YOLOv8n,train_S2A_MSIL2A_20200818T142741_N0214_R053_T20LMP_20200818T165705_15_07.png,0.0,0.0,0.0,0.0,0.6852798461914062,0.02547790002427064
YOLOv8n,train_S2A_MSIL2A_20200818T142741_N0214_R053_T20LMP_20200818T165705_15_08.png,0.0,0.0,0.0,0.0,0.2578239440917969,0.025134600000455976
YOLOv8n,train_S2A_MSIL2A_20200818T142741_N0214_R053_T20LMP_20200818T165705_15_09.png,0.0,0.0,0.0,0.0,0.22333908081054688,0.024848300003213808
YOLOv8n,train_S2A_MSIL2A_20200818T142741_N0214_R053_T20LMP_20200818T165705_15_10.png,0.0,0.0,0.0,0.0,0.22837448120117188,0.02166979998582974
YOLOv8n,train_S2A_MSIL2A_20200818T142741_N0214_R053_T20LMP_20200818T165705_15_12.png,0.0,0.0,0.0,0.0,0.01068115234375,0.018841899989638478
YOLOv8n,train_S2A_MSIL2A_20200818T142741_N0214_R053_T20LMP_20200818T165705_15_13.png,0.9428271652041206,0.9705723515607356,0.9963350320936684,0.9461084034289083,0.9428367614746094,0.02014670000062324
YOLOv8n,train_S2A_MSIL2A_20200818T142741_N0214_R053_T20LMP_20200818T165705_15_14.png,0.0,0.0,0.0,0.0,0.003856658935546875,0.017991400003666058
YOLOv8n,train_S2A_MSIL2A_20200818T142741_N0214_R053_T20LMP_20200818T165705_15_15.png,0.0,0.0,0.0,0.0,0.000568389892578125,0.02016169999842532
YOLOv8n,train_S2A_MSIL2A_20200818T142741_N0214_R053_T20LMP_20200818T165705_15_16.png,0.9583040085679314,0.9787081110748683,0.990495882471545,0.9671976095986659,0.9584159851074219,0.019839699991280213
YOLOv8n,train_S2A_MSIL2A_20200818T142741_N0214_R053_T20LMP_20200818T165705_15_17.png,0.0,0.0,0.0,0.0,0.17700958251953125,0.019833599973935634
YOLOv8n,train_S2A_MSIL2A_20200818T142741_N0214_R053_T20LMP_20200818T165705_15_18.png,0.0,0.0,0.0,0.0,0.8600807189941406,0.021008399984566495
YOLOv8n,train_S2A_MSIL2A_20200818T142741_N0214_R053_T20LMP_20200818T165705_15_19.png,0.0,0.0,0.0,0.0,0.8637809753417969,0.02304060000460595
YOLOv8n,train_S2A_MSIL2A_20200818T142741_N0214_R053_T20LMP_20200818T165705_15_20.png,0.0,0.0,0.0,0.0,0.9280128479003906,0.019824099988909438
YOLOv8n,train_S2A_MSIL2A_20200818T142741_N0214_R053_T20LMP_20200818T165705_16_05.png,0.6341032860883267,0.7760871561628475,0.6567990215528349,0.9483217869440163,0.6465606689453125,0.018376799998804927
YOLOv8n,train_S2A_MSIL2A_20200818T142741_N0214_R053_T20LMP_20200818T165705_16_06.png,0.0,0.0,0.0,0.0,0.6802101135253906,0.017202099988935515
YOLOv8n,train_S2A_MSIL2A_20200818T142741_N0214_R053_T20LMP_20200818T165705_16_09.png,0.0,0.0,0.0,0.0,0.35345458984375,0.01792579999892041
YOLOv8n,train_S2A_MSIL2A_20200818T142741_N0214_R053_T20LMP_20200818T165705_16_14.png,0.0,0.0,0.0,0.0,0.00185394287109375,0.017747600009897724
YOLOv8n,train_S2A_MSIL2A_20200818T142741_N0214_R053_T20LMP_20200818T165705_16_15.png,0.0,0.0,0.0,0.0,0.002597808837890625,0.017914399999426678
YOLOv8n,train_S2A_MSIL2A_20200818T142741_N0214_R053_T20LMP_20200818T165705_16_16.png,0.0,0.0,0.0,0.0,0.013824462890625,0.018238999997265637
YOLOv8n,train_S2A_MSIL2A_20200818T142741_N0214_R053_T20LMP_20200818T165705_16_18.png,0.0,0.0,0.0,0.0,0.20042037963867188,0.017344599997159094
YOLOv8n,train_S2A_MSIL2A_20200818T142741_N0214_R053_T20LMP_20200818T165705_16_19.png,0.0,0.0,0.0,0.0,0.7223663330078125,0.018383999995421618
YOLOv8n,train_S2A_MSIL2A_20200818T142741_N0214_R053_T20LMP_20200818T165705_16_20.png,0.0,0.0,0.0,0.0,0.8351707458496094,0.01803569999174215
YOLOv8n,train_S2A_MSIL2A_20200818T142741_N0214_R053_T20LMP_20200818T165705_16_21.png,0.0,0.0,0.0,0.0,0.8493537902832031,0.021029399998951703
YOLOv8n,train_S2A_MSIL2A_20200818T142741_N0214_R053_T20LMP_20200818T165705_17_05.png,0.9184143036779685,0.9574723269287473,0.9555951467237204,0.9593568967513465,0.9185714721679688,0.0243219000112731
YOLOv8n,train_S2A_MSIL2A_20200818T142741_N0214_R053_T20LMP_20200818T165705_17_06.png,0.0,0.0,0.0,0.0,0.18672561645507812,0.02728069998556748
YOLOv8n,train_S2A_MSIL2A_20200818T142741_N0214_R053_T20LMP_20200818T165705_17_07.png,0.007479859319202208,0.014848652804348215,1.0,0.007479859319202208,0.15923309326171875,0.022170099982758984
YOLOv8n,train_S2A_MSIL2A_20200818T142741_N0214_R053_T20LMP_20200818T165705_17_08.png,0.0,0.0,0.0,0.0,0.20833587646484375,0.01825610001105815
YOLOv8n,train_S2A_MSIL2A_20200818T142741_N0214_R053_T20LMP_20200818T165705_17_10.png,0.0,0.0,0.0,0.0,0.03167724609375,0.017860199994174764
YOLOv8n,train_S2A_MSIL2A_20200818T142741_N0214_R053_T20LMP_20200818T165705_17_11.png,0.0,0.0,0.0,0.0,0.042896270751953125,0.023908200004370883
YOLOv8n,train_S2A_MSIL2A_20200818T142741_N0214_R053_T20LMP_20200818T165705_17_13.png,0.0,0.0,0.0,0.0,0.012416839599609375,0.024284200015245005
YOLOv8n,train_S2A_MSIL2A_20200818T142741_N0214_R053_T20LMP_20200818T165705_17_16.png,0.9644628035836086,0.9819099672686274,0.9833063114097631,0.9805175832609382,0.9646224975585938,0.028431200014892966
YOLOv8n,train_S2A_MSIL2A_20200818T142741_N0214_R053_T20LMP_20200818T165705_17_17.png,0.0,0.0,0.0,0.0,0.07855606079101562,0.027762699988670647
YOLOv8n,train_S2A_MSIL2A_20200818T142741_N0214_R053_T20LMP_20200818T165705_17_18.png,0.0,0.0,0.0,0.0,0.08995437622070312,0.018341500021051615
YOLOv8n,train_S2A_MSIL2A_20200818T142741_N0214_R053_T20LMP_20200818T165705_17_19.png,0.0,0.0,0.0,0.0,0.11837005615234375,0.018237499985843897
YOLOv8n,train_S2A_MSIL2A_20200818T142741_N0214_R053_T20LMP_20200818T165705_17_20.png,0.0,0.0,0.0,0.0,0.7849159240722656,0.019104200007859617
YOLOv8n,train_S2A_MSIL2A_20200818T142741_N0214_R053_T20LMP_20200818T165705_17_21.png,0.0,0.0,0.0,0.0,0.7779045104980469,0.01811699999962002
YOLOv8n,train_S2A_MSIL2A_20200818T142741_N0214_R053_T20LMP_20200818T165705_18_06.png,0.0,0.0,0.0,0.0,0.00522613525390625,0.021052700001746416
YOLOv8n,train_S2A_MSIL2A_20200818T142741_N0214_R053_T20LMP_20200818T165705_18_07.png,0.0,0.0,0.0,0.0,0.011646270751953125,0.023775599984219298
YOLOv8n,train_S2A_MSIL2A_20200818T142741_N0214_R053_T20LMP_20200818T165705_18_10.png,0.0,0.0,0.0,0.0,0.058135986328125,0.02360200000111945
YOLOv8n,train_S2A_MSIL2A_20200818T142741_N0214_R053_T20LMP_20200818T165705_18_14.png,0.0,0.0,0.0,0.0,0.005878448486328125,0.021174000023165718
YOLOv8n,train_S2A_MSIL2A_20200818T142741_N0214_R053_T20LMP_20200818T165705_18_15.png,0.0,0.0,0.0,0.0,0.020748138427734375,0.019181400013621897
YOLOv8n,train_S2A_MSIL2A_20200818T142741_N0214_R053_T20LMP_20200818T165705_18_16.png,0.0,0.0,0.0,0.0,0.033153533935546875,0.01937369999359362
YOLOv8n,train_S2A_MSIL2A_20200818T142741_N0214_R053_T20LMP_20200818T165705_18_17.png,0.0,0.0,0.0,0.0,0.08621978759765625,0.018192199990153313
YOLOv8n,train_S2A_MSIL2A_20200818T142741_N0214_R053_T20LMP_20200818T165705_18_18.png,0.0,0.0,0.0,0.0,0.02764892578125,0.018865999998524785
YOLOv8n,train_S2A_MSIL2A_20200818T142741_N0214_R053_T20LMP_20200818T165705_19_16.png,0.0,0.0,0.0,0.0,0.01702117919921875,0.018101299996487796
YOLOv8n,train_S2A_MSIL2A_20200818T142741_N0214_R053_T20LMP_20200818T165705_19_17.png,0.0,0.0,0.0,0.0,0.036529541015625,0.024095900007523596
YOLOv8n,train_S2A_MSIL2A_20200818T142741_N0214_R053_T20LMP_20200818T165705_20_01.png,0.0,0.0,0.0,0.0,0.000720977783203125,0.01824289999785833
YOLOv8n,train_S2A_MSIL2A_20200818T142741_N0214_R053_T20LMP_20200818T165705_20_06.png,0.0,0.0,0.0,0.0,0.47835540771484375,0.018417000013869256
YOLOv8n,train_S2A_MSIL2A_20200818T142741_N0214_R053_T20LMP_20200818T165705_20_14.png,0.0,0.0,0.0,0.0,0.08772659301757812,0.01878539999597706
YOLOv8n,train_S2A_MSIL2A_20200818T142741_N0214_R053_T20LMP_20200818T165705_20_15.png,0.0,0.0,0.0,0.0,0.024730682373046875,0.01835130000836216
YOLOv8n,train_S2A_MSIL2A_20200818T142741_N0214_R053_T20LMP_20200818T165705_20_17.png,0.0,0.0,0.0,0.0,0.03447723388671875,0.018148800008930266
YOLOv8n,train_S2A_MSIL2A_20200818T142741_N0214_R053_T20LMP_20200818T165705_20_18.png,0.0,0.0,0.0,0.0,0.01085662841796875,0.01838100000168197
YOLOv8n,train_S2A_MSIL2A_20200818T142741_N0214_R053_T20LMP_20200818T165705_21_04.png,0.0,0.0,0.0,0.0,0.00157928466796875,0.019833600003039464
YOLOv8n,train_S2A_MSIL2A_20200818T142741_N0214_R053_T20LMP_20200818T165705_21_05.png,0.8504732799963374,0.9191954179398047,0.9976905621869839,0.852150876750347,0.850494384765625,0.023263300012331456
YOLOv8n,train_S2A_MSIL2A_20200818T142741_N0214_R053_T20LMP_20200818T165705_21_06.png,0.5388221302360064,0.7003046286491451,0.8197503304449992,0.6112408177210865,0.5443954467773438,0.021101299993460998
YOLOv8n,train_S2A_MSIL2A_20200818T142741_N0214_R053_T20LMP_20200818T165705_21_17.png,0.0,0.0,0.0,0.0,0.022640228271484375,0.01828899999964051
YOLOv8n,train_S2A_MSIL2A_20200818T142741_N0214_R053_T20LMP_20200818T165705_21_18.png,0.0,0.0,0.0,0.0,0.012302398681640625,0.01893200000631623
YOLOv8n,train_S2B_MSIL2A_20200202T141649_N0213_R010_T20LQN_20200202T164215_03_02.png,0.0,0.0,0.0,0.0,0.011814117431640625,0.016251400025794283
YOLOv8n,train_S2B_MSIL2A_20200202T141649_N0213_R010_T20LQN_20200202T164215_03_04.png,0.0,0.0,0.0,0.0,0.011501312255859375,0.0157953999878373
YOLOv8n,train_S2B_MSIL2A_20200202T141649_N0213_R010_T20LQN_20200202T164215_04_02.png,0.0,0.0,0.0,0.0,0.00690460205078125,0.015013900003395975
YOLOv8n,train_S2B_MSIL2A_20200202T141649_N0213_R010_T20LQN_20200202T164215_04_03.png,0.0,0.0,0.0,0.0,7.62939453125e-06,0.017718799994327128
YOLOv8n,train_S2B_MSIL2A_20200202T141649_N0213_R010_T20LQN_20200202T164215_04_04.png,0.0,0.0,0.0,0.0,8.392333984375e-05,0.01819239999167621
YOLOv8n,train_S2B_MSIL2A_20200202T141649_N0213_R010_T20LQN_20200202T164215_04_06.png,0.0,0.0,0.0,0.0,0.6703567504882812,0.02104039999539964
YOLOv8n,train_S2B_MSIL2A_20200202T141649_N0213_R010_T20LQN_20200202T164215_04_09.png,0.0,0.0,0.0,0.0,0.020721435546875,0.015552800003206357
YOLOv8n,train_S2B_MSIL2A_20200202T141649_N0213_R010_T20LQN_20200202T164215_05_10.png,0.0,0.0,0.0,0.0,0.004474639892578125,0.014017300010891631
YOLOv8n,train_S2B_MSIL2A_20200202T141649_N0213_R010_T20LQN_20200202T164215_05_11.png,0.0,0.0,0.0,0.0,0.015377044677734375,0.01437300001271069
YOLOv8n,train_S2B_MSIL2A_20200202T141649_N0213_R010_T20LQN_20200202T164215_05_12.png,0.0,0.0,0.0,0.0,0.0263214111328125,0.015415100002428517
YOLOv8n,train_S2B_MSIL2A_20200202T141649_N0213_R010_T20LQN_20200202T164215_05_21.png,0.0,0.0,0.0,0.0,0.000965118408203125,0.01605610002297908
YOLOv8n,train_S2B_MSIL2A_20200202T141649_N0213_R010_T20LQN_20200202T164215_06_11.png,0.0,0.0,0.0,0.0,0.001316070556640625,0.014800400007516146
YOLOv8n,train_S2B_MSIL2A_20200202T141649_N0213_R010_T20LQN_20200202T164215_06_12.png,0.0,0.0,0.0,0.0,0.00148773193359375,0.01454060000833124
YOLOv8n,train_S2B_MSIL2A_20200202T141649_N0213_R010_T20LQN_20200202T164215_07_11.png,0.0,0.0,0.0,0.0,6.866455078125e-05,0.014230600005248562
YOLOv8n,train_S2B_MSIL2A_20200202T141649_N0213_R010_T20LQN_20200202T164215_07_17.png,0.0,0.0,0.0,0.0,0.004779815673828125,0.014208199980203062
YOLOv8n,train_S2B_MSIL2A_20200202T141649_N0213_R010_T20LQN_20200202T164215_08_11.png,0.0,0.0,0.0,0.0,0.0,0.015098100004252046
YOLOv8n,train_S2B_MSIL2A_20200202T141649_N0213_R010_T20LQN_20200202T164215_08_14.png,0.0,0.0,0.0,0.0,0.00867462158203125,0.019784300005994737
YOLOv8n,train_S2B_MSIL2A_20200202T141649_N0213_R010_T20LQN_20200202T164215_09_11.png,0.0,0.0,0.0,0.0,0.0001373291015625,0.021814700012328103
YOLOv8n,train_S2B_MSIL2A_20200202T141649_N0213_R010_T20LQN_20200202T164215_10_05.png,0.0,0.0,0.0,0.0,0.28417205810546875,0.024239999998826534
YOLOv8n,train_S2B_MSIL2A_20200202T141649_N0213_R010_T20LQN_20200202T164215_10_06.png,0.0,0.0,0.0,0.0,0.32762908935546875,0.018178199999965727
YOLOv8n,train_S2B_MSIL2A_20200202T141649_N0213_R010_T20LQN_20200202T164215_11_05.png,0.4494560779056688,0.6201720559274781,0.47207454340947896,0.9036672733609573,0.4548072814941406,0.024598799995146692
YOLOv8n,train_S2B_MSIL2A_20200202T141649_N0213_R010_T20LQN_20200202T164215_11_06.png,0.0,0.0,0.0,0.0,0.5324211120605469,0.017704500001855195
YOLOv8n,train_S2B_MSIL2A_20200202T141649_N0213_R010_T20LQN_20200202T164215_11_07.png,0.0,0.0,0.0,0.0,0.2935295104980469,0.01680450001731515
YOLOv8n,train_S2B_MSIL2A_20200202T141649_N0213_R010_T20LQN_20200202T164215_12_03.png,0.0,0.0,0.0,0.0,0.6591339111328125,0.017116200004238635
YOLOv8n,train_S2B_MSIL2A_20200202T141649_N0213_R010_T20LQN_20200202T164215_13_04.png,0.0,0.0,0.0,0.0,0.6973075866699219,0.019585900008678436
YOLOv8n,train_S2B_MSIL2A_20200202T141649_N0213_R010_T20LQN_20200202T164215_13_14.png,0.0,0.0,0.0,0.0,1.52587890625e-05,0.014393700024811551
YOLOv8n,train_S2B_MSIL2A_20200202T141649_N0213_R010_T20LQN_20200202T164215_16_08.png,0.0,0.0,0.0,0.0,0.6018486022949219,0.01698529999703169
YOLOv8n,train_S2B_MSIL2A_20200202T141649_N0213_R010_T20LQN_20200202T164215_18_10.png,0.5739020669635331,0.7292729058685838,0.6260939385375875,0.8731693889935002,0.6046829223632812,0.017412900022463873
YOLOv8n,train_S2B_MSIL2A_20200202T141649_N0213_R010_T20LQN_20200202T164215_20_13.png,0.0,0.0,0.0,0.0,0.10293197631835938,0.015367699990747496
YOLOv8n,val_S2A_MSIL2A_20200111T142701_N0213_R053_T20NQG_20200111T164651_01_04.png,0.0,0.0,0.0,0.0,0.36563873291015625,0.018524999992223457
YOLOv8n,val_S2A_MSIL2A_20200111T142701_N0213_R053_T20NQG_20200111T164651_01_05.png,0.0,0.0,0.0,0.0,0.31932830810546875,0.021179000003030524
YOLOv8n,val_S2A_MSIL2A_20200111T142701_N0213_R053_T20NQG_20200111T164651_01_12.png,0.0,0.0,0.0,0.0,0.2932472229003906,0.02111290002358146
YOLOv8n,val_S2A_MSIL2A_20200111T142701_N0213_R053_T20NQG_20200111T164651_01_14.png,0.0,0.0,0.0,0.0,0.3446235656738281,0.023376400000415742
YOLOv8n,val_S2A_MSIL2A_20200111T142701_N0213_R053_T20NQG_20200111T164651_02_12.png,0.009593673419157383,0.01900501889372347,0.9884233737596472,0.009594751515735285,0.2938957214355469,0.02460510001401417
YOLOv8n,val_S2A_MSIL2A_20200111T142701_N0213_R053_T20NQG_20200111T164651_11_12.png,0.0,0.0,0.0,0.0,0.216705322265625,0.024879400007193908
YOLOv8n,val_S2A_MSIL2A_20200111T142701_N0213_R053_T20NQG_20200111T164651_12_06.png,0.04236779681893856,0.08129145383853015,0.05965014348927886,0.12757684162668548,0.08060455322265625,0.01831240000319667
YOLOv8n,val_S2A_MSIL2A_20200111T142701_N0213_R053_T20NQG_20200111T164651_12_08.png,0.0,0.0,0.0,0.0,0.6120643615722656,0.018184899992775172
YOLOv8n,val_S2A_MSIL2A_20200111T142701_N0213_R053_T20NQG_20200111T164651_12_16.png,0.0,0.0,0.0,0.0,0.22155380249023438,0.01893319998634979
YOLOv8n,val_S2A_MSIL2A_20200111T142701_N0213_R053_T20NQG_20200111T164651_14_12.png,0.0,0.0,0.0,0.0,0.7540359497070312,0.020937199995387346
YOLOv8n,val_S2A_MSIL2A_20200111T142701_N0213_R053_T20NQG_20200111T164651_14_13.png,0.0,0.0,0.0,0.0,0.11713027954101562,0.023761499993270263
YOLOv8n,val_S2A_MSIL2A_20200111T142701_N0213_R053_T20NQG_20200111T164651_15_01.png,0.0,0.0,0.0,0.0,0.49146270751953125,0.02399879999575205
YOLOv8n,val_S2A_MSIL2A_20200111T142701_N0213_R053_T20NQG_20200111T164651_19_08.png,1.0,1.0,0.0,0.0,1.0,0.018591599975479767
YOLOv8n,val_S2A_MSIL2A_20200115T140641_N0213_R110_T21LUH_20200115T163049_01_04.png,0.0,0.0,0.0,0.0,0.8509292602539062,0.01836310001090169
YOLOv8n,val_S2A_MSIL2A_20200115T140641_N0213_R110_T21LUH_20200115T163049_05_15.png,0.0,0.0,0.0,0.0,0.4757118225097656,0.027804399986052886
YOLOv8n,val_S2A_MSIL2A_20200115T140641_N0213_R110_T21LUH_20200115T163049_06_05.png,0.0,0.0,0.0,0.0,0.86505126953125,0.026688399986596778
YOLOv8n,val_S2A_MSIL2A_20200115T140641_N0213_R110_T21LUH_20200115T163049_06_08.png,0.0,0.0,0.0,0.0,0.8009757995605469,0.022079899994423613
YOLOv8n,val_S2A_MSIL2A_20200115T140641_N0213_R110_T21LUH_20200115T163049_06_10.png,0.0,0.0,0.0,0.0,0.7020072937011719,0.030527599999913946
YOLOv8n,val_S2A_MSIL2A_20200115T140641_N0213_R110_T21LUH_20200115T163049_07_07.png,0.0,0.0,0.0,0.0,0.7637176513671875,0.023835800006054342
YOLOv8n,val_S2A_MSIL2A_20200115T140641_N0213_R110_T21LUH_20200115T163049_09_15.png,0.0,0.0,0.0,0.0,0.6642875671386719,0.02127900000778027
YOLOv8n,val_S2A_MSIL2A_20200217T141651_N0209_R010_T20LQN_20200217T160045_01_21.png,0.0,0.0,0.0,0.0,0.13463973999023438,0.016526899999007583
YOLOv8n,val_S2A_MSIL2A_20200217T141651_N0209_R010_T20LQN_20200217T160045_03_18.png,0.0,0.0,0.0,0.0,0.116455078125,0.01601439999649301
YOLOv8n,val_S2A_MSIL2A_20200217T141651_N0209_R010_T20LQN_20200217T160045_03_20.png,0.0,0.0,0.0,0.0,0.22586822509765625,0.016885100019862875
YOLOv8n,val_S2A_MSIL2A_20200217T141651_N0209_R010_T20LQN_20200217T160045_05_06.png,0.0,0.0,0.0,0.0,0.7881813049316406,0.024267399974633008
YOLOv8n,val_S2A_MSIL2A_20200217T141651_N0209_R010_T20LQN_20200217T160045_05_15.png,0.0,0.0,0.0,0.0,0.110107421875,0.020671800011768937
YOLOv8n,val_S2A_MSIL2A_20200217T141651_N0209_R010_T20LQN_20200217T160045_06_15.png,0.0,0.0,0.0,0.0,0.10819244384765625,0.01920730000711046
YOLOv8n,val_S2A_MSIL2A_20200217T141651_N0209_R010_T20LQN_20200217T160045_06_21.png,0.0,0.0,0.0,0.0,0.08015823364257812,0.01678069998160936
YOLOv8n,val_S2A_MSIL2A_20200217T141651_N0209_R010_T20LQN_20200217T160045_07_15.png,0.0,0.0,0.0,0.0,0.11628341674804688,0.02627479998045601
YOLOv8n,val_S2A_MSIL2A_20200217T141651_N0209_R010_T20LQN_20200217T160045_08_08.png,0.0,0.0,0.0,0.0,0.54241943359375,0.01950240001315251
YOLOv8n,val_S2A_MSIL2A_20200217T141651_N0209_R010_T20LQN_20200217T160045_09_15.png,0.0,0.0,0.0,0.0,0.1088409423828125,0.0180576000129804
YOLOv8n,val_S2A_MSIL2A_20200217T141651_N0209_R010_T20LQN_20200217T160045_09_21.png,0.0,0.0,0.0,0.0,0.0380096435546875,0.014693400007672608
YOLOv8n,val_S2A_MSIL2A_20200217T141651_N0209_R010_T20LQN_20200217T160045_10_02.png,0.0,0.0,0.0,0.0,0.6653480529785156,0.02334869999322109
YOLOv8n,val_S2A_MSIL2A_20200217T141651_N0209_R010_T20LQN_20200217T160045_10_14.png,0.0,0.0,0.0,0.0,0.07329940795898438,0.015268399991327897
YOLOv8n,val_S2A_MSIL2A_20200217T141651_N0209_R010_T20LQN_20200217T160045_11_03.png,0.0,0.0,0.0,0.0,0.8767166137695312,0.017786300013540313
YOLOv8n,val_S2A_MSIL2A_20200217T141651_N0209_R010_T20LQN_20200217T160045_13_07.png,0.0,0.0,0.0,0.0,0.5525398254394531,0.01814349999767728
YOLOv8n,val_S2A_MSIL2A_20200217T141651_N0209_R010_T20LQN_20200217T160045_13_16.png,0.0,0.0,0.0,0.0,0.20554351806640625,0.027626600000075996
YOLOv8n,val_S2A_MSIL2A_20200217T141651_N0209_R010_T20LQN_20200217T160045_14_04.png,0.0,0.0,0.0,0.0,0.862579345703125,0.030092000000877306
YOLOv8n,val_S2A_MSIL2A_20200217T141651_N0209_R010_T20LQN_20200217T160045_15_19.png,0.006732344057348378,0.01337464540021746,1.0,0.006732344057348378,0.07924652099609375,0.023900600004708394
YOLOv8n,val_S2A_MSIL2A_20200217T141651_N0209_R010_T20LQN_20200217T160045_15_21.png,0.0,0.0,0.0,0.0,0.109466552734375,0.019276900013210252
YOLOv8n,val_S2A_MSIL2A_20200217T141651_N0209_R010_T20LQN_20200217T160045_17_06.png,0.07152109694643224,0.1334945194271014,0.07980293829924119,0.40799315130215374,0.10315704345703125,0.01988300000084564
YOLOv8n,val_S2A_MSIL2A_20200217T141651_N0209_R010_T20LQN_20200217T160045_17_17.png,0.0,0.0,0.0,0.0,0.09857177734375,0.016536499984795228
YOLOv8n,val_S2A_MSIL2A_20200217T141651_N0209_R010_T20LQN_20200217T160045_20_04.png,0.0,0.0,0.0,0.0,0.6772270202636719,0.018528100015828386
YOLOv8n,val_S2A_MSIL2A_20200217T141651_N0209_R010_T20LQN_20200217T160045_20_18.png,0.0,0.0,0.0,0.0,0.10811614990234375,0.016917299974011257
YOLOv8n,val_S2A_MSIL2A_20200818T142741_N0214_R053_T20LMP_20200818T165705_01_01.png,0.0,0.0,0.0,0.0,0.7515487670898438,0.021053999982541427
YOLOv8n,val_S2A_MSIL2A_20200818T142741_N0214_R053_T20LMP_20200818T165705_01_06.png,0.0,0.0,0.0,0.0,0.45024871826171875,0.018141100008506328
YOLOv8n,val_S2A_MSIL2A_20200818T142741_N0214_R053_T20LMP_20200818T165705_01_11.png,0.0,0.0,0.0,0.0,0.5774650573730469,0.02062550000846386
YOLOv8n,val_S2A_MSIL2A_20200818T142741_N0214_R053_T20LMP_20200818T165705_03_05.png,0.0,0.0,0.0,0.0,0.7931098937988281,0.017514399980427697
YOLOv8n,val_S2A_MSIL2A_20200818T142741_N0214_R053_T20LMP_20200818T165705_03_08.png,0.0,0.0,0.0,0.0,0.8326835632324219,0.018160799983888865
YOLOv8n,val_S2A_MSIL2A_20200818T142741_N0214_R053_T20LMP_20200818T165705_03_12.png,0.0,0.0,0.0,0.0,0.8703079223632812,0.018366599979344755
YOLOv8n,val_S2A_MSIL2A_20200818T142741_N0214_R053_T20LMP_20200818T165705_03_16.png,0.0,0.0,0.0,0.0,0.8142814636230469,0.01812880000215955
YOLOv8n,val_S2A_MSIL2A_20200818T142741_N0214_R053_T20LMP_20200818T165705_03_21.png,0.0,0.0,0.0,0.0,0.7777671813964844,0.01712579999002628
YOLOv8n,val_S2A_MSIL2A_20200818T142741_N0214_R053_T20LMP_20200818T165705_04_06.png,0.0,0.0,0.0,0.0,0.8321762084960938,0.018268500018166378
YOLOv8n,val_S2A_MSIL2A_20200818T142741_N0214_R053_T20LMP_20200818T165705_04_09.png,0.0,0.0,0.0,0.0,0.6206016540527344,0.018159700004616752
YOLOv8n,val_S2A_MSIL2A_20200818T142741_N0214_R053_T20LMP_20200818T165705_04_10.png,0.0,0.0,0.0,0.0,0.5830459594726562,0.018985000002430752
YOLOv8n,val_S2A_MSIL2A_20200818T142741_N0214_R053_T20LMP_20200818T165705_05_11.png,0.0,0.0,0.0,0.0,0.5983734130859375,0.017824299982748926
YOLOv8n,val_S2A_MSIL2A_20200818T142741_N0214_R053_T20LMP_20200818T165705_05_19.png,0.0,0.0,0.0,0.0,0.7525596618652344,0.018067199998768046
YOLOv8n,val_S2A_MSIL2A_20200818T142741_N0214_R053_T20LMP_20200818T165705_05_21.png,0.0,0.0,0.0,0.0,0.7571830749511719,0.02585120001458563
YOLOv8n,val_S2A_MSIL2A_20200818T142741_N0214_R053_T20LMP_20200818T165705_06_14.png,0.0,0.0,0.0,0.0,0.7907752990722656,0.017646599997533485
YOLOv8n,val_S2A_MSIL2A_20200818T142741_N0214_R053_T20LMP_20200818T165705_08_01.png,0.0,0.0,0.0,0.0,0.7839164733886719,0.018672000005608425
YOLOv8n,val_S2A_MSIL2A_20200818T142741_N0214_R053_T20LMP_20200818T165705_08_14.png,0.0,0.0,0.0,0.0,0.7995185852050781,0.01902700000209734
YOLOv8n,val_S2A_MSIL2A_20200818T142741_N0214_R053_T20LMP_20200818T165705_08_16.png,0.0,0.0,0.0,0.0,0.6070175170898438,0.0177749999857042
YOLOv8n,val_S2A_MSIL2A_20200818T142741_N0214_R053_T20LMP_20200818T165705_09_04.png,0.0,0.0,0.0,0.0,0.7803840637207031,0.020153599994955584
YOLOv8n,val_S2A_MSIL2A_20200818T142741_N0214_R053_T20LMP_20200818T165705_09_13.png,0.0,0.0,0.0,0.0,0.7025260925292969,0.024273900024127215
YOLOv8n,val_S2A_MSIL2A_20200818T142741_N0214_R053_T20LMP_20200818T165705_09_19.png,0.0,0.0,0.0,0.0,0.6688117980957031,0.024879899981897324
YOLOv8n,val_S2A_MSIL2A_20200818T142741_N0214_R053_T20LMP_20200818T165705_09_20.png,0.0,0.0,0.0,0.0,0.7439422607421875,0.025798499991651624
YOLOv8n,val_S2A_MSIL2A_20200818T142741_N0214_R053_T20LMP_20200818T165705_10_08.png,0.0,0.0,0.0,0.0,0.8647613525390625,0.02282710000872612
YOLOv8n,val_S2A_MSIL2A_20200818T142741_N0214_R053_T20LMP_20200818T165705_10_15.png,0.0,0.0,0.0,0.0,0.6877479553222656,0.02078409999376163
YOLOv8n,val_S2A_MSIL2A_20200818T142741_N0214_R053_T20LMP_20200818T165705_11_11.png,0.0,0.0,0.0,0.0,0.7030143737792969,0.028435999993234873
YOLOv8n,val_S2A_MSIL2A_20200818T142741_N0214_R053_T20LMP_20200818T165705_11_12.png,0.0,0.0,0.0,0.0,0.7822380065917969,0.023795399989467114
YOLOv8n,val_S2A_MSIL2A_20200818T142741_N0214_R053_T20LMP_20200818T165705_11_19.png,0.0,0.0,0.0,0.0,0.4407615661621094,0.020842300000367686
YOLOv8n,val_S2A_MSIL2A_20200818T142741_N0214_R053_T20LMP_20200818T165705_12_04.png,0.0,0.0,0.0,0.0,0.7369194030761719,0.021230199985438958
YOLOv8n,val_S2A_MSIL2A_20200818T142741_N0214_R053_T20LMP_20200818T165705_12_05.png,0.0,0.0,0.0,0.0,0.84783935546875,0.028005999978631735
YOLOv8n,val_S2A_MSIL2A_20200818T142741_N0214_R053_T20LMP_20200818T165705_12_10.png,0.0,0.0,0.0,0.0,0.6171875,0.027986300003249198
YOLOv8n,val_S2A_MSIL2A_20200818T142741_N0214_R053_T20LMP_20200818T165705_13_04.png,0.0,0.0,0.0,0.0,0.8688697814941406,0.020614500012015924
YOLOv8n,val_S2A_MSIL2A_20200818T142741_N0214_R053_T20LMP_20200818T165705_13_06.png,0.0,0.0,0.0,0.0,0.7975654602050781,0.020425900002010167
YOLOv8n,val_S2A_MSIL2A_20200818T142741_N0214_R053_T20LMP_20200818T165705_13_14.png,0.9062558413666032,0.9508228871491923,0.9903988860539964,0.9142882433534999,0.9062576293945312,0.026143600000068545
YOLOv8n,val_S2A_MSIL2A_20200818T142741_N0214_R053_T20LMP_20200818T165705_14_02.png,0.9433495086183143,0.9708490463859158,0.9639601590821103,0.9778371045031894,0.9435310363769531,0.024213199998484924
YOLOv8n,val_S2A_MSIL2A_20200818T142741_N0214_R053_T20LMP_20200818T165705_14_03.png,0.0,0.0,0.0,0.0,0.07509231567382812,0.026314299990190193
YOLOv8n,val_S2A_MSIL2A_20200818T142741_N0214_R053_T20LMP_20200818T165705_14_05.png,0.0,0.0,0.0,0.0,0.6212692260742188,0.02898760000243783
YOLOv8n,val_S2A_MSIL2A_20200818T142741_N0214_R053_T20LMP_20200818T165705_14_06.png,0.0,0.0,0.0,0.0,0.6093673706054688,0.027924499998334795
YOLOv8n,val_S2A_MSIL2A_20200818T142741_N0214_R053_T20LMP_20200818T165705_14_18.png,0.0,0.0,0.0,0.0,0.91766357421875,0.028046499995980412
YOLOv8n,val_S2A_MSIL2A_20200818T142741_N0214_R053_T20LMP_20200818T165705_15_04.png,0.0,0.0,0.0,0.0,0.11451339721679688,0.02660660000401549
YOLOv8n,val_S2A_MSIL2A_20200818T142741_N0214_R053_T20LMP_20200818T165705_15_11.png,0.0,0.0,0.0,0.0,0.05999755859375,0.021568800002569333
YOLOv8n,val_S2A_MSIL2A_20200818T142741_N0214_R053_T20LMP_20200818T165705_17_15.png,0.0,0.0,0.0,0.0,0.014156341552734375,0.020811700000194833
YOLOv8n,val_S2A_MSIL2A_20200818T142741_N0214_R053_T20LMP_20200818T165705_18_11.png,0.0,0.0,0.0,0.0,0.005931854248046875,0.023370100010652095
YOLOv8n,val_S2A_MSIL2A_20200818T142741_N0214_R053_T20LMP_20200818T165705_19_15.png,0.0,0.0,0.0,0.0,0.015415191650390625,0.028096199996070936
YOLOv8n,val_S2A_MSIL2A_20200818T142741_N0214_R053_T20LMP_20200818T165705_19_18.png,0.0,0.0,0.0,0.0,0.002880096435546875,0.026968999998643994
YOLOv8n,val_S2A_MSIL2A_20200818T142741_N0214_R053_T20LMP_20200818T165705_19_19.png,0.0,0.0,0.0,0.0,0.004863739013671875,0.019871600001351908
YOLOv8n,val_S2A_MSIL2A_20200818T142741_N0214_R053_T20LMP_20200818T165705_20_10.png,0.0,0.0,0.0,0.0,0.026947021484375,0.02026240000850521
YOLOv8n,val_S2A_MSIL2A_20200818T142741_N0214_R053_T20LMP_20200818T165705_20_16.png,0.0,0.0,0.0,0.0,0.0437469482421875,0.020006500009912997
YOLOv8n,val_S2A_MSIL2A_20200818T142741_N0214_R053_T20LMP_20200818T165705_21_21.png,0.0,0.0,0.0,0.0,0.8556594848632812,0.02048159998957999
YOLOv8n,val_S2B_MSIL2A_20200202T141649_N0213_R010_T20LQN_20200202T164215_02_07.png,0.0,0.0,0.0,0.0,0.209991455078125,0.018749200011370704
YOLOv8n,val_S2B_MSIL2A_20200202T141649_N0213_R010_T20LQN_20200202T164215_03_03.png,0.0,0.0,0.0,0.0,0.00066375732421875,0.018368300021393225
YOLOv8n,val_S2B_MSIL2A_20200202T141649_N0213_R010_T20LQN_20200202T164215_04_10.png,0.0,0.0,0.0,0.0,3.0517578125e-05,0.017320500017376617
YOLOv8n,val_S2B_MSIL2A_20200202T141649_N0213_R010_T20LQN_20200202T164215_05_07.png,0.0,0.0,0.0,0.0,0.5007591247558594,0.02231289999326691
YOLOv8n,val_S2B_MSIL2A_20200202T141649_N0213_R010_T20LQN_20200202T164215_10_02.png,0.0,0.0,0.0,0.0,0.5900344848632812,0.020745900023030117
YOLOv8n,val_S2B_MSIL2A_20200202T141649_N0213_R010_T20LQN_20200202T164215_10_03.png,0.0,0.0,0.0,0.0,0.49022674560546875,0.021301900007529184
YOLOv8n,val_S2B_MSIL2A_20200202T141649_N0213_R010_T20LQN_20200202T164215_11_04.png,0.0,0.0,0.0,0.0,0.5555915832519531,0.02010110000264831
YOLOv8n,val_S2B_MSIL2A_20200202T141649_N0213_R010_T20LQN_20200202T164215_12_07.png,0.0,0.0,0.0,0.0,0.4833641052246094,0.020199300022795796
YOLOv8n,val_S2B_MSIL2A_20200202T141649_N0213_R010_T20LQN_20200202T164215_12_14.png,0.0037041987283523954,0.007381056556394696,1.0,0.0037041987283523954,0.004764556884765625,0.020079400012036785
YOLOv8s,train_S2A_MSIL2A_20200111T142701_N0213_R053_T20NQG_20200111T164651_01_07.png,0.6426348567522882,0.7824439547360689,0.6458110291211469,0.992405078219439,0.6429824829101562,0.8228306999953929
YOLOv8s,train_S2A_MSIL2A_20200111T142701_N0213_R053_T20NQG_20200111T164651_01_13.png,0.6281029586882844,0.7715764599977495,0.6442606200354686,0.9616043099468853,0.6282958984375,0.032477600005222484
YOLOv8s,train_S2A_MSIL2A_20200111T142701_N0213_R053_T20NQG_20200111T164651_02_03.png,0.0,0.0,0.0,0.0,0.4569206237792969,0.03177299999515526
YOLOv8s,train_S2A_MSIL2A_20200111T142701_N0213_R053_T20NQG_20200111T164651_02_04.png,0.46625244083716416,0.6359784002418506,0.4701129673581358,0.9826922457395059,0.46717071533203125,0.03273460001219064
YOLOv8s,train_S2A_MSIL2A_20200111T142701_N0213_R053_T20NQG_20200111T164651_02_07.png,0.28114002743463257,0.4388903967001798,0.284806304771932,0.9562166166322273,0.2823219299316406,0.03351129998918623
YOLOv8s,train_S2A_MSIL2A_20200111T142701_N0213_R053_T20NQG_20200111T164651_02_10.png,0.0,0.0,0.0,0.0,0.20199203491210938,0.03231209999648854
YOLOv8s,train_S2A_MSIL2A_20200111T142701_N0213_R053_T20NQG_20200111T164651_02_11.png,0.0,0.0,0.0,0.0,0.24502944946289062,0.032581200008280575
YOLOv8s,train_S2A_MSIL2A_20200111T142701_N0213_R053_T20NQG_20200111T164651_03_05.png,0.5453809896379979,0.7058207565575815,0.5529380809026676,0.9755528096177609,0.5456047058105469,0.03238809999311343
YOLOv8s,train_S2A_MSIL2A_20200111T142701_N0213_R053_T20NQG_20200111T164651_03_06.png,0.5823470778960393,0.7360547961075069,0.5885551957450587,0.9822092251801944,0.5828170776367188,0.029994400014402345
YOLOv8s,train_S2A_MSIL2A_20200111T142701_N0213_R053_T20NQG_20200111T164651_03_11.png,0.0,0.0,0.0,0.0,0.1164703369140625,0.026484000001801178
YOLOv8s,train_S2A_MSIL2A_20200111T142701_N0213_R053_T20NQG_20200111T164651_04_07.png,0.1670054706312473,0.28621197558039213,0.17487653133217881,0.7877069753164443,0.16996383666992188,0.02401239998289384
YOLOv8s,train_S2A_MSIL2A_20200111T142701_N0213_R053_T20NQG_20200111T164651_04_08.png,0.10249235528164441,0.18592846433925894,0.12635853743741024,0.3517613053109298,0.13004302978515625,0.025548000005073845
YOLOv8s,train_S2A_MSIL2A_20200111T142701_N0213_R053_T20NQG_20200111T164651_04_09.png,0.4652695622781815,0.6350634371395617,0.5213162447602406,0.8123013371601776,0.46893310546875,0.02624090001336299
YOLOv8s,train_S2A_MSIL2A_20200111T142701_N0213_R053_T20NQG_20200111T164651_04_10.png,0.0,0.0,0.0,0.0,0.141571044921875,0.023881600005552173
YOLOv8s,train_S2A_MSIL2A_20200111T142701_N0213_R053_T20NQG_20200111T164651_04_11.png,0.0,0.0,0.0,0.0,0.15567398071289062,0.022632600012002513
YOLOv8s,train_S2A_MSIL2A_20200111T142701_N0213_R053_T20NQG_20200111T164651_05_05.png,0.48028942211084075,0.6489128611430119,0.48156986520701583,0.9944944549035739,0.4810447692871094,0.025365599984070286
YOLOv8s,train_S2A_MSIL2A_20200111T142701_N0213_R053_T20NQG_20200111T164651_05_06.png,0.44667619673735226,0.6175206279673757,0.45903152569269323,0.9431661353456277,0.4477653503417969,0.030545699992217124
YOLOv8s,train_S2A_MSIL2A_20200111T142701_N0213_R053_T20NQG_20200111T164651_05_07.png,0.13827873490332274,0.2429611142916891,0.18293797269043133,0.3616065961875995,0.15760421752929688,0.023962400009622797
YOLOv8s,train_S2A_MSIL2A_20200111T142701_N0213_R053_T20NQG_20200111T164651_05_11.png,0.0,0.0,0.0,0.0,0.039005279541015625,0.021709499997086823
YOLOv8s,train_S2A_MSIL2A_20200111T142701_N0213_R053_T20NQG_20200111T164651_06_01.png,0.0,0.0,0.0,0.0,0.0686187744140625,0.022471099975518882
YOLOv8s,train_S2A_MSIL2A_20200111T142701_N0213_R053_T20NQG_20200111T164651_06_06.png,0.0,0.0,0.0,0.0,0.215728759765625,0.026254600001266226
YOLOv8s,train_S2A_MSIL2A_20200111T142701_N0213_R053_T20NQG_20200111T164651_06_07.png,0.0,0.0,0.0,0.0,0.3458747863769531,0.026538899983279407
YOLOv8s,train_S2A_MSIL2A_20200111T142701_N0213_R053_T20NQG_20200111T164651_06_09.png,0.0,0.0,0.0,0.0,0.43194580078125,0.025247399986255914
YOLOv8s,train_S2A_MSIL2A_20200111T142701_N0213_R053_T20NQG_20200111T164651_06_10.png,0.0,0.0,0.0,0.0,0.056148529052734375,0.02899769999203272
YOLOv8s,train_S2A_MSIL2A_20200111T142701_N0213_R053_T20NQG_20200111T164651_06_13.png,0.6504909574528982,0.7882393472264291,0.66776096716315,0.9617617685393639,0.6506309509277344,0.02451330001349561
YOLOv8s,train_S2A_MSIL2A_20200111T142701_N0213_R053_T20NQG_20200111T164651_06_14.png,0.5270118713378906,0.6902524875280105,0.5272552409521302,0.9991249258718197,0.5270118713378906,0.024770199990598485
YOLOv8s,train_S2A_MSIL2A_20200111T142701_N0213_R053_T20NQG_20200111T164651_07_01.png,0.0,0.0,0.0,0.0,0.2826194763183594,0.02239599998574704
YOLOv8s,train_S2A_MSIL2A_20200111T142701_N0213_R053_T20NQG_20200111T164651_07_02.png,0.0,0.0,0.0,0.0,0.18778610229492188,0.024023500009207055
YOLOv8s,train_S2A_MSIL2A_20200111T142701_N0213_R053_T20NQG_20200111T164651_07_03.png,0.0,0.0,0.0,0.0,0.03110504150390625,0.023803999996744096
YOLOv8s,train_S2A_MSIL2A_20200111T142701_N0213_R053_T20NQG_20200111T164651_07_04.png,0.0,0.0,0.0,0.0,0.17401504516601562,0.02217219999874942
YOLOv8s,train_S2A_MSIL2A_20200111T142701_N0213_R053_T20NQG_20200111T164651_07_05.png,0.0,0.0,0.0,0.0,0.3530120849609375,0.02416970001650043
YOLOv8s,train_S2A_MSIL2A_20200111T142701_N0213_R053_T20NQG_20200111T164651_07_06.png,0.0,0.0,0.0,0.0,0.30918121337890625,0.021494599990546703
YOLOv8s,train_S2A_MSIL2A_20200111T142701_N0213_R053_T20NQG_20200111T164651_07_09.png,0.0,0.0,0.0,0.0,0.15800094604492188,0.02137800000491552
YOLOv8s,train_S2A_MSIL2A_20200111T142701_N0213_R053_T20NQG_20200111T164651_07_11.png,0.7508803790876106,0.8577175094953052,0.7572858868888667,0.9888606958924758,0.7509193420410156,0.02233070001238957
YOLOv8s,train_S2A_MSIL2A_20200111T142701_N0213_R053_T20NQG_20200111T164651_07_12.png,0.6800267873387243,0.8095427911788629,0.7048165459688258,0.9508221565507312,0.6846809387207031,0.021949300018604845
YOLOv8s,train_S2A_MSIL2A_20200111T142701_N0213_R053_T20NQG_20200111T164651_07_13.png,0.0,0.0,0.0,0.0,0.1963348388671875,0.0220878999971319
YOLOv8s,train_S2A_MSIL2A_20200111T142701_N0213_R053_T20NQG_20200111T164651_07_14.png,0.6107372810802967,0.7583325825434233,0.6181282684569984,0.98079789028242,0.6111679077148438,0.022710899997036904
YOLOv8s,train_S2A_MSIL2A_20200111T142701_N0213_R053_T20NQG_20200111T164651_07_15.png,0.4362063698159322,0.6074424664636984,0.43658650318003916,0.9980079159130822,0.4368171691894531,0.022328400023980066
YOLOv8s,train_S2A_MSIL2A_20200111T142701_N0213_R053_T20NQG_20200111T164651_08_01.png,0.0,0.0,0.0,0.0,0.0770263671875,0.021147899999050424
YOLOv8s,train_S2A_MSIL2A_20200111T142701_N0213_R053_T20NQG_20200111T164651_08_09.png,0.0,0.0,0.0,0.0,0.4984779357910156,0.021651799994288012
YOLOv8s,train_S2A_MSIL2A_20200111T142701_N0213_R053_T20NQG_20200111T164651_08_10.png,0.0,0.0,0.0,0.0,0.5098724365234375,0.021082699997350574
YOLOv8s,train_S2A_MSIL2A_20200111T142701_N0213_R053_T20NQG_20200111T164651_08_14.png,0.0,0.0,0.0,0.0,0.2684593200683594,0.025787799997488037
YOLOv8s,train_S2A_MSIL2A_20200111T142701_N0213_R053_T20NQG_20200111T164651_09_01.png,0.0,0.0,0.0,0.0,0.22026443481445312,0.020345700002508238
YOLOv8s,train_S2A_MSIL2A_20200111T142701_N0213_R053_T20NQG_20200111T164651_09_02.png,0.0,0.0,0.0,0.0,0.36429595947265625,0.020544300001347438
YOLOv8s,train_S2A_MSIL2A_20200111T142701_N0213_R053_T20NQG_20200111T164651_09_03.png,0.05473051830026594,0.10378104615473918,0.054739944123387806,0.9968636743797045,0.057647705078125,0.024703600007342175
YOLOv8s,train_S2A_MSIL2A_20200111T142701_N0213_R053_T20NQG_20200111T164651_09_07.png,0.207885140424232,0.3442134247155633,0.21179372267089927,0.9184647827920709,0.20866775512695312,0.023500600014813244
YOLOv8s,train_S2A_MSIL2A_20200111T142701_N0213_R053_T20NQG_20200111T164651_09_08.png,0.0,0.0,0.0,0.0,0.4558258056640625,0.02044890000252053
YOLOv8s,train_S2A_MSIL2A_20200111T142701_N0213_R053_T20NQG_20200111T164651_09_09.png,0.0,0.0,0.0,0.0,0.16601943969726562,0.02140190001227893
YOLOv8s,train_S2A_MSIL2A_20200111T142701_N0213_R053_T20NQG_20200111T164651_09_10.png,0.0,0.0,0.0,0.0,0.04801177978515625,0.020396300009451807
YOLOv8s,train_S2A_MSIL2A_20200111T142701_N0213_R053_T20NQG_20200111T164651_09_12.png,0.0,0.0,0.0,0.0,0.4818115234375,0.021309299976564944
YOLOv8s,train_S2A_MSIL2A_20200111T142701_N0213_R053_T20NQG_20200111T164651_09_13.png,0.27627460741975696,0.4329391273846638,0.30379338586954213,0.7530822638333684,0.2846260070800781,0.02071710000745952
YOLOv8s,train_S2A_MSIL2A_20200111T142701_N0213_R053_T20NQG_20200111T164651_09_15.png,0.5895231663251718,0.7417610247079242,0.5902686512423974,0.9978622404495108,0.5896186828613281,0.020978299988200888
YOLOv8s,train_S2A_MSIL2A_20200111T142701_N0213_R053_T20NQG_20200111T164651_09_16.png,0.3171686136937722,0.48159151439894626,0.31768943395648647,0.9948577182173424,0.3183746337890625,0.0209644999995362
YOLOv8s,train_S2A_MSIL2A_20200111T142701_N0213_R053_T20NQG_20200111T164651_10_01.png,0.0,0.0,0.0,0.0,0.102935791015625,0.022500000020954758
YOLOv8s,train_S2A_MSIL2A_20200111T142701_N0213_R053_T20NQG_20200111T164651_10_02.png,0.17472246989357998,0.2974702099797382,0.18500854964059094,0.7586063667176182,0.17730712890625,0.02235009998548776
YOLOv8s,train_S2A_MSIL2A_20200111T142701_N0213_R053_T20NQG_20200111T164651_10_03.png,0.018428802490234375,0.036190654555670006,0.018428802490234375,1.0,0.018428802490234375,0.024254400021163747
YOLOv8s,train_S2A_MSIL2A_20200111T142701_N0213_R053_T20NQG_20200111T164651_10_04.png,0.016887862756490627,0.03321479855352484,0.016887862756490627,1.0,0.01889801025390625,0.02281689998926595
YOLOv8s,train_S2A_MSIL2A_20200111T142701_N0213_R053_T20NQG_20200111T164651_10_09.png,0.6058981540566049,0.7545910088084553,0.6498409914266512,0.8996006036331453,0.6065521240234375,0.021366500004660338
YOLOv8s,train_S2A_MSIL2A_20200111T142701_N0213_R053_T20NQG_20200111T164651_10_11.png,0.0,0.0,0.0,0.0,0.103546142578125,0.019941799982916564
YOLOv8s,train_S2A_MSIL2A_20200111T142701_N0213_R053_T20NQG_20200111T164651_10_12.png,0.0,0.0,0.0,0.0,0.14123916625976562,0.02093349999631755
YOLOv8s,train_S2A_MSIL2A_20200111T142701_N0213_R053_T20NQG_20200111T164651_10_17.png,0.47325587247997336,0.6424625637952874,0.5324177523401327,0.8098494033776577,0.48101806640625,0.021582199988188222
YOLOv8s,train_S2A_MSIL2A_20200111T142701_N0213_R053_T20NQG_20200111T164651_11_02.png,0.0,0.0,0.0,0.0,0.5790252685546875,0.02052339998772368
YOLOv8s,train_S2A_MSIL2A_20200111T142701_N0213_R053_T20NQG_20200111T164651_11_03.png,0.02689690221357799,0.052384815175893606,0.026904201320939333,0.990014064697609,0.028533935546875,0.024715600011404604
YOLOv8s,train_S2A_MSIL2A_20200111T142701_N0213_R053_T20NQG_20200111T164651_11_05.png,0.05944254726520022,0.1122147631669932,0.05944436177154042,0.9994867517803298,0.05965423583984375,0.023937299993121997
YOLOv8s,train_S2A_MSIL2A_20200111T142701_N0213_R053_T20NQG_20200111T164651_11_07.png,0.0,0.0,0.0,0.0,0.27191162109375,0.02077980001922697
YOLOv8s,train_S2A_MSIL2A_20200111T142701_N0213_R053_T20NQG_20200111T164651_11_10.png,0.5306712077146793,0.6933836672958412,0.536549600126907,0.9797722166485325,0.5321464538574219,0.022601600008783862
YOLOv8s,train_S2A_MSIL2A_20200111T142701_N0213_R053_T20NQG_20200111T164651_11_11.png,0.7406275779889395,0.8509891344415383,0.7915392810348135,0.9200943248513719,0.740936279296875,0.025598199979867786
YOLOv8s,train_S2A_MSIL2A_20200111T142701_N0213_R053_T20NQG_20200111T164651_11_14.png,0.32036310993521927,0.48526516308220274,0.32692887960593603,0.9410092715829367,0.3248405456542969,0.021447000006446615
YOLOv8s,train_S2A_MSIL2A_20200111T142701_N0213_R053_T20NQG_20200111T164651_11_17.png,0.0,0.0,0.0,0.0,0.25260162353515625,0.02022390000638552
YOLOv8s,train_S2A_MSIL2A_20200111T142701_N0213_R053_T20NQG_20200111T164651_11_18.png,0.0,0.0,0.0,0.0,0.07268142700195312,0.020644400006858632
YOLOv8s,train_S2A_MSIL2A_20200111T142701_N0213_R053_T20NQG_20200111T164651_12_01.png,0.0,0.0,0.0,0.0,0.13274765014648438,0.02317960001528263
YOLOv8s,train_S2A_MSIL2A_20200111T142701_N0213_R053_T20NQG_20200111T164651_12_02.png,0.13597661176290748,0.23940037207612422,0.13976408109074198,0.8338254593175853,0.13753890991210938,0.020774200005689636
YOLOv8s,train_S2A_MSIL2A_20200111T142701_N0213_R053_T20NQG_20200111T164651_12_05.png,0.09527578206132951,0.1739758764354649,0.0953063210578349,0.9966480898150392,0.1060333251953125,0.02100320000317879
YOLOv8s,train_S2A_MSIL2A_20200111T142701_N0213_R053_T20NQG_20200111T164651_12_07.png,0.2478020162943328,0.3971816250629956,0.3008475395260737,0.5842701901240592,0.279052734375,0.021258499997202307
YOLOv8s,train_S2A_MSIL2A_20200111T142701_N0213_R053_T20NQG_20200111T164651_12_11.png,0.5538368225097656,0.7128635574682873,0.5566482631700023,0.9909630125111768,0.5538368225097656,0.02112789999227971
YOLOv8s,train_S2A_MSIL2A_20200111T142701_N0213_R053_T20NQG_20200111T164651_12_14.png,0.0,0.0,0.0,0.0,0.19156646728515625,0.019705000013345852
YOLOv8s,train_S2A_MSIL2A_20200111T142701_N0213_R053_T20NQG_20200111T164651_12_15.png,0.4420425597119271,0.6130783820974504,0.5144858396347554,0.7584160368057837,0.4443817138671875,0.021014800004195422
YOLOv8s,train_S2A_MSIL2A_20200111T142701_N0213_R053_T20NQG_20200111T164651_13_02.png,0.15988851753590064,0.27569635377643403,0.16409506858249742,0.8618241848947585,0.16289138793945312,0.022135699982754886
YOLOv8s,train_S2A_MSIL2A_20200111T142701_N0213_R053_T20NQG_20200111T164651_13_05.png,0.0774345921900438,0.1437388269345365,0.07744465508806263,0.9983247930626724,0.0791168212890625,0.021202500007348135
YOLOv8s,train_S2A_MSIL2A_20200111T142701_N0213_R053_T20NQG_20200111T164651_13_06.png,0.25070166528561116,0.4008976276982261,0.3015935724227905,0.597698533361252,0.25146484375,0.02164930000435561
YOLOv8s,train_S2A_MSIL2A_20200111T142701_N0213_R053_T20NQG_20200111T164651_13_07.png,0.3673046465031963,0.5372681902933,0.40703319940790866,0.7900556567994877,0.36759185791015625,0.025403099978575483
YOLOv8s,train_S2A_MSIL2A_20200111T142701_N0213_R053_T20NQG_20200111T164651_13_08.png,0.3756068494249493,0.5460962186717314,0.375935681680901,0.997676636500142,0.3764190673828125,0.020759799983352423
YOLOv8s,train_S2A_MSIL2A_20200111T142701_N0213_R053_T20NQG_20200111T164651_13_10.png,0.18564062183454186,0.3131482144181263,0.18634722451375751,0.9799830501634449,0.18729019165039062,0.02059599998756312
YOLOv8s,train_S2A_MSIL2A_20200111T142701_N0213_R053_T20NQG_20200111T164651_13_13.png,0.5704503263095443,0.7264799360449246,0.6105132501198225,0.8968328950456441,0.5719070434570312,0.01988010000786744
YOLOv8s,train_S2A_MSIL2A_20200111T142701_N0213_R053_T20NQG_20200111T164651_13_14.png,0.456449804889887,0.626797852363194,0.5723497674238874,0.6926944189499652,0.46173095703125,0.02099279998219572
YOLOv8s,train_S2A_MSIL2A_20200111T142701_N0213_R053_T20NQG_20200111T164651_13_16.png,0.7230955676022847,0.8392982736395566,0.7456350254467471,0.9598731286475514,0.7236976623535156,0.020501899998635054
YOLOv8s,train_S2A_MSIL2A_20200111T142701_N0213_R053_T20NQG_20200111T164651_14_01.png,0.0,0.0,0.0,0.0,0.3625946044921875,0.020444199995836243
YOLOv8s,train_S2A_MSIL2A_20200111T142701_N0213_R053_T20NQG_20200111T164651_14_08.png,0.06380184905154758,0.11995062634724936,0.06382726120308987,0.993798449612403,0.06711959838867188,0.022798299993155524
YOLOv8s,train_S2A_MSIL2A_20200111T142701_N0213_R053_T20NQG_20200111T164651_14_11.png,0.2886765649344698,0.44802019806909305,0.29045904625043706,0.9791842074584526,0.28943634033203125,0.02059410000219941
YOLOv8s,train_S2A_MSIL2A_20200111T142701_N0213_R053_T20NQG_20200111T164651_15_02.png,0.1572153618670823,0.2717132299616673,0.1797939727429778,0.5559323950031089,0.19551849365234375,0.020076199987670407
YOLOv8s,train_S2A_MSIL2A_20200111T142701_N0213_R053_T20NQG_20200111T164651_15_03.png,0.03349766148400961,0.06482387475538161,0.033504976897082824,0.9935241990456715,0.03748321533203125,0.020233800023561344
YOLOv8s,train_S2A_MSIL2A_20200111T142701_N0213_R053_T20NQG_20200111T164651_15_13.png,0.0,0.0,0.0,0.0,0.20359420776367188,0.018954200000735
YOLOv8s,train_S2A_MSIL2A_20200111T142701_N0213_R053_T20NQG_20200111T164651_17_01.png,0.0,0.0,0.0,0.0,0.3895759582519531,0.019372500013560057
YOLOv8s,train_S2A_MSIL2A_20200115T140641_N0213_R110_T21LUH_20200115T163049_01_09.png,0.22135468394273228,0.3624740410838942,0.2215137614678899,0.9967662033851659,0.222412109375,0.020125800016103312
YOLOv8s,train_S2A_MSIL2A_20200115T140641_N0213_R110_T21LUH_20200115T163049_02_09.png,0.08158716176104483,0.15086562534304543,0.08159810005362751,0.9983596569339644,0.08526229858398438,0.019451500003924593
YOLOv8s,train_S2A_MSIL2A_20200115T140641_N0213_R110_T21LUH_20200115T163049_03_03.png,0.12432511197005951,0.221155092324168,0.12443676837459221,0.9928343949044586,0.12886810302734375,0.019848399999318644
YOLOv8s,train_S2A_MSIL2A_20200115T140641_N0213_R110_T21LUH_20200115T163049_03_05.png,0.4322451428942731,0.6035910054067902,0.43362411089169656,0.9926965651032751,0.4333648681640625,0.019822000002022833
YOLOv8s,train_S2A_MSIL2A_20200115T140641_N0213_R110_T21LUH_20200115T163049_03_08.png,0.0,0.0,0.0,0.0,0.7820663452148438,0.021075399999972433
YOLOv8s,train_S2A_MSIL2A_20200115T140641_N0213_R110_T21LUH_20200115T163049_03_09.png,0.1541614582933918,0.2671401946160005,0.15432418634823028,0.9932065217391305,0.15850448608398438,0.01988619999610819
YOLOv8s,train_S2A_MSIL2A_20200115T140641_N0213_R110_T21LUH_20200115T163049_04_02.png,0.16573934234237786,0.28435060278458063,0.17284402462444431,0.8012772852921551,0.19293975830078125,0.020307700004195794
YOLOv8s,train_S2A_MSIL2A_20200115T140641_N0213_R110_T21LUH_20200115T163049_04_06.png,0.5571001198171452,0.7155610775787072,0.5581927945770073,0.9964985325233773,0.5572319030761719,0.019605399982538074
YOLOv8s,train_S2A_MSIL2A_20200115T140641_N0213_R110_T21LUH_20200115T163049_04_07.png,0.20540848038729087,0.34081140746793864,0.20572501424370696,0.9925651243450668,0.20608139038085938,0.020208700007060543
YOLOv8s,train_S2A_MSIL2A_20200115T140641_N0213_R110_T21LUH_20200115T163049_04_08.png,0.5061897684965297,0.6721460722732243,0.5118875159778441,0.9784836369021176,0.5082015991210938,0.020078100002137944
YOLOv8s,train_S2A_MSIL2A_20200115T140641_N0213_R110_T21LUH_20200115T163049_04_09.png,0.0,0.0,0.0,0.0,0.42235565185546875,0.02039859999786131
YOLOv8s,train_S2A_MSIL2A_20200115T140641_N0213_R110_T21LUH_20200115T163049_04_11.png,0.9912424047136807,0.995601944160295,0.9939991921989498,0.9972098731129018,0.9912910461425781,0.02505219998420216
YOLOv8s,train_S2A_MSIL2A_20200115T140641_N0213_R110_T21LUH_20200115T163049_04_12.png,0.0,0.0,0.0,0.0,0.10044097900390625,0.018725100002484396
YOLOv8s,train_S2A_MSIL2A_20200115T140641_N0213_R110_T21LUH_20200115T163049_04_13.png,0.2446691503946339,0.39314728788298364,0.2715409974168425,0.7120139749802773,0.2559928894042969,0.024375800014240667
YOLOv8s,train_S2A_MSIL2A_20200115T140641_N0213_R110_T21LUH_20200115T163049_04_14.png,0.283248730964467,0.44145569620253167,0.2861913649755511,0.9649711343423311,0.2836151123046875,0.02133529999991879
YOLOv8s,train_S2A_MSIL2A_20200115T140641_N0213_R110_T21LUH_20200115T163049_04_15.png,0.0,0.0,0.0,0.0,0.5383720397949219,0.01969190000090748
YOLOv8s,train_S2A_MSIL2A_20200115T140641_N0213_R110_T21LUH_20200115T163049_05_02.png,0.24496640436647413,0.39353094751360806,0.24583423085207864,0.9857940523198421,0.24855804443359375,0.02238379998016171
YOLOv8s,train_S2A_MSIL2A_20200115T140641_N0213_R110_T21LUH_20200115T163049_05_03.png,0.14767895347190593,0.2573523772047127,0.14798649996164762,0.9861228245035651,0.15047836303710938,0.020440899999812245
YOLOv8s,train_S2A_MSIL2A_20200115T140641_N0213_R110_T21LUH_20200115T163049_05_06.png,0.16003144006165915,0.27590879787388006,0.16013286499694562,0.996057756245844,0.16021728515625,0.024119799985783175
YOLOv8s,train_S2A_MSIL2A_20200115T140641_N0213_R110_T21LUH_20200115T163049_05_08.png,0.0,0.0,0.0,0.0,0.36643218994140625,0.020746499998494983
YOLOv8s,train_S2A_MSIL2A_20200115T140641_N0213_R110_T21LUH_20200115T163049_05_09.png,0.42773650398521873,0.5991812954159041,0.43708452323115027,0.9523801327125164,0.43524169921875,0.027545499993721023
YOLOv8s,train_S2A_MSIL2A_20200115T140641_N0213_R110_T21LUH_20200115T163049_05_10.png,0.0,0.0,0.0,0.0,0.39870452880859375,0.019290900003397837
YOLOv8s,train_S2A_MSIL2A_20200115T140641_N0213_R110_T21LUH_20200115T163049_06_06.png,0.1446140667543672,0.25268616026086493,0.1446627494185335,0.9976783452933727,0.146728515625,0.02066540002124384
YOLOv8s,train_S2A_MSIL2A_20200115T140641_N0213_R110_T21LUH_20200115T163049_06_09.png,0.2237350950692878,0.36565935874646127,0.2335716431360769,0.8415880162784657,0.22815322875976562,0.023077899997588247
YOLOv8s,train_S2A_MSIL2A_20200115T140641_N0213_R110_T21LUH_20200115T163049_07_04.png,0.09197534169044032,0.16845681066031623,0.09218368512435657,0.9760165570976381,0.09422683715820312,0.026699499983806163
YOLOv8s,train_S2A_MSIL2A_20200115T140641_N0213_R110_T21LUH_20200115T163049_07_06.png,0.14578292529098102,0.25446866430472986,0.14586711746167733,0.9960564115957169,0.1475067138671875,0.025896000006468967
YOLOv8s,train_S2A_MSIL2A_20200115T140641_N0213_R110_T21LUH_20200115T163049_07_13.png,0.2330494704488949,0.37800506149044066,0.24188462101139485,0.8645045097384206,0.2527656555175781,0.021135799994226545
YOLOv8s,train_S2A_MSIL2A_20200115T140641_N0213_R110_T21LUH_20200115T163049_08_03.png,0.1484120155261095,0.2584647557142096,0.148921147654844,0.9774828098632345,0.15052032470703125,0.021386100008385256
YOLOv8s,train_S2A_MSIL2A_20200115T140641_N0213_R110_T21LUH_20200115T163049_08_04.png,0.11702135782954971,0.20952393973366876,0.11716136923988456,0.9898911604172722,0.1177825927734375,0.020431000011740252
YOLOv8s,train_S2A_MSIL2A_20200115T140641_N0213_R110_T21LUH_20200115T163049_08_05.png,0.0,0.0,0.0,0.0,0.7808609008789062,0.019575199985411018
YOLOv8s,train_S2A_MSIL2A_20200115T140641_N0213_R110_T21LUH_20200115T163049_08_06.png,0.10328911628838812,0.1872385302519189,0.10361326577542794,0.9706020781289598,0.112152099609375,0.020842800004174933
YOLOv8s,train_S2A_MSIL2A_20200115T140641_N0213_R110_T21LUH_20200115T163049_09_06.png,0.0,0.0,0.0,0.0,0.8294334411621094,0.01989779999712482
YOLOv8s,train_S2A_MSIL2A_20200115T140641_N0213_R110_T21LUH_20200115T163049_16_11.png,0.0,0.0,0.0,0.0,0.6166152954101562,0.01998089998960495
YOLOv8s,train_S2A_MSIL2A_20200217T141651_N0209_R010_T20LQN_20200217T160045_02_11.png,0.0,0.0,0.0,0.0,0.08388519287109375,0.018962000001920387
YOLOv8s,train_S2A_MSIL2A_20200217T141651_N0209_R010_T20LQN_20200217T160045_02_15.png,0.0,0.0,0.0,0.0,0.3261451721191406,0.018209600006230175
YOLOv8s,train_S2A_MSIL2A_20200217T141651_N0209_R010_T20LQN_20200217T160045_02_16.png,0.0,0.0,0.0,0.0,0.22451400756835938,0.01853649999247864
YOLOv8s,train_S2A_MSIL2A_20200217T141651_N0209_R010_T20LQN_20200217T160045_02_17.png,0.0,0.0,0.0,0.0,0.23914337158203125,0.018897400004789233
YOLOv8s,train_S2A_MSIL2A_20200217T141651_N0209_R010_T20LQN_20200217T160045_02_21.png,0.0023501379833489235,0.004689255569071342,0.9711538461538461,0.0023503020487187364,0.182220458984375,0.018935999978566542
YOLOv8s,train_S2A_MSIL2A_20200217T141651_N0209_R010_T20LQN_20200217T160045_03_02.png,0.0,0.0,0.0,0.0,0.046100616455078125,0.017178300011437386
YOLOv8s,train_S2A_MSIL2A_20200217T141651_N0209_R010_T20LQN_20200217T160045_03_13.png,0.0,0.0,0.0,0.0,0.14628219604492188,0.02024330000858754
YOLOv8s,train_S2A_MSIL2A_20200217T141651_N0209_R010_T20LQN_20200217T160045_03_14.png,0.0,0.0,0.0,0.0,0.21979522705078125,0.018354400002863258
YOLOv8s,train_S2A_MSIL2A_20200217T141651_N0209_R010_T20LQN_20200217T160045_03_15.png,0.0,0.0,0.0,0.0,0.1883392333984375,0.017013000004226342
YOLOv8s,train_S2A_MSIL2A_20200217T141651_N0209_R010_T20LQN_20200217T160045_03_17.png,0.0,0.0,0.0,0.0,0.2412872314453125,0.018088000011630356
YOLOv8s,train_S2A_MSIL2A_20200217T141651_N0209_R010_T20LQN_20200217T160045_03_19.png,0.0,0.0,0.0,0.0,0.11525726318359375,0.017803499998990446
YOLOv8s,train_S2A_MSIL2A_20200217T141651_N0209_R010_T20LQN_20200217T160045_03_21.png,0.0,0.0,0.0,0.0,0.16643142700195312,0.018202400009613484
YOLOv8s,train_S2A_MSIL2A_20200217T141651_N0209_R010_T20LQN_20200217T160045_04_15.png,0.0,0.0,0.0,0.0,0.2323150634765625,0.017825799994170666
YOLOv8s,train_S2A_MSIL2A_20200217T141651_N0209_R010_T20LQN_20200217T160045_04_16.png,0.0,0.0,0.0,0.0,0.12780380249023438,0.01684269998804666
YOLOv8s,train_S2A_MSIL2A_20200217T141651_N0209_R010_T20LQN_20200217T160045_04_17.png,0.0,0.0,0.0,0.0,0.30376434326171875,0.01835270001902245
YOLOv8s,train_S2A_MSIL2A_20200217T141651_N0209_R010_T20LQN_20200217T160045_04_21.png,0.0,0.0,0.0,0.0,0.165802001953125,0.017833299993071705
YOLOv8s,train_S2A_MSIL2A_20200217T141651_N0209_R010_T20LQN_20200217T160045_05_01.png,0.0,0.0,0.0,0.0,0.023708343505859375,0.016357899992726743
YOLOv8s,train_S2A_MSIL2A_20200217T141651_N0209_R010_T20LQN_20200217T160045_05_16.png,0.0,0.0,0.0,0.0,0.10461044311523438,0.01946700000553392
YOLOv8s,train_S2A_MSIL2A_20200217T141651_N0209_R010_T20LQN_20200217T160045_05_17.png,0.0,0.0,0.0,0.0,0.21310806274414062,0.01675090001663193
YOLOv8s,train_S2A_MSIL2A_20200217T141651_N0209_R010_T20LQN_20200217T160045_05_18.png,0.0,0.0,0.0,0.0,0.2457122802734375,0.017934300005435944
YOLOv8s,train_S2A_MSIL2A_20200217T141651_N0209_R010_T20LQN_20200217T160045_05_20.png,0.0,0.0,0.0,0.0,0.13541793823242188,0.01691690000006929
YOLOv8s,train_S2A_MSIL2A_20200217T141651_N0209_R010_T20LQN_20200217T160045_05_21.png,0.0,0.0,0.0,0.0,0.08465957641601562,0.015409999992698431
YOLOv8s,train_S2A_MSIL2A_20200217T141651_N0209_R010_T20LQN_20200217T160045_06_01.png,0.0,0.0,0.0,0.0,0.013675689697265625,0.01705910000600852
YOLOv8s,train_S2A_MSIL2A_20200217T141651_N0209_R010_T20LQN_20200217T160045_06_13.png,0.0,0.0,0.0,0.0,0.149871826171875,0.01754970001638867
YOLOv8s,train_S2A_MSIL2A_20200217T141651_N0209_R010_T20LQN_20200217T160045_06_14.png,0.00872877174699934,0.01730647918742743,0.8577254191209787,0.008741428274572279,0.179931640625,0.018203800020273775
YOLOv8s,train_S2A_MSIL2A_20200217T141651_N0209_R010_T20LQN_20200217T160045_06_16.png,0.0,0.0,0.0,0.0,0.1207733154296875,0.019906500005163252
YOLOv8s,train_S2A_MSIL2A_20200217T141651_N0209_R010_T20LQN_20200217T160045_06_17.png,0.0,0.0,0.0,0.0,0.15506362915039062,0.018874800007324666
YOLOv8s,train_S2A_MSIL2A_20200217T141651_N0209_R010_T20LQN_20200217T160045_06_18.png,0.0,0.0,0.0,0.0,0.2757377624511719,0.02092310000443831
YOLOv8s,train_S2A_MSIL2A_20200217T141651_N0209_R010_T20LQN_20200217T160045_06_19.png,0.0,0.0,0.0,0.0,0.18827438354492188,0.023257399996509776
YOLOv8s,train_S2A_MSIL2A_20200217T141651_N0209_R010_T20LQN_20200217T160045_06_20.png,0.0,0.0,0.0,0.0,0.07634353637695312,0.018341199989663437
YOLOv8s,train_S2A_MSIL2A_20200217T141651_N0209_R010_T20LQN_20200217T160045_07_01.png,0.0,0.0,0.0,0.0,0.019489288330078125,0.02227579997270368
YOLOv8s,train_S2A_MSIL2A_20200217T141651_N0209_R010_T20LQN_20200217T160045_07_03.png,0.3169178526460376,0.4813023864917094,0.321989285243563,0.952654577985755,0.3170585632324219,0.023442400008207187
YOLOv8s,train_S2A_MSIL2A_20200217T141651_N0209_R010_T20LQN_20200217T160045_07_04.png,0.4005245811380199,0.571963657806801,0.4030426150791819,0.9846411249389029,0.4019012451171875,0.03322839998872951
YOLOv8s,train_S2A_MSIL2A_20200217T141651_N0209_R010_T20LQN_20200217T160045_07_09.png,0.0,0.0,0.0,0.0,0.5820693969726562,0.032886600005440414
YOLOv8s,train_S2A_MSIL2A_20200217T141651_N0209_R010_T20LQN_20200217T160045_07_16.png,0.0,0.0,0.0,0.0,0.15284347534179688,0.03234990002238192
YOLOv8s,train_S2A_MSIL2A_20200217T141651_N0209_R010_T20LQN_20200217T160045_07_18.png,0.0,0.0,0.0,0.0,0.11272430419921875,0.022464900015620515
YOLOv8s,train_S2A_MSIL2A_20200217T141651_N0209_R010_T20LQN_20200217T160045_07_19.png,0.0,0.0,0.0,0.0,0.0860748291015625,0.02226249998784624
YOLOv8s,train_S2A_MSIL2A_20200217T141651_N0209_R010_T20LQN_20200217T160045_07_20.png,0.0,0.0,0.0,0.0,0.07149124145507812,0.021097999997437
YOLOv8s,train_S2A_MSIL2A_20200217T141651_N0209_R010_T20LQN_20200217T160045_07_21.png,0.0,0.0,0.0,0.0,0.00902557373046875,0.022968499979469925
YOLOv8s,train_S2A_MSIL2A_20200217T141651_N0209_R010_T20LQN_20200217T160045_08_01.png,0.0,0.0,0.0,0.0,0.05231475830078125,0.024902200006181374
YOLOv8s,train_S2A_MSIL2A_20200217T141651_N0209_R010_T20LQN_20200217T160045_08_05.png,0.36217382323916186,0.5317586009367523,0.36441659706961116,0.9832909289163508,0.3638916015625,0.028974800021387637
YOLOv8s,train_S2A_MSIL2A_20200217T141651_N0209_R010_T20LQN_20200217T160045_08_15.png,0.0,0.0,0.0,0.0,0.11957931518554688,0.022929900005692616
YOLOv8s,train_S2A_MSIL2A_20200217T141651_N0209_R010_T20LQN_20200217T160045_08_16.png,0.0,0.0,0.0,0.0,0.14166641235351562,0.01955730002373457
YOLOv8s,train_S2A_MSIL2A_20200217T141651_N0209_R010_T20LQN_20200217T160045_08_17.png,0.0,0.0,0.0,0.0,0.08797454833984375,0.024549699999624863
YOLOv8s,train_S2A_MSIL2A_20200217T141651_N0209_R010_T20LQN_20200217T160045_08_19.png,0.0,0.0,0.0,0.0,0.06853485107421875,0.0194816000002902
YOLOv8s,train_S2A_MSIL2A_20200217T141651_N0209_R010_T20LQN_20200217T160045_08_20.png,0.0070049231905021485,0.01391239114960509,0.9849124924562462,0.007005674940116933,0.11748123168945312,0.02389089998905547
YOLOv8s,train_S2A_MSIL2A_20200217T141651_N0209_R010_T20LQN_20200217T160045_08_21.png,0.0,0.0,0.0,0.0,0.06832122802734375,0.02016590000130236
YOLOv8s,train_S2A_MSIL2A_20200217T141651_N0209_R010_T20LQN_20200217T160045_09_03.png,0.20478043569493723,0.3399464825751698,0.2077527481034216,0.934697431432303,0.20488357543945312,0.03076700001838617
YOLOv8s,train_S2A_MSIL2A_20200217T141651_N0209_R010_T20LQN_20200217T160045_09_09.png,0.0,0.0,0.0,0.0,0.3722991943359375,0.020261300000129268
YOLOv8s,train_S2A_MSIL2A_20200217T141651_N0209_R010_T20LQN_20200217T160045_09_10.png,0.0,0.0,0.0,0.0,0.166259765625,0.024555699987104163
YOLOv8s,train_S2A_MSIL2A_20200217T141651_N0209_R010_T20LQN_20200217T160045_09_13.png,0.0,0.0,0.0,0.0,0.20078277587890625,0.021924300002865493
YOLOv8s,train_S2A_MSIL2A_20200217T141651_N0209_R010_T20LQN_20200217T160045_09_16.png,0.0,0.0,0.0,0.0,0.16383743286132812,0.020375899999635294
YOLOv8s,train_S2A_MSIL2A_20200217T141651_N0209_R010_T20LQN_20200217T160045_09_17.png,0.005981762417405982,0.011892387398816491,1.0,0.005981762417405982,0.0789337158203125,0.018230099987704307
YOLOv8s,train_S2A_MSIL2A_20200217T141651_N0209_R010_T20LQN_20200217T160045_09_20.png,0.0,0.0,0.0,0.0,0.030216217041015625,0.016252500005066395
YOLOv8s,train_S2A_MSIL2A_20200217T141651_N0209_R010_T20LQN_20200217T160045_10_08.png,0.0,0.0,0.0,0.0,0.5512657165527344,0.02307170000858605
YOLOv8s,train_S2A_MSIL2A_20200217T141651_N0209_R010_T20LQN_20200217T160045_10_09.png,0.0,0.0,0.0,0.0,0.5527610778808594,0.020619999995687976
YOLOv8s,train_S2A_MSIL2A_20200217T141651_N0209_R010_T20LQN_20200217T160045_10_12.png,0.0,0.0,0.0,0.0,0.10916519165039062,0.01882209998439066
YOLOv8s,train_S2A_MSIL2A_20200217T141651_N0209_R010_T20LQN_20200217T160045_10_13.png,0.0,0.0,0.0,0.0,0.0510101318359375,0.016417899983935058
YOLOv8s,train_S2A_MSIL2A_20200217T141651_N0209_R010_T20LQN_20200217T160045_11_06.png,0.36444522447796046,0.5342027923728458,0.3652213810506997,0.9942025666912997,0.3645591735839844,0.020391600002767518
YOLOv8s,train_S2A_MSIL2A_20200217T141651_N0209_R010_T20LQN_20200217T160045_11_09.png,0.0,0.0,0.0,0.0,0.6861228942871094,0.019053099997108802
YOLOv8s,train_S2A_MSIL2A_20200217T141651_N0209_R010_T20LQN_20200217T160045_11_16.png,0.004545007746640392,0.009048888226194249,1.0,0.004545007746640392,0.18872833251953125,0.01813920002314262
YOLOv8s,train_S2A_MSIL2A_20200217T141651_N0209_R010_T20LQN_20200217T160045_12_01.png,0.12035369873046875,0.21484946917540024,0.12035369873046875,1.0,0.12035369873046875,0.01953769999090582
YOLOv8s,train_S2A_MSIL2A_20200217T141651_N0209_R010_T20LQN_20200217T160045_12_02.png,0.1934425601226406,0.32417573595290927,0.19374625742756682,0.991961951928935,0.19719314575195312,0.022141600027680397
YOLOv8s,train_S2A_MSIL2A_20200217T141651_N0209_R010_T20LQN_20200217T160045_12_05.png,0.3209718670076726,0.48596321393998065,0.3281660402689802,0.9360667052589393,0.3214225769042969,0.02223910001339391
YOLOv8s,train_S2A_MSIL2A_20200217T141651_N0209_R010_T20LQN_20200217T160045_12_12.png,0.0,0.0,0.0,0.0,0.0946197509765625,0.019399599987082183
YOLOv8s,train_S2A_MSIL2A_20200217T141651_N0209_R010_T20LQN_20200217T160045_12_13.png,0.0,0.0,0.0,0.0,0.22690200805664062,0.018079200002830476
YOLOv8s,train_S2A_MSIL2A_20200217T141651_N0209_R010_T20LQN_20200217T160045_12_14.png,0.0,0.0,0.0,0.0,0.23343658447265625,0.019814299972495064
YOLOv8s,train_S2A_MSIL2A_20200217T141651_N0209_R010_T20LQN_20200217T160045_12_17.png,0.0,0.0,0.0,0.0,0.11527252197265625,0.017901699990034103
YOLOv8s,train_S2A_MSIL2A_20200217T141651_N0209_R010_T20LQN_20200217T160045_12_18.png,0.0,0.0,0.0,0.0,0.1836700439453125,0.017422700009774417
YOLOv8s,train_S2A_MSIL2A_20200217T141651_N0209_R010_T20LQN_20200217T160045_13_02.png,0.19364244906717348,0.32445637170243774,0.194283407658004,0.9832483754231682,0.1972198486328125,0.02452800000901334
YOLOv8s,train_S2A_MSIL2A_20200217T141651_N0209_R010_T20LQN_20200217T160045_13_03.png,0.0,0.0,0.0,0.0,0.6495742797851562,0.0195069000183139
YOLOv8s,train_S2A_MSIL2A_20200217T141651_N0209_R010_T20LQN_20200217T160045_13_04.png,0.0,0.0,0.0,0.0,0.7624549865722656,0.018701799999689683
YOLOv8s,train_S2A_MSIL2A_20200217T141651_N0209_R010_T20LQN_20200217T160045_13_10.png,0.0,0.0,0.0,0.0,0.5954322814941406,0.019339999998919666
YOLOv8s,train_S2A_MSIL2A_20200217T141651_N0209_R010_T20LQN_20200217T160045_13_13.png,0.0,0.0,0.0,0.0,0.2628364562988281,0.0176666000043042
YOLOv8s,train_S2A_MSIL2A_20200217T141651_N0209_R010_T20LQN_20200217T160045_13_15.png,0.0,0.0,0.0,0.0,0.12699127197265625,0.017584600020200014
YOLOv8s,train_S2A_MSIL2A_20200217T141651_N0209_R010_T20LQN_20200217T160045_13_17.png,0.0,0.0,0.0,0.0,0.19085311889648438,0.017167699988931417
YOLOv8s,train_S2A_MSIL2A_20200217T141651_N0209_R010_T20LQN_20200217T160045_13_18.png,0.0,0.0,0.0,0.0,0.05328369140625,0.017347799992421642
YOLOv8s,train_S2A_MSIL2A_20200217T141651_N0209_R010_T20LQN_20200217T160045_14_02.png,0.13699014067203144,0.24096979520167486,0.13704644008035122,0.9970101710070415,0.14252090454101562,0.0242599000048358
YOLOv8s,train_S2A_MSIL2A_20200217T141651_N0209_R010_T20LQN_20200217T160045_14_03.png,0.12971815883903584,0.22964693950275486,0.1297849762203529,0.9960468434193318,0.14235687255859375,0.02590579999377951
YOLOv8s,train_S2A_MSIL2A_20200217T141651_N0209_R010_T20LQN_20200217T160045_14_08.png,0.24102133403897114,0.38842415908283245,0.24127764127764129,0.9956118811881188,0.24503707885742188,0.025387499976204708
YOLOv8s,train_S2A_MSIL2A_20200217T141651_N0209_R010_T20LQN_20200217T160045_14_18.png,0.0,0.0,0.0,0.0,0.0426025390625,0.018334099993808195
YOLOv8s,train_S2A_MSIL2A_20200217T141651_N0209_R010_T20LQN_20200217T160045_14_19.png,0.0,0.0,0.0,0.0,0.039928436279296875,0.026423600007547066
YOLOv8s,train_S2A_MSIL2A_20200217T141651_N0209_R010_T20LQN_20200217T160045_14_20.png,0.0,0.0,0.0,0.0,0.13994979858398438,0.02508959997794591
YOLOv8s,train_S2A_MSIL2A_20200217T141651_N0209_R010_T20LQN_20200217T160045_14_21.png,0.0,0.0,0.0,0.0,0.14078521728515625,0.020263600017642602
YOLOv8s,train_S2A_MSIL2A_20200217T141651_N0209_R010_T20LQN_20200217T160045_15_09.png,0.0,0.0,0.0,0.0,0.6807937622070312,0.01915130001725629
YOLOv8s,train_S2A_MSIL2A_20200217T141651_N0209_R010_T20LQN_20200217T160045_15_12.png,0.01097671933822486,0.021715078355929125,0.8229036295369212,0.011002710934100874,0.5480194091796875,0.01974229997722432
YOLOv8s,train_S2A_MSIL2A_20200217T141651_N0209_R010_T20LQN_20200217T160045_15_17.png,0.0,0.0,0.0,0.0,0.026210784912109375,0.01673189998837188
YOLOv8s,train_S2A_MSIL2A_20200217T141651_N0209_R010_T20LQN_20200217T160045_15_18.png,0.0,0.0,0.0,0.0,0.0679779052734375,0.01648590000695549
YOLOv8s,train_S2A_MSIL2A_20200217T141651_N0209_R010_T20LQN_20200217T160045_15_20.png,0.006264216121537956,0.012450439996131902,1.0,0.006264216121537956,0.06504058837890625,0.021775700006401166
YOLOv8s,train_S2A_MSIL2A_20200217T141651_N0209_R010_T20LQN_20200217T160045_16_09.png,0.18358175360422396,0.3102138961591521,0.1841973304956612,0.9821213543686348,0.18364715576171875,0.0198044000135269
YOLOv8s,train_S2A_MSIL2A_20200217T141651_N0209_R010_T20LQN_20200217T160045_16_12.png,0.0,0.0,0.0,0.0,0.5436286926269531,0.02257209998788312
YOLOv8s,train_S2A_MSIL2A_20200217T141651_N0209_R010_T20LQN_20200217T160045_16_15.png,0.47434982813412024,0.6434698455989091,0.4743606862584266,0.9999517467670334,0.4743919372558594,0.024160800006939098
YOLOv8s,train_S2A_MSIL2A_20200217T141651_N0209_R010_T20LQN_20200217T160045_16_16.png,0.0,0.0,0.0,0.0,0.274932861328125,0.01786680001532659
YOLOv8s,train_S2A_MSIL2A_20200217T141651_N0209_R010_T20LQN_20200217T160045_16_17.png,0.0,0.0,0.0,0.0,0.056766510009765625,0.02144929999485612
YOLOv8s,train_S2A_MSIL2A_20200217T141651_N0209_R010_T20LQN_20200217T160045_17_14.png,0.5391347140573678,0.7005685845862518,0.5452668943032969,0.9795665162573731,0.539154052734375,0.02155020000645891
YOLOv8s,train_S2A_MSIL2A_20200217T141651_N0209_R010_T20LQN_20200217T160045_17_16.png,0.0,0.0,0.0,0.0,0.2706565856933594,0.01911399999517016
YOLOv8s,train_S2A_MSIL2A_20200217T141651_N0209_R010_T20LQN_20200217T160045_17_18.png,0.005872029130513229,0.011675499388503872,0.9801505817932923,0.005872727496421819,0.0751800537109375,0.01784459999180399
YOLOv8s,train_S2A_MSIL2A_20200217T141651_N0209_R010_T20LQN_20200217T160045_17_19.png,0.01489677822959024,0.029356243017297837,0.9878997407087294,0.014899496832390438,0.13499832153320312,0.02322390000335872
YOLOv8s,train_S2A_MSIL2A_20200217T141651_N0209_R010_T20LQN_20200217T160045_18_04.png,0.0,0.0,0.0,0.0,0.3969535827636719,0.019131200009724125
YOLOv8s,train_S2A_MSIL2A_20200217T141651_N0209_R010_T20LQN_20200217T160045_18_05.png,0.0320226638238724,0.06205806315380972,0.10664129923113133,0.043762425647341015,0.3730583190917969,0.02374860001145862
YOLOv8s,train_S2A_MSIL2A_20200217T141651_N0209_R010_T20LQN_20200217T160045_18_06.png,0.0,0.0,0.0,0.0,0.5590553283691406,0.021697599993785843
YOLOv8s,train_S2A_MSIL2A_20200217T141651_N0209_R010_T20LQN_20200217T160045_18_14.png,0.0,0.0,0.0,0.0,0.3213691711425781,0.0215234000061173
YOLOv8s,train_S2A_MSIL2A_20200217T141651_N0209_R010_T20LQN_20200217T160045_18_17.png,0.0,0.0,0.0,0.0,0.13976287841796875,0.01826650000293739
YOLOv8s,train_S2A_MSIL2A_20200217T141651_N0209_R010_T20LQN_20200217T160045_19_05.png,0.0,0.0,0.0,0.0,0.21307754516601562,0.019155000016326085
YOLOv8s,train_S2A_MSIL2A_20200217T141651_N0209_R010_T20LQN_20200217T160045_19_10.png,0.0,0.0,0.0,0.0,0.5912094116210938,0.018172699987189844
YOLOv8s,train_S2A_MSIL2A_20200217T141651_N0209_R010_T20LQN_20200217T160045_19_11.png,0.0,0.0,0.0,0.0,0.5883712768554688,0.01926820000517182
YOLOv8s,train_S2A_MSIL2A_20200217T141651_N0209_R010_T20LQN_20200217T160045_20_01.png,0.0,0.0,0.0,0.0,0.5078201293945312,0.0216816000174731
YOLOv8s,train_S2A_MSIL2A_20200217T141651_N0209_R010_T20LQN_20200217T160045_20_05.png,0.0,0.0,0.0,0.0,0.5764923095703125,0.019294400000944734
YOLOv8s,train_S2A_MSIL2A_20200217T141651_N0209_R010_T20LQN_20200217T160045_20_09.png,0.0,0.0,0.0,0.0,0.5911979675292969,0.022850400011520833
YOLOv8s,train_S2A_MSIL2A_20200217T141651_N0209_R010_T20LQN_20200217T160045_20_10.png,0.0,0.0,0.0,0.0,0.30605316162109375,0.018988499999977648
YOLOv8s,train_S2A_MSIL2A_20200217T141651_N0209_R010_T20LQN_20200217T160045_20_12.png,0.0,0.0,0.0,0.0,0.3027763366699219,0.027025599993066862
YOLOv8s,train_S2A_MSIL2A_20200217T141651_N0209_R010_T20LQN_20200217T160045_20_13.png,0.0,0.0,0.0,0.0,0.3450202941894531,0.018018100003246218
YOLOv8s,train_S2A_MSIL2A_20200217T141651_N0209_R010_T20LQN_20200217T160045_20_17.png,0.003800785272375658,0.007572788003636272,0.9497907949790795,0.0038015490893866443,0.09214019775390625,0.01792730001034215
YOLOv8s,train_S2A_MSIL2A_20200217T141651_N0209_R010_T20LQN_20200217T160045_21_01.png,0.03661636219221604,0.07064592751513293,0.9950356140729549,0.036623052662519764,0.5373153686523438,0.021352300012949854
YOLOv8s,train_S2A_MSIL2A_20200217T141651_N0209_R010_T20LQN_20200217T160045_21_02.png,0.0,0.0,0.0,0.0,0.6423225402832031,0.021706600004108623
YOLOv8s,train_S2A_MSIL2A_20200217T141651_N0209_R010_T20LQN_20200217T160045_21_03.png,0.0,0.0,0.0,0.0,0.796630859375,0.017996800015680492
YOLOv8s,train_S2A_MSIL2A_20200217T141651_N0209_R010_T20LQN_20200217T160045_21_04.png,0.3504847129008203,0.5190502484815019,0.37424730881966833,0.8466242137446204,0.3853187561035156,0.01924160000635311
YOLOv8s,train_S2A_MSIL2A_20200217T141651_N0209_R010_T20LQN_20200217T160045_21_05.png,0.0,0.0,0.0,0.0,0.42740631103515625,0.01782239999738522
YOLOv8s,train_S2A_MSIL2A_20200217T141651_N0209_R010_T20LQN_20200217T160045_21_06.png,0.0,0.0,0.0,0.0,0.697509765625,0.018863500008592382
YOLOv8s,train_S2A_MSIL2A_20200217T141651_N0209_R010_T20LQN_20200217T160045_21_07.png,0.0,0.0,0.0,0.0,0.5637054443359375,0.01917640000465326
YOLOv8s,train_S2A_MSIL2A_20200217T141651_N0209_R010_T20LQN_20200217T160045_21_08.png,0.0,0.0,0.0,0.0,0.3825111389160156,0.019497400004183874
YOLOv8s,train_S2A_MSIL2A_20200217T141651_N0209_R010_T20LQN_20200217T160045_21_12.png,0.0,0.0,0.0,0.0,0.62060546875,0.01824279999709688
YOLOv8s,train_S2A_MSIL2A_20200818T142741_N0214_R053_T20LMP_20200818T165705_01_08.png,0.21021652221679688,0.3474031602737265,0.21021652221679688,1.0,0.21021652221679688,0.020705000002635643
YOLOv8s,train_S2A_MSIL2A_20200818T142741_N0214_R053_T20LMP_20200818T165705_01_09.png,0.3623069370852705,0.5319020658596157,0.36251189707169584,0.9984419084515939,0.3632240295410156,0.020634799991967157
YOLOv8s,train_S2A_MSIL2A_20200818T142741_N0214_R053_T20LMP_20200818T165705_01_10.png,0.5367202719737194,0.6985269625998638,0.5370443982387475,0.9988767719278291,0.5373458862304688,0.0235648000088986
YOLOv8s,train_S2A_MSIL2A_20200818T142741_N0214_R053_T20LMP_20200818T165705_01_12.png,0.18407058715820312,0.31091151009835793,0.18407058715820312,1.0,0.18407058715820312,0.019673899980261922
YOLOv8s,train_S2A_MSIL2A_20200818T142741_N0214_R053_T20LMP_20200818T165705_01_13.png,0.2544166911773132,0.40563345970553755,0.2545713062622309,0.997618441352246,0.2554206848144531,0.021236600005067885
YOLOv8s,train_S2A_MSIL2A_20200818T142741_N0214_R053_T20LMP_20200818T165705_01_14.png,0.32318573655733196,0.4884964032308834,0.32327467588062625,0.9991494489137753,0.3243217468261719,0.01942530000815168
YOLOv8s,train_S2A_MSIL2A_20200818T142741_N0214_R053_T20LMP_20200818T165705_01_15.png,0.32544575840200973,0.4910736728968452,0.32615895945992623,0.9933258526778409,0.3280601501464844,0.020244200015440583
YOLOv8s,train_S2A_MSIL2A_20200818T142741_N0214_R053_T20LMP_20200818T165705_01_16.png,0.3100433349609375,0.473332945081824,0.3100433349609375,1.0,0.3100433349609375,0.02044009999372065
YOLOv8s,train_S2A_MSIL2A_20200818T142741_N0214_R053_T20LMP_20200818T165705_01_17.png,0.16577713516173706,0.2844062216724426,0.1657942128075209,0.9993790391205354,0.16584396362304688,0.02314860001206398
YOLOv8s,train_S2A_MSIL2A_20200818T142741_N0214_R053_T20LMP_20200818T165705_01_19.png,0.3194369599198933,0.4842019279788664,0.31963241564719247,0.9980893469148924,0.32071685791015625,0.020654699997976422
YOLOv8s,train_S2A_MSIL2A_20200818T142741_N0214_R053_T20LMP_20200818T165705_01_21.png,0.3607134340069697,0.530182807036389,0.36385963823166523,0.9765899174190592,0.3659858703613281,0.020008199993753806
YOLOv8s,train_S2A_MSIL2A_20200818T142741_N0214_R053_T20LMP_20200818T165705_02_01.png,0.1774362423288268,0.30139422577630076,0.17750542830055965,0.9978081485301702,0.1788482666015625,0.02074680000077933
YOLOv8s,train_S2A_MSIL2A_20200818T142741_N0214_R053_T20LMP_20200818T165705_02_02.png,0.16857528686523438,0.2885142083013694,0.16857528686523438,1.0,0.16857528686523438,0.019973999995272607
YOLOv8s,train_S2A_MSIL2A_20200818T142741_N0214_R053_T20LMP_20200818T165705_02_05.png,0.35564422607421875,0.5246866681299138,0.355744648376388,0.9992068935951299,0.35564422607421875,0.022549700021045282
YOLOv8s,train_S2A_MSIL2A_20200818T142741_N0214_R053_T20LMP_20200818T165705_02_06.png,0.32139729306975373,0.4864506606080778,0.3220648820587503,0.9935918656892883,0.3231239318847656,0.019554800004698336
YOLOv8s,train_S2A_MSIL2A_20200818T142741_N0214_R053_T20LMP_20200818T165705_02_08.png,0.287710318748687,0.44685565466038224,0.2879875206937026,0.996665608129565,0.2886314392089844,0.023165399994468316
YOLOv8s,train_S2A_MSIL2A_20200818T142741_N0214_R053_T20LMP_20200818T165705_02_11.png,0.20910973084886128,0.3458904109589041,0.20924001330158282,0.9970312357708769,0.2101898193359375,0.02061219999450259
YOLOv8s,train_S2A_MSIL2A_20200818T142741_N0214_R053_T20LMP_20200818T165705_02_13.png,0.12014389038085938,0.2145151018767943,0.12014389038085938,1.0,0.12014389038085938,0.020720600005006418
YOLOv8s,train_S2A_MSIL2A_20200818T142741_N0214_R053_T20LMP_20200818T165705_02_14.png,0.1923315064095214,0.32261414778628306,0.1923469446260048,0.9995828615696323,0.193878173828125,0.01896909999777563
YOLOv8s,train_S2A_MSIL2A_20200818T142741_N0214_R053_T20LMP_20200818T165705_02_15.png,0.25656890869140625,0.4083642479402068,0.25656890869140625,1.0,0.25656890869140625,0.01922819999163039
YOLOv8s,train_S2A_MSIL2A_20200818T142741_N0214_R053_T20LMP_20200818T165705_02_16.png,0.2613067626953125,0.4143429186678119,0.2613067626953125,1.0,0.2613067626953125,0.019404300022870302
YOLOv8s,train_S2A_MSIL2A_20200818T142741_N0214_R053_T20LMP_20200818T165705_02_17.png,0.2166258402085089,0.35610922117416627,0.21667254694421575,0.9990058923471785,0.23754119873046875,0.023817299981601536
YOLOv8s,train_S2A_MSIL2A_20200818T142741_N0214_R053_T20LMP_20200818T165705_02_19.png,0.0,0.0,0.0,0.0,0.4917755126953125,0.026112899999134243
YOLOv8s,train_S2A_MSIL2A_20200818T142741_N0214_R053_T20LMP_20200818T165705_02_20.png,0.1844455318368096,0.3114462031036174,0.18450901359113403,0.9981381108030949,0.186187744140625,0.021316200000001118
YOLOv8s,train_S2A_MSIL2A_20200818T142741_N0214_R053_T20LMP_20200818T165705_02_21.png,0.24913203737974704,0.3988882358703105,0.24959203217774373,0.9926566927694324,0.250885009765625,0.02369699999690056
YOLOv8s,train_S2A_MSIL2A_20200818T142741_N0214_R053_T20LMP_20200818T165705_03_01.png,0.2559300205979127,0.4075545872787907,0.25597403987279843,0.9993285185627313,0.25725555419921875,0.019078999990597367
YOLOv8s,train_S2A_MSIL2A_20200818T142741_N0214_R053_T20LMP_20200818T165705_03_02.png,0.2602211885831252,0.41297700902123946,0.26044596991193736,0.9966943115830738,0.2610282897949219,0.020938799978466704
YOLOv8s,train_S2A_MSIL2A_20200818T142741_N0214_R053_T20LMP_20200818T165705_03_03.png,0.1583925343646223,0.2734695358711035,0.15842098825831702,0.9988673334136643,0.15988540649414062,0.02036909997696057
YOLOv8s,train_S2A_MSIL2A_20200818T142741_N0214_R053_T20LMP_20200818T165705_03_04.png,0.24135415592500506,0.38885624182755174,0.24153773238747553,0.9968608521445586,0.24225997924804688,0.020608800026820973
YOLOv8s,train_S2A_MSIL2A_20200818T142741_N0214_R053_T20LMP_20200818T165705_03_06.png,0.1629913197628217,0.28029670900047965,0.163061093444227,0.9973815869453406,0.16426849365234375,0.02382570001645945
YOLOv8s,train_S2A_MSIL2A_20200818T142741_N0214_R053_T20LMP_20200818T165705_03_10.png,0.5182533264160156,0.682696777143776,0.5184827575678935,0.999146889455995,0.5182533264160156,0.020112099999096245
YOLOv8s,train_S2A_MSIL2A_20200818T142741_N0214_R053_T20LMP_20200818T165705_03_11.png,0.31006029225899323,0.4733527061175833,0.3103672333659491,0.9968205644418802,0.3107261657714844,0.020366699987789616
YOLOv8s,train_S2A_MSIL2A_20200818T142741_N0214_R053_T20LMP_20200818T165705_03_14.png,0.35729748510035547,0.5264836766037885,0.3577044656201146,0.9968257687924074,0.35784912109375,0.019479399983538315
YOLOv8s,train_S2A_MSIL2A_20200818T142741_N0214_R053_T20LMP_20200818T165705_03_17.png,0.22142203709831249,0.3625643395534875,0.2214936020747502,0.9985429138212524,0.23704147338867188,0.01932600000873208
YOLOv8s,train_S2A_MSIL2A_20200818T142741_N0214_R053_T20LMP_20200818T165705_03_20.png,0.14145928273842603,0.24785690541507033,0.14148531210108065,0.9987011581339972,0.14550399780273438,0.01962840001215227
YOLOv8s,train_S2A_MSIL2A_20200818T142741_N0214_R053_T20LMP_20200818T165705_04_01.png,0.12799902197499924,0.22694881729753164,0.12807388407448042,0.9954541402977093,0.129302978515625,0.01987259997986257
YOLOv8s,train_S2A_MSIL2A_20200818T142741_N0214_R053_T20LMP_20200818T165705_04_02.png,0.15496444702148438,0.2683449649400364,0.15496444702148438,1.0,0.15496444702148438,0.02069049997953698
YOLOv8s,train_S2A_MSIL2A_20200818T142741_N0214_R053_T20LMP_20200818T165705_04_04.png,0.17811405915495135,0.3023715026076688,0.1785978603285066,0.985019126792469,0.18866729736328125,0.025959899998269975
YOLOv8s,train_S2A_MSIL2A_20200818T142741_N0214_R053_T20LMP_20200818T165705_04_05.png,0.219322585823377,0.35974497376389386,0.2193309686888454,0.999825765759487,0.22081756591796875,0.021476299996720627
YOLOv8s,train_S2A_MSIL2A_20200818T142741_N0214_R053_T20LMP_20200818T165705_04_07.png,0.1325263515292089,0.23403667623320804,0.1325263515292089,1.0,0.13257598876953125,0.019313500000862405
YOLOv8s,train_S2A_MSIL2A_20200818T142741_N0214_R053_T20LMP_20200818T165705_04_08.png,0.24497604370117188,0.39354338573919223,0.24497604370117188,1.0,0.24497604370117188,0.02088630001526326
YOLOv8s,train_S2A_MSIL2A_20200818T142741_N0214_R053_T20LMP_20200818T165705_04_11.png,0.2715183706222893,0.42707738542449286,0.271583751223092,0.9991141483168818,0.27276611328125,0.02015869997558184
YOLOv8s,train_S2A_MSIL2A_20200818T142741_N0214_R053_T20LMP_20200818T165705_04_12.png,0.34666712487256146,0.5148519904729499,0.34701030454990217,0.9971553466303489,0.34729766845703125,0.01953330001560971
YOLOv8s,train_S2A_MSIL2A_20200818T142741_N0214_R053_T20LMP_20200818T165705_04_13.png,0.24405057488826923,0.39234831736674036,0.24419795743639922,0.9975331001748688,0.2450714111328125,0.01970400000573136
YOLOv8s,train_S2A_MSIL2A_20200818T142741_N0214_R053_T20LMP_20200818T165705_04_14.png,0.3946438463448645,0.5659421183109394,0.3948686192212717,0.9985596767489294,0.3955421447753906,0.021501399984117597
YOLOv8s,train_S2A_MSIL2A_20200818T142741_N0214_R053_T20LMP_20200818T165705_04_15.png,0.2268708991633911,0.36983662962108793,0.22705755844434156,0.9963895279517708,0.22867584228515625,0.01945790002355352
YOLOv8s,train_S2A_MSIL2A_20200818T142741_N0214_R053_T20LMP_20200818T165705_04_16.png,0.21434827674572485,0.3530260319060143,0.21564236351603022,0.9727656176771797,0.21641921997070312,0.02005479999934323
YOLOv8s,train_S2A_MSIL2A_20200818T142741_N0214_R053_T20LMP_20200818T165705_04_18.png,0.0,0.0,0.0,0.0,0.7550926208496094,0.017411499982699752
YOLOv8s,train_S2A_MSIL2A_20200818T142741_N0214_R053_T20LMP_20200818T165705_04_20.png,0.14131927490234375,0.24764196664327015,0.14131927490234375,1.0,0.14131927490234375,0.018373700004303828
YOLOv8s,train_S2A_MSIL2A_20200818T142741_N0214_R053_T20LMP_20200818T165705_04_21.png,0.1847925369084426,0.31194075106285524,0.18481301981409,0.9994006035302385,0.1862945556640625,0.019264900009147823
YOLOv8s,train_S2A_MSIL2A_20200818T142741_N0214_R053_T20LMP_20200818T165705_05_01.png,0.14358139038085938,0.2511083016715424,0.14358139038085938,1.0,0.14358139038085938,0.018772599985823035
YOLOv8s,train_S2A_MSIL2A_20200818T142741_N0214_R053_T20LMP_20200818T165705_05_02.png,0.09883512065367771,0.17989072026544334,0.0988449425146771,0.9989956348746475,0.10050582885742188,0.020081399998161942
YOLOv8s,train_S2A_MSIL2A_20200818T142741_N0214_R053_T20LMP_20200818T165705_05_03.png,0.15268097334311567,0.2649145372813706,0.15274926504038933,0.9970803284006687,0.1541290283203125,0.019407000014325604
YOLOv8s,train_S2A_MSIL2A_20200818T142741_N0214_R053_T20LMP_20200818T165705_05_04.png,0.12884330466924288,0.228274914926292,0.12886840085092408,0.9984908117065664,0.12970733642578125,0.020110500016016886
YOLOv8s,train_S2A_MSIL2A_20200818T142741_N0214_R053_T20LMP_20200818T165705_05_05.png,0.17324055544522693,0.2953197528694101,0.1736045465852772,0.9880420814183964,0.17418670654296875,0.019827800017083064
YOLOv8s,train_S2A_MSIL2A_20200818T142741_N0214_R053_T20LMP_20200818T165705_05_12.png,0.21975599225105363,0.3603277928489534,0.21982402764187867,0.9985936035003646,0.221038818359375,0.020956299995305017
YOLOv8s,train_S2A_MSIL2A_20200818T142741_N0214_R053_T20LMP_20200818T165705_05_13.png,0.16113662719726562,0.2775498135584868,0.16119811939979545,0.9976382229989844,0.16113662719726562,0.02062260001548566
YOLOv8s,train_S2A_MSIL2A_20200818T142741_N0214_R053_T20LMP_20200818T165705_05_14.png,0.36423084709378495,0.5339724546907942,0.3644661203522505,0.9982308296257524,0.3650627136230469,0.02093790000071749
YOLOv8s,train_S2A_MSIL2A_20200818T142741_N0214_R053_T20LMP_20200818T165705_05_15.png,0.26324613968552235,0.41677727153166827,0.26344636741682975,0.997121157323689,0.2641258239746094,0.021266099996864796
YOLOv8s,train_S2A_MSIL2A_20200818T142741_N0214_R053_T20LMP_20200818T165705_05_17.png,0.19753539290422423,0.3299032230273675,0.19759050880626222,0.9985898897023315,0.19887924194335938,0.02111580001655966
YOLOv8s,train_S2A_MSIL2A_20200818T142741_N0214_R053_T20LMP_20200818T165705_05_20.png,0.22795486450195312,0.37127564064727975,0.22795486450195312,1.0,0.22795486450195312,0.02621240000007674
YOLOv8s,train_S2A_MSIL2A_20200818T142741_N0214_R053_T20LMP_20200818T165705_06_03.png,0.14760399989301012,0.25723855948004903,0.1476463123776908,0.9980622157916494,0.14902496337890625,0.020908999984385446
YOLOv8s,train_S2A_MSIL2A_20200818T142741_N0214_R053_T20LMP_20200818T165705_06_05.png,0.15546853767861313,0.2691004256869793,0.15554296043259142,0.9969318377064873,0.15835189819335938,0.02993879999849014
YOLOv8s,train_S2A_MSIL2A_20200818T142741_N0214_R053_T20LMP_20200818T165705_06_06.png,0.0,0.0,0.0,0.0,0.9078216552734375,0.025573100021574646
YOLOv8s,train_S2A_MSIL2A_20200818T142741_N0214_R053_T20LMP_20200818T165705_06_07.png,0.29455273605004484,0.45506486966114296,0.2948605391966436,0.9964685186157644,0.30654144287109375,0.025620300002628937
YOLOv8s,train_S2A_MSIL2A_20200818T142741_N0214_R053_T20LMP_20200818T165705_06_10.png,0.3225014508689942,0.4877143244827198,0.3228465936888454,0.9966960482376958,0.3231010437011719,0.020102999988012016
YOLOv8s,train_S2A_MSIL2A_20200818T142741_N0214_R053_T20LMP_20200818T165705_06_13.png,0.1977012546587168,0.33013450372489006,0.19770351720454718,0.999942117347431,0.19770431518554688,0.020285300008254126
YOLOv8s,train_S2A_MSIL2A_20200818T142741_N0214_R053_T20LMP_20200818T165705_06_15.png,0.3463466063624973,0.5144984281547558,0.3466405670548474,0.9975574870722852,0.3472442626953125,0.020172399992588907
YOLOv8s,train_S2A_MSIL2A_20200818T142741_N0214_R053_T20LMP_20200818T165705_06_16.png,0.4352319301336806,0.6064970002348571,0.4361223165999455,0.9953310733275519,0.4375457763671875,0.02012440000544302
YOLOv8s,train_S2A_MSIL2A_20200818T142741_N0214_R053_T20LMP_20200818T165705_06_17.png,0.2728462219238281,0.4287182806913438,0.2728462219238281,1.0,0.2728462219238281,0.020230699999956414
YOLOv8s,train_S2A_MSIL2A_20200818T142741_N0214_R053_T20LMP_20200818T165705_06_18.png,0.4808146151084906,0.6493920443556186,0.4812446489726027,0.9981449624632361,0.4813652038574219,0.020150099997408688
YOLOv8s,train_S2A_MSIL2A_20200818T142741_N0214_R053_T20LMP_20200818T165705_06_21.png,0.16830448084596664,0.2881174960898853,0.16830769113389005,0.9998866829843169,0.16832351684570312,0.019483499985653907
YOLOv8s,train_S2A_MSIL2A_20200818T142741_N0214_R053_T20LMP_20200818T165705_07_01.png,0.08135604858398438,0.15047041849078036,0.08135604858398438,1.0,0.08135604858398438,0.020795499993255362
YOLOv8s,train_S2A_MSIL2A_20200818T142741_N0214_R053_T20LMP_20200818T165705_07_02.png,0.1354149146011407,0.23852939196013737,0.13543199917419513,0.9990692952026398,0.1372222900390625,0.020492700015893206
YOLOv8s,train_S2A_MSIL2A_20200818T142741_N0214_R053_T20LMP_20200818T165705_07_03.png,0.10068914322010875,0.18295654834123057,0.10070224450354949,0.9987095794747229,0.10345077514648438,0.020402599999215454
YOLOv8s,train_S2A_MSIL2A_20200818T142741_N0214_R053_T20LMP_20200818T165705_07_04.png,0.22265374637570579,0.3642139028088941,0.22265374637570579,1.0,0.22272491455078125,0.02089060001890175
YOLOv8s,train_S2A_MSIL2A_20200818T142741_N0214_R053_T20LMP_20200818T165705_07_05.png,0.17616982249651297,0.29956528237151786,0.1762055100293542,0.9988516704944317,0.1776123046875,0.019891000003553927
YOLOv8s,train_S2A_MSIL2A_20200818T142741_N0214_R053_T20LMP_20200818T165705_07_07.png,0.35422101518570936,0.5231361959585803,0.35457636463885317,0.997178730644154,0.35597991943359375,0.02066239999840036
YOLOv8s,train_S2A_MSIL2A_20200818T142741_N0214_R053_T20LMP_20200818T165705_07_09.png,0.20009994506835938,0.3334721343678778,0.20009994506835938,1.0,0.20009994506835938,0.020946100004948676
YOLOv8s,train_S2A_MSIL2A_20200818T142741_N0214_R053_T20LMP_20200818T165705_07_10.png,0.1913365259033522,0.321213228576649,0.19150180406066536,0.9955095471795585,0.19221878051757812,0.020427200011909008
YOLOv8s,train_S2A_MSIL2A_20200818T142741_N0214_R053_T20LMP_20200818T165705_07_12.png,0.20097806984029953,0.334690657368997,0.20106103228962818,0.9979511306723327,0.20220947265625,0.022835599986137822
YOLOv8s,train_S2A_MSIL2A_20200818T142741_N0214_R053_T20LMP_20200818T165705_07_13.png,0.2822053548576864,0.4401874532633015,0.28236607142857145,0.9979871664978048,0.2831993103027344,0.021560799999861047
YOLOv8s,train_S2A_MSIL2A_20200818T142741_N0214_R053_T20LMP_20200818T165705_07_16.png,0.3586876405867504,0.5279913202593803,0.3590235623308512,0.997398239298268,0.3594093322753906,0.02020890000858344
YOLOv8s,train_S2A_MSIL2A_20200818T142741_N0214_R053_T20LMP_20200818T165705_07_18.png,0.325897216796875,0.49158745137754045,0.325897216796875,1.0,0.325897216796875,0.021180000010645017
YOLOv8s,train_S2A_MSIL2A_20200818T142741_N0214_R053_T20LMP_20200818T165705_07_19.png,0.34739191415042786,0.5156508815320733,0.3474569792598369,0.9994612424409016,0.34857940673828125,0.02090069997939281
YOLOv8s,train_S2A_MSIL2A_20200818T142741_N0214_R053_T20LMP_20200818T165705_07_20.png,0.27484970591724356,0.4311876210058683,0.2752763341458554,0.9943928339032798,0.2771263122558594,0.02089929999783635
YOLOv8s,train_S2A_MSIL2A_20200818T142741_N0214_R053_T20LMP_20200818T165705_08_02.png,0.11692025862901885,0.20936187292821504,0.11697043744538699,0.9963443551574233,0.12835693359375,0.021969900000840425
YOLOv8s,train_S2A_MSIL2A_20200818T142741_N0214_R053_T20LMP_20200818T165705_08_03.png,0.1965919715525037,0.32858647931163676,0.19667185451534505,0.9979381844352376,0.20018386840820312,0.023242399998707697
YOLOv8s,train_S2A_MSIL2A_20200818T142741_N0214_R053_T20LMP_20200818T165705_08_04.png,0.19394064303380049,0.3248748489556361,0.19394064303380049,1.0,0.19435882568359375,0.020661299990024418
YOLOv8s,train_S2A_MSIL2A_20200818T142741_N0214_R053_T20LMP_20200818T165705_08_07.png,0.8007998839862921,0.8893824251183569,0.808828347537167,0.9877566006561822,0.8008804321289062,0.020695700019132346
YOLOv8s,train_S2A_MSIL2A_20200818T142741_N0214_R053_T20LMP_20200818T165705_08_08.png,0.16267068303796695,0.2798224560249877,0.16276525756949864,0.9964407811548729,0.16442108154296875,0.019889900024281815
YOLOv8s,train_S2A_MSIL2A_20200818T142741_N0214_R053_T20LMP_20200818T165705_08_10.png,0.23948128562913604,0.3864217853157502,0.23956549657534246,0.9985343316871117,0.24069976806640625,0.020663599978433922
YOLOv8s,train_S2A_MSIL2A_20200818T142741_N0214_R053_T20LMP_20200818T165705_08_11.png,0.4186515808105469,0.590210572452681,0.4186515808105469,1.0,0.4186515808105469,0.02119010000023991
YOLOv8s,train_S2A_MSIL2A_20200818T142741_N0214_R053_T20LMP_20200818T165705_08_12.png,0.3598060863519326,0.5292020530915772,0.3600344036697248,0.9982406121821709,0.3607292175292969,0.0193794000078924
YOLOv8s,train_S2A_MSIL2A_20200818T142741_N0214_R053_T20LMP_20200818T165705_08_13.png,0.3068742588271298,0.4696308872171648,0.3103996656877198,0.9643101852408371,0.30881500244140625,0.020568000007187948
YOLOv8s,train_S2A_MSIL2A_20200818T142741_N0214_R053_T20LMP_20200818T165705_08_18.png,0.25911460323769053,0.4115822381400431,0.2591512473674756,0.9994545910169667,0.26045989990234375,0.022294599999440834
YOLOv8s,train_S2A_MSIL2A_20200818T142741_N0214_R053_T20LMP_20200818T165705_08_19.png,0.21473421920561944,0.3535493045483576,0.21486313889547468,0.9972135948176413,0.21617507934570312,0.02304800000274554
YOLOv8s,train_S2A_MSIL2A_20200818T142741_N0214_R053_T20LMP_20200818T165705_08_20.png,0.3202813661772179,0.4851713799530022,0.3203927654109589,0.9989155822489156,0.32137298583984375,0.021905200002947822
YOLOv8s,train_S2A_MSIL2A_20200818T142741_N0214_R053_T20LMP_20200818T165705_09_03.png,0.1664797051349557,0.2854395226973878,0.16651909748725308,0.9985810408751774,0.16666412353515625,0.0224729000183288
YOLOv8s,train_S2A_MSIL2A_20200818T142741_N0214_R053_T20LMP_20200818T165705_09_05.png,0.15759917902390827,0.27228626605764605,0.15759917902390827,1.0,0.15765380859375,0.0243252000072971
YOLOv8s,train_S2A_MSIL2A_20200818T142741_N0214_R053_T20LMP_20200818T165705_09_06.png,0.24818038940429688,0.3976675030485662,0.24818038940429688,1.0,0.24818038940429688,0.024658599984832108
YOLOv8s,train_S2A_MSIL2A_20200818T142741_N0214_R053_T20LMP_20200818T165705_09_07.png,0.14605292859575086,0.2548799011834616,0.1460887002644399,0.998326272294576,0.14857101440429688,0.02124449997791089
YOLOv8s,train_S2A_MSIL2A_20200818T142741_N0214_R053_T20LMP_20200818T165705_09_11.png,0.22709309384987228,0.37013180986520294,0.2273231103228963,0.9955641111483093,0.22782135009765625,0.02066369997919537
YOLOv8s,train_S2A_MSIL2A_20200818T142741_N0214_R053_T20LMP_20200818T165705_09_12.png,0.22141265869140625,0.3625517667855559,0.22141265869140625,1.0,0.22141265869140625,0.022175499994773418
YOLOv8s,train_S2A_MSIL2A_20200818T142741_N0214_R053_T20LMP_20200818T165705_09_14.png,0.22343563385494772,0.36525932001983613,0.22343563385494772,1.0,0.22365188598632812,0.021021399996243417
YOLOv8s,train_S2A_MSIL2A_20200818T142741_N0214_R053_T20LMP_20200818T165705_09_15.png,0.4095395113462023,0.5810968873870946,0.41088494761992284,0.9920678943865099,0.4098052978515625,0.022381699993275106
YOLOv8s,train_S2A_MSIL2A_20200818T142741_N0214_R053_T20LMP_20200818T165705_09_21.png,0.3800358769779192,0.5507623146872722,0.3805132486471789,0.9967097343712382,0.3816795349121094,0.025493199995253235
YOLOv8s,train_S2A_MSIL2A_20200818T142741_N0214_R053_T20LMP_20200818T165705_10_02.png,0.18604562360146937,0.3137242276339004,0.18622339774951077,0.9948950420648534,0.186859130859375,0.02055130002554506
YOLOv8s,train_S2A_MSIL2A_20200818T142741_N0214_R053_T20LMP_20200818T165705_10_03.png,0.3113930128637036,0.47490418175053595,0.3122236070181978,0.9915292899152929,0.32163238525390625,0.02507919998606667
YOLOv8s,train_S2A_MSIL2A_20200818T142741_N0214_R053_T20LMP_20200818T165705_10_06.png,0.1870760510877536,0.31518797960135775,0.18721333781800392,0.9960954182173144,0.18806838989257812,0.020313200016971678
YOLOv8s,train_S2A_MSIL2A_20200818T142741_N0214_R053_T20LMP_20200818T165705_10_07.png,0.15320767965562904,0.2657070055263245,0.15320767965562904,1.0,0.153533935546875,0.023679500009166077
YOLOv8s,train_S2A_MSIL2A_20200818T142741_N0214_R053_T20LMP_20200818T165705_10_09.png,0.14915136370236212,0.25958523552863016,0.1491981103228963,0.997903724723266,0.15054702758789062,0.021543100010603666
YOLOv8s,train_S2A_MSIL2A_20200818T142741_N0214_R053_T20LMP_20200818T165705_10_10.png,0.14838579006099145,0.2584249846092411,0.1484107448630137,0.9988681089702364,0.14990615844726562,0.02407319998019375
YOLOv8s,train_S2A_MSIL2A_20200818T142741_N0214_R053_T20LMP_20200818T165705_10_11.png,0.2370758056640625,0.38328420065866564,0.2370758056640625,1.0,0.2370758056640625,0.020027699996717274
YOLOv8s,train_S2A_MSIL2A_20200818T142741_N0214_R053_T20LMP_20200818T165705_10_12.png,0.23977511169885454,0.3868042025303968,0.2397833598336595,0.9998565599897998,0.24123382568359375,0.023034999991068617
YOLOv8s,train_S2A_MSIL2A_20200818T142741_N0214_R053_T20LMP_20200818T165705_10_16.png,0.3975482012629552,0.5689223468696013,0.3978369657882765,0.9981775454414656,0.39841461181640625,0.020475500001339242
YOLOv8s,train_S2A_MSIL2A_20200818T142741_N0214_R053_T20LMP_20200818T165705_10_17.png,0.5333908851649968,0.6957011292102503,0.5337211568965451,0.9988412017167382,0.5340156555175781,0.020467900001676753
YOLOv8s,train_S2A_MSIL2A_20200818T142741_N0214_R053_T20LMP_20200818T165705_10_18.png,0.35672918974672424,0.5258664624342885,0.357112536282597,0.9969998505263608,0.3576469421386719,0.021051599993370473
YOLOv8s,train_S2A_MSIL2A_20200818T142741_N0214_R053_T20LMP_20200818T165705_10_19.png,0.3941776415018691,0.5654625777490503,0.3945618272994129,0.9975358747644586,0.3947715759277344,0.021623699984047562
YOLOv8s,train_S2A_MSIL2A_20200818T142741_N0214_R053_T20LMP_20200818T165705_10_20.png,0.5153922542204568,0.6802096985583224,0.5157625978473581,0.9986087265407614,0.5159912109375,0.020317000016802922
YOLOv8s,train_S2A_MSIL2A_20200818T142741_N0214_R053_T20LMP_20200818T165705_10_21.png,0.5036555428719778,0.6699081385488024,0.5042311338062623,0.9977386516615995,0.504058837890625,0.020637999987229705
YOLOv8s,train_S2A_MSIL2A_20200818T142741_N0214_R053_T20LMP_20200818T165705_11_02.png,0.1931964276858164,0.3238300470954602,0.19323033718583185,0.9990924873737373,0.19324874877929688,0.025441800011321902
YOLOv8s,train_S2A_MSIL2A_20200818T142741_N0214_R053_T20LMP_20200818T165705_11_04.png,0.1224801582754696,0.2182313110347409,0.12256910469667319,0.9941099882199764,0.12355804443359375,0.02113339997595176
YOLOv8s,train_S2A_MSIL2A_20200818T142741_N0214_R053_T20LMP_20200818T165705_11_06.png,0.33884837856131933,0.5061788683277701,0.33896961792530866,0.9989455662762616,0.34421539306640625,0.021613899996737018
YOLOv8s,train_S2A_MSIL2A_20200818T142741_N0214_R053_T20LMP_20200818T165705_11_10.png,0.2293277015673215,0.3730944991720954,0.229517031555773,0.9964158300837965,0.23019790649414062,0.02146260000881739
YOLOv8s,train_S2A_MSIL2A_20200818T142741_N0214_R053_T20LMP_20200818T165705_11_13.png,0.29664918225682596,0.45756274914777834,0.29670925931586833,0.9993179156531923,0.2976875305175781,0.02034970000386238
YOLOv8s,train_S2A_MSIL2A_20200818T142741_N0214_R053_T20LMP_20200818T165705_11_14.png,0.3272278325217298,0.49309971431204497,0.3272403406571564,0.9998832048586779,0.3285675048828125,0.02043129998492077
YOLOv8s,train_S2A_MSIL2A_20200818T142741_N0214_R053_T20LMP_20200818T165705_11_16.png,0.4484758693635041,0.6192383026174615,0.4489181245198353,0.9978081353858701,0.4490165710449219,0.020161399996140972
YOLOv8s,train_S2A_MSIL2A_20200818T142741_N0214_R053_T20LMP_20200818T165705_11_21.png,0.23792648315429688,0.38439517433708764,0.23792648315429688,1.0,0.23792648315429688,0.020683799986727536
YOLOv8s,train_S2A_MSIL2A_20200818T142741_N0214_R053_T20LMP_20200818T165705_12_02.png,0.2696685791015625,0.4247857803843334,0.2696685791015625,1.0,0.2696685791015625,0.019984899990959093
YOLOv8s,train_S2A_MSIL2A_20200818T142741_N0214_R053_T20LMP_20200818T165705_12_03.png,0.21782042023453352,0.3577217406037331,0.21788619129158512,0.998616098800035,0.21911239624023438,0.020447099988814443
YOLOv8s,train_S2A_MSIL2A_20200818T142741_N0214_R053_T20LMP_20200818T165705_12_06.png,0.23599941903131116,0.3818762620718233,0.23599941903131116,1.0,0.23749160766601562,0.019944800005760044
YOLOv8s,train_S2A_MSIL2A_20200818T142741_N0214_R053_T20LMP_20200818T165705_12_07.png,0.1845480119143303,0.3115922867762616,0.20398071697324416,0.6595349230151858,0.4736442565917969,0.019575399986933917
YOLOv8s,train_S2A_MSIL2A_20200818T142741_N0214_R053_T20LMP_20200818T165705_12_08.png,0.3164825844606856,0.48080026002066234,0.3166894769437797,0.9979400072280448,0.31751251220703125,0.019181600015144795
YOLOv8s,train_S2A_MSIL2A_20200818T142741_N0214_R053_T20LMP_20200818T165705_12_09.png,0.4000091645378209,0.5714379229365606,0.4003868028375734,0.9976476414510338,0.4006156921386719,0.020364999974844977
YOLOv8s,train_S2A_MSIL2A_20200818T142741_N0214_R053_T20LMP_20200818T165705_12_11.png,0.21416854858398438,0.35278223741466036,0.21416854858398438,1.0,0.21416854858398438,0.01949019997846335
YOLOv8s,train_S2A_MSIL2A_20200818T142741_N0214_R053_T20LMP_20200818T165705_12_17.png,0.2899085794655415,0.44950252146653946,0.290548201262487,0.9924636922674342,0.29125213623046875,0.02022110001416877
YOLOv8s,train_S2A_MSIL2A_20200818T142741_N0214_R053_T20LMP_20200818T165705_12_20.png,0.40018173765634785,0.5716139939465001,0.40061613258317025,0.9972977601857315,0.40070343017578125,0.02000039999256842
YOLOv8s,train_S2A_MSIL2A_20200818T142741_N0214_R053_T20LMP_20200818T165705_12_21.png,0.33571062554014885,0.5026696937510557,0.33620045879113514,0.9956788023137122,0.3373374938964844,0.020848800020758063
YOLOv8s,train_S2A_MSIL2A_20200818T142741_N0214_R053_T20LMP_20200818T165705_13_01.png,0.5715223047050835,0.7273486389521364,0.5726451297261761,0.9965809464259582,0.5715255737304688,0.019739900017157197
YOLOv8s,train_S2A_MSIL2A_20200818T142741_N0214_R053_T20LMP_20200818T165705_13_02.png,0.43895939815080687,0.610106718389566,0.4401829008442463,0.9937077483099324,0.4409904479980469,0.02035430000978522
YOLOv8s,train_S2A_MSIL2A_20200818T142741_N0214_R053_T20LMP_20200818T165705_13_03.png,0.22988510131835938,0.3738318336760678,0.22988510131835938,1.0,0.22988510131835938,0.01948300001095049
YOLOv8s,train_S2A_MSIL2A_20200818T142741_N0214_R053_T20LMP_20200818T165705_13_05.png,0.10077175314612803,0.1830929125099934,0.10077907964520498,0.9992791015328578,0.103485107421875,0.019907299982151017
YOLOv8s,train_S2A_MSIL2A_20200818T142741_N0214_R053_T20LMP_20200818T165705_13_07.png,0.28595343290883796,0.44473372921756393,0.28596654843444225,0.9998396365094213,0.28731536865234375,0.019060499995248392
YOLOv8s,train_S2A_MSIL2A_20200818T142741_N0214_R053_T20LMP_20200818T165705_13_08.png,0.3169030768995613,0.4812853465961355,0.31697575220156554,0.9992770300394018,0.3180809020996094,0.01875710001331754
YOLOv8s,train_S2A_MSIL2A_20200818T142741_N0214_R053_T20LMP_20200818T165705_13_09.png,0.3794055534127405,0.5501000811169219,0.3797318370841487,0.9977403966859152,0.3800849914550781,0.018463199987309054
YOLOv8s,train_S2A_MSIL2A_20200818T142741_N0214_R053_T20LMP_20200818T165705_13_10.png,0.49949203681778254,0.6662149908815829,0.5002658506263746,0.9969128038601386,0.500091552734375,0.01870970000163652
YOLOv8s,train_S2A_MSIL2A_20200818T142741_N0214_R053_T20LMP_20200818T165705_13_11.png,0.8872393705957352,0.9402510189427268,0.890673380545081,0.9956732767003809,0.8873176574707031,0.019174499990185723
YOLOv8s,train_S2A_MSIL2A_20200818T142741_N0214_R053_T20LMP_20200818T165705_13_17.png,0.16866683959960938,0.2886482851817639,0.16866683959960938,1.0,0.16866683959960938,0.018968199990922585
YOLOv8s,train_S2A_MSIL2A_20200818T142741_N0214_R053_T20LMP_20200818T165705_13_19.png,0.2241668701171875,0.3662358059007566,0.2241668701171875,1.0,0.2241668701171875,0.021161999989999458
YOLOv8s,train_S2A_MSIL2A_20200818T142741_N0214_R053_T20LMP_20200818T165705_13_20.png,0.16536489182021752,0.2837993369817916,0.16540407901174167,0.9985693518240765,0.16679763793945312,0.018654200015589595
YOLOv8s,train_S2A_MSIL2A_20200818T142741_N0214_R053_T20LMP_20200818T165705_13_21.png,0.14031192316952462,0.24609393328015766,0.1403306934931507,0.9990476190476191,0.141876220703125,0.020364299998618662
YOLOv8s,train_S2A_MSIL2A_20200818T142741_N0214_R053_T20LMP_20200818T165705_14_01.png,0.8964791851195748,0.9454142098196042,0.8983071596625796,0.9977352493775122,0.8965644836425781,0.02388210000935942
YOLOv8s,train_S2A_MSIL2A_20200818T142741_N0214_R053_T20LMP_20200818T165705_14_04.png,0.2631703427913116,0.41668226980340045,0.2631703427913116,1.0,0.26317596435546875,0.023777800000971183
YOLOv8s,train_S2A_MSIL2A_20200818T142741_N0214_R053_T20LMP_20200818T165705_14_07.png,0.2862231554834399,0.4450598704637067,0.2865436949608611,0.9961069331136563,0.2868194580078125,0.020413799997186288
YOLOv8s,train_S2A_MSIL2A_20200818T142741_N0214_R053_T20LMP_20200818T165705_14_08.png,0.6112221620343172,0.7587062497484427,0.61216793957293,0.9974787090990587,0.6112251281738281,0.027734800009056926
YOLOv8s,train_S2A_MSIL2A_20200818T142741_N0214_R053_T20LMP_20200818T165705_14_09.png,0.830087213244325,0.9071559073654972,0.8488901920074806,0.9740095015116041,0.8327064514160156,0.023100899998098612
YOLOv8s,train_S2A_MSIL2A_20200818T142741_N0214_R053_T20LMP_20200818T165705_14_16.png,0.9746762358861023,0.9871757386584773,0.9821266889874359,0.9922769702678926,0.9747352600097656,0.024441300018224865
YOLOv8s,train_S2A_MSIL2A_20200818T142741_N0214_R053_T20LMP_20200818T165705_14_17.png,0.19267589498806684,0.3230984977523917,0.19285484955968688,0.995207100591716,0.19350433349609375,0.023769099992932752
YOLOv8s,train_S2A_MSIL2A_20200818T142741_N0214_R053_T20LMP_20200818T165705_14_19.png,0.13110251110763035,0.23181366820457047,0.13116514799412915,0.9963707101794321,0.13238525390625,0.027962799998931587
YOLOv8s,train_S2A_MSIL2A_20200818T142741_N0214_R053_T20LMP_20200818T165705_15_01.png,0.9304584126401725,0.9639766457000647,0.9784611303585926,0.9499147426867954,0.9305915832519531,0.02537540000048466
YOLOv8s,train_S2A_MSIL2A_20200818T142741_N0214_R053_T20LMP_20200818T165705_15_02.png,0.9911041259765625,0.9955321904528351,0.9930968052656928,0.997979549662362,0.9911041259765625,0.031184099992970005
YOLOv8s,train_S2A_MSIL2A_20200818T142741_N0214_R053_T20LMP_20200818T165705_15_03.png,0.9884520303367872,0.994192482651313,0.9903108182485323,0.9981046962698727,0.9884529113769531,0.02893880000920035
YOLOv8s,train_S2A_MSIL2A_20200818T142741_N0214_R053_T20LMP_20200818T165705_15_05.png,0.28783233231131083,0.4470028047746396,0.2881260702054795,0.9964705882352941,0.2884979248046875,0.025247700017644092
YOLOv8s,train_S2A_MSIL2A_20200818T142741_N0214_R053_T20LMP_20200818T165705_15_06.png,0.27681338290531016,0.4336003782720985,0.276913903031971,0.9986903596685921,0.2780189514160156,0.027801599993836135
YOLOv8s,train_S2A_MSIL2A_20200818T142741_N0214_R053_T20LMP_20200818T165705_15_07.png,0.31431318021080096,0.4782926701844209,0.3144415271184112,0.9987030617439577,0.3143157958984375,0.02527159999590367
YOLOv8s,train_S2A_MSIL2A_20200818T142741_N0214_R053_T20LMP_20200818T165705_15_08.png,0.7421760559082031,0.8520103962986725,0.7421760559082031,1.0,0.7421760559082031,0.02876260000630282
YOLOv8s,train_S2A_MSIL2A_20200818T142741_N0214_R053_T20LMP_20200818T165705_15_09.png,0.7750703978144244,0.8732841230057565,0.7764480136994155,0.9977160763665477,0.7751235961914062,0.02246690000174567
YOLOv8s,train_S2A_MSIL2A_20200818T142741_N0214_R053_T20LMP_20200818T165705_15_10.png,0.7699586811575386,0.8700301191822081,0.7718775721149245,0.9967816410170212,0.77020263671875,0.02754280000226572
YOLOv8s,train_S2A_MSIL2A_20200818T142741_N0214_R053_T20LMP_20200818T165705_15_12.png,0.944169700299929,0.9712832168449812,0.989134475852392,0.9540648713677586,0.9441871643066406,0.029411600000457838
YOLOv8s,train_S2A_MSIL2A_20200818T142741_N0214_R053_T20LMP_20200818T165705_15_13.png,0.9779744090881329,0.9888645723571211,0.9969763595680514,0.9808837211083077,0.9779891967773438,0.029603599978145212
YOLOv8s,train_S2A_MSIL2A_20200818T142741_N0214_R053_T20LMP_20200818T165705_15_14.png,0.9858693910562096,0.9928844218016398,0.9961721565830811,0.989618317102779,0.985870361328125,0.024177199986297637
YOLOv8s,train_S2A_MSIL2A_20200818T142741_N0214_R053_T20LMP_20200818T165705_15_15.png,0.9955291748046875,0.9977595791373233,0.9994293833127171,0.9960953453310177,0.9955291748046875,0.0275520000141114
YOLOv8s,train_S2A_MSIL2A_20200818T142741_N0214_R053_T20LMP_20200818T165705_15_16.png,0.9838902967757694,0.9918797409058292,0.9885725242066916,0.9952091601167405,0.9838981628417969,0.028629799984628335
YOLOv8s,train_S2A_MSIL2A_20200818T142741_N0214_R053_T20LMP_20200818T165705_15_17.png,0.8211957164493989,0.9018203908917611,0.8227368630268932,0.9977241334557018,0.8212127685546875,0.0313155000039842
YOLOv8s,train_S2A_MSIL2A_20200818T142741_N0214_R053_T20LMP_20200818T165705_15_18.png,0.13933736322595455,0.24459368703828072,0.13947556879760725,0.9929387387878623,0.141845703125,0.028416699991794303
YOLOv8s,train_S2A_MSIL2A_20200818T142741_N0214_R053_T20LMP_20200818T165705_15_19.png,0.13623874071837752,0.23980654036182872,0.13626946570137682,0.9983477554678092,0.13779067993164062,0.03248749999329448
YOLOv8s,train_S2A_MSIL2A_20200818T142741_N0214_R053_T20LMP_20200818T165705_15_20.png,0.07198715209960938,0.13430599790046793,0.07198715209960938,1.0,0.07198715209960938,0.03135360000305809
YOLOv8s,train_S2A_MSIL2A_20200818T142741_N0214_R053_T20LMP_20200818T165705_16_05.png,0.64581298828125,0.7847951047654367,0.6458647276278694,0.9998759722886656,0.64581298828125,0.029742799990344793
YOLOv8s,train_S2A_MSIL2A_20200818T142741_N0214_R053_T20LMP_20200818T165705_16_06.png,0.3191643585811187,0.4838886928758582,0.3193727071093449,0.9979601817943243,0.31922149658203125,0.025063800014322624
YOLOv8s,train_S2A_MSIL2A_20200818T142741_N0214_R053_T20LMP_20200818T165705_16_09.png,0.6432102399804254,0.782870291738308,0.6462939131436913,0.9926366468422543,0.6440010070800781,0.023113300005206838
YOLOv8s,train_S2A_MSIL2A_20200818T142741_N0214_R053_T20LMP_20200818T165705_16_14.png,0.9893226216225495,0.9946326562311237,0.9981333877280827,0.9911563949888786,0.9893226623535156,0.024862100020982325
YOLOv8s,train_S2A_MSIL2A_20200818T142741_N0214_R053_T20LMP_20200818T165705_16_15.png,0.9954490661621094,0.9977193435226871,0.9973971073874756,0.9980417879394026,0.9954490661621094,0.022892000008141622
YOLOv8s,train_S2A_MSIL2A_20200818T142741_N0214_R053_T20LMP_20200818T165705_16_16.png,0.986175537109375,0.9930396570533012,0.986175537109375,1.0,0.986175537109375,0.020492600015131757
YOLOv8s,train_S2A_MSIL2A_20200818T142741_N0214_R053_T20LMP_20200818T165705_16_18.png,0.7995796203613281,0.888629334667376,0.7995796203613281,1.0,0.7995796203613281,0.021431900007883087
YOLOv8s,train_S2A_MSIL2A_20200818T142741_N0214_R053_T20LMP_20200818T165705_16_19.png,0.27680078193605534,0.4335849192014641,0.2770991316046967,0.9961253091508656,0.277435302734375,0.021162399993045256
YOLOv8s,train_S2A_MSIL2A_20200818T142741_N0214_R053_T20LMP_20200818T165705_16_20.png,0.16561735542893952,0.28417105263157894,0.16562688129575023,0.9996528501006735,0.1698760986328125,0.02233949999208562
YOLOv8s,train_S2A_MSIL2A_20200818T142741_N0214_R053_T20LMP_20200818T165705_16_21.png,0.15068152897883383,0.2618996224134324,0.15071550880626222,0.9985059887062875,0.15214920043945312,0.022927099984372035
YOLOv8s,train_S2A_MSIL2A_20200818T142741_N0214_R053_T20LMP_20200818T165705_17_05.png,0.9245728902208563,0.9608083901823599,0.9548099668821952,0.9668826580110431,0.9246330261230469,0.02064609999069944
YOLOv8s,train_S2A_MSIL2A_20200818T142741_N0214_R053_T20LMP_20200818T165705_17_06.png,0.8132743835449219,0.8970229667668759,0.8132743835449219,1.0,0.8132743835449219,0.02271869999822229
YOLOv8s,train_S2A_MSIL2A_20200818T142741_N0214_R053_T20LMP_20200818T165705_17_07.png,0.849203728730266,0.9184534029826575,0.8520694331016843,0.9960551735318356,0.8501701354980469,0.02058559999568388
YOLOv8s,train_S2A_MSIL2A_20200818T142741_N0214_R053_T20LMP_20200818T165705_17_08.png,0.7928227781832633,0.8844407688602232,0.7929955051369864,0.9997253409145666,0.793182373046875,0.021841500012669712
YOLOv8s,train_S2A_MSIL2A_20200818T142741_N0214_R053_T20LMP_20200818T165705_17_10.png,0.9646294890332722,0.9819963452833377,0.9683238163080069,0.9960605105578317,0.9646339416503906,0.021919500024523586
YOLOv8s,train_S2A_MSIL2A_20200818T142741_N0214_R053_T20LMP_20200818T165705_17_11.png,0.9537037390345439,0.9763033360481082,0.957206430907573,0.9961777448295928,0.9537162780761719,0.02706610001041554
YOLOv8s,train_S2A_MSIL2A_20200818T142741_N0214_R053_T20LMP_20200818T165705_17_13.png,0.973396319289958,0.9865188353449376,0.987687637691316,0.9853527959859245,0.9734039306640625,0.020501300023170188
YOLOv8s,train_S2A_MSIL2A_20200818T142741_N0214_R053_T20LMP_20200818T165705_17_16.png,0.9790725926605084,0.9894256494597005,0.9806047759160982,0.9984066569793488,0.9791030883789062,0.027955300000030547
YOLOv8s,train_S2A_MSIL2A_20200818T142741_N0214_R053_T20LMP_20200818T165705_17_17.png,0.9214439392089844,0.9591161317861007,0.9214439392089844,1.0,0.9214439392089844,0.020562499994412065
YOLOv8s,train_S2A_MSIL2A_20200818T142741_N0214_R053_T20LMP_20200818T165705_17_18.png,0.9086167160169725,0.9521206729375543,0.9101447835127201,0.9981556234621463,0.9086418151855469,0.020790300011867657
YOLOv8s,train_S2A_MSIL2A_20200818T142741_N0214_R053_T20LMP_20200818T165705_17_19.png,0.8798560958953757,0.9360887759616516,0.881493853962818,0.9978928148013534,0.8798675537109375,0.023416200012434274
YOLOv8s,train_S2A_MSIL2A_20200818T142741_N0214_R053_T20LMP_20200818T165705_17_20.png,0.21512592858260235,0.35408005626797623,0.21512592858260235,1.0,0.21527862548828125,0.024711099977139384
YOLOv8s,train_S2A_MSIL2A_20200818T142741_N0214_R053_T20LMP_20200818T165705_17_21.png,0.22174560733384263,0.36299800220726397,0.22188799535225048,0.9971144432421292,0.22276687622070312,0.02634139999281615
YOLOv8s,train_S2A_MSIL2A_20200818T142741_N0214_R053_T20LMP_20200818T165705_18_06.png,0.9928739552218878,0.9964242370876292,0.9947903926125244,0.9980634572465046,0.9928741455078125,0.021566499985055998
YOLOv8s,train_S2A_MSIL2A_20200818T142741_N0214_R053_T20LMP_20200818T165705_18_07.png,0.9817801478812217,0.9908063201973955,0.9889414388433884,0.9926782481830708,0.9817924499511719,0.026715200016042218
YOLOv8s,train_S2A_MSIL2A_20200818T142741_N0214_R053_T20LMP_20200818T165705_18_10.png,0.941864013671875,0.9700617623485408,0.941864013671875,1.0,0.941864013671875,0.02140910000889562
YOLOv8s,train_S2A_MSIL2A_20200818T142741_N0214_R053_T20LMP_20200818T165705_18_14.png,0.9429637485979383,0.9706447166380641,0.993923796119433,0.9484311385517434,0.9429702758789062,0.02076769998529926
YOLOv8s,train_S2A_MSIL2A_20200818T142741_N0214_R053_T20LMP_20200818T165705_18_15.png,0.9773926379197869,0.988567084934636,0.9792755224120203,0.9980366568629361,0.9773941040039062,0.022033899993402883
YOLOv8s,train_S2A_MSIL2A_20200818T142741_N0214_R053_T20LMP_20200818T165705_18_16.png,0.9650705731802816,0.9822248486662805,0.968073325593069,0.9967962501923433,0.965118408203125,0.02257210001698695
YOLOv8s,train_S2A_MSIL2A_20200818T142741_N0214_R053_T20LMP_20200818T165705_18_17.png,0.9114994276993514,0.9537009684553417,0.9137236003702259,0.9973365839810973,0.9115142822265625,0.025894599995808676
YOLOv8s,train_S2A_MSIL2A_20200818T142741_N0214_R053_T20LMP_20200818T165705_18_18.png,0.97235107421875,0.9859817422249729,0.97235107421875,1.0,0.97235107421875,0.021515200001886114
YOLOv8s,train_S2A_MSIL2A_20200818T142741_N0214_R053_T20LMP_20200818T165705_19_16.png,0.9810256958007812,0.9904219797656139,0.9829455112524462,0.9980130548505523,0.9810256958007812,0.023225999990245327
YOLOv8s,train_S2A_MSIL2A_20200818T142741_N0214_R053_T20LMP_20200818T165705_19_17.png,0.961517333984375,0.9803811746402178,0.9633989726027398,0.9979728231604954,0.961517333984375,0.02223900001263246
YOLOv8s,train_S2A_MSIL2A_20200818T142741_N0214_R053_T20LMP_20200818T165705_20_01.png,0.9953422546386719,0.997665691010903,0.999276172676859,0.99606039205207,0.9953422546386719,0.020691700017778203
YOLOv8s,train_S2A_MSIL2A_20200818T142741_N0214_R053_T20LMP_20200818T165705_20_06.png,0.47720822783357686,0.6460947330809742,0.5001202520482932,0.9124069442616237,0.47858428955078125,0.025121099984971806
YOLOv8s,train_S2A_MSIL2A_20200818T142741_N0214_R053_T20LMP_20200818T165705_20_14.png,0.9122657775878906,0.9541202779235132,0.9122727376765265,0.9999916369429681,0.9122657775878906,0.026201800006674603
YOLOv8s,train_S2A_MSIL2A_20200818T142741_N0214_R053_T20LMP_20200818T165705_20_15.png,0.972979674672689,0.9863048131340767,0.9752416567250926,0.9976218508102527,0.9729804992675781,0.02803359998506494
YOLOv8s,train_S2A_MSIL2A_20200818T142741_N0214_R053_T20LMP_20200818T165705_20_17.png,0.9634322208487845,0.9813755836524841,0.9655503343644017,0.9977282245383358,0.9634361267089844,0.027692400006344542
YOLOv8s,train_S2A_MSIL2A_20200818T142741_N0214_R053_T20LMP_20200818T165705_20_18.png,0.9873418687338816,0.9936306221565278,0.9891985689823874,0.9981025692446529,0.9873428344726562,0.030890999973053113
YOLOv8s,train_S2A_MSIL2A_20200818T142741_N0214_R053_T20LMP_20200818T165705_21_04.png,0.9933090209960938,0.996643280628629,0.9984126010337264,0.9948802200741221,0.9933090209960938,0.02713550001499243
YOLOv8s,train_S2A_MSIL2A_20200818T142741_N0214_R053_T20LMP_20200818T165705_21_05.png,0.9429388876173037,0.9706315454663258,0.9977838865543674,0.9449178297418489,0.9429397583007812,0.022217699995962903
YOLOv8s,train_S2A_MSIL2A_20200818T142741_N0214_R053_T20LMP_20200818T165705_21_06.png,0.0,0.0,0.0,0.0,0.12913131713867188,0.021067399997264147
YOLOv8s,train_S2A_MSIL2A_20200818T142741_N0214_R053_T20LMP_20200818T165705_21_17.png,0.975275385654382,0.9874829532503757,0.9775206990840775,0.9976503557642393,0.97528076171875,0.022131300007458776
YOLOv8s,train_S2A_MSIL2A_20200818T142741_N0214_R053_T20LMP_20200818T165705_21_18.png,0.9850615315363429,0.9924745564677305,0.9876725479921514,0.9973234872682191,0.9850616455078125,0.021685799991246313
YOLOv8s,train_S2B_MSIL2A_20200202T141649_N0213_R010_T20LQN_20200202T164215_03_02.png,0.9881858825683594,0.9940578405997034,0.9881858825683594,1.0,0.9881858825683594,0.0186536000110209
YOLOv8s,train_S2B_MSIL2A_20200202T141649_N0213_R010_T20LQN_20200202T164215_03_04.png,0.9762237335226275,0.9879688387129167,0.988801397795843,0.9871376804603113,0.9762344360351562,0.02427009999519214
YOLOv8s,train_S2B_MSIL2A_20200202T141649_N0213_R010_T20LQN_20200202T164215_04_02.png,0.0,0.0,0.0,0.0,0.00690460205078125,0.017452200001571327
YOLOv8s,train_S2B_MSIL2A_20200202T141649_N0213_R010_T20LQN_20200202T164215_04_03.png,0.0,0.0,0.0,0.0,7.62939453125e-06,0.02277670000330545
YOLOv8s,train_S2B_MSIL2A_20200202T141649_N0213_R010_T20LQN_20200202T164215_04_04.png,0.0,0.0,0.0,0.0,8.392333984375e-05,0.019162000011419877
YOLOv8s,train_S2B_MSIL2A_20200202T141649_N0213_R010_T20LQN_20200202T164215_04_06.png,0.3292011334906777,0.49533682329347273,0.3294704011741683,0.9975235494248618,0.32996368408203125,0.021800899994559586
YOLOv8s,train_S2B_MSIL2A_20200202T141649_N0213_R010_T20LQN_20200202T164215_04_09.png,0.0,0.0,0.0,0.0,0.020721435546875,0.01850070001091808
YOLOv8s,train_S2B_MSIL2A_20200202T141649_N0213_R010_T20LQN_20200202T164215_05_10.png,0.0,0.0,0.0,0.0,0.004474639892578125,0.016981499997200444
YOLOv8s,train_S2B_MSIL2A_20200202T141649_N0213_R010_T20LQN_20200202T164215_05_11.png,0.0,0.0,0.0,0.0,0.015377044677734375,0.017209999990882352
YOLOv8s,train_S2B_MSIL2A_20200202T141649_N0213_R010_T20LQN_20200202T164215_05_12.png,0.0,0.0,0.0,0.0,0.0263214111328125,0.019341399980476126
YOLOv8s,train_S2B_MSIL2A_20200202T141649_N0213_R010_T20LQN_20200202T164215_05_21.png,0.0,0.0,0.0,0.0,0.000965118408203125,0.016715799982193857
YOLOv8s,train_S2B_MSIL2A_20200202T141649_N0213_R010_T20LQN_20200202T164215_06_11.png,0.0,0.0,0.0,0.0,0.001316070556640625,0.01623229999677278
YOLOv8s,train_S2B_MSIL2A_20200202T141649_N0213_R010_T20LQN_20200202T164215_06_12.png,0.0,0.0,0.0,0.0,0.00148773193359375,0.016594999993685633
YOLOv8s,train_S2B_MSIL2A_20200202T141649_N0213_R010_T20LQN_20200202T164215_07_11.png,0.0,0.0,0.0,0.0,6.866455078125e-05,0.019908700021915138
YOLOv8s,train_S2B_MSIL2A_20200202T141649_N0213_R010_T20LQN_20200202T164215_07_17.png,0.0,0.0,0.0,0.0,0.004779815673828125,0.01675249999971129
YOLOv8s,train_S2B_MSIL2A_20200202T141649_N0213_R010_T20LQN_20200202T164215_08_11.png,0.0,0.0,0.0,0.0,0.0,0.016123399982461706
YOLOv8s,train_S2B_MSIL2A_20200202T141649_N0213_R010_T20LQN_20200202T164215_08_14.png,0.0,0.0,0.0,0.0,0.00867462158203125,0.015925799991237
YOLOv8s,train_S2B_MSIL2A_20200202T141649_N0213_R010_T20LQN_20200202T164215_09_11.png,0.0,0.0,0.0,0.0,0.0001373291015625,0.018173699994804338
YOLOv8s,train_S2B_MSIL2A_20200202T141649_N0213_R010_T20LQN_20200202T164215_10_05.png,0.0,0.0,0.0,0.0,0.28417205810546875,0.01736449997406453
YOLOv8s,train_S2B_MSIL2A_20200202T141649_N0213_R010_T20LQN_20200202T164215_10_06.png,0.6513867753553922,0.7888966837768315,0.6664019808409186,0.9665660565761555,0.6521873474121094,0.019434700021520257
YOLOv8s,train_S2B_MSIL2A_20200202T141649_N0213_R010_T20LQN_20200202T164215_11_05.png,0.49163748178329175,0.6591916437974276,0.49209931417922986,0.9980947217596716,0.4916801452636719,0.019141500000841916
YOLOv8s,train_S2B_MSIL2A_20200202T141649_N0213_R010_T20LQN_20200202T164215_11_06.png,0.4674644470214844,0.6371049710543897,0.4675179502048727,0.9997552478930922,0.4674644470214844,0.0196179999911692
YOLOv8s,train_S2B_MSIL2A_20200202T141649_N0213_R010_T20LQN_20200202T164215_11_07.png,0.7052686190808622,0.8271642498892652,0.706130617950706,0.9982721102393667,0.7052764892578125,0.01852429998689331
YOLOv8s,train_S2B_MSIL2A_20200202T141649_N0213_R010_T20LQN_20200202T164215_12_03.png,0.3455575759475813,0.5136273350536181,0.34716021385995166,0.9868167778324902,0.36295318603515625,0.019731600012164563
YOLOv8s,train_S2B_MSIL2A_20200202T141649_N0213_R010_T20LQN_20200202T164215_13_04.png,0.3026958774094857,0.4647222466250842,0.3026958774094857,1.0,0.302703857421875,0.01999140001134947
YOLOv8s,train_S2B_MSIL2A_20200202T141649_N0213_R010_T20LQN_20200202T164215_13_14.png,0.0,0.0,0.0,0.0,1.52587890625e-05,0.017572199983987957
YOLOv8s,train_S2B_MSIL2A_20200202T141649_N0213_R010_T20LQN_20200202T164215_16_08.png,0.0,0.0,0.0,0.0,0.6018486022949219,0.0183924000011757
YOLOv8s,train_S2B_MSIL2A_20200202T141649_N0213_R010_T20LQN_20200202T164215_18_10.png,0.5796504495551035,0.7338971096021372,0.6043805252420582,0.9340635967244496,0.5869560241699219,0.02864970001974143
YOLOv8s,train_S2B_MSIL2A_20200202T141649_N0213_R010_T20LQN_20200202T164215_20_13.png,0.0,0.0,0.0,0.0,0.10293197631835938,0.02532039998914115
YOLOv8s,val_S2A_MSIL2A_20200111T142701_N0213_R053_T20NQG_20200111T164651_01_04.png,0.6167022081584921,0.7629137945706749,0.628529808134236,0.9703897915739593,0.617401123046875,0.024803200009046122
YOLOv8s,val_S2A_MSIL2A_20200111T142701_N0213_R053_T20NQG_20200111T164651_01_05.png,0.6806558552784676,0.8099883782164194,0.6806896130750273,0.9999271439299685,0.6806716918945312,0.0200433999998495
YOLOv8s,val_S2A_MSIL2A_20200111T142701_N0213_R053_T20NQG_20200111T164651_01_12.png,0.0,0.0,0.0,0.0,0.2932472229003906,0.01821340000606142
YOLOv8s,val_S2A_MSIL2A_20200111T142701_N0213_R053_T20NQG_20200111T164651_01_14.png,0.6454498255365609,0.7845269002062554,0.6522475464477502,0.9841097070481889,0.6457176208496094,0.01923440000973642
YOLOv8s,val_S2A_MSIL2A_20200111T142701_N0213_R053_T20NQG_20200111T164651_02_12.png,0.0,0.0,0.0,0.0,0.2871360778808594,0.01829469998483546
YOLOv8s,val_S2A_MSIL2A_20200111T142701_N0213_R053_T20NQG_20200111T164651_11_12.png,0.0,0.0,0.0,0.0,0.216705322265625,0.01907100001699291
YOLOv8s,val_S2A_MSIL2A_20200111T142701_N0213_R053_T20NQG_20200111T164651_12_06.png,0.06809149927973089,0.12750124745988242,0.09136132572636685,0.2109450712482502,0.0795135498046875,0.019638199999462813
YOLOv8s,val_S2A_MSIL2A_20200111T142701_N0213_R053_T20NQG_20200111T164651_12_08.png,0.0,0.0,0.0,0.0,0.6120643615722656,0.020292900007916614
YOLOv8s,val_S2A_MSIL2A_20200111T142701_N0213_R053_T20NQG_20200111T164651_12_16.png,0.0,0.0,0.0,0.0,0.22155380249023438,0.02032299997517839
YOLOv8s,val_S2A_MSIL2A_20200111T142701_N0213_R053_T20NQG_20200111T164651_14_12.png,0.2428193644048365,0.39075568237725083,0.2436929024538042,0.9854524023698006,0.244171142578125,0.023326900001848117
YOLOv8s,val_S2A_MSIL2A_20200111T142701_N0213_R053_T20NQG_20200111T164651_14_13.png,0.8693392497775605,0.9301032435723011,0.8820921951465226,0.9836414778840212,0.869476318359375,0.02115760001470335
YOLOv8s,val_S2A_MSIL2A_20200111T142701_N0213_R053_T20NQG_20200111T164651_15_01.png,0.0,0.0,0.0,0.0,0.49146270751953125,0.020905899989884347
YOLOv8s,val_S2A_MSIL2A_20200111T142701_N0213_R053_T20NQG_20200111T164651_19_08.png,0.0,0.0,0.0,0.0,0.001953125,0.022005600010743365
YOLOv8s,val_S2A_MSIL2A_20200115T140641_N0213_R110_T21LUH_20200115T163049_01_04.png,0.0,0.0,0.0,0.0,0.8346405029296875,0.0228134999924805
YOLOv8s,val_S2A_MSIL2A_20200115T140641_N0213_R110_T21LUH_20200115T163049_05_15.png,0.49893951807413417,0.6657233491517804,0.5129109320823183,0.9482315791005465,0.5007400512695312,0.027100700011942536
YOLOv8s,val_S2A_MSIL2A_20200115T140641_N0213_R110_T21LUH_20200115T163049_06_05.png,0.1336763476607975,0.23582806139798596,0.1338572143848156,0.9899932157394844,0.13418197631835938,0.020396100007928908
YOLOv8s,val_S2A_MSIL2A_20200115T140641_N0213_R110_T21LUH_20200115T163049_06_08.png,0.0,0.0,0.0,0.0,0.8009757995605469,0.020996499981265515
YOLOv8s,val_S2A_MSIL2A_20200115T140641_N0213_R110_T21LUH_20200115T163049_06_10.png,0.0,0.0,0.0,0.0,0.7020072937011719,0.019913900003302842
YOLOv8s,val_S2A_MSIL2A_20200115T140641_N0213_R110_T21LUH_20200115T163049_07_07.png,0.23762942601458095,0.38400739513732496,0.2376686607739389,0.9993057797868905,0.2424774169921875,0.02014369997777976
YOLOv8s,val_S2A_MSIL2A_20200115T140641_N0213_R110_T21LUH_20200115T163049_09_15.png,0.0,0.0,0.0,0.0,0.6642875671386719,0.020121899986406788
YOLOv8s,val_S2A_MSIL2A_20200217T141651_N0209_R010_T20LQN_20200217T160045_01_21.png,0.0,0.0,0.0,0.0,0.13463973999023438,0.01635270001133904
YOLOv8s,val_S2A_MSIL2A_20200217T141651_N0209_R010_T20LQN_20200217T160045_03_18.png,0.0,0.0,0.0,0.0,0.116455078125,0.017019699997035787
YOLOv8s,val_S2A_MSIL2A_20200217T141651_N0209_R010_T20LQN_20200217T160045_03_20.png,0.0,0.0,0.0,0.0,0.22586822509765625,0.01783399999840185
YOLOv8s,val_S2A_MSIL2A_20200217T141651_N0209_R010_T20LQN_20200217T160045_05_06.png,0.21191853251636794,0.34972405624716496,0.21193147761416262,0.9997118518918724,0.21251678466796875,0.023205200006486848
YOLOv8s,val_S2A_MSIL2A_20200217T141651_N0209_R010_T20LQN_20200217T160045_05_15.png,0.0,0.0,0.0,0.0,0.110107421875,0.01725200001965277
YOLOv8s,val_S2A_MSIL2A_20200217T141651_N0209_R010_T20LQN_20200217T160045_06_15.png,0.0,0.0,0.0,0.0,0.10819244384765625,0.017787699995096773
YOLOv8s,val_S2A_MSIL2A_20200217T141651_N0209_R010_T20LQN_20200217T160045_06_21.png,0.0,0.0,0.0,0.0,0.08015823364257812,0.01823440002044663
YOLOv8s,val_S2A_MSIL2A_20200217T141651_N0209_R010_T20LQN_20200217T160045_07_15.png,0.0,0.0,0.0,0.0,0.11628341674804688,0.018326499994145706
YOLOv8s,val_S2A_MSIL2A_20200217T141651_N0209_R010_T20LQN_20200217T160045_08_08.png,0.45735049436784025,0.6276465354564232,0.45801620286135636,0.9968320661597972,0.4587974548339844,0.021128499996848404
YOLOv8s,val_S2A_MSIL2A_20200217T141651_N0209_R010_T20LQN_20200217T160045_09_15.png,0.0,0.0,0.0,0.0,0.1088409423828125,0.018806299980496988
YOLOv8s,val_S2A_MSIL2A_20200217T141651_N0209_R010_T20LQN_20200217T160045_09_21.png,0.0,0.0,0.0,0.0,0.0380096435546875,0.018693100020755082
YOLOv8s,val_S2A_MSIL2A_20200217T141651_N0209_R010_T20LQN_20200217T160045_10_02.png,0.33620080222533005,0.5032189797602514,0.3364878063786752,0.9974694221847322,0.3409309387207031,0.019460200011963025
YOLOv8s,val_S2A_MSIL2A_20200217T141651_N0209_R010_T20LQN_20200217T160045_10_14.png,0.0,0.0,0.0,0.0,0.07329940795898438,0.017695499991532415
YOLOv8s,val_S2A_MSIL2A_20200217T141651_N0209_R010_T20LQN_20200217T160045_11_03.png,0.11715469951886243,0.20973764791808827,0.11793855302279485,0.946314747199703,0.12084579467773438,0.020109400007640943
YOLOv8s,val_S2A_MSIL2A_20200217T141651_N0209_R010_T20LQN_20200217T160045_13_07.png,0.44682233099110874,0.6176602633510978,0.44743437187929247,0.9969479705709341,0.447723388671875,0.019211300008464605
YOLOv8s,val_S2A_MSIL2A_20200217T141651_N0209_R010_T20LQN_20200217T160045_13_16.png,0.0,0.0,0.0,0.0,0.20554351806640625,0.017435100016882643
YOLOv8s,val_S2A_MSIL2A_20200217T141651_N0209_R010_T20LQN_20200217T160045_14_04.png,0.1371503539968559,0.2412176252943155,0.1372380165036207,0.9953642016433489,0.13945770263671875,0.020570299995597452
YOLOv8s,val_S2A_MSIL2A_20200217T141651_N0209_R010_T20LQN_20200217T160045_15_19.png,0.0,0.0,0.0,0.0,0.07300567626953125,0.017960299999685958
YOLOv8s,val_S2A_MSIL2A_20200217T141651_N0209_R010_T20LQN_20200217T160045_15_21.png,0.0,0.0,0.0,0.0,0.109466552734375,0.018285199999809265
YOLOv8s,val_S2A_MSIL2A_20200217T141651_N0209_R010_T20LQN_20200217T160045_17_06.png,0.1400010015755554,0.24561557644609947,0.14447854467970073,0.8187573217986843,0.14837646484375,0.02233819998218678
YOLOv8s,val_S2A_MSIL2A_20200217T141651_N0209_R010_T20LQN_20200217T160045_17_17.png,0.0,0.0,0.0,0.0,0.09857177734375,0.018021299998508766
YOLOv8s,val_S2A_MSIL2A_20200217T141651_N0209_R010_T20LQN_20200217T160045_20_04.png,0.15983715270970048,0.2756199908517789,0.8687394220522786,0.16379279779702882,0.72210693359375,0.02177359999041073
YOLOv8s,val_S2A_MSIL2A_20200217T141651_N0209_R010_T20LQN_20200217T160045_20_18.png,0.0,0.0,0.0,0.0,0.10811614990234375,0.017110099986894056
YOLOv8s,val_S2A_MSIL2A_20200818T142741_N0214_R053_T20LMP_20200818T165705_01_01.png,0.24845123291015625,0.39801511883009344,0.24845123291015625,1.0,0.24845123291015625,0.02094570000190288
YOLOv8s,val_S2A_MSIL2A_20200818T142741_N0214_R053_T20LMP_20200818T165705_01_06.png,0.5497743511881373,0.7094895469997317,0.5497743511881373,1.0,0.5497932434082031,0.021722599980421364
YOLOv8s,val_S2A_MSIL2A_20200818T142741_N0214_R053_T20LMP_20200818T165705_01_11.png,0.4212920732940732,0.592829695190885,0.4219055772994129,0.9965602852886742,0.4215812683105469,0.019289899995783344
YOLOv8s,val_S2A_MSIL2A_20200818T142741_N0214_R053_T20LMP_20200818T165705_03_05.png,0.20689010620117188,0.3428482927122217,0.20689010620117188,1.0,0.20689010620117188,0.019855399994412437
YOLOv8s,val_S2A_MSIL2A_20200818T142741_N0214_R053_T20LMP_20200818T165705_03_08.png,0.16626199693061822,0.28511946263907845,0.16645899584148727,0.9929322176876952,0.16690444946289062,0.019856899976730347
YOLOv8s,val_S2A_MSIL2A_20200818T142741_N0214_R053_T20LMP_20200818T165705_03_12.png,0.13000543715491297,0.2300970117139188,0.13002784149876878,0.998676392728984,0.13325119018554688,0.019249800010584295
YOLOv8s,val_S2A_MSIL2A_20200818T142741_N0214_R053_T20LMP_20200818T165705_03_16.png,0.18571853637695312,0.3132590588394262,0.18571853637695312,1.0,0.18571853637695312,0.019889499992132187
YOLOv8s,val_S2A_MSIL2A_20200818T142741_N0214_R053_T20LMP_20200818T165705_03_21.png,0.22170883950918746,0.3629487359660218,0.22183410447875151,0.9974595327600116,0.22185134887695312,0.01832450000802055
YOLOv8s,val_S2A_MSIL2A_20200818T142741_N0214_R053_T20LMP_20200818T165705_04_06.png,0.1676211361179136,0.2871156249795502,0.16769737646771038,0.9972950856935037,0.1688690185546875,0.019152200024109334
YOLOv8s,val_S2A_MSIL2A_20200818T142741_N0214_R053_T20LMP_20200818T165705_04_09.png,0.3793447244473476,0.5500361406744597,0.37956366193737767,0.9984817559347255,0.3801994323730469,0.019467100006295368
YOLOv8s,val_S2A_MSIL2A_20200818T142741_N0214_R053_T20LMP_20200818T165705_04_10.png,0.4172888661322247,0.5888550684392296,0.4174403981483959,0.9991308484748678,0.4182624816894531,0.01898369999253191
YOLOv8s,val_S2A_MSIL2A_20200818T142741_N0214_R053_T20LMP_20200818T165705_05_11.png,0.40161390915734657,0.5730735212221142,0.4021077875509516,0.9969511036814711,0.40341949462890625,0.019587400020100176
YOLOv8s,val_S2A_MSIL2A_20200818T142741_N0214_R053_T20LMP_20200818T165705_05_19.png,0.24141985545601827,0.38894150821735657,0.24312482161178095,0.9717721421413705,0.24444961547851562,0.020017600007122383
YOLOv8s,val_S2A_MSIL2A_20200818T142741_N0214_R053_T20LMP_20200818T165705_05_21.png,0.24146108607652944,0.38899501367317874,0.24185269052464084,0.9933388842631141,0.24228286743164062,0.01982380001572892
YOLOv8s,val_S2A_MSIL2A_20200818T142741_N0214_R053_T20LMP_20200818T165705_06_14.png,0.20800244699764858,0.34437421466258583,0.20835695135963234,0.9918865206848141,0.20981216430664062,0.018569799984106794
YOLOv8s,val_S2A_MSIL2A_20200818T142741_N0214_R053_T20LMP_20200818T165705_08_01.png,0.21612493273645283,0.3554321220109207,0.21613648073583575,0.9997528466766705,0.21646881103515625,0.020854300004430115
YOLOv8s,val_S2A_MSIL2A_20200818T142741_N0214_R053_T20LMP_20200818T165705_08_14.png,0.20055420321805295,0.3341027047016667,0.2006732510981499,0.9970507087812768,0.2032012939453125,0.019786499993642792
YOLOv8s,val_S2A_MSIL2A_20200818T142741_N0214_R053_T20LMP_20200818T165705_08_16.png,0.3915442649601026,0.5627478403948992,0.39216533145792565,0.9959715777825234,0.3917694091796875,0.019661600003018975
YOLOv8s,val_S2A_MSIL2A_20200818T142741_N0214_R053_T20LMP_20200818T165705_09_04.png,0.21925790456368033,0.3596579587353887,0.21947959433788836,0.9954143579232599,0.22156906127929688,0.018868499988457188
YOLOv8s,val_S2A_MSIL2A_20200818T142741_N0214_R053_T20LMP_20200818T165705_09_13.png,0.2974739074707031,0.45854318265343624,0.2974739074707031,1.0,0.2974739074707031,0.02022989999386482
YOLOv8s,val_S2A_MSIL2A_20200818T142741_N0214_R053_T20LMP_20200818T165705_09_19.png,0.3306868608176951,0.4970167971967364,0.33097251100782776,0.9973968831707345,0.3314170837402344,0.019275000027846545
YOLOv8s,val_S2A_MSIL2A_20200818T142741_N0214_R053_T20LMP_20200818T165705_09_20.png,0.2560157775878906,0.40766331467516254,0.2560265208882514,0.9998361241880699,0.2560157775878906,0.019389199995202944
YOLOv8s,val_S2A_MSIL2A_20200818T142741_N0214_R053_T20LMP_20200818T165705_10_08.png,0.1357598048485307,0.23906428853878334,0.14022451939275268,0.810024822294934,0.3026313781738281,0.018362600007094443
YOLOv8s,val_S2A_MSIL2A_20200818T142741_N0214_R053_T20LMP_20200818T165705_10_15.png,0.3088417053222656,0.47193133297387097,0.30989856459330145,0.9890782481216785,0.3088417053222656,0.019861700013279915
YOLOv8s,val_S2A_MSIL2A_20200818T142741_N0214_R053_T20LMP_20200818T165705_11_11.png,0.2969856262207031,0.4579628643782151,0.2969856262207031,1.0,0.2969856262207031,0.019073300005402416
YOLOv8s,val_S2A_MSIL2A_20200818T142741_N0214_R053_T20LMP_20200818T165705_11_12.png,0.21776199340820312,0.3576429459729536,0.21776199340820312,1.0,0.21776199340820312,0.019464900018647313
YOLOv8s,val_S2A_MSIL2A_20200818T142741_N0214_R053_T20LMP_20200818T165705_11_19.png,0.5592384338378906,0.7173225360554869,0.5592384338378906,1.0,0.5592384338378906,0.021795299981022254
YOLOv8s,val_S2A_MSIL2A_20200818T142741_N0214_R053_T20LMP_20200818T165705_12_04.png,0.2635347631320569,0.41713891983281176,0.26378971453141076,0.9963459725947945,0.2674903869628906,0.019693200010806322
YOLOv8s,val_S2A_MSIL2A_20200818T142741_N0214_R053_T20LMP_20200818T165705_12_05.png,0.15201369334398032,0.26390952507296367,0.15207237646771038,0.9974679101484155,0.15334320068359375,0.01851709999027662
YOLOv8s,val_S2A_MSIL2A_20200818T142741_N0214_R053_T20LMP_20200818T165705_12_10.png,0.3828125,0.5536723163841808,0.3828125,1.0,0.3828125,0.019937200006097555
YOLOv8s,val_S2A_MSIL2A_20200818T142741_N0214_R053_T20LMP_20200818T165705_13_04.png,0.13114122431539513,0.23187418422446096,0.13114122431539513,1.0,0.13121414184570312,0.01905360000091605
YOLOv8s,val_S2A_MSIL2A_20200818T142741_N0214_R053_T20LMP_20200818T165705_13_06.png,0.20278410567676242,0.337191196191711,0.20279418229077079,0.9997550266644054,0.20435333251953125,0.02036900000530295
YOLOv8s,val_S2A_MSIL2A_20200818T142741_N0214_R053_T20LMP_20200818T165705_13_14.png,0.9752844821337971,0.9874876160422705,0.9910571343290525,0.9839437183454178,0.9752845764160156,0.02036900000530295
YOLOv8s,val_S2A_MSIL2A_20200818T142741_N0214_R053_T20LMP_20200818T165705_14_02.png,0.9597386099634924,0.9794557346414389,0.9615910897749511,0.9979967313001809,0.9597396850585938,0.01930250000441447
YOLOv8s,val_S2A_MSIL2A_20200818T142741_N0214_R053_T20LMP_20200818T165705_14_03.png,0.9238700866699219,0.9604287660286598,0.9248296877863995,0.9988781608436891,0.9238700866699219,0.01971989998128265
YOLOv8s,val_S2A_MSIL2A_20200818T142741_N0214_R053_T20LMP_20200818T165705_14_05.png,0.3726556108600745,0.5429702948237352,0.37524058819000694,0.9818496807074797,0.37400054931640625,0.019705899991095066
YOLOv8s,val_S2A_MSIL2A_20200818T142741_N0214_R053_T20LMP_20200818T165705_14_06.png,0.388554642585653,0.5596533700137551,0.3895740296746815,0.9933106775258296,0.38939666748046875,0.03370930001256056
YOLOv8s,val_S2A_MSIL2A_20200818T142741_N0214_R053_T20LMP_20200818T165705_14_18.png,0.082282447532138,0.15205355629625444,0.08229880136986302,0.9975908080059304,0.083892822265625,0.021303000015905127
YOLOv8s,val_S2A_MSIL2A_20200818T142741_N0214_R053_T20LMP_20200818T165705_15_04.png,0.8854866027832031,0.939265865348626,0.8854866027832031,1.0,0.8854866027832031,0.01941520001855679
YOLOv8s,val_S2A_MSIL2A_20200818T142741_N0214_R053_T20LMP_20200818T165705_15_11.png,0.94000244140625,0.969073462324996,0.94000244140625,1.0,0.94000244140625,0.023320899985264987
YOLOv8s,val_S2A_MSIL2A_20200818T142741_N0214_R053_T20LMP_20200818T165705_17_15.png,0.9858436584472656,0.992871371574234,0.9858436584472656,1.0,0.9858436584472656,0.01921199998469092
YOLOv8s,val_S2A_MSIL2A_20200818T142741_N0214_R053_T20LMP_20200818T165705_18_11.png,0.9895694637849799,0.9947573902772026,0.9941511726400595,0.9953643476892732,0.9895706176757812,0.020294499990995973
YOLOv8s,val_S2A_MSIL2A_20200818T142741_N0214_R053_T20LMP_20200818T165705_19_15.png,0.9826316833496094,0.9912397664194252,0.9845546416340509,0.9980162958198858,0.9826316833496094,0.019771199993556365
YOLOv8s,val_S2A_MSIL2A_20200818T142741_N0214_R053_T20LMP_20200818T165705_19_18.png,0.9971199035644531,0.9985578750527665,0.9971199035644531,1.0,0.9971199035644531,0.02108010000665672
YOLOv8s,val_S2A_MSIL2A_20200818T142741_N0214_R053_T20LMP_20200818T165705_19_19.png,0.9951019287109375,0.9975449518550528,0.9951360939973678,0.9999654999252499,0.9951019287109375,0.019347900000866503
YOLOv8s,val_S2A_MSIL2A_20200818T142741_N0214_R053_T20LMP_20200818T165705_20_10.png,0.9673079197232045,0.9833823267069473,0.9729009039426634,0.9940920495530814,0.9673080444335938,0.01922960000229068
YOLOv8s,val_S2A_MSIL2A_20200818T142741_N0214_R053_T20LMP_20200818T165705_20_16.png,0.9545534317652894,0.9767483623132959,0.95629739481409,0.9980931561058897,0.954559326171875,0.019039199978578836
YOLOv8s,val_S2A_MSIL2A_20200818T142741_N0214_R053_T20LMP_20200818T165705_21_21.png,0.14372245434199774,0.25132400574348013,0.14383561643835616,0.9945557376182673,0.14472198486328125,0.01944159998674877
YOLOv8s,val_S2B_MSIL2A_20200202T141649_N0213_R010_T20LQN_20200202T164215_02_07.png,0.0,0.0,0.0,0.0,0.209991455078125,0.021390300011262298
YOLOv8s,val_S2B_MSIL2A_20200202T141649_N0213_R010_T20LQN_20200202T164215_03_03.png,0.0,0.0,0.0,0.0,0.00066375732421875,0.014791900001000613
YOLOv8s,val_S2B_MSIL2A_20200202T141649_N0213_R010_T20LQN_20200202T164215_04_10.png,0.0,0.0,0.0,0.0,3.0517578125e-05,0.015765099989948794
YOLOv8s,val_S2B_MSIL2A_20200202T141649_N0213_R010_T20LQN_20200202T164215_05_07.png,0.4993588814006915,0.6660965397879841,0.4993969971987085,0.9998471800906222,0.4995536804199219,0.019892399985110387
YOLOv8s,val_S2B_MSIL2A_20200202T141649_N0213_R010_T20LQN_20200202T164215_10_02.png,0.0,0.0,0.0,0.0,0.5900344848632812,0.01983409997774288
YOLOv8s,val_S2B_MSIL2A_20200202T141649_N0213_R010_T20LQN_20200202T164215_10_03.png,0.0,0.0,0.0,0.0,0.49022674560546875,0.019701899989740923
YOLOv8s,val_S2B_MSIL2A_20200202T141649_N0213_R010_T20LQN_20200202T164215_11_04.png,0.0,0.0,0.0,0.0,0.5555915832519531,0.018958200002089143
YOLOv8s,val_S2B_MSIL2A_20200202T141649_N0213_R010_T20LQN_20200202T164215_12_07.png,0.5160836011389052,0.6808115340753179,0.5165094159440773,0.9984051154445371,0.5163383483886719,0.02029210000182502
YOLOv8s,val_S2B_MSIL2A_20200202T141649_N0213_R010_T20LQN_20200202T164215_12_14.png,0.0,0.0,0.0,0.0,0.001064300537109375,0.015614799980539829
YOLOv8m,train_S2A_MSIL2A_20200111T142701_N0213_R053_T20NQG_20200111T164651_01_07.png,0.0,0.0,0.0,0.0,0.3530769348144531,0.7460569000104442
YOLOv8m,train_S2A_MSIL2A_20200111T142701_N0213_R053_T20NQG_20200111T164651_01_13.png,0.0,0.0,0.0,0.0,0.3471565246582031,0.031092300021555275
YOLOv8m,train_S2A_MSIL2A_20200111T142701_N0213_R053_T20NQG_20200111T164651_02_03.png,0.0,0.0,0.0,0.0,0.4569206237792969,0.03173310001147911
YOLOv8m,train_S2A_MSIL2A_20200111T142701_N0213_R053_T20NQG_20200111T164651_02_04.png,0.0,0.0,0.0,0.0,0.5263519287109375,0.030800700013060123
YOLOv8m,train_S2A_MSIL2A_20200111T142701_N0213_R053_T20NQG_20200111T164651_02_07.png,0.0,0.0,0.0,0.0,0.7064704895019531,0.030511799996020272
YOLOv8m,train_S2A_MSIL2A_20200111T142701_N0213_R053_T20NQG_20200111T164651_02_10.png,0.005525997523817719,0.010991257386533808,1.0,0.005525997523817719,0.20640182495117188,0.029647999996086583
YOLOv8m,train_S2A_MSIL2A_20200111T142701_N0213_R053_T20NQG_20200111T164651_02_11.png,0.0,0.0,0.0,0.0,0.24502944946289062,0.0290437999938149
YOLOv8m,train_S2A_MSIL2A_20200111T142701_N0213_R053_T20NQG_20200111T164651_03_05.png,0.0,0.0,0.0,0.0,0.4412269592285156,0.029023799987044185
YOLOv8m,train_S2A_MSIL2A_20200111T142701_N0213_R053_T20NQG_20200111T164651_03_06.png,0.0,0.0,0.0,0.0,0.4077720642089844,0.02815790000022389
YOLOv8m,train_S2A_MSIL2A_20200111T142701_N0213_R053_T20NQG_20200111T164651_03_11.png,0.0,0.0,0.0,0.0,0.1164703369140625,0.028749499993864447
YOLOv8m,train_S2A_MSIL2A_20200111T142701_N0213_R053_T20NQG_20200111T164651_04_07.png,0.0,0.0,0.0,0.0,0.7887382507324219,0.0292615000216756
YOLOv8m,train_S2A_MSIL2A_20200111T142701_N0213_R053_T20NQG_20200111T164651_04_08.png,0.0,0.0,0.0,0.0,0.7175750732421875,0.028111600026022643
YOLOv8m,train_S2A_MSIL2A_20200111T142701_N0213_R053_T20NQG_20200111T164651_04_09.png,0.0,0.0,0.0,0.0,0.43114471435546875,0.026029800006654114
YOLOv8m,train_S2A_MSIL2A_20200111T142701_N0213_R053_T20NQG_20200111T164651_04_10.png,0.0,0.0,0.0,0.0,0.141571044921875,0.026315800001611933
YOLOv8m,train_S2A_MSIL2A_20200111T142701_N0213_R053_T20NQG_20200111T164651_04_11.png,0.0,0.0,0.0,0.0,0.15567398071289062,0.02656050000223331
YOLOv8m,train_S2A_MSIL2A_20200111T142701_N0213_R053_T20NQG_20200111T164651_05_05.png,0.0,0.0,0.0,0.0,0.5177536010742188,0.026165599992964417
YOLOv8m,train_S2A_MSIL2A_20200111T142701_N0213_R053_T20NQG_20200111T164651_05_06.png,0.0,0.0,0.0,0.0,0.5273399353027344,0.02631459999247454
YOLOv8m,train_S2A_MSIL2A_20200111T142701_N0213_R053_T20NQG_20200111T164651_05_07.png,0.0,0.0,0.0,0.0,0.6261749267578125,0.025559499976225197
YOLOv8m,train_S2A_MSIL2A_20200111T142701_N0213_R053_T20NQG_20200111T164651_05_11.png,0.0,0.0,0.0,0.0,0.039005279541015625,0.026648400002159178
YOLOv8m,train_S2A_MSIL2A_20200111T142701_N0213_R053_T20NQG_20200111T164651_06_01.png,0.0,0.0,0.0,0.0,0.0686187744140625,0.026318299991544336
YOLOv8m,train_S2A_MSIL2A_20200111T142701_N0213_R053_T20NQG_20200111T164651_06_06.png,0.0,0.0,0.0,0.0,0.215728759765625,0.02649530000053346
YOLOv8m,train_S2A_MSIL2A_20200111T142701_N0213_R053_T20NQG_20200111T164651_06_07.png,0.0,0.0,0.0,0.0,0.3458747863769531,0.026220700005069375
YOLOv8m,train_S2A_MSIL2A_20200111T142701_N0213_R053_T20NQG_20200111T164651_06_09.png,0.0,0.0,0.0,0.0,0.43194580078125,0.026447099982760847
YOLOv8m,train_S2A_MSIL2A_20200111T142701_N0213_R053_T20NQG_20200111T164651_06_10.png,0.0,0.0,0.0,0.0,0.056148529052734375,0.02629849998629652
YOLOv8m,train_S2A_MSIL2A_20200111T142701_N0213_R053_T20NQG_20200111T164651_06_13.png,0.02387128791040231,0.0466294703099268,0.9780499075785583,0.023884083484266298,0.3397026062011719,0.02748799999244511
YOLOv8m,train_S2A_MSIL2A_20200111T142701_N0213_R053_T20NQG_20200111T164651_06_14.png,0.0,0.0,0.0,0.0,0.47252655029296875,0.025837000022875145
YOLOv8m,train_S2A_MSIL2A_20200111T142701_N0213_R053_T20NQG_20200111T164651_07_01.png,0.0037579837277714467,0.007487828318565378,0.5383447228549735,0.003770133523346645,0.2830047607421875,0.027481299999635667
YOLOv8m,train_S2A_MSIL2A_20200111T142701_N0213_R053_T20NQG_20200111T164651_07_02.png,0.0,0.0,0.0,0.0,0.18778610229492188,0.026347100007114932
YOLOv8m,train_S2A_MSIL2A_20200111T142701_N0213_R053_T20NQG_20200111T164651_07_03.png,0.0,0.0,0.0,0.0,0.03110504150390625,0.026014799979748204
YOLOv8m,train_S2A_MSIL2A_20200111T142701_N0213_R053_T20NQG_20200111T164651_07_04.png,0.0,0.0,0.0,0.0,0.17401504516601562,0.027165999985300004
YOLOv8m,train_S2A_MSIL2A_20200111T142701_N0213_R053_T20NQG_20200111T164651_07_05.png,0.0,0.0,0.0,0.0,0.3530120849609375,0.026027599989902228
YOLOv8m,train_S2A_MSIL2A_20200111T142701_N0213_R053_T20NQG_20200111T164651_07_06.png,0.0,0.0,0.0,0.0,0.30918121337890625,0.02662739998777397
YOLOv8m,train_S2A_MSIL2A_20200111T142701_N0213_R053_T20NQG_20200111T164651_07_09.png,0.0,0.0,0.0,0.0,0.15800094604492188,0.026820499973837286
YOLOv8m,train_S2A_MSIL2A_20200111T142701_N0213_R053_T20NQG_20200111T164651_07_11.png,0.0,0.0,0.0,0.0,0.24077987670898438,0.02600680000614375
YOLOv8m,train_S2A_MSIL2A_20200111T142701_N0213_R053_T20NQG_20200111T164651_07_12.png,0.0,0.0,0.0,0.0,0.29520416259765625,0.026876999996602535
YOLOv8m,train_S2A_MSIL2A_20200111T142701_N0213_R053_T20NQG_20200111T164651_07_13.png,0.0,0.0,0.0,0.0,0.1963348388671875,0.026990699989255518
YOLOv8m,train_S2A_MSIL2A_20200111T142701_N0213_R053_T20NQG_20200111T164651_07_14.png,0.0,0.0,0.0,0.0,0.3779945373535156,0.027354399993782863
YOLOv8m,train_S2A_MSIL2A_20200111T142701_N0213_R053_T20NQG_20200111T164651_07_15.png,0.0,0.0,0.0,0.0,0.5633964538574219,0.027205899998079985
YOLOv8m,train_S2A_MSIL2A_20200111T142701_N0213_R053_T20NQG_20200111T164651_08_01.png,0.0,0.0,0.0,0.0,0.0770263671875,0.02925249998224899
YOLOv8m,train_S2A_MSIL2A_20200111T142701_N0213_R053_T20NQG_20200111T164651_08_09.png,0.0,0.0,0.0,0.0,0.4984779357910156,0.02811350001138635
YOLOv8m,train_S2A_MSIL2A_20200111T142701_N0213_R053_T20NQG_20200111T164651_08_10.png,0.0,0.0,0.0,0.0,0.5098724365234375,0.030903700011549518
YOLOv8m,train_S2A_MSIL2A_20200111T142701_N0213_R053_T20NQG_20200111T164651_08_14.png,0.0,0.0,0.0,0.0,0.2684593200683594,0.027201699995202944
YOLOv8m,train_S2A_MSIL2A_20200111T142701_N0213_R053_T20NQG_20200111T164651_09_01.png,0.0,0.0,0.0,0.0,0.22026443481445312,0.029080100008286536
YOLOv8m,train_S2A_MSIL2A_20200111T142701_N0213_R053_T20NQG_20200111T164651_09_02.png,0.0,0.0,0.0,0.0,0.36429595947265625,0.028604699997231364
YOLOv8m,train_S2A_MSIL2A_20200111T142701_N0213_R053_T20NQG_20200111T164651_09_03.png,0.0,0.0,0.0,0.0,0.9452667236328125,0.029807600018102676
YOLOv8m,train_S2A_MSIL2A_20200111T142701_N0213_R053_T20NQG_20200111T164651_09_07.png,0.0,0.0,0.0,0.0,0.7738838195800781,0.02657990000443533
YOLOv8m,train_S2A_MSIL2A_20200111T142701_N0213_R053_T20NQG_20200111T164651_09_08.png,0.0,0.0,0.0,0.0,0.4558258056640625,0.027103600004920736
YOLOv8m,train_S2A_MSIL2A_20200111T142701_N0213_R053_T20NQG_20200111T164651_09_09.png,0.0,0.0,0.0,0.0,0.16601943969726562,0.026627999992342666
YOLOv8m,train_S2A_MSIL2A_20200111T142701_N0213_R053_T20NQG_20200111T164651_09_10.png,0.0,0.0,0.0,0.0,0.04801177978515625,0.02783759997691959
YOLOv8m,train_S2A_MSIL2A_20200111T142701_N0213_R053_T20NQG_20200111T164651_09_12.png,0.0,0.0,0.0,0.0,0.4818115234375,0.027398200007155538
YOLOv8m,train_S2A_MSIL2A_20200111T142701_N0213_R053_T20NQG_20200111T164651_09_13.png,0.0,0.0,0.0,0.0,0.6373748779296875,0.026290100009646267
YOLOv8m,train_S2A_MSIL2A_20200111T142701_N0213_R053_T20NQG_20200111T164651_09_15.png,0.0,0.0,0.0,0.0,0.4093513488769531,0.026668300008168444
YOLOv8m,train_S2A_MSIL2A_20200111T142701_N0213_R053_T20NQG_20200111T164651_09_16.png,0.0,0.0,0.0,0.0,0.6817550659179688,0.026705299998866394
YOLOv8m,train_S2A_MSIL2A_20200111T142701_N0213_R053_T20NQG_20200111T164651_10_01.png,0.0,0.0,0.0,0.0,0.102935791015625,0.029027900018263608
YOLOv8m,train_S2A_MSIL2A_20200111T142701_N0213_R053_T20NQG_20200111T164651_10_02.png,0.0,0.0,0.0,0.0,0.7704010009765625,0.030119100003503263
YOLOv8m,train_S2A_MSIL2A_20200111T142701_N0213_R053_T20NQG_20200111T164651_10_03.png,0.0,0.0,0.0,0.0,0.9815711975097656,0.027148499997565523
YOLOv8m,train_S2A_MSIL2A_20200111T142701_N0213_R053_T20NQG_20200111T164651_10_04.png,0.0,0.0,0.0,0.0,0.9831466674804688,0.026613599999109283
YOLOv8m,train_S2A_MSIL2A_20200111T142701_N0213_R053_T20NQG_20200111T164651_10_09.png,0.0,0.0,0.0,0.0,0.32759857177734375,0.027207100007217377
YOLOv8m,train_S2A_MSIL2A_20200111T142701_N0213_R053_T20NQG_20200111T164651_10_11.png,0.0,0.0,0.0,0.0,0.103546142578125,0.02723770000739023
YOLOv8m,train_S2A_MSIL2A_20200111T142701_N0213_R053_T20NQG_20200111T164651_10_12.png,0.0,0.0,0.0,0.0,0.14123916625976562,0.027030999975977466
YOLOv8m,train_S2A_MSIL2A_20200111T142701_N0213_R053_T20NQG_20200111T164651_10_17.png,0.0,0.0,0.0,0.0,0.4242362976074219,0.035345699987374246
YOLOv8m,train_S2A_MSIL2A_20200111T142701_N0213_R053_T20NQG_20200111T164651_11_02.png,0.0,0.0,0.0,0.0,0.5790252685546875,0.0297388999897521
YOLOv8m,train_S2A_MSIL2A_20200111T142701_N0213_R053_T20NQG_20200111T164651_11_03.png,0.0,0.0,0.0,0.0,0.9728775024414062,0.03443050000350922
YOLOv8m,train_S2A_MSIL2A_20200111T142701_N0213_R053_T20NQG_20200111T164651_11_05.png,0.0,0.0,0.0,0.0,0.9405403137207031,0.03398509998805821
YOLOv8m,train_S2A_MSIL2A_20200111T142701_N0213_R053_T20NQG_20200111T164651_11_07.png,0.0,0.0,0.0,0.0,0.27191162109375,0.027489000000059605
YOLOv8m,train_S2A_MSIL2A_20200111T142701_N0213_R053_T20NQG_20200111T164651_11_10.png,0.0,0.0,0.0,0.0,0.46007537841796875,0.028454699990106747
YOLOv8m,train_S2A_MSIL2A_20200111T142701_N0213_R053_T20NQG_20200111T164651_11_11.png,0.010864923850642881,0.02149629212428424,0.9960852544584602,0.010865387808939983,0.2047119140625,0.02944120002212003
YOLOv8m,train_S2A_MSIL2A_20200111T142701_N0213_R053_T20NQG_20200111T164651_11_14.png,0.0,0.0,0.0,0.0,0.6617965698242188,0.029619899985846132
YOLOv8m,train_S2A_MSIL2A_20200111T142701_N0213_R053_T20NQG_20200111T164651_11_17.png,0.0,0.0,0.0,0.0,0.25260162353515625,0.030640200013294816
YOLOv8m,train_S2A_MSIL2A_20200111T142701_N0213_R053_T20NQG_20200111T164651_11_18.png,0.0,0.0,0.0,0.0,0.07268142700195312,0.029284500022185966
YOLOv8m,train_S2A_MSIL2A_20200111T142701_N0213_R053_T20NQG_20200111T164651_12_01.png,0.0,0.0,0.0,0.0,0.13274765014648438,0.02987820000271313
YOLOv8m,train_S2A_MSIL2A_20200111T142701_N0213_R053_T20NQG_20200111T164651_12_02.png,0.0,0.0,0.0,0.0,0.83721923828125,0.027340600005118176
YOLOv8m,train_S2A_MSIL2A_20200111T142701_N0213_R053_T20NQG_20200111T164651_12_05.png,0.0,0.0,0.0,0.0,0.9055404663085938,0.028412000014213845
YOLOv8m,train_S2A_MSIL2A_20200111T142701_N0213_R053_T20NQG_20200111T164651_12_07.png,0.0,0.0,0.0,0.0,0.5934982299804688,0.02735040002153255
YOLOv8m,train_S2A_MSIL2A_20200111T142701_N0213_R053_T20NQG_20200111T164651_12_11.png,0.0,0.0,0.0,0.0,0.4411125183105469,0.026968799997121096
YOLOv8m,train_S2A_MSIL2A_20200111T142701_N0213_R053_T20NQG_20200111T164651_12_14.png,0.0,0.0,0.0,0.0,0.19156646728515625,0.028239700011909008
YOLOv8m,train_S2A_MSIL2A_20200111T142701_N0213_R053_T20NQG_20200111T164651_12_15.png,0.0,0.0,0.0,0.0,0.41959381103515625,0.02847349998774007
YOLOv8m,train_S2A_MSIL2A_20200111T142701_N0213_R053_T20NQG_20200111T164651_13_02.png,0.0,0.0,0.0,0.0,0.8151397705078125,0.02889719998347573
YOLOv8m,train_S2A_MSIL2A_20200111T142701_N0213_R053_T20NQG_20200111T164651_13_05.png,0.0,0.0,0.0,0.0,0.922576904296875,0.028343799989670515
YOLOv8m,train_S2A_MSIL2A_20200111T142701_N0213_R053_T20NQG_20200111T164651_13_06.png,0.0,0.0,0.0,0.0,0.5809822082519531,0.02863769998657517
YOLOv8m,train_S2A_MSIL2A_20200111T142701_N0213_R053_T20NQG_20200111T164651_13_07.png,0.0,0.0,0.0,0.0,0.5353012084960938,0.028368700004648417
YOLOv8m,train_S2A_MSIL2A_20200111T142701_N0213_R053_T20NQG_20200111T164651_13_08.png,0.0,0.0,0.0,0.0,0.6240081787109375,0.02737880000495352
YOLOv8m,train_S2A_MSIL2A_20200111T142701_N0213_R053_T20NQG_20200111T164651_13_10.png,0.0,0.0,0.0,0.0,0.8109512329101562,0.027671299991197884
YOLOv8m,train_S2A_MSIL2A_20200111T142701_N0213_R053_T20NQG_20200111T164651_13_13.png,0.0,0.0,0.0,0.0,0.3660850524902344,0.027012200007447973
YOLOv8m,train_S2A_MSIL2A_20200111T142701_N0213_R053_T20NQG_20200111T164651_13_14.png,0.0,0.0,0.0,0.0,0.3474540710449219,0.029225100006442517
YOLOv8m,train_S2A_MSIL2A_20200111T142701_N0213_R053_T20NQG_20200111T164651_13_16.png,0.0,0.0,0.0,0.0,0.24831390380859375,0.02709109999705106
YOLOv8m,train_S2A_MSIL2A_20200111T142701_N0213_R053_T20NQG_20200111T164651_14_01.png,0.0,0.0,0.0,0.0,0.3625946044921875,0.02887769998051226
YOLOv8m,train_S2A_MSIL2A_20200111T142701_N0213_R053_T20NQG_20200111T164651_14_08.png,0.0,0.0,0.0,0.0,0.9360275268554688,0.02720819998648949
YOLOv8m,train_S2A_MSIL2A_20200111T142701_N0213_R053_T20NQG_20200111T164651_14_11.png,0.0,0.0,0.0,0.0,0.7055015563964844,0.02777260000584647
YOLOv8m,train_S2A_MSIL2A_20200111T142701_N0213_R053_T20NQG_20200111T164651_15_02.png,0.0,0.0,0.0,0.0,0.7300567626953125,0.027401900006225333
YOLOv8m,train_S2A_MSIL2A_20200111T142701_N0213_R053_T20NQG_20200111T164651_15_03.png,0.0,0.0,0.0,0.0,0.9664230346679688,0.028022100013913587
YOLOv8m,train_S2A_MSIL2A_20200111T142701_N0213_R053_T20NQG_20200111T164651_15_13.png,0.0,0.0,0.0,0.0,0.20359420776367188,0.02630890000727959
YOLOv8m,train_S2A_MSIL2A_20200111T142701_N0213_R053_T20NQG_20200111T164651_17_01.png,0.0,0.0,0.0,0.0,0.3895759582519531,0.026964399992721155
YOLOv8m,train_S2A_MSIL2A_20200115T140641_N0213_R110_T21LUH_20200115T163049_01_09.png,0.0,0.0,0.0,0.0,0.778228759765625,0.027596699976129457
YOLOv8m,train_S2A_MSIL2A_20200115T140641_N0213_R110_T21LUH_20200115T163049_02_09.png,0.0,0.0,0.0,0.0,0.9186058044433594,0.026927099999738857
YOLOv8m,train_S2A_MSIL2A_20200115T140641_N0213_R110_T21LUH_20200115T163049_03_03.png,0.0,0.0,0.0,0.0,0.87542724609375,0.02694730000803247
YOLOv8m,train_S2A_MSIL2A_20200115T140641_N0213_R110_T21LUH_20200115T163049_03_05.png,0.0,0.0,0.0,0.0,0.5654335021972656,0.027678700018441305
YOLOv8m,train_S2A_MSIL2A_20200115T140641_N0213_R110_T21LUH_20200115T163049_03_08.png,0.0,0.0,0.0,0.0,0.7857322692871094,0.027885999996215105
YOLOv8m,train_S2A_MSIL2A_20200115T140641_N0213_R110_T21LUH_20200115T163049_03_09.png,0.0,0.0,0.0,0.0,0.8455810546875,0.025978099991334602
YOLOv8m,train_S2A_MSIL2A_20200115T140641_N0213_R110_T21LUH_20200115T163049_04_02.png,0.0,0.0,0.0,0.0,0.7999000549316406,0.026186300005065277
YOLOv8m,train_S2A_MSIL2A_20200115T140641_N0213_R110_T21LUH_20200115T163049_04_06.png,0.0,0.0,0.0,0.0,0.44110870361328125,0.027753000002121553
YOLOv8m,train_S2A_MSIL2A_20200115T140641_N0213_R110_T21LUH_20200115T163049_04_07.png,0.0,0.0,0.0,0.0,0.7932281494140625,0.030223499983549118
YOLOv8m,train_S2A_MSIL2A_20200115T140641_N0213_R110_T21LUH_20200115T163049_04_08.png,0.0,0.0,0.0,0.0,0.4847869873046875,0.030933400004869327
YOLOv8m,train_S2A_MSIL2A_20200115T140641_N0213_R110_T21LUH_20200115T163049_04_09.png,0.0,0.0,0.0,0.0,0.42235565185546875,0.0346723000111524
YOLOv8m,train_S2A_MSIL2A_20200115T140641_N0213_R110_T21LUH_20200115T163049_04_11.png,0.0,0.0,0.0,0.0,0.011505126953125,0.030894800001988187
YOLOv8m,train_S2A_MSIL2A_20200115T140641_N0213_R110_T21LUH_20200115T163049_04_12.png,0.0,0.0,0.0,0.0,0.10044097900390625,0.02511779998894781
YOLOv8m,train_S2A_MSIL2A_20200115T140641_N0213_R110_T21LUH_20200115T163049_04_13.png,0.003269103238280265,0.006516902050962174,0.018733608092918696,0.003944550884706413,0.5929222106933594,0.03426970000145957
YOLOv8m,train_S2A_MSIL2A_20200115T140641_N0213_R110_T21LUH_20200115T163049_04_14.png,0.0,0.0,0.0,0.0,0.7066192626953125,0.03611459999228828
YOLOv8m,train_S2A_MSIL2A_20200115T140641_N0213_R110_T21LUH_20200115T163049_04_15.png,0.0,0.0,0.0,0.0,0.5383720397949219,0.037877900002058595
YOLOv8m,train_S2A_MSIL2A_20200115T140641_N0213_R110_T21LUH_20200115T163049_05_02.png,0.0,0.0,0.0,0.0,0.752685546875,0.03571700002066791
YOLOv8m,train_S2A_MSIL2A_20200115T140641_N0213_R110_T21LUH_20200115T163049_05_03.png,0.0,0.0,0.0,0.0,0.8507347106933594,0.03118340001674369
YOLOv8m,train_S2A_MSIL2A_20200115T140641_N0213_R110_T21LUH_20200115T163049_05_06.png,0.0,0.0,0.0,0.0,0.8393707275390625,0.035380000015720725
YOLOv8m,train_S2A_MSIL2A_20200115T140641_N0213_R110_T21LUH_20200115T163049_05_08.png,0.0,0.0,0.0,0.0,0.36643218994140625,0.03554079998866655
YOLOv8m,train_S2A_MSIL2A_20200115T140641_N0213_R110_T21LUH_20200115T163049_05_09.png,0.0,0.0,0.0,0.0,0.5567665100097656,0.03568100000848062
YOLOv8m,train_S2A_MSIL2A_20200115T140641_N0213_R110_T21LUH_20200115T163049_05_10.png,0.0,0.0,0.0,0.0,0.39870452880859375,0.03713240000070073
YOLOv8m,train_S2A_MSIL2A_20200115T140641_N0213_R110_T21LUH_20200115T163049_06_06.png,0.0,0.0,0.0,0.0,0.85540771484375,0.0360285000060685
YOLOv8m,train_S2A_MSIL2A_20200115T140641_N0213_R110_T21LUH_20200115T163049_06_09.png,0.0,0.0,0.0,0.0,0.7356643676757812,0.04257679998409003
YOLOv8m,train_S2A_MSIL2A_20200115T140641_N0213_R110_T21LUH_20200115T163049_07_04.png,0.0,0.0,0.0,0.0,0.9059982299804688,0.035505999985616654
YOLOv8m,train_S2A_MSIL2A_20200115T140641_N0213_R110_T21LUH_20200115T163049_07_06.png,0.0,0.0,0.0,0.0,0.8539352416992188,0.036667600012151524
YOLOv8m,train_S2A_MSIL2A_20200115T140641_N0213_R110_T21LUH_20200115T163049_07_13.png,0.005983797050455029,0.011896408407371023,0.02316878311327895,0.00800278863052098,0.6508369445800781,0.04189089999999851
YOLOv8m,train_S2A_MSIL2A_20200115T140641_N0213_R110_T21LUH_20200115T163049_08_03.png,0.0,0.0,0.0,0.0,0.8485450744628906,0.03447539999615401
YOLOv8m,train_S2A_MSIL2A_20200115T140641_N0213_R110_T21LUH_20200115T163049_08_04.png,0.0,0.0,0.0,0.0,0.8818855285644531,0.038338899990776554
YOLOv8m,train_S2A_MSIL2A_20200115T140641_N0213_R110_T21LUH_20200115T163049_08_05.png,0.0,0.0,0.0,0.0,0.7808609008789062,0.03194640000583604
YOLOv8m,train_S2A_MSIL2A_20200115T140641_N0213_R110_T21LUH_20200115T163049_08_06.png,0.0,0.0,0.0,0.0,0.8946342468261719,0.03450030001113191
YOLOv8m,train_S2A_MSIL2A_20200115T140641_N0213_R110_T21LUH_20200115T163049_09_06.png,0.0,0.0,0.0,0.0,0.8294334411621094,0.028770100005203858
YOLOv8m,train_S2A_MSIL2A_20200115T140641_N0213_R110_T21LUH_20200115T163049_16_11.png,0.0,0.0,0.0,0.0,0.6166152954101562,0.033728000009432435
YOLOv8m,train_S2A_MSIL2A_20200217T141651_N0209_R010_T20LQN_20200217T160045_02_11.png,0.0,0.0,0.0,0.0,0.08388519287109375,0.02736649999860674
YOLOv8m,train_S2A_MSIL2A_20200217T141651_N0209_R010_T20LQN_20200217T160045_02_15.png,0.0,0.0,0.0,0.0,0.3261451721191406,0.02738159999717027
YOLOv8m,train_S2A_MSIL2A_20200217T141651_N0209_R010_T20LQN_20200217T160045_02_16.png,0.0,0.0,0.0,0.0,0.22451400756835938,0.026359700015746057
YOLOv8m,train_S2A_MSIL2A_20200217T141651_N0209_R010_T20LQN_20200217T160045_02_17.png,0.0,0.0,0.0,0.0,0.23914337158203125,0.026596700015943497
YOLOv8m,train_S2A_MSIL2A_20200217T141651_N0209_R010_T20LQN_20200217T160045_02_21.png,0.01060741402411791,0.020992155562921225,0.9669211195928753,0.010611264695205383,0.188751220703125,0.027153700008057058
YOLOv8m,train_S2A_MSIL2A_20200217T141651_N0209_R010_T20LQN_20200217T160045_03_02.png,0.0,0.0,0.0,0.0,0.046100616455078125,0.023898999992525205
YOLOv8m,train_S2A_MSIL2A_20200217T141651_N0209_R010_T20LQN_20200217T160045_03_13.png,0.0,0.0,0.0,0.0,0.14628219604492188,0.025867799995467067
YOLOv8m,train_S2A_MSIL2A_20200217T141651_N0209_R010_T20LQN_20200217T160045_03_14.png,0.0,0.0,0.0,0.0,0.21979522705078125,0.02494010000373237
YOLOv8m,train_S2A_MSIL2A_20200217T141651_N0209_R010_T20LQN_20200217T160045_03_15.png,0.0,0.0,0.0,0.0,0.1883392333984375,0.02443479999783449
YOLOv8m,train_S2A_MSIL2A_20200217T141651_N0209_R010_T20LQN_20200217T160045_03_17.png,0.0,0.0,0.0,0.0,0.2412872314453125,0.02492959998198785
YOLOv8m,train_S2A_MSIL2A_20200217T141651_N0209_R010_T20LQN_20200217T160045_03_19.png,0.0,0.0,0.0,0.0,0.11525726318359375,0.024738700012676418
YOLOv8m,train_S2A_MSIL2A_20200217T141651_N0209_R010_T20LQN_20200217T160045_03_21.png,0.0,0.0,0.0,0.0,0.16643142700195312,0.024959800008218735
YOLOv8m,train_S2A_MSIL2A_20200217T141651_N0209_R010_T20LQN_20200217T160045_04_15.png,0.0,0.0,0.0,0.0,0.2323150634765625,0.026554000010946766
YOLOv8m,train_S2A_MSIL2A_20200217T141651_N0209_R010_T20LQN_20200217T160045_04_16.png,0.0,0.0,0.0,0.0,0.12780380249023438,0.025020700006280094
YOLOv8m,train_S2A_MSIL2A_20200217T141651_N0209_R010_T20LQN_20200217T160045_04_17.png,0.0,0.0,0.0,0.0,0.30376434326171875,0.028084199992008507
YOLOv8m,train_S2A_MSIL2A_20200217T141651_N0209_R010_T20LQN_20200217T160045_04_21.png,0.0,0.0,0.0,0.0,0.165802001953125,0.0267294000077527
YOLOv8m,train_S2A_MSIL2A_20200217T141651_N0209_R010_T20LQN_20200217T160045_05_01.png,0.0,0.0,0.0,0.0,0.023708343505859375,0.024857199983671308
YOLOv8m,train_S2A_MSIL2A_20200217T141651_N0209_R010_T20LQN_20200217T160045_05_16.png,0.0,0.0,0.0,0.0,0.10461044311523438,0.025210399995557964
YOLOv8m,train_S2A_MSIL2A_20200217T141651_N0209_R010_T20LQN_20200217T160045_05_17.png,0.0,0.0,0.0,0.0,0.21310806274414062,0.026260399987222627
YOLOv8m,train_S2A_MSIL2A_20200217T141651_N0209_R010_T20LQN_20200217T160045_05_18.png,0.0,0.0,0.0,0.0,0.2457122802734375,0.03301029998692684
YOLOv8m,train_S2A_MSIL2A_20200217T141651_N0209_R010_T20LQN_20200217T160045_05_20.png,0.0,0.0,0.0,0.0,0.13541793823242188,0.031013799976790324
YOLOv8m,train_S2A_MSIL2A_20200217T141651_N0209_R010_T20LQN_20200217T160045_05_21.png,0.0,0.0,0.0,0.0,0.08465957641601562,0.02716219998546876
YOLOv8m,train_S2A_MSIL2A_20200217T141651_N0209_R010_T20LQN_20200217T160045_06_01.png,0.0,0.0,0.0,0.0,0.013675689697265625,0.028816400008508936
YOLOv8m,train_S2A_MSIL2A_20200217T141651_N0209_R010_T20LQN_20200217T160045_06_13.png,0.0,0.0,0.0,0.0,0.149871826171875,0.02510709999478422
YOLOv8m,train_S2A_MSIL2A_20200217T141651_N0209_R010_T20LQN_20200217T160045_06_14.png,0.006312758417011222,0.012546314978539199,0.9017798286090969,0.006317101890974579,0.178558349609375,0.026757400017231703
YOLOv8m,train_S2A_MSIL2A_20200217T141651_N0209_R010_T20LQN_20200217T160045_06_16.png,0.0,0.0,0.0,0.0,0.1207733154296875,0.026936600013868883
YOLOv8m,train_S2A_MSIL2A_20200217T141651_N0209_R010_T20LQN_20200217T160045_06_17.png,0.0,0.0,0.0,0.0,0.15506362915039062,0.031610600010026246
YOLOv8m,train_S2A_MSIL2A_20200217T141651_N0209_R010_T20LQN_20200217T160045_06_18.png,0.0,0.0,0.0,0.0,0.2757377624511719,0.027541999996174127
YOLOv8m,train_S2A_MSIL2A_20200217T141651_N0209_R010_T20LQN_20200217T160045_06_19.png,0.0,0.0,0.0,0.0,0.18827438354492188,0.026911200024187565
YOLOv8m,train_S2A_MSIL2A_20200217T141651_N0209_R010_T20LQN_20200217T160045_06_20.png,0.0,0.0,0.0,0.0,0.07634353637695312,0.030388599989237264
YOLOv8m,train_S2A_MSIL2A_20200217T141651_N0209_R010_T20LQN_20200217T160045_07_01.png,0.0,0.0,0.0,0.0,0.019489288330078125,0.026735399995232
YOLOv8m,train_S2A_MSIL2A_20200217T141651_N0209_R010_T20LQN_20200217T160045_07_03.png,0.0,0.0,0.0,0.0,0.6674003601074219,0.03074469999410212
YOLOv8m,train_S2A_MSIL2A_20200217T141651_N0209_R010_T20LQN_20200217T160045_07_04.png,0.0,0.0,0.0,0.0,0.5941619873046875,0.03409269999247044
YOLOv8m,train_S2A_MSIL2A_20200217T141651_N0209_R010_T20LQN_20200217T160045_07_09.png,0.0,0.0,0.0,0.0,0.5820693969726562,0.032850999996298924
YOLOv8m,train_S2A_MSIL2A_20200217T141651_N0209_R010_T20LQN_20200217T160045_07_16.png,0.0,0.0,0.0,0.0,0.15284347534179688,0.02623449999373406
YOLOv8m,train_S2A_MSIL2A_20200217T141651_N0209_R010_T20LQN_20200217T160045_07_18.png,0.0,0.0,0.0,0.0,0.11272430419921875,0.0296393999888096
YOLOv8m,train_S2A_MSIL2A_20200217T141651_N0209_R010_T20LQN_20200217T160045_07_19.png,0.0,0.0,0.0,0.0,0.0860748291015625,0.02955479998490773
YOLOv8m,train_S2A_MSIL2A_20200217T141651_N0209_R010_T20LQN_20200217T160045_07_20.png,0.0,0.0,0.0,0.0,0.07149124145507812,0.02720069998758845
YOLOv8m,train_S2A_MSIL2A_20200217T141651_N0209_R010_T20LQN_20200217T160045_07_21.png,0.0,0.0,0.0,0.0,0.00902557373046875,0.02454589999979362
YOLOv8m,train_S2A_MSIL2A_20200217T141651_N0209_R010_T20LQN_20200217T160045_08_01.png,0.0,0.0,0.0,0.0,0.05231475830078125,0.027011800004402176
YOLOv8m,train_S2A_MSIL2A_20200217T141651_N0209_R010_T20LQN_20200217T160045_08_05.png,0.0,0.0,0.0,0.0,0.6326637268066406,0.031080100015969947
YOLOv8m,train_S2A_MSIL2A_20200217T141651_N0209_R010_T20LQN_20200217T160045_08_15.png,0.0,0.0,0.0,0.0,0.11957931518554688,0.0258023000205867
YOLOv8m,train_S2A_MSIL2A_20200217T141651_N0209_R010_T20LQN_20200217T160045_08_16.png,0.0,0.0,0.0,0.0,0.14166641235351562,0.02544940001098439
YOLOv8m,train_S2A_MSIL2A_20200217T141651_N0209_R010_T20LQN_20200217T160045_08_17.png,0.0,0.0,0.0,0.0,0.08797454833984375,0.02695460000541061
YOLOv8m,train_S2A_MSIL2A_20200217T141651_N0209_R010_T20LQN_20200217T160045_08_19.png,0.0,0.0,0.0,0.0,0.06853485107421875,0.026411700004246086
YOLOv8m,train_S2A_MSIL2A_20200217T141651_N0209_R010_T20LQN_20200217T160045_08_20.png,0.003651764948205872,0.007276956162966194,0.9101604278074866,0.0036530817242889156,0.11427688598632812,0.030182699993019924
YOLOv8m,train_S2A_MSIL2A_20200217T141651_N0209_R010_T20LQN_20200217T160045_08_21.png,0.0,0.0,0.0,0.0,0.06832122802734375,0.028078699979232624
YOLOv8m,train_S2A_MSIL2A_20200217T141651_N0209_R010_T20LQN_20200217T160045_09_03.png,0.0,0.0,0.0,0.0,0.7809410095214844,0.028705800010357052
YOLOv8m,train_S2A_MSIL2A_20200217T141651_N0209_R010_T20LQN_20200217T160045_09_09.png,0.0,0.0,0.0,0.0,0.3722991943359375,0.03328120001242496
YOLOv8m,train_S2A_MSIL2A_20200217T141651_N0209_R010_T20LQN_20200217T160045_09_10.png,0.0,0.0,0.0,0.0,0.166259765625,0.027065299975220114
YOLOv8m,train_S2A_MSIL2A_20200217T141651_N0209_R010_T20LQN_20200217T160045_09_13.png,0.0,0.0,0.0,0.0,0.20078277587890625,0.02598420000867918
YOLOv8m,train_S2A_MSIL2A_20200217T141651_N0209_R010_T20LQN_20200217T160045_09_16.png,0.0,0.0,0.0,0.0,0.16383743286132812,0.02537390001816675
YOLOv8m,train_S2A_MSIL2A_20200217T141651_N0209_R010_T20LQN_20200217T160045_09_17.png,0.0,0.0,0.0,0.0,0.07339096069335938,0.025031400000443682
YOLOv8m,train_S2A_MSIL2A_20200217T141651_N0209_R010_T20LQN_20200217T160045_09_20.png,0.0,0.0,0.0,0.0,0.030216217041015625,0.024314000009326264
YOLOv8m,train_S2A_MSIL2A_20200217T141651_N0209_R010_T20LQN_20200217T160045_10_08.png,0.0,0.0,0.0,0.0,0.5512657165527344,0.02700960001675412
YOLOv8m,train_S2A_MSIL2A_20200217T141651_N0209_R010_T20LQN_20200217T160045_10_09.png,0.0,0.0,0.0,0.0,0.5527610778808594,0.027045900002121925
YOLOv8m,train_S2A_MSIL2A_20200217T141651_N0209_R010_T20LQN_20200217T160045_10_12.png,0.0,0.0,0.0,0.0,0.10916519165039062,0.02527770001324825
YOLOv8m,train_S2A_MSIL2A_20200217T141651_N0209_R010_T20LQN_20200217T160045_10_13.png,0.0,0.0,0.0,0.0,0.0510101318359375,0.024395099986577407
YOLOv8m,train_S2A_MSIL2A_20200217T141651_N0209_R010_T20LQN_20200217T160045_11_06.png,0.0,0.0,0.0,0.0,0.6334953308105469,0.026976299996022135
YOLOv8m,train_S2A_MSIL2A_20200217T141651_N0209_R010_T20LQN_20200217T160045_11_09.png,0.004688904545564977,0.009334042656091309,0.9039812646370023,0.004691240991237345,0.68743896484375,0.026735099992947653
YOLOv8m,train_S2A_MSIL2A_20200217T141651_N0209_R010_T20LQN_20200217T160045_11_16.png,0.0,0.0,0.0,0.0,0.18502426147460938,0.02433809998910874
YOLOv8m,train_S2A_MSIL2A_20200217T141651_N0209_R010_T20LQN_20200217T160045_12_01.png,0.0,0.0,0.0,0.0,0.8796463012695312,0.02704250000533648
YOLOv8m,train_S2A_MSIL2A_20200217T141651_N0209_R010_T20LQN_20200217T160045_12_02.png,0.0,0.0,0.0,0.0,0.8058967590332031,0.02696390001801774
YOLOv8m,train_S2A_MSIL2A_20200217T141651_N0209_R010_T20LQN_20200217T160045_12_05.png,0.0,0.0,0.0,0.0,0.6573333740234375,0.026247600006172433
YOLOv8m,train_S2A_MSIL2A_20200217T141651_N0209_R010_T20LQN_20200217T160045_12_12.png,0.0,0.0,0.0,0.0,0.0946197509765625,0.024816199991619214
YOLOv8m,train_S2A_MSIL2A_20200217T141651_N0209_R010_T20LQN_20200217T160045_12_13.png,0.01456188554713128,0.028705761086773664,0.9807308970099667,0.014566053004248432,0.23794174194335938,0.026880299992626533
YOLOv8m,train_S2A_MSIL2A_20200217T141651_N0209_R010_T20LQN_20200217T160045_12_14.png,0.005821474773609315,0.01157556270096463,0.975,0.005822343866633491,0.23778533935546875,0.026823699998203665
YOLOv8m,train_S2A_MSIL2A_20200217T141651_N0209_R010_T20LQN_20200217T160045_12_17.png,0.0,0.0,0.0,0.0,0.11527252197265625,0.025121600017882884
YOLOv8m,train_S2A_MSIL2A_20200217T141651_N0209_R010_T20LQN_20200217T160045_12_18.png,0.00982247580596171,0.01945386647910005,0.9985748218527316,0.009822613506794519,0.19167709350585938,0.027368499984731898
YOLOv8m,train_S2A_MSIL2A_20200217T141651_N0209_R010_T20LQN_20200217T160045_13_02.png,0.0,0.0,0.0,0.0,0.8039321899414062,0.028021200007060543
YOLOv8m,train_S2A_MSIL2A_20200217T141651_N0209_R010_T20LQN_20200217T160045_13_03.png,0.0,0.0,0.0,0.0,0.6495742797851562,0.027275200001895428
YOLOv8m,train_S2A_MSIL2A_20200217T141651_N0209_R010_T20LQN_20200217T160045_13_04.png,0.0,0.0,0.0,0.0,0.7624549865722656,0.026367200014647096
YOLOv8m,train_S2A_MSIL2A_20200217T141651_N0209_R010_T20LQN_20200217T160045_13_10.png,0.0,0.0,0.0,0.0,0.5954322814941406,0.026853799994569272
YOLOv8m,train_S2A_MSIL2A_20200217T141651_N0209_R010_T20LQN_20200217T160045_13_13.png,0.0,0.0,0.0,0.0,0.2628364562988281,0.025060499989194795
YOLOv8m,train_S2A_MSIL2A_20200217T141651_N0209_R010_T20LQN_20200217T160045_13_15.png,0.0,0.0,0.0,0.0,0.12699127197265625,0.025532900006510317
YOLOv8m,train_S2A_MSIL2A_20200217T141651_N0209_R010_T20LQN_20200217T160045_13_17.png,0.01157580811578635,0.022886684364957385,0.9460916442048517,0.011583448444932655,0.1996917724609375,0.02680250001139939
YOLOv8m,train_S2A_MSIL2A_20200217T141651_N0209_R010_T20LQN_20200217T160045_13_18.png,0.0,0.0,0.0,0.0,0.05328369140625,0.0238285000086762
YOLOv8m,train_S2A_MSIL2A_20200217T141651_N0209_R010_T20LQN_20200217T160045_14_02.png,0.0,0.0,0.0,0.0,0.8634796142578125,0.026856600015889853
YOLOv8m,train_S2A_MSIL2A_20200217T141651_N0209_R010_T20LQN_20200217T160045_14_03.png,0.0,0.0,0.0,0.0,0.8716583251953125,0.0264657000079751
YOLOv8m,train_S2A_MSIL2A_20200217T141651_N0209_R010_T20LQN_20200217T160045_14_08.png,0.0,0.0,0.0,0.0,0.7591972351074219,0.027471100009279326
YOLOv8m,train_S2A_MSIL2A_20200217T141651_N0209_R010_T20LQN_20200217T160045_14_18.png,0.0,0.0,0.0,0.0,0.0426025390625,0.025544900010572746
YOLOv8m,train_S2A_MSIL2A_20200217T141651_N0209_R010_T20LQN_20200217T160045_14_19.png,0.0,0.0,0.0,0.0,0.039928436279296875,0.024068300001090392
YOLOv8m,train_S2A_MSIL2A_20200217T141651_N0209_R010_T20LQN_20200217T160045_14_20.png,0.0,0.0,0.0,0.0,0.13994979858398438,0.024705200019525364
YOLOv8m,train_S2A_MSIL2A_20200217T141651_N0209_R010_T20LQN_20200217T160045_14_21.png,0.0,0.0,0.0,0.0,0.14078521728515625,0.026102500007255003
YOLOv8m,train_S2A_MSIL2A_20200217T141651_N0209_R010_T20LQN_20200217T160045_15_09.png,0.0,0.0,0.0,0.0,0.6807937622070312,0.030911299982108176
YOLOv8m,train_S2A_MSIL2A_20200217T141651_N0209_R010_T20LQN_20200217T160045_15_12.png,0.0,0.0,0.0,0.0,0.5440826416015625,0.032134000008227304
YOLOv8m,train_S2A_MSIL2A_20200217T141651_N0209_R010_T20LQN_20200217T160045_15_17.png,0.0,0.0,0.0,0.0,0.026210784912109375,0.02763480000430718
YOLOv8m,train_S2A_MSIL2A_20200217T141651_N0209_R010_T20LQN_20200217T160045_15_18.png,0.0,0.0,0.0,0.0,0.0679779052734375,0.027760400000261143
YOLOv8m,train_S2A_MSIL2A_20200217T141651_N0209_R010_T20LQN_20200217T160045_15_20.png,0.0,0.0,0.0,0.0,0.059146881103515625,0.025052900018636137
YOLOv8m,train_S2A_MSIL2A_20200217T141651_N0209_R010_T20LQN_20200217T160045_16_09.png,0.0,0.0,0.0,0.0,0.8130912780761719,0.027438799996161833
YOLOv8m,train_S2A_MSIL2A_20200217T141651_N0209_R010_T20LQN_20200217T160045_16_12.png,0.011931536298991236,0.02358170660957813,0.5251091703056768,0.012061687633217704,0.5441551208496094,0.028755900013493374
YOLOv8m,train_S2A_MSIL2A_20200217T141651_N0209_R010_T20LQN_20200217T160045_16_15.png,0.0,0.0,0.0,0.0,0.525665283203125,0.030295000004116446
YOLOv8m,train_S2A_MSIL2A_20200217T141651_N0209_R010_T20LQN_20200217T160045_16_16.png,0.0,0.0,0.0,0.0,0.274932861328125,0.027681200008373708
YOLOv8m,train_S2A_MSIL2A_20200217T141651_N0209_R010_T20LQN_20200217T160045_16_17.png,0.0,0.0,0.0,0.0,0.056766510009765625,0.026895099988905713
YOLOv8m,train_S2A_MSIL2A_20200217T141651_N0209_R010_T20LQN_20200217T160045_17_14.png,0.0,0.0,0.0,0.0,0.4496421813964844,0.026639000017894432
YOLOv8m,train_S2A_MSIL2A_20200217T141651_N0209_R010_T20LQN_20200217T160045_17_16.png,0.0,0.0,0.0,0.0,0.2706565856933594,0.02792669998598285
YOLOv8m,train_S2A_MSIL2A_20200217T141651_N0209_R010_T20LQN_20200217T160045_17_18.png,0.0,0.0,0.0,0.0,0.06982803344726562,0.026012300018919632
YOLOv8m,train_S2A_MSIL2A_20200217T141651_N0209_R010_T20LQN_20200217T160045_17_19.png,0.0,0.0,0.0,0.0,0.12207794189453125,0.026537999976426363
YOLOv8m,train_S2A_MSIL2A_20200217T141651_N0209_R010_T20LQN_20200217T160045_18_04.png,0.0,0.0,0.0,0.0,0.3969535827636719,0.027729500026907772
YOLOv8m,train_S2A_MSIL2A_20200217T141651_N0209_R010_T20LQN_20200217T160045_18_05.png,0.0,0.0,0.0,0.0,0.5260658264160156,0.02854879997903481
YOLOv8m,train_S2A_MSIL2A_20200217T141651_N0209_R010_T20LQN_20200217T160045_18_06.png,0.0,0.0,0.0,0.0,0.5590553283691406,0.027836699999170378
YOLOv8m,train_S2A_MSIL2A_20200217T141651_N0209_R010_T20LQN_20200217T160045_18_14.png,0.0,0.0,0.0,0.0,0.3213691711425781,0.026186500006588176
YOLOv8m,train_S2A_MSIL2A_20200217T141651_N0209_R010_T20LQN_20200217T160045_18_17.png,0.0,0.0,0.0,0.0,0.13976287841796875,0.02480659997672774
YOLOv8m,train_S2A_MSIL2A_20200217T141651_N0209_R010_T20LQN_20200217T160045_19_05.png,0.0,0.0,0.0,0.0,0.21307754516601562,0.026173699996434152
YOLOv8m,train_S2A_MSIL2A_20200217T141651_N0209_R010_T20LQN_20200217T160045_19_10.png,0.0,0.0,0.0,0.0,0.5912094116210938,0.026586399995721877
YOLOv8m,train_S2A_MSIL2A_20200217T141651_N0209_R010_T20LQN_20200217T160045_19_11.png,0.0,0.0,0.0,0.0,0.5883712768554688,0.026701800001319498
YOLOv8m,train_S2A_MSIL2A_20200217T141651_N0209_R010_T20LQN_20200217T160045_20_01.png,0.10134205618904955,0.184033753400322,0.879193740883172,0.10277317046705213,0.55145263671875,0.028088799997931346
YOLOv8m,train_S2A_MSIL2A_20200217T141651_N0209_R010_T20LQN_20200217T160045_20_05.png,0.0,0.0,0.0,0.0,0.5764923095703125,0.026817900012247264
YOLOv8m,train_S2A_MSIL2A_20200217T141651_N0209_R010_T20LQN_20200217T160045_20_09.png,0.0,0.0,0.0,0.0,0.5911979675292969,0.027200299984542653
YOLOv8m,train_S2A_MSIL2A_20200217T141651_N0209_R010_T20LQN_20200217T160045_20_10.png,0.0,0.0,0.0,0.0,0.30605316162109375,0.02626600000075996
YOLOv8m,train_S2A_MSIL2A_20200217T141651_N0209_R010_T20LQN_20200217T160045_20_12.png,0.0,0.0,0.0,0.0,0.3027763366699219,0.026284399995347485
YOLOv8m,train_S2A_MSIL2A_20200217T141651_N0209_R010_T20LQN_20200217T160045_20_13.png,0.0,0.0,0.0,0.0,0.3450202941894531,0.02560940000694245
YOLOv8m,train_S2A_MSIL2A_20200217T141651_N0209_R010_T20LQN_20200217T160045_20_17.png,0.0,0.0,0.0,0.0,0.08885955810546875,0.025066100002732128
YOLOv8m,train_S2A_MSIL2A_20200217T141651_N0209_R010_T20LQN_20200217T160045_21_01.png,0.07112357603163849,0.13280181227107574,0.8951908775409023,0.0717208068193554,0.5502243041992188,0.030148799996823072
YOLOv8m,train_S2A_MSIL2A_20200217T141651_N0209_R010_T20LQN_20200217T160045_21_02.png,0.0,0.0,0.0,0.0,0.6423225402832031,0.03163099999073893
YOLOv8m,train_S2A_MSIL2A_20200217T141651_N0209_R010_T20LQN_20200217T160045_21_03.png,0.0,0.0,0.0,0.0,0.796630859375,0.028102400014176965
YOLOv8m,train_S2A_MSIL2A_20200217T141651_N0209_R010_T20LQN_20200217T160045_21_04.png,0.013759850585555969,0.02714617387462754,0.39185888738127544,0.014060096200658215,0.6051826477050781,0.0287462999986019
YOLOv8m,train_S2A_MSIL2A_20200217T141651_N0209_R010_T20LQN_20200217T160045_21_05.png,0.0,0.0,0.0,0.0,0.42740631103515625,0.024934400018537417
YOLOv8m,train_S2A_MSIL2A_20200217T141651_N0209_R010_T20LQN_20200217T160045_21_06.png,0.0,0.0,0.0,0.0,0.697509765625,0.027665400004480034
YOLOv8m,train_S2A_MSIL2A_20200217T141651_N0209_R010_T20LQN_20200217T160045_21_07.png,0.0,0.0,0.0,0.0,0.5637054443359375,0.028215099999215454
YOLOv8m,train_S2A_MSIL2A_20200217T141651_N0209_R010_T20LQN_20200217T160045_21_08.png,0.0,0.0,0.0,0.0,0.3825111389160156,0.02831659998628311
YOLOv8m,train_S2A_MSIL2A_20200217T141651_N0209_R010_T20LQN_20200217T160045_21_12.png,0.0,0.0,0.0,0.0,0.62060546875,0.02839180000592023
YOLOv8m,train_S2A_MSIL2A_20200818T142741_N0214_R053_T20LMP_20200818T165705_01_08.png,0.0,0.0,0.0,0.0,0.7897834777832031,0.02755020000040531
YOLOv8m,train_S2A_MSIL2A_20200818T142741_N0214_R053_T20LMP_20200818T165705_01_09.png,0.0,0.0,0.0,0.0,0.6376495361328125,0.03220020001754165
YOLOv8m,train_S2A_MSIL2A_20200818T142741_N0214_R053_T20LMP_20200818T165705_01_10.png,0.0,0.0,0.0,0.0,0.46340179443359375,0.03225930000189692
YOLOv8m,train_S2A_MSIL2A_20200818T142741_N0214_R053_T20LMP_20200818T165705_01_12.png,0.0,0.0,0.0,0.0,0.8159294128417969,0.032296700024744496
YOLOv8m,train_S2A_MSIL2A_20200818T142741_N0214_R053_T20LMP_20200818T165705_01_13.png,0.0,0.0,0.0,0.0,0.7453193664550781,0.03494660000433214
YOLOv8m,train_S2A_MSIL2A_20200818T142741_N0214_R053_T20LMP_20200818T165705_01_14.png,0.0,0.0,0.0,0.0,0.6770820617675781,0.029089299991028383
YOLOv8m,train_S2A_MSIL2A_20200818T142741_N0214_R053_T20LMP_20200818T165705_01_15.png,0.0,0.0,0.0,0.0,0.6736373901367188,0.03157560000545345
YOLOv8m,train_S2A_MSIL2A_20200818T142741_N0214_R053_T20LMP_20200818T165705_01_16.png,0.3116313731562851,0.4751813345336216,0.5935627776651243,0.39616861065997344,0.7286796569824219,0.034330800001043826
YOLOv8m,train_S2A_MSIL2A_20200818T142741_N0214_R053_T20LMP_20200818T165705_01_17.png,0.0,0.0,0.0,0.0,0.8341331481933594,0.03364009998040274
YOLOv8m,train_S2A_MSIL2A_20200818T142741_N0214_R053_T20LMP_20200818T165705_01_19.png,0.0,0.0,0.0,0.0,0.6805534362792969,0.028239000006578863
YOLOv8m,train_S2A_MSIL2A_20200818T142741_N0214_R053_T20LMP_20200818T165705_01_21.png,0.2212648737093918,0.36235361955074663,0.9755273491005387,0.2224999218969665,0.7131462097167969,0.032824100024299696
YOLOv8m,train_S2A_MSIL2A_20200818T142741_N0214_R053_T20LMP_20200818T165705_02_01.png,0.0,0.0,0.0,0.0,0.822479248046875,0.03638649999629706
YOLOv8m,train_S2A_MSIL2A_20200818T142741_N0214_R053_T20LMP_20200818T165705_02_02.png,0.0,0.0,0.0,0.0,0.8314247131347656,0.03857669999706559
YOLOv8m,train_S2A_MSIL2A_20200818T142741_N0214_R053_T20LMP_20200818T165705_02_05.png,0.0,0.0,0.0,0.0,0.644073486328125,0.028980499977478758
YOLOv8m,train_S2A_MSIL2A_20200818T142741_N0214_R053_T20LMP_20200818T165705_02_06.png,0.0,0.0,0.0,0.0,0.6773529052734375,0.03153889998793602
YOLOv8m,train_S2A_MSIL2A_20200818T142741_N0214_R053_T20LMP_20200818T165705_02_08.png,0.0781137323580921,0.14490814839588162,0.7446599558065308,0.08026357573832962,0.7269058227539062,0.033732599986251444
YOLOv8m,train_S2A_MSIL2A_20200818T142741_N0214_R053_T20LMP_20200818T165705_02_11.png,0.0,0.0,0.0,0.0,0.7905540466308594,0.0284115000104066
YOLOv8m,train_S2A_MSIL2A_20200818T142741_N0214_R053_T20LMP_20200818T165705_02_13.png,0.0,0.0,0.0,0.0,0.8798561096191406,0.0303565000067465
YOLOv8m,train_S2A_MSIL2A_20200818T142741_N0214_R053_T20LMP_20200818T165705_02_14.png,0.0,0.0,0.0,0.0,0.8079566955566406,0.032587100024102256
YOLOv8m,train_S2A_MSIL2A_20200818T142741_N0214_R053_T20LMP_20200818T165705_02_15.png,0.0,0.0,0.0,0.0,0.7434310913085938,0.030001300008734688
YOLOv8m,train_S2A_MSIL2A_20200818T142741_N0214_R053_T20LMP_20200818T165705_02_16.png,0.04707977000087563,0.089925851591682,0.9932266009852216,0.04709489051094891,0.75091552734375,0.03506110000307672
YOLOv8m,train_S2A_MSIL2A_20200818T142741_N0214_R053_T20LMP_20200818T165705_02_17.png,0.0,0.0,0.0,0.0,0.7889480590820312,0.032392900000559166
YOLOv8m,train_S2A_MSIL2A_20200818T142741_N0214_R053_T20LMP_20200818T165705_02_19.png,0.0,0.0,0.0,0.0,0.4917755126953125,0.029684299981454387
YOLOv8m,train_S2A_MSIL2A_20200818T142741_N0214_R053_T20LMP_20200818T165705_02_20.png,0.055453285622686,0.10507956416085286,0.9966542750929368,0.055463610410029375,0.8257980346679688,0.03527569997822866
YOLOv8m,train_S2A_MSIL2A_20200818T142741_N0214_R053_T20LMP_20200818T165705_02_21.png,0.0,0.0,0.0,0.0,0.7496109008789062,0.03333430000930093
YOLOv8m,train_S2A_MSIL2A_20200818T142741_N0214_R053_T20LMP_20200818T165705_03_01.png,0.0,0.0,0.0,0.0,0.744354248046875,0.035243699996499345
YOLOv8m,train_S2A_MSIL2A_20200818T142741_N0214_R053_T20LMP_20200818T165705_03_02.png,0.0,0.0,0.0,0.0,0.7392005920410156,0.035769499983871356
YOLOv8m,train_S2A_MSIL2A_20200818T142741_N0214_R053_T20LMP_20200818T165705_03_03.png,0.0,0.0,0.0,0.0,0.8417091369628906,0.0356337999983225
YOLOv8m,train_S2A_MSIL2A_20200818T142741_N0214_R053_T20LMP_20200818T165705_03_04.png,0.0,0.0,0.0,0.0,0.7581748962402344,0.03535310001461767
YOLOv8m,train_S2A_MSIL2A_20200818T142741_N0214_R053_T20LMP_20200818T165705_03_06.png,0.0,0.0,0.0,0.0,0.8368301391601562,0.034424200013745576
YOLOv8m,train_S2A_MSIL2A_20200818T142741_N0214_R053_T20LMP_20200818T165705_03_10.png,0.0,0.0,0.0,0.0,0.4813041687011719,0.03925040000467561
YOLOv8m,train_S2A_MSIL2A_20200818T142741_N0214_R053_T20LMP_20200818T165705_03_11.png,0.0,0.0,0.0,0.0,0.6892509460449219,0.03471530001843348
YOLOv8m,train_S2A_MSIL2A_20200818T142741_N0214_R053_T20LMP_20200818T165705_03_14.png,0.0,0.0,0.0,0.0,0.6418724060058594,0.0347493999870494
YOLOv8m,train_S2A_MSIL2A_20200818T142741_N0214_R053_T20LMP_20200818T165705_03_17.png,0.0,0.0,0.0,0.0,0.7827033996582031,0.03778240000247024
YOLOv8m,train_S2A_MSIL2A_20200818T142741_N0214_R053_T20LMP_20200818T165705_03_20.png,0.0,0.0,0.0,0.0,0.8590240478515625,0.034313300013309345
YOLOv8m,train_S2A_MSIL2A_20200818T142741_N0214_R053_T20LMP_20200818T165705_04_01.png,0.0,0.0,0.0,0.0,0.8716087341308594,0.03463970002485439
YOLOv8m,train_S2A_MSIL2A_20200818T142741_N0214_R053_T20LMP_20200818T165705_04_02.png,0.0,0.0,0.0,0.0,0.8450355529785156,0.03606489999219775
YOLOv8m,train_S2A_MSIL2A_20200818T142741_N0214_R053_T20LMP_20200818T165705_04_04.png,0.0,0.0,0.0,0.0,0.8214988708496094,0.03660159997525625
YOLOv8m,train_S2A_MSIL2A_20200818T142741_N0214_R053_T20LMP_20200818T165705_04_05.png,0.19830173124484748,0.33097128389999586,0.7869528233985474,0.20955152106491967,0.8145179748535156,0.03603289998136461
YOLOv8m,train_S2A_MSIL2A_20200818T142741_N0214_R053_T20LMP_20200818T165705_04_07.png,0.0,0.0,0.0,0.0,0.8674812316894531,0.03507250000257045
YOLOv8m,train_S2A_MSIL2A_20200818T142741_N0214_R053_T20LMP_20200818T165705_04_08.png,0.0,0.0,0.0,0.0,0.7550239562988281,0.03531680000014603
YOLOv8m,train_S2A_MSIL2A_20200818T142741_N0214_R053_T20LMP_20200818T165705_04_11.png,0.0,0.0,0.0,0.0,0.7287063598632812,0.034021300001768395
YOLOv8m,train_S2A_MSIL2A_20200818T142741_N0214_R053_T20LMP_20200818T165705_04_12.png,0.0,0.0,0.0,0.0,0.652679443359375,0.03397660001064651
YOLOv8m,train_S2A_MSIL2A_20200818T142741_N0214_R053_T20LMP_20200818T165705_04_13.png,0.0,0.0,0.0,0.0,0.75567626953125,0.03247870001359843
YOLOv8m,train_S2A_MSIL2A_20200818T142741_N0214_R053_T20LMP_20200818T165705_04_14.png,0.0,0.0,0.0,0.0,0.6053733825683594,0.03225609997753054
YOLOv8m,train_S2A_MSIL2A_20200818T142741_N0214_R053_T20LMP_20200818T165705_04_15.png,0.0,0.0,0.0,0.0,0.7728385925292969,0.03524019999895245
YOLOv8m,train_S2A_MSIL2A_20200818T142741_N0214_R053_T20LMP_20200818T165705_04_16.png,0.1704367377529468,0.2912361381960008,0.9011978744483473,0.1736821093194008,0.8142166137695312,0.03611700001056306
YOLOv8m,train_S2A_MSIL2A_20200818T142741_N0214_R053_T20LMP_20200818T165705_04_18.png,0.1003213138164941,0.18234912394548994,0.9667913238593867,0.10066821389074937,0.778900146484375,0.0326051999873016
YOLOv8m,train_S2A_MSIL2A_20200818T142741_N0214_R053_T20LMP_20200818T165705_04_20.png,0.0,0.0,0.0,0.0,0.8586807250976562,0.03250820000539534
YOLOv8m,train_S2A_MSIL2A_20200818T142741_N0214_R053_T20LMP_20200818T165705_04_21.png,0.0,0.0,0.0,0.0,0.8154373168945312,0.03567699997802265
YOLOv8m,train_S2A_MSIL2A_20200818T142741_N0214_R053_T20LMP_20200818T165705_05_01.png,0.0,0.0,0.0,0.0,0.8564186096191406,0.03354540001600981
YOLOv8m,train_S2A_MSIL2A_20200818T142741_N0214_R053_T20LMP_20200818T165705_05_02.png,0.0,0.0,0.0,0.0,0.9012489318847656,0.03264770001987927
YOLOv8m,train_S2A_MSIL2A_20200818T142741_N0214_R053_T20LMP_20200818T165705_05_03.png,0.0,0.0,0.0,0.0,0.8471336364746094,0.03066449999460019
YOLOv8m,train_S2A_MSIL2A_20200818T142741_N0214_R053_T20LMP_20200818T165705_05_04.png,0.0,0.0,0.0,0.0,0.8710899353027344,0.033695199992507696
YOLOv8m,train_S2A_MSIL2A_20200818T142741_N0214_R053_T20LMP_20200818T165705_05_05.png,0.0,0.0,0.0,0.0,0.8248634338378906,0.03541320000658743
YOLOv8m,train_S2A_MSIL2A_20200818T142741_N0214_R053_T20LMP_20200818T165705_05_12.png,0.0,0.0,0.0,0.0,0.7802963256835938,0.03314899999531917
YOLOv8m,train_S2A_MSIL2A_20200818T142741_N0214_R053_T20LMP_20200818T165705_05_13.png,0.0,0.0,0.0,0.0,0.8384819030761719,0.03349190001608804
YOLOv8m,train_S2A_MSIL2A_20200818T142741_N0214_R053_T20LMP_20200818T165705_05_14.png,0.0,0.0,0.0,0.0,0.6356010437011719,0.032680400006938726
YOLOv8m,train_S2A_MSIL2A_20200818T142741_N0214_R053_T20LMP_20200818T165705_05_15.png,0.0,0.0,0.0,0.0,0.7363090515136719,0.032049300003563985
YOLOv8m,train_S2A_MSIL2A_20200818T142741_N0214_R053_T20LMP_20200818T165705_05_17.png,0.0,0.0,0.0,0.0,0.8025169372558594,0.03473169999779202
YOLOv8m,train_S2A_MSIL2A_20200818T142741_N0214_R053_T20LMP_20200818T165705_05_20.png,0.022552783109404992,0.044110746128578134,0.6674828599412341,0.022809043291999263,0.7746543884277344,0.03795560001162812
YOLOv8m,train_S2A_MSIL2A_20200818T142741_N0214_R053_T20LMP_20200818T165705_06_03.png,0.0,0.0,0.0,0.0,0.85235595703125,0.034391599998343736
YOLOv8m,train_S2A_MSIL2A_20200818T142741_N0214_R053_T20LMP_20200818T165705_06_05.png,0.0,0.0,0.0,0.0,0.8445854187011719,0.0304218000092078
YOLOv8m,train_S2A_MSIL2A_20200818T142741_N0214_R053_T20LMP_20200818T165705_06_06.png,0.0,0.0,0.0,0.0,0.9078216552734375,0.03370050000376068
YOLOv8m,train_S2A_MSIL2A_20200818T142741_N0214_R053_T20LMP_20200818T165705_06_07.png,0.0,0.0,0.0,0.0,0.7094268798828125,0.03336840000702068
YOLOv8m,train_S2A_MSIL2A_20200818T142741_N0214_R053_T20LMP_20200818T165705_06_10.png,0.0,0.0,0.0,0.0,0.6767158508300781,0.032590299990260974
YOLOv8m,train_S2A_MSIL2A_20200818T142741_N0214_R053_T20LMP_20200818T165705_06_13.png,0.0,0.0,0.0,0.0,0.8022880554199219,0.03198060000431724
YOLOv8m,train_S2A_MSIL2A_20200818T142741_N0214_R053_T20LMP_20200818T165705_06_15.png,0.0,0.0,0.0,0.0,0.6532821655273438,0.030800200009252876
YOLOv8m,train_S2A_MSIL2A_20200818T142741_N0214_R053_T20LMP_20200818T165705_06_16.png,0.0,0.0,0.0,0.0,0.5645179748535156,0.03471690000151284
YOLOv8m,train_S2A_MSIL2A_20200818T142741_N0214_R053_T20LMP_20200818T165705_06_17.png,0.0,0.0,0.0,0.0,0.7271537780761719,0.0345138999982737
YOLOv8m,train_S2A_MSIL2A_20200818T142741_N0214_R053_T20LMP_20200818T165705_06_18.png,0.021872002409963294,0.042807714387674355,1.0,0.021872002409963294,0.529327392578125,0.02979970001615584
YOLOv8m,train_S2A_MSIL2A_20200818T142741_N0214_R053_T20LMP_20200818T165705_06_21.png,0.0,0.0,0.0,0.0,0.8316802978515625,0.031037300010211766
YOLOv8m,train_S2A_MSIL2A_20200818T142741_N0214_R053_T20LMP_20200818T165705_07_01.png,0.0,0.0,0.0,0.0,0.9186439514160156,0.029869899997720495
YOLOv8m,train_S2A_MSIL2A_20200818T142741_N0214_R053_T20LMP_20200818T165705_07_02.png,0.0,0.0,0.0,0.0,0.8647422790527344,0.03193759999703616
YOLOv8m,train_S2A_MSIL2A_20200818T142741_N0214_R053_T20LMP_20200818T165705_07_03.png,0.0,0.0,0.0,0.0,0.8994903564453125,0.030545099987648427
YOLOv8m,train_S2A_MSIL2A_20200818T142741_N0214_R053_T20LMP_20200818T165705_07_04.png,0.0,0.0,0.0,0.0,0.7773666381835938,0.03128900000592694
YOLOv8m,train_S2A_MSIL2A_20200818T142741_N0214_R053_T20LMP_20200818T165705_07_05.png,0.0,0.0,0.0,0.0,0.8239364624023438,0.0275551000086125
YOLOv8m,train_S2A_MSIL2A_20200818T142741_N0214_R053_T20LMP_20200818T165705_07_07.png,0.0,0.0,0.0,0.0,0.6457443237304688,0.026973700005328283
YOLOv8m,train_S2A_MSIL2A_20200818T142741_N0214_R053_T20LMP_20200818T165705_07_09.png,0.0,0.0,0.0,0.0,0.7999000549316406,0.025427900021895766
YOLOv8m,train_S2A_MSIL2A_20200818T142741_N0214_R053_T20LMP_20200818T165705_07_10.png,0.0,0.0,0.0,0.0,0.8080101013183594,0.02555310001480393
YOLOv8m,train_S2A_MSIL2A_20200818T142741_N0214_R053_T20LMP_20200818T165705_07_12.png,0.0,0.0,0.0,0.0,0.798919677734375,0.0256210999796167
YOLOv8m,train_S2A_MSIL2A_20200818T142741_N0214_R053_T20LMP_20200818T165705_07_13.png,0.0,0.0,0.0,0.0,0.7176170349121094,0.02559479998308234
YOLOv8m,train_S2A_MSIL2A_20200818T142741_N0214_R053_T20LMP_20200818T165705_07_16.png,0.0,0.0,0.0,0.0,0.6407814025878906,0.0258109999995213
YOLOv8m,train_S2A_MSIL2A_20200818T142741_N0214_R053_T20LMP_20200818T165705_07_18.png,0.0,0.0,0.0,0.0,0.674102783203125,0.026686400000471622
YOLOv8m,train_S2A_MSIL2A_20200818T142741_N0214_R053_T20LMP_20200818T165705_07_19.png,0.0,0.0,0.0,0.0,0.6530532836914062,0.025339600018924102
YOLOv8m,train_S2A_MSIL2A_20200818T142741_N0214_R053_T20LMP_20200818T165705_07_20.png,0.0,0.0,0.0,0.0,0.7244682312011719,0.025466199993388727
YOLOv8m,train_S2A_MSIL2A_20200818T142741_N0214_R053_T20LMP_20200818T165705_08_02.png,0.0,0.0,0.0,0.0,0.8841705322265625,0.025435199990170076
YOLOv8m,train_S2A_MSIL2A_20200818T142741_N0214_R053_T20LMP_20200818T165705_08_03.png,0.0,0.0,0.0,0.0,0.8038825988769531,0.02531610001460649
YOLOv8m,train_S2A_MSIL2A_20200818T142741_N0214_R053_T20LMP_20200818T165705_08_04.png,0.0,0.0,0.0,0.0,0.8061599731445312,0.027597300009801984
YOLOv8m,train_S2A_MSIL2A_20200818T142741_N0214_R053_T20LMP_20200818T165705_08_07.png,0.5317191639682073,0.6942776149521933,0.9588029892093193,0.5441510819474583,0.61163330078125,0.026629699976183474
YOLOv8m,train_S2A_MSIL2A_20200818T142741_N0214_R053_T20LMP_20200818T165705_08_08.png,0.0,0.0,0.0,0.0,0.8370895385742188,0.025657899997895584
YOLOv8m,train_S2A_MSIL2A_20200818T142741_N0214_R053_T20LMP_20200818T165705_08_10.png,0.0,0.0,0.0,0.0,0.7605514526367188,0.02573119997396134
YOLOv8m,train_S2A_MSIL2A_20200818T142741_N0214_R053_T20LMP_20200818T165705_08_11.png,0.0,0.0,0.0,0.0,0.5813484191894531,0.025872300000628456
YOLOv8m,train_S2A_MSIL2A_20200818T142741_N0214_R053_T20LMP_20200818T165705_08_12.png,0.0,0.0,0.0,0.0,0.6400794982910156,0.025137999997241423
YOLOv8m,train_S2A_MSIL2A_20200818T142741_N0214_R053_T20LMP_20200818T165705_08_13.png,0.0,0.0,0.0,0.0,0.6826591491699219,0.025607599993236363
YOLOv8m,train_S2A_MSIL2A_20200818T142741_N0214_R053_T20LMP_20200818T165705_08_18.png,0.0,0.0,0.0,0.0,0.7412147521972656,0.02658440000959672
YOLOv8m,train_S2A_MSIL2A_20200818T142741_N0214_R053_T20LMP_20200818T165705_08_19.png,0.0,0.0,0.0,0.0,0.7850608825683594,0.0265367999963928
YOLOv8m,train_S2A_MSIL2A_20200818T142741_N0214_R053_T20LMP_20200818T165705_08_20.png,0.0,0.0,0.0,0.0,0.6798858642578125,0.025247200013836846
YOLOv8m,train_S2A_MSIL2A_20200818T142741_N0214_R053_T20LMP_20200818T165705_09_03.png,0.0,0.0,0.0,0.0,0.8333206176757812,0.02590609999606386
YOLOv8m,train_S2A_MSIL2A_20200818T142741_N0214_R053_T20LMP_20200818T165705_09_05.png,0.0,0.0,0.0,0.0,0.8424110412597656,0.026085499994223937
YOLOv8m,train_S2A_MSIL2A_20200818T142741_N0214_R053_T20LMP_20200818T165705_09_06.png,0.12377240363368525,0.2202801977223694,0.9866666666666667,0.12397977220676616,0.7821731567382812,0.026474000012967736
YOLOv8m,train_S2A_MSIL2A_20200818T142741_N0214_R053_T20LMP_20200818T165705_09_07.png,0.0,0.0,0.0,0.0,0.8541336059570312,0.02593240002170205
YOLOv8m,train_S2A_MSIL2A_20200818T142741_N0214_R053_T20LMP_20200818T165705_09_11.png,0.0,0.0,0.0,0.0,0.7721099853515625,0.026038699987111613
YOLOv8m,train_S2A_MSIL2A_20200818T142741_N0214_R053_T20LMP_20200818T165705_09_12.png,0.0,0.0,0.0,0.0,0.7785873413085938,0.02646449999883771
YOLOv8m,train_S2A_MSIL2A_20200818T142741_N0214_R053_T20LMP_20200818T165705_09_14.png,0.05608115031251067,0.106206138223214,0.9993913572732805,0.05608306578318191,0.7891464233398438,0.027894900005776435
YOLOv8m,train_S2A_MSIL2A_20200818T142741_N0214_R053_T20LMP_20200818T165705_09_15.png,0.19473985451054246,0.3259954102566084,0.9926591689802833,0.19502070852747577,0.6672477722167969,0.02854780000052415
YOLOv8m,train_S2A_MSIL2A_20200818T142741_N0214_R053_T20LMP_20200818T165705_09_21.png,0.0,0.0,0.0,0.0,0.619720458984375,0.026528999995207414
YOLOv8m,train_S2A_MSIL2A_20200818T142741_N0214_R053_T20LMP_20200818T165705_10_02.png,0.0,0.0,0.0,0.0,0.8131866455078125,0.026848399982554838
YOLOv8m,train_S2A_MSIL2A_20200818T142741_N0214_R053_T20LMP_20200818T165705_10_03.png,0.0,0.0,0.0,0.0,0.6906166076660156,0.02705259999493137
YOLOv8m,train_S2A_MSIL2A_20200818T142741_N0214_R053_T20LMP_20200818T165705_10_06.png,0.0,0.0,0.0,0.0,0.8124198913574219,0.026082600001245737
YOLOv8m,train_S2A_MSIL2A_20200818T142741_N0214_R053_T20LMP_20200818T165705_10_07.png,0.0,0.0,0.0,0.0,0.8468513488769531,0.026029400003608316
YOLOv8m,train_S2A_MSIL2A_20200818T142741_N0214_R053_T20LMP_20200818T165705_10_09.png,0.0,0.0,0.0,0.0,0.8507804870605469,0.026337599992984906
YOLOv8m,train_S2A_MSIL2A_20200818T142741_N0214_R053_T20LMP_20200818T165705_10_10.png,0.0,0.0,0.0,0.0,0.8517112731933594,0.02609840000513941
YOLOv8m,train_S2A_MSIL2A_20200818T142741_N0214_R053_T20LMP_20200818T165705_10_11.png,0.0,0.0,0.0,0.0,0.7629241943359375,0.026258900004904717
YOLOv8m,train_S2A_MSIL2A_20200818T142741_N0214_R053_T20LMP_20200818T165705_10_12.png,0.0,0.0,0.0,0.0,0.760650634765625,0.02576219997717999
YOLOv8m,train_S2A_MSIL2A_20200818T142741_N0214_R053_T20LMP_20200818T165705_10_16.png,0.016943308398862145,0.033322031344183246,0.9208745445080687,0.016968011126564674,0.6084671020507812,0.02645999999367632
YOLOv8m,train_S2A_MSIL2A_20200818T142741_N0214_R053_T20LMP_20200818T165705_10_17.png,0.0,0.0,0.0,0.0,0.466705322265625,0.026508600014494732
YOLOv8m,train_S2A_MSIL2A_20200818T142741_N0214_R053_T20LMP_20200818T165705_10_18.png,0.0,0.0,0.0,0.0,0.6427078247070312,0.027042900008382276
YOLOv8m,train_S2A_MSIL2A_20200818T142741_N0214_R053_T20LMP_20200818T165705_10_19.png,0.0,0.0,0.0,0.0,0.6052360534667969,0.026969200000166893
YOLOv8m,train_S2A_MSIL2A_20200818T142741_N0214_R053_T20LMP_20200818T165705_10_20.png,0.0,0.0,0.0,0.0,0.484527587890625,0.02731169998878613
YOLOv8m,train_S2A_MSIL2A_20200818T142741_N0214_R053_T20LMP_20200818T165705_10_21.png,0.0,0.0,0.0,0.0,0.49561309814453125,0.028349600004730746
YOLOv8m,train_S2A_MSIL2A_20200818T142741_N0214_R053_T20LMP_20200818T165705_11_02.png,0.0,0.0,0.0,0.0,0.806640625,0.027188300009584054
YOLOv8m,train_S2A_MSIL2A_20200818T142741_N0214_R053_T20LMP_20200818T165705_11_04.png,0.0,0.0,0.0,0.0,0.8769454956054688,0.025980600010370836
YOLOv8m,train_S2A_MSIL2A_20200818T142741_N0214_R053_T20LMP_20200818T165705_11_06.png,0.3547940224073144,0.5237608323321148,0.36464919266928586,0.9292168845451763,0.43145751953125,0.028161599999293685
YOLOv8m,train_S2A_MSIL2A_20200818T142741_N0214_R053_T20LMP_20200818T165705_11_10.png,0.0,0.0,0.0,0.0,0.7701072692871094,0.02561989999958314
YOLOv8m,train_S2A_MSIL2A_20200818T142741_N0214_R053_T20LMP_20200818T165705_11_13.png,0.0,0.0,0.0,0.0,0.7035865783691406,0.02657839999301359
YOLOv8m,train_S2A_MSIL2A_20200818T142741_N0214_R053_T20LMP_20200818T165705_11_14.png,0.0,0.0,0.0,0.0,0.6733856201171875,0.029552899999544024
YOLOv8m,train_S2A_MSIL2A_20200818T142741_N0214_R053_T20LMP_20200818T165705_11_16.png,0.0,0.0,0.0,0.0,0.5509796142578125,0.026085899997269735
YOLOv8m,train_S2A_MSIL2A_20200818T142741_N0214_R053_T20LMP_20200818T165705_11_21.png,0.0,0.0,0.0,0.0,0.7620735168457031,0.02612679998856038
YOLOv8m,train_S2A_MSIL2A_20200818T142741_N0214_R053_T20LMP_20200818T165705_12_02.png,0.0,0.0,0.0,0.0,0.7303314208984375,0.0267298000107985
YOLOv8m,train_S2A_MSIL2A_20200818T142741_N0214_R053_T20LMP_20200818T165705_12_03.png,0.0,0.0,0.0,0.0,0.7822380065917969,0.02589270001044497
YOLOv8m,train_S2A_MSIL2A_20200818T142741_N0214_R053_T20LMP_20200818T165705_12_06.png,0.0,0.0,0.0,0.0,0.7644615173339844,0.02580969998962246
YOLOv8m,train_S2A_MSIL2A_20200818T142741_N0214_R053_T20LMP_20200818T165705_12_07.png,0.07757392979810673,0.14397885407758687,0.9023142509135201,0.07823093332206899,0.8319854736328125,0.02788069998496212
YOLOv8m,train_S2A_MSIL2A_20200818T142741_N0214_R053_T20LMP_20200818T165705_12_08.png,0.05990149636194798,0.11303219510031164,0.7118312613493505,0.06139019395253584,0.6949119567871094,0.027058100007707253
YOLOv8m,train_S2A_MSIL2A_20200818T142741_N0214_R053_T20LMP_20200818T165705_12_09.png,0.0,0.0,0.0,0.0,0.5994529724121094,0.02636230000643991
YOLOv8m,train_S2A_MSIL2A_20200818T142741_N0214_R053_T20LMP_20200818T165705_12_11.png,0.10543558382702231,0.1907584401471932,0.11893846735945515,0.48152040325597134,0.12502670288085938,0.029167900007450953
YOLOv8m,train_S2A_MSIL2A_20200818T142741_N0214_R053_T20LMP_20200818T165705_12_17.png,0.0,0.0,0.0,0.0,0.7084426879882812,0.03006309998454526
YOLOv8m,train_S2A_MSIL2A_20200818T142741_N0214_R053_T20LMP_20200818T165705_12_20.png,0.0,0.0,0.0,0.0,0.5990829467773438,0.02627339999889955
YOLOv8m,train_S2A_MSIL2A_20200818T142741_N0214_R053_T20LMP_20200818T165705_12_21.png,0.0,0.0,0.0,0.0,0.6636581420898438,0.026792399992700666
YOLOv8m,train_S2A_MSIL2A_20200818T142741_N0214_R053_T20LMP_20200818T165705_13_01.png,0.0,0.0,0.0,0.0,0.42652130126953125,0.02720379998208955
YOLOv8m,train_S2A_MSIL2A_20200818T142741_N0214_R053_T20LMP_20200818T165705_13_02.png,0.0,0.0,0.0,0.0,0.5598602294921875,0.02777260000584647
YOLOv8m,train_S2A_MSIL2A_20200818T142741_N0214_R053_T20LMP_20200818T165705_13_03.png,0.0,0.0,0.0,0.0,0.7701148986816406,0.02846619999036193
YOLOv8m,train_S2A_MSIL2A_20200818T142741_N0214_R053_T20LMP_20200818T165705_13_05.png,0.0,0.0,0.0,0.0,0.8994598388671875,0.02639330000965856
YOLOv8m,train_S2A_MSIL2A_20200818T142741_N0214_R053_T20LMP_20200818T165705_13_07.png,0.0,0.0,0.0,0.0,0.7145462036132812,0.029154300020309165
YOLOv8m,train_S2A_MSIL2A_20200818T142741_N0214_R053_T20LMP_20200818T165705_13_08.png,0.0,0.0,0.0,0.0,0.6834144592285156,0.03127099998528138
YOLOv8m,train_S2A_MSIL2A_20200818T142741_N0214_R053_T20LMP_20200818T165705_13_09.png,0.0,0.0,0.0,0.0,0.6201515197753906,0.03212459999485873
YOLOv8m,train_S2A_MSIL2A_20200818T142741_N0214_R053_T20LMP_20200818T165705_13_10.png,0.0,0.0,0.0,0.0,0.4995613098144531,0.0287430000025779
YOLOv8m,train_S2A_MSIL2A_20200818T142741_N0214_R053_T20LMP_20200818T165705_13_11.png,0.0,0.0,0.0,0.0,0.10952377319335938,0.02715780001017265
YOLOv8m,train_S2A_MSIL2A_20200818T142741_N0214_R053_T20LMP_20200818T165705_13_17.png,0.0,0.0,0.0,0.0,0.8313331604003906,0.029897999978857115
YOLOv8m,train_S2A_MSIL2A_20200818T142741_N0214_R053_T20LMP_20200818T165705_13_19.png,0.0,0.0,0.0,0.0,0.7758331298828125,0.031155900011071935
YOLOv8m,train_S2A_MSIL2A_20200818T142741_N0214_R053_T20LMP_20200818T165705_13_20.png,0.0,0.0,0.0,0.0,0.8346824645996094,0.03267859999323264
YOLOv8m,train_S2A_MSIL2A_20200818T142741_N0214_R053_T20LMP_20200818T165705_13_21.png,0.0,0.0,0.0,0.0,0.8598098754882812,0.028702299983706325
YOLOv8m,train_S2A_MSIL2A_20200818T142741_N0214_R053_T20LMP_20200818T165705_14_01.png,0.0,0.0,0.0,0.0,0.10222625732421875,0.028164599993033335
YOLOv8m,train_S2A_MSIL2A_20200818T142741_N0214_R053_T20LMP_20200818T165705_14_04.png,0.0,0.0,0.0,0.0,0.7368316650390625,0.028832799987867475
YOLOv8m,train_S2A_MSIL2A_20200818T142741_N0214_R053_T20LMP_20200818T165705_14_07.png,0.0,0.0,0.0,0.0,0.7128982543945312,0.03177249999134801
YOLOv8m,train_S2A_MSIL2A_20200818T142741_N0214_R053_T20LMP_20200818T165705_14_08.png,0.0,0.0,0.0,0.0,0.387237548828125,0.03360029999748804
YOLOv8m,train_S2A_MSIL2A_20200818T142741_N0214_R053_T20LMP_20200818T165705_14_09.png,0.0,0.0,0.0,0.0,0.16090011596679688,0.03381509997416288
YOLOv8m,train_S2A_MSIL2A_20200818T142741_N0214_R053_T20LMP_20200818T165705_14_16.png,0.01887908819842895,0.037058544859941624,0.9991759373712402,0.01887938215762143,0.03851318359375,0.03468919999431819
YOLOv8m,train_S2A_MSIL2A_20200818T142741_N0214_R053_T20LMP_20200818T165705_14_17.png,0.0,0.0,0.0,0.0,0.8065948486328125,0.032656600000336766
YOLOv8m,train_S2A_MSIL2A_20200818T142741_N0214_R053_T20LMP_20200818T165705_14_19.png,0.0,0.0,0.0,0.0,0.8686141967773438,0.03146659999038093
YOLOv8m,train_S2A_MSIL2A_20200818T142741_N0214_R053_T20LMP_20200818T165705_15_01.png,0.0,0.0,0.0,0.0,0.022357940673828125,0.03137320000678301
YOLOv8m,train_S2A_MSIL2A_20200818T142741_N0214_R053_T20LMP_20200818T165705_15_02.png,0.0,0.0,0.0,0.0,0.00688934326171875,0.026915199996437877
YOLOv8m,train_S2A_MSIL2A_20200818T142741_N0214_R053_T20LMP_20200818T165705_15_03.png,0.0,0.0,0.0,0.0,0.009746551513671875,0.027927599992835894
YOLOv8m,train_S2A_MSIL2A_20200818T142741_N0214_R053_T20LMP_20200818T165705_15_05.png,0.0,0.0,0.0,0.0,0.7114181518554688,0.031154700001934543
YOLOv8m,train_S2A_MSIL2A_20200818T142741_N0214_R053_T20LMP_20200818T165705_15_06.png,0.0,0.0,0.0,0.0,0.7232856750488281,0.029166499996790662
YOLOv8m,train_S2A_MSIL2A_20200818T142741_N0214_R053_T20LMP_20200818T165705_15_07.png,0.0,0.0,0.0,0.0,0.6852798461914062,0.027321100002154708
YOLOv8m,train_S2A_MSIL2A_20200818T142741_N0214_R053_T20LMP_20200818T165705_15_08.png,0.0,0.0,0.0,0.0,0.2578239440917969,0.027271300001302734
YOLOv8m,train_S2A_MSIL2A_20200818T142741_N0214_R053_T20LMP_20200818T165705_15_09.png,0.0,0.0,0.0,0.0,0.22333908081054688,0.027895400009583682
YOLOv8m,train_S2A_MSIL2A_20200818T142741_N0214_R053_T20LMP_20200818T165705_15_10.png,0.0,0.0,0.0,0.0,0.22837448120117188,0.030148699996061623
YOLOv8m,train_S2A_MSIL2A_20200818T142741_N0214_R053_T20LMP_20200818T165705_15_12.png,0.9486941722379949,0.9736716882038589,0.9892091054141483,0.9586148127583441,0.9487113952636719,0.030480099987471476
YOLOv8m,train_S2A_MSIL2A_20200818T142741_N0214_R053_T20LMP_20200818T165705_15_13.png,0.0,0.0,0.0,0.0,0.003635406494140625,0.026959499984513968
YOLOv8m,train_S2A_MSIL2A_20200818T142741_N0214_R053_T20LMP_20200818T165705_15_14.png,0.0,0.0,0.0,0.0,0.003856658935546875,0.02786329999798909
YOLOv8m,train_S2A_MSIL2A_20200818T142741_N0214_R053_T20LMP_20200818T165705_15_15.png,0.014103322582492032,0.027814370130603335,1.0,0.014103322582492032,0.0146636962890625,0.02809129998786375
YOLOv8m,train_S2A_MSIL2A_20200818T142741_N0214_R053_T20LMP_20200818T165705_15_16.png,0.0,0.0,0.0,0.0,0.0118560791015625,0.026509999996051192
YOLOv8m,train_S2A_MSIL2A_20200818T142741_N0214_R053_T20LMP_20200818T165705_15_17.png,0.0,0.0,0.0,0.0,0.17700958251953125,0.026843400002690032
YOLOv8m,train_S2A_MSIL2A_20200818T142741_N0214_R053_T20LMP_20200818T165705_15_18.png,0.0,0.0,0.0,0.0,0.8600807189941406,0.027939399995375425
YOLOv8m,train_S2A_MSIL2A_20200818T142741_N0214_R053_T20LMP_20200818T165705_15_19.png,0.0,0.0,0.0,0.0,0.8637809753417969,0.027090199990198016
YOLOv8m,train_S2A_MSIL2A_20200818T142741_N0214_R053_T20LMP_20200818T165705_15_20.png,0.0,0.0,0.0,0.0,0.9280128479003906,0.027131399983773008
YOLOv8m,train_S2A_MSIL2A_20200818T142741_N0214_R053_T20LMP_20200818T165705_16_05.png,0.6150828366246359,0.7616734234017353,0.6428835579974885,0.9343125616447255,0.6223526000976562,0.028969000006327406
YOLOv8m,train_S2A_MSIL2A_20200818T142741_N0214_R053_T20LMP_20200818T165705_16_06.png,0.0,0.0,0.0,0.0,0.6802101135253906,0.029650499986018986
YOLOv8m,train_S2A_MSIL2A_20200818T142741_N0214_R053_T20LMP_20200818T165705_16_09.png,0.0,0.0,0.0,0.0,0.35345458984375,0.030645199993159622
YOLOv8m,train_S2A_MSIL2A_20200818T142741_N0214_R053_T20LMP_20200818T165705_16_14.png,0.0,0.0,0.0,0.0,0.00185394287109375,0.03020390000892803
YOLOv8m,train_S2A_MSIL2A_20200818T142741_N0214_R053_T20LMP_20200818T165705_16_15.png,0.0,0.0,0.0,0.0,0.002597808837890625,0.027087800001027063
YOLOv8m,train_S2A_MSIL2A_20200818T142741_N0214_R053_T20LMP_20200818T165705_16_16.png,0.28372248575755943,0.4420308733474075,0.9785482267152801,0.2854982206405694,0.2892036437988281,0.030006599990883842
YOLOv8m,train_S2A_MSIL2A_20200818T142741_N0214_R053_T20LMP_20200818T165705_16_18.png,0.0,0.0,0.0,0.0,0.20042037963867188,0.03462370001943782
YOLOv8m,train_S2A_MSIL2A_20200818T142741_N0214_R053_T20LMP_20200818T165705_16_19.png,0.0,0.0,0.0,0.0,0.7223663330078125,0.03312449998338707
YOLOv8m,train_S2A_MSIL2A_20200818T142741_N0214_R053_T20LMP_20200818T165705_16_20.png,0.0,0.0,0.0,0.0,0.8351707458496094,0.03072700000484474
YOLOv8m,train_S2A_MSIL2A_20200818T142741_N0214_R053_T20LMP_20200818T165705_16_21.png,0.0,0.0,0.0,0.0,0.8493537902832031,0.03220089999376796
YOLOv8m,train_S2A_MSIL2A_20200818T142741_N0214_R053_T20LMP_20200818T165705_17_05.png,0.0,0.0,0.0,0.0,0.044521331787109375,0.032965099991997704
YOLOv8m,train_S2A_MSIL2A_20200818T142741_N0214_R053_T20LMP_20200818T165705_17_06.png,0.0,0.0,0.0,0.0,0.18672561645507812,0.030195400002412498
YOLOv8m,train_S2A_MSIL2A_20200818T142741_N0214_R053_T20LMP_20200818T165705_17_07.png,0.0,0.0,0.0,0.0,0.15289688110351562,0.030936700000893325
YOLOv8m,train_S2A_MSIL2A_20200818T142741_N0214_R053_T20LMP_20200818T165705_17_08.png,0.0,0.0,0.0,0.0,0.20833587646484375,0.028334600006928667
YOLOv8m,train_S2A_MSIL2A_20200818T142741_N0214_R053_T20LMP_20200818T165705_17_10.png,0.0,0.0,0.0,0.0,0.03167724609375,0.03005010000197217
YOLOv8m,train_S2A_MSIL2A_20200818T142741_N0214_R053_T20LMP_20200818T165705_17_11.png,0.0,0.0,0.0,0.0,0.042896270751953125,0.029596100008348003
YOLOv8m,train_S2A_MSIL2A_20200818T142741_N0214_R053_T20LMP_20200818T165705_17_13.png,0.9538968124966614,0.9764044921878814,0.9873736176935229,0.9656764095809401,0.9539070129394531,0.030475500010652468
YOLOv8m,train_S2A_MSIL2A_20200818T142741_N0214_R053_T20LMP_20200818T165705_17_16.png,0.0,0.0,0.0,0.0,0.020793914794921875,0.03359550001914613
YOLOv8m,train_S2A_MSIL2A_20200818T142741_N0214_R053_T20LMP_20200818T165705_17_17.png,0.0,0.0,0.0,0.0,0.07855606079101562,0.03101149998838082
YOLOv8m,train_S2A_MSIL2A_20200818T142741_N0214_R053_T20LMP_20200818T165705_17_18.png,0.8829408030107165,0.9378317168537044,0.9097461400840158,0.9677066435281246,0.8832435607910156,0.032443300005979836
YOLOv8m,train_S2A_MSIL2A_20200818T142741_N0214_R053_T20LMP_20200818T165705_17_19.png,0.0,0.0,0.0,0.0,0.11837005615234375,0.03123990001040511
YOLOv8m,train_S2A_MSIL2A_20200818T142741_N0214_R053_T20LMP_20200818T165705_17_20.png,0.0,0.0,0.0,0.0,0.7849159240722656,0.036412700021173805
YOLOv8m,train_S2A_MSIL2A_20200818T142741_N0214_R053_T20LMP_20200818T165705_17_21.png,0.0,0.0,0.0,0.0,0.7779045104980469,0.02890289999777451
YOLOv8m,train_S2A_MSIL2A_20200818T142741_N0214_R053_T20LMP_20200818T165705_18_06.png,0.0,0.0,0.0,0.0,0.00522613525390625,0.02812400000402704
YOLOv8m,train_S2A_MSIL2A_20200818T142741_N0214_R053_T20LMP_20200818T165705_18_07.png,0.9126012072373191,0.9543037030239434,0.9876329100856819,0.9231505532805077,0.9126205444335938,0.028951400017831475
YOLOv8m,train_S2A_MSIL2A_20200818T142741_N0214_R053_T20LMP_20200818T165705_18_10.png,0.0,0.0,0.0,0.0,0.058135986328125,0.028042100020684302
YOLOv8m,train_S2A_MSIL2A_20200818T142741_N0214_R053_T20LMP_20200818T165705_18_14.png,0.9429900261184341,0.9706586379161933,0.994839567345459,0.947625315134515,0.9430465698242188,0.0276884000049904
YOLOv8m,train_S2A_MSIL2A_20200818T142741_N0214_R053_T20LMP_20200818T165705_18_15.png,0.009395852891795769,0.018616785208454736,0.9983443708609272,0.009395999298806022,0.029933929443359375,0.029976099991472438
YOLOv8m,train_S2A_MSIL2A_20200818T142741_N0214_R053_T20LMP_20200818T165705_18_16.png,0.0,0.0,0.0,0.0,0.033153533935546875,0.02734899998176843
YOLOv8m,train_S2A_MSIL2A_20200818T142741_N0214_R053_T20LMP_20200818T165705_18_17.png,0.0,0.0,0.0,0.0,0.08621978759765625,0.02875339999445714
YOLOv8m,train_S2A_MSIL2A_20200818T142741_N0214_R053_T20LMP_20200818T165705_18_18.png,0.0,0.0,0.0,0.0,0.02764892578125,0.027022499998565763
YOLOv8m,train_S2A_MSIL2A_20200818T142741_N0214_R053_T20LMP_20200818T165705_19_16.png,0.0,0.0,0.0,0.0,0.01702117919921875,0.028940699994564056
YOLOv8m,train_S2A_MSIL2A_20200818T142741_N0214_R053_T20LMP_20200818T165705_19_17.png,0.0,0.0,0.0,0.0,0.036529541015625,0.029090099997119978
YOLOv8m,train_S2A_MSIL2A_20200818T142741_N0214_R053_T20LMP_20200818T165705_20_01.png,0.0,0.0,0.0,0.0,0.000720977783203125,0.02888530000927858
YOLOv8m,train_S2A_MSIL2A_20200818T142741_N0214_R053_T20LMP_20200818T165705_20_06.png,0.0,0.0,0.0,0.0,0.47835540771484375,0.02763619998586364
YOLOv8m,train_S2A_MSIL2A_20200818T142741_N0214_R053_T20LMP_20200818T165705_20_14.png,0.0,0.0,0.0,0.0,0.08772659301757812,0.026801800006069243
YOLOv8m,train_S2A_MSIL2A_20200818T142741_N0214_R053_T20LMP_20200818T165705_20_15.png,0.0,0.0,0.0,0.0,0.024730682373046875,0.026800999999977648
YOLOv8m,train_S2A_MSIL2A_20200818T142741_N0214_R053_T20LMP_20200818T165705_20_17.png,0.0,0.0,0.0,0.0,0.03447723388671875,0.02666730000055395
YOLOv8m,train_S2A_MSIL2A_20200818T142741_N0214_R053_T20LMP_20200818T165705_20_18.png,0.0,0.0,0.0,0.0,0.01085662841796875,0.028616600000532344
YOLOv8m,train_S2A_MSIL2A_20200818T142741_N0214_R053_T20LMP_20200818T165705_21_04.png,0.0,0.0,0.0,0.0,0.00157928466796875,0.031265700003132224
YOLOv8m,train_S2A_MSIL2A_20200818T142741_N0214_R053_T20LMP_20200818T165705_21_05.png,0.015619803433604368,0.03075915491367337,1.0,0.015619803433604368,0.017696380615234375,0.028151200007414445
YOLOv8m,train_S2A_MSIL2A_20200818T142741_N0214_R053_T20LMP_20200818T165705_21_06.png,0.08100993022125076,0.14987823507721235,1.0,0.08100993022125076,0.19968032836914062,0.03177910001249984
YOLOv8m,train_S2A_MSIL2A_20200818T142741_N0214_R053_T20LMP_20200818T165705_21_17.png,0.0,0.0,0.0,0.0,0.022640228271484375,0.030725799995707348
YOLOv8m,train_S2A_MSIL2A_20200818T142741_N0214_R053_T20LMP_20200818T165705_21_18.png,0.0,0.0,0.0,0.0,0.012302398681640625,0.025929900002665818
YOLOv8m,train_S2B_MSIL2A_20200202T141649_N0213_R010_T20LQN_20200202T164215_03_02.png,0.0,0.0,0.0,0.0,0.011814117431640625,0.02399740001419559
YOLOv8m,train_S2B_MSIL2A_20200202T141649_N0213_R010_T20LQN_20200202T164215_03_04.png,0.0,0.0,0.0,0.0,0.011501312255859375,0.025300300010712817
YOLOv8m,train_S2B_MSIL2A_20200202T141649_N0213_R010_T20LQN_20200202T164215_04_02.png,0.0,0.0,0.0,0.0,0.00690460205078125,0.02357510000001639
YOLOv8m,train_S2B_MSIL2A_20200202T141649_N0213_R010_T20LQN_20200202T164215_04_03.png,0.0,0.0,0.0,0.0,7.62939453125e-06,0.024529999995138496
YOLOv8m,train_S2B_MSIL2A_20200202T141649_N0213_R010_T20LQN_20200202T164215_04_04.png,0.0,0.0,0.0,0.0,8.392333984375e-05,0.02354840000043623
YOLOv8m,train_S2B_MSIL2A_20200202T141649_N0213_R010_T20LQN_20200202T164215_04_06.png,0.0,0.0,0.0,0.0,0.6703567504882812,0.027841799979796633
YOLOv8m,train_S2B_MSIL2A_20200202T141649_N0213_R010_T20LQN_20200202T164215_04_09.png,0.0,0.0,0.0,0.0,0.020721435546875,0.024580800003604963
YOLOv8m,train_S2B_MSIL2A_20200202T141649_N0213_R010_T20LQN_20200202T164215_05_10.png,0.0,0.0,0.0,0.0,0.004474639892578125,0.02330870000878349
YOLOv8m,train_S2B_MSIL2A_20200202T141649_N0213_R010_T20LQN_20200202T164215_05_11.png,0.0,0.0,0.0,0.0,0.015377044677734375,0.02409969997825101
YOLOv8m,train_S2B_MSIL2A_20200202T141649_N0213_R010_T20LQN_20200202T164215_05_12.png,0.0,0.0,0.0,0.0,0.0263214111328125,0.023758199997246265
YOLOv8m,train_S2B_MSIL2A_20200202T141649_N0213_R010_T20LQN_20200202T164215_05_21.png,0.0,0.0,0.0,0.0,0.000965118408203125,0.02317229998880066
YOLOv8m,train_S2B_MSIL2A_20200202T141649_N0213_R010_T20LQN_20200202T164215_06_11.png,0.0,0.0,0.0,0.0,0.001316070556640625,0.02371450001373887
YOLOv8m,train_S2B_MSIL2A_20200202T141649_N0213_R010_T20LQN_20200202T164215_06_12.png,0.0,0.0,0.0,0.0,0.00148773193359375,0.0244362999801524
YOLOv8m,train_S2B_MSIL2A_20200202T141649_N0213_R010_T20LQN_20200202T164215_07_11.png,0.0,0.0,0.0,0.0,6.866455078125e-05,0.02384929999243468
YOLOv8m,train_S2B_MSIL2A_20200202T141649_N0213_R010_T20LQN_20200202T164215_07_17.png,0.0,0.0,0.0,0.0,0.004779815673828125,0.026511100004427135
YOLOv8m,train_S2B_MSIL2A_20200202T141649_N0213_R010_T20LQN_20200202T164215_08_11.png,0.0,0.0,0.0,0.0,0.0,0.02453820002847351
YOLOv8m,train_S2B_MSIL2A_20200202T141649_N0213_R010_T20LQN_20200202T164215_08_14.png,0.0,0.0,0.0,0.0,0.00867462158203125,0.025608900003135204
YOLOv8m,train_S2B_MSIL2A_20200202T141649_N0213_R010_T20LQN_20200202T164215_09_11.png,0.0,0.0,0.0,0.0,0.0001373291015625,0.024089899990940467
YOLOv8m,train_S2B_MSIL2A_20200202T141649_N0213_R010_T20LQN_20200202T164215_10_05.png,0.0,0.0,0.0,0.0,0.28417205810546875,0.03599229999235831
YOLOv8m,train_S2B_MSIL2A_20200202T141649_N0213_R010_T20LQN_20200202T164215_10_06.png,0.0,0.0,0.0,0.0,0.32762908935546875,0.03207059999112971
YOLOv8m,train_S2B_MSIL2A_20200202T141649_N0213_R010_T20LQN_20200202T164215_11_05.png,0.0,0.0,0.0,0.0,0.5074653625488281,0.030023900006199256
YOLOv8m,train_S2B_MSIL2A_20200202T141649_N0213_R010_T20LQN_20200202T164215_11_06.png,0.0,0.0,0.0,0.0,0.5324211120605469,0.040510700026061386
YOLOv8m,train_S2B_MSIL2A_20200202T141649_N0213_R010_T20LQN_20200202T164215_11_07.png,0.0,0.0,0.0,0.0,0.2935295104980469,0.0358043999876827
YOLOv8m,train_S2B_MSIL2A_20200202T141649_N0213_R010_T20LQN_20200202T164215_12_03.png,0.0,0.0,0.0,0.0,0.6591339111328125,0.03040980000514537
YOLOv8m,train_S2B_MSIL2A_20200202T141649_N0213_R010_T20LQN_20200202T164215_13_04.png,0.0,0.0,0.0,0.0,0.6973075866699219,0.031145700020715594
YOLOv8m,train_S2B_MSIL2A_20200202T141649_N0213_R010_T20LQN_20200202T164215_13_14.png,0.0,0.0,0.0,0.0,1.52587890625e-05,0.030851899995468557
YOLOv8m,train_S2B_MSIL2A_20200202T141649_N0213_R010_T20LQN_20200202T164215_16_08.png,0.0,0.0,0.0,0.0,0.6018486022949219,0.037714900012360886
YOLOv8m,train_S2B_MSIL2A_20200202T141649_N0213_R010_T20LQN_20200202T164215_18_10.png,0.0,0.0,0.0,0.0,0.3902168273925781,0.030641599994851276
YOLOv8m,train_S2B_MSIL2A_20200202T141649_N0213_R010_T20LQN_20200202T164215_20_13.png,0.0,0.0,0.0,0.0,0.10293197631835938,0.035162199987098575
YOLOv8m,val_S2A_MSIL2A_20200111T142701_N0213_R053_T20NQG_20200111T164651_01_04.png,0.0,0.0,0.0,0.0,0.36563873291015625,0.04015139999683015
YOLOv8m,val_S2A_MSIL2A_20200111T142701_N0213_R053_T20NQG_20200111T164651_01_05.png,0.0,0.0,0.0,0.0,0.31932830810546875,0.035003600001800805
YOLOv8m,val_S2A_MSIL2A_20200111T142701_N0213_R053_T20NQG_20200111T164651_01_12.png,0.0,0.0,0.0,0.0,0.2932472229003906,0.03607250002096407
YOLOv8m,val_S2A_MSIL2A_20200111T142701_N0213_R053_T20NQG_20200111T164651_01_14.png,0.0,0.0,0.0,0.0,0.3446235656738281,0.04029229999287054
YOLOv8m,val_S2A_MSIL2A_20200111T142701_N0213_R053_T20NQG_20200111T164651_02_12.png,0.010018560814750232,0.01983836971603487,0.9590373783922171,0.010022849742873503,0.293975830078125,0.0382005000137724
YOLOv8m,val_S2A_MSIL2A_20200111T142701_N0213_R053_T20NQG_20200111T164651_11_12.png,0.0,0.0,0.0,0.0,0.216705322265625,0.03908269997918978
YOLOv8m,val_S2A_MSIL2A_20200111T142701_N0213_R053_T20NQG_20200111T164651_12_06.png,0.030069328963118275,0.05838311678183151,0.043305970624135874,0.08956581041145716,0.078857421875,0.043429699988337234
YOLOv8m,val_S2A_MSIL2A_20200111T142701_N0213_R053_T20NQG_20200111T164651_12_08.png,0.0,0.0,0.0,0.0,0.6120643615722656,0.03986660001100972
YOLOv8m,val_S2A_MSIL2A_20200111T142701_N0213_R053_T20NQG_20200111T164651_12_16.png,0.0,0.0,0.0,0.0,0.22155380249023438,0.038005600014002994
YOLOv8m,val_S2A_MSIL2A_20200111T142701_N0213_R053_T20NQG_20200111T164651_14_12.png,0.0,0.0,0.0,0.0,0.7540359497070312,0.03944910000427626
YOLOv8m,val_S2A_MSIL2A_20200111T142701_N0213_R053_T20NQG_20200111T164651_14_13.png,0.0,0.0,0.0,0.0,0.11713027954101562,0.03587520000291988
YOLOv8m,val_S2A_MSIL2A_20200111T142701_N0213_R053_T20NQG_20200111T164651_15_01.png,0.0,0.0,0.0,0.0,0.49146270751953125,0.044742199999745935
YOLOv8m,val_S2A_MSIL2A_20200111T142701_N0213_R053_T20NQG_20200111T164651_19_08.png,1.0,1.0,0.0,0.0,1.0,0.04536920000100508
YOLOv8m,val_S2A_MSIL2A_20200115T140641_N0213_R110_T21LUH_20200115T163049_01_04.png,0.0,0.0,0.0,0.0,0.8509292602539062,0.04348670001490973
YOLOv8m,val_S2A_MSIL2A_20200115T140641_N0213_R110_T21LUH_20200115T163049_05_15.png,0.0,0.0,0.0,0.0,0.4757118225097656,0.04550869998638518
YOLOv8m,val_S2A_MSIL2A_20200115T140641_N0213_R110_T21LUH_20200115T163049_06_05.png,0.0,0.0,0.0,0.0,0.86505126953125,0.039738899999065325
YOLOv8m,val_S2A_MSIL2A_20200115T140641_N0213_R110_T21LUH_20200115T163049_06_08.png,0.0,0.0,0.0,0.0,0.8009757995605469,0.032261299988022074
YOLOv8m,val_S2A_MSIL2A_20200115T140641_N0213_R110_T21LUH_20200115T163049_06_10.png,0.0,0.0,0.0,0.0,0.7020072937011719,0.034301400010008365
YOLOv8m,val_S2A_MSIL2A_20200115T140641_N0213_R110_T21LUH_20200115T163049_07_07.png,0.0,0.0,0.0,0.0,0.7637176513671875,0.03062770000542514
YOLOv8m,val_S2A_MSIL2A_20200115T140641_N0213_R110_T21LUH_20200115T163049_09_15.png,0.0,0.0,0.0,0.0,0.6562385559082031,0.031216699979268014
YOLOv8m,val_S2A_MSIL2A_20200217T141651_N0209_R010_T20LQN_20200217T160045_01_21.png,0.0,0.0,0.0,0.0,0.13463973999023438,0.028031499998178333
YOLOv8m,val_S2A_MSIL2A_20200217T141651_N0209_R010_T20LQN_20200217T160045_03_18.png,0.0,0.0,0.0,0.0,0.116455078125,0.028143499977886677
YOLOv8m,val_S2A_MSIL2A_20200217T141651_N0209_R010_T20LQN_20200217T160045_03_20.png,0.0,0.0,0.0,0.0,0.22586822509765625,0.030130800005281344
YOLOv8m,val_S2A_MSIL2A_20200217T141651_N0209_R010_T20LQN_20200217T160045_05_06.png,0.0,0.0,0.0,0.0,0.7881813049316406,0.031869899976300076
YOLOv8m,val_S2A_MSIL2A_20200217T141651_N0209_R010_T20LQN_20200217T160045_05_15.png,0.0,0.0,0.0,0.0,0.110107421875,0.027662000007694587
YOLOv8m,val_S2A_MSIL2A_20200217T141651_N0209_R010_T20LQN_20200217T160045_06_15.png,0.0,0.0,0.0,0.0,0.10819244384765625,0.03256240001064725
YOLOv8m,val_S2A_MSIL2A_20200217T141651_N0209_R010_T20LQN_20200217T160045_06_21.png,0.0,0.0,0.0,0.0,0.08015823364257812,0.032373599999118596
YOLOv8m,val_S2A_MSIL2A_20200217T141651_N0209_R010_T20LQN_20200217T160045_07_15.png,0.0,0.0,0.0,0.0,0.11628341674804688,0.030234700010623783
YOLOv8m,val_S2A_MSIL2A_20200217T141651_N0209_R010_T20LQN_20200217T160045_08_08.png,0.0,0.0,0.0,0.0,0.54241943359375,0.03420019999612123
YOLOv8m,val_S2A_MSIL2A_20200217T141651_N0209_R010_T20LQN_20200217T160045_09_15.png,0.0,0.0,0.0,0.0,0.1088409423828125,0.03011340001830831
YOLOv8m,val_S2A_MSIL2A_20200217T141651_N0209_R010_T20LQN_20200217T160045_09_21.png,0.0,0.0,0.0,0.0,0.0380096435546875,0.033859999995911494
YOLOv8m,val_S2A_MSIL2A_20200217T141651_N0209_R010_T20LQN_20200217T160045_10_02.png,0.0,0.0,0.0,0.0,0.6653480529785156,0.030391000007512048
YOLOv8m,val_S2A_MSIL2A_20200217T141651_N0209_R010_T20LQN_20200217T160045_10_14.png,0.0,0.0,0.0,0.0,0.07329940795898438,0.03039659999194555
YOLOv8m,val_S2A_MSIL2A_20200217T141651_N0209_R010_T20LQN_20200217T160045_11_03.png,0.0,0.0,0.0,0.0,0.8767166137695312,0.03900799999246374
YOLOv8m,val_S2A_MSIL2A_20200217T141651_N0209_R010_T20LQN_20200217T160045_13_07.png,0.0,0.0,0.0,0.0,0.5525398254394531,0.03138509998098016
YOLOv8m,val_S2A_MSIL2A_20200217T141651_N0209_R010_T20LQN_20200217T160045_13_16.png,0.0,0.0,0.0,0.0,0.20554351806640625,0.02836810000007972
YOLOv8m,val_S2A_MSIL2A_20200217T141651_N0209_R010_T20LQN_20200217T160045_14_04.png,0.0,0.0,0.0,0.0,0.862579345703125,0.03652300001704134
YOLOv8m,val_S2A_MSIL2A_20200217T141651_N0209_R010_T20LQN_20200217T160045_15_19.png,0.0,0.0,0.0,0.0,0.07300567626953125,0.026079500006744638
YOLOv8m,val_S2A_MSIL2A_20200217T141651_N0209_R010_T20LQN_20200217T160045_15_21.png,0.0073519966430021155,0.014596678554274226,0.9480949751518498,0.007354956992563655,0.11565780639648438,0.03824269998585805
YOLOv8m,val_S2A_MSIL2A_20200217T141651_N0209_R010_T20LQN_20200217T160045_17_06.png,0.0,0.0,0.0,0.0,0.8306732177734375,0.03059059998486191
YOLOv8m,val_S2A_MSIL2A_20200217T141651_N0209_R010_T20LQN_20200217T160045_17_17.png,0.0,0.0,0.0,0.0,0.09857177734375,0.03383560001384467
YOLOv8m,val_S2A_MSIL2A_20200217T141651_N0209_R010_T20LQN_20200217T160045_20_04.png,0.0,0.0,0.0,0.0,0.6772270202636719,0.042244200012646616
YOLOv8m,val_S2A_MSIL2A_20200217T141651_N0209_R010_T20LQN_20200217T160045_20_18.png,0.0,0.0,0.0,0.0,0.10811614990234375,0.041010199987795204
YOLOv8m,val_S2A_MSIL2A_20200818T142741_N0214_R053_T20LMP_20200818T165705_01_01.png,0.0,0.0,0.0,0.0,0.7515487670898438,0.03996809999807738
YOLOv8m,val_S2A_MSIL2A_20200818T142741_N0214_R053_T20LMP_20200818T165705_01_06.png,0.0,0.0,0.0,0.0,0.45024871826171875,0.03805939998710528
YOLOv8m,val_S2A_MSIL2A_20200818T142741_N0214_R053_T20LMP_20200818T165705_01_11.png,0.0,0.0,0.0,0.0,0.5774650573730469,0.03214799999841489
YOLOv8m,val_S2A_MSIL2A_20200818T142741_N0214_R053_T20LMP_20200818T165705_03_05.png,0.0,0.0,0.0,0.0,0.7931098937988281,0.04277519998140633
YOLOv8m,val_S2A_MSIL2A_20200818T142741_N0214_R053_T20LMP_20200818T165705_03_08.png,0.0,0.0,0.0,0.0,0.8326835632324219,0.04153519999817945
YOLOv8m,val_S2A_MSIL2A_20200818T142741_N0214_R053_T20LMP_20200818T165705_03_12.png,0.0,0.0,0.0,0.0,0.8703079223632812,0.04172980002476834
YOLOv8m,val_S2A_MSIL2A_20200818T142741_N0214_R053_T20LMP_20200818T165705_03_16.png,0.0,0.0,0.0,0.0,0.8142814636230469,0.031862500007264316
YOLOv8m,val_S2A_MSIL2A_20200818T142741_N0214_R053_T20LMP_20200818T165705_03_21.png,0.0,0.0,0.0,0.0,0.7777671813964844,0.032161699986318126
YOLOv8m,val_S2A_MSIL2A_20200818T142741_N0214_R053_T20LMP_20200818T165705_04_06.png,0.0,0.0,0.0,0.0,0.8321762084960938,0.034538299980340526
YOLOv8m,val_S2A_MSIL2A_20200818T142741_N0214_R053_T20LMP_20200818T165705_04_09.png,0.0,0.0,0.0,0.0,0.6206016540527344,0.038574500009417534
YOLOv8m,val_S2A_MSIL2A_20200818T142741_N0214_R053_T20LMP_20200818T165705_04_10.png,0.0,0.0,0.0,0.0,0.5830459594726562,0.041583199985325336
YOLOv8m,val_S2A_MSIL2A_20200818T142741_N0214_R053_T20LMP_20200818T165705_05_11.png,0.0,0.0,0.0,0.0,0.5983734130859375,0.03531070001190528
YOLOv8m,val_S2A_MSIL2A_20200818T142741_N0214_R053_T20LMP_20200818T165705_05_19.png,0.0,0.0,0.0,0.0,0.7525596618652344,0.038720999989891425
YOLOv8m,val_S2A_MSIL2A_20200818T142741_N0214_R053_T20LMP_20200818T165705_05_21.png,0.0,0.0,0.0,0.0,0.7571830749511719,0.04242470001918264
YOLOv8m,val_S2A_MSIL2A_20200818T142741_N0214_R053_T20LMP_20200818T165705_06_14.png,0.0,0.0,0.0,0.0,0.7907752990722656,0.03786660000332631
YOLOv8m,val_S2A_MSIL2A_20200818T142741_N0214_R053_T20LMP_20200818T165705_08_01.png,0.0,0.0,0.0,0.0,0.7839164733886719,0.03848930000094697
YOLOv8m,val_S2A_MSIL2A_20200818T142741_N0214_R053_T20LMP_20200818T165705_08_14.png,0.0,0.0,0.0,0.0,0.7995185852050781,0.03810069998144172
YOLOv8m,val_S2A_MSIL2A_20200818T142741_N0214_R053_T20LMP_20200818T165705_08_16.png,0.0,0.0,0.0,0.0,0.6070175170898438,0.04056020002462901
YOLOv8m,val_S2A_MSIL2A_20200818T142741_N0214_R053_T20LMP_20200818T165705_09_04.png,0.0,0.0,0.0,0.0,0.7803840637207031,0.03635229999781586
YOLOv8m,val_S2A_MSIL2A_20200818T142741_N0214_R053_T20LMP_20200818T165705_09_13.png,0.0,0.0,0.0,0.0,0.7025260925292969,0.029166499996790662
YOLOv8m,val_S2A_MSIL2A_20200818T142741_N0214_R053_T20LMP_20200818T165705_09_19.png,0.0,0.0,0.0,0.0,0.6688117980957031,0.03117889998247847
YOLOv8m,val_S2A_MSIL2A_20200818T142741_N0214_R053_T20LMP_20200818T165705_09_20.png,0.0,0.0,0.0,0.0,0.7439422607421875,0.030353999987710267
YOLOv8m,val_S2A_MSIL2A_20200818T142741_N0214_R053_T20LMP_20200818T165705_10_08.png,0.0,0.0,0.0,0.0,0.8647613525390625,0.03270670000347309
YOLOv8m,val_S2A_MSIL2A_20200818T142741_N0214_R053_T20LMP_20200818T165705_10_15.png,0.0,0.0,0.0,0.0,0.6877479553222656,0.029824199998984113
YOLOv8m,val_S2A_MSIL2A_20200818T142741_N0214_R053_T20LMP_20200818T165705_11_11.png,0.0,0.0,0.0,0.0,0.7030143737792969,0.030978499999037012
YOLOv8m,val_S2A_MSIL2A_20200818T142741_N0214_R053_T20LMP_20200818T165705_11_12.png,0.0,0.0,0.0,0.0,0.7822380065917969,0.0296455999778118
YOLOv8m,val_S2A_MSIL2A_20200818T142741_N0214_R053_T20LMP_20200818T165705_11_19.png,0.0,0.0,0.0,0.0,0.4407615661621094,0.02959819999523461
YOLOv8m,val_S2A_MSIL2A_20200818T142741_N0214_R053_T20LMP_20200818T165705_12_04.png,0.0,0.0,0.0,0.0,0.7369194030761719,0.03206659998977557
YOLOv8m,val_S2A_MSIL2A_20200818T142741_N0214_R053_T20LMP_20200818T165705_12_05.png,0.0,0.0,0.0,0.0,0.84783935546875,0.029601999995065853
YOLOv8m,val_S2A_MSIL2A_20200818T142741_N0214_R053_T20LMP_20200818T165705_12_10.png,0.0,0.0,0.0,0.0,0.6171875,0.030048999993596226
YOLOv8m,val_S2A_MSIL2A_20200818T142741_N0214_R053_T20LMP_20200818T165705_13_04.png,0.0,0.0,0.0,0.0,0.8688697814941406,0.029124599997885525
YOLOv8m,val_S2A_MSIL2A_20200818T142741_N0214_R053_T20LMP_20200818T165705_13_06.png,0.0,0.0,0.0,0.0,0.7975654602050781,0.028502100001787767
YOLOv8m,val_S2A_MSIL2A_20200818T142741_N0214_R053_T20LMP_20200818T165705_13_14.png,0.9433400853732504,0.9708440560387726,0.9907571004459188,0.9517156975938669,0.9433403015136719,0.03376449999632314
YOLOv8m,val_S2A_MSIL2A_20200818T142741_N0214_R053_T20LMP_20200818T165705_14_02.png,0.0,0.0,0.0,0.0,0.038360595703125,0.03070909998496063
YOLOv8m,val_S2A_MSIL2A_20200818T142741_N0214_R053_T20LMP_20200818T165705_14_03.png,0.0,0.0,0.0,0.0,0.07509231567382812,0.03147349998471327
YOLOv8m,val_S2A_MSIL2A_20200818T142741_N0214_R053_T20LMP_20200818T165705_14_05.png,0.0,0.0,0.0,0.0,0.6212692260742188,0.03119970002444461
YOLOv8m,val_S2A_MSIL2A_20200818T142741_N0214_R053_T20LMP_20200818T165705_14_06.png,0.035580414665573386,0.06871588948901394,0.9886086248982913,0.03559500791000176,0.6231117248535156,0.03266199998324737
YOLOv8m,val_S2A_MSIL2A_20200818T142741_N0214_R053_T20LMP_20200818T165705_14_18.png,0.0,0.0,0.0,0.0,0.91766357421875,0.03360379999503493
YOLOv8m,val_S2A_MSIL2A_20200818T142741_N0214_R053_T20LMP_20200818T165705_15_04.png,0.0,0.0,0.0,0.0,0.11451339721679688,0.03805639999336563
YOLOv8m,val_S2A_MSIL2A_20200818T142741_N0214_R053_T20LMP_20200818T165705_15_11.png,0.0,0.0,0.0,0.0,0.05999755859375,0.040058800019323826
YOLOv8m,val_S2A_MSIL2A_20200818T142741_N0214_R053_T20LMP_20200818T165705_17_15.png,0.0,0.0,0.0,0.0,0.014156341552734375,0.031278799986466765
YOLOv8m,val_S2A_MSIL2A_20200818T142741_N0214_R053_T20LMP_20200818T165705_18_11.png,0.1986170482191234,0.3314103508109181,0.9997489038688119,0.19862695662518373,0.20333099365234375,0.03322510002180934
YOLOv8m,val_S2A_MSIL2A_20200818T142741_N0214_R053_T20LMP_20200818T165705_19_15.png,0.0,0.0,0.0,0.0,0.015415191650390625,0.03172359999734908
YOLOv8m,val_S2A_MSIL2A_20200818T142741_N0214_R053_T20LMP_20200818T165705_19_18.png,0.0,0.0,0.0,0.0,0.002880096435546875,0.030539500003214926
YOLOv8m,val_S2A_MSIL2A_20200818T142741_N0214_R053_T20LMP_20200818T165705_19_19.png,0.0,0.0,0.0,0.0,0.004863739013671875,0.03028229999472387
YOLOv8m,val_S2A_MSIL2A_20200818T142741_N0214_R053_T20LMP_20200818T165705_20_10.png,0.8184479843034863,0.9001610069335841,0.9688698897861245,0.840551983691391,0.8185691833496094,0.03483539997250773
YOLOv8m,val_S2A_MSIL2A_20200818T142741_N0214_R053_T20LMP_20200818T165705_20_16.png,0.0,0.0,0.0,0.0,0.0437469482421875,0.028664200013736263
YOLOv8m,val_S2A_MSIL2A_20200818T142741_N0214_R053_T20LMP_20200818T165705_21_21.png,0.0,0.0,0.0,0.0,0.8556594848632812,0.029720000020461157
YOLOv8m,val_S2B_MSIL2A_20200202T141649_N0213_R010_T20LQN_20200202T164215_02_07.png,0.0,0.0,0.0,0.0,0.209991455078125,0.02771180000854656
YOLOv8m,val_S2B_MSIL2A_20200202T141649_N0213_R010_T20LQN_20200202T164215_03_03.png,0.0,0.0,0.0,0.0,0.00066375732421875,0.024762299988651648
YOLOv8m,val_S2B_MSIL2A_20200202T141649_N0213_R010_T20LQN_20200202T164215_04_10.png,0.0,0.0,0.0,0.0,3.0517578125e-05,0.024907000013627112
YOLOv8m,val_S2B_MSIL2A_20200202T141649_N0213_R010_T20LQN_20200202T164215_05_07.png,0.0,0.0,0.0,0.0,0.5007591247558594,0.03648330000578426
YOLOv8m,val_S2B_MSIL2A_20200202T141649_N0213_R010_T20LQN_20200202T164215_10_02.png,0.0,0.0,0.0,0.0,0.5900344848632812,0.03346540001803078
YOLOv8m,val_S2B_MSIL2A_20200202T141649_N0213_R010_T20LQN_20200202T164215_10_03.png,0.0,0.0,0.0,0.0,0.49022674560546875,0.03604890001588501
YOLOv8m,val_S2B_MSIL2A_20200202T141649_N0213_R010_T20LQN_20200202T164215_11_04.png,0.0,0.0,0.0,0.0,0.5555915832519531,0.03164850000757724
YOLOv8m,val_S2B_MSIL2A_20200202T141649_N0213_R010_T20LQN_20200202T164215_12_07.png,0.0,0.0,0.0,0.0,0.4833641052246094,0.030915699986508116
YOLOv8m,val_S2B_MSIL2A_20200202T141649_N0213_R010_T20LQN_20200202T164215_12_14.png,0.0,0.0,0.0,0.0,0.001064300537109375,0.025636499980464578
YOLOv8l,train_S2A_MSIL2A_20200111T142701_N0213_R053_T20NQG_20200111T164651_01_07.png,0.0,0.0,0.0,0.0,0.3530769348144531,0.6586679000174627
YOLOv8l,train_S2A_MSIL2A_20200111T142701_N0213_R053_T20NQG_20200111T164651_01_13.png,0.0,0.0,0.0,0.0,0.3471565246582031,0.037480900005903095
YOLOv8l,train_S2A_MSIL2A_20200111T142701_N0213_R053_T20NQG_20200111T164651_02_03.png,0.0,0.0,0.0,0.0,0.4569206237792969,0.04011719999834895
YOLOv8l,train_S2A_MSIL2A_20200111T142701_N0213_R053_T20NQG_20200111T164651_02_04.png,0.0,0.0,0.0,0.0,0.5263519287109375,0.03933470000629313
YOLOv8l,train_S2A_MSIL2A_20200111T142701_N0213_R053_T20NQG_20200111T164651_02_07.png,0.16496699733662717,0.28321316863701423,0.19006408403413663,0.5554212639869001,0.1747589111328125,0.03784489998361096
YOLOv8l,train_S2A_MSIL2A_20200111T142701_N0213_R053_T20NQG_20200111T164651_02_10.png,0.0,0.0,0.0,0.0,0.20199203491210938,0.03650990000460297
YOLOv8l,train_S2A_MSIL2A_20200111T142701_N0213_R053_T20NQG_20200111T164651_02_11.png,0.0,0.0,0.0,0.0,0.24502944946289062,0.03651289999834262
YOLOv8l,train_S2A_MSIL2A_20200111T142701_N0213_R053_T20NQG_20200111T164651_03_05.png,0.0,0.0,0.0,0.0,0.4412269592285156,0.03804200000013225
YOLOv8l,train_S2A_MSIL2A_20200111T142701_N0213_R053_T20NQG_20200111T164651_03_06.png,0.0,0.0,0.0,0.0,0.4077720642089844,0.03730490000452846
YOLOv8l,train_S2A_MSIL2A_20200111T142701_N0213_R053_T20NQG_20200111T164651_03_11.png,0.0,0.0,0.0,0.0,0.1164703369140625,0.038350399991031736
YOLOv8l,train_S2A_MSIL2A_20200111T142701_N0213_R053_T20NQG_20200111T164651_04_07.png,0.11186135932002865,0.20121458198428394,0.12479918719660985,0.5190047128076416,0.12945175170898438,0.03729489998659119
YOLOv8l,train_S2A_MSIL2A_20200111T142701_N0213_R053_T20NQG_20200111T164651_04_08.png,0.07536405758729108,0.14016473222357725,0.09799301778903825,0.2460559727700038,0.14740371704101562,0.03808470000512898
YOLOv8l,train_S2A_MSIL2A_20200111T142701_N0213_R053_T20NQG_20200111T164651_04_09.png,0.0,0.0,0.0,0.0,0.43114471435546875,0.039735899976221845
YOLOv8l,train_S2A_MSIL2A_20200111T142701_N0213_R053_T20NQG_20200111T164651_04_10.png,0.0,0.0,0.0,0.0,0.141571044921875,0.03644860000349581
YOLOv8l,train_S2A_MSIL2A_20200111T142701_N0213_R053_T20NQG_20200111T164651_04_11.png,0.0,0.0,0.0,0.0,0.15567398071289062,0.037220099999103695
YOLOv8l,train_S2A_MSIL2A_20200111T142701_N0213_R053_T20NQG_20200111T164651_05_05.png,0.0,0.0,0.0,0.0,0.5177536010742188,0.03884350002044812
YOLOv8l,train_S2A_MSIL2A_20200111T142701_N0213_R053_T20NQG_20200111T164651_05_06.png,0.0,0.0,0.0,0.0,0.5273399353027344,0.046444800012977794
YOLOv8l,train_S2A_MSIL2A_20200111T142701_N0213_R053_T20NQG_20200111T164651_05_07.png,0.03773126812490165,0.0727187650287903,0.06318753717689046,0.08563614841422099,0.18356704711914062,0.03887099999701604
YOLOv8l,train_S2A_MSIL2A_20200111T142701_N0213_R053_T20NQG_20200111T164651_05_11.png,0.0,0.0,0.0,0.0,0.039005279541015625,0.03795759999775328
YOLOv8l,train_S2A_MSIL2A_20200111T142701_N0213_R053_T20NQG_20200111T164651_06_01.png,0.0,0.0,0.0,0.0,0.0686187744140625,0.038258699991274625
YOLOv8l,train_S2A_MSIL2A_20200111T142701_N0213_R053_T20NQG_20200111T164651_06_06.png,0.0,0.0,0.0,0.0,0.215728759765625,0.04016010000486858
YOLOv8l,train_S2A_MSIL2A_20200111T142701_N0213_R053_T20NQG_20200111T164651_06_07.png,0.0,0.0,0.0,0.0,0.3458747863769531,0.04118110000854358
YOLOv8l,train_S2A_MSIL2A_20200111T142701_N0213_R053_T20NQG_20200111T164651_06_09.png,0.0,0.0,0.0,0.0,0.43194580078125,0.03756310002063401
YOLOv8l,train_S2A_MSIL2A_20200111T142701_N0213_R053_T20NQG_20200111T164651_06_10.png,0.0,0.0,0.0,0.0,0.056148529052734375,0.038257199979852885
YOLOv8l,train_S2A_MSIL2A_20200111T142701_N0213_R053_T20NQG_20200111T164651_06_13.png,0.0,0.0,0.0,0.0,0.3239173889160156,0.03804509999463335
YOLOv8l,train_S2A_MSIL2A_20200111T142701_N0213_R053_T20NQG_20200111T164651_06_14.png,0.0,0.0,0.0,0.0,0.47252655029296875,0.03969179998966865
YOLOv8l,train_S2A_MSIL2A_20200111T142701_N0213_R053_T20NQG_20200111T164651_07_01.png,0.0,0.0,0.0,0.0,0.2826194763183594,0.03822139999829233
YOLOv8l,train_S2A_MSIL2A_20200111T142701_N0213_R053_T20NQG_20200111T164651_07_02.png,0.0,0.0,0.0,0.0,0.18778610229492188,0.038369999994756654
YOLOv8l,train_S2A_MSIL2A_20200111T142701_N0213_R053_T20NQG_20200111T164651_07_03.png,0.0,0.0,0.0,0.0,0.03110504150390625,0.03804139999556355
YOLOv8l,train_S2A_MSIL2A_20200111T142701_N0213_R053_T20NQG_20200111T164651_07_04.png,0.0,0.0,0.0,0.0,0.17401504516601562,0.0383927000220865
YOLOv8l,train_S2A_MSIL2A_20200111T142701_N0213_R053_T20NQG_20200111T164651_07_05.png,0.0,0.0,0.0,0.0,0.3530120849609375,0.03720560000510886
YOLOv8l,train_S2A_MSIL2A_20200111T142701_N0213_R053_T20NQG_20200111T164651_07_06.png,0.0,0.0,0.0,0.0,0.30918121337890625,0.03757909999694675
YOLOv8l,train_S2A_MSIL2A_20200111T142701_N0213_R053_T20NQG_20200111T164651_07_09.png,0.0,0.0,0.0,0.0,0.15800094604492188,0.037431899982038885
YOLOv8l,train_S2A_MSIL2A_20200111T142701_N0213_R053_T20NQG_20200111T164651_07_11.png,0.0,0.0,0.0,0.0,0.24077987670898438,0.0374117000028491
YOLOv8l,train_S2A_MSIL2A_20200111T142701_N0213_R053_T20NQG_20200111T164651_07_12.png,0.0,0.0,0.0,0.0,0.29520416259765625,0.037620099988998845
YOLOv8l,train_S2A_MSIL2A_20200111T142701_N0213_R053_T20NQG_20200111T164651_07_13.png,0.0,0.0,0.0,0.0,0.1963348388671875,0.03821110000717454
YOLOv8l,train_S2A_MSIL2A_20200111T142701_N0213_R053_T20NQG_20200111T164651_07_14.png,0.0,0.0,0.0,0.0,0.3779945373535156,0.040349099988816306
YOLOv8l,train_S2A_MSIL2A_20200111T142701_N0213_R053_T20NQG_20200111T164651_07_15.png,0.0,0.0,0.0,0.0,0.5633964538574219,0.037924000003840774
YOLOv8l,train_S2A_MSIL2A_20200111T142701_N0213_R053_T20NQG_20200111T164651_08_01.png,0.0,0.0,0.0,0.0,0.0770263671875,0.03660399999353103
YOLOv8l,train_S2A_MSIL2A_20200111T142701_N0213_R053_T20NQG_20200111T164651_08_09.png,0.0,0.0,0.0,0.0,0.4984779357910156,0.03619569999864325
YOLOv8l,train_S2A_MSIL2A_20200111T142701_N0213_R053_T20NQG_20200111T164651_08_10.png,0.0,0.0,0.0,0.0,0.5098724365234375,0.03567290000501089
YOLOv8l,train_S2A_MSIL2A_20200111T142701_N0213_R053_T20NQG_20200111T164651_08_14.png,0.0,0.0,0.0,0.0,0.2684593200683594,0.036138499999651685
YOLOv8l,train_S2A_MSIL2A_20200111T142701_N0213_R053_T20NQG_20200111T164651_09_01.png,0.0,0.0,0.0,0.0,0.22026443481445312,0.03724599999259226
YOLOv8l,train_S2A_MSIL2A_20200111T142701_N0213_R053_T20NQG_20200111T164651_09_02.png,0.0,0.0,0.0,0.0,0.36429595947265625,0.03784750000340864
YOLOv8l,train_S2A_MSIL2A_20200111T142701_N0213_R053_T20NQG_20200111T164651_09_03.png,0.05088273598973846,0.09683808525375817,0.05116781476396412,0.9013102871480345,0.07981491088867188,0.03752439998788759
YOLOv8l,train_S2A_MSIL2A_20200111T142701_N0213_R053_T20NQG_20200111T164651_09_07.png,0.2072053173595006,0.3432809885442142,0.21209614887567846,0.8998566005904681,0.22148895263671875,0.039572999987285584
YOLOv8l,train_S2A_MSIL2A_20200111T142701_N0213_R053_T20NQG_20200111T164651_09_08.png,0.0,0.0,0.0,0.0,0.4558258056640625,0.03770379998604767
YOLOv8l,train_S2A_MSIL2A_20200111T142701_N0213_R053_T20NQG_20200111T164651_09_09.png,0.0,0.0,0.0,0.0,0.16601943969726562,0.038968599983491004
YOLOv8l,train_S2A_MSIL2A_20200111T142701_N0213_R053_T20NQG_20200111T164651_09_10.png,0.0,0.0,0.0,0.0,0.04801177978515625,0.04042439998011105
YOLOv8l,train_S2A_MSIL2A_20200111T142701_N0213_R053_T20NQG_20200111T164651_09_12.png,0.0,0.0,0.0,0.0,0.4818115234375,0.04032349999761209
YOLOv8l,train_S2A_MSIL2A_20200111T142701_N0213_R053_T20NQG_20200111T164651_09_13.png,0.0,0.0,0.0,0.0,0.6373748779296875,0.03901939999195747
YOLOv8l,train_S2A_MSIL2A_20200111T142701_N0213_R053_T20NQG_20200111T164651_09_15.png,0.0,0.0,0.0,0.0,0.4093513488769531,0.04026809998322278
YOLOv8l,train_S2A_MSIL2A_20200111T142701_N0213_R053_T20NQG_20200111T164651_09_16.png,0.0,0.0,0.0,0.0,0.6817550659179688,0.043053200002759695
YOLOv8l,train_S2A_MSIL2A_20200111T142701_N0213_R053_T20NQG_20200111T164651_10_01.png,0.0,0.0,0.0,0.0,0.102935791015625,0.041799600003287196
YOLOv8l,train_S2A_MSIL2A_20200111T142701_N0213_R053_T20NQG_20200111T164651_10_02.png,0.0,0.0,0.0,0.0,0.7704010009765625,0.04150099999969825
YOLOv8l,train_S2A_MSIL2A_20200111T142701_N0213_R053_T20NQG_20200111T164651_10_03.png,0.01849943455723709,0.03632684305863985,0.018502148225638965,0.9921341337197268,0.029937744140625,0.03996910000569187
YOLOv8l,train_S2A_MSIL2A_20200111T142701_N0213_R053_T20NQG_20200111T164651_10_04.png,0.016817399540293612,0.03307850465166472,0.016820637628474938,0.9886826618379357,0.025867462158203125,0.04013790001044981
YOLOv8l,train_S2A_MSIL2A_20200111T142701_N0213_R053_T20NQG_20200111T164651_10_09.png,0.0,0.0,0.0,0.0,0.32759857177734375,0.03804660000605509
YOLOv8l,train_S2A_MSIL2A_20200111T142701_N0213_R053_T20NQG_20200111T164651_10_11.png,0.0,0.0,0.0,0.0,0.103546142578125,0.039479600003687665
YOLOv8l,train_S2A_MSIL2A_20200111T142701_N0213_R053_T20NQG_20200111T164651_10_12.png,0.0,0.0,0.0,0.0,0.14123916625976562,0.03805989999091253
YOLOv8l,train_S2A_MSIL2A_20200111T142701_N0213_R053_T20NQG_20200111T164651_10_17.png,0.0,0.0,0.0,0.0,0.4242362976074219,0.038514899992151186
YOLOv8l,train_S2A_MSIL2A_20200111T142701_N0213_R053_T20NQG_20200111T164651_11_02.png,0.0,0.0,0.0,0.0,0.5790252685546875,0.03748410000116564
YOLOv8l,train_S2A_MSIL2A_20200111T142701_N0213_R053_T20NQG_20200111T164651_11_03.png,0.012940920163989622,0.025551184489406464,0.013140958602159188,0.45949367088607596,0.0494232177734375,0.04456680000294
YOLOv8l,train_S2A_MSIL2A_20200111T142701_N0213_R053_T20NQG_20200111T164651_11_05.png,0.0,0.0,0.0,0.0,0.9405403137207031,0.038057300000218675
YOLOv8l,train_S2A_MSIL2A_20200111T142701_N0213_R053_T20NQG_20200111T164651_11_07.png,0.11669591278961426,0.20900213111391552,0.3105942404860559,0.15748910218794535,0.13206100463867188,0.03926750001846813
YOLOv8l,train_S2A_MSIL2A_20200111T142701_N0213_R053_T20NQG_20200111T164651_11_10.png,0.0,0.0,0.0,0.0,0.46007537841796875,0.03787860000738874
YOLOv8l,train_S2A_MSIL2A_20200111T142701_N0213_R053_T20NQG_20200111T164651_11_11.png,0.0,0.0,0.0,0.0,0.19601058959960938,0.03976949999923818
YOLOv8l,train_S2A_MSIL2A_20200111T142701_N0213_R053_T20NQG_20200111T164651_11_14.png,0.21937424213415024,0.3598144598334326,0.2533956248502608,0.6203388301112138,0.25344085693359375,0.040642599982675165
YOLOv8l,train_S2A_MSIL2A_20200111T142701_N0213_R053_T20NQG_20200111T164651_11_17.png,0.0,0.0,0.0,0.0,0.25260162353515625,0.0380421000008937
YOLOv8l,train_S2A_MSIL2A_20200111T142701_N0213_R053_T20NQG_20200111T164651_11_18.png,0.0,0.0,0.0,0.0,0.07268142700195312,0.03663830002187751
YOLOv8l,train_S2A_MSIL2A_20200111T142701_N0213_R053_T20NQG_20200111T164651_12_01.png,0.0,0.0,0.0,0.0,0.13274765014648438,0.03791680000722408
YOLOv8l,train_S2A_MSIL2A_20200111T142701_N0213_R053_T20NQG_20200111T164651_12_02.png,0.048944904253666766,0.0933221641197475,0.056940916506618755,0.25845988001499814,0.18248748779296875,0.03756209998391569
YOLOv8l,train_S2A_MSIL2A_20200111T142701_N0213_R053_T20NQG_20200111T164651_12_05.png,0.0,0.0,0.0,0.0,0.9055404663085938,0.03871320001780987
YOLOv8l,train_S2A_MSIL2A_20200111T142701_N0213_R053_T20NQG_20200111T164651_12_07.png,0.1721282437339474,0.29370206656843856,0.24581351816250127,0.3647641748465682,0.28684234619140625,0.040367100009461865
YOLOv8l,train_S2A_MSIL2A_20200111T142701_N0213_R053_T20NQG_20200111T164651_12_11.png,0.0,0.0,0.0,0.0,0.4411125183105469,0.03649510000832379
YOLOv8l,train_S2A_MSIL2A_20200111T142701_N0213_R053_T20NQG_20200111T164651_12_14.png,0.0,0.0,0.0,0.0,0.19156646728515625,0.037254299997584894
YOLOv8l,train_S2A_MSIL2A_20200111T142701_N0213_R053_T20NQG_20200111T164651_12_15.png,0.06911466961163261,0.12929327709391408,0.17178428660123957,0.10365428853105488,0.18970108032226562,0.04069230001186952
YOLOv8l,train_S2A_MSIL2A_20200111T142701_N0213_R053_T20NQG_20200111T164651_13_02.png,0.0,0.0,0.0,0.0,0.8151397705078125,0.03637079999316484
YOLOv8l,train_S2A_MSIL2A_20200111T142701_N0213_R053_T20NQG_20200111T164651_13_05.png,0.0,0.0,0.0,0.0,0.922576904296875,0.03603299998212606
YOLOv8l,train_S2A_MSIL2A_20200111T142701_N0213_R053_T20NQG_20200111T164651_13_06.png,0.0,0.0,0.0,0.0,0.5809822082519531,0.03903600000194274
YOLOv8l,train_S2A_MSIL2A_20200111T142701_N0213_R053_T20NQG_20200111T164651_13_07.png,0.29795581970353,0.4591155032866789,0.3604600542066312,0.6321233315273604,0.3078727722167969,0.04074880000553094
YOLOv8l,train_S2A_MSIL2A_20200111T142701_N0213_R053_T20NQG_20200111T164651_13_08.png,0.0,0.0,0.0,0.0,0.6240081787109375,0.0374833999958355
YOLOv8l,train_S2A_MSIL2A_20200111T142701_N0213_R053_T20NQG_20200111T164651_13_10.png,0.0,0.0,0.0,0.0,0.8109512329101562,0.040956600016215816
YOLOv8l,train_S2A_MSIL2A_20200111T142701_N0213_R053_T20NQG_20200111T164651_13_13.png,0.0,0.0,0.0,0.0,0.3660850524902344,0.04340220001176931
YOLOv8l,train_S2A_MSIL2A_20200111T142701_N0213_R053_T20NQG_20200111T164651_13_14.png,0.0,0.0,0.0,0.0,0.3474540710449219,0.038507499994011596
YOLOv8l,train_S2A_MSIL2A_20200111T142701_N0213_R053_T20NQG_20200111T164651_13_16.png,0.0,0.0,0.0,0.0,0.24831390380859375,0.037832200003322214
YOLOv8l,train_S2A_MSIL2A_20200111T142701_N0213_R053_T20NQG_20200111T164651_14_01.png,0.0,0.0,0.0,0.0,0.3625946044921875,0.037976999999955297
YOLOv8l,train_S2A_MSIL2A_20200111T142701_N0213_R053_T20NQG_20200111T164651_14_08.png,0.0,0.0,0.0,0.0,0.9360275268554688,0.04052229999797419
YOLOv8l,train_S2A_MSIL2A_20200111T142701_N0213_R053_T20NQG_20200111T164651_14_11.png,0.23093876326488225,0.3752238050451047,0.24725736311524016,0.777736039688605,0.23725509643554688,0.0405548999842722
YOLOv8l,train_S2A_MSIL2A_20200111T142701_N0213_R053_T20NQG_20200111T164651_15_02.png,0.0,0.0,0.0,0.0,0.7300567626953125,0.03651279999758117
YOLOv8l,train_S2A_MSIL2A_20200111T142701_N0213_R053_T20NQG_20200111T164651_15_03.png,0.0,0.0,0.0,0.0,0.9664230346679688,0.03812650000327267
YOLOv8l,train_S2A_MSIL2A_20200111T142701_N0213_R053_T20NQG_20200111T164651_15_13.png,0.0,0.0,0.0,0.0,0.20359420776367188,0.03999180000391789
YOLOv8l,train_S2A_MSIL2A_20200111T142701_N0213_R053_T20NQG_20200111T164651_17_01.png,0.0,0.0,0.0,0.0,0.3895759582519531,0.03931630001170561
YOLOv8l,train_S2A_MSIL2A_20200115T140641_N0213_R110_T21LUH_20200115T163049_01_09.png,0.0,0.0,0.0,0.0,0.778228759765625,0.037612899992382154
YOLOv8l,train_S2A_MSIL2A_20200115T140641_N0213_R110_T21LUH_20200115T163049_02_09.png,0.0,0.0,0.0,0.0,0.9186058044433594,0.03911549999611452
YOLOv8l,train_S2A_MSIL2A_20200115T140641_N0213_R110_T21LUH_20200115T163049_03_03.png,0.0,0.0,0.0,0.0,0.87542724609375,0.0401482000015676
YOLOv8l,train_S2A_MSIL2A_20200115T140641_N0213_R110_T21LUH_20200115T163049_03_05.png,0.0,0.0,0.0,0.0,0.5654335021972656,0.03700159999425523
YOLOv8l,train_S2A_MSIL2A_20200115T140641_N0213_R110_T21LUH_20200115T163049_03_08.png,0.0,0.0,0.0,0.0,0.7925148010253906,0.03585339998244308
YOLOv8l,train_S2A_MSIL2A_20200115T140641_N0213_R110_T21LUH_20200115T163049_03_09.png,0.0,0.0,0.0,0.0,0.8455810546875,0.036359599995194
YOLOv8l,train_S2A_MSIL2A_20200115T140641_N0213_R110_T21LUH_20200115T163049_04_02.png,0.0,0.0,0.0,0.0,0.7999000549316406,0.036578700004611164
YOLOv8l,train_S2A_MSIL2A_20200115T140641_N0213_R110_T21LUH_20200115T163049_04_06.png,0.0,0.0,0.0,0.0,0.44110870361328125,0.036981699988245964
YOLOv8l,train_S2A_MSIL2A_20200115T140641_N0213_R110_T21LUH_20200115T163049_04_07.png,0.0,0.0,0.0,0.0,0.7932281494140625,0.04137839999748394
YOLOv8l,train_S2A_MSIL2A_20200115T140641_N0213_R110_T21LUH_20200115T163049_04_08.png,0.0,0.0,0.0,0.0,0.4847869873046875,0.03738789999624714
YOLOv8l,train_S2A_MSIL2A_20200115T140641_N0213_R110_T21LUH_20200115T163049_04_09.png,0.0,0.0,0.0,0.0,0.42235565185546875,0.03776150001795031
YOLOv8l,train_S2A_MSIL2A_20200115T140641_N0213_R110_T21LUH_20200115T163049_04_11.png,0.0,0.0,0.0,0.0,0.011505126953125,0.039626200014026836
YOLOv8l,train_S2A_MSIL2A_20200115T140641_N0213_R110_T21LUH_20200115T163049_04_12.png,0.0,0.0,0.0,0.0,0.10044097900390625,0.039034999994328246
YOLOv8l,train_S2A_MSIL2A_20200115T140641_N0213_R110_T21LUH_20200115T163049_04_13.png,0.010382462686567165,0.02055154967547755,0.0568350099576163,0.012543671813366393,0.5953102111816406,0.04644790000747889
YOLOv8l,train_S2A_MSIL2A_20200115T140641_N0213_R110_T21LUH_20200115T163049_04_14.png,0.0,0.0,0.0,0.0,0.7066192626953125,0.03954669999075122
YOLOv8l,train_S2A_MSIL2A_20200115T140641_N0213_R110_T21LUH_20200115T163049_04_15.png,0.0,0.0,0.0,0.0,0.5383720397949219,0.04049789998680353
YOLOv8l,train_S2A_MSIL2A_20200115T140641_N0213_R110_T21LUH_20200115T163049_05_02.png,0.0,0.0,0.0,0.0,0.752685546875,0.042438099975697696
YOLOv8l,train_S2A_MSIL2A_20200115T140641_N0213_R110_T21LUH_20200115T163049_05_03.png,0.0,0.0,0.0,0.0,0.8507347106933594,0.04520200000843033
YOLOv8l,train_S2A_MSIL2A_20200115T140641_N0213_R110_T21LUH_20200115T163049_05_06.png,0.0,0.0,0.0,0.0,0.8393707275390625,0.042049999989103526
YOLOv8l,train_S2A_MSIL2A_20200115T140641_N0213_R110_T21LUH_20200115T163049_05_08.png,0.0,0.0,0.0,0.0,0.36643218994140625,0.042383299994980916
YOLOv8l,train_S2A_MSIL2A_20200115T140641_N0213_R110_T21LUH_20200115T163049_05_09.png,0.0,0.0,0.0,0.0,0.5567665100097656,0.03921970000374131
YOLOv8l,train_S2A_MSIL2A_20200115T140641_N0213_R110_T21LUH_20200115T163049_05_10.png,0.0,0.0,0.0,0.0,0.39870452880859375,0.039793900010408834
YOLOv8l,train_S2A_MSIL2A_20200115T140641_N0213_R110_T21LUH_20200115T163049_06_06.png,0.0,0.0,0.0,0.0,0.85540771484375,0.042186400009086356
YOLOv8l,train_S2A_MSIL2A_20200115T140641_N0213_R110_T21LUH_20200115T163049_06_09.png,0.0,0.0,0.0,0.0,0.7356643676757812,0.04320549999829382
YOLOv8l,train_S2A_MSIL2A_20200115T140641_N0213_R110_T21LUH_20200115T163049_07_04.png,0.0,0.0,0.0,0.0,0.9059982299804688,0.04392050000024028
YOLOv8l,train_S2A_MSIL2A_20200115T140641_N0213_R110_T21LUH_20200115T163049_07_06.png,0.0,0.0,0.0,0.0,0.8539352416992188,0.040229400008684024
YOLOv8l,train_S2A_MSIL2A_20200115T140641_N0213_R110_T21LUH_20200115T163049_07_13.png,0.0,0.0,0.0,0.0,0.7373542785644531,0.04346309998072684
YOLOv8l,train_S2A_MSIL2A_20200115T140641_N0213_R110_T21LUH_20200115T163049_08_03.png,0.0,0.0,0.0,0.0,0.8485450744628906,0.03838710000854917
YOLOv8l,train_S2A_MSIL2A_20200115T140641_N0213_R110_T21LUH_20200115T163049_08_04.png,0.0,0.0,0.0,0.0,0.8818855285644531,0.03838440001709387
YOLOv8l,train_S2A_MSIL2A_20200115T140641_N0213_R110_T21LUH_20200115T163049_08_05.png,0.0,0.0,0.0,0.0,0.7808609008789062,0.03837650001514703
YOLOv8l,train_S2A_MSIL2A_20200115T140641_N0213_R110_T21LUH_20200115T163049_08_06.png,0.0,0.0,0.0,0.0,0.8946342468261719,0.03888169999117963
YOLOv8l,train_S2A_MSIL2A_20200115T140641_N0213_R110_T21LUH_20200115T163049_09_06.png,0.0,0.0,0.0,0.0,0.8294334411621094,0.039129699987825006
YOLOv8l,train_S2A_MSIL2A_20200115T140641_N0213_R110_T21LUH_20200115T163049_16_11.png,0.0005007412934834903,0.001000981354268891,0.03648068669527897,0.0005074525880081988,0.6116714477539062,0.0396644999855198
YOLOv8l,train_S2A_MSIL2A_20200217T141651_N0209_R010_T20LQN_20200217T160045_02_11.png,0.0,0.0,0.0,0.0,0.08388519287109375,0.03609169999253936
YOLOv8l,train_S2A_MSIL2A_20200217T141651_N0209_R010_T20LQN_20200217T160045_02_15.png,0.0,0.0,0.0,0.0,0.3261451721191406,0.03606049998779781
YOLOv8l,train_S2A_MSIL2A_20200217T141651_N0209_R010_T20LQN_20200217T160045_02_16.png,0.0,0.0,0.0,0.0,0.22451400756835938,0.03489330000593327
YOLOv8l,train_S2A_MSIL2A_20200217T141651_N0209_R010_T20LQN_20200217T160045_02_17.png,0.0,0.0,0.0,0.0,0.23914337158203125,0.03554199999780394
YOLOv8l,train_S2A_MSIL2A_20200217T141651_N0209_R010_T20LQN_20200217T160045_02_21.png,0.00972368904665975,0.019260098880794732,0.9662505779010634,0.009726992637271602,0.18804550170898438,0.03739420001511462
YOLOv8l,train_S2A_MSIL2A_20200217T141651_N0209_R010_T20LQN_20200217T160045_03_02.png,0.0,0.0,0.0,0.0,0.046100616455078125,0.03398549999110401
YOLOv8l,train_S2A_MSIL2A_20200217T141651_N0209_R010_T20LQN_20200217T160045_03_13.png,0.0,0.0,0.0,0.0,0.14628219604492188,0.035440699983155355
YOLOv8l,train_S2A_MSIL2A_20200217T141651_N0209_R010_T20LQN_20200217T160045_03_14.png,0.0,0.0,0.0,0.0,0.21979522705078125,0.035197499993955716
YOLOv8l,train_S2A_MSIL2A_20200217T141651_N0209_R010_T20LQN_20200217T160045_03_15.png,0.0,0.0,0.0,0.0,0.1883392333984375,0.034082700003637
YOLOv8l,train_S2A_MSIL2A_20200217T141651_N0209_R010_T20LQN_20200217T160045_03_17.png,0.0,0.0,0.0,0.0,0.2412872314453125,0.03723250000621192
YOLOv8l,train_S2A_MSIL2A_20200217T141651_N0209_R010_T20LQN_20200217T160045_03_19.png,0.011098707377731037,0.021953756436926646,0.9702336096458176,0.011102487819600741,0.12477874755859375,0.0399842000042554
YOLOv8l,train_S2A_MSIL2A_20200217T141651_N0209_R010_T20LQN_20200217T160045_03_21.png,0.0,0.0,0.0,0.0,0.16643142700195312,0.04061779999756254
YOLOv8l,train_S2A_MSIL2A_20200217T141651_N0209_R010_T20LQN_20200217T160045_04_15.png,0.0,0.0,0.0,0.0,0.2323150634765625,0.03724050000892021
YOLOv8l,train_S2A_MSIL2A_20200217T141651_N0209_R010_T20LQN_20200217T160045_04_16.png,0.0,0.0,0.0,0.0,0.12780380249023438,0.036091199988732114
YOLOv8l,train_S2A_MSIL2A_20200217T141651_N0209_R010_T20LQN_20200217T160045_04_17.png,0.0,0.0,0.0,0.0,0.30376434326171875,0.04123000000254251
YOLOv8l,train_S2A_MSIL2A_20200217T141651_N0209_R010_T20LQN_20200217T160045_04_21.png,0.0,0.0,0.0,0.0,0.165802001953125,0.04209069997887127
YOLOv8l,train_S2A_MSIL2A_20200217T141651_N0209_R010_T20LQN_20200217T160045_05_01.png,0.0,0.0,0.0,0.0,0.023708343505859375,0.03920960001414642
YOLOv8l,train_S2A_MSIL2A_20200217T141651_N0209_R010_T20LQN_20200217T160045_05_16.png,0.0,0.0,0.0,0.0,0.10461044311523438,0.0415443999809213
YOLOv8l,train_S2A_MSIL2A_20200217T141651_N0209_R010_T20LQN_20200217T160045_05_17.png,0.0,0.0,0.0,0.0,0.21310806274414062,0.046208899992052466
YOLOv8l,train_S2A_MSIL2A_20200217T141651_N0209_R010_T20LQN_20200217T160045_05_18.png,0.0,0.0,0.0,0.0,0.2457122802734375,0.04377059999387711
YOLOv8l,train_S2A_MSIL2A_20200217T141651_N0209_R010_T20LQN_20200217T160045_05_20.png,0.0,0.0,0.0,0.0,0.13541793823242188,0.04221679997863248
YOLOv8l,train_S2A_MSIL2A_20200217T141651_N0209_R010_T20LQN_20200217T160045_05_21.png,0.0,0.0,0.0,0.0,0.08465957641601562,0.03960350001580082
YOLOv8l,train_S2A_MSIL2A_20200217T141651_N0209_R010_T20LQN_20200217T160045_06_01.png,0.0,0.0,0.0,0.0,0.013675689697265625,0.03815269999904558
YOLOv8l,train_S2A_MSIL2A_20200217T141651_N0209_R010_T20LQN_20200217T160045_06_13.png,0.0,0.0,0.0,0.0,0.149871826171875,0.03977370000211522
YOLOv8l,train_S2A_MSIL2A_20200217T141651_N0209_R010_T20LQN_20200217T160045_06_14.png,0.0,0.0,0.0,0.0,0.17390823364257812,0.0363571000052616
YOLOv8l,train_S2A_MSIL2A_20200217T141651_N0209_R010_T20LQN_20200217T160045_06_16.png,0.0,0.0,0.0,0.0,0.1207733154296875,0.04033620000700466
YOLOv8l,train_S2A_MSIL2A_20200217T141651_N0209_R010_T20LQN_20200217T160045_06_17.png,0.0,0.0,0.0,0.0,0.15506362915039062,0.040682699996978045
YOLOv8l,train_S2A_MSIL2A_20200217T141651_N0209_R010_T20LQN_20200217T160045_06_18.png,0.0,0.0,0.0,0.0,0.2757377624511719,0.04223290001391433
YOLOv8l,train_S2A_MSIL2A_20200217T141651_N0209_R010_T20LQN_20200217T160045_06_19.png,0.0,0.0,0.0,0.0,0.18827438354492188,0.04161779998685233
YOLOv8l,train_S2A_MSIL2A_20200217T141651_N0209_R010_T20LQN_20200217T160045_06_20.png,0.0,0.0,0.0,0.0,0.07634353637695312,0.038777100009610876
YOLOv8l,train_S2A_MSIL2A_20200217T141651_N0209_R010_T20LQN_20200217T160045_07_01.png,0.0,0.0,0.0,0.0,0.019489288330078125,0.03637879999587312
YOLOv8l,train_S2A_MSIL2A_20200217T141651_N0209_R010_T20LQN_20200217T160045_07_03.png,0.0,0.0,0.0,0.0,0.6674003601074219,0.03795100000570528
YOLOv8l,train_S2A_MSIL2A_20200217T141651_N0209_R010_T20LQN_20200217T160045_07_04.png,0.0,0.0,0.0,0.0,0.5941619873046875,0.04040220001479611
YOLOv8l,train_S2A_MSIL2A_20200217T141651_N0209_R010_T20LQN_20200217T160045_07_09.png,0.0,0.0,0.0,0.0,0.5820693969726562,0.040091700007906184
YOLOv8l,train_S2A_MSIL2A_20200217T141651_N0209_R010_T20LQN_20200217T160045_07_16.png,0.0,0.0,0.0,0.0,0.15284347534179688,0.03719010000349954
YOLOv8l,train_S2A_MSIL2A_20200217T141651_N0209_R010_T20LQN_20200217T160045_07_18.png,0.0,0.0,0.0,0.0,0.11272430419921875,0.03655079999589361
YOLOv8l,train_S2A_MSIL2A_20200217T141651_N0209_R010_T20LQN_20200217T160045_07_19.png,0.0,0.0,0.0,0.0,0.0860748291015625,0.036589900002582
YOLOv8l,train_S2A_MSIL2A_20200217T141651_N0209_R010_T20LQN_20200217T160045_07_20.png,0.0,0.0,0.0,0.0,0.07149124145507812,0.034396400005789474
YOLOv8l,train_S2A_MSIL2A_20200217T141651_N0209_R010_T20LQN_20200217T160045_07_21.png,0.0,0.0,0.0,0.0,0.00902557373046875,0.03311489999759942
YOLOv8l,train_S2A_MSIL2A_20200217T141651_N0209_R010_T20LQN_20200217T160045_08_01.png,0.0,0.0,0.0,0.0,0.05231475830078125,0.03341360000194982
YOLOv8l,train_S2A_MSIL2A_20200217T141651_N0209_R010_T20LQN_20200217T160045_08_05.png,0.0,0.0,0.0,0.0,0.6326637268066406,0.036252599995350465
YOLOv8l,train_S2A_MSIL2A_20200217T141651_N0209_R010_T20LQN_20200217T160045_08_15.png,0.0,0.0,0.0,0.0,0.11957931518554688,0.034926599997561425
YOLOv8l,train_S2A_MSIL2A_20200217T141651_N0209_R010_T20LQN_20200217T160045_08_16.png,0.0,0.0,0.0,0.0,0.14166641235351562,0.036017000005813316
YOLOv8l,train_S2A_MSIL2A_20200217T141651_N0209_R010_T20LQN_20200217T160045_08_17.png,0.0,0.0,0.0,0.0,0.08797454833984375,0.03563259998918511
YOLOv8l,train_S2A_MSIL2A_20200217T141651_N0209_R010_T20LQN_20200217T160045_08_19.png,0.0,0.0,0.0,0.0,0.06853485107421875,0.03399350002291612
YOLOv8l,train_S2A_MSIL2A_20200217T141651_N0209_R010_T20LQN_20200217T160045_08_20.png,0.0,0.0,0.0,0.0,0.11135101318359375,0.036746199999470264
YOLOv8l,train_S2A_MSIL2A_20200217T141651_N0209_R010_T20LQN_20200217T160045_08_21.png,0.0,0.0,0.0,0.0,0.06832122802734375,0.033061699999962
YOLOv8l,train_S2A_MSIL2A_20200217T141651_N0209_R010_T20LQN_20200217T160045_09_03.png,0.0,0.0,0.0,0.0,0.7809410095214844,0.03738779999548569
YOLOv8l,train_S2A_MSIL2A_20200217T141651_N0209_R010_T20LQN_20200217T160045_09_09.png,0.0,0.0,0.0,0.0,0.3722991943359375,0.03904129998409189
YOLOv8l,train_S2A_MSIL2A_20200217T141651_N0209_R010_T20LQN_20200217T160045_09_10.png,0.004030380763718357,0.008028404002382155,0.6266855926188787,0.004040080527086384,0.16762161254882812,0.03788749998784624
YOLOv8l,train_S2A_MSIL2A_20200217T141651_N0209_R010_T20LQN_20200217T160045_09_13.png,0.0,0.0,0.0,0.0,0.20078277587890625,0.03574469999875873
YOLOv8l,train_S2A_MSIL2A_20200217T141651_N0209_R010_T20LQN_20200217T160045_09_16.png,0.0,0.0,0.0,0.0,0.16383743286132812,0.03739579999819398
YOLOv8l,train_S2A_MSIL2A_20200217T141651_N0209_R010_T20LQN_20200217T160045_09_17.png,0.0,0.0,0.0,0.0,0.07339096069335938,0.03590570000233129
YOLOv8l,train_S2A_MSIL2A_20200217T141651_N0209_R010_T20LQN_20200217T160045_09_20.png,0.00866391634188451,0.017178995305603642,0.9778073679538394,0.00866562034119651,0.03842926025390625,0.036668799992185086
YOLOv8l,train_S2A_MSIL2A_20200217T141651_N0209_R010_T20LQN_20200217T160045_10_08.png,0.0,0.0,0.0,0.0,0.5512657165527344,0.03823130001546815
YOLOv8l,train_S2A_MSIL2A_20200217T141651_N0209_R010_T20LQN_20200217T160045_10_09.png,0.0,0.0,0.0,0.0,0.5527610778808594,0.0398822000133805
YOLOv8l,train_S2A_MSIL2A_20200217T141651_N0209_R010_T20LQN_20200217T160045_10_12.png,0.0,0.0,0.0,0.0,0.10916519165039062,0.035853999987011775
YOLOv8l,train_S2A_MSIL2A_20200217T141651_N0209_R010_T20LQN_20200217T160045_10_13.png,0.0,0.0,0.0,0.0,0.0510101318359375,0.034769699996104464
YOLOv8l,train_S2A_MSIL2A_20200217T141651_N0209_R010_T20LQN_20200217T160045_11_06.png,0.0,0.0,0.0,0.0,0.6334953308105469,0.03966270000091754
YOLOv8l,train_S2A_MSIL2A_20200217T141651_N0209_R010_T20LQN_20200217T160045_11_09.png,0.0,0.0,0.0,0.0,0.6861228942871094,0.03738840000005439
YOLOv8l,train_S2A_MSIL2A_20200217T141651_N0209_R010_T20LQN_20200217T160045_11_16.png,0.004170547788111833,0.008306453116551376,1.0,0.004170547788111833,0.18842315673828125,0.03791900002397597
YOLOv8l,train_S2A_MSIL2A_20200217T141651_N0209_R010_T20LQN_20200217T160045_12_01.png,0.11964437681625482,0.21371853294430415,0.12013530382323871,0.966973058637084,0.14367294311523438,0.042942100000800565
YOLOv8l,train_S2A_MSIL2A_20200217T141651_N0209_R010_T20LQN_20200217T160045_12_02.png,0.0,0.0,0.0,0.0,0.8058967590332031,0.038288400013698265
YOLOv8l,train_S2A_MSIL2A_20200217T141651_N0209_R010_T20LQN_20200217T160045_12_05.png,0.0,0.0,0.0,0.0,0.6573333740234375,0.036735800007591024
YOLOv8l,train_S2A_MSIL2A_20200217T141651_N0209_R010_T20LQN_20200217T160045_12_12.png,0.0,0.0,0.0,0.0,0.0946197509765625,0.03570950002176687
YOLOv8l,train_S2A_MSIL2A_20200217T141651_N0209_R010_T20LQN_20200217T160045_12_13.png,0.015616139800693284,0.03075205126960237,0.957665557907469,0.015626927460858666,0.2384490966796875,0.03795729999546893
YOLOv8l,train_S2A_MSIL2A_20200217T141651_N0209_R010_T20LQN_20200217T160045_12_14.png,0.0,0.0,0.0,0.0,0.23343658447265625,0.037002099998062477
YOLOv8l,train_S2A_MSIL2A_20200217T141651_N0209_R010_T20LQN_20200217T160045_12_17.png,0.0,0.0,0.0,0.0,0.11527252197265625,0.03678550000768155
YOLOv8l,train_S2A_MSIL2A_20200217T141651_N0209_R010_T20LQN_20200217T160045_12_18.png,0.010177760331968821,0.020150434372311194,1.0,0.010177760331968821,0.19197845458984375,0.036765400000149384
YOLOv8l,train_S2A_MSIL2A_20200217T141651_N0209_R010_T20LQN_20200217T160045_13_02.png,0.0,0.0,0.0,0.0,0.8039321899414062,0.03730689999065362
YOLOv8l,train_S2A_MSIL2A_20200217T141651_N0209_R010_T20LQN_20200217T160045_13_03.png,0.0,0.0,0.0,0.0,0.6495742797851562,0.03855909997946583
YOLOv8l,train_S2A_MSIL2A_20200217T141651_N0209_R010_T20LQN_20200217T160045_13_04.png,0.0,0.0,0.0,0.0,0.7624549865722656,0.04001970001263544
YOLOv8l,train_S2A_MSIL2A_20200217T141651_N0209_R010_T20LQN_20200217T160045_13_10.png,0.0,0.0,0.0,0.0,0.5954322814941406,0.03869780001696199
YOLOv8l,train_S2A_MSIL2A_20200217T141651_N0209_R010_T20LQN_20200217T160045_13_13.png,0.0,0.0,0.0,0.0,0.2628364562988281,0.03501429999596439
YOLOv8l,train_S2A_MSIL2A_20200217T141651_N0209_R010_T20LQN_20200217T160045_13_15.png,0.0032247633862637314,0.00642879542841214,1.0,0.0032247633862637314,0.1298065185546875,0.03746950000640936
YOLOv8l,train_S2A_MSIL2A_20200217T141651_N0209_R010_T20LQN_20200217T160045_13_17.png,0.012012082769800616,0.023739010579645357,0.9658961727927245,0.012017179522235789,0.20023345947265625,0.036858500010566786
YOLOv8l,train_S2A_MSIL2A_20200217T141651_N0209_R010_T20LQN_20200217T160045_13_18.png,0.0,0.0,0.0,0.0,0.05328369140625,0.03781169999274425
YOLOv8l,train_S2A_MSIL2A_20200217T141651_N0209_R010_T20LQN_20200217T160045_14_02.png,0.0,0.0,0.0,0.0,0.8634796142578125,0.0400212999957148
YOLOv8l,train_S2A_MSIL2A_20200217T141651_N0209_R010_T20LQN_20200217T160045_14_03.png,0.0,0.0,0.0,0.0,0.8716583251953125,0.040706300002057105
YOLOv8l,train_S2A_MSIL2A_20200217T141651_N0209_R010_T20LQN_20200217T160045_14_08.png,0.0,0.0,0.0,0.0,0.7591972351074219,0.0416939000133425
YOLOv8l,train_S2A_MSIL2A_20200217T141651_N0209_R010_T20LQN_20200217T160045_14_18.png,0.0,0.0,0.0,0.0,0.0426025390625,0.03560760000254959
YOLOv8l,train_S2A_MSIL2A_20200217T141651_N0209_R010_T20LQN_20200217T160045_14_19.png,0.0,0.0,0.0,0.0,0.039928436279296875,0.03709200001321733
YOLOv8l,train_S2A_MSIL2A_20200217T141651_N0209_R010_T20LQN_20200217T160045_14_20.png,0.0,0.0,0.0,0.0,0.13994979858398438,0.03611839999211952
YOLOv8l,train_S2A_MSIL2A_20200217T141651_N0209_R010_T20LQN_20200217T160045_14_21.png,0.0,0.0,0.0,0.0,0.14078521728515625,0.04300500001409091
YOLOv8l,train_S2A_MSIL2A_20200217T141651_N0209_R010_T20LQN_20200217T160045_15_09.png,0.0,0.0,0.0,0.0,0.6807937622070312,0.042774800007464364
YOLOv8l,train_S2A_MSIL2A_20200217T141651_N0209_R010_T20LQN_20200217T160045_15_12.png,0.0,0.0,0.0,0.0,0.5440826416015625,0.03884660001494922
YOLOv8l,train_S2A_MSIL2A_20200217T141651_N0209_R010_T20LQN_20200217T160045_15_17.png,0.0,0.0,0.0,0.0,0.026210784912109375,0.034785900003043935
YOLOv8l,train_S2A_MSIL2A_20200217T141651_N0209_R010_T20LQN_20200217T160045_15_18.png,0.0,0.0,0.0,0.0,0.0679779052734375,0.03565589999197982
YOLOv8l,train_S2A_MSIL2A_20200217T141651_N0209_R010_T20LQN_20200217T160045_15_20.png,0.005846601713435426,0.011625235306210471,1.0,0.005846601713435426,0.06464767456054688,0.036587500013411045
YOLOv8l,train_S2A_MSIL2A_20200217T141651_N0209_R010_T20LQN_20200217T160045_16_09.png,0.0,0.0,0.0,0.0,0.8130912780761719,0.038335700024617836
YOLOv8l,train_S2A_MSIL2A_20200217T141651_N0209_R010_T20LQN_20200217T160045_16_12.png,0.0,0.0,0.0,0.0,0.5436286926269531,0.04383040001266636
YOLOv8l,train_S2A_MSIL2A_20200217T141651_N0209_R010_T20LQN_20200217T160045_16_15.png,0.0,0.0,0.0,0.0,0.525665283203125,0.03828589999466203
YOLOv8l,train_S2A_MSIL2A_20200217T141651_N0209_R010_T20LQN_20200217T160045_16_16.png,0.0,0.0,0.0,0.0,0.274932861328125,0.03738829999929294
YOLOv8l,train_S2A_MSIL2A_20200217T141651_N0209_R010_T20LQN_20200217T160045_16_17.png,0.0,0.0,0.0,0.0,0.056766510009765625,0.05345439998200163
YOLOv8l,train_S2A_MSIL2A_20200217T141651_N0209_R010_T20LQN_20200217T160045_17_14.png,0.0,0.0,0.0,0.0,0.4496421813964844,0.03745689999777824
YOLOv8l,train_S2A_MSIL2A_20200217T141651_N0209_R010_T20LQN_20200217T160045_17_16.png,0.0,0.0,0.0,0.0,0.2706565856933594,0.037203699990641326
YOLOv8l,train_S2A_MSIL2A_20200217T141651_N0209_R010_T20LQN_20200217T160045_17_18.png,0.0,0.0,0.0,0.0,0.06982803344726562,0.039866200007963926
YOLOv8l,train_S2A_MSIL2A_20200217T141651_N0209_R010_T20LQN_20200217T160045_17_19.png,0.00901800995630001,0.017874824566690487,0.9700934579439252,0.009020517767291498,0.12975311279296875,0.037248099979478866
YOLOv8l,train_S2A_MSIL2A_20200217T141651_N0209_R010_T20LQN_20200217T160045_18_04.png,0.0,0.0,0.0,0.0,0.3969535827636719,0.0372225999890361
YOLOv8l,train_S2A_MSIL2A_20200217T141651_N0209_R010_T20LQN_20200217T160045_18_05.png,0.0,0.0,0.0,0.0,0.5260658264160156,0.036999500007368624
YOLOv8l,train_S2A_MSIL2A_20200217T141651_N0209_R010_T20LQN_20200217T160045_18_06.png,0.0,0.0,0.0,0.0,0.5590553283691406,0.03824890000396408
YOLOv8l,train_S2A_MSIL2A_20200217T141651_N0209_R010_T20LQN_20200217T160045_18_14.png,0.0,0.0,0.0,0.0,0.3213691711425781,0.03677299999981187
YOLOv8l,train_S2A_MSIL2A_20200217T141651_N0209_R010_T20LQN_20200217T160045_18_17.png,0.0,0.0,0.0,0.0,0.13976287841796875,0.03461729999980889
YOLOv8l,train_S2A_MSIL2A_20200217T141651_N0209_R010_T20LQN_20200217T160045_19_05.png,0.0,0.0,0.0,0.0,0.21307754516601562,0.03486319998046383
YOLOv8l,train_S2A_MSIL2A_20200217T141651_N0209_R010_T20LQN_20200217T160045_19_10.png,0.0,0.0,0.0,0.0,0.5912094116210938,0.03664910001680255
YOLOv8l,train_S2A_MSIL2A_20200217T141651_N0209_R010_T20LQN_20200217T160045_19_11.png,0.0,0.0,0.0,0.0,0.5883712768554688,0.03753219998907298
YOLOv8l,train_S2A_MSIL2A_20200217T141651_N0209_R010_T20LQN_20200217T160045_20_01.png,0.03639463690614586,0.07023316333398143,0.9982993197278912,0.03639689355303747,0.5257034301757812,0.03850219998275861
YOLOv8l,train_S2A_MSIL2A_20200217T141651_N0209_R010_T20LQN_20200217T160045_20_05.png,0.0,0.0,0.0,0.0,0.5764923095703125,0.03873319999547675
YOLOv8l,train_S2A_MSIL2A_20200217T141651_N0209_R010_T20LQN_20200217T160045_20_09.png,0.0,0.0,0.0,0.0,0.5911979675292969,0.04003180001745932
YOLOv8l,train_S2A_MSIL2A_20200217T141651_N0209_R010_T20LQN_20200217T160045_20_10.png,0.0,0.0,0.0,0.0,0.30605316162109375,0.03663550000055693
YOLOv8l,train_S2A_MSIL2A_20200217T141651_N0209_R010_T20LQN_20200217T160045_20_12.png,0.0,0.0,0.0,0.0,0.3027763366699219,0.03800960001535714
YOLOv8l,train_S2A_MSIL2A_20200217T141651_N0209_R010_T20LQN_20200217T160045_20_13.png,0.0,0.0,0.0,0.0,0.3450202941894531,0.037165199988521636
YOLOv8l,train_S2A_MSIL2A_20200217T141651_N0209_R010_T20LQN_20200217T160045_20_17.png,0.0,0.0,0.0,0.0,0.08885955810546875,0.03565060000983067
YOLOv8l,train_S2A_MSIL2A_20200217T141651_N0209_R010_T20LQN_20200217T160045_21_01.png,0.0,0.0,0.0,0.0,0.5198173522949219,0.03891309999744408
YOLOv8l,train_S2A_MSIL2A_20200217T141651_N0209_R010_T20LQN_20200217T160045_21_02.png,0.12332786471479051,0.21957590226091842,0.8984829911124732,0.12507065686891417,0.6820030212402344,0.04196170001523569
YOLOv8l,train_S2A_MSIL2A_20200217T141651_N0209_R010_T20LQN_20200217T160045_21_03.png,0.15990449043053345,0.27572009893880156,0.9236608574788838,0.16204606842737096,0.8268623352050781,0.04180320000159554
YOLOv8l,train_S2A_MSIL2A_20200217T141651_N0209_R010_T20LQN_20200217T160045_21_04.png,0.01837602264657529,0.03608887530328793,0.952116935483871,0.018393020583825047,0.6150665283203125,0.04098419999354519
YOLOv8l,train_S2A_MSIL2A_20200217T141651_N0209_R010_T20LQN_20200217T160045_21_05.png,0.0,0.0,0.0,0.0,0.42740631103515625,0.037671900005079806
YOLOv8l,train_S2A_MSIL2A_20200217T141651_N0209_R010_T20LQN_20200217T160045_21_06.png,0.0,0.0,0.0,0.0,0.697509765625,0.037796599994180724
YOLOv8l,train_S2A_MSIL2A_20200217T141651_N0209_R010_T20LQN_20200217T160045_21_07.png,0.0,0.0,0.0,0.0,0.5637054443359375,0.03768290000152774
YOLOv8l,train_S2A_MSIL2A_20200217T141651_N0209_R010_T20LQN_20200217T160045_21_08.png,0.0,0.0,0.0,0.0,0.3825111389160156,0.03899040000396781
YOLOv8l,train_S2A_MSIL2A_20200217T141651_N0209_R010_T20LQN_20200217T160045_21_12.png,0.0,0.0,0.0,0.0,0.62060546875,0.03858870000112802
YOLOv8l,train_S2A_MSIL2A_20200818T142741_N0214_R053_T20LMP_20200818T165705_01_08.png,0.0,0.0,0.0,0.0,0.7897834777832031,0.037365099997259676
YOLOv8l,train_S2A_MSIL2A_20200818T142741_N0214_R053_T20LMP_20200818T165705_01_09.png,0.0,0.0,0.0,0.0,0.6376495361328125,0.037489800015464425
YOLOv8l,train_S2A_MSIL2A_20200818T142741_N0214_R053_T20LMP_20200818T165705_01_10.png,0.0,0.0,0.0,0.0,0.46340179443359375,0.03889910000725649
YOLOv8l,train_S2A_MSIL2A_20200818T142741_N0214_R053_T20LMP_20200818T165705_01_12.png,0.18299314760512064,0.30937313200093564,0.18344294063483624,0.9867780241643007,0.18904876708984375,0.03853459999663755
YOLOv8l,train_S2A_MSIL2A_20200818T142741_N0214_R053_T20LMP_20200818T165705_01_13.png,0.0,0.0,0.0,0.0,0.7453193664550781,0.03821759999846108
YOLOv8l,train_S2A_MSIL2A_20200818T142741_N0214_R053_T20LMP_20200818T165705_01_14.png,0.0,0.0,0.0,0.0,0.6770820617675781,0.04059459999552928
YOLOv8l,train_S2A_MSIL2A_20200818T142741_N0214_R053_T20LMP_20200818T165705_01_15.png,0.31964741631815546,0.484443666339269,0.3246370010379921,0.9541225424877855,0.3372230529785156,0.03926099999807775
YOLOv8l,train_S2A_MSIL2A_20200818T142741_N0214_R053_T20LMP_20200818T165705_01_16.png,0.3082978270970994,0.4712960928493816,0.31196480728081255,0.9632732910084157,0.3299293518066406,0.038168400002177805
YOLOv8l,train_S2A_MSIL2A_20200818T142741_N0214_R053_T20LMP_20200818T165705_01_17.png,0.0,0.0,0.0,0.0,0.8341331481933594,0.036344400024972856
YOLOv8l,train_S2A_MSIL2A_20200818T142741_N0214_R053_T20LMP_20200818T165705_01_19.png,0.0,0.0,0.0,0.0,0.6805534362792969,0.03634859999874607
YOLOv8l,train_S2A_MSIL2A_20200818T142741_N0214_R053_T20LMP_20200818T165705_01_21.png,0.3459872956851809,0.5141018742068505,0.3552051853030062,0.9302279567205057,0.3558769226074219,0.03761989998747595
YOLOv8l,train_S2A_MSIL2A_20200818T142741_N0214_R053_T20LMP_20200818T165705_02_01.png,0.1774992881713314,0.30148517278000164,0.17777632192501416,0.9912970603403817,0.18455886840820312,0.04262579997885041
YOLOv8l,train_S2A_MSIL2A_20200818T142741_N0214_R053_T20LMP_20200818T165705_02_02.png,0.0,0.0,0.0,0.0,0.8314247131347656,0.03901340000447817
YOLOv8l,train_S2A_MSIL2A_20200818T142741_N0214_R053_T20LMP_20200818T165705_02_05.png,0.0,0.0,0.0,0.0,0.644073486328125,0.03841680000186898
YOLOv8l,train_S2A_MSIL2A_20200818T142741_N0214_R053_T20LMP_20200818T165705_02_06.png,0.007011113738472452,0.013924600518943796,1.0,0.007011113738472452,0.6796150207519531,0.03860609998810105
YOLOv8l,train_S2A_MSIL2A_20200818T142741_N0214_R053_T20LMP_20200818T165705_02_08.png,0.0,0.0,0.0,0.0,0.711700439453125,0.03725449999910779
YOLOv8l,train_S2A_MSIL2A_20200818T142741_N0214_R053_T20LMP_20200818T165705_02_11.png,0.2085915703754303,0.34518124317321613,0.20903276916982974,0.9899826973863947,0.21331024169921875,0.03740609998931177
YOLOv8l,train_S2A_MSIL2A_20200818T142741_N0214_R053_T20LMP_20200818T165705_02_13.png,0.12159467152012701,0.21682462409584477,0.12163942046951266,0.9969836481981267,0.13469314575195312,0.038690000015776604
YOLOv8l,train_S2A_MSIL2A_20200818T142741_N0214_R053_T20LMP_20200818T165705_02_14.png,0.19384330873995878,0.3247382756528586,0.19386571621231094,0.9994040879566176,0.20180511474609375,0.03936580001027323
YOLOv8l,train_S2A_MSIL2A_20200818T142741_N0214_R053_T20LMP_20200818T165705_02_15.png,0.24362559695859132,0.39179894263096815,0.24845533125117172,0.9261054447054625,0.2623023986816406,0.04093509999802336
YOLOv8l,train_S2A_MSIL2A_20200818T142741_N0214_R053_T20LMP_20200818T165705_02_16.png,0.26186532618305786,0.4150448082683417,0.26254853156922936,0.9901605839416059,0.2706871032714844,0.038476499990792945
YOLOv8l,train_S2A_MSIL2A_20200818T142741_N0214_R053_T20LMP_20200818T165705_02_17.png,0.20791510399598662,0.34425449819804127,0.21127866534011955,0.9288761161117739,0.25315093994140625,0.03857639999478124
YOLOv8l,train_S2A_MSIL2A_20200818T142741_N0214_R053_T20LMP_20200818T165705_02_19.png,0.0,0.0,0.0,0.0,0.4917755126953125,0.038651500013656914
YOLOv8l,train_S2A_MSIL2A_20200818T142741_N0214_R053_T20LMP_20200818T165705_02_20.png,0.18448806267386805,0.3115068331839562,0.18500559492726595,0.9850635111092723,0.19707489013671875,0.03875539998989552
YOLOv8l,train_S2A_MSIL2A_20200818T142741_N0214_R053_T20LMP_20200818T165705_02_21.png,0.0,0.0,0.0,0.0,0.7496109008789062,0.03765620000194758
YOLOv8l,train_S2A_MSIL2A_20200818T142741_N0214_R053_T20LMP_20200818T165705_03_01.png,0.2512218211484734,0.40156240388755615,0.25290945437076756,0.974125581950579,0.25775146484375,0.039169700001366436
YOLOv8l,train_S2A_MSIL2A_20200818T142741_N0214_R053_T20LMP_20200818T165705_03_02.png,0.2602558396513091,0.41302064463881777,0.2607921690452756,0.9921599602147235,0.2645225524902344,0.04065619999892078
YOLOv8l,train_S2A_MSIL2A_20200818T142741_N0214_R053_T20LMP_20200818T165705_03_03.png,0.1577900560971583,0.2725711026212459,0.1580327717552232,0.990360284371611,0.16326141357421875,0.04014879997703247
YOLOv8l,train_S2A_MSIL2A_20200818T142741_N0214_R053_T20LMP_20200818T165705_03_04.png,0.23962862126994275,0.3866135666090933,0.24070943658975302,0.9816068020128406,0.24677276611328125,0.03922889998648316
YOLOv8l,train_S2A_MSIL2A_20200818T142741_N0214_R053_T20LMP_20200818T165705_03_06.png,0.16345976516874655,0.28098911550248334,0.16360434083724937,0.994622901762753,0.16943359375,0.040925699984654784
YOLOv8l,train_S2A_MSIL2A_20200818T142741_N0214_R053_T20LMP_20200818T165705_03_10.png,0.0,0.0,0.0,0.0,0.4813041687011719,0.03892789999372326
YOLOv8l,train_S2A_MSIL2A_20200818T142741_N0214_R053_T20LMP_20200818T165705_03_11.png,0.0,0.0,0.0,0.0,0.6892509460449219,0.036337199999252334
YOLOv8l,train_S2A_MSIL2A_20200818T142741_N0214_R053_T20LMP_20200818T165705_03_14.png,0.35376895594706903,0.5226430320963883,0.3559439049036926,0.9830210585741523,0.3569145202636719,0.040426300023682415
YOLOv8l,train_S2A_MSIL2A_20200818T142741_N0214_R053_T20LMP_20200818T165705_03_17.png,0.0,0.0,0.0,0.0,0.7827033996582031,0.03647960000671446
YOLOv8l,train_S2A_MSIL2A_20200818T142741_N0214_R053_T20LMP_20200818T165705_03_20.png,0.1430501617803343,0.25029551031693914,0.14347357493244153,0.9797867734603312,0.17254638671875,0.03826510001090355
YOLOv8l,train_S2A_MSIL2A_20200818T142741_N0214_R053_T20LMP_20200818T165705_04_01.png,0.12601970140064644,0.22383214297918874,0.12646105964714469,0.9730516683007993,0.13356781005859375,0.04001500000595115
YOLOv8l,train_S2A_MSIL2A_20200818T142741_N0214_R053_T20LMP_20200818T165705_04_02.png,0.15346873222985538,0.26609951001129206,0.1538707490330832,0.9832607143736307,0.15952682495117188,0.0416403999843169
YOLOv8l,train_S2A_MSIL2A_20200818T142741_N0214_R053_T20LMP_20200818T165705_04_04.png,0.17930423792285607,0.3040847851758254,0.17988525539675335,0.9823050456264826,0.19743728637695312,0.041630699997767806
YOLOv8l,train_S2A_MSIL2A_20200818T142741_N0214_R053_T20LMP_20200818T165705_04_05.png,0.21804983974297165,0.3580310634727126,0.21877551652212948,0.9850158553158866,0.22661972045898438,0.0409143999859225
YOLOv8l,train_S2A_MSIL2A_20200818T142741_N0214_R053_T20LMP_20200818T165705_04_07.png,0.12922230039507357,0.228869550928747,0.12988052452646917,0.9622614352744754,0.14070892333984375,0.04244369998923503
YOLOv8l,train_S2A_MSIL2A_20200818T142741_N0214_R053_T20LMP_20200818T165705_04_08.png,0.24178246618346336,0.38941195059158124,0.24306543935643565,0.9786356062847444,0.24818038940429688,0.04458979997434653
YOLOv8l,train_S2A_MSIL2A_20200818T142741_N0214_R053_T20LMP_20200818T165705_04_11.png,0.0,0.0,0.0,0.0,0.7287063598632812,0.03777229998377152
YOLOv8l,train_S2A_MSIL2A_20200818T142741_N0214_R053_T20LMP_20200818T165705_04_12.png,0.0,0.0,0.0,0.0,0.652679443359375,0.0409118999959901
YOLOv8l,train_S2A_MSIL2A_20200818T142741_N0214_R053_T20LMP_20200818T165705_04_13.png,0.24308318682335522,0.3910972160190561,0.24402402774337378,0.9843867099675243,0.2510986328125,0.04998050001449883
YOLOv8l,train_S2A_MSIL2A_20200818T142741_N0214_R053_T20LMP_20200818T165705_04_14.png,0.39052444622138843,0.5616937512786628,0.3933446140859686,0.9819717928641166,0.39522552490234375,0.04404349997639656
YOLOv8l,train_S2A_MSIL2A_20200818T142741_N0214_R053_T20LMP_20200818T165705_04_15.png,0.22687059529164794,0.3698362258616475,0.2273443550158159,0.990898251859813,0.2329254150390625,0.03981909999856725
YOLOv8l,train_S2A_MSIL2A_20200818T142741_N0214_R053_T20LMP_20200818T165705_04_16.png,0.21517215749376326,0.3541426721585622,0.2179170453771957,0.9446980611341584,0.24273681640625,0.040781699994113296
YOLOv8l,train_S2A_MSIL2A_20200818T142741_N0214_R053_T20LMP_20200818T165705_04_18.png,0.0,0.0,0.0,0.0,0.7550926208496094,0.03610950001166202
YOLOv8l,train_S2A_MSIL2A_20200818T142741_N0214_R053_T20LMP_20200818T165705_04_20.png,0.0,0.0,0.0,0.0,0.8586807250976562,0.03854959999443963
YOLOv8l,train_S2A_MSIL2A_20200818T142741_N0214_R053_T20LMP_20200818T165705_04_21.png,0.0,0.0,0.0,0.0,0.8154373168945312,0.04008589999284595
YOLOv8l,train_S2A_MSIL2A_20200818T142741_N0214_R053_T20LMP_20200818T165705_05_01.png,0.1434486746987952,0.25090531455044474,0.14368799311045288,0.9885225431068838,0.152496337890625,0.04411759998765774
YOLOv8l,train_S2A_MSIL2A_20200818T142741_N0214_R053_T20LMP_20200818T165705_05_02.png,0.09854157234675676,0.17940435724475598,0.09870236581811417,0.9837370108548692,0.11131668090820312,0.03907430000253953
YOLOv8l,train_S2A_MSIL2A_20200818T142741_N0214_R053_T20LMP_20200818T165705_05_03.png,0.15228299528982026,0.264315269620929,0.15255751963544897,0.9883213136026752,0.15897369384765625,0.041842800012091175
YOLOv8l,train_S2A_MSIL2A_20200818T142741_N0214_R053_T20LMP_20200818T165705_05_04.png,0.12632899892987198,0.2243198906356801,0.12680491640488858,0.9711478708608292,0.1342010498046875,0.04149430000688881
YOLOv8l,train_S2A_MSIL2A_20200818T142741_N0214_R053_T20LMP_20200818T165705_05_05.png,0.0,0.0,0.0,0.0,0.8248634338378906,0.038023000000976026
YOLOv8l,train_S2A_MSIL2A_20200818T142741_N0214_R053_T20LMP_20200818T165705_05_12.png,0.0,0.0,0.0,0.0,0.7802963256835938,0.0424912000016775
YOLOv8l,train_S2A_MSIL2A_20200818T142741_N0214_R053_T20LMP_20200818T165705_05_13.png,0.16006183735391502,0.2759539745208994,0.16050563400920878,0.9830188233626981,0.16681289672851562,0.04239799999049865
YOLOv8l,train_S2A_MSIL2A_20200818T142741_N0214_R053_T20LMP_20200818T165705_05_14.png,0.0,0.0,0.0,0.0,0.6356010437011719,0.04385700001148507
YOLOv8l,train_S2A_MSIL2A_20200818T142741_N0214_R053_T20LMP_20200818T165705_05_15.png,0.25802639278125095,0.410208234520112,0.2601272946016222,0.9696491862567812,0.2647514343261719,0.04236550000496209
YOLOv8l,train_S2A_MSIL2A_20200818T142741_N0214_R053_T20LMP_20200818T165705_05_17.png,0.1939230730539015,0.3248501975221422,0.1951682995591969,0.9681469605362283,0.20527267456054688,0.04361240001162514
YOLOv8l,train_S2A_MSIL2A_20200818T142741_N0214_R053_T20LMP_20200818T165705_05_20.png,0.0,0.0,0.0,0.0,0.7720451354980469,0.04315029998542741
YOLOv8l,train_S2A_MSIL2A_20200818T142741_N0214_R053_T20LMP_20200818T165705_06_03.png,0.148737957461332,0.2589588974495756,0.14894245034604361,0.9908536585365854,0.16272735595703125,0.041255999996792525
YOLOv8l,train_S2A_MSIL2A_20200818T142741_N0214_R053_T20LMP_20200818T165705_06_05.png,0.0,0.0,0.0,0.0,0.8445854187011719,0.03996319998987019
YOLOv8l,train_S2A_MSIL2A_20200818T142741_N0214_R053_T20LMP_20200818T165705_06_06.png,0.0,0.0,0.0,0.0,0.9078216552734375,0.04266879998613149
YOLOv8l,train_S2A_MSIL2A_20200818T142741_N0214_R053_T20LMP_20200818T165705_06_07.png,0.0,0.0,0.0,0.0,0.7094268798828125,0.04135459999088198
YOLOv8l,train_S2A_MSIL2A_20200818T142741_N0214_R053_T20LMP_20200818T165705_06_10.png,0.0,0.0,0.0,0.0,0.6767158508300781,0.03980609998689033
YOLOv8l,train_S2A_MSIL2A_20200818T142741_N0214_R053_T20LMP_20200818T165705_06_13.png,0.1972131747836645,0.3294537329482709,0.19771998299648336,0.9871693453471995,0.20550918579101562,0.04344770000898279
YOLOv8l,train_S2A_MSIL2A_20200818T142741_N0214_R053_T20LMP_20200818T165705_06_15.png,0.3446622641726884,0.5126376687379472,0.3462210816755745,0.9871052921113433,0.3492546081542969,0.04271770000923425
YOLOv8l,train_S2A_MSIL2A_20200818T142741_N0214_R053_T20LMP_20200818T165705_06_16.png,0.4343062998643728,0.6055977023951447,0.43839856269197125,0.978959170980825,0.44470977783203125,0.042137399985222146
YOLOv8l,train_S2A_MSIL2A_20200818T142741_N0214_R053_T20LMP_20200818T165705_06_17.png,0.2743553093683556,0.4305789874322288,0.27680262054088606,0.9687801468018176,0.3008766174316406,0.04732740001054481
YOLOv8l,train_S2A_MSIL2A_20200818T142741_N0214_R053_T20LMP_20200818T165705_06_18.png,0.4249862773924359,0.5964777122908339,0.451734647664356,0.8777102177687228,0.42855072021484375,0.04734000001917593
YOLOv8l,train_S2A_MSIL2A_20200818T142741_N0214_R053_T20LMP_20200818T165705_06_21.png,0.0,0.0,0.0,0.0,0.8316802978515625,0.0380476999853272
YOLOv8l,train_S2A_MSIL2A_20200818T142741_N0214_R053_T20LMP_20200818T165705_07_01.png,0.08045331013403753,0.14892510278682333,0.08058576986400669,0.9799784310967319,0.08875274658203125,0.043863700004294515
YOLOv8l,train_S2A_MSIL2A_20200818T142741_N0214_R053_T20LMP_20200818T165705_07_02.png,0.1355569801499407,0.23874976336641696,0.13563195433996905,0.9959387427024283,0.14096832275390625,0.04414039998664521
YOLOv8l,train_S2A_MSIL2A_20200818T142741_N0214_R053_T20LMP_20200818T165705_07_03.png,0.10058875740791702,0.18279081397273492,0.1007433861920382,0.9849703962350084,0.11480331420898438,0.04208230000222102
YOLOv8l,train_S2A_MSIL2A_20200818T142741_N0214_R053_T20LMP_20200818T165705_07_04.png,0.0,0.0,0.0,0.0,0.7773666381835938,0.04186830000253394
YOLOv8l,train_S2A_MSIL2A_20200818T142741_N0214_R053_T20LMP_20200818T165705_07_05.png,0.0,0.0,0.0,0.0,0.8239364624023438,0.039730200020130724
YOLOv8l,train_S2A_MSIL2A_20200818T142741_N0214_R053_T20LMP_20200818T165705_07_07.png,0.35165448034739666,0.5203319124233818,0.35361165258826077,0.9845045549501432,0.3569793701171875,0.049268400005530566
YOLOv8l,train_S2A_MSIL2A_20200818T142741_N0214_R053_T20LMP_20200818T165705_07_09.png,0.1987755463287554,0.3316309661762865,0.19938858695652173,0.9847678962920599,0.20572280883789062,0.04662459998507984
YOLOv8l,train_S2A_MSIL2A_20200818T142741_N0214_R053_T20LMP_20200818T165705_07_10.png,0.0,0.0,0.0,0.0,0.8080101013183594,0.03825670000514947
YOLOv8l,train_S2A_MSIL2A_20200818T142741_N0214_R053_T20LMP_20200818T165705_07_12.png,0.0,0.0,0.0,0.0,0.798919677734375,0.0378657000255771
YOLOv8l,train_S2A_MSIL2A_20200818T142741_N0214_R053_T20LMP_20200818T165705_07_13.png,0.0,0.0,0.0,0.0,0.7176170349121094,0.038389199995435774
YOLOv8l,train_S2A_MSIL2A_20200818T142741_N0214_R053_T20LMP_20200818T165705_07_16.png,0.3506238804126259,0.5192028446964932,0.3552138049179238,0.9644567629849098,0.3583526611328125,0.04133060001186095
YOLOv8l,train_S2A_MSIL2A_20200818T142741_N0214_R053_T20LMP_20200818T165705_07_18.png,0.0,0.0,0.0,0.0,0.674102783203125,0.03986129999975674
YOLOv8l,train_S2A_MSIL2A_20200818T142741_N0214_R053_T20LMP_20200818T165705_07_19.png,0.0,0.0,0.0,0.0,0.6530532836914062,0.038011199998436496
YOLOv8l,train_S2A_MSIL2A_20200818T142741_N0214_R053_T20LMP_20200818T165705_07_20.png,0.2735398461136793,0.42957406782113744,0.27457827006902613,0.9863628182585942,0.278228759765625,0.04495609999867156
YOLOv8l,train_S2A_MSIL2A_20200818T142741_N0214_R053_T20LMP_20200818T165705_08_02.png,0.0,0.0,0.0,0.0,0.8841705322265625,0.0402823000040371
YOLOv8l,train_S2A_MSIL2A_20200818T142741_N0214_R053_T20LMP_20200818T165705_08_03.png,0.1969622447067641,0.3291035211474303,0.19769847426945952,0.9814436599171383,0.21524429321289062,0.04312219997518696
YOLOv8l,train_S2A_MSIL2A_20200818T142741_N0214_R053_T20LMP_20200818T165705_08_04.png,0.0,0.0,0.0,0.0,0.8061599731445312,0.039555099996505305
YOLOv8l,train_S2A_MSIL2A_20200818T142741_N0214_R053_T20LMP_20200818T165705_08_07.png,0.7550405589625172,0.860425196565093,0.8290674382372579,0.8942482854063011,0.7648849487304688,0.04700669998419471
YOLOv8l,train_S2A_MSIL2A_20200818T142741_N0214_R053_T20LMP_20200818T165705_08_08.png,0.1643548981928997,0.282310657082272,0.16459067123852178,0.9913595279351848,0.17885589599609375,0.04409720000694506
YOLOv8l,train_S2A_MSIL2A_20200818T142741_N0214_R053_T20LMP_20200818T165705_08_10.png,0.0,0.0,0.0,0.0,0.7605514526367188,0.04182010001386516
YOLOv8l,train_S2A_MSIL2A_20200818T142741_N0214_R053_T20LMP_20200818T165705_08_11.png,0.37776662657340515,0.5483753478815715,0.39458648421558035,0.8986031508833955,0.3803443908691406,0.04027539998060092
YOLOv8l,train_S2A_MSIL2A_20200818T142741_N0214_R053_T20LMP_20200818T165705_08_12.png,0.35555127587867114,0.52458550584625,0.3583685322069694,0.9783680088181366,0.3617439270019531,0.03827320001437329
YOLOv8l,train_S2A_MSIL2A_20200818T142741_N0214_R053_T20LMP_20200818T165705_08_13.png,0.31140489497012913,0.47491800002351253,0.3143062768668184,0.9712101359554749,0.3184814453125,0.04627500000060536
YOLOv8l,train_S2A_MSIL2A_20200818T142741_N0214_R053_T20LMP_20200818T165705_08_18.png,0.2578598411841801,0.40999773224562847,0.25880259212689816,0.9860699597576615,0.26557159423828125,0.04808939999202266
YOLOv8l,train_S2A_MSIL2A_20200818T142741_N0214_R053_T20LMP_20200818T165705_08_19.png,0.21392525358313455,0.35245210189291787,0.214920638632015,0.9788091223711066,0.22693634033203125,0.04610730000422336
YOLOv8l,train_S2A_MSIL2A_20200818T142741_N0214_R053_T20LMP_20200818T165705_08_20.png,0.3201093757241507,0.48497402050273836,0.3213903494486064,0.9877019877019877,0.328460693359375,0.040162399993278086
YOLOv8l,train_S2A_MSIL2A_20200818T142741_N0214_R053_T20LMP_20200818T165705_09_03.png,0.0,0.0,0.0,0.0,0.8333206176757812,0.0407100000011269
YOLOv8l,train_S2A_MSIL2A_20200818T142741_N0214_R053_T20LMP_20200818T165705_09_05.png,0.0,0.0,0.0,0.0,0.8424110412597656,0.039215700002387166
YOLOv8l,train_S2A_MSIL2A_20200818T142741_N0214_R053_T20LMP_20200818T165705_09_06.png,0.0,0.0,0.0,0.0,0.7518196105957031,0.04150429999572225
YOLOv8l,train_S2A_MSIL2A_20200818T142741_N0214_R053_T20LMP_20200818T165705_09_07.png,0.0,0.0,0.0,0.0,0.8541336059570312,0.038009900017641485
YOLOv8l,train_S2A_MSIL2A_20200818T142741_N0214_R053_T20LMP_20200818T165705_09_11.png,0.2272784754342736,0.37037800301003554,0.2276544783166105,0.9927854034147975,0.2307891845703125,0.04081929998937994
YOLOv8l,train_S2A_MSIL2A_20200818T142741_N0214_R053_T20LMP_20200818T165705_09_12.png,0.0,0.0,0.0,0.0,0.7785873413085938,0.03851879999274388
YOLOv8l,train_S2A_MSIL2A_20200818T142741_N0214_R053_T20LMP_20200818T165705_09_14.png,0.21646671625282776,0.3558941865990813,0.21847651053700204,0.959235603524831,0.22442626953125,0.03821619998780079
YOLOv8l,train_S2A_MSIL2A_20200818T142741_N0214_R053_T20LMP_20200818T165705_09_15.png,0.0,0.0,0.0,0.0,0.587371826171875,0.04190270000253804
YOLOv8l,train_S2A_MSIL2A_20200818T142741_N0214_R053_T20LMP_20200818T165705_09_21.png,0.0,0.0,0.0,0.0,0.619720458984375,0.03926220000721514
YOLOv8l,train_S2A_MSIL2A_20200818T142741_N0214_R053_T20LMP_20200818T165705_10_02.png,0.18608007863138057,0.3137732130972112,0.18671952659045726,0.981928448909581,0.19763946533203125,0.04077629998209886
YOLOv8l,train_S2A_MSIL2A_20200818T142741_N0214_R053_T20LMP_20200818T165705_10_03.png,0.3688050617529672,0.5388715633191115,0.39067979049225443,0.8681922986819229,0.5402946472167969,0.03845540000475012
YOLOv8l,train_S2A_MSIL2A_20200818T142741_N0214_R053_T20LMP_20200818T165705_10_06.png,0.0,0.0,0.0,0.0,0.8124198913574219,0.038445199985289946
YOLOv8l,train_S2A_MSIL2A_20200818T142741_N0214_R053_T20LMP_20200818T165705_10_07.png,0.0,0.0,0.0,0.0,0.8468513488769531,0.03904460000921972
YOLOv8l,train_S2A_MSIL2A_20200818T142741_N0214_R053_T20LMP_20200818T165705_10_09.png,0.14936484218047164,0.25990849328070637,0.14949864665354332,0.9940435104941585,0.15525436401367188,0.037654300016583875
YOLOv8l,train_S2A_MSIL2A_20200818T142741_N0214_R053_T20LMP_20200818T165705_10_10.png,0.14857505724786885,0.2587119689049725,0.1487284593187886,0.9931057546368945,0.15607452392578125,0.03933060000417754
YOLOv8l,train_S2A_MSIL2A_20200818T142741_N0214_R053_T20LMP_20200818T165705_10_11.png,0.2382518869229705,0.3848197437680008,0.23839114050603707,0.9975542253974383,0.243865966796875,0.03749240000615828
YOLOv8l,train_S2A_MSIL2A_20200818T142741_N0214_R053_T20LMP_20200818T165705_10_12.png,0.0,0.0,0.0,0.0,0.760650634765625,0.037470599985681474
YOLOv8l,train_S2A_MSIL2A_20200818T142741_N0214_R053_T20LMP_20200818T165705_10_16.png,0.3958187883019161,0.5671492483396782,0.3992332218375291,0.9788499352549038,0.40578460693359375,0.03719820000696927
YOLOv8l,train_S2A_MSIL2A_20200818T142741_N0214_R053_T20LMP_20200818T165705_10_17.png,0.0,0.0,0.0,0.0,0.466705322265625,0.03635960002429783
YOLOv8l,train_S2A_MSIL2A_20200818T142741_N0214_R053_T20LMP_20200818T165705_10_18.png,0.3528431334547851,0.5216319981662942,0.3564799223051559,0.971898955819863,0.36309814453125,0.0405142999952659
YOLOv8l,train_S2A_MSIL2A_20200818T142741_N0214_R053_T20LMP_20200818T165705_10_19.png,0.3899356032853893,0.5610844162329519,0.39352134709904385,0.9771657728173165,0.396484375,0.04202839999925345
YOLOv8l,train_S2A_MSIL2A_20200818T142741_N0214_R053_T20LMP_20200818T165705_10_20.png,0.0,0.0,0.0,0.0,0.484527587890625,0.03777299998910166
YOLOv8l,train_S2A_MSIL2A_20200818T142741_N0214_R053_T20LMP_20200818T165705_10_21.png,0.0,0.0,0.0,0.0,0.49561309814453125,0.0371166999975685
YOLOv8l,train_S2A_MSIL2A_20200818T142741_N0214_R053_T20LMP_20200818T165705_11_02.png,0.1918946842966764,0.32199939612938416,0.192713494607986,0.9783380681818182,0.20336532592773438,0.03949339999235235
YOLOv8l,train_S2A_MSIL2A_20200818T142741_N0214_R053_T20LMP_20200818T165705_11_04.png,0.12026088769780895,0.21470157356819083,0.12078092822487754,0.9654349308698618,0.13093948364257812,0.03984209999907762
YOLOv8l,train_S2A_MSIL2A_20200818T142741_N0214_R053_T20LMP_20200818T165705_11_06.png,0.3330121019285831,0.4996385275824366,0.33919032379747144,0.9481400015873196,0.3610687255859375,0.04171119999955408
YOLOv8l,train_S2A_MSIL2A_20200818T142741_N0214_R053_T20LMP_20200818T165705_11_10.png,0.21919996927390395,0.3595800111518191,0.2219215155615697,0.9470173400813076,0.22449874877929688,0.04071470000781119
YOLOv8l,train_S2A_MSIL2A_20200818T142741_N0214_R053_T20LMP_20200818T165705_11_13.png,0.3059911189912694,0.46859601806115336,0.30646049935192854,0.9950194973167059,0.33106231689453125,0.039959799993084744
YOLOv8l,train_S2A_MSIL2A_20200818T142741_N0214_R053_T20LMP_20200818T165705_11_14.png,0.3234459842774941,0.4887936313533374,0.32571994870001164,0.9788717589348284,0.3312530517578125,0.0381696000113152
YOLOv8l,train_S2A_MSIL2A_20200818T142741_N0214_R053_T20LMP_20200818T165705_11_16.png,0.0,0.0,0.0,0.0,0.5509796142578125,0.03786989999935031
YOLOv8l,train_S2A_MSIL2A_20200818T142741_N0214_R053_T20LMP_20200818T165705_11_21.png,0.0,0.0,0.0,0.0,0.7620735168457031,0.03796200000215322
YOLOv8l,train_S2A_MSIL2A_20200818T142741_N0214_R053_T20LMP_20200818T165705_12_02.png,0.2683075788479045,0.4230954436015082,0.26917607888926137,0.9881174673230352,0.2733345031738281,0.04309400002239272
YOLOv8l,train_S2A_MSIL2A_20200818T142741_N0214_R053_T20LMP_20200818T165705_12_03.png,0.21865862220610588,0.3588513111412183,0.21899908431630882,0.9929403521065079,0.22735595703125,0.04087430000072345
YOLOv8l,train_S2A_MSIL2A_20200818T142741_N0214_R053_T20LMP_20200818T165705_12_06.png,0.0,0.0,0.0,0.0,0.7644615173339844,0.03883540001697838
YOLOv8l,train_S2A_MSIL2A_20200818T142741_N0214_R053_T20LMP_20200818T165705_12_07.png,0.0,0.0,0.0,0.0,0.8193855285644531,0.03917239999282174
YOLOv8l,train_S2A_MSIL2A_20200818T142741_N0214_R053_T20LMP_20200818T165705_12_08.png,0.0,0.0,0.0,0.0,0.6833419799804688,0.03673829999752343
YOLOv8l,train_S2A_MSIL2A_20200818T142741_N0214_R053_T20LMP_20200818T165705_12_09.png,0.0,0.0,0.0,0.0,0.5994529724121094,0.036390299996128306
YOLOv8l,train_S2A_MSIL2A_20200818T142741_N0214_R053_T20LMP_20200818T165705_12_11.png,0.0,0.0,0.0,0.0,0.7858314514160156,0.037355000007664785
YOLOv8l,train_S2A_MSIL2A_20200818T142741_N0214_R053_T20LMP_20200818T165705_12_17.png,0.0,0.0,0.0,0.0,0.7084426879882812,0.036565299989888445
YOLOv8l,train_S2A_MSIL2A_20200818T142741_N0214_R053_T20LMP_20200818T165705_12_20.png,0.0,0.0,0.0,0.0,0.5990829467773438,0.03740349999861792
YOLOv8l,train_S2A_MSIL2A_20200818T142741_N0214_R053_T20LMP_20200818T165705_12_21.png,0.3354028426903622,0.5023245899561583,0.3366681081748961,0.9889191334921175,0.3409271240234375,0.04529409998212941
YOLOv8l,train_S2A_MSIL2A_20200818T142741_N0214_R053_T20LMP_20200818T165705_13_01.png,0.22033165441563146,0.36110126885324395,0.34713178389723887,0.37624223395905115,0.23648452758789062,0.03865790000418201
YOLOv8l,train_S2A_MSIL2A_20200818T142741_N0214_R053_T20LMP_20200818T165705_13_02.png,0.3665878551444221,0.5365009703026825,0.40199378616276105,0.8062835846767205,0.3868217468261719,0.03889820000040345
YOLOv8l,train_S2A_MSIL2A_20200818T142741_N0214_R053_T20LMP_20200818T165705_13_03.png,0.23057031813848652,0.37473733071552684,0.23103577630047298,0.9913379685710967,0.239501953125,0.03818259999388829
YOLOv8l,train_S2A_MSIL2A_20200818T142741_N0214_R053_T20LMP_20200818T165705_13_05.png,0.10122802737211437,0.1838457156120102,0.10131316811497586,0.9917665806647443,0.11468505859375,0.03765800001565367
YOLOv8l,train_S2A_MSIL2A_20200818T142741_N0214_R053_T20LMP_20200818T165705_13_07.png,0.28766985638536335,0.44680685031004075,0.2881107945748436,0.9947080048109047,0.29689788818359375,0.03859479998936877
YOLOv8l,train_S2A_MSIL2A_20200818T142741_N0214_R053_T20LMP_20200818T165705_13_08.png,0.0,0.0,0.0,0.0,0.6834144592285156,0.03843390001566149
YOLOv8l,train_S2A_MSIL2A_20200818T142741_N0214_R053_T20LMP_20200818T165705_13_09.png,0.0,0.0,0.0,0.0,0.6201515197753906,0.03882879999582656
YOLOv8l,train_S2A_MSIL2A_20200818T142741_N0214_R053_T20LMP_20200818T165705_13_10.png,0.0,0.0,0.0,0.0,0.4995613098144531,0.03727289999369532
YOLOv8l,train_S2A_MSIL2A_20200818T142741_N0214_R053_T20LMP_20200818T165705_13_11.png,0.869388598182319,0.9301314868697286,0.8903225806451613,0.9736669622546941,0.8697433471679688,0.03805519998422824
YOLOv8l,train_S2A_MSIL2A_20200818T142741_N0214_R053_T20LMP_20200818T165705_13_17.png,0.0,0.0,0.0,0.0,0.8313331604003906,0.03805479998118244
YOLOv8l,train_S2A_MSIL2A_20200818T142741_N0214_R053_T20LMP_20200818T165705_13_19.png,0.22301547158009352,0.36469771112865035,0.22388424178056174,0.9828976924647743,0.23236083984375,0.038104500010376796
YOLOv8l,train_S2A_MSIL2A_20200818T142741_N0214_R053_T20LMP_20200818T165705_13_20.png,0.16602062458860528,0.2847644734366179,0.16615301641112568,0.9952234810900616,0.17351913452148438,0.03731099999276921
YOLOv8l,train_S2A_MSIL2A_20200818T142741_N0214_R053_T20LMP_20200818T165705_13_21.png,0.139956607373669,0.24554725411191425,0.14015501725838264,0.9899863945578231,0.14714813232421875,0.037430600001243874
YOLOv8l,train_S2A_MSIL2A_20200818T142741_N0214_R053_T20LMP_20200818T165705_14_01.png,0.3937214441367847,0.5649930203673376,0.7996033289258769,0.4368249301029123,0.39611053466796875,0.03973630000837147
YOLOv8l,train_S2A_MSIL2A_20200818T142741_N0214_R053_T20LMP_20200818T165705_14_04.png,0.0,0.0,0.0,0.0,0.7368316650390625,0.038854299986269325
YOLOv8l,train_S2A_MSIL2A_20200818T142741_N0214_R053_T20LMP_20200818T165705_14_07.png,0.0,0.0,0.0,0.0,0.7128982543945312,0.03676640000776388
YOLOv8l,train_S2A_MSIL2A_20200818T142741_N0214_R053_T20LMP_20200818T165705_14_08.png,0.0,0.0,0.0,0.0,0.387237548828125,0.03666640000301413
YOLOv8l,train_S2A_MSIL2A_20200818T142741_N0214_R053_T20LMP_20200818T165705_14_09.png,0.7435247615006209,0.8528984249821405,0.8456358143858144,0.860286863819244,0.7509956359863281,0.037621700001182035
YOLOv8l,train_S2A_MSIL2A_20200818T142741_N0214_R053_T20LMP_20200818T165705_14_16.png,0.3967054241099892,0.5680588293881346,0.9818760879129287,0.3996317547315235,0.40442657470703125,0.038215900014620274
YOLOv8l,train_S2A_MSIL2A_20200818T142741_N0214_R053_T20LMP_20200818T165705_14_17.png,0.0,0.0,0.0,0.0,0.8065948486328125,0.03838720000931062
YOLOv8l,train_S2A_MSIL2A_20200818T142741_N0214_R053_T20LMP_20200818T165705_14_19.png,0.13065041529008553,0.23110665069108063,0.13094911123575947,0.9828407177283549,0.14075851440429688,0.03719470000942238
YOLOv8l,train_S2A_MSIL2A_20200818T142741_N0214_R053_T20LMP_20200818T165705_15_01.png,0.0,0.0,0.0,0.0,0.022357940673828125,0.03808460000436753
YOLOv8l,train_S2A_MSIL2A_20200818T142741_N0214_R053_T20LMP_20200818T165705_15_02.png,0.0,0.0,0.0,0.0,0.00688934326171875,0.03826420000405051
YOLOv8l,train_S2A_MSIL2A_20200818T142741_N0214_R053_T20LMP_20200818T165705_15_03.png,0.0,0.0,0.0,0.0,0.009746551513671875,0.03793759999098256
YOLOv8l,train_S2A_MSIL2A_20200818T142741_N0214_R053_T20LMP_20200818T165705_15_05.png,0.050099140779907465,0.09541792547834844,1.0,0.050099140779907465,0.7258758544921875,0.04038130000117235
YOLOv8l,train_S2A_MSIL2A_20200818T142741_N0214_R053_T20LMP_20200818T165705_15_06.png,0.25791848218317387,0.4100718541563119,0.26373032253481665,0.9212837232385338,0.266510009765625,0.03844450000906363
YOLOv8l,train_S2A_MSIL2A_20200818T142741_N0214_R053_T20LMP_20200818T165705_15_07.png,0.31228304610942154,0.47593855157278714,0.31369962352650743,0.9857458001018157,0.31679534912109375,0.03898290000506677
YOLOv8l,train_S2A_MSIL2A_20200818T142741_N0214_R053_T20LMP_20200818T165705_15_08.png,0.0,0.0,0.0,0.0,0.2578239440917969,0.036538800020935014
YOLOv8l,train_S2A_MSIL2A_20200818T142741_N0214_R053_T20LMP_20200818T165705_15_09.png,0.0,0.0,0.0,0.0,0.22333908081054688,0.036843699985183775
YOLOv8l,train_S2A_MSIL2A_20200818T142741_N0214_R053_T20LMP_20200818T165705_15_10.png,0.0,0.0,0.0,0.0,0.22837448120117188,0.03631389999645762
YOLOv8l,train_S2A_MSIL2A_20200818T142741_N0214_R053_T20LMP_20200818T165705_15_12.png,0.8552509489666807,0.9219787214694917,0.9934706312020096,0.8600854463569622,0.855987548828125,0.04094119998626411
YOLOv8l,train_S2A_MSIL2A_20200818T142741_N0214_R053_T20LMP_20200818T165705_15_13.png,0.8739495477471355,0.9327354077358152,0.996864343667934,0.8763586800464028,0.8740615844726562,0.041490200004773214
YOLOv8l,train_S2A_MSIL2A_20200818T142741_N0214_R053_T20LMP_20200818T165705_15_14.png,0.8146827898446902,0.8978790060762244,0.9971847189161636,0.8165609095748144,0.814971923828125,0.03872019998379983
YOLOv8l,train_S2A_MSIL2A_20200818T142741_N0214_R053_T20LMP_20200818T165705_15_15.png,0.0,0.0,0.0,0.0,0.000568389892578125,0.03788729998632334
YOLOv8l,train_S2A_MSIL2A_20200818T142741_N0214_R053_T20LMP_20200818T165705_15_16.png,0.0,0.0,0.0,0.0,0.0118560791015625,0.03601349997916259
YOLOv8l,train_S2A_MSIL2A_20200818T142741_N0214_R053_T20LMP_20200818T165705_15_17.png,0.0,0.0,0.0,0.0,0.17700958251953125,0.041787800000747666
YOLOv8l,train_S2A_MSIL2A_20200818T142741_N0214_R053_T20LMP_20200818T165705_15_18.png,0.1353304670765722,0.23839837122497454,0.13614395727479547,0.9577142233975845,0.1438140869140625,0.04159949999302626
YOLOv8l,train_S2A_MSIL2A_20200818T142741_N0214_R053_T20LMP_20200818T165705_15_19.png,0.13591671040039516,0.23930752872274652,0.1361726146982297,0.9863619815732728,0.14580535888671875,0.039977399981580675
YOLOv8l,train_S2A_MSIL2A_20200818T142741_N0214_R053_T20LMP_20200818T165705_15_20.png,0.07055748455298384,0.13181447156468284,0.07072785975356875,0.9669863812198611,0.08303070068359375,0.039057300018612295
YOLOv8l,train_S2A_MSIL2A_20200818T142741_N0214_R053_T20LMP_20200818T165705_16_05.png,0.6212915524842131,0.7664155796435789,0.6897063200011337,0.8623233343373672,0.6604995727539062,0.04048329999204725
YOLOv8l,train_S2A_MSIL2A_20200818T142741_N0214_R053_T20LMP_20200818T165705_16_06.png,0.0,0.0,0.0,0.0,0.6802101135253906,0.036766700010048226
YOLOv8l,train_S2A_MSIL2A_20200818T142741_N0214_R053_T20LMP_20200818T165705_16_09.png,0.0,0.0,0.0,0.0,0.35345458984375,0.03619240000261925
YOLOv8l,train_S2A_MSIL2A_20200818T142741_N0214_R053_T20LMP_20200818T165705_16_14.png,0.6981319964288167,0.8222352536752068,0.997601120930765,0.699305964273976,0.6981849670410156,0.03809679998084903
YOLOv8l,train_S2A_MSIL2A_20200818T142741_N0214_R053_T20LMP_20200818T165705_16_15.png,0.0,0.0,0.0,0.0,0.002597808837890625,0.03633740000077523
YOLOv8l,train_S2A_MSIL2A_20200818T142741_N0214_R053_T20LMP_20200818T165705_16_16.png,0.0,0.0,0.0,0.0,0.013824462890625,0.03640469998936169
YOLOv8l,train_S2A_MSIL2A_20200818T142741_N0214_R053_T20LMP_20200818T165705_16_18.png,0.0,0.0,0.0,0.0,0.20042037963867188,0.03736899999785237
YOLOv8l,train_S2A_MSIL2A_20200818T142741_N0214_R053_T20LMP_20200818T165705_16_19.png,0.0,0.0,0.0,0.0,0.7223663330078125,0.036704400001326576
YOLOv8l,train_S2A_MSIL2A_20200818T142741_N0214_R053_T20LMP_20200818T165705_16_20.png,0.0,0.0,0.0,0.0,0.8351707458496094,0.038033699995139614
YOLOv8l,train_S2A_MSIL2A_20200818T142741_N0214_R053_T20LMP_20200818T165705_16_21.png,0.1502159029847573,0.2611960112791937,0.15058438740079366,0.9839710313742371,0.16144180297851562,0.038083799998275936
YOLOv8l,train_S2A_MSIL2A_20200818T142741_N0214_R053_T20LMP_20200818T165705_17_05.png,0.8081718861004973,0.8939104653854567,0.954933207492377,0.8402183069632255,0.8094444274902344,0.038614400022197515
YOLOv8l,train_S2A_MSIL2A_20200818T142741_N0214_R053_T20LMP_20200818T165705_17_06.png,0.7893879299464157,0.8822993792855799,0.8104793581854524,0.9680855554773798,0.7899398803710938,0.038553399994270876
YOLOv8l,train_S2A_MSIL2A_20200818T142741_N0214_R053_T20LMP_20200818T165705_17_07.png,0.0,0.0,0.0,0.0,0.15289688110351562,0.038313700002618134
YOLOv8l,train_S2A_MSIL2A_20200818T142741_N0214_R053_T20LMP_20200818T165705_17_08.png,0.0,0.0,0.0,0.0,0.20833587646484375,0.03784419997828081
YOLOv8l,train_S2A_MSIL2A_20200818T142741_N0214_R053_T20LMP_20200818T165705_17_10.png,0.44368826230116404,0.6146593747239422,0.9589385498191659,0.4522809643870154,0.4508781433105469,0.03848310001194477
YOLOv8l,train_S2A_MSIL2A_20200818T142741_N0214_R053_T20LMP_20200818T165705_17_11.png,0.0,0.0,0.0,0.0,0.042896270751953125,0.035265899990918115
YOLOv8l,train_S2A_MSIL2A_20200818T142741_N0214_R053_T20LMP_20200818T165705_17_13.png,0.0,0.0,0.0,0.0,0.012416839599609375,0.03693890001159161
YOLOv8l,train_S2A_MSIL2A_20200818T142741_N0214_R053_T20LMP_20200818T165705_17_16.png,0.0,0.0,0.0,0.0,0.020793914794921875,0.03678120000404306
YOLOv8l,train_S2A_MSIL2A_20200818T142741_N0214_R053_T20LMP_20200818T165705_17_17.png,0.0,0.0,0.0,0.0,0.07855606079101562,0.03768330000457354
YOLOv8l,train_S2A_MSIL2A_20200818T142741_N0214_R053_T20LMP_20200818T165705_17_18.png,0.0,0.0,0.0,0.0,0.08995437622070312,0.03637799998978153
YOLOv8l,train_S2A_MSIL2A_20200818T142741_N0214_R053_T20LMP_20200818T165705_17_19.png,0.0,0.0,0.0,0.0,0.11837005615234375,0.03711530001601204
YOLOv8l,train_S2A_MSIL2A_20200818T142741_N0214_R053_T20LMP_20200818T165705_17_20.png,0.21270295422906235,0.3507915165660358,0.2135842848923197,0.9809694411436071,0.2190399169921875,0.03730090000317432
YOLOv8l,train_S2A_MSIL2A_20200818T142741_N0214_R053_T20LMP_20200818T165705_17_21.png,0.0,0.0,0.0,0.0,0.7779045104980469,0.03605950000928715
YOLOv8l,train_S2A_MSIL2A_20200818T142741_N0214_R053_T20LMP_20200818T165705_18_06.png,0.649113904732836,0.7872274957720345,0.9922375734106271,0.6524270057597766,0.6491661071777344,0.038343299995176494
YOLOv8l,train_S2A_MSIL2A_20200818T142741_N0214_R053_T20LMP_20200818T165705_18_07.png,0.8359459428497237,0.9106433074518335,0.9874599666200551,0.8449154930121077,0.8361167907714844,0.03674919999320991
YOLOv8l,train_S2A_MSIL2A_20200818T142741_N0214_R053_T20LMP_20200818T165705_18_10.png,0.012332728509866183,0.02436497045397261,1.0,0.012332728509866183,0.06975173950195312,0.03753530001267791
YOLOv8l,train_S2A_MSIL2A_20200818T142741_N0214_R053_T20LMP_20200818T165705_18_14.png,0.0,0.0,0.0,0.0,0.005878448486328125,0.036627699999371544
YOLOv8l,train_S2A_MSIL2A_20200818T142741_N0214_R053_T20LMP_20200818T165705_18_15.png,0.9639391430108717,0.9816385058989943,0.9792525168728364,0.9840361504450634,0.9639511108398438,0.03678349999245256
YOLOv8l,train_S2A_MSIL2A_20200818T142741_N0214_R053_T20LMP_20200818T165705_18_16.png,0.0,0.0,0.0,0.0,0.033153533935546875,0.03560870001092553
YOLOv8l,train_S2A_MSIL2A_20200818T142741_N0214_R053_T20LMP_20200818T165705_18_17.png,0.0,0.0,0.0,0.0,0.08621978759765625,0.03555239998968318
YOLOv8l,train_S2A_MSIL2A_20200818T142741_N0214_R053_T20LMP_20200818T165705_18_18.png,0.0,0.0,0.0,0.0,0.02764892578125,0.03619100002106279
YOLOv8l,train_S2A_MSIL2A_20200818T142741_N0214_R053_T20LMP_20200818T165705_19_16.png,0.9652131775551164,0.9822987028368285,0.9829036582285858,0.9816944916602635,0.9652214050292969,0.039531299989903346
YOLOv8l,train_S2A_MSIL2A_20200818T142741_N0214_R053_T20LMP_20200818T165705_19_17.png,0.0,0.0,0.0,0.0,0.036529541015625,0.03896460001124069
YOLOv8l,train_S2A_MSIL2A_20200818T142741_N0214_R053_T20LMP_20200818T165705_20_01.png,0.96783447265625,0.9836543531528178,0.9992556153776472,0.9685327632608655,0.96783447265625,0.03904129998409189
YOLOv8l,train_S2A_MSIL2A_20200818T142741_N0214_R053_T20LMP_20200818T165705_20_06.png,0.0,0.0,0.0,0.0,0.47835540771484375,0.03891859998111613
YOLOv8l,train_S2A_MSIL2A_20200818T142741_N0214_R053_T20LMP_20200818T165705_20_14.png,0.0,0.0,0.0,0.0,0.08772659301757812,0.03819310001563281
YOLOv8l,train_S2A_MSIL2A_20200818T142741_N0214_R053_T20LMP_20200818T165705_20_15.png,0.0,0.0,0.0,0.0,0.024730682373046875,0.03778210000018589
YOLOv8l,train_S2A_MSIL2A_20200818T142741_N0214_R053_T20LMP_20200818T165705_20_17.png,0.0,0.0,0.0,0.0,0.03447723388671875,0.04095890000462532
YOLOv8l,train_S2A_MSIL2A_20200818T142741_N0214_R053_T20LMP_20200818T165705_20_18.png,0.0,0.0,0.0,0.0,0.01085662841796875,0.039393799990648404
YOLOv8l,train_S2A_MSIL2A_20200818T142741_N0214_R053_T20LMP_20200818T165705_21_04.png,0.9114206830184789,0.9536578641381873,0.9994263173763023,0.911897757230734,0.9115142822265625,0.040096000011544675
YOLOv8l,train_S2A_MSIL2A_20200818T142741_N0214_R053_T20LMP_20200818T165705_21_05.png,0.0,0.0,0.0,0.0,0.002109527587890625,0.03851000001304783
YOLOv8l,train_S2A_MSIL2A_20200818T142741_N0214_R053_T20LMP_20200818T165705_21_06.png,0.009943144486592085,0.01969050345234378,0.9978021978021978,0.00994336225815071,0.1377716064453125,0.0402814999979455
YOLOv8l,train_S2A_MSIL2A_20200818T142741_N0214_R053_T20LMP_20200818T165705_21_17.png,0.0,0.0,0.0,0.0,0.022640228271484375,0.03920170001219958
YOLOv8l,train_S2A_MSIL2A_20200818T142741_N0214_R053_T20LMP_20200818T165705_21_18.png,0.0,0.0,0.0,0.0,0.012302398681640625,0.03913680001278408
YOLOv8l,train_S2B_MSIL2A_20200202T141649_N0213_R010_T20LQN_20200202T164215_03_02.png,0.0,0.0,0.0,0.0,0.011814117431640625,0.03369049998582341
YOLOv8l,train_S2B_MSIL2A_20200202T141649_N0213_R010_T20LQN_20200202T164215_03_04.png,0.0,0.0,0.0,0.0,0.011501312255859375,0.034671699977479875
YOLOv8l,train_S2B_MSIL2A_20200202T141649_N0213_R010_T20LQN_20200202T164215_04_02.png,0.0,0.0,0.0,0.0,0.00690460205078125,0.0345670000242535
YOLOv8l,train_S2B_MSIL2A_20200202T141649_N0213_R010_T20LQN_20200202T164215_04_03.png,0.0,0.0,0.0,0.0,7.62939453125e-06,0.03449359998921864
YOLOv8l,train_S2B_MSIL2A_20200202T141649_N0213_R010_T20LQN_20200202T164215_04_04.png,0.0,0.0,0.0,0.0,8.392333984375e-05,0.03463939999346621
YOLOv8l,train_S2B_MSIL2A_20200202T141649_N0213_R010_T20LQN_20200202T164215_04_06.png,0.0,0.0,0.0,0.0,0.6703567504882812,0.040441099990857765
YOLOv8l,train_S2B_MSIL2A_20200202T141649_N0213_R010_T20LQN_20200202T164215_04_09.png,0.0,0.0,0.0,0.0,0.020721435546875,0.03650190000189468
YOLOv8l,train_S2B_MSIL2A_20200202T141649_N0213_R010_T20LQN_20200202T164215_05_10.png,0.0,0.0,0.0,0.0,0.004474639892578125,0.03633629999239929
YOLOv8l,train_S2B_MSIL2A_20200202T141649_N0213_R010_T20LQN_20200202T164215_05_11.png,0.0,0.0,0.0,0.0,0.015377044677734375,0.034096699993824586
YOLOv8l,train_S2B_MSIL2A_20200202T141649_N0213_R010_T20LQN_20200202T164215_05_12.png,0.0,0.0,0.0,0.0,0.0263214111328125,0.035455600009299815
YOLOv8l,train_S2B_MSIL2A_20200202T141649_N0213_R010_T20LQN_20200202T164215_05_21.png,0.0,0.0,0.0,0.0,0.000965118408203125,0.03441220000968315
YOLOv8l,train_S2B_MSIL2A_20200202T141649_N0213_R010_T20LQN_20200202T164215_06_11.png,0.0,0.0,0.0,0.0,0.001316070556640625,0.03354459998081438
YOLOv8l,train_S2B_MSIL2A_20200202T141649_N0213_R010_T20LQN_20200202T164215_06_12.png,0.0,0.0,0.0,0.0,0.00148773193359375,0.033089200005633757
YOLOv8l,train_S2B_MSIL2A_20200202T141649_N0213_R010_T20LQN_20200202T164215_07_11.png,0.0,0.0,0.0,0.0,6.866455078125e-05,0.03416460001608357
YOLOv8l,train_S2B_MSIL2A_20200202T141649_N0213_R010_T20LQN_20200202T164215_07_17.png,0.0,0.0,0.0,0.0,0.004779815673828125,0.035517899988917634
YOLOv8l,train_S2B_MSIL2A_20200202T141649_N0213_R010_T20LQN_20200202T164215_08_11.png,0.0,0.0,0.0,0.0,0.0,0.0336544000019785
YOLOv8l,train_S2B_MSIL2A_20200202T141649_N0213_R010_T20LQN_20200202T164215_08_14.png,0.0,0.0,0.0,0.0,0.00867462158203125,0.035030500002903864
YOLOv8l,train_S2B_MSIL2A_20200202T141649_N0213_R010_T20LQN_20200202T164215_09_11.png,0.0,0.0,0.0,0.0,0.0001373291015625,0.03292289999080822
YOLOv8l,train_S2B_MSIL2A_20200202T141649_N0213_R010_T20LQN_20200202T164215_10_05.png,0.0,0.0,0.0,0.0,0.28417205810546875,0.03850809999858029
YOLOv8l,train_S2B_MSIL2A_20200202T141649_N0213_R010_T20LQN_20200202T164215_10_06.png,0.0,0.0,0.0,0.0,0.32762908935546875,0.03836330000194721
YOLOv8l,train_S2B_MSIL2A_20200202T141649_N0213_R010_T20LQN_20200202T164215_11_05.png,0.0,0.0,0.0,0.0,0.5074653625488281,0.04120230002445169
YOLOv8l,train_S2B_MSIL2A_20200202T141649_N0213_R010_T20LQN_20200202T164215_11_06.png,0.0,0.0,0.0,0.0,0.5324211120605469,0.04232910001883283
YOLOv8l,train_S2B_MSIL2A_20200202T141649_N0213_R010_T20LQN_20200202T164215_11_07.png,0.0,0.0,0.0,0.0,0.2935295104980469,0.038014099991414696
YOLOv8l,train_S2B_MSIL2A_20200202T141649_N0213_R010_T20LQN_20200202T164215_12_03.png,0.0,0.0,0.0,0.0,0.6591339111328125,0.04132150000077672
YOLOv8l,train_S2B_MSIL2A_20200202T141649_N0213_R010_T20LQN_20200202T164215_13_04.png,0.0,0.0,0.0,0.0,0.6973075866699219,0.039172799995867535
YOLOv8l,train_S2B_MSIL2A_20200202T141649_N0213_R010_T20LQN_20200202T164215_13_14.png,0.0,0.0,0.0,0.0,1.52587890625e-05,0.0336861000105273
YOLOv8l,train_S2B_MSIL2A_20200202T141649_N0213_R010_T20LQN_20200202T164215_16_08.png,0.0,0.0,0.0,0.0,0.6018486022949219,0.03857950001838617
YOLOv8l,train_S2B_MSIL2A_20200202T141649_N0213_R010_T20LQN_20200202T164215_18_10.png,0.0034220440202052016,0.00682074714343488,0.09707903780068729,0.0035345415418108115,0.3723258972167969,0.03962289998889901
YOLOv8l,train_S2B_MSIL2A_20200202T141649_N0213_R010_T20LQN_20200202T164215_20_13.png,0.0,0.0,0.0,0.0,0.10293197631835938,0.03627290000440553
YOLOv8l,val_S2A_MSIL2A_20200111T142701_N0213_R053_T20NQG_20200111T164651_01_04.png,0.0,0.0,0.0,0.0,0.36563873291015625,0.0391929000033997
YOLOv8l,val_S2A_MSIL2A_20200111T142701_N0213_R053_T20NQG_20200111T164651_01_05.png,0.0,0.0,0.0,0.0,0.31932830810546875,0.04060169999138452
YOLOv8l,val_S2A_MSIL2A_20200111T142701_N0213_R053_T20NQG_20200111T164651_01_12.png,0.0,0.0,0.0,0.0,0.2932472229003906,0.04032180001377128
YOLOv8l,val_S2A_MSIL2A_20200111T142701_N0213_R053_T20NQG_20200111T164651_01_14.png,0.0,0.0,0.0,0.0,0.3446235656738281,0.0410672000143677
YOLOv8l,val_S2A_MSIL2A_20200111T142701_N0213_R053_T20NQG_20200111T164651_02_12.png,0.0,0.0,0.0,0.0,0.2871360778808594,0.039066400000592694
YOLOv8l,val_S2A_MSIL2A_20200111T142701_N0213_R053_T20NQG_20200111T164651_11_12.png,0.0,0.0,0.0,0.0,0.216705322265625,0.043420800007879734
YOLOv8l,val_S2A_MSIL2A_20200111T142701_N0213_R053_T20NQG_20200111T164651_12_06.png,0.052822577474424204,0.10034468979785419,0.07293860887315685,0.1607422739617856,0.08101272583007812,0.044567400007508695
YOLOv8l,val_S2A_MSIL2A_20200111T142701_N0213_R053_T20NQG_20200111T164651_12_08.png,0.0,0.0,0.0,0.0,0.6120643615722656,0.04136659999494441
YOLOv8l,val_S2A_MSIL2A_20200111T142701_N0213_R053_T20NQG_20200111T164651_12_16.png,0.0474980377191575,0.09068854739352189,0.2921812895136981,0.05367407443706662,0.16211700439453125,0.04174230000353418
YOLOv8l,val_S2A_MSIL2A_20200111T142701_N0213_R053_T20NQG_20200111T164651_14_12.png,0.0,0.0,0.0,0.0,0.7540359497070312,0.041746500006411225
YOLOv8l,val_S2A_MSIL2A_20200111T142701_N0213_R053_T20NQG_20200111T164651_14_13.png,0.0,0.0,0.0,0.0,0.11713027954101562,0.04464209999423474
YOLOv8l,val_S2A_MSIL2A_20200111T142701_N0213_R053_T20NQG_20200111T164651_15_01.png,0.0,0.0,0.0,0.0,0.49146270751953125,0.044439999997848645
YOLOv8l,val_S2A_MSIL2A_20200111T142701_N0213_R053_T20NQG_20200111T164651_19_08.png,1.0,1.0,0.0,0.0,1.0,0.04752969997934997
YOLOv8l,val_S2A_MSIL2A_20200115T140641_N0213_R110_T21LUH_20200115T163049_01_04.png,0.0,0.0,0.0,0.0,0.8509292602539062,0.04056369999307208
YOLOv8l,val_S2A_MSIL2A_20200115T140641_N0213_R110_T21LUH_20200115T163049_05_15.png,0.0,0.0,0.0,0.0,0.4757118225097656,0.043312499998137355
YOLOv8l,val_S2A_MSIL2A_20200115T140641_N0213_R110_T21LUH_20200115T163049_06_05.png,0.11913730161185533,0.21290917823982086,0.12128023935594355,0.8708446404341926,0.13109970092773438,0.04387510000378825
YOLOv8l,val_S2A_MSIL2A_20200115T140641_N0213_R110_T21LUH_20200115T163049_06_08.png,0.0,0.0,0.0,0.0,0.8009757995605469,0.03992869998910464
YOLOv8l,val_S2A_MSIL2A_20200115T140641_N0213_R110_T21LUH_20200115T163049_06_10.png,0.0,0.0,0.0,0.0,0.7020072937011719,0.04071149998344481
YOLOv8l,val_S2A_MSIL2A_20200115T140641_N0213_R110_T21LUH_20200115T163049_07_07.png,0.0,0.0,0.0,0.0,0.7637176513671875,0.040756499976851046
YOLOv8l,val_S2A_MSIL2A_20200115T140641_N0213_R110_T21LUH_20200115T163049_09_15.png,0.0,0.0,0.0,0.0,0.6642875671386719,0.04113430000143126
YOLOv8l,val_S2A_MSIL2A_20200217T141651_N0209_R010_T20LQN_20200217T160045_01_21.png,0.0,0.0,0.0,0.0,0.13463973999023438,0.039764099987223744
YOLOv8l,val_S2A_MSIL2A_20200217T141651_N0209_R010_T20LQN_20200217T160045_03_18.png,0.0,0.0,0.0,0.0,0.116455078125,0.039737499988405034
YOLOv8l,val_S2A_MSIL2A_20200217T141651_N0209_R010_T20LQN_20200217T160045_03_20.png,0.0,0.0,0.0,0.0,0.22586822509765625,0.04074970001238398
YOLOv8l,val_S2A_MSIL2A_20200217T141651_N0209_R010_T20LQN_20200217T160045_05_06.png,0.0,0.0,0.0,0.0,0.7881813049316406,0.047991200000979006
YOLOv8l,val_S2A_MSIL2A_20200217T141651_N0209_R010_T20LQN_20200217T160045_05_15.png,0.0,0.0,0.0,0.0,0.110107421875,0.04399969999212772
YOLOv8l,val_S2A_MSIL2A_20200217T141651_N0209_R010_T20LQN_20200217T160045_06_15.png,0.0,0.0,0.0,0.0,0.10819244384765625,0.037406899995403364
YOLOv8l,val_S2A_MSIL2A_20200217T141651_N0209_R010_T20LQN_20200217T160045_06_21.png,0.0,0.0,0.0,0.0,0.08015823364257812,0.041808700014371425
YOLOv8l,val_S2A_MSIL2A_20200217T141651_N0209_R010_T20LQN_20200217T160045_07_15.png,0.0,0.0,0.0,0.0,0.11628341674804688,0.037575499998638406
YOLOv8l,val_S2A_MSIL2A_20200217T141651_N0209_R010_T20LQN_20200217T160045_08_08.png,0.0,0.0,0.0,0.0,0.54241943359375,0.04180039998027496
YOLOv8l,val_S2A_MSIL2A_20200217T141651_N0209_R010_T20LQN_20200217T160045_09_15.png,0.0,0.0,0.0,0.0,0.1088409423828125,0.04112470001564361
YOLOv8l,val_S2A_MSIL2A_20200217T141651_N0209_R010_T20LQN_20200217T160045_09_21.png,0.0,0.0,0.0,0.0,0.0380096435546875,0.03829200001200661
YOLOv8l,val_S2A_MSIL2A_20200217T141651_N0209_R010_T20LQN_20200217T160045_10_02.png,0.07388293736726484,0.13759961127308065,0.11991733927316152,0.16139842921791467,0.32295989990234375,0.042690300004323944
YOLOv8l,val_S2A_MSIL2A_20200217T141651_N0209_R010_T20LQN_20200217T160045_10_14.png,0.0,0.0,0.0,0.0,0.07329940795898438,0.03742789998068474
YOLOv8l,val_S2A_MSIL2A_20200217T141651_N0209_R010_T20LQN_20200217T160045_11_03.png,0.0,0.0,0.0,0.0,0.8767166137695312,0.039429299999028444
YOLOv8l,val_S2A_MSIL2A_20200217T141651_N0209_R010_T20LQN_20200217T160045_13_07.png,0.0,0.0,0.0,0.0,0.5525398254394531,0.04112310000346042
YOLOv8l,val_S2A_MSIL2A_20200217T141651_N0209_R010_T20LQN_20200217T160045_13_16.png,0.0,0.0,0.0,0.0,0.20554351806640625,0.036179799993988127
YOLOv8l,val_S2A_MSIL2A_20200217T141651_N0209_R010_T20LQN_20200217T160045_14_04.png,0.0,0.0,0.0,0.0,0.862579345703125,0.044755699986126274
YOLOv8l,val_S2A_MSIL2A_20200217T141651_N0209_R010_T20LQN_20200217T160045_15_19.png,0.0,0.0,0.0,0.0,0.07300567626953125,0.03931740002008155
YOLOv8l,val_S2A_MSIL2A_20200217T141651_N0209_R010_T20LQN_20200217T160045_15_21.png,0.008173126349336897,0.01621373578748789,1.0,0.008173126349336897,0.1167449951171875,0.04345989998546429
YOLOv8l,val_S2A_MSIL2A_20200217T141651_N0209_R010_T20LQN_20200217T160045_17_06.png,0.0,0.0,0.0,0.0,0.8306732177734375,0.04917909999494441
YOLOv8l,val_S2A_MSIL2A_20200217T141651_N0209_R010_T20LQN_20200217T160045_17_17.png,0.0,0.0,0.0,0.0,0.09857177734375,0.039842700003646314
YOLOv8l,val_S2A_MSIL2A_20200217T141651_N0209_R010_T20LQN_20200217T160045_20_04.png,0.0,0.0,0.0,0.0,0.6772270202636719,0.045998799992958084
YOLOv8l,val_S2A_MSIL2A_20200217T141651_N0209_R010_T20LQN_20200217T160045_20_18.png,0.0,0.0,0.0,0.0,0.10811614990234375,0.04396989999804646
YOLOv8l,val_S2A_MSIL2A_20200818T142741_N0214_R053_T20LMP_20200818T165705_01_01.png,0.0,0.0,0.0,0.0,0.7515487670898438,0.05114550000871532
YOLOv8l,val_S2A_MSIL2A_20200818T142741_N0214_R053_T20LMP_20200818T165705_01_06.png,0.0,0.0,0.0,0.0,0.45024871826171875,0.040707599982852116
YOLOv8l,val_S2A_MSIL2A_20200818T142741_N0214_R053_T20LMP_20200818T165705_01_11.png,0.0,0.0,0.0,0.0,0.5774650573730469,0.03931689998717047
YOLOv8l,val_S2A_MSIL2A_20200818T142741_N0214_R053_T20LMP_20200818T165705_03_05.png,0.0,0.0,0.0,0.0,0.7931098937988281,0.04097189998719841
YOLOv8l,val_S2A_MSIL2A_20200818T142741_N0214_R053_T20LMP_20200818T165705_03_08.png,0.1628909339970288,0.2801482567881899,0.16393277102070616,0.9624495565536582,0.17243576049804688,0.04276800001389347
YOLOv8l,val_S2A_MSIL2A_20200818T142741_N0214_R053_T20LMP_20200818T165705_03_12.png,0.1305225369581462,0.2309065634539904,0.13057886908202507,0.9967056885699159,0.1389007568359375,0.04410890000872314
YOLOv8l,val_S2A_MSIL2A_20200818T142741_N0214_R053_T20LMP_20200818T165705_03_16.png,0.184421813631782,0.3114123895882854,0.18508728411522124,0.9808770668583753,0.19439315795898438,0.04442990000825375
YOLOv8l,val_S2A_MSIL2A_20200818T142741_N0214_R053_T20LMP_20200818T165705_03_21.png,0.22323450113977805,0.36499052459977865,0.22356304079110012,0.993460013388949,0.23177719116210938,0.04287360000307672
YOLOv8l,val_S2A_MSIL2A_20200818T142741_N0214_R053_T20LMP_20200818T165705_04_06.png,0.16780216421577163,0.28738114957760474,0.1682062856788285,0.9858844387871073,0.179443359375,0.04411520002759062
YOLOv8l,val_S2A_MSIL2A_20200818T142741_N0214_R053_T20LMP_20200818T165705_04_09.png,0.3786119083290865,0.5492653966524546,0.37955433317071857,0.9934846214947163,0.381378173828125,0.04603970001335256
YOLOv8l,val_S2A_MSIL2A_20200818T142741_N0214_R053_T20LMP_20200818T165705_04_10.png,0.0,0.0,0.0,0.0,0.5830459594726562,0.04593120000208728
YOLOv8l,val_S2A_MSIL2A_20200818T142741_N0214_R053_T20LMP_20200818T165705_05_11.png,0.4031806689440874,0.5746667950428456,0.40448280802847064,0.9920785684434482,0.4101905822753906,0.05342019998352043
YOLOv8l,val_S2A_MSIL2A_20200818T142741_N0214_R053_T20LMP_20200818T165705_05_19.png,0.0,0.0,0.0,0.0,0.7525596618652344,0.04360390000510961
YOLOv8l,val_S2A_MSIL2A_20200818T142741_N0214_R053_T20LMP_20200818T165705_05_21.png,0.23623330578320884,0.382182399840044,0.23852438239709867,0.9609287857602941,0.2456207275390625,0.04061179998097941
YOLOv8l,val_S2A_MSIL2A_20200818T142741_N0214_R053_T20LMP_20200818T165705_06_14.png,0.20817729164336488,0.34461381302772504,0.20887898207485836,0.98411945958758,0.21683120727539062,0.03960940000251867
YOLOv8l,val_S2A_MSIL2A_20200818T142741_N0214_R053_T20LMP_20200818T165705_08_01.png,0.21753763097195536,0.3573402996970138,0.21766503172909096,0.997316621060994,0.224853515625,0.040713800000958145
YOLOv8l,val_S2A_MSIL2A_20200818T142741_N0214_R053_T20LMP_20200818T165705_08_14.png,0.0,0.0,0.0,0.0,0.7995185852050781,0.03904459998011589
YOLOv8l,val_S2A_MSIL2A_20200818T142741_N0214_R053_T20LMP_20200818T165705_08_16.png,0.0,0.0,0.0,0.0,0.6070175170898438,0.03641969998716377
YOLOv8l,val_S2A_MSIL2A_20200818T142741_N0214_R053_T20LMP_20200818T165705_09_04.png,0.21921398057048047,0.3595988629787667,0.22008679237939557,0.9822306369526324,0.23168182373046875,0.03874799999175593
YOLOv8l,val_S2A_MSIL2A_20200818T142741_N0214_R053_T20LMP_20200818T165705_09_13.png,0.0,0.0,0.0,0.0,0.7025260925292969,0.036768299993127584
YOLOv8l,val_S2A_MSIL2A_20200818T142741_N0214_R053_T20LMP_20200818T165705_09_19.png,0.0,0.0,0.0,0.0,0.6688117980957031,0.03859379998175427
YOLOv8l,val_S2A_MSIL2A_20200818T142741_N0214_R053_T20LMP_20200818T165705_09_20.png,0.25375182593987855,0.40478796631008335,0.25484215931157755,0.9834187473928848,0.2594566345214844,0.039116400002967566
YOLOv8l,val_S2A_MSIL2A_20200818T142741_N0214_R053_T20LMP_20200818T165705_10_08.png,0.11783920508782458,0.2108339098351205,0.12085474463409394,0.8252566850953402,0.16449737548828125,0.037667700002202764
YOLOv8l,val_S2A_MSIL2A_20200818T142741_N0214_R053_T20LMP_20200818T165705_10_15.png,0.3015706074800812,0.46339492571046914,0.3065059442573031,0.9493128092358438,0.3134880065917969,0.03825990000041202
YOLOv8l,val_S2A_MSIL2A_20200818T142741_N0214_R053_T20LMP_20200818T165705_11_11.png,0.0,0.0,0.0,0.0,0.7030143737792969,0.0371199999935925
YOLOv8l,val_S2A_MSIL2A_20200818T142741_N0214_R053_T20LMP_20200818T165705_11_12.png,0.0,0.0,0.0,0.0,0.7822380065917969,0.03752889999304898
YOLOv8l,val_S2A_MSIL2A_20200818T142741_N0214_R053_T20LMP_20200818T165705_11_19.png,0.0,0.0,0.0,0.0,0.4407615661621094,0.03779559998656623
YOLOv8l,val_S2A_MSIL2A_20200818T142741_N0214_R053_T20LMP_20200818T165705_12_04.png,0.0,0.0,0.0,0.0,0.7369194030761719,0.03720309998607263
YOLOv8l,val_S2A_MSIL2A_20200818T142741_N0214_R053_T20LMP_20200818T165705_12_05.png,0.0,0.0,0.0,0.0,0.84783935546875,0.037726700014900416
YOLOv8l,val_S2A_MSIL2A_20200818T142741_N0214_R053_T20LMP_20200818T165705_12_10.png,0.0,0.0,0.0,0.0,0.6171875,0.038942000013776124
YOLOv8l,val_S2A_MSIL2A_20200818T142741_N0214_R053_T20LMP_20200818T165705_13_04.png,0.0,0.0,0.0,0.0,0.8688697814941406,0.043176300008781254
YOLOv8l,val_S2A_MSIL2A_20200818T142741_N0214_R053_T20LMP_20200818T165705_13_06.png,0.20272221235726914,0.33710562634399976,0.20315431542380552,0.9896168993913355,0.21212005615234375,0.04423930001212284
YOLOv8l,val_S2A_MSIL2A_20200818T142741_N0214_R053_T20LMP_20200818T165705_13_14.png,0.0,0.0,0.0,0.0,0.0088043212890625,0.03859879999072291
YOLOv8l,val_S2A_MSIL2A_20200818T142741_N0214_R053_T20LMP_20200818T165705_14_02.png,0.5669925288867578,0.7236697283931118,0.9575001632599752,0.5816302243660944,0.5728530883789062,0.04223899997305125
YOLOv8l,val_S2A_MSIL2A_20200818T142741_N0214_R053_T20LMP_20200818T165705_14_03.png,0.0,0.0,0.0,0.0,0.07509231567382812,0.040107699984218925
YOLOv8l,val_S2A_MSIL2A_20200818T142741_N0214_R053_T20LMP_20200818T165705_14_05.png,0.45680261799201655,0.627130418836905,0.4824921726201781,0.8956104832698777,0.5966529846191406,0.039181900006951764
YOLOv8l,val_S2A_MSIL2A_20200818T142741_N0214_R053_T20LMP_20200818T165705_14_06.png,0.0,0.0,0.0,0.0,0.6093673706054688,0.03877519999514334
YOLOv8l,val_S2A_MSIL2A_20200818T142741_N0214_R053_T20LMP_20200818T165705_14_18.png,0.08238617699231325,0.15223065250379364,0.08247095643562058,0.9876760563380281,0.09424209594726562,0.04089339997153729
YOLOv8l,val_S2A_MSIL2A_20200818T142741_N0214_R053_T20LMP_20200818T165705_15_04.png,0.0,0.0,0.0,0.0,0.11451339721679688,0.04204400000162423
YOLOv8l,val_S2A_MSIL2A_20200818T142741_N0214_R053_T20LMP_20200818T165705_15_11.png,0.0,0.0,0.0,0.0,0.05999755859375,0.03791730001103133
YOLOv8l,val_S2A_MSIL2A_20200818T142741_N0214_R053_T20LMP_20200818T165705_17_15.png,0.0,0.0,0.0,0.0,0.014156341552734375,0.03835730001446791
YOLOv8l,val_S2A_MSIL2A_20200818T142741_N0214_R053_T20LMP_20200818T165705_18_11.png,0.97549079473636,0.9875933589116467,0.9944171461696176,0.9808625843761632,0.9755020141601562,0.040058699989458546
YOLOv8l,val_S2A_MSIL2A_20200818T142741_N0214_R053_T20LMP_20200818T165705_19_15.png,0.0,0.0,0.0,0.0,0.015415191650390625,0.03831289999652654
YOLOv8l,val_S2A_MSIL2A_20200818T142741_N0214_R053_T20LMP_20200818T165705_19_18.png,0.0,0.0,0.0,0.0,0.002880096435546875,0.03742340000462718
YOLOv8l,val_S2A_MSIL2A_20200818T142741_N0214_R053_T20LMP_20200818T165705_19_19.png,0.0,0.0,0.0,0.0,0.004863739013671875,0.03946719999657944
YOLOv8l,val_S2A_MSIL2A_20200818T142741_N0214_R053_T20LMP_20200818T165705_20_10.png,0.0,0.0,0.0,0.0,0.026947021484375,0.03998370000044815
YOLOv8l,val_S2A_MSIL2A_20200818T142741_N0214_R053_T20LMP_20200818T165705_20_16.png,0.0,0.0,0.0,0.0,0.0437469482421875,0.03922289999900386
YOLOv8l,val_S2A_MSIL2A_20200818T142741_N0214_R053_T20LMP_20200818T165705_21_21.png,0.1349192935012254,0.23776015488290703,0.13634122766496773,0.9282467360854167,0.14091873168945312,0.04309849999845028
YOLOv8l,val_S2B_MSIL2A_20200202T141649_N0213_R010_T20LQN_20200202T164215_02_07.png,0.023665463525835866,0.046236713787968065,0.5899135787853675,0.0240613049020744,0.21578598022460938,0.0410392000048887
YOLOv8l,val_S2B_MSIL2A_20200202T141649_N0213_R010_T20LQN_20200202T164215_03_03.png,0.0,0.0,0.0,0.0,0.00066375732421875,0.03789780000806786
YOLOv8l,val_S2B_MSIL2A_20200202T141649_N0213_R010_T20LQN_20200202T164215_04_10.png,0.0,0.0,0.0,0.0,3.0517578125e-05,0.03324099999736063
YOLOv8l,val_S2B_MSIL2A_20200202T141649_N0213_R010_T20LQN_20200202T164215_05_07.png,0.0,0.0,0.0,0.0,0.5007591247558594,0.037184800021350384
YOLOv8l,val_S2B_MSIL2A_20200202T141649_N0213_R010_T20LQN_20200202T164215_10_02.png,0.0,0.0,0.0,0.0,0.5900344848632812,0.03889360002358444
YOLOv8l,val_S2B_MSIL2A_20200202T141649_N0213_R010_T20LQN_20200202T164215_10_03.png,0.0,0.0,0.0,0.0,0.49022674560546875,0.03748190001351759
YOLOv8l,val_S2B_MSIL2A_20200202T141649_N0213_R010_T20LQN_20200202T164215_11_04.png,0.0,0.0,0.0,0.0,0.5555915832519531,0.03845900000305846
YOLOv8l,val_S2B_MSIL2A_20200202T141649_N0213_R010_T20LQN_20200202T164215_12_07.png,0.0,0.0,0.0,0.0,0.4833641052246094,0.04030110000167042
YOLOv8l,val_S2B_MSIL2A_20200202T141649_N0213_R010_T20LQN_20200202T164215_12_14.png,0.0,0.0,0.0,0.0,0.001064300537109375,0.03574330001720227
YOLOv8x,train_S2A_MSIL2A_20200111T142701_N0213_R053_T20NQG_20200111T164651_01_07.png,0.0,0.0,0.0,0.0,0.3530769348144531,1.0530039000150282
YOLOv8x,train_S2A_MSIL2A_20200111T142701_N0213_R053_T20NQG_20200111T164651_01_13.png,0.0028690129076364827,0.005721610441065082,1.0,0.0028690129076364827,0.349029541015625,0.06129979999968782
YOLOv8x,train_S2A_MSIL2A_20200111T142701_N0213_R053_T20NQG_20200111T164651_02_03.png,0.0,0.0,0.0,0.0,0.4569206237792969,0.05760430000373162
YOLOv8x,train_S2A_MSIL2A_20200111T142701_N0213_R053_T20NQG_20200111T164651_02_04.png,0.0,0.0,0.0,0.0,0.5263519287109375,0.055288399977143854
YOLOv8x,train_S2A_MSIL2A_20200111T142701_N0213_R053_T20NQG_20200111T164651_02_07.png,0.0,0.0,0.0,0.0,0.7064704895019531,0.05625850000069477
YOLOv8x,train_S2A_MSIL2A_20200111T142701_N0213_R053_T20NQG_20200111T164651_02_10.png,0.0,0.0,0.0,0.0,0.20199203491210938,0.05744220002088696
YOLOv8x,train_S2A_MSIL2A_20200111T142701_N0213_R053_T20NQG_20200111T164651_02_11.png,0.0,0.0,0.0,0.0,0.24502944946289062,0.05412600000272505
YOLOv8x,train_S2A_MSIL2A_20200111T142701_N0213_R053_T20NQG_20200111T164651_03_05.png,0.0,0.0,0.0,0.0,0.4412269592285156,0.053523800015682355
YOLOv8x,train_S2A_MSIL2A_20200111T142701_N0213_R053_T20NQG_20200111T164651_03_06.png,0.0,0.0,0.0,0.0,0.4077720642089844,0.05331409999052994
YOLOv8x,train_S2A_MSIL2A_20200111T142701_N0213_R053_T20NQG_20200111T164651_03_11.png,0.0,0.0,0.0,0.0,0.1164703369140625,0.05447159998584539
YOLOv8x,train_S2A_MSIL2A_20200111T142701_N0213_R053_T20NQG_20200111T164651_04_07.png,0.009273340386141233,0.01837627135299802,0.09883720930232558,0.010129827919322511,0.7713661193847656,0.05804790000547655
YOLOv8x,train_S2A_MSIL2A_20200111T142701_N0213_R053_T20NQG_20200111T164651_04_08.png,0.0,0.0,0.0,0.0,0.7175750732421875,0.05166169998119585
YOLOv8x,train_S2A_MSIL2A_20200111T142701_N0213_R053_T20NQG_20200111T164651_04_09.png,0.0,0.0,0.0,0.0,0.43114471435546875,0.05344290001085028
YOLOv8x,train_S2A_MSIL2A_20200111T142701_N0213_R053_T20NQG_20200111T164651_04_10.png,0.009634099736039887,0.01908433904631121,0.9990783410138249,0.009634185360304312,0.14983367919921875,0.05540469998959452
YOLOv8x,train_S2A_MSIL2A_20200111T142701_N0213_R053_T20NQG_20200111T164651_04_11.png,0.0,0.0,0.0,0.0,0.15567398071289062,0.057134300004690886
YOLOv8x,train_S2A_MSIL2A_20200111T142701_N0213_R053_T20NQG_20200111T164651_05_05.png,0.0,0.0,0.0,0.0,0.5177536010742188,0.05296719999751076
YOLOv8x,train_S2A_MSIL2A_20200111T142701_N0213_R053_T20NQG_20200111T164651_05_06.png,0.0,0.0,0.0,0.0,0.5273399353027344,0.05865690001519397
YOLOv8x,train_S2A_MSIL2A_20200111T142701_N0213_R053_T20NQG_20200111T164651_05_07.png,0.0,0.0,0.0,0.0,0.6261749267578125,0.056734399986453354
YOLOv8x,train_S2A_MSIL2A_20200111T142701_N0213_R053_T20NQG_20200111T164651_05_11.png,0.003608302668714944,0.007190659262423466,1.0,0.003608302668714944,0.04247283935546875,0.05447730000014417
YOLOv8x,train_S2A_MSIL2A_20200111T142701_N0213_R053_T20NQG_20200111T164651_06_01.png,0.0,0.0,0.0,0.0,0.0686187744140625,0.05535579999559559
YOLOv8x,train_S2A_MSIL2A_20200111T142701_N0213_R053_T20NQG_20200111T164651_06_06.png,0.0,0.0,0.0,0.0,0.215728759765625,0.05617160000838339
YOLOv8x,train_S2A_MSIL2A_20200111T142701_N0213_R053_T20NQG_20200111T164651_06_07.png,0.0,0.0,0.0,0.0,0.3458747863769531,0.052600800001528114
YOLOv8x,train_S2A_MSIL2A_20200111T142701_N0213_R053_T20NQG_20200111T164651_06_09.png,0.0,0.0,0.0,0.0,0.43194580078125,0.052165200002491474
YOLOv8x,train_S2A_MSIL2A_20200111T142701_N0213_R053_T20NQG_20200111T164651_06_10.png,0.0,0.0,0.0,0.0,0.056148529052734375,0.05462710000574589
YOLOv8x,train_S2A_MSIL2A_20200111T142701_N0213_R053_T20NQG_20200111T164651_06_13.png,0.022769199523855192,0.04452460933406144,0.9935992122107337,0.022772539792699924,0.3392143249511719,0.05395359999965876
YOLOv8x,train_S2A_MSIL2A_20200111T142701_N0213_R053_T20NQG_20200111T164651_06_14.png,0.0,0.0,0.0,0.0,0.47252655029296875,0.05295090001891367
YOLOv8x,train_S2A_MSIL2A_20200111T142701_N0213_R053_T20NQG_20200111T164651_07_01.png,0.0,0.0,0.0,0.0,0.2826194763183594,0.05513540000538342
YOLOv8x,train_S2A_MSIL2A_20200111T142701_N0213_R053_T20NQG_20200111T164651_07_02.png,0.0,0.0,0.0,0.0,0.18778610229492188,0.054679499997291714
YOLOv8x,train_S2A_MSIL2A_20200111T142701_N0213_R053_T20NQG_20200111T164651_07_03.png,0.0,0.0,0.0,0.0,0.03110504150390625,0.05375869999988936
YOLOv8x,train_S2A_MSIL2A_20200111T142701_N0213_R053_T20NQG_20200111T164651_07_04.png,0.0,0.0,0.0,0.0,0.17401504516601562,0.05364779999945313
YOLOv8x,train_S2A_MSIL2A_20200111T142701_N0213_R053_T20NQG_20200111T164651_07_05.png,0.0,0.0,0.0,0.0,0.3530120849609375,0.05349649998242967
YOLOv8x,train_S2A_MSIL2A_20200111T142701_N0213_R053_T20NQG_20200111T164651_07_06.png,0.0,0.0,0.0,0.0,0.30918121337890625,0.052662800007965416
YOLOv8x,train_S2A_MSIL2A_20200111T142701_N0213_R053_T20NQG_20200111T164651_07_09.png,0.0,0.0,0.0,0.0,0.15800094604492188,0.05306970002129674
YOLOv8x,train_S2A_MSIL2A_20200111T142701_N0213_R053_T20NQG_20200111T164651_07_11.png,0.0,0.0,0.0,0.0,0.24077987670898438,0.0533034999971278
YOLOv8x,train_S2A_MSIL2A_20200111T142701_N0213_R053_T20NQG_20200111T164651_07_12.png,0.0,0.0,0.0,0.0,0.29520416259765625,0.054354799998691306
YOLOv8x,train_S2A_MSIL2A_20200111T142701_N0213_R053_T20NQG_20200111T164651_07_13.png,0.0,0.0,0.0,0.0,0.1963348388671875,0.05357650000951253
YOLOv8x,train_S2A_MSIL2A_20200111T142701_N0213_R053_T20NQG_20200111T164651_07_14.png,0.0,0.0,0.0,0.0,0.3779945373535156,0.05518870000378229
YOLOv8x,train_S2A_MSIL2A_20200111T142701_N0213_R053_T20NQG_20200111T164651_07_15.png,0.0,0.0,0.0,0.0,0.5633964538574219,0.055612600001040846
YOLOv8x,train_S2A_MSIL2A_20200111T142701_N0213_R053_T20NQG_20200111T164651_08_01.png,0.0,0.0,0.0,0.0,0.0770263671875,0.056609899998875335
YOLOv8x,train_S2A_MSIL2A_20200111T142701_N0213_R053_T20NQG_20200111T164651_08_09.png,0.0,0.0,0.0,0.0,0.4984779357910156,0.060712400008924305
YOLOv8x,train_S2A_MSIL2A_20200111T142701_N0213_R053_T20NQG_20200111T164651_08_10.png,0.0,0.0,0.0,0.0,0.5098724365234375,0.05388200000743382
YOLOv8x,train_S2A_MSIL2A_20200111T142701_N0213_R053_T20NQG_20200111T164651_08_14.png,0.0,0.0,0.0,0.0,0.2684593200683594,0.05701689998386428
YOLOv8x,train_S2A_MSIL2A_20200111T142701_N0213_R053_T20NQG_20200111T164651_09_01.png,0.0,0.0,0.0,0.0,0.22026443481445312,0.05381150002358481
YOLOv8x,train_S2A_MSIL2A_20200111T142701_N0213_R053_T20NQG_20200111T164651_09_02.png,0.0,0.0,0.0,0.0,0.36429595947265625,0.05348860000958666
YOLOv8x,train_S2A_MSIL2A_20200111T142701_N0213_R053_T20NQG_20200111T164651_09_03.png,0.0,0.0,0.0,0.0,0.9452667236328125,0.05400460000964813
YOLOv8x,train_S2A_MSIL2A_20200111T142701_N0213_R053_T20NQG_20200111T164651_09_07.png,0.0,0.0,0.0,0.0,0.7738838195800781,0.05371440001181327
YOLOv8x,train_S2A_MSIL2A_20200111T142701_N0213_R053_T20NQG_20200111T164651_09_08.png,0.0,0.0,0.0,0.0,0.4558258056640625,0.053437700000358745
YOLOv8x,train_S2A_MSIL2A_20200111T142701_N0213_R053_T20NQG_20200111T164651_09_09.png,0.0,0.0,0.0,0.0,0.16601943969726562,0.052412399993045256
YOLOv8x,train_S2A_MSIL2A_20200111T142701_N0213_R053_T20NQG_20200111T164651_09_10.png,0.0,0.0,0.0,0.0,0.04801177978515625,0.053398000018205494
YOLOv8x,train_S2A_MSIL2A_20200111T142701_N0213_R053_T20NQG_20200111T164651_09_12.png,0.0,0.0,0.0,0.0,0.4818115234375,0.05460210001911037
YOLOv8x,train_S2A_MSIL2A_20200111T142701_N0213_R053_T20NQG_20200111T164651_09_13.png,0.0,0.0,0.0,0.0,0.6373748779296875,0.05597899999702349
YOLOv8x,train_S2A_MSIL2A_20200111T142701_N0213_R053_T20NQG_20200111T164651_09_15.png,0.0,0.0,0.0,0.0,0.4093513488769531,0.05422240000916645
YOLOv8x,train_S2A_MSIL2A_20200111T142701_N0213_R053_T20NQG_20200111T164651_09_16.png,0.0,0.0,0.0,0.0,0.6817550659179688,0.053897100005997345
YOLOv8x,train_S2A_MSIL2A_20200111T142701_N0213_R053_T20NQG_20200111T164651_10_01.png,0.0,0.0,0.0,0.0,0.102935791015625,0.05374280002433807
YOLOv8x,train_S2A_MSIL2A_20200111T142701_N0213_R053_T20NQG_20200111T164651_10_02.png,0.0,0.0,0.0,0.0,0.7704010009765625,0.05417729998589493
YOLOv8x,train_S2A_MSIL2A_20200111T142701_N0213_R053_T20NQG_20200111T164651_10_03.png,0.0,0.0,0.0,0.0,0.9815711975097656,0.05380480000167154
YOLOv8x,train_S2A_MSIL2A_20200111T142701_N0213_R053_T20NQG_20200111T164651_10_04.png,0.0,0.0,0.0,0.0,0.9831466674804688,0.055381699989084154
YOLOv8x,train_S2A_MSIL2A_20200111T142701_N0213_R053_T20NQG_20200111T164651_10_09.png,0.0,0.0,0.0,0.0,0.32759857177734375,0.05731989999185316
YOLOv8x,train_S2A_MSIL2A_20200111T142701_N0213_R053_T20NQG_20200111T164651_10_11.png,0.0,0.0,0.0,0.0,0.103546142578125,0.05302799999481067
YOLOv8x,train_S2A_MSIL2A_20200111T142701_N0213_R053_T20NQG_20200111T164651_10_12.png,0.022659052964370714,0.044313992818406416,0.9828582434514638,0.022668011140774436,0.16036605834960938,0.055983099999139085
YOLOv8x,train_S2A_MSIL2A_20200111T142701_N0213_R053_T20NQG_20200111T164651_10_17.png,0.0,0.0,0.0,0.0,0.4242362976074219,0.05335809997632168
YOLOv8x,train_S2A_MSIL2A_20200111T142701_N0213_R053_T20NQG_20200111T164651_11_02.png,0.0,0.0,0.0,0.0,0.5790252685546875,0.053424300014739856
YOLOv8x,train_S2A_MSIL2A_20200111T142701_N0213_R053_T20NQG_20200111T164651_11_03.png,0.0,0.0,0.0,0.0,0.9728775024414062,0.05364009999902919
YOLOv8x,train_S2A_MSIL2A_20200111T142701_N0213_R053_T20NQG_20200111T164651_11_05.png,0.0,0.0,0.0,0.0,0.9405403137207031,0.05639549999614246
YOLOv8x,train_S2A_MSIL2A_20200111T142701_N0213_R053_T20NQG_20200111T164651_11_07.png,0.0,0.0,0.0,0.0,0.27191162109375,0.05976159998681396
YOLOv8x,train_S2A_MSIL2A_20200111T142701_N0213_R053_T20NQG_20200111T164651_11_10.png,0.0,0.0,0.0,0.0,0.46007537841796875,0.056581900018500164
YOLOv8x,train_S2A_MSIL2A_20200111T142701_N0213_R053_T20NQG_20200111T164651_11_11.png,0.0,0.0,0.0,0.0,0.19601058959960938,0.056743099994491786
YOLOv8x,train_S2A_MSIL2A_20200111T142701_N0213_R053_T20NQG_20200111T164651_11_14.png,0.0,0.0,0.0,0.0,0.6617965698242188,0.0555811999947764
YOLOv8x,train_S2A_MSIL2A_20200111T142701_N0213_R053_T20NQG_20200111T164651_11_17.png,0.0,0.0,0.0,0.0,0.25260162353515625,0.055574199999682605
YOLOv8x,train_S2A_MSIL2A_20200111T142701_N0213_R053_T20NQG_20200111T164651_11_18.png,0.0,0.0,0.0,0.0,0.07268142700195312,0.05539559997851029
YOLOv8x,train_S2A_MSIL2A_20200111T142701_N0213_R053_T20NQG_20200111T164651_12_01.png,0.0,0.0,0.0,0.0,0.13274765014648438,0.05563270000857301
YOLOv8x,train_S2A_MSIL2A_20200111T142701_N0213_R053_T20NQG_20200111T164651_12_02.png,0.0,0.0,0.0,0.0,0.83721923828125,0.05505250001442619
YOLOv8x,train_S2A_MSIL2A_20200111T142701_N0213_R053_T20NQG_20200111T164651_12_05.png,0.0,0.0,0.0,0.0,0.9055404663085938,0.05384989999583922
YOLOv8x,train_S2A_MSIL2A_20200111T142701_N0213_R053_T20NQG_20200111T164651_12_07.png,0.0,0.0,0.0,0.0,0.5934982299804688,0.053713200002675876
YOLOv8x,train_S2A_MSIL2A_20200111T142701_N0213_R053_T20NQG_20200111T164651_12_11.png,0.0,0.0,0.0,0.0,0.4411125183105469,0.05299100000411272
YOLOv8x,train_S2A_MSIL2A_20200111T142701_N0213_R053_T20NQG_20200111T164651_12_14.png,0.0,0.0,0.0,0.0,0.19156646728515625,0.052167799993185326
YOLOv8x,train_S2A_MSIL2A_20200111T142701_N0213_R053_T20NQG_20200111T164651_12_15.png,0.0,0.0,0.0,0.0,0.41959381103515625,0.05193810001946986
YOLOv8x,train_S2A_MSIL2A_20200111T142701_N0213_R053_T20NQG_20200111T164651_13_02.png,0.0,0.0,0.0,0.0,0.8151397705078125,0.050926500000059605
YOLOv8x,train_S2A_MSIL2A_20200111T142701_N0213_R053_T20NQG_20200111T164651_13_05.png,0.0,0.0,0.0,0.0,0.922576904296875,0.052612700004829094
YOLOv8x,train_S2A_MSIL2A_20200111T142701_N0213_R053_T20NQG_20200111T164651_13_06.png,0.0,0.0,0.0,0.0,0.5809822082519531,0.053027300018584356
YOLOv8x,train_S2A_MSIL2A_20200111T142701_N0213_R053_T20NQG_20200111T164651_13_07.png,0.0,0.0,0.0,0.0,0.5353012084960938,0.05361639999318868
YOLOv8x,train_S2A_MSIL2A_20200111T142701_N0213_R053_T20NQG_20200111T164651_13_08.png,0.0,0.0,0.0,0.0,0.6240081787109375,0.05585619999328628
YOLOv8x,train_S2A_MSIL2A_20200111T142701_N0213_R053_T20NQG_20200111T164651_13_10.png,0.0,0.0,0.0,0.0,0.8109512329101562,0.05361810000613332
YOLOv8x,train_S2A_MSIL2A_20200111T142701_N0213_R053_T20NQG_20200111T164651_13_13.png,0.0,0.0,0.0,0.0,0.3660850524902344,0.05229029999463819
YOLOv8x,train_S2A_MSIL2A_20200111T142701_N0213_R053_T20NQG_20200111T164651_13_14.png,0.0,0.0,0.0,0.0,0.3474540710449219,0.05242400002316572
YOLOv8x,train_S2A_MSIL2A_20200111T142701_N0213_R053_T20NQG_20200111T164651_13_16.png,0.0,0.0,0.0,0.0,0.24831390380859375,0.05268690001685172
YOLOv8x,train_S2A_MSIL2A_20200111T142701_N0213_R053_T20NQG_20200111T164651_14_01.png,0.0,0.0,0.0,0.0,0.3625946044921875,0.05277290000231005
YOLOv8x,train_S2A_MSIL2A_20200111T142701_N0213_R053_T20NQG_20200111T164651_14_08.png,0.0,0.0,0.0,0.0,0.9360275268554688,0.052405099995667115
YOLOv8x,train_S2A_MSIL2A_20200111T142701_N0213_R053_T20NQG_20200111T164651_14_11.png,0.0,0.0,0.0,0.0,0.7055015563964844,0.05429650002042763
YOLOv8x,train_S2A_MSIL2A_20200111T142701_N0213_R053_T20NQG_20200111T164651_15_02.png,0.0,0.0,0.0,0.0,0.7300567626953125,0.05525320000015199
YOLOv8x,train_S2A_MSIL2A_20200111T142701_N0213_R053_T20NQG_20200111T164651_15_03.png,0.0,0.0,0.0,0.0,0.9664230346679688,0.05336750001879409
YOLOv8x,train_S2A_MSIL2A_20200111T142701_N0213_R053_T20NQG_20200111T164651_15_13.png,0.0,0.0,0.0,0.0,0.20359420776367188,0.05256690000533126
YOLOv8x,train_S2A_MSIL2A_20200111T142701_N0213_R053_T20NQG_20200111T164651_17_01.png,0.0,0.0,0.0,0.0,0.3895759582519531,0.05328729999018833
YOLOv8x,train_S2A_MSIL2A_20200115T140641_N0213_R110_T21LUH_20200115T163049_01_09.png,0.0,0.0,0.0,0.0,0.778228759765625,0.052224299986846745
YOLOv8x,train_S2A_MSIL2A_20200115T140641_N0213_R110_T21LUH_20200115T163049_02_09.png,0.0,0.0,0.0,0.0,0.9186058044433594,0.05291550001129508
YOLOv8x,train_S2A_MSIL2A_20200115T140641_N0213_R110_T21LUH_20200115T163049_03_03.png,0.0,0.0,0.0,0.0,0.87542724609375,0.0531675000092946
YOLOv8x,train_S2A_MSIL2A_20200115T140641_N0213_R110_T21LUH_20200115T163049_03_05.png,0.0,0.0,0.0,0.0,0.5654335021972656,0.05250250000972301
YOLOv8x,train_S2A_MSIL2A_20200115T140641_N0213_R110_T21LUH_20200115T163049_03_08.png,0.0,0.0,0.0,0.0,0.7925148010253906,0.05325580001226626
YOLOv8x,train_S2A_MSIL2A_20200115T140641_N0213_R110_T21LUH_20200115T163049_03_09.png,0.0,0.0,0.0,0.0,0.8455810546875,0.053868699993472546
YOLOv8x,train_S2A_MSIL2A_20200115T140641_N0213_R110_T21LUH_20200115T163049_04_02.png,0.0,0.0,0.0,0.0,0.7999000549316406,0.05275120001169853
YOLOv8x,train_S2A_MSIL2A_20200115T140641_N0213_R110_T21LUH_20200115T163049_04_06.png,0.0,0.0,0.0,0.0,0.44110870361328125,0.05302709998795763
YOLOv8x,train_S2A_MSIL2A_20200115T140641_N0213_R110_T21LUH_20200115T163049_04_07.png,0.0,0.0,0.0,0.0,0.7932281494140625,0.055008199997246265
YOLOv8x,train_S2A_MSIL2A_20200115T140641_N0213_R110_T21LUH_20200115T163049_04_08.png,0.0,0.0,0.0,0.0,0.4847869873046875,0.05612880000262521
YOLOv8x,train_S2A_MSIL2A_20200115T140641_N0213_R110_T21LUH_20200115T163049_04_09.png,0.0,0.0,0.0,0.0,0.42235565185546875,0.055623099993681535
YOLOv8x,train_S2A_MSIL2A_20200115T140641_N0213_R110_T21LUH_20200115T163049_04_11.png,0.0,0.0,0.0,0.0,0.011505126953125,0.05220310000004247
YOLOv8x,train_S2A_MSIL2A_20200115T140641_N0213_R110_T21LUH_20200115T163049_04_12.png,0.0,0.0,0.0,0.0,0.10044097900390625,0.05319850001251325
YOLOv8x,train_S2A_MSIL2A_20200115T140641_N0213_R110_T21LUH_20200115T163049_04_13.png,0.0,0.0,0.0,0.0,0.6615219116210938,0.05760200001532212
YOLOv8x,train_S2A_MSIL2A_20200115T140641_N0213_R110_T21LUH_20200115T163049_04_14.png,0.0,0.0,0.0,0.0,0.7066192626953125,0.05418029997963458
YOLOv8x,train_S2A_MSIL2A_20200115T140641_N0213_R110_T21LUH_20200115T163049_04_15.png,0.0,0.0,0.0,0.0,0.5383720397949219,0.058808600006159395
YOLOv8x,train_S2A_MSIL2A_20200115T140641_N0213_R110_T21LUH_20200115T163049_05_02.png,0.0,0.0,0.0,0.0,0.752685546875,0.05906020000111312
YOLOv8x,train_S2A_MSIL2A_20200115T140641_N0213_R110_T21LUH_20200115T163049_05_03.png,0.0,0.0,0.0,0.0,0.8507347106933594,0.05463410000083968
YOLOv8x,train_S2A_MSIL2A_20200115T140641_N0213_R110_T21LUH_20200115T163049_05_06.png,0.0,0.0,0.0,0.0,0.8393707275390625,0.056364200019743294
YOLOv8x,train_S2A_MSIL2A_20200115T140641_N0213_R110_T21LUH_20200115T163049_05_08.png,0.0,0.0,0.0,0.0,0.36643218994140625,0.05870969998068176
YOLOv8x,train_S2A_MSIL2A_20200115T140641_N0213_R110_T21LUH_20200115T163049_05_09.png,0.0,0.0,0.0,0.0,0.5567665100097656,0.05806080001639202
YOLOv8x,train_S2A_MSIL2A_20200115T140641_N0213_R110_T21LUH_20200115T163049_05_10.png,0.0,0.0,0.0,0.0,0.39870452880859375,0.05639179999707267
YOLOv8x,train_S2A_MSIL2A_20200115T140641_N0213_R110_T21LUH_20200115T163049_06_06.png,0.0,0.0,0.0,0.0,0.85540771484375,0.05534729998908006
YOLOv8x,train_S2A_MSIL2A_20200115T140641_N0213_R110_T21LUH_20200115T163049_06_09.png,0.0,0.0,0.0,0.0,0.7356643676757812,0.06040210000355728
YOLOv8x,train_S2A_MSIL2A_20200115T140641_N0213_R110_T21LUH_20200115T163049_07_04.png,0.0,0.0,0.0,0.0,0.9059982299804688,0.05506800001603551
YOLOv8x,train_S2A_MSIL2A_20200115T140641_N0213_R110_T21LUH_20200115T163049_07_06.png,0.0,0.0,0.0,0.0,0.8539352416992188,0.054743300017435104
YOLOv8x,train_S2A_MSIL2A_20200115T140641_N0213_R110_T21LUH_20200115T163049_07_13.png,0.0,0.0,0.0,0.0,0.7373542785644531,0.05380560000776313
YOLOv8x,train_S2A_MSIL2A_20200115T140641_N0213_R110_T21LUH_20200115T163049_08_03.png,0.0,0.0,0.0,0.0,0.8485450744628906,0.0539617000031285
YOLOv8x,train_S2A_MSIL2A_20200115T140641_N0213_R110_T21LUH_20200115T163049_08_04.png,0.0,0.0,0.0,0.0,0.8818855285644531,0.05367280001519248
YOLOv8x,train_S2A_MSIL2A_20200115T140641_N0213_R110_T21LUH_20200115T163049_08_05.png,0.0,0.0,0.0,0.0,0.7808609008789062,0.053252399986376986
YOLOv8x,train_S2A_MSIL2A_20200115T140641_N0213_R110_T21LUH_20200115T163049_08_06.png,0.0,0.0,0.0,0.0,0.8946342468261719,0.05392030000803061
YOLOv8x,train_S2A_MSIL2A_20200115T140641_N0213_R110_T21LUH_20200115T163049_09_06.png,0.0,0.0,0.0,0.0,0.8294334411621094,0.05314249999355525
YOLOv8x,train_S2A_MSIL2A_20200115T140641_N0213_R110_T21LUH_20200115T163049_16_11.png,0.000373068389326317,0.0007458585224150114,0.027259684361549498,0.0003781019283198344,0.6115875244140625,0.05568759999005124
YOLOv8x,train_S2A_MSIL2A_20200217T141651_N0209_R010_T20LQN_20200217T160045_02_11.png,0.0,0.0,0.0,0.0,0.08388519287109375,0.050505799998063594
YOLOv8x,train_S2A_MSIL2A_20200217T141651_N0209_R010_T20LQN_20200217T160045_02_15.png,0.0,0.0,0.0,0.0,0.3261451721191406,0.0552268999745138
YOLOv8x,train_S2A_MSIL2A_20200217T141651_N0209_R010_T20LQN_20200217T160045_02_16.png,0.0021740413559722194,0.004338650306748466,0.9587852494577006,0.002174244548401537,0.22612762451171875,0.05367279998608865
YOLOv8x,train_S2A_MSIL2A_20200217T141651_N0209_R010_T20LQN_20200217T160045_02_17.png,0.0,0.0,0.0,0.0,0.23914337158203125,0.052557599992724136
YOLOv8x,train_S2A_MSIL2A_20200217T141651_N0209_R010_T20LQN_20200217T160045_02_21.png,0.030543543962430836,0.059276571361538355,0.9698804075003691,0.03057254288719481,0.20463180541992188,0.05879420001292601
YOLOv8x,train_S2A_MSIL2A_20200217T141651_N0209_R010_T20LQN_20200217T160045_03_02.png,0.0,0.0,0.0,0.0,0.046100616455078125,0.05095990002155304
YOLOv8x,train_S2A_MSIL2A_20200217T141651_N0209_R010_T20LQN_20200217T160045_03_13.png,0.0,0.0,0.0,0.0,0.14628219604492188,0.05486689999816008
YOLOv8x,train_S2A_MSIL2A_20200217T141651_N0209_R010_T20LQN_20200217T160045_03_14.png,0.0027135914260289647,0.005412495550538568,1.0,0.0027135914260289647,0.22191238403320312,0.05902859999332577
YOLOv8x,train_S2A_MSIL2A_20200217T141651_N0209_R010_T20LQN_20200217T160045_03_15.png,0.0,0.0,0.0,0.0,0.1883392333984375,0.05606719999923371
YOLOv8x,train_S2A_MSIL2A_20200217T141651_N0209_R010_T20LQN_20200217T160045_03_17.png,0.0,0.0,0.0,0.0,0.2412872314453125,0.05451099999481812
YOLOv8x,train_S2A_MSIL2A_20200217T141651_N0209_R010_T20LQN_20200217T160045_03_19.png,0.019394174422612893,0.03805039288869351,0.9677488712104924,0.01940671754408658,0.13185501098632812,0.058070800005225465
YOLOv8x,train_S2A_MSIL2A_20200217T141651_N0209_R010_T20LQN_20200217T160045_03_21.png,0.007238220733704853,0.014372410785667563,0.9711479435236341,0.007239777589639155,0.1722869873046875,0.060733299993444234
YOLOv8x,train_S2A_MSIL2A_20200217T141651_N0209_R010_T20LQN_20200217T160045_04_15.png,0.0,0.0,0.0,0.0,0.2323150634765625,0.05680900000152178
YOLOv8x,train_S2A_MSIL2A_20200217T141651_N0209_R010_T20LQN_20200217T160045_04_16.png,0.0,0.0,0.0,0.0,0.12780380249023438,0.054728100018110126
YOLOv8x,train_S2A_MSIL2A_20200217T141651_N0209_R010_T20LQN_20200217T160045_04_17.png,0.0,0.0,0.0,0.0,0.30376434326171875,0.05568330001551658
YOLOv8x,train_S2A_MSIL2A_20200217T141651_N0209_R010_T20LQN_20200217T160045_04_21.png,0.0032414392172998674,0.006461932473261362,0.9341238471673254,0.003242180354856411,0.16831588745117188,0.055323700013104826
YOLOv8x,train_S2A_MSIL2A_20200217T141651_N0209_R010_T20LQN_20200217T160045_05_01.png,0.0,0.0,0.0,0.0,0.023708343505859375,0.05140289998962544
YOLOv8x,train_S2A_MSIL2A_20200217T141651_N0209_R010_T20LQN_20200217T160045_05_16.png,0.0,0.0,0.0,0.0,0.10461044311523438,0.05150780000258237
YOLOv8x,train_S2A_MSIL2A_20200217T141651_N0209_R010_T20LQN_20200217T160045_05_17.png,0.0,0.0,0.0,0.0,0.21310806274414062,0.05523319999338128
YOLOv8x,train_S2A_MSIL2A_20200217T141651_N0209_R010_T20LQN_20200217T160045_05_18.png,0.0,0.0,0.0,0.0,0.2457122802734375,0.055568399984622374
YOLOv8x,train_S2A_MSIL2A_20200217T141651_N0209_R010_T20LQN_20200217T160045_05_20.png,0.0,0.0,0.0,0.0,0.13541793823242188,0.056328300008317456
YOLOv8x,train_S2A_MSIL2A_20200217T141651_N0209_R010_T20LQN_20200217T160045_05_21.png,0.0,0.0,0.0,0.0,0.08465957641601562,0.0521149999985937
YOLOv8x,train_S2A_MSIL2A_20200217T141651_N0209_R010_T20LQN_20200217T160045_06_01.png,0.0,0.0,0.0,0.0,0.013675689697265625,0.05409960000542924
YOLOv8x,train_S2A_MSIL2A_20200217T141651_N0209_R010_T20LQN_20200217T160045_06_13.png,0.003319263841105943,0.006616565555411501,0.896969696969697,0.00332052984887102,0.15237045288085938,0.0543891999986954
YOLOv8x,train_S2A_MSIL2A_20200217T141651_N0209_R010_T20LQN_20200217T160045_06_14.png,0.006423152882112996,0.012764318594457792,0.8963296844816484,0.0064279282399390455,0.1786041259765625,0.051846700021997094
YOLOv8x,train_S2A_MSIL2A_20200217T141651_N0209_R010_T20LQN_20200217T160045_06_16.png,0.0,0.0,0.0,0.0,0.1207733154296875,0.051563399989390746
YOLOv8x,train_S2A_MSIL2A_20200217T141651_N0209_R010_T20LQN_20200217T160045_06_17.png,0.0,0.0,0.0,0.0,0.15506362915039062,0.058349099999759346
YOLOv8x,train_S2A_MSIL2A_20200217T141651_N0209_R010_T20LQN_20200217T160045_06_18.png,0.0,0.0,0.0,0.0,0.2757377624511719,0.05418649999774061
YOLOv8x,train_S2A_MSIL2A_20200217T141651_N0209_R010_T20LQN_20200217T160045_06_19.png,0.0,0.0,0.0,0.0,0.18827438354492188,0.05325590001302771
YOLOv8x,train_S2A_MSIL2A_20200217T141651_N0209_R010_T20LQN_20200217T160045_06_20.png,0.0,0.0,0.0,0.0,0.07634353637695312,0.05161130000487901
YOLOv8x,train_S2A_MSIL2A_20200217T141651_N0209_R010_T20LQN_20200217T160045_07_01.png,0.0,0.0,0.0,0.0,0.019489288330078125,0.04938459998811595
YOLOv8x,train_S2A_MSIL2A_20200217T141651_N0209_R010_T20LQN_20200217T160045_07_03.png,0.0,0.0,0.0,0.0,0.6674003601074219,0.05306940001901239
YOLOv8x,train_S2A_MSIL2A_20200217T141651_N0209_R010_T20LQN_20200217T160045_07_04.png,0.0,0.0,0.0,0.0,0.5941619873046875,0.05153759999666363
YOLOv8x,train_S2A_MSIL2A_20200217T141651_N0209_R010_T20LQN_20200217T160045_07_09.png,0.0,0.0,0.0,0.0,0.5820693969726562,0.05269740000949241
YOLOv8x,train_S2A_MSIL2A_20200217T141651_N0209_R010_T20LQN_20200217T160045_07_16.png,0.0,0.0,0.0,0.0,0.15284347534179688,0.05167709998204373
YOLOv8x,train_S2A_MSIL2A_20200217T141651_N0209_R010_T20LQN_20200217T160045_07_18.png,0.0,0.0,0.0,0.0,0.11272430419921875,0.05184309999458492
YOLOv8x,train_S2A_MSIL2A_20200217T141651_N0209_R010_T20LQN_20200217T160045_07_19.png,0.0,0.0,0.0,0.0,0.0860748291015625,0.055220200010808185
YOLOv8x,train_S2A_MSIL2A_20200217T141651_N0209_R010_T20LQN_20200217T160045_07_20.png,0.0,0.0,0.0,0.0,0.07149124145507812,0.054417300008935854
YOLOv8x,train_S2A_MSIL2A_20200217T141651_N0209_R010_T20LQN_20200217T160045_07_21.png,0.0,0.0,0.0,0.0,0.00902557373046875,0.04837630002293736
YOLOv8x,train_S2A_MSIL2A_20200217T141651_N0209_R010_T20LQN_20200217T160045_08_01.png,0.0,0.0,0.0,0.0,0.05231475830078125,0.049295400007395074
YOLOv8x,train_S2A_MSIL2A_20200217T141651_N0209_R010_T20LQN_20200217T160045_08_05.png,0.0,0.0,0.0,0.0,0.6326637268066406,0.05251080001471564
YOLOv8x,train_S2A_MSIL2A_20200217T141651_N0209_R010_T20LQN_20200217T160045_08_15.png,0.0,0.0,0.0,0.0,0.11957931518554688,0.05003849999047816
YOLOv8x,train_S2A_MSIL2A_20200217T141651_N0209_R010_T20LQN_20200217T160045_08_16.png,0.0,0.0,0.0,0.0,0.14166641235351562,0.04983659999561496
YOLOv8x,train_S2A_MSIL2A_20200217T141651_N0209_R010_T20LQN_20200217T160045_08_17.png,0.0,0.0,0.0,0.0,0.08797454833984375,0.049729499995009974
YOLOv8x,train_S2A_MSIL2A_20200217T141651_N0209_R010_T20LQN_20200217T160045_08_19.png,0.0,0.0,0.0,0.0,0.06853485107421875,0.048924800008535385
YOLOv8x,train_S2A_MSIL2A_20200217T141651_N0209_R010_T20LQN_20200217T160045_08_20.png,0.007845661924075624,0.015569173377394888,0.9780631353665061,0.007847042763807446,0.11816787719726562,0.051769700017757714
YOLOv8x,train_S2A_MSIL2A_20200217T141651_N0209_R010_T20LQN_20200217T160045_08_21.png,0.0053939021894823,0.010729928195776414,0.9191073919107392,0.005396464046774814,0.072906494140625,0.050176799995824695
YOLOv8x,train_S2A_MSIL2A_20200217T141651_N0209_R010_T20LQN_20200217T160045_09_03.png,0.0,0.0,0.0,0.0,0.7809410095214844,0.05238680000184104
YOLOv8x,train_S2A_MSIL2A_20200217T141651_N0209_R010_T20LQN_20200217T160045_09_09.png,0.0,0.0,0.0,0.0,0.3722991943359375,0.051030300004640594
YOLOv8x,train_S2A_MSIL2A_20200217T141651_N0209_R010_T20LQN_20200217T160045_09_10.png,0.0016928989751098097,0.003380075823322523,1.0,0.0016928989751098097,0.16767120361328125,0.05120580000220798
YOLOv8x,train_S2A_MSIL2A_20200217T141651_N0209_R010_T20LQN_20200217T160045_09_13.png,0.0,0.0,0.0,0.0,0.20078277587890625,0.0505758999788668
YOLOv8x,train_S2A_MSIL2A_20200217T141651_N0209_R010_T20LQN_20200217T160045_09_16.png,0.0,0.0,0.0,0.0,0.16383743286132812,0.050147200003266335
YOLOv8x,train_S2A_MSIL2A_20200217T141651_N0209_R010_T20LQN_20200217T160045_09_17.png,0.0,0.0,0.0,0.0,0.07339096069335938,0.04966630000853911
YOLOv8x,train_S2A_MSIL2A_20200217T141651_N0209_R010_T20LQN_20200217T160045_09_20.png,0.008907433479365429,0.017657583210873642,0.9746127366609294,0.008909500713940123,0.038631439208984375,0.04975700000068173
YOLOv8x,train_S2A_MSIL2A_20200217T141651_N0209_R010_T20LQN_20200217T160045_10_08.png,0.0,0.0,0.0,0.0,0.5512657165527344,0.051806400006171316
YOLOv8x,train_S2A_MSIL2A_20200217T141651_N0209_R010_T20LQN_20200217T160045_10_09.png,0.0,0.0,0.0,0.0,0.5527610778808594,0.05272099998546764
YOLOv8x,train_S2A_MSIL2A_20200217T141651_N0209_R010_T20LQN_20200217T160045_10_12.png,0.004427715615619473,0.008816394742563832,0.9980694980694981,0.004427753535993697,0.11310195922851562,0.05229769999277778
YOLOv8x,train_S2A_MSIL2A_20200217T141651_N0209_R010_T20LQN_20200217T160045_10_13.png,0.0,0.0,0.0,0.0,0.0510101318359375,0.049585699976887554
YOLOv8x,train_S2A_MSIL2A_20200217T141651_N0209_R010_T20LQN_20200217T160045_11_06.png,0.0,0.0,0.0,0.0,0.6334953308105469,0.05256999999983236
YOLOv8x,train_S2A_MSIL2A_20200217T141651_N0209_R010_T20LQN_20200217T160045_11_09.png,0.0,0.0,0.0,0.0,0.6861228942871094,0.053575400001136586
YOLOv8x,train_S2A_MSIL2A_20200217T141651_N0209_R010_T20LQN_20200217T160045_11_16.png,0.004147144040703797,0.008260032536697012,1.0,0.004147144040703797,0.18840408325195312,0.05137189998640679
YOLOv8x,train_S2A_MSIL2A_20200217T141651_N0209_R010_T20LQN_20200217T160045_12_01.png,0.0,0.0,0.0,0.0,0.8796463012695312,0.05294849997153506
YOLOv8x,train_S2A_MSIL2A_20200217T141651_N0209_R010_T20LQN_20200217T160045_12_02.png,0.0,0.0,0.0,0.0,0.8058967590332031,0.053165300021646544
YOLOv8x,train_S2A_MSIL2A_20200217T141651_N0209_R010_T20LQN_20200217T160045_12_05.png,0.0,0.0,0.0,0.0,0.6573333740234375,0.055050900002243
YOLOv8x,train_S2A_MSIL2A_20200217T141651_N0209_R010_T20LQN_20200217T160045_12_12.png,0.0,0.0,0.0,0.0,0.0946197509765625,0.050822699995478615
YOLOv8x,train_S2A_MSIL2A_20200217T141651_N0209_R010_T20LQN_20200217T160045_12_13.png,0.04295953279848985,0.08238005684308762,0.9198947368421052,0.0431208459363574,0.2573356628417969,0.1664623999968171
YOLOv8x,train_S2A_MSIL2A_20200217T141651_N0209_R010_T20LQN_20200217T160045_12_14.png,0.0,0.0,0.0,0.0,0.23343658447265625,0.05181299999821931
YOLOv8x,train_S2A_MSIL2A_20200217T141651_N0209_R010_T20LQN_20200217T160045_12_17.png,0.001349568396816226,0.0026954990333234296,1.0,0.001349568396816226,0.11646652221679688,0.0537377999862656
YOLOv8x,train_S2A_MSIL2A_20200217T141651_N0209_R010_T20LQN_20200217T160045_12_18.png,0.014713440674323201,0.029000188791321126,0.9918110236220472,0.014715228322024711,0.19558334350585938,0.05539080000016838
YOLOv8x,train_S2A_MSIL2A_20200217T141651_N0209_R010_T20LQN_20200217T160045_13_02.png,0.0,0.0,0.0,0.0,0.8039321899414062,0.053110699984245
YOLOv8x,train_S2A_MSIL2A_20200217T141651_N0209_R010_T20LQN_20200217T160045_13_03.png,0.0,0.0,0.0,0.0,0.6495742797851562,0.052969600015785545
YOLOv8x,train_S2A_MSIL2A_20200217T141651_N0209_R010_T20LQN_20200217T160045_13_04.png,0.0,0.0,0.0,0.0,0.7624549865722656,0.05318639997858554
YOLOv8x,train_S2A_MSIL2A_20200217T141651_N0209_R010_T20LQN_20200217T160045_13_10.png,0.0,0.0,0.0,0.0,0.5954322814941406,0.05342329997802153
YOLOv8x,train_S2A_MSIL2A_20200217T141651_N0209_R010_T20LQN_20200217T160045_13_13.png,0.0,0.0,0.0,0.0,0.2628364562988281,0.054725099995266646
YOLOv8x,train_S2A_MSIL2A_20200217T141651_N0209_R010_T20LQN_20200217T160045_13_15.png,0.002949478706948535,0.005881609731232219,1.0,0.002949478706948535,0.12956619262695312,0.05417459999443963
YOLOv8x,train_S2A_MSIL2A_20200217T141651_N0209_R010_T20LQN_20200217T160045_13_17.png,0.010481567710738894,0.020745688087087114,0.9699084169210641,0.010484977346980147,0.19907379150390625,0.057610100018791854
YOLOv8x,train_S2A_MSIL2A_20200217T141651_N0209_R010_T20LQN_20200217T160045_13_18.png,0.0,0.0,0.0,0.0,0.05328369140625,0.05094610000378452
YOLOv8x,train_S2A_MSIL2A_20200217T141651_N0209_R010_T20LQN_20200217T160045_14_02.png,0.0,0.0,0.0,0.0,0.8634796142578125,0.05523959998390637
YOLOv8x,train_S2A_MSIL2A_20200217T141651_N0209_R010_T20LQN_20200217T160045_14_03.png,0.0,0.0,0.0,0.0,0.8716583251953125,0.05786080000689253
YOLOv8x,train_S2A_MSIL2A_20200217T141651_N0209_R010_T20LQN_20200217T160045_14_08.png,0.0,0.0,0.0,0.0,0.7591972351074219,0.05775880001601763
YOLOv8x,train_S2A_MSIL2A_20200217T141651_N0209_R010_T20LQN_20200217T160045_14_18.png,0.007994932957288654,0.01586304195762742,0.971912832929782,0.007996780568659951,0.050037384033203125,0.05395289999432862
YOLOv8x,train_S2A_MSIL2A_20200217T141651_N0209_R010_T20LQN_20200217T160045_14_19.png,0.0,0.0,0.0,0.0,0.039928436279296875,0.05559609999181703
YOLOv8x,train_S2A_MSIL2A_20200217T141651_N0209_R010_T20LQN_20200217T160045_14_20.png,0.007413516365603412,0.014717921181658935,0.9559748427672956,0.007416048293022616,0.14603424072265625,0.05886209997697733
YOLOv8x,train_S2A_MSIL2A_20200217T141651_N0209_R010_T20LQN_20200217T160045_14_21.png,0.0,0.0,0.0,0.0,0.14078521728515625,0.052913399995304644
YOLOv8x,train_S2A_MSIL2A_20200217T141651_N0209_R010_T20LQN_20200217T160045_15_09.png,0.0,0.0,0.0,0.0,0.6807937622070312,0.05475670000305399
YOLOv8x,train_S2A_MSIL2A_20200217T141651_N0209_R010_T20LQN_20200217T160045_15_12.png,0.010764910403851297,0.02130052259046107,0.9070422535211268,0.01077679975902808,0.548492431640625,0.056752100004814565
YOLOv8x,train_S2A_MSIL2A_20200217T141651_N0209_R010_T20LQN_20200217T160045_15_17.png,0.0,0.0,0.0,0.0,0.026210784912109375,0.052632999984780326
YOLOv8x,train_S2A_MSIL2A_20200217T141651_N0209_R010_T20LQN_20200217T160045_15_18.png,0.00473126729204525,0.009417975624063091,0.993127147766323,0.004731422209852491,0.072357177734375,0.05408709999755956
YOLOv8x,train_S2A_MSIL2A_20200217T141651_N0209_R010_T20LQN_20200217T160045_15_20.png,0.016533750663904286,0.03252966397447402,0.9980420949583945,0.01653428695380698,0.07467269897460938,0.05609659999026917
YOLOv8x,train_S2A_MSIL2A_20200217T141651_N0209_R010_T20LQN_20200217T160045_16_09.png,0.0,0.0,0.0,0.0,0.8130912780761719,0.05794299999251962
YOLOv8x,train_S2A_MSIL2A_20200217T141651_N0209_R010_T20LQN_20200217T160045_16_12.png,0.013332778840555603,0.0263147094793693,0.7292993630573248,0.013399088895390146,0.5474739074707031,0.05808950000209734
YOLOv8x,train_S2A_MSIL2A_20200217T141651_N0209_R010_T20LQN_20200217T160045_16_15.png,0.0,0.0,0.0,0.0,0.525665283203125,0.05708500000764616
YOLOv8x,train_S2A_MSIL2A_20200217T141651_N0209_R010_T20LQN_20200217T160045_16_16.png,0.0,0.0,0.0,0.0,0.274932861328125,0.05510040000081062
YOLOv8x,train_S2A_MSIL2A_20200217T141651_N0209_R010_T20LQN_20200217T160045_16_17.png,0.0,0.0,0.0,0.0,0.056766510009765625,0.052512000023853034
YOLOv8x,train_S2A_MSIL2A_20200217T141651_N0209_R010_T20LQN_20200217T160045_17_14.png,0.00981981981981982,0.01944865732893211,0.9813019390581718,0.009821657552002106,0.4549446105957031,0.058959899994079024
YOLOv8x,train_S2A_MSIL2A_20200217T141651_N0209_R010_T20LQN_20200217T160045_17_16.png,0.0,0.0,0.0,0.0,0.2706565856933594,0.05344019999029115
YOLOv8x,train_S2A_MSIL2A_20200217T141651_N0209_R010_T20LQN_20200217T160045_17_18.png,0.013930409464640872,0.027478038600294435,0.9953120421916203,0.013931323537252039,0.08272552490234375,0.05397919999086298
YOLOv8x,train_S2A_MSIL2A_20200217T141651_N0209_R010_T20LQN_20200217T160045_17_19.png,0.04012489089416843,0.07715398649805236,0.9851796566798167,0.0401491253226269,0.15679550170898438,0.054884000011952594
YOLOv8x,train_S2A_MSIL2A_20200217T141651_N0209_R010_T20LQN_20200217T160045_18_04.png,0.0,0.0,0.0,0.0,0.3969535827636719,0.055689599976176396
YOLOv8x,train_S2A_MSIL2A_20200217T141651_N0209_R010_T20LQN_20200217T160045_18_05.png,0.0,0.0,0.0,0.0,0.5260658264160156,0.05396760001895018
YOLOv8x,train_S2A_MSIL2A_20200217T141651_N0209_R010_T20LQN_20200217T160045_18_06.png,0.0,0.0,0.0,0.0,0.5590553283691406,0.05515570001443848
YOLOv8x,train_S2A_MSIL2A_20200217T141651_N0209_R010_T20LQN_20200217T160045_18_14.png,0.0,0.0,0.0,0.0,0.3213691711425781,0.05301730000064708
YOLOv8x,train_S2A_MSIL2A_20200217T141651_N0209_R010_T20LQN_20200217T160045_18_17.png,0.0,0.0,0.0,0.0,0.13976287841796875,0.06858340001781471
YOLOv8x,train_S2A_MSIL2A_20200217T141651_N0209_R010_T20LQN_20200217T160045_19_05.png,0.0,0.0,0.0,0.0,0.21307754516601562,0.05677079997258261
YOLOv8x,train_S2A_MSIL2A_20200217T141651_N0209_R010_T20LQN_20200217T160045_19_10.png,0.0,0.0,0.0,0.0,0.5912094116210938,0.05785179999656975
YOLOv8x,train_S2A_MSIL2A_20200217T141651_N0209_R010_T20LQN_20200217T160045_19_11.png,0.0,0.0,0.0,0.0,0.5883712768554688,0.06028659999719821
YOLOv8x,train_S2A_MSIL2A_20200217T141651_N0209_R010_T20LQN_20200217T160045_20_01.png,0.07839808634592384,0.1453973024220958,0.9466132488586602,0.07874626032769605,0.5443916320800781,0.059192500018980354
YOLOv8x,train_S2A_MSIL2A_20200217T141651_N0209_R010_T20LQN_20200217T160045_20_05.png,0.0,0.0,0.0,0.0,0.5764923095703125,0.06068819999927655
YOLOv8x,train_S2A_MSIL2A_20200217T141651_N0209_R010_T20LQN_20200217T160045_20_09.png,0.0,0.0,0.0,0.0,0.5911979675292969,0.05522510001901537
YOLOv8x,train_S2A_MSIL2A_20200217T141651_N0209_R010_T20LQN_20200217T160045_20_10.png,0.0,0.0,0.0,0.0,0.30605316162109375,0.060097699984908104
YOLOv8x,train_S2A_MSIL2A_20200217T141651_N0209_R010_T20LQN_20200217T160045_20_12.png,0.008119361174790587,0.016107936197810667,1.0,0.008119361174790587,0.3084373474121094,0.05728930002078414
YOLOv8x,train_S2A_MSIL2A_20200217T141651_N0209_R010_T20LQN_20200217T160045_20_13.png,0.0,0.0,0.0,0.0,0.3450202941894531,0.05748519999906421
YOLOv8x,train_S2A_MSIL2A_20200217T141651_N0209_R010_T20LQN_20200217T160045_20_17.png,0.0,0.0,0.0,0.0,0.08885955810546875,0.05247080000117421
YOLOv8x,train_S2A_MSIL2A_20200217T141651_N0209_R010_T20LQN_20200217T160045_21_01.png,0.0,0.0,0.0,0.0,0.5198173522949219,0.0538253000122495
YOLOv8x,train_S2A_MSIL2A_20200217T141651_N0209_R010_T20LQN_20200217T160045_21_02.png,0.11811380400421496,0.21127331329104976,0.907905394459744,0.11954608960890757,0.6807441711425781,0.055163899989565834
YOLOv8x,train_S2A_MSIL2A_20200217T141651_N0209_R010_T20LQN_20200217T160045_21_03.png,0.18572187517174418,0.3132638084202395,0.8882852887058618,0.19016356542617047,0.8304405212402344,0.06128840000019409
YOLOv8x,train_S2A_MSIL2A_20200217T141651_N0209_R010_T20LQN_20200217T160045_21_04.png,0.03266010234144829,0.0632543123674381,0.8748701973001038,0.03281338240735331,0.6192398071289062,0.05716280001797713
YOLOv8x,train_S2A_MSIL2A_20200217T141651_N0209_R010_T20LQN_20200217T160045_21_05.png,0.0,0.0,0.0,0.0,0.42740631103515625,0.05241489998297766
YOLOv8x,train_S2A_MSIL2A_20200217T141651_N0209_R010_T20LQN_20200217T160045_21_06.png,0.0,0.0,0.0,0.0,0.697509765625,0.05467569999746047
YOLOv8x,train_S2A_MSIL2A_20200217T141651_N0209_R010_T20LQN_20200217T160045_21_07.png,0.0,0.0,0.0,0.0,0.5637054443359375,0.05264780001016334
YOLOv8x,train_S2A_MSIL2A_20200217T141651_N0209_R010_T20LQN_20200217T160045_21_08.png,0.0,0.0,0.0,0.0,0.3825111389160156,0.05242399999406189
YOLOv8x,train_S2A_MSIL2A_20200217T141651_N0209_R010_T20LQN_20200217T160045_21_12.png,0.0,0.0,0.0,0.0,0.62060546875,0.05282929999521002
YOLOv8x,train_S2A_MSIL2A_20200818T142741_N0214_R053_T20LMP_20200818T165705_01_08.png,0.0,0.0,0.0,0.0,0.7897834777832031,0.05148409999674186
YOLOv8x,train_S2A_MSIL2A_20200818T142741_N0214_R053_T20LMP_20200818T165705_01_09.png,0.0,0.0,0.0,0.0,0.6376495361328125,0.053551699995296076
YOLOv8x,train_S2A_MSIL2A_20200818T142741_N0214_R053_T20LMP_20200818T165705_01_10.png,0.0,0.0,0.0,0.0,0.46340179443359375,0.05314990002079867
YOLOv8x,train_S2A_MSIL2A_20200818T142741_N0214_R053_T20LMP_20200818T165705_01_12.png,0.0,0.0,0.0,0.0,0.8159294128417969,0.05633089999901131
YOLOv8x,train_S2A_MSIL2A_20200818T142741_N0214_R053_T20LMP_20200818T165705_01_13.png,0.0,0.0,0.0,0.0,0.7453193664550781,0.05454680000548251
YOLOv8x,train_S2A_MSIL2A_20200818T142741_N0214_R053_T20LMP_20200818T165705_01_14.png,0.0,0.0,0.0,0.0,0.6770820617675781,0.05388560000574216
YOLOv8x,train_S2A_MSIL2A_20200818T142741_N0214_R053_T20LMP_20200818T165705_01_15.png,0.0,0.0,0.0,0.0,0.6736373901367188,0.05445509997662157
YOLOv8x,train_S2A_MSIL2A_20200818T142741_N0214_R053_T20LMP_20200818T165705_01_16.png,0.0,0.0,0.0,0.0,0.6899566650390625,0.056245599989779294
YOLOv8x,train_S2A_MSIL2A_20200818T142741_N0214_R053_T20LMP_20200818T165705_01_17.png,0.0,0.0,0.0,0.0,0.8341331481933594,0.05792469999869354
YOLOv8x,train_S2A_MSIL2A_20200818T142741_N0214_R053_T20LMP_20200818T165705_01_19.png,0.0,0.0,0.0,0.0,0.6805534362792969,0.05294490000233054
YOLOv8x,train_S2A_MSIL2A_20200818T142741_N0214_R053_T20LMP_20200818T165705_01_21.png,0.0,0.0,0.0,0.0,0.6336860656738281,0.053680900018662214
YOLOv8x,train_S2A_MSIL2A_20200818T142741_N0214_R053_T20LMP_20200818T165705_02_01.png,0.0,0.0,0.0,0.0,0.822479248046875,0.05495019999216311
YOLOv8x,train_S2A_MSIL2A_20200818T142741_N0214_R053_T20LMP_20200818T165705_02_02.png,0.0,0.0,0.0,0.0,0.8314247131347656,0.05608760000905022
YOLOv8x,train_S2A_MSIL2A_20200818T142741_N0214_R053_T20LMP_20200818T165705_02_05.png,0.0,0.0,0.0,0.0,0.644073486328125,0.05484850000357255
YOLOv8x,train_S2A_MSIL2A_20200818T142741_N0214_R053_T20LMP_20200818T165705_02_06.png,0.0,0.0,0.0,0.0,0.6773529052734375,0.05595829998492263
YOLOv8x,train_S2A_MSIL2A_20200818T142741_N0214_R053_T20LMP_20200818T165705_02_08.png,0.0,0.0,0.0,0.0,0.711700439453125,0.05539610001142137
YOLOv8x,train_S2A_MSIL2A_20200818T142741_N0214_R053_T20LMP_20200818T165705_02_11.png,0.0,0.0,0.0,0.0,0.7905540466308594,0.051869999995687976
YOLOv8x,train_S2A_MSIL2A_20200818T142741_N0214_R053_T20LMP_20200818T165705_02_13.png,0.0,0.0,0.0,0.0,0.8798561096191406,0.05311099998652935
YOLOv8x,train_S2A_MSIL2A_20200818T142741_N0214_R053_T20LMP_20200818T165705_02_14.png,0.0,0.0,0.0,0.0,0.8079566955566406,0.05249050000566058
YOLOv8x,train_S2A_MSIL2A_20200818T142741_N0214_R053_T20LMP_20200818T165705_02_15.png,0.0,0.0,0.0,0.0,0.7434310913085938,0.05239569998229854
YOLOv8x,train_S2A_MSIL2A_20200818T142741_N0214_R053_T20LMP_20200818T165705_02_16.png,0.0,0.0,0.0,0.0,0.7386932373046875,0.05238510001800023
YOLOv8x,train_S2A_MSIL2A_20200818T142741_N0214_R053_T20LMP_20200818T165705_02_17.png,0.0,0.0,0.0,0.0,0.7889480590820312,0.05301170001621358
YOLOv8x,train_S2A_MSIL2A_20200818T142741_N0214_R053_T20LMP_20200818T165705_02_19.png,0.0,0.0,0.0,0.0,0.4917755126953125,0.05335599998943508
YOLOv8x,train_S2A_MSIL2A_20200818T142741_N0214_R053_T20LMP_20200818T165705_02_20.png,0.0,0.0,0.0,0.0,0.8156051635742188,0.052910400001564994
YOLOv8x,train_S2A_MSIL2A_20200818T142741_N0214_R053_T20LMP_20200818T165705_02_21.png,0.0,0.0,0.0,0.0,0.7496109008789062,0.05251559999305755
YOLOv8x,train_S2A_MSIL2A_20200818T142741_N0214_R053_T20LMP_20200818T165705_03_01.png,0.0,0.0,0.0,0.0,0.744354248046875,0.053096899995580316
YOLOv8x,train_S2A_MSIL2A_20200818T142741_N0214_R053_T20LMP_20200818T165705_03_02.png,0.0,0.0,0.0,0.0,0.7392005920410156,0.054451099975267425
YOLOv8x,train_S2A_MSIL2A_20200818T142741_N0214_R053_T20LMP_20200818T165705_03_03.png,0.0,0.0,0.0,0.0,0.8417091369628906,0.05562100000679493
YOLOv8x,train_S2A_MSIL2A_20200818T142741_N0214_R053_T20LMP_20200818T165705_03_04.png,0.0,0.0,0.0,0.0,0.7581748962402344,0.05411550001008436
YOLOv8x,train_S2A_MSIL2A_20200818T142741_N0214_R053_T20LMP_20200818T165705_03_06.png,0.0,0.0,0.0,0.0,0.8368301391601562,0.05560719998902641
YOLOv8x,train_S2A_MSIL2A_20200818T142741_N0214_R053_T20LMP_20200818T165705_03_10.png,0.0,0.0,0.0,0.0,0.4813041687011719,0.0557056000106968
YOLOv8x,train_S2A_MSIL2A_20200818T142741_N0214_R053_T20LMP_20200818T165705_03_11.png,0.0,0.0,0.0,0.0,0.6892509460449219,0.05405189999146387
YOLOv8x,train_S2A_MSIL2A_20200818T142741_N0214_R053_T20LMP_20200818T165705_03_14.png,0.0,0.0,0.0,0.0,0.6418724060058594,0.055046699999365956
YOLOv8x,train_S2A_MSIL2A_20200818T142741_N0214_R053_T20LMP_20200818T165705_03_17.png,0.0,0.0,0.0,0.0,0.7827033996582031,0.05478229999425821
YOLOv8x,train_S2A_MSIL2A_20200818T142741_N0214_R053_T20LMP_20200818T165705_03_20.png,0.0,0.0,0.0,0.0,0.8590240478515625,0.053609700000379235
YOLOv8x,train_S2A_MSIL2A_20200818T142741_N0214_R053_T20LMP_20200818T165705_04_01.png,0.0,0.0,0.0,0.0,0.8716087341308594,0.05313590000150725
YOLOv8x,train_S2A_MSIL2A_20200818T142741_N0214_R053_T20LMP_20200818T165705_04_02.png,0.0,0.0,0.0,0.0,0.8450355529785156,0.05280549998860806
YOLOv8x,train_S2A_MSIL2A_20200818T142741_N0214_R053_T20LMP_20200818T165705_04_04.png,0.0,0.0,0.0,0.0,0.8214988708496094,0.05532360001234338
YOLOv8x,train_S2A_MSIL2A_20200818T142741_N0214_R053_T20LMP_20200818T165705_04_05.png,0.0,0.0,0.0,0.0,0.7810592651367188,0.054390400007832795
YOLOv8x,train_S2A_MSIL2A_20200818T142741_N0214_R053_T20LMP_20200818T165705_04_07.png,0.0,0.0,0.0,0.0,0.8674812316894531,0.054729499999666587
YOLOv8x,train_S2A_MSIL2A_20200818T142741_N0214_R053_T20LMP_20200818T165705_04_08.png,0.0,0.0,0.0,0.0,0.7550239562988281,0.05234850000124425
YOLOv8x,train_S2A_MSIL2A_20200818T142741_N0214_R053_T20LMP_20200818T165705_04_11.png,0.0,0.0,0.0,0.0,0.7287063598632812,0.05445900000631809
YOLOv8x,train_S2A_MSIL2A_20200818T142741_N0214_R053_T20LMP_20200818T165705_04_12.png,0.0,0.0,0.0,0.0,0.652679443359375,0.05217869998887181
YOLOv8x,train_S2A_MSIL2A_20200818T142741_N0214_R053_T20LMP_20200818T165705_04_13.png,0.0,0.0,0.0,0.0,0.75567626953125,0.05434689999674447
YOLOv8x,train_S2A_MSIL2A_20200818T142741_N0214_R053_T20LMP_20200818T165705_04_14.png,0.0,0.0,0.0,0.0,0.6053733825683594,0.05416309999418445
YOLOv8x,train_S2A_MSIL2A_20200818T142741_N0214_R053_T20LMP_20200818T165705_04_15.png,0.0,0.0,0.0,0.0,0.7728385925292969,0.05378700001165271
YOLOv8x,train_S2A_MSIL2A_20200818T142741_N0214_R053_T20LMP_20200818T165705_04_16.png,0.0,0.0,0.0,0.0,0.7802314758300781,0.05323150000185706
YOLOv8x,train_S2A_MSIL2A_20200818T142741_N0214_R053_T20LMP_20200818T165705_04_18.png,0.0,0.0,0.0,0.0,0.7550926208496094,0.05200729999342002
YOLOv8x,train_S2A_MSIL2A_20200818T142741_N0214_R053_T20LMP_20200818T165705_04_20.png,0.0,0.0,0.0,0.0,0.8586807250976562,0.052736100013135
YOLOv8x,train_S2A_MSIL2A_20200818T142741_N0214_R053_T20LMP_20200818T165705_04_21.png,0.0,0.0,0.0,0.0,0.8154373168945312,0.052655399980721995
YOLOv8x,train_S2A_MSIL2A_20200818T142741_N0214_R053_T20LMP_20200818T165705_05_01.png,0.0,0.0,0.0,0.0,0.8564186096191406,0.05288979999022558
YOLOv8x,train_S2A_MSIL2A_20200818T142741_N0214_R053_T20LMP_20200818T165705_05_02.png,0.0,0.0,0.0,0.0,0.9012489318847656,0.052985699992859736
YOLOv8x,train_S2A_MSIL2A_20200818T142741_N0214_R053_T20LMP_20200818T165705_05_03.png,0.0,0.0,0.0,0.0,0.8471336364746094,0.05368170002475381
YOLOv8x,train_S2A_MSIL2A_20200818T142741_N0214_R053_T20LMP_20200818T165705_05_04.png,0.0,0.0,0.0,0.0,0.8710899353027344,0.05627439997624606
YOLOv8x,train_S2A_MSIL2A_20200818T142741_N0214_R053_T20LMP_20200818T165705_05_05.png,0.0,0.0,0.0,0.0,0.8248634338378906,0.054793199989944696
YOLOv8x,train_S2A_MSIL2A_20200818T142741_N0214_R053_T20LMP_20200818T165705_05_12.png,0.0,0.0,0.0,0.0,0.7802963256835938,0.056961099995533004
YOLOv8x,train_S2A_MSIL2A_20200818T142741_N0214_R053_T20LMP_20200818T165705_05_13.png,0.0,0.0,0.0,0.0,0.8384819030761719,0.05570709999301471
YOLOv8x,train_S2A_MSIL2A_20200818T142741_N0214_R053_T20LMP_20200818T165705_05_14.png,0.0,0.0,0.0,0.0,0.6356010437011719,0.05766990000847727
YOLOv8x,train_S2A_MSIL2A_20200818T142741_N0214_R053_T20LMP_20200818T165705_05_15.png,0.0,0.0,0.0,0.0,0.7363090515136719,0.054507699998794124
YOLOv8x,train_S2A_MSIL2A_20200818T142741_N0214_R053_T20LMP_20200818T165705_05_17.png,0.0,0.0,0.0,0.0,0.8025169372558594,0.058140199980698526
YOLOv8x,train_S2A_MSIL2A_20200818T142741_N0214_R053_T20LMP_20200818T165705_05_20.png,0.0,0.0,0.0,0.0,0.7720451354980469,0.05834139999933541
YOLOv8x,train_S2A_MSIL2A_20200818T142741_N0214_R053_T20LMP_20200818T165705_06_03.png,0.0,0.0,0.0,0.0,0.85235595703125,0.05473380000330508
YOLOv8x,train_S2A_MSIL2A_20200818T142741_N0214_R053_T20LMP_20200818T165705_06_05.png,0.0,0.0,0.0,0.0,0.8445854187011719,0.05620200000703335
YOLOv8x,train_S2A_MSIL2A_20200818T142741_N0214_R053_T20LMP_20200818T165705_06_06.png,0.0,0.0,0.0,0.0,0.9078216552734375,0.054202300001634285
YOLOv8x,train_S2A_MSIL2A_20200818T142741_N0214_R053_T20LMP_20200818T165705_06_07.png,0.0,0.0,0.0,0.0,0.7094268798828125,0.0584417000063695
YOLOv8x,train_S2A_MSIL2A_20200818T142741_N0214_R053_T20LMP_20200818T165705_06_10.png,0.0,0.0,0.0,0.0,0.6767158508300781,0.057008599978871644
YOLOv8x,train_S2A_MSIL2A_20200818T142741_N0214_R053_T20LMP_20200818T165705_06_13.png,0.0,0.0,0.0,0.0,0.8022880554199219,0.05456479999702424
YOLOv8x,train_S2A_MSIL2A_20200818T142741_N0214_R053_T20LMP_20200818T165705_06_15.png,0.0,0.0,0.0,0.0,0.6532821655273438,0.056797999975970015
YOLOv8x,train_S2A_MSIL2A_20200818T142741_N0214_R053_T20LMP_20200818T165705_06_16.png,0.0,0.0,0.0,0.0,0.5645179748535156,0.05469350001658313
YOLOv8x,train_S2A_MSIL2A_20200818T142741_N0214_R053_T20LMP_20200818T165705_06_17.png,0.0,0.0,0.0,0.0,0.7271537780761719,0.05527399998391047
YOLOv8x,train_S2A_MSIL2A_20200818T142741_N0214_R053_T20LMP_20200818T165705_06_18.png,0.0,0.0,0.0,0.0,0.5188026428222656,0.05435309998574667
YOLOv8x,train_S2A_MSIL2A_20200818T142741_N0214_R053_T20LMP_20200818T165705_06_21.png,0.0,0.0,0.0,0.0,0.8316802978515625,0.0538003999972716
YOLOv8x,train_S2A_MSIL2A_20200818T142741_N0214_R053_T20LMP_20200818T165705_07_01.png,0.0,0.0,0.0,0.0,0.9186439514160156,0.056753499986371025
YOLOv8x,train_S2A_MSIL2A_20200818T142741_N0214_R053_T20LMP_20200818T165705_07_02.png,0.0,0.0,0.0,0.0,0.8647422790527344,0.05316759998095222
YOLOv8x,train_S2A_MSIL2A_20200818T142741_N0214_R053_T20LMP_20200818T165705_07_03.png,0.0,0.0,0.0,0.0,0.8994903564453125,0.05386640000506304
YOLOv8x,train_S2A_MSIL2A_20200818T142741_N0214_R053_T20LMP_20200818T165705_07_04.png,0.0,0.0,0.0,0.0,0.7773666381835938,0.05614240001887083
YOLOv8x,train_S2A_MSIL2A_20200818T142741_N0214_R053_T20LMP_20200818T165705_07_05.png,0.0,0.0,0.0,0.0,0.8239364624023438,0.05530130001716316
YOLOv8x,train_S2A_MSIL2A_20200818T142741_N0214_R053_T20LMP_20200818T165705_07_07.png,0.0,0.0,0.0,0.0,0.6457443237304688,0.05947279999963939
YOLOv8x,train_S2A_MSIL2A_20200818T142741_N0214_R053_T20LMP_20200818T165705_07_09.png,0.0,0.0,0.0,0.0,0.7999000549316406,0.059707899985369295
YOLOv8x,train_S2A_MSIL2A_20200818T142741_N0214_R053_T20LMP_20200818T165705_07_10.png,0.0,0.0,0.0,0.0,0.8080101013183594,0.05702950002159923
YOLOv8x,train_S2A_MSIL2A_20200818T142741_N0214_R053_T20LMP_20200818T165705_07_12.png,0.0,0.0,0.0,0.0,0.798919677734375,0.057900300016626716
YOLOv8x,train_S2A_MSIL2A_20200818T142741_N0214_R053_T20LMP_20200818T165705_07_13.png,0.0,0.0,0.0,0.0,0.7176170349121094,0.05902139999670908
YOLOv8x,train_S2A_MSIL2A_20200818T142741_N0214_R053_T20LMP_20200818T165705_07_16.png,0.0,0.0,0.0,0.0,0.6407814025878906,0.058088299992959946
YOLOv8x,train_S2A_MSIL2A_20200818T142741_N0214_R053_T20LMP_20200818T165705_07_18.png,0.0,0.0,0.0,0.0,0.674102783203125,0.05995450000045821
YOLOv8x,train_S2A_MSIL2A_20200818T142741_N0214_R053_T20LMP_20200818T165705_07_19.png,0.0,0.0,0.0,0.0,0.6530532836914062,0.05649200000334531
YOLOv8x,train_S2A_MSIL2A_20200818T142741_N0214_R053_T20LMP_20200818T165705_07_20.png,0.0,0.0,0.0,0.0,0.7244682312011719,0.054882099997485057
YOLOv8x,train_S2A_MSIL2A_20200818T142741_N0214_R053_T20LMP_20200818T165705_08_02.png,0.0,0.0,0.0,0.0,0.8841705322265625,0.057559400011086836
YOLOv8x,train_S2A_MSIL2A_20200818T142741_N0214_R053_T20LMP_20200818T165705_08_03.png,0.0,0.0,0.0,0.0,0.8038825988769531,0.0566296000033617
YOLOv8x,train_S2A_MSIL2A_20200818T142741_N0214_R053_T20LMP_20200818T165705_08_04.png,0.0,0.0,0.0,0.0,0.8061599731445312,0.053597999998601153
YOLOv8x,train_S2A_MSIL2A_20200818T142741_N0214_R053_T20LMP_20200818T165705_08_07.png,0.0,0.0,0.0,0.0,0.18960189819335938,0.055236499989405274
YOLOv8x,train_S2A_MSIL2A_20200818T142741_N0214_R053_T20LMP_20200818T165705_08_08.png,0.0,0.0,0.0,0.0,0.8370895385742188,0.056205000000773
YOLOv8x,train_S2A_MSIL2A_20200818T142741_N0214_R053_T20LMP_20200818T165705_08_10.png,0.0,0.0,0.0,0.0,0.7605514526367188,0.05568749998928979
YOLOv8x,train_S2A_MSIL2A_20200818T142741_N0214_R053_T20LMP_20200818T165705_08_11.png,0.0,0.0,0.0,0.0,0.5813484191894531,0.05393930000718683
YOLOv8x,train_S2A_MSIL2A_20200818T142741_N0214_R053_T20LMP_20200818T165705_08_12.png,0.0,0.0,0.0,0.0,0.6400794982910156,0.053685100021539256
YOLOv8x,train_S2A_MSIL2A_20200818T142741_N0214_R053_T20LMP_20200818T165705_08_13.png,0.0,0.0,0.0,0.0,0.6826591491699219,0.05507010000292212
YOLOv8x,train_S2A_MSIL2A_20200818T142741_N0214_R053_T20LMP_20200818T165705_08_18.png,0.0,0.0,0.0,0.0,0.7412147521972656,0.054092399979708716
YOLOv8x,train_S2A_MSIL2A_20200818T142741_N0214_R053_T20LMP_20200818T165705_08_19.png,0.0,0.0,0.0,0.0,0.7850608825683594,0.05371440001181327
YOLOv8x,train_S2A_MSIL2A_20200818T142741_N0214_R053_T20LMP_20200818T165705_08_20.png,0.0,0.0,0.0,0.0,0.6798858642578125,0.05436009998084046
YOLOv8x,train_S2A_MSIL2A_20200818T142741_N0214_R053_T20LMP_20200818T165705_09_03.png,0.0,0.0,0.0,0.0,0.8333206176757812,0.05342059998656623
YOLOv8x,train_S2A_MSIL2A_20200818T142741_N0214_R053_T20LMP_20200818T165705_09_05.png,0.0,0.0,0.0,0.0,0.8424110412597656,0.052854000008665025
YOLOv8x,train_S2A_MSIL2A_20200818T142741_N0214_R053_T20LMP_20200818T165705_09_06.png,0.0,0.0,0.0,0.0,0.7518196105957031,0.053196099994238466
YOLOv8x,train_S2A_MSIL2A_20200818T142741_N0214_R053_T20LMP_20200818T165705_09_07.png,0.0,0.0,0.0,0.0,0.8541336059570312,0.05567440000595525
YOLOv8x,train_S2A_MSIL2A_20200818T142741_N0214_R053_T20LMP_20200818T165705_09_11.png,0.0,0.0,0.0,0.0,0.7721099853515625,0.05671409997739829
YOLOv8x,train_S2A_MSIL2A_20200818T142741_N0214_R053_T20LMP_20200818T165705_09_12.png,0.0,0.0,0.0,0.0,0.7785873413085938,0.056832300004316494
YOLOv8x,train_S2A_MSIL2A_20200818T142741_N0214_R053_T20LMP_20200818T165705_09_14.png,0.0,0.0,0.0,0.0,0.7766265869140625,0.05567690002499148
YOLOv8x,train_S2A_MSIL2A_20200818T142741_N0214_R053_T20LMP_20200818T165705_09_15.png,0.0,0.0,0.0,0.0,0.587371826171875,0.05438810001942329
YOLOv8x,train_S2A_MSIL2A_20200818T142741_N0214_R053_T20LMP_20200818T165705_09_21.png,0.0,0.0,0.0,0.0,0.619720458984375,0.05727540000225417
YOLOv8x,train_S2A_MSIL2A_20200818T142741_N0214_R053_T20LMP_20200818T165705_10_02.png,0.0,0.0,0.0,0.0,0.8131866455078125,0.053601999999955297
YOLOv8x,train_S2A_MSIL2A_20200818T142741_N0214_R053_T20LMP_20200818T165705_10_03.png,0.0,0.0,0.0,0.0,0.6906166076660156,0.055505900003481656
YOLOv8x,train_S2A_MSIL2A_20200818T142741_N0214_R053_T20LMP_20200818T165705_10_06.png,0.0,0.0,0.0,0.0,0.8124198913574219,0.053627300017978996
YOLOv8x,train_S2A_MSIL2A_20200818T142741_N0214_R053_T20LMP_20200818T165705_10_07.png,0.0,0.0,0.0,0.0,0.8468513488769531,0.0559044000110589
YOLOv8x,train_S2A_MSIL2A_20200818T142741_N0214_R053_T20LMP_20200818T165705_10_09.png,0.0,0.0,0.0,0.0,0.8507804870605469,0.058783500018762425
YOLOv8x,train_S2A_MSIL2A_20200818T142741_N0214_R053_T20LMP_20200818T165705_10_10.png,0.0,0.0,0.0,0.0,0.8517112731933594,0.0539390999765601
YOLOv8x,train_S2A_MSIL2A_20200818T142741_N0214_R053_T20LMP_20200818T165705_10_11.png,0.0,0.0,0.0,0.0,0.7629241943359375,0.053870399977313355
YOLOv8x,train_S2A_MSIL2A_20200818T142741_N0214_R053_T20LMP_20200818T165705_10_12.png,0.0,0.0,0.0,0.0,0.760650634765625,0.05396550000295974
YOLOv8x,train_S2A_MSIL2A_20200818T142741_N0214_R053_T20LMP_20200818T165705_10_16.png,0.0,0.0,0.0,0.0,0.6022987365722656,0.05338080000365153
YOLOv8x,train_S2A_MSIL2A_20200818T142741_N0214_R053_T20LMP_20200818T165705_10_17.png,0.0,0.0,0.0,0.0,0.466705322265625,0.05364310002187267
YOLOv8x,train_S2A_MSIL2A_20200818T142741_N0214_R053_T20LMP_20200818T165705_10_18.png,0.0,0.0,0.0,0.0,0.6427078247070312,0.05233770000631921
YOLOv8x,train_S2A_MSIL2A_20200818T142741_N0214_R053_T20LMP_20200818T165705_10_19.png,0.0,0.0,0.0,0.0,0.6052360534667969,0.05449100001715124
YOLOv8x,train_S2A_MSIL2A_20200818T142741_N0214_R053_T20LMP_20200818T165705_10_20.png,0.0,0.0,0.0,0.0,0.484527587890625,0.05345080001279712
YOLOv8x,train_S2A_MSIL2A_20200818T142741_N0214_R053_T20LMP_20200818T165705_10_21.png,0.0,0.0,0.0,0.0,0.49561309814453125,0.05566650000400841
YOLOv8x,train_S2A_MSIL2A_20200818T142741_N0214_R053_T20LMP_20200818T165705_11_02.png,0.0,0.0,0.0,0.0,0.806640625,0.05430920000071637
YOLOv8x,train_S2A_MSIL2A_20200818T142741_N0214_R053_T20LMP_20200818T165705_11_04.png,0.0,0.0,0.0,0.0,0.8769454956054688,0.05359729999327101
YOLOv8x,train_S2A_MSIL2A_20200818T142741_N0214_R053_T20LMP_20200818T165705_11_06.png,0.0,0.0,0.0,0.0,0.6635475158691406,0.05336339998757467
YOLOv8x,train_S2A_MSIL2A_20200818T142741_N0214_R053_T20LMP_20200818T165705_11_10.png,0.0,0.0,0.0,0.0,0.7701072692871094,0.053544399997917935
YOLOv8x,train_S2A_MSIL2A_20200818T142741_N0214_R053_T20LMP_20200818T165705_11_13.png,0.0,0.0,0.0,0.0,0.7035865783691406,0.055077900004107505
YOLOv8x,train_S2A_MSIL2A_20200818T142741_N0214_R053_T20LMP_20200818T165705_11_14.png,0.0,0.0,0.0,0.0,0.6733856201171875,0.054159199993591756
YOLOv8x,train_S2A_MSIL2A_20200818T142741_N0214_R053_T20LMP_20200818T165705_11_16.png,0.0,0.0,0.0,0.0,0.5509796142578125,0.053410900000017136
YOLOv8x,train_S2A_MSIL2A_20200818T142741_N0214_R053_T20LMP_20200818T165705_11_21.png,0.0,0.0,0.0,0.0,0.7620735168457031,0.05308539999532513
YOLOv8x,train_S2A_MSIL2A_20200818T142741_N0214_R053_T20LMP_20200818T165705_12_02.png,0.0,0.0,0.0,0.0,0.7303314208984375,0.05444939999142662
YOLOv8x,train_S2A_MSIL2A_20200818T142741_N0214_R053_T20LMP_20200818T165705_12_03.png,0.0,0.0,0.0,0.0,0.7822380065917969,0.05470649999915622
YOLOv8x,train_S2A_MSIL2A_20200818T142741_N0214_R053_T20LMP_20200818T165705_12_06.png,0.0,0.0,0.0,0.0,0.7644615173339844,0.05253509999602102
YOLOv8x,train_S2A_MSIL2A_20200818T142741_N0214_R053_T20LMP_20200818T165705_12_07.png,0.0,0.0,0.0,0.0,0.8193855285644531,0.05215999999199994
YOLOv8x,train_S2A_MSIL2A_20200818T142741_N0214_R053_T20LMP_20200818T165705_12_08.png,0.0,0.0,0.0,0.0,0.6833419799804688,0.052589499973692
YOLOv8x,train_S2A_MSIL2A_20200818T142741_N0214_R053_T20LMP_20200818T165705_12_09.png,0.0,0.0,0.0,0.0,0.5994529724121094,0.052532400004565716
YOLOv8x,train_S2A_MSIL2A_20200818T142741_N0214_R053_T20LMP_20200818T165705_12_11.png,0.0,0.0,0.0,0.0,0.7858314514160156,0.05329949999577366
YOLOv8x,train_S2A_MSIL2A_20200818T142741_N0214_R053_T20LMP_20200818T165705_12_17.png,0.0,0.0,0.0,0.0,0.7084426879882812,0.05286999998497777
YOLOv8x,train_S2A_MSIL2A_20200818T142741_N0214_R053_T20LMP_20200818T165705_12_20.png,0.0,0.0,0.0,0.0,0.5990829467773438,0.05476800000178628
YOLOv8x,train_S2A_MSIL2A_20200818T142741_N0214_R053_T20LMP_20200818T165705_12_21.png,0.0,0.0,0.0,0.0,0.6636581420898438,0.054720999993151054
YOLOv8x,train_S2A_MSIL2A_20200818T142741_N0214_R053_T20LMP_20200818T165705_13_01.png,0.0,0.0,0.0,0.0,0.42652130126953125,0.055015699996147305
YOLOv8x,train_S2A_MSIL2A_20200818T142741_N0214_R053_T20LMP_20200818T165705_13_02.png,0.0,0.0,0.0,0.0,0.5598602294921875,0.05354920000536367
YOLOv8x,train_S2A_MSIL2A_20200818T142741_N0214_R053_T20LMP_20200818T165705_13_03.png,0.0,0.0,0.0,0.0,0.7701148986816406,0.05473229999188334
YOLOv8x,train_S2A_MSIL2A_20200818T142741_N0214_R053_T20LMP_20200818T165705_13_05.png,0.0,0.0,0.0,0.0,0.8994598388671875,0.05396550000295974
YOLOv8x,train_S2A_MSIL2A_20200818T142741_N0214_R053_T20LMP_20200818T165705_13_07.png,0.0,0.0,0.0,0.0,0.7145462036132812,0.05321360001107678
YOLOv8x,train_S2A_MSIL2A_20200818T142741_N0214_R053_T20LMP_20200818T165705_13_08.png,0.0,0.0,0.0,0.0,0.6834144592285156,0.05470959999365732
YOLOv8x,train_S2A_MSIL2A_20200818T142741_N0214_R053_T20LMP_20200818T165705_13_09.png,0.0,0.0,0.0,0.0,0.6201515197753906,0.05271879999781959
YOLOv8x,train_S2A_MSIL2A_20200818T142741_N0214_R053_T20LMP_20200818T165705_13_10.png,0.0,0.0,0.0,0.0,0.4995613098144531,0.05240860002231784
YOLOv8x,train_S2A_MSIL2A_20200818T142741_N0214_R053_T20LMP_20200818T165705_13_11.png,0.0,0.0,0.0,0.0,0.10952377319335938,0.05312299999059178
YOLOv8x,train_S2A_MSIL2A_20200818T142741_N0214_R053_T20LMP_20200818T165705_13_17.png,0.0,0.0,0.0,0.0,0.8313331604003906,0.05290350000723265
YOLOv8x,train_S2A_MSIL2A_20200818T142741_N0214_R053_T20LMP_20200818T165705_13_19.png,0.0,0.0,0.0,0.0,0.7758331298828125,0.05270470000687055
YOLOv8x,train_S2A_MSIL2A_20200818T142741_N0214_R053_T20LMP_20200818T165705_13_20.png,0.0,0.0,0.0,0.0,0.8346824645996094,0.05188780001481064
YOLOv8x,train_S2A_MSIL2A_20200818T142741_N0214_R053_T20LMP_20200818T165705_13_21.png,0.0,0.0,0.0,0.0,0.8598098754882812,0.05302110000047833
YOLOv8x,train_S2A_MSIL2A_20200818T142741_N0214_R053_T20LMP_20200818T165705_14_01.png,0.0,0.0,0.0,0.0,0.10222625732421875,0.05389189999550581
YOLOv8x,train_S2A_MSIL2A_20200818T142741_N0214_R053_T20LMP_20200818T165705_14_04.png,0.0,0.0,0.0,0.0,0.7368316650390625,0.059217400004854426
YOLOv8x,train_S2A_MSIL2A_20200818T142741_N0214_R053_T20LMP_20200818T165705_14_07.png,0.0,0.0,0.0,0.0,0.7128982543945312,0.05507410000427626
YOLOv8x,train_S2A_MSIL2A_20200818T142741_N0214_R053_T20LMP_20200818T165705_14_08.png,0.0,0.0,0.0,0.0,0.387237548828125,0.05476609998731874
YOLOv8x,train_S2A_MSIL2A_20200818T142741_N0214_R053_T20LMP_20200818T165705_14_09.png,0.0,0.0,0.0,0.0,0.16090011596679688,0.05877029997645877
YOLOv8x,train_S2A_MSIL2A_20200818T142741_N0214_R053_T20LMP_20200818T165705_14_16.png,0.0,0.0,0.0,0.0,0.02002716064453125,0.06091909998212941
YOLOv8x,train_S2A_MSIL2A_20200818T142741_N0214_R053_T20LMP_20200818T165705_14_17.png,0.0,0.0,0.0,0.0,0.8065948486328125,0.05459759998484515
YOLOv8x,train_S2A_MSIL2A_20200818T142741_N0214_R053_T20LMP_20200818T165705_14_19.png,0.0,0.0,0.0,0.0,0.8686141967773438,0.059673599986126646
YOLOv8x,train_S2A_MSIL2A_20200818T142741_N0214_R053_T20LMP_20200818T165705_15_01.png,0.0,0.0,0.0,0.0,0.022357940673828125,0.059712300018873066
YOLOv8x,train_S2A_MSIL2A_20200818T142741_N0214_R053_T20LMP_20200818T165705_15_02.png,0.0,0.0,0.0,0.0,0.00688934326171875,0.05936809998820536
YOLOv8x,train_S2A_MSIL2A_20200818T142741_N0214_R053_T20LMP_20200818T165705_15_03.png,0.0,0.0,0.0,0.0,0.009746551513671875,0.057554800005164
YOLOv8x,train_S2A_MSIL2A_20200818T142741_N0214_R053_T20LMP_20200818T165705_15_05.png,0.0,0.0,0.0,0.0,0.7114181518554688,0.057307499984744936
YOLOv8x,train_S2A_MSIL2A_20200818T142741_N0214_R053_T20LMP_20200818T165705_15_06.png,0.0,0.0,0.0,0.0,0.7232856750488281,0.058215800003381446
YOLOv8x,train_S2A_MSIL2A_20200818T142741_N0214_R053_T20LMP_20200818T165705_15_07.png,0.0,0.0,0.0,0.0,0.6852798461914062,0.060103499999968335
YOLOv8x,train_S2A_MSIL2A_20200818T142741_N0214_R053_T20LMP_20200818T165705_15_08.png,0.0,0.0,0.0,0.0,0.2578239440917969,0.05715609999606386
YOLOv8x,train_S2A_MSIL2A_20200818T142741_N0214_R053_T20LMP_20200818T165705_15_09.png,0.0,0.0,0.0,0.0,0.22333908081054688,0.05637239999487065
YOLOv8x,train_S2A_MSIL2A_20200818T142741_N0214_R053_T20LMP_20200818T165705_15_10.png,0.0,0.0,0.0,0.0,0.22837448120117188,0.05611890001455322
YOLOv8x,train_S2A_MSIL2A_20200818T142741_N0214_R053_T20LMP_20200818T165705_15_12.png,0.0,0.0,0.0,0.0,0.01068115234375,0.05559720000019297
YOLOv8x,train_S2A_MSIL2A_20200818T142741_N0214_R053_T20LMP_20200818T165705_15_13.png,0.0,0.0,0.0,0.0,0.003635406494140625,0.054729499999666587
YOLOv8x,train_S2A_MSIL2A_20200818T142741_N0214_R053_T20LMP_20200818T165705_15_14.png,0.0,0.0,0.0,0.0,0.003856658935546875,0.05835859998478554
YOLOv8x,train_S2A_MSIL2A_20200818T142741_N0214_R053_T20LMP_20200818T165705_15_15.png,0.0,0.0,0.0,0.0,0.000568389892578125,0.052843399986159056
YOLOv8x,train_S2A_MSIL2A_20200818T142741_N0214_R053_T20LMP_20200818T165705_15_16.png,0.0,0.0,0.0,0.0,0.0118560791015625,0.05464429999119602
YOLOv8x,train_S2A_MSIL2A_20200818T142741_N0214_R053_T20LMP_20200818T165705_15_17.png,0.0,0.0,0.0,0.0,0.17700958251953125,0.05503150000004098
YOLOv8x,train_S2A_MSIL2A_20200818T142741_N0214_R053_T20LMP_20200818T165705_15_18.png,0.0,0.0,0.0,0.0,0.8600807189941406,0.057329900009790435
YOLOv8x,train_S2A_MSIL2A_20200818T142741_N0214_R053_T20LMP_20200818T165705_15_19.png,0.0,0.0,0.0,0.0,0.8637809753417969,0.05621319997590035
YOLOv8x,train_S2A_MSIL2A_20200818T142741_N0214_R053_T20LMP_20200818T165705_15_20.png,0.0,0.0,0.0,0.0,0.9280128479003906,0.05772300000535324
YOLOv8x,train_S2A_MSIL2A_20200818T142741_N0214_R053_T20LMP_20200818T165705_16_05.png,0.0,0.0,0.0,0.0,0.3541069030761719,0.06070129998261109
YOLOv8x,train_S2A_MSIL2A_20200818T142741_N0214_R053_T20LMP_20200818T165705_16_06.png,0.0,0.0,0.0,0.0,0.6802101135253906,0.055806900025345385
YOLOv8x,train_S2A_MSIL2A_20200818T142741_N0214_R053_T20LMP_20200818T165705_16_09.png,0.0,0.0,0.0,0.0,0.35345458984375,0.061420499987434596
YOLOv8x,train_S2A_MSIL2A_20200818T142741_N0214_R053_T20LMP_20200818T165705_16_14.png,0.0,0.0,0.0,0.0,0.00185394287109375,0.05977990000974387
YOLOv8x,train_S2A_MSIL2A_20200818T142741_N0214_R053_T20LMP_20200818T165705_16_15.png,0.0,0.0,0.0,0.0,0.002597808837890625,0.05983140002354048
YOLOv8x,train_S2A_MSIL2A_20200818T142741_N0214_R053_T20LMP_20200818T165705_16_16.png,0.0,0.0,0.0,0.0,0.013824462890625,0.05587150002247654
YOLOv8x,train_S2A_MSIL2A_20200818T142741_N0214_R053_T20LMP_20200818T165705_16_18.png,0.0,0.0,0.0,0.0,0.20042037963867188,0.05458870000438765
YOLOv8x,train_S2A_MSIL2A_20200818T142741_N0214_R053_T20LMP_20200818T165705_16_19.png,0.0,0.0,0.0,0.0,0.7223663330078125,0.05529240000760183
YOLOv8x,train_S2A_MSIL2A_20200818T142741_N0214_R053_T20LMP_20200818T165705_16_20.png,0.0,0.0,0.0,0.0,0.8351707458496094,0.057108999986667186
YOLOv8x,train_S2A_MSIL2A_20200818T142741_N0214_R053_T20LMP_20200818T165705_16_21.png,0.0,0.0,0.0,0.0,0.8493537902832031,0.055288100003963336
YOLOv8x,train_S2A_MSIL2A_20200818T142741_N0214_R053_T20LMP_20200818T165705_17_05.png,0.0,0.0,0.0,0.0,0.044521331787109375,0.05572179998853244
YOLOv8x,train_S2A_MSIL2A_20200818T142741_N0214_R053_T20LMP_20200818T165705_17_06.png,0.0,0.0,0.0,0.0,0.18672561645507812,0.059241099981591105
YOLOv8x,train_S2A_MSIL2A_20200818T142741_N0214_R053_T20LMP_20200818T165705_17_07.png,0.0,0.0,0.0,0.0,0.15289688110351562,0.05472480002208613
YOLOv8x,train_S2A_MSIL2A_20200818T142741_N0214_R053_T20LMP_20200818T165705_17_08.png,0.0,0.0,0.0,0.0,0.20833587646484375,0.05505500000435859
YOLOv8x,train_S2A_MSIL2A_20200818T142741_N0214_R053_T20LMP_20200818T165705_17_10.png,0.0,0.0,0.0,0.0,0.03167724609375,0.05396409999229945
YOLOv8x,train_S2A_MSIL2A_20200818T142741_N0214_R053_T20LMP_20200818T165705_17_11.png,0.0,0.0,0.0,0.0,0.042896270751953125,0.05451280000852421
YOLOv8x,train_S2A_MSIL2A_20200818T142741_N0214_R053_T20LMP_20200818T165705_17_13.png,0.0,0.0,0.0,0.0,0.012416839599609375,0.05451610000454821
YOLOv8x,train_S2A_MSIL2A_20200818T142741_N0214_R053_T20LMP_20200818T165705_17_16.png,0.0,0.0,0.0,0.0,0.020793914794921875,0.05331370001658797
YOLOv8x,train_S2A_MSIL2A_20200818T142741_N0214_R053_T20LMP_20200818T165705_17_17.png,0.0,0.0,0.0,0.0,0.07855606079101562,0.05282909999368712
YOLOv8x,train_S2A_MSIL2A_20200818T142741_N0214_R053_T20LMP_20200818T165705_17_18.png,0.0,0.0,0.0,0.0,0.08995437622070312,0.0530029000074137
YOLOv8x,train_S2A_MSIL2A_20200818T142741_N0214_R053_T20LMP_20200818T165705_17_19.png,0.0,0.0,0.0,0.0,0.11837005615234375,0.053658500022720546
YOLOv8x,train_S2A_MSIL2A_20200818T142741_N0214_R053_T20LMP_20200818T165705_17_20.png,0.0,0.0,0.0,0.0,0.7849159240722656,0.053858900006162
YOLOv8x,train_S2A_MSIL2A_20200818T142741_N0214_R053_T20LMP_20200818T165705_17_21.png,0.0,0.0,0.0,0.0,0.7779045104980469,0.05407070001820102
YOLOv8x,train_S2A_MSIL2A_20200818T142741_N0214_R053_T20LMP_20200818T165705_18_06.png,0.0,0.0,0.0,0.0,0.00522613525390625,0.05400619999272749
YOLOv8x,train_S2A_MSIL2A_20200818T142741_N0214_R053_T20LMP_20200818T165705_18_07.png,0.0,0.0,0.0,0.0,0.011646270751953125,0.053621500002918765
YOLOv8x,train_S2A_MSIL2A_20200818T142741_N0214_R053_T20LMP_20200818T165705_18_10.png,0.0,0.0,0.0,0.0,0.058135986328125,0.054467399982968345
YOLOv8x,train_S2A_MSIL2A_20200818T142741_N0214_R053_T20LMP_20200818T165705_18_14.png,0.0,0.0,0.0,0.0,0.005878448486328125,0.05464879999635741
YOLOv8x,train_S2A_MSIL2A_20200818T142741_N0214_R053_T20LMP_20200818T165705_18_15.png,0.0,0.0,0.0,0.0,0.020748138427734375,0.05565689998911694
YOLOv8x,train_S2A_MSIL2A_20200818T142741_N0214_R053_T20LMP_20200818T165705_18_16.png,0.0,0.0,0.0,0.0,0.033153533935546875,0.05466850000084378
YOLOv8x,train_S2A_MSIL2A_20200818T142741_N0214_R053_T20LMP_20200818T165705_18_17.png,0.0,0.0,0.0,0.0,0.08621978759765625,0.053777199995238334
YOLOv8x,train_S2A_MSIL2A_20200818T142741_N0214_R053_T20LMP_20200818T165705_18_18.png,0.0,0.0,0.0,0.0,0.02764892578125,0.052851300017209724
YOLOv8x,train_S2A_MSIL2A_20200818T142741_N0214_R053_T20LMP_20200818T165705_19_16.png,0.0,0.0,0.0,0.0,0.01702117919921875,0.055556499981321394
YOLOv8x,train_S2A_MSIL2A_20200818T142741_N0214_R053_T20LMP_20200818T165705_19_17.png,0.0,0.0,0.0,0.0,0.036529541015625,0.05388720001792535
YOLOv8x,train_S2A_MSIL2A_20200818T142741_N0214_R053_T20LMP_20200818T165705_20_01.png,0.0,0.0,0.0,0.0,0.000720977783203125,0.05501539999386296
YOLOv8x,train_S2A_MSIL2A_20200818T142741_N0214_R053_T20LMP_20200818T165705_20_06.png,0.0,0.0,0.0,0.0,0.47835540771484375,0.056976000021677464
YOLOv8x,train_S2A_MSIL2A_20200818T142741_N0214_R053_T20LMP_20200818T165705_20_14.png,0.0,0.0,0.0,0.0,0.08772659301757812,0.05237180000403896
YOLOv8x,train_S2A_MSIL2A_20200818T142741_N0214_R053_T20LMP_20200818T165705_20_15.png,0.0,0.0,0.0,0.0,0.024730682373046875,0.05365170000004582
YOLOv8x,train_S2A_MSIL2A_20200818T142741_N0214_R053_T20LMP_20200818T165705_20_17.png,0.0,0.0,0.0,0.0,0.03447723388671875,0.0571201000129804
YOLOv8x,train_S2A_MSIL2A_20200818T142741_N0214_R053_T20LMP_20200818T165705_20_18.png,0.0,0.0,0.0,0.0,0.01085662841796875,0.05582359997788444
YOLOv8x,train_S2A_MSIL2A_20200818T142741_N0214_R053_T20LMP_20200818T165705_21_04.png,0.0,0.0,0.0,0.0,0.00157928466796875,0.05422120000002906
YOLOv8x,train_S2A_MSIL2A_20200818T142741_N0214_R053_T20LMP_20200818T165705_21_05.png,0.0,0.0,0.0,0.0,0.002109527587890625,0.054426100017735735
YOLOv8x,train_S2A_MSIL2A_20200818T142741_N0214_R053_T20LMP_20200818T165705_21_06.png,0.008975111477104487,0.01779055077773967,0.9975657254138267,0.008975308047114891,0.13692855834960938,0.0549565999826882
YOLOv8x,train_S2A_MSIL2A_20200818T142741_N0214_R053_T20LMP_20200818T165705_21_17.png,0.0,0.0,0.0,0.0,0.022640228271484375,0.0534062999940943
YOLOv8x,train_S2A_MSIL2A_20200818T142741_N0214_R053_T20LMP_20200818T165705_21_18.png,0.0,0.0,0.0,0.0,0.012302398681640625,0.05427680001594126
YOLOv8x,train_S2B_MSIL2A_20200202T141649_N0213_R010_T20LQN_20200202T164215_03_02.png,0.0,0.0,0.0,0.0,0.011814117431640625,0.04958960000658408
YOLOv8x,train_S2B_MSIL2A_20200202T141649_N0213_R010_T20LQN_20200202T164215_03_04.png,0.0,0.0,0.0,0.0,0.011501312255859375,0.053328100009821355
YOLOv8x,train_S2B_MSIL2A_20200202T141649_N0213_R010_T20LQN_20200202T164215_04_02.png,0.0,0.0,0.0,0.0,0.00690460205078125,0.04927250000764616
YOLOv8x,train_S2B_MSIL2A_20200202T141649_N0213_R010_T20LQN_20200202T164215_04_03.png,0.0,0.0,0.0,0.0,7.62939453125e-06,0.04904460001853295
YOLOv8x,train_S2B_MSIL2A_20200202T141649_N0213_R010_T20LQN_20200202T164215_04_04.png,0.0,0.0,0.0,0.0,8.392333984375e-05,0.04942049999954179
YOLOv8x,train_S2B_MSIL2A_20200202T141649_N0213_R010_T20LQN_20200202T164215_04_06.png,0.0,0.0,0.0,0.0,0.6703567504882812,0.05280860001221299
YOLOv8x,train_S2B_MSIL2A_20200202T141649_N0213_R010_T20LQN_20200202T164215_04_09.png,0.0,0.0,0.0,0.0,0.020721435546875,0.04901870002504438
YOLOv8x,train_S2B_MSIL2A_20200202T141649_N0213_R010_T20LQN_20200202T164215_05_10.png,0.0,0.0,0.0,0.0,0.004474639892578125,0.04936279999674298
YOLOv8x,train_S2B_MSIL2A_20200202T141649_N0213_R010_T20LQN_20200202T164215_05_11.png,0.0,0.0,0.0,0.0,0.015377044677734375,0.05087639999692328
YOLOv8x,train_S2B_MSIL2A_20200202T141649_N0213_R010_T20LQN_20200202T164215_05_12.png,0.0,0.0,0.0,0.0,0.0263214111328125,0.05054199998266995
YOLOv8x,train_S2B_MSIL2A_20200202T141649_N0213_R010_T20LQN_20200202T164215_05_21.png,0.0,0.0,0.0,0.0,0.000965118408203125,0.049327700020512566
YOLOv8x,train_S2B_MSIL2A_20200202T141649_N0213_R010_T20LQN_20200202T164215_06_11.png,0.0,0.0,0.0,0.0,0.001316070556640625,0.05123129999265075
YOLOv8x,train_S2B_MSIL2A_20200202T141649_N0213_R010_T20LQN_20200202T164215_06_12.png,0.0,0.0,0.0,0.0,0.00148773193359375,0.05141580000054091
YOLOv8x,train_S2B_MSIL2A_20200202T141649_N0213_R010_T20LQN_20200202T164215_07_11.png,0.0,0.0,0.0,0.0,6.866455078125e-05,0.04969189999974333
YOLOv8x,train_S2B_MSIL2A_20200202T141649_N0213_R010_T20LQN_20200202T164215_07_17.png,0.0,0.0,0.0,0.0,0.004779815673828125,0.04990009998437017
YOLOv8x,train_S2B_MSIL2A_20200202T141649_N0213_R010_T20LQN_20200202T164215_08_11.png,0.0,0.0,0.0,0.0,0.0,0.050207499996759
YOLOv8x,train_S2B_MSIL2A_20200202T141649_N0213_R010_T20LQN_20200202T164215_08_14.png,0.0,0.0,0.0,0.0,0.00867462158203125,0.05038959998637438
YOLOv8x,train_S2B_MSIL2A_20200202T141649_N0213_R010_T20LQN_20200202T164215_09_11.png,0.0,0.0,0.0,0.0,0.0001373291015625,0.05136090001906268
YOLOv8x,train_S2B_MSIL2A_20200202T141649_N0213_R010_T20LQN_20200202T164215_10_05.png,0.0,0.0,0.0,0.0,0.28417205810546875,0.05252689999178983
YOLOv8x,train_S2B_MSIL2A_20200202T141649_N0213_R010_T20LQN_20200202T164215_10_06.png,0.0,0.0,0.0,0.0,0.32762908935546875,0.05237590000615455
YOLOv8x,train_S2B_MSIL2A_20200202T141649_N0213_R010_T20LQN_20200202T164215_11_05.png,0.0,0.0,0.0,0.0,0.5074653625488281,0.053397599986055866
YOLOv8x,train_S2B_MSIL2A_20200202T141649_N0213_R010_T20LQN_20200202T164215_11_06.png,0.0,0.0,0.0,0.0,0.5324211120605469,0.05297620000783354
YOLOv8x,train_S2B_MSIL2A_20200202T141649_N0213_R010_T20LQN_20200202T164215_11_07.png,0.0,0.0,0.0,0.0,0.2935295104980469,0.05305180000141263
YOLOv8x,train_S2B_MSIL2A_20200202T141649_N0213_R010_T20LQN_20200202T164215_12_03.png,0.0,0.0,0.0,0.0,0.6591339111328125,0.05394690000684932
YOLOv8x,train_S2B_MSIL2A_20200202T141649_N0213_R010_T20LQN_20200202T164215_13_04.png,0.0,0.0,0.0,0.0,0.6973075866699219,0.053744300006655976
YOLOv8x,train_S2B_MSIL2A_20200202T141649_N0213_R010_T20LQN_20200202T164215_13_14.png,0.0,0.0,0.0,0.0,1.52587890625e-05,0.049090899992734194
YOLOv8x,train_S2B_MSIL2A_20200202T141649_N0213_R010_T20LQN_20200202T164215_16_08.png,0.0,0.0,0.0,0.0,0.6018486022949219,0.05256609999923967
YOLOv8x,train_S2B_MSIL2A_20200202T141649_N0213_R010_T20LQN_20200202T164215_18_10.png,0.0,0.0,0.0,0.0,0.3902168273925781,0.05564189999131486
YOLOv8x,train_S2B_MSIL2A_20200202T141649_N0213_R010_T20LQN_20200202T164215_20_13.png,0.0,0.0,0.0,0.0,0.10293197631835938,0.050921899994136766
YOLOv8x,val_S2A_MSIL2A_20200111T142701_N0213_R053_T20NQG_20200111T164651_01_04.png,0.0,0.0,0.0,0.0,0.36563873291015625,0.053380199999082834
YOLOv8x,val_S2A_MSIL2A_20200111T142701_N0213_R053_T20NQG_20200111T164651_01_05.png,0.0,0.0,0.0,0.0,0.31932830810546875,0.05446220000158064
YOLOv8x,val_S2A_MSIL2A_20200111T142701_N0213_R053_T20NQG_20200111T164651_01_12.png,0.003157451585742352,0.006295026928726306,0.9915254237288136,0.0031575367974480627,0.2954597473144531,0.06121089999214746
YOLOv8x,val_S2A_MSIL2A_20200111T142701_N0213_R053_T20NQG_20200111T164651_01_14.png,0.0,0.0,0.0,0.0,0.3446235656738281,0.05832229999941774
YOLOv8x,val_S2A_MSIL2A_20200111T142701_N0213_R053_T20NQG_20200111T164651_02_12.png,0.0,0.0,0.0,0.0,0.2871360778808594,0.056053000007523224
YOLOv8x,val_S2A_MSIL2A_20200111T142701_N0213_R053_T20NQG_20200111T164651_11_12.png,0.0,0.0,0.0,0.0,0.216705322265625,0.061555499996757135
YOLOv8x,val_S2A_MSIL2A_20200111T142701_N0213_R053_T20NQG_20200111T164651_12_06.png,0.0,0.0,0.0,0.0,0.6811637878417969,0.06039709999458864
YOLOv8x,val_S2A_MSIL2A_20200111T142701_N0213_R053_T20NQG_20200111T164651_12_08.png,0.0,0.0,0.0,0.0,0.6120643615722656,0.05892470001708716
YOLOv8x,val_S2A_MSIL2A_20200111T142701_N0213_R053_T20NQG_20200111T164651_12_16.png,0.0,0.0,0.0,0.0,0.22155380249023438,0.06248639998375438
YOLOv8x,val_S2A_MSIL2A_20200111T142701_N0213_R053_T20NQG_20200111T164651_14_12.png,0.0,0.0,0.0,0.0,0.7540359497070312,0.06031020000227727
YOLOv8x,val_S2A_MSIL2A_20200111T142701_N0213_R053_T20NQG_20200111T164651_14_13.png,0.0,0.0,0.0,0.0,0.11713027954101562,0.05592170002637431
YOLOv8x,val_S2A_MSIL2A_20200111T142701_N0213_R053_T20NQG_20200111T164651_15_01.png,0.0,0.0,0.0,0.0,0.49146270751953125,0.05549349999637343
YOLOv8x,val_S2A_MSIL2A_20200111T142701_N0213_R053_T20NQG_20200111T164651_19_08.png,1.0,1.0,0.0,0.0,1.0,0.0566732999868691
YOLOv8x,val_S2A_MSIL2A_20200115T140641_N0213_R110_T21LUH_20200115T163049_01_04.png,0.0,0.0,0.0,0.0,0.8509292602539062,0.055452900007367134
YOLOv8x,val_S2A_MSIL2A_20200115T140641_N0213_R110_T21LUH_20200115T163049_05_15.png,0.0,0.0,0.0,0.0,0.4757118225097656,0.055191899999044836
YOLOv8x,val_S2A_MSIL2A_20200115T140641_N0213_R110_T21LUH_20200115T163049_06_05.png,0.0,0.0,0.0,0.0,0.86505126953125,0.05560649998369627
YOLOv8x,val_S2A_MSIL2A_20200115T140641_N0213_R110_T21LUH_20200115T163049_06_08.png,0.0,0.0,0.0,0.0,0.8009757995605469,0.05614409997360781
YOLOv8x,val_S2A_MSIL2A_20200115T140641_N0213_R110_T21LUH_20200115T163049_06_10.png,0.0,0.0,0.0,0.0,0.7020072937011719,0.05978899999172427
YOLOv8x,val_S2A_MSIL2A_20200115T140641_N0213_R110_T21LUH_20200115T163049_07_07.png,0.0,0.0,0.0,0.0,0.7637176513671875,0.056938599998829886
YOLOv8x,val_S2A_MSIL2A_20200115T140641_N0213_R110_T21LUH_20200115T163049_09_15.png,0.0,0.0,0.0,0.0,0.6642875671386719,0.05640459997812286
YOLOv8x,val_S2A_MSIL2A_20200217T141651_N0209_R010_T20LQN_20200217T160045_01_21.png,0.014403863354967768,0.02839867606049813,0.9691669137266529,0.014410466874440708,0.1467132568359375,0.056480999977793545
YOLOv8x,val_S2A_MSIL2A_20200217T141651_N0209_R010_T20LQN_20200217T160045_03_18.png,0.0,0.0,0.0,0.0,0.116455078125,0.05909359999350272
YOLOv8x,val_S2A_MSIL2A_20200217T141651_N0209_R010_T20LQN_20200217T160045_03_20.png,0.005814698374841081,0.011562166240434267,1.0,0.005814698374841081,0.23036956787109375,0.05455299999448471
YOLOv8x,val_S2A_MSIL2A_20200217T141651_N0209_R010_T20LQN_20200217T160045_05_06.png,0.0,0.0,0.0,0.0,0.7881813049316406,0.056913599983090535
YOLOv8x,val_S2A_MSIL2A_20200217T141651_N0209_R010_T20LQN_20200217T160045_05_15.png,0.0,0.0,0.0,0.0,0.110107421875,0.05283700002473779
YOLOv8x,val_S2A_MSIL2A_20200217T141651_N0209_R010_T20LQN_20200217T160045_06_15.png,0.0,0.0,0.0,0.0,0.10819244384765625,0.053048300003865734
YOLOv8x,val_S2A_MSIL2A_20200217T141651_N0209_R010_T20LQN_20200217T160045_06_21.png,0.0,0.0,0.0,0.0,0.08015823364257812,0.05355539999436587
YOLOv8x,val_S2A_MSIL2A_20200217T141651_N0209_R010_T20LQN_20200217T160045_07_15.png,0.0,0.0,0.0,0.0,0.11628341674804688,0.05744750000303611
YOLOv8x,val_S2A_MSIL2A_20200217T141651_N0209_R010_T20LQN_20200217T160045_08_08.png,0.0,0.0,0.0,0.0,0.54241943359375,0.053354899981059134
YOLOv8x,val_S2A_MSIL2A_20200217T141651_N0209_R010_T20LQN_20200217T160045_09_15.png,0.0,0.0,0.0,0.0,0.1088409423828125,0.057200900017051026
YOLOv8x,val_S2A_MSIL2A_20200217T141651_N0209_R010_T20LQN_20200217T160045_09_21.png,0.0,0.0,0.0,0.0,0.0380096435546875,0.05132030000095256
YOLOv8x,val_S2A_MSIL2A_20200217T141651_N0209_R010_T20LQN_20200217T160045_10_02.png,0.0,0.0,0.0,0.0,0.6653480529785156,0.05466990001150407
YOLOv8x,val_S2A_MSIL2A_20200217T141651_N0209_R010_T20LQN_20200217T160045_10_14.png,0.0,0.0,0.0,0.0,0.07329940795898438,0.0555158999923151
YOLOv8x,val_S2A_MSIL2A_20200217T141651_N0209_R010_T20LQN_20200217T160045_11_03.png,0.0,0.0,0.0,0.0,0.8767166137695312,0.059789300023112446
YOLOv8x,val_S2A_MSIL2A_20200217T141651_N0209_R010_T20LQN_20200217T160045_13_07.png,0.0,0.0,0.0,0.0,0.5525398254394531,0.0538652999966871
YOLOv8x,val_S2A_MSIL2A_20200217T141651_N0209_R010_T20LQN_20200217T160045_13_16.png,0.0,0.0,0.0,0.0,0.20554351806640625,0.05551119998563081
YOLOv8x,val_S2A_MSIL2A_20200217T141651_N0209_R010_T20LQN_20200217T160045_14_04.png,0.0,0.0,0.0,0.0,0.862579345703125,0.06044390000170097
YOLOv8x,val_S2A_MSIL2A_20200217T141651_N0209_R010_T20LQN_20200217T160045_15_19.png,0.007777585738623738,0.015435123480987849,1.0,0.007777585738623738,0.0802154541015625,0.05835609999485314
YOLOv8x,val_S2A_MSIL2A_20200217T141651_N0209_R010_T20LQN_20200217T160045_15_21.png,0.015471733673722897,0.0304720124857637,0.9972390944229708,0.015472396422329598,0.12320709228515625,0.05688049999298528
YOLOv8x,val_S2A_MSIL2A_20200217T141651_N0209_R010_T20LQN_20200217T160045_17_06.png,0.0,0.0,0.0,0.0,0.8306732177734375,0.05590200002188794
YOLOv8x,val_S2A_MSIL2A_20200217T141651_N0209_R010_T20LQN_20200217T160045_17_17.png,0.005856019768297946,0.011643852903812016,0.9760225669957687,0.005856862346807502,0.10372161865234375,0.05774580000434071
YOLOv8x,val_S2A_MSIL2A_20200217T141651_N0209_R010_T20LQN_20200217T160045_20_04.png,0.1891891891891892,0.3181818181818182,0.9600166597251145,0.19069173767624362,0.7362136840820312,0.058546500018564984
YOLOv8x,val_S2A_MSIL2A_20200217T141651_N0209_R010_T20LQN_20200217T160045_20_18.png,0.0,0.0,0.0,0.0,0.10811614990234375,0.0537940000067465
YOLOv8x,val_S2A_MSIL2A_20200818T142741_N0214_R053_T20LMP_20200818T165705_01_01.png,0.0,0.0,0.0,0.0,0.7515487670898438,0.05877060000784695
YOLOv8x,val_S2A_MSIL2A_20200818T142741_N0214_R053_T20LMP_20200818T165705_01_06.png,0.0,0.0,0.0,0.0,0.45024871826171875,0.05250669998349622
YOLOv8x,val_S2A_MSIL2A_20200818T142741_N0214_R053_T20LMP_20200818T165705_01_11.png,0.0,0.0,0.0,0.0,0.5774650573730469,0.052916400018148124
YOLOv8x,val_S2A_MSIL2A_20200818T142741_N0214_R053_T20LMP_20200818T165705_03_05.png,0.0,0.0,0.0,0.0,0.7931098937988281,0.05555269998149015
YOLOv8x,val_S2A_MSIL2A_20200818T142741_N0214_R053_T20LMP_20200818T165705_03_08.png,0.0,0.0,0.0,0.0,0.8326835632324219,0.05321189999813214
YOLOv8x,val_S2A_MSIL2A_20200818T142741_N0214_R053_T20LMP_20200818T165705_03_12.png,0.0,0.0,0.0,0.0,0.8703079223632812,0.05274650000501424
YOLOv8x,val_S2A_MSIL2A_20200818T142741_N0214_R053_T20LMP_20200818T165705_03_16.png,0.0,0.0,0.0,0.0,0.8142814636230469,0.05281449999893084
YOLOv8x,val_S2A_MSIL2A_20200818T142741_N0214_R053_T20LMP_20200818T165705_03_21.png,0.0,0.0,0.0,0.0,0.7777671813964844,0.05350530002033338
YOLOv8x,val_S2A_MSIL2A_20200818T142741_N0214_R053_T20LMP_20200818T165705_04_06.png,0.0,0.0,0.0,0.0,0.8321762084960938,0.05563710001297295
YOLOv8x,val_S2A_MSIL2A_20200818T142741_N0214_R053_T20LMP_20200818T165705_04_09.png,0.0,0.0,0.0,0.0,0.6206016540527344,0.05540889999247156
YOLOv8x,val_S2A_MSIL2A_20200818T142741_N0214_R053_T20LMP_20200818T165705_04_10.png,0.0,0.0,0.0,0.0,0.5830459594726562,0.055048100010026246
YOLOv8x,val_S2A_MSIL2A_20200818T142741_N0214_R053_T20LMP_20200818T165705_05_11.png,0.0,0.0,0.0,0.0,0.5983734130859375,0.055584499990800396
YOLOv8x,val_S2A_MSIL2A_20200818T142741_N0214_R053_T20LMP_20200818T165705_05_19.png,0.0,0.0,0.0,0.0,0.7525596618652344,0.05314319999888539
YOLOv8x,val_S2A_MSIL2A_20200818T142741_N0214_R053_T20LMP_20200818T165705_05_21.png,0.0,0.0,0.0,0.0,0.7571830749511719,0.0533069999946747
YOLOv8x,val_S2A_MSIL2A_20200818T142741_N0214_R053_T20LMP_20200818T165705_06_14.png,0.0,0.0,0.0,0.0,0.7907752990722656,0.0540181000251323
YOLOv8x,val_S2A_MSIL2A_20200818T142741_N0214_R053_T20LMP_20200818T165705_08_01.png,0.0,0.0,0.0,0.0,0.7839164733886719,0.054535500006750226
YOLOv8x,val_S2A_MSIL2A_20200818T142741_N0214_R053_T20LMP_20200818T165705_08_14.png,0.0,0.0,0.0,0.0,0.7995185852050781,0.057017300016013905
YOLOv8x,val_S2A_MSIL2A_20200818T142741_N0214_R053_T20LMP_20200818T165705_08_16.png,0.0,0.0,0.0,0.0,0.6070175170898438,0.054057100001955405
YOLOv8x,val_S2A_MSIL2A_20200818T142741_N0214_R053_T20LMP_20200818T165705_09_04.png,0.0,0.0,0.0,0.0,0.7803840637207031,0.0542538000154309
YOLOv8x,val_S2A_MSIL2A_20200818T142741_N0214_R053_T20LMP_20200818T165705_09_13.png,0.0,0.0,0.0,0.0,0.7025260925292969,0.05701779999071732
YOLOv8x,val_S2A_MSIL2A_20200818T142741_N0214_R053_T20LMP_20200818T165705_09_19.png,0.0,0.0,0.0,0.0,0.6688117980957031,0.057849000004353
YOLOv8x,val_S2A_MSIL2A_20200818T142741_N0214_R053_T20LMP_20200818T165705_09_20.png,0.0,0.0,0.0,0.0,0.7439422607421875,0.05455299999448471
YOLOv8x,val_S2A_MSIL2A_20200818T142741_N0214_R053_T20LMP_20200818T165705_10_08.png,0.0,0.0,0.0,0.0,0.8647613525390625,0.05421380000188947
YOLOv8x,val_S2A_MSIL2A_20200818T142741_N0214_R053_T20LMP_20200818T165705_10_15.png,0.0,0.0,0.0,0.0,0.6877479553222656,0.055156299989903346
YOLOv8x,val_S2A_MSIL2A_20200818T142741_N0214_R053_T20LMP_20200818T165705_11_11.png,0.0,0.0,0.0,0.0,0.7030143737792969,0.05372759999590926
YOLOv8x,val_S2A_MSIL2A_20200818T142741_N0214_R053_T20LMP_20200818T165705_11_12.png,0.0,0.0,0.0,0.0,0.7822380065917969,0.05413649999536574
YOLOv8x,val_S2A_MSIL2A_20200818T142741_N0214_R053_T20LMP_20200818T165705_11_19.png,0.0,0.0,0.0,0.0,0.4407615661621094,0.05442509998101741
YOLOv8x,val_S2A_MSIL2A_20200818T142741_N0214_R053_T20LMP_20200818T165705_12_04.png,0.0,0.0,0.0,0.0,0.7369194030761719,0.05443010001908988
YOLOv8x,val_S2A_MSIL2A_20200818T142741_N0214_R053_T20LMP_20200818T165705_12_05.png,0.0,0.0,0.0,0.0,0.84783935546875,0.05551700000069104
YOLOv8x,val_S2A_MSIL2A_20200818T142741_N0214_R053_T20LMP_20200818T165705_12_10.png,0.0,0.0,0.0,0.0,0.6171875,0.05424130000756122
YOLOv8x,val_S2A_MSIL2A_20200818T142741_N0214_R053_T20LMP_20200818T165705_13_04.png,0.0,0.0,0.0,0.0,0.8688697814941406,0.054056900000432506
YOLOv8x,val_S2A_MSIL2A_20200818T142741_N0214_R053_T20LMP_20200818T165705_13_06.png,0.0,0.0,0.0,0.0,0.7975654602050781,0.053773999999975786
YOLOv8x,val_S2A_MSIL2A_20200818T142741_N0214_R053_T20LMP_20200818T165705_13_14.png,0.0,0.0,0.0,0.0,0.0088043212890625,0.05438039998989552
YOLOv8x,val_S2A_MSIL2A_20200818T142741_N0214_R053_T20LMP_20200818T165705_14_02.png,0.0,0.0,0.0,0.0,0.038360595703125,0.054740300023695454
YOLOv8x,val_S2A_MSIL2A_20200818T142741_N0214_R053_T20LMP_20200818T165705_14_03.png,0.0,0.0,0.0,0.0,0.07509231567382812,0.05408110001008026
YOLOv8x,val_S2A_MSIL2A_20200818T142741_N0214_R053_T20LMP_20200818T165705_14_05.png,0.0,0.0,0.0,0.0,0.6212692260742188,0.05403840000508353
YOLOv8x,val_S2A_MSIL2A_20200818T142741_N0214_R053_T20LMP_20200818T165705_14_06.png,0.0,0.0,0.0,0.0,0.6093673706054688,0.05333900000550784
YOLOv8x,val_S2A_MSIL2A_20200818T142741_N0214_R053_T20LMP_20200818T165705_14_18.png,0.0,0.0,0.0,0.0,0.91766357421875,0.05366859998321161
YOLOv8x,val_S2A_MSIL2A_20200818T142741_N0214_R053_T20LMP_20200818T165705_15_04.png,0.0,0.0,0.0,0.0,0.11451339721679688,0.05458379999618046
YOLOv8x,val_S2A_MSIL2A_20200818T142741_N0214_R053_T20LMP_20200818T165705_15_11.png,0.0,0.0,0.0,0.0,0.05999755859375,0.053522400005022064
YOLOv8x,val_S2A_MSIL2A_20200818T142741_N0214_R053_T20LMP_20200818T165705_17_15.png,0.0,0.0,0.0,0.0,0.014156341552734375,0.05412869999418035
YOLOv8x,val_S2A_MSIL2A_20200818T142741_N0214_R053_T20LMP_20200818T165705_18_11.png,0.0,0.0,0.0,0.0,0.005931854248046875,0.05319720000261441
YOLOv8x,val_S2A_MSIL2A_20200818T142741_N0214_R053_T20LMP_20200818T165705_19_15.png,0.0,0.0,0.0,0.0,0.015415191650390625,0.05576929997187108
YOLOv8x,val_S2A_MSIL2A_20200818T142741_N0214_R053_T20LMP_20200818T165705_19_18.png,0.0,0.0,0.0,0.0,0.002880096435546875,0.053877899976214394
YOLOv8x,val_S2A_MSIL2A_20200818T142741_N0214_R053_T20LMP_20200818T165705_19_19.png,0.0,0.0,0.0,0.0,0.004863739013671875,0.05373740001232363
YOLOv8x,val_S2A_MSIL2A_20200818T142741_N0214_R053_T20LMP_20200818T165705_20_10.png,0.0,0.0,0.0,0.0,0.026947021484375,0.05496290000155568
YOLOv8x,val_S2A_MSIL2A_20200818T142741_N0214_R053_T20LMP_20200818T165705_20_16.png,0.0,0.0,0.0,0.0,0.0437469482421875,0.05468640002072789
YOLOv8x,val_S2A_MSIL2A_20200818T142741_N0214_R053_T20LMP_20200818T165705_21_21.png,0.0,0.0,0.0,0.0,0.8556594848632812,0.056384600000455976
YOLOv8x,val_S2B_MSIL2A_20200202T141649_N0213_R010_T20LQN_20200202T164215_02_07.png,0.0,0.0,0.0,0.0,0.209991455078125,0.05431609999504872
YOLOv8x,val_S2B_MSIL2A_20200202T141649_N0213_R010_T20LQN_20200202T164215_03_03.png,0.0,0.0,0.0,0.0,0.00066375732421875,0.0513552000047639
YOLOv8x,val_S2B_MSIL2A_20200202T141649_N0213_R010_T20LQN_20200202T164215_04_10.png,0.0,0.0,0.0,0.0,3.0517578125e-05,0.053178599977400154
YOLOv8x,val_S2B_MSIL2A_20200202T141649_N0213_R010_T20LQN_20200202T164215_05_07.png,0.0,0.0,0.0,0.0,0.5007591247558594,0.05487980000907555
YOLOv8x,val_S2B_MSIL2A_20200202T141649_N0213_R010_T20LQN_20200202T164215_10_02.png,0.0,0.0,0.0,0.0,0.5900344848632812,0.05641530000139028
YOLOv8x,val_S2B_MSIL2A_20200202T141649_N0213_R010_T20LQN_20200202T164215_10_03.png,0.0,0.0,0.0,0.0,0.49022674560546875,0.0553795000014361
YOLOv8x,val_S2B_MSIL2A_20200202T141649_N0213_R010_T20LQN_20200202T164215_11_04.png,0.0,0.0,0.0,0.0,0.5555915832519531,0.055129799991846085
YOLOv8x,val_S2B_MSIL2A_20200202T141649_N0213_R010_T20LQN_20200202T164215_12_07.png,0.0,0.0,0.0,0.0,0.4833641052246094,0.05503240000689402
YOLOv8x,val_S2B_MSIL2A_20200202T141649_N0213_R010_T20LQN_20200202T164215_12_14.png,0.0,0.0,0.0,0.0,0.001064300537109375,0.05355260000214912
YOLOv11n,train_S2A_MSIL2A_20200111T142701_N0213_R053_T20NQG_20200111T164651_01_07.png,0.6399415850781988,0.7804443657030429,0.6453520648922062,0.9870685842664827,0.6407203674316406,0.7828593000012916
YOLOv11n,train_S2A_MSIL2A_20200111T142701_N0213_R053_T20NQG_20200111T164651_01_13.png,0.6377428413150203,0.7788070571603865,0.6481757606821676,0.9753825837477138,0.6382942199707031,0.03601079998770729
YOLOv11n,train_S2A_MSIL2A_20200111T142701_N0213_R053_T20NQG_20200111T164651_02_03.png,0.5285535415021285,0.691573474073682,0.5392973104711589,0.9636778702630562,0.5331916809082031,0.031124600005568936
YOLOv11n,train_S2A_MSIL2A_20200111T142701_N0213_R053_T20NQG_20200111T164651_02_04.png,0.46842615086564776,0.6379975602988373,0.4726081054876866,0.981460004510164,0.47246551513671875,0.03209009999409318
YOLOv11n,train_S2A_MSIL2A_20200111T142701_N0213_R053_T20NQG_20200111T164651_02_07.png,0.2778421002019425,0.43486139665931184,0.28297422236151376,0.9387240568183295,0.2838172912597656,0.03352249998715706
YOLOv11n,train_S2A_MSIL2A_20200111T142701_N0213_R053_T20NQG_20200111T164651_02_10.png,0.5995406614628817,0.7496410387149066,0.7543637155719057,0.7449771263856821,0.6029090881347656,0.024943600001279265
YOLOv11n,train_S2A_MSIL2A_20200111T142701_N0213_R053_T20NQG_20200111T164651_02_11.png,0.7330854365073299,0.8459888024732466,0.7505419004468233,0.9692488037552233,0.7335700988769531,0.027182599995285273
YOLOv11n,train_S2A_MSIL2A_20200111T142701_N0213_R053_T20NQG_20200111T164651_03_05.png,0.5513658981652572,0.7108134822575862,0.5570311501504642,0.9818881887506059,0.5535736083984375,0.03315549998660572
YOLOv11n,train_S2A_MSIL2A_20200111T142701_N0213_R053_T20NQG_20200111T164651_03_06.png,0.592250130340111,0.7439159451833162,0.5939738330404961,0.995123962151125,0.5942535400390625,0.03003789999638684
YOLOv11n,train_S2A_MSIL2A_20200111T142701_N0213_R053_T20NQG_20200111T164651_03_11.png,0.8742820627613942,0.9329247503690109,0.8848732238363199,0.9864946548538073,0.8746681213378906,0.028103699994971976
YOLOv11n,train_S2A_MSIL2A_20200111T142701_N0213_R053_T20NQG_20200111T164651_04_07.png,0.19865898174831892,0.3314687242547708,0.20150836029153837,0.9335512179267258,0.20444869995117188,0.020619899994926527
YOLOv11n,train_S2A_MSIL2A_20200111T142701_N0213_R053_T20NQG_20200111T164651_04_08.png,0.16195386681840526,0.2787612683141336,0.18501207206091747,0.5651169701226431,0.1741180419921875,0.021393400005763397
YOLOv11n,train_S2A_MSIL2A_20200111T142701_N0213_R053_T20NQG_20200111T164651_04_09.png,0.5360417938176779,0.6979520947609111,0.5562712364017319,0.9364681267686861,0.5389213562011719,0.022214700002223253
YOLOv11n,train_S2A_MSIL2A_20200111T142701_N0213_R053_T20NQG_20200111T164651_04_10.png,0.7620895087522906,0.8649838784772231,0.8473414548895576,0.8833765864410394,0.7632675170898438,0.021557900006882846
YOLOv11n,train_S2A_MSIL2A_20200111T142701_N0213_R053_T20NQG_20200111T164651_04_11.png,0.8063966262260136,0.8928234414506911,0.8446260740597443,0.9468543158560553,0.8080635070800781,0.022314100002404302
YOLOv11n,train_S2A_MSIL2A_20200111T142701_N0213_R053_T20NQG_20200111T164651_05_05.png,0.48012861341539215,0.6487660721692244,0.48250572602972136,0.9898432185290069,0.4831390380859375,0.023694100003922358
YOLOv11n,train_S2A_MSIL2A_20200111T142701_N0213_R053_T20NQG_20200111T164651_05_06.png,0.4687534909879544,0.6383011088847158,0.47279304061325905,0.9820991888947177,0.47391510009765625,0.029571699997177348
YOLOv11n,train_S2A_MSIL2A_20200111T142701_N0213_R053_T20NQG_20200111T164651_05_07.png,0.237839523011574,0.3842816755970558,0.2778652923340284,0.6228009306502306,0.25392913818359375,0.02275000000372529
YOLOv11n,train_S2A_MSIL2A_20200111T142701_N0213_R053_T20NQG_20200111T164651_05_11.png,0.9506270370115942,0.9746886708470697,0.9610063426904736,0.988766230415332,0.9506492614746094,0.02346689999103546
YOLOv11n,train_S2A_MSIL2A_20200111T142701_N0213_R053_T20NQG_20200111T164651_06_01.png,0.0,0.0,0.0,0.0,0.0686187744140625,0.02282430001650937
YOLOv11n,train_S2A_MSIL2A_20200111T142701_N0213_R053_T20NQG_20200111T164651_06_06.png,0.7582044699950812,0.8624758757406666,0.7831504157818485,0.9596822833573291,0.7599754333496094,0.025931800017133355
YOLOv11n,train_S2A_MSIL2A_20200111T142701_N0213_R053_T20NQG_20200111T164651_06_07.png,0.5623402617397999,0.7198691290379802,0.6232206159004526,0.85199591777227,0.566253662109375,0.030494699982227758
YOLOv11n,train_S2A_MSIL2A_20200111T142701_N0213_R053_T20NQG_20200111T164651_06_09.png,0.538298175763439,0.6998619438605107,0.5581992078368991,0.9378827764048565,0.5430412292480469,0.029331900004763156
YOLOv11n,train_S2A_MSIL2A_20200111T142701_N0213_R053_T20NQG_20200111T164651_06_10.png,0.9307779271571743,0.9641480918808998,0.9442113297610607,0.9849449328079216,0.9308624267578125,0.026694800006225705
YOLOv11n,train_S2A_MSIL2A_20200111T142701_N0213_R053_T20NQG_20200111T164651_06_13.png,0.6747458802524148,0.8057889715790413,0.6776616540196093,0.9936636367226952,0.6761665344238281,0.02485690001049079
YOLOv11n,train_S2A_MSIL2A_20200111T142701_N0213_R053_T20NQG_20200111T164651_06_14.png,0.5134627594067207,0.6785271143480249,0.521486643437863,0.9709055932424028,0.5147285461425781,0.024180400010664016
YOLOv11n,train_S2A_MSIL2A_20200111T142701_N0213_R053_T20NQG_20200111T164651_07_01.png,0.0,0.0,0.0,0.0,0.2826194763183594,0.02599500000360422
YOLOv11n,train_S2A_MSIL2A_20200111T142701_N0213_R053_T20NQG_20200111T164651_07_02.png,0.0,0.0,0.0,0.0,0.18778610229492188,0.03489000000990927
YOLOv11n,train_S2A_MSIL2A_20200111T142701_N0213_R053_T20NQG_20200111T164651_07_03.png,0.0,0.0,0.0,0.0,0.03110504150390625,0.025400400016224012
YOLOv11n,train_S2A_MSIL2A_20200111T142701_N0213_R053_T20NQG_20200111T164651_07_04.png,0.0,0.0,0.0,0.0,0.17401504516601562,0.028315900010056794
YOLOv11n,train_S2A_MSIL2A_20200111T142701_N0213_R053_T20NQG_20200111T164651_07_05.png,0.6059952588514185,0.754666311138199,0.632884501733033,0.9344826772953468,0.606903076171875,0.04237060001469217
YOLOv11n,train_S2A_MSIL2A_20200111T142701_N0213_R053_T20NQG_20200111T164651_07_06.png,0.6587058724278888,0.7942407190778492,0.6831146106736657,0.9485460589528091,0.6604843139648438,0.03338370000710711
YOLOv11n,train_S2A_MSIL2A_20200111T142701_N0213_R053_T20NQG_20200111T164651_07_09.png,0.83588609725495,0.9106077969703915,0.8430161455218842,0.9899830105334693,0.8363418579101562,0.039201000006869435
YOLOv11n,train_S2A_MSIL2A_20200111T142701_N0213_R053_T20NQG_20200111T164651_07_11.png,0.7485591549080458,0.8562011217143082,0.7577188971290848,0.9841075241803794,0.7490310668945312,0.026777499995660037
YOLOv11n,train_S2A_MSIL2A_20200111T142701_N0213_R053_T20NQG_20200111T164651_07_12.png,0.6950117674071523,0.8200671886429519,0.7034674289432709,0.9829993829766506,0.6959762573242188,0.03462549997493625
YOLOv11n,train_S2A_MSIL2A_20200111T142701_N0213_R053_T20NQG_20200111T164651_07_13.png,0.799817685292642,0.8887763375462058,0.8055378751933588,0.9911997569727924,0.8006248474121094,0.027134400006616488
YOLOv11n,train_S2A_MSIL2A_20200111T142701_N0213_R053_T20NQG_20200111T164651_07_14.png,0.57874915107736,0.7331742990105979,0.6094903710566846,0.9198368648615498,0.58355712890625,0.028349999978672713
YOLOv11n,train_S2A_MSIL2A_20200111T142701_N0213_R053_T20NQG_20200111T164651_07_15.png,0.42759154816175204,0.5990390580727984,0.4324479429214006,0.9744087092518326,0.4304847717285156,0.024454400001559407
YOLOv11n,train_S2A_MSIL2A_20200111T142701_N0213_R053_T20NQG_20200111T164651_08_01.png,0.0,0.0,0.0,0.0,0.0770263671875,0.023918600025353953
YOLOv11n,train_S2A_MSIL2A_20200111T142701_N0213_R053_T20NQG_20200111T164651_08_09.png,0.4839027094990609,0.6522027440227773,0.4985898493291223,0.9426185242372843,0.4958038330078125,0.025149599998258054
YOLOv11n,train_S2A_MSIL2A_20200111T142701_N0213_R053_T20NQG_20200111T164651_08_10.png,0.48544322994052896,0.6536005148577292,0.4892829087644484,0.9840914043771987,0.4887428283691406,0.033733799995388836
YOLOv11n,train_S2A_MSIL2A_20200111T142701_N0213_R053_T20NQG_20200111T164651_08_14.png,0.7006554989075018,0.823982869379015,0.7256601331581183,0.9531258962606052,0.7021102905273438,0.02619899998535402
YOLOv11n,train_S2A_MSIL2A_20200111T142701_N0213_R053_T20NQG_20200111T164651_09_01.png,0.0,0.0,0.0,0.0,0.22026443481445312,0.024626700003864244
YOLOv11n,train_S2A_MSIL2A_20200111T142701_N0213_R053_T20NQG_20200111T164651_09_02.png,0.0,0.0,0.0,0.0,0.36429595947265625,0.022051099978853017
YOLOv11n,train_S2A_MSIL2A_20200111T142701_N0213_R053_T20NQG_20200111T164651_09_03.png,0.053067197377663314,0.100785966004469,0.05322275753294379,0.9477976024533036,0.07432174682617188,0.024334999994607642
YOLOv11n,train_S2A_MSIL2A_20200111T142701_N0213_R053_T20NQG_20200111T164651_09_07.png,0.20373385975558236,0.33850316347660175,0.20872648005477168,0.8949304091100801,0.20911026000976562,0.03764170000795275
YOLOv11n,train_S2A_MSIL2A_20200111T142701_N0213_R053_T20NQG_20200111T164651_09_08.png,0.5265425662414132,0.6898498317512932,0.5374538283353159,0.9628746880520427,0.5288543701171875,0.03329300001496449
YOLOv11n,train_S2A_MSIL2A_20200111T142701_N0213_R053_T20NQG_20200111T164651_09_09.png,0.8056822918857729,0.8923854384642104,0.8309594714525195,0.9636177346390818,0.8061752319335938,0.02632529998663813
YOLOv11n,train_S2A_MSIL2A_20200111T142701_N0213_R053_T20NQG_20200111T164651_09_10.png,0.9372215966562971,0.9675935868916286,0.9518267982090594,0.9838915202077273,0.9372596740722656,0.027709699992556125
YOLOv11n,train_S2A_MSIL2A_20200111T142701_N0213_R053_T20NQG_20200111T164651_09_12.png,0.3337978009146638,0.5005223440700817,0.4146128037283776,0.6313383392226148,0.3470611572265625,0.023835500003769994
YOLOv11n,train_S2A_MSIL2A_20200111T142701_N0213_R053_T20NQG_20200111T164651_09_13.png,0.30243474731695363,0.4644144329533228,0.3222646528440756,0.8309383547233327,0.3050079345703125,0.024254699994344264
YOLOv11n,train_S2A_MSIL2A_20200111T142701_N0213_R053_T20NQG_20200111T164651_09_15.png,0.5582131780419639,0.7164785741876595,0.5786879903344011,0.9403946136209513,0.5604057312011719,0.023841499991249293
YOLOv11n,train_S2A_MSIL2A_20200111T142701_N0213_R053_T20NQG_20200111T164651_09_16.png,0.3160752910856459,0.480330104556422,0.31730436054793676,0.9878934624697336,0.3197174072265625,0.022445800015702844
YOLOv11n,train_S2A_MSIL2A_20200111T142701_N0213_R053_T20NQG_20200111T164651_10_01.png,0.0,0.0,0.0,0.0,0.102935791015625,0.02308320000884123
YOLOv11n,train_S2A_MSIL2A_20200111T142701_N0213_R053_T20NQG_20200111T164651_10_02.png,0.14734316236358183,0.256842359281678,0.16087398288646115,0.6366053033827341,0.15416717529296875,0.026070899999467656
YOLOv11n,train_S2A_MSIL2A_20200111T142701_N0213_R053_T20NQG_20200111T164651_10_03.png,0.018344686806516713,0.03602844310808913,0.018350788175053756,0.9821983026288553,0.031398773193359375,0.023738700023386627
YOLOv11n,train_S2A_MSIL2A_20200111T142701_N0213_R053_T20NQG_20200111T164651_10_04.png,0.01693258775779271,0.03330129835867865,0.01693258775779271,1.0,0.021533966064453125,0.027493600005982444
YOLOv11n,train_S2A_MSIL2A_20200111T142701_N0213_R053_T20NQG_20200111T164651_10_09.png,0.672707864652679,0.804333953188365,0.6738396446597402,0.9975094459510059,0.6736717224121094,0.023037900013150647
YOLOv11n,train_S2A_MSIL2A_20200111T142701_N0213_R053_T20NQG_20200111T164651_10_11.png,0.8838460187666537,0.9383421043566014,0.8957215423957661,0.9852212765957447,0.8839302062988281,0.029484400001820177
YOLOv11n,train_S2A_MSIL2A_20200111T142701_N0213_R053_T20NQG_20200111T164651_10_12.png,0.8460608518338568,0.9166120943341485,0.8591024042327549,0.9823737667633563,0.8465042114257812,0.024248400004580617
YOLOv11n,train_S2A_MSIL2A_20200111T142701_N0213_R053_T20NQG_20200111T164651_10_17.png,0.4049238489131074,0.576435298221137,0.49792231081458915,0.6843433841505834,0.4209480285644531,0.02387620002264157
YOLOv11n,train_S2A_MSIL2A_20200111T142701_N0213_R053_T20NQG_20200111T164651_11_02.png,0.1947257838594979,0.32597569499244694,0.2528695999800115,0.4585432599949255,0.20171737670898438,0.025046199996722862
YOLOv11n,train_S2A_MSIL2A_20200111T142701_N0213_R053_T20NQG_20200111T164651_11_03.png,0.021188961779258615,0.041498611074565935,0.021319079417432982,0.7763713080168776,0.027278900146484375,0.023811799997929484
YOLOv11n,train_S2A_MSIL2A_20200111T142701_N0213_R053_T20NQG_20200111T164651_11_05.png,0.05908404668960218,0.11157574674886707,0.059149136844709356,0.9817155321742478,0.07041549682617188,0.023568900011014193
YOLOv11n,train_S2A_MSIL2A_20200111T142701_N0213_R053_T20NQG_20200111T164651_11_07.png,0.0,0.0,0.0,0.0,0.27191162109375,0.021271900011925027
YOLOv11n,train_S2A_MSIL2A_20200111T142701_N0213_R053_T20NQG_20200111T164651_11_10.png,0.5307741821776412,0.693471562765156,0.5369605916485459,0.9787548220265936,0.5328254699707031,0.023181600001407787
YOLOv11n,train_S2A_MSIL2A_20200111T142701_N0213_R053_T20NQG_20200111T164651_11_11.png,0.796578099377315,0.8867725813349333,0.8038574294090418,0.9887597800352057,0.7969932556152344,0.0229043000144884
YOLOv11n,train_S2A_MSIL2A_20200111T142701_N0213_R053_T20NQG_20200111T164651_11_14.png,0.28897796519845226,0.4483830957559634,0.3052772429098267,0.8440524261769947,0.29763031005859375,0.024389099999098107
YOLOv11n,train_S2A_MSIL2A_20200111T142701_N0213_R053_T20NQG_20200111T164651_11_17.png,0.7327432069743134,0.8457608767704443,0.7457139072021944,0.976812674172902,0.7337188720703125,0.023602700006449595
YOLOv11n,train_S2A_MSIL2A_20200111T142701_N0213_R053_T20NQG_20200111T164651_11_18.png,0.8117364124779355,0.8960866568528177,0.9278612115792116,0.8664162803230067,0.81365966796875,0.02612070000031963
YOLOv11n,train_S2A_MSIL2A_20200111T142701_N0213_R053_T20NQG_20200111T164651_12_01.png,0.0,0.0,0.0,0.0,0.13274765014648438,0.023755600006552413
YOLOv11n,train_S2A_MSIL2A_20200111T142701_N0213_R053_T20NQG_20200111T164651_12_02.png,0.1361216119624339,0.2396250727548607,0.13989684120380738,0.8345519310086239,0.13785171508789062,0.022996299987426028
YOLOv11n,train_S2A_MSIL2A_20200111T142701_N0213_R053_T20NQG_20200111T164651_12_05.png,0.09492963952090717,0.17339861137094467,0.09500307497128092,0.9919231079880462,0.10668563842773438,0.02414860000135377
YOLOv11n,train_S2A_MSIL2A_20200111T142701_N0213_R053_T20NQG_20200111T164651_12_07.png,0.24141041443883007,0.38892925599944767,0.2993405570091755,0.5550477656200147,0.2910041809082031,0.036786199983907863
YOLOv11n,train_S2A_MSIL2A_20200111T142701_N0213_R053_T20NQG_20200111T164651_12_11.png,0.5535741684055481,0.71264594850169,0.5582637690802046,0.9850521128394842,0.5560264587402344,0.02385220001451671
YOLOv11n,train_S2A_MSIL2A_20200111T142701_N0213_R053_T20NQG_20200111T164651_12_14.png,0.0,0.0,0.0,0.0,0.19156646728515625,0.022637100017163903
YOLOv11n,train_S2A_MSIL2A_20200111T142701_N0213_R053_T20NQG_20200111T164651_12_15.png,0.5528058556988498,0.7120089786756454,0.5698841089020947,0.9485770621097601,0.5546226501464844,0.02408480001031421
YOLOv11n,train_S2A_MSIL2A_20200111T142701_N0213_R053_T20NQG_20200111T164651_13_02.png,0.1675461690571914,0.28700564225650643,0.17083475806990445,0.8969459347915807,0.17617416381835938,0.026148200005991384
YOLOv11n,train_S2A_MSIL2A_20200111T142701_N0213_R053_T20NQG_20200111T164651_13_05.png,0.07700841518521526,0.143004296158581,0.07711990709377722,0.981572723689397,0.08913803100585938,0.025670999981230125
YOLOv11n,train_S2A_MSIL2A_20200111T142701_N0213_R053_T20NQG_20200111T164651_13_06.png,0.35249772340417357,0.5212544425094532,0.3788498228400109,0.8351920468304762,0.3571586608886719,0.024146400013705716
YOLOv11n,train_S2A_MSIL2A_20200111T142701_N0213_R053_T20NQG_20200111T164651_13_07.png,0.40361346439268714,0.5751062876378461,0.43101527624196256,0.8639199461491733,0.40679168701171875,0.025543600000673905
YOLOv11n,train_S2A_MSIL2A_20200111T142701_N0213_R053_T20NQG_20200111T164651_13_08.png,0.37404969778374747,0.544448571819586,0.37562962706037867,0.988880321415527,0.3777961730957031,0.025585200026398525
YOLOv11n,train_S2A_MSIL2A_20200111T142701_N0213_R053_T20NQG_20200111T164651_13_10.png,0.1897003680633115,0.31890444544809343,0.18979579298215973,0.9973566326324711,0.19461822509765625,0.025664999993750826
YOLOv11n,train_S2A_MSIL2A_20200111T142701_N0213_R053_T20NQG_20200111T164651_13_13.png,0.631668656498689,0.774260943216441,0.6356535243260784,0.9901731286519795,0.6339912414550781,0.02980099999695085
YOLOv11n,train_S2A_MSIL2A_20200111T142701_N0213_R053_T20NQG_20200111T164651_13_14.png,0.6316741977571252,0.7742651058960361,0.6464300397423599,0.965123552416974,0.6327743530273438,0.025459600001340732
YOLOv11n,train_S2A_MSIL2A_20200111T142701_N0213_R053_T20NQG_20200111T164651_13_16.png,0.7362424993877051,0.8480871763562347,0.7496132880838181,0.9763461050494798,0.7370796203613281,0.024428300006547943
YOLOv11n,train_S2A_MSIL2A_20200111T142701_N0213_R053_T20NQG_20200111T164651_14_01.png,0.0,0.0,0.0,0.0,0.3625946044921875,0.022731799981556833
YOLOv11n,train_S2A_MSIL2A_20200111T142701_N0213_R053_T20NQG_20200111T164651_14_08.png,0.06370856620891456,0.11978575379151749,0.06378509924279414,0.9815146094215862,0.07720947265625,0.022463600005721673
YOLOv11n,train_S2A_MSIL2A_20200111T142701_N0213_R053_T20NQG_20200111T164651_14_11.png,0.28694851530729687,0.4459362777830774,0.2896207237033165,0.9688475537881633,0.290985107421875,0.033969300013268366
YOLOv11n,train_S2A_MSIL2A_20200111T142701_N0213_R053_T20NQG_20200111T164651_15_02.png,0.1704728802266871,0.29128890230019067,0.1923083888727905,0.6002204510768188,0.211578369140625,0.04343960000551306
YOLOv11n,train_S2A_MSIL2A_20200111T142701_N0213_R053_T20NQG_20200111T164651_15_03.png,0.03252016724435395,0.06299182965335301,0.03257497615943016,0.9508066348557146,0.050220489501953125,0.035039299982599914
YOLOv11n,train_S2A_MSIL2A_20200111T142701_N0213_R053_T20NQG_20200111T164651_15_13.png,0.7912422808565241,0.8834564584732483,0.7960670401364779,0.9923984423273124,0.7914772033691406,0.02404330001445487
YOLOv11n,train_S2A_MSIL2A_20200111T142701_N0213_R053_T20NQG_20200111T164651_17_01.png,0.0,0.0,0.0,0.0,0.3895759582519531,0.03953919999185018
YOLOv11n,train_S2A_MSIL2A_20200115T140641_N0213_R110_T21LUH_20200115T163049_01_09.png,0.22040858862081078,0.361204584556219,0.22128917754285893,0.9822657217558828,0.22949981689453125,0.02362130000256002
YOLOv11n,train_S2A_MSIL2A_20200115T140641_N0213_R110_T21LUH_20200115T163049_02_09.png,0.08216106093234388,0.15184627113002458,0.0822005394010788,0.9941884988517599,0.09601211547851562,0.023323100002016872
YOLOv11n,train_S2A_MSIL2A_20200115T140641_N0213_R110_T21LUH_20200115T163049_03_03.png,0.1236218178993767,0.22004168294006435,0.12401868539881794,0.9747672709456149,0.13916397094726562,0.023144900012994185
YOLOv11n,train_S2A_MSIL2A_20200115T140641_N0213_R110_T21LUH_20200115T163049_03_05.png,0.4341865909352573,0.6054813141881586,0.4354952326328877,0.993126695283491,0.43758392333984375,0.021798100002342835
YOLOv11n,train_S2A_MSIL2A_20200115T140641_N0213_R110_T21LUH_20200115T163049_03_08.png,0.20574750600938463,0.3412779292247331,0.20638864172993293,0.9851262157342208,0.2109527587890625,0.02351469997665845
YOLOv11n,train_S2A_MSIL2A_20200115T140641_N0213_R110_T21LUH_20200115T163049_03_09.png,0.1538431966538778,0.2666622242953288,0.15411692212893785,0.9885869565217391,0.160369873046875,0.022783199994591996
YOLOv11n,train_S2A_MSIL2A_20200115T140641_N0213_R110_T21LUH_20200115T163049_04_02.png,0.1999235079264911,0.3332270875698832,0.20006276719112992,0.9965303593556382,0.201995849609375,0.02361979999113828
YOLOv11n,train_S2A_MSIL2A_20200115T140641_N0213_R110_T21LUH_20200115T163049_04_06.png,0.5569308730714616,0.7154214521711768,0.5590685200980505,0.993181352808682,0.5584030151367188,0.027493800007505342
YOLOv11n,train_S2A_MSIL2A_20200115T140641_N0213_R110_T21LUH_20200115T163049_04_07.png,0.20639607531036497,0.3421696730193129,0.20681033685702838,0.9903881632351856,0.21259307861328125,0.03320600002189167
YOLOv11n,train_S2A_MSIL2A_20200115T140641_N0213_R110_T21LUH_20200115T163049_04_08.png,0.5095250122458976,0.6750799199912791,0.5132865838849331,0.9858211165407967,0.5110816955566406,0.027532100008102134
YOLOv11n,train_S2A_MSIL2A_20200115T140641_N0213_R110_T21LUH_20200115T163049_04_09.png,0.571660298741534,0.727460379573469,0.5776643594583887,0.9821430929959188,0.5749053955078125,0.02555469999788329
YOLOv11n,train_S2A_MSIL2A_20200115T140641_N0213_R110_T21LUH_20200115T163049_04_11.png,0.9873444412921628,0.9936319248717608,0.9934192000432034,0.9938447408230682,0.9874076843261719,0.02336960000684485
YOLOv11n,train_S2A_MSIL2A_20200115T140641_N0213_R110_T21LUH_20200115T163049_04_12.png,0.6642795300422711,0.7982787963815178,0.8971297055633449,0.7190497595562605,0.6730995178222656,0.031555800000205636
YOLOv11n,train_S2A_MSIL2A_20200115T140641_N0213_R110_T21LUH_20200115T163049_04_13.png,0.33079050729571796,0.497133854625869,0.33431698450652203,0.9690972613546714,0.3363990783691406,0.03178059999481775
YOLOv11n,train_S2A_MSIL2A_20200115T140641_N0213_R110_T21LUH_20200115T163049_04_14.png,0.28530120297353917,0.44394450470208224,0.28796465239980207,0.9685988453736932,0.28813934326171875,0.03409470000769943
YOLOv11n,train_S2A_MSIL2A_20200115T140641_N0213_R110_T21LUH_20200115T163049_04_15.png,0.4534930432700107,0.6240044221329882,0.4599061408044626,0.9701684942940014,0.4602851867675781,0.023961600003531203
YOLOv11n,train_S2A_MSIL2A_20200115T140641_N0213_R110_T21LUH_20200115T163049_05_02.png,0.24015767928437864,0.387301846040996,0.2430451460607849,0.952862783810464,0.2543983459472656,0.027063999994425103
YOLOv11n,train_S2A_MSIL2A_20200115T140641_N0213_R110_T21LUH_20200115T163049_05_03.png,0.1470597302504817,0.256411634672884,0.14760978289038537,0.9752868716297375,0.15566253662109375,0.02364939998369664
YOLOv11n,train_S2A_MSIL2A_20200115T140641_N0213_R110_T21LUH_20200115T163049_05_06.png,0.1610494543407951,0.27742049012414133,0.16125458833337836,0.9921630094043887,0.16979598999023438,0.024023600009968504
YOLOv11n,train_S2A_MSIL2A_20200115T140641_N0213_R110_T21LUH_20200115T163049_05_08.png,0.6350679547046011,0.776809248664329,0.6398529709839874,0.9883614512963164,0.640167236328125,0.02267899998696521
YOLOv11n,train_S2A_MSIL2A_20200115T140641_N0213_R110_T21LUH_20200115T163049_05_09.png,0.4464955270322832,0.6173479539868887,0.4489348971267447,0.987976693547693,0.45714569091796875,0.025478399998974055
YOLOv11n,train_S2A_MSIL2A_20200115T140641_N0213_R110_T21LUH_20200115T163049_05_10.png,0.603940396959093,0.7530708723392742,0.6149572580904329,0.9711913009275119,0.617034912109375,0.024888799991458654
YOLOv11n,train_S2A_MSIL2A_20200115T140641_N0213_R110_T21LUH_20200115T163049_06_06.png,0.14215026828099148,0.24891692840896784,0.14277505125178605,0.9701350780920219,0.153472900390625,0.031880499998806044
YOLOv11n,train_S2A_MSIL2A_20200115T140641_N0213_R110_T21LUH_20200115T163049_06_09.png,0.2616258882896229,0.41474400726558847,0.2631272625685318,0.9786561607065547,0.2699012756347656,0.023615799989784136
YOLOv11n,train_S2A_MSIL2A_20200115T140641_N0213_R110_T21LUH_20200115T163049_07_04.png,0.09296618886008266,0.1701172274268474,0.09314883433688435,0.9793442090739388,0.101806640625,0.02429999999003485
YOLOv11n,train_S2A_MSIL2A_20200115T140641_N0213_R110_T21LUH_20200115T163049_07_06.png,0.14384927935918937,0.2515178913078077,0.1444940296707273,0.9699138156176548,0.15681838989257812,0.02268950000870973
YOLOv11n,train_S2A_MSIL2A_20200115T140641_N0213_R110_T21LUH_20200115T163049_07_13.png,0.2524920009844942,0.4031834148018963,0.25563295008117987,0.9535954452368157,0.258514404296875,0.02467889999388717
YOLOv11n,train_S2A_MSIL2A_20200115T140641_N0213_R110_T21LUH_20200115T163049_08_03.png,0.1500425429411742,0.26093389998851374,0.15067712824274393,0.9726972772838325,0.16546630859375,0.024080999981379136
YOLOv11n,train_S2A_MSIL2A_20200115T140641_N0213_R110_T21LUH_20200115T163049_08_04.png,0.11766540981270436,0.21055569722323686,0.11785241734206171,0.9866937958208184,0.1260833740234375,0.03283229999942705
YOLOv11n,train_S2A_MSIL2A_20200115T140641_N0213_R110_T21LUH_20200115T163049_08_05.png,0.21666795039667258,0.3561661180045581,0.21766212462375326,0.9793545242488598,0.224090576171875,0.03272430002107285
YOLOv11n,train_S2A_MSIL2A_20200115T140641_N0213_R110_T21LUH_20200115T163049_08_06.png,0.10460866293489361,0.1894040241490652,0.10475908524675884,0.9864595778574273,0.11034011840820312,0.027130100002977997
YOLOv11n,train_S2A_MSIL2A_20200115T140641_N0213_R110_T21LUH_20200115T163049_09_06.png,0.17368834432924912,0.2959701272802709,0.17401979107237708,0.9891530427392481,0.1973419189453125,0.025414800009457394
YOLOv11n,train_S2A_MSIL2A_20200115T140641_N0213_R110_T21LUH_20200115T163049_16_11.png,0.0,0.0,0.0,0.0,0.6166152954101562,0.023512500018114224
YOLOv11n,train_S2A_MSIL2A_20200217T141651_N0209_R010_T20LQN_20200217T160045_02_11.png,0.9089531675183861,0.9523053608486511,0.9159129016875106,0.991709486412885,0.90899658203125,0.020203699998091906
YOLOv11n,train_S2A_MSIL2A_20200217T141651_N0209_R010_T20LQN_20200217T160045_02_15.png,0.6678989384093744,0.8008865801501496,0.673364585141887,0.987993002994673,0.6689605712890625,0.02055719998315908
YOLOv11n,train_S2A_MSIL2A_20200217T141651_N0209_R010_T20LQN_20200217T160045_02_16.png,0.7502997383753223,0.8573385711315614,0.7722337430907643,0.9635248341031734,0.7513313293457031,0.021343300002627075
YOLOv11n,train_S2A_MSIL2A_20200217T141651_N0209_R010_T20LQN_20200217T160045_02_17.png,0.7375724049158724,0.8489688289583343,0.7576699671006029,0.9652852286742808,0.7386856079101562,0.021758299990324304
YOLOv11n,train_S2A_MSIL2A_20200217T141651_N0209_R010_T20LQN_20200217T160045_02_21.png,0.8058207128652287,0.8924703400778506,0.8188481268459505,0.980639095994713,0.8063125610351562,0.02213499997742474
YOLOv11n,train_S2A_MSIL2A_20200217T141651_N0209_R010_T20LQN_20200217T160045_03_02.png,0.9403578528827038,0.9692622950819673,0.953551542542283,0.9854994221363759,0.9403762817382812,0.019771399995079264
YOLOv11n,train_S2A_MSIL2A_20200217T141651_N0209_R010_T20LQN_20200217T160045_03_13.png,0.8463989851129521,0.9168104964715135,0.8538739384687737,0.9897630441873663,0.8466567993164062,0.02138860002742149
YOLOv11n,train_S2A_MSIL2A_20200217T141651_N0209_R010_T20LQN_20200217T160045_03_14.png,0.7739795314605498,0.8725912759808657,0.7792506274237003,0.9913360648523905,0.7741355895996094,0.021872299985261634
YOLOv11n,train_S2A_MSIL2A_20200217T141651_N0209_R010_T20LQN_20200217T160045_03_15.png,0.8045680822147907,0.8917015546759804,0.810811330699301,0.9905203692215141,0.8047142028808594,0.022365600016200915
YOLOv11n,train_S2A_MSIL2A_20200217T141651_N0209_R010_T20LQN_20200217T160045_03_17.png,0.7523633241102948,0.8586841709806757,0.7574335980574094,0.9911811435351849,0.7524757385253906,0.024136499996529892
YOLOv11n,train_S2A_MSIL2A_20200217T141651_N0209_R010_T20LQN_20200217T160045_03_19.png,0.8118878143133462,0.896178900150094,0.8876261932051277,0.9048980295778899,0.8145027160644531,0.021519300004001707
YOLOv11n,train_S2A_MSIL2A_20200217T141651_N0209_R010_T20LQN_20200217T160045_03_21.png,0.8276654376684147,0.9057078178643924,0.8329588187618356,0.9923803857858728,0.8277587890625,0.028842800005804747
YOLOv11n,train_S2A_MSIL2A_20200217T141651_N0209_R010_T20LQN_20200217T160045_04_15.png,0.7615644057868926,0.8646455426609293,0.7683741734132624,0.9884965514499812,0.7624130249023438,0.02210410000407137
YOLOv11n,train_S2A_MSIL2A_20200217T141651_N0209_R010_T20LQN_20200217T160045_04_16.png,0.8530661368585948,0.9207077069626374,0.8709286087641694,0.9765221460717894,0.8532981872558594,0.02751169999828562
YOLOv11n,train_S2A_MSIL2A_20200217T141651_N0209_R010_T20LQN_20200217T160045_04_17.png,0.6797256917810571,0.809329398373762,0.6913286990137516,0.9759032183832473,0.6798515319824219,0.024537799996323884
YOLOv11n,train_S2A_MSIL2A_20200217T141651_N0209_R010_T20LQN_20200217T160045_04_21.png,0.819901953666803,0.9010396983363147,0.8329542102075991,0.9812465703310774,0.8201980590820312,0.025675699987914413
YOLOv11n,train_S2A_MSIL2A_20200217T141651_N0209_R010_T20LQN_20200217T160045_05_01.png,0.9705878986068555,0.9850744534593265,0.9764300328981462,0.9938733007982683,0.9705963134765625,0.020891799998935312
YOLOv11n,train_S2A_MSIL2A_20200217T141651_N0209_R010_T20LQN_20200217T160045_05_16.png,0.8885459546690981,0.9409842026584785,0.8947518046554155,0.9922546342253143,0.8885574340820312,0.02681100001791492
YOLOv11n,train_S2A_MSIL2A_20200217T141651_N0209_R010_T20LQN_20200217T160045_05_17.png,0.7740047734157461,0.8726073176516246,0.7857772462344339,0.9810111547952045,0.7746047973632812,0.026020299992524087
YOLOv11n,train_S2A_MSIL2A_20200217T141651_N0209_R010_T20LQN_20200217T160045_05_18.png,0.7456798248970657,0.8543145361046203,0.7539366270747089,0.9855258632897053,0.7464675903320312,0.026327400002628565
YOLOv11n,train_S2A_MSIL2A_20200217T141651_N0209_R010_T20LQN_20200217T160045_05_20.png,0.8592352064789701,0.9242888726340273,0.8649282629678481,0.9923978027311434,0.85943603515625,0.02300210000248626
YOLOv11n,train_S2A_MSIL2A_20200217T141651_N0209_R010_T20LQN_20200217T160045_05_21.png,0.9052049437035,0.9502441684240913,0.9154952971396566,0.9877349958949952,0.9053192138671875,0.025064899993594736
YOLOv11n,train_S2A_MSIL2A_20200217T141651_N0209_R010_T20LQN_20200217T160045_06_01.png,0.9782161673425631,0.9889881434511274,0.9862985771599359,0.9916924183648607,0.9782180786132812,0.02968829998280853
YOLOv11n,train_S2A_MSIL2A_20200217T141651_N0209_R010_T20LQN_20200217T160045_06_13.png,0.8357021686305075,0.9104986450541354,0.8490873659775006,0.9814858024912948,0.8359603881835938,0.026367599988589063
YOLOv11n,train_S2A_MSIL2A_20200217T141651_N0209_R010_T20LQN_20200217T160045_06_14.png,0.8038455503293288,0.891257624781202,0.8244141774934255,0.9698967929625268,0.8044853210449219,0.022418999986257404
YOLOv11n,train_S2A_MSIL2A_20200217T141651_N0209_R010_T20LQN_20200217T160045_06_16.png,0.8733151170068235,0.9323739600224904,0.8788288426679776,0.9928671838392252,0.8733673095703125,0.023091499984730035
YOLOv11n,train_S2A_MSIL2A_20200217T141651_N0209_R010_T20LQN_20200217T160045_06_17.png,0.8382773402756836,0.9120248853744435,0.8443821542413091,0.9914490169078308,0.8383865356445312,0.025429399975109845
YOLOv11n,train_S2A_MSIL2A_20200217T141651_N0209_R010_T20LQN_20200217T160045_06_18.png,0.7182479910082806,0.8360236645314596,0.7237430081513784,0.9895397158974197,0.7188606262207031,0.023422199999913573
YOLOv11n,train_S2A_MSIL2A_20200217T141651_N0209_R010_T20LQN_20200217T160045_06_19.png,0.807811098173211,0.8936897212208756,0.8115133849812073,0.9943841082010818,0.8079643249511719,0.022783599997637793
YOLOv11n,train_S2A_MSIL2A_20200217T141651_N0209_R010_T20LQN_20200217T160045_06_20.png,0.9139942525445657,0.9550647828011533,0.923289551295149,0.9891050712217766,0.914031982421875,0.021520599984796718
YOLOv11n,train_S2A_MSIL2A_20200217T141651_N0209_R010_T20LQN_20200217T160045_07_01.png,0.9731844044434438,0.9864099901174114,0.9807180544232337,0.9921683817378956,0.9731941223144531,0.020587400009389967
YOLOv11n,train_S2A_MSIL2A_20200217T141651_N0209_R010_T20LQN_20200217T160045_07_03.png,0.3279288662873073,0.4938952298011985,0.32989071185604935,0.9821881200610169,0.33049774169921875,0.024209800001699477
YOLOv11n,train_S2A_MSIL2A_20200217T141651_N0209_R010_T20LQN_20200217T160045_07_04.png,0.40560841646292084,0.5771286109449965,0.40671990763013566,0.9933075158852502,0.4092521667480469,0.026985400007106364
YOLOv11n,train_S2A_MSIL2A_20200217T141651_N0209_R010_T20LQN_20200217T160045_07_09.png,0.4139829987395087,0.5855558363976833,0.4169198437977731,0.9832691359827671,0.4182929992675781,0.027931899996474385
YOLOv11n,train_S2A_MSIL2A_20200217T141651_N0209_R010_T20LQN_20200217T160045_07_16.png,0.8387553472823784,0.9123077178505906,0.8461236415711002,0.98972428482013,0.8388137817382812,0.024510999995982274
YOLOv11n,train_S2A_MSIL2A_20200217T141651_N0209_R010_T20LQN_20200217T160045_07_18.png,0.8707687368131364,0.9309207703529354,0.8869741944526639,0.9794491689381497,0.8710250854492188,0.022212600015336648
YOLOv11n,train_S2A_MSIL2A_20200217T141651_N0209_R010_T20LQN_20200217T160045_07_19.png,0.9074646010773336,0.9514877503517484,0.9140106203401431,0.9921696301861591,0.9075355529785156,0.029256400011945516
YOLOv11n,train_S2A_MSIL2A_20200217T141651_N0209_R010_T20LQN_20200217T160045_07_20.png,0.9125758969290128,0.9542898646734164,0.9277220616476887,0.9824242100549295,0.9126129150390625,0.023402799997711554
YOLOv11n,train_S2A_MSIL2A_20200217T141651_N0209_R010_T20LQN_20200217T160045_07_21.png,0.9792676133718934,0.9895252231239278,0.9910267498609996,0.9880282394968011,0.9792709350585938,0.03176119999261573
YOLOv11n,train_S2A_MSIL2A_20200217T141651_N0209_R010_T20LQN_20200217T160045_08_01.png,0.9337863053087194,0.9657595596217081,0.9490822604025385,0.9830334500664171,0.9339408874511719,0.020161199994618073
YOLOv11n,train_S2A_MSIL2A_20200217T141651_N0209_R010_T20LQN_20200217T160045_08_05.png,0.3700936554590605,0.5402457766072316,0.37261948388164506,0.9820136040292851,0.3860321044921875,0.02335580001818016
YOLOv11n,train_S2A_MSIL2A_20200217T141651_N0209_R010_T20LQN_20200217T160045_08_15.png,0.8695534309757624,0.9302258138960198,0.8798125584306211,0.9867675922997265,0.8696708679199219,0.025225000019418076
YOLOv11n,train_S2A_MSIL2A_20200217T141651_N0209_R010_T20LQN_20200217T160045_08_16.png,0.850732068897006,0.9193465474492187,0.8584399361539707,0.9895558804837182,0.8509712219238281,0.021834900020621717
YOLOv11n,train_S2A_MSIL2A_20200217T141651_N0209_R010_T20LQN_20200217T160045_08_17.png,0.8960015584296529,0.9451485463669751,0.911696690569191,0.9811487272149304,0.8961372375488281,0.025106699991738424
YOLOv11n,train_S2A_MSIL2A_20200217T141651_N0209_R010_T20LQN_20200217T160045_08_19.png,0.9289550025416894,0.9631691784594778,0.9329809449229967,0.9953763238293376,0.9290924072265625,0.021379099984187633
YOLOv11n,train_S2A_MSIL2A_20200217T141651_N0209_R010_T20LQN_20200217T160045_08_20.png,0.8800627571937915,0.9362057237997584,0.8882377644470644,0.9896503172300111,0.8801460266113281,0.021395500021753833
YOLOv11n,train_S2A_MSIL2A_20200217T141651_N0209_R010_T20LQN_20200217T160045_08_21.png,0.9246274359954146,0.960837841862312,0.9326783353440666,0.9907506735343974,0.9247550964355469,0.02142399997683242
YOLOv11n,train_S2A_MSIL2A_20200217T141651_N0209_R010_T20LQN_20200217T160045_09_03.png,0.21859022166181005,0.35875919201733825,0.2190651944429462,0.9901784936874184,0.22460556030273438,0.023831099999370053
YOLOv11n,train_S2A_MSIL2A_20200217T141651_N0209_R010_T20LQN_20200217T160045_09_09.png,0.6129986076472298,0.7600733252229755,0.6232329321173703,0.9739103483482023,0.6140556335449219,0.0252407000225503
YOLOv11n,train_S2A_MSIL2A_20200217T141651_N0209_R010_T20LQN_20200217T160045_09_10.png,0.8225337677634498,0.9026266424383836,0.833608507933555,0.9841050512445095,0.8229751586914062,0.02266720001352951
YOLOv11n,train_S2A_MSIL2A_20200217T141651_N0209_R010_T20LQN_20200217T160045_09_13.png,0.7936598365826893,0.8849613738297037,0.7995816673215153,0.9907546179179991,0.7941360473632812,0.023538600013125688
YOLOv11n,train_S2A_MSIL2A_20200217T141651_N0209_R010_T20LQN_20200217T160045_09_16.png,0.8297929171325109,0.9069801389688279,0.8353134590934058,0.9920983599078446,0.8298416137695312,0.03171329997712746
YOLOv11n,train_S2A_MSIL2A_20200217T141651_N0209_R010_T20LQN_20200217T160045_09_17.png,0.9145585326929391,0.9553727578195886,0.9264503403465346,0.9861591980403862,0.9146308898925781,0.026291600021068007
YOLOv11n,train_S2A_MSIL2A_20200217T141651_N0209_R010_T20LQN_20200217T160045_09_20.png,0.949942726231386,0.9743288492040181,0.9700663243224275,0.978628998949741,0.9499893188476562,0.020846600004006177
YOLOv11n,train_S2A_MSIL2A_20200217T141651_N0209_R010_T20LQN_20200217T160045_10_08.png,0.44470211516089275,0.6156315692960239,0.44781243717232955,0.9846216622886435,0.4482841491699219,0.024457199993776157
YOLOv11n,train_S2A_MSIL2A_20200217T141651_N0209_R010_T20LQN_20200217T160045_10_09.png,0.44700003068237604,0.6178300223968618,0.4481895371552507,0.994097627962914,0.4499702453613281,0.030392399989068508
YOLOv11n,train_S2A_MSIL2A_20200217T141651_N0209_R010_T20LQN_20200217T160045_10_12.png,0.8831605406107466,0.9379556565308234,0.8911090297290735,0.990001156183225,0.8833236694335938,0.031314599997131154
YOLOv11n,train_S2A_MSIL2A_20200217T141651_N0209_R010_T20LQN_20200217T160045_10_13.png,0.9424568397658407,0.9703760932772664,0.9495931205632827,0.9920891418648401,0.9425163269042969,0.02562899998156354
YOLOv11n,train_S2A_MSIL2A_20200217T141651_N0209_R010_T20LQN_20200217T160045_11_06.png,0.3614480442134532,0.5309758910737896,0.36382246244116073,0.9822642255690748,0.3639984130859375,0.03180900000734255
YOLOv11n,train_S2A_MSIL2A_20200217T141651_N0209_R010_T20LQN_20200217T160045_11_09.png,0.3116068998040787,0.47515288285022744,0.3128158546019991,0.9877492981368724,0.31508636474609375,0.02910610000253655
YOLOv11n,train_S2A_MSIL2A_20200217T141651_N0209_R010_T20LQN_20200217T160045_11_16.png,0.8009608339947494,0.8894816798632108,0.8125508078939015,0.982503358437753,0.8010215759277344,0.02164009999250993
YOLOv11n,train_S2A_MSIL2A_20200217T141651_N0209_R010_T20LQN_20200217T160045_12_01.png,0.11994501442213015,0.21419804164942766,0.12017099307516732,0.9845641838351823,0.13057708740234375,0.024095000000670552
YOLOv11n,train_S2A_MSIL2A_20200217T141651_N0209_R010_T20LQN_20200217T160045_12_02.png,0.19316831568949405,0.3237905551956737,0.1936516013631247,0.9872452489043492,0.19960403442382812,0.0253857999923639
YOLOv11n,train_S2A_MSIL2A_20200217T141651_N0209_R010_T20LQN_20200217T160045_12_05.png,0.34017509913983024,0.5076576924286478,0.34154129047397397,0.9883777886627777,0.3430671691894531,0.024388999998336658
YOLOv11n,train_S2A_MSIL2A_20200217T141651_N0209_R010_T20LQN_20200217T160045_12_12.png,0.8965214570572634,0.9454377156885432,0.9048783775975965,0.9898036572006405,0.8965644836425781,0.022012699977494776
YOLOv11n,train_S2A_MSIL2A_20200217T141651_N0209_R010_T20LQN_20200217T160045_12_13.png,0.7282556334635765,0.8427637895258447,0.7638211105007158,0.9399051627578788,0.7288589477539062,0.02164340001763776
YOLOv11n,train_S2A_MSIL2A_20200217T141651_N0209_R010_T20LQN_20200217T160045_12_14.png,0.7540586558512368,0.8597872748848248,0.7654010765801105,0.9807265488927593,0.7547988891601562,0.022087199991801754
YOLOv11n,train_S2A_MSIL2A_20200217T141651_N0209_R010_T20LQN_20200217T160045_12_17.png,0.8825148729869852,0.9375913950541058,0.886262584375792,0.9952312375499082,0.882781982421875,0.019881299987901002
YOLOv11n,train_S2A_MSIL2A_20200217T141651_N0209_R010_T20LQN_20200217T160045_12_18.png,0.8085438080317909,0.8941379295774052,0.816001974409798,0.988822220976093,0.8088607788085938,0.02371729997685179
YOLOv11n,train_S2A_MSIL2A_20200217T141651_N0209_R010_T20LQN_20200217T160045_13_02.png,0.1955418678591838,0.32711839395358683,0.19585209200842027,0.99196466788591,0.199859619140625,0.023766300000716
YOLOv11n,train_S2A_MSIL2A_20200217T141651_N0209_R010_T20LQN_20200217T160045_13_03.png,0.34863109965037,0.5170147711123552,0.35110527075136577,0.9801876728135682,0.3582496643066406,0.023600799991982058
YOLOv11n,train_S2A_MSIL2A_20200217T141651_N0209_R010_T20LQN_20200217T160045_13_04.png,0.23544153480768637,0.38114557131889876,0.23654048023922872,0.9806490982961571,0.24353790283203125,0.024298700009239838
YOLOv11n,train_S2A_MSIL2A_20200217T141651_N0209_R010_T20LQN_20200217T160045_13_10.png,0.4051366642514684,0.5766509045827071,0.40660186513907315,0.991183819716185,0.4112091064453125,0.029811699991114438
YOLOv11n,train_S2A_MSIL2A_20200217T141651_N0209_R010_T20LQN_20200217T160045_13_13.png,0.7311626093040862,0.8447070256421583,0.7368366297148273,0.989577888979161,0.731781005859375,0.023780099989380687
YOLOv11n,train_S2A_MSIL2A_20200217T141651_N0209_R010_T20LQN_20200217T160045_13_15.png,0.8682898904705568,0.9295023164224958,0.8727396871427804,0.9941622169592841,0.86834716796875,0.025232600019080564
YOLOv11n,train_S2A_MSIL2A_20200217T141651_N0209_R010_T20LQN_20200217T160045_13_17.png,0.778509326285955,0.8754627426235757,0.8058302079781794,0.9582675272142679,0.7793998718261719,0.026351499982411042
YOLOv11n,train_S2A_MSIL2A_20200217T141651_N0209_R010_T20LQN_20200217T160045_13_18.png,0.9387125826197127,0.9683875691890999,0.9466311592752797,0.9911675585068661,0.9387359619140625,0.021553200000198558
YOLOv11n,train_S2A_MSIL2A_20200217T141651_N0209_R010_T20LQN_20200217T160045_14_02.png,0.13500482533825814,0.2378929539758098,0.13550638377331187,0.9733150776796692,0.1486358642578125,0.025482700002612546
YOLOv11n,train_S2A_MSIL2A_20200217T141651_N0209_R010_T20LQN_20200217T160045_14_03.png,0.12730170244948988,0.22585205393175353,0.12762327709929866,0.9805908928783735,0.13724899291992188,0.025013399979798123
YOLOv11n,train_S2A_MSIL2A_20200217T141651_N0209_R010_T20LQN_20200217T160045_14_08.png,0.2414349672386296,0.3889611193660228,0.24171363715060692,0.9952475247524752,0.24701690673828125,0.025281700014602393
YOLOv11n,train_S2A_MSIL2A_20200217T141651_N0209_R010_T20LQN_20200217T160045_14_18.png,0.9401121061688918,0.9691317354081318,0.9569006699679581,0.981679523141655,0.9401283264160156,0.020713500009151176
YOLOv11n,train_S2A_MSIL2A_20200217T141651_N0209_R010_T20LQN_20200217T160045_14_19.png,0.0,0.0,0.0,0.0,0.039928436279296875,0.01939579998725094
YOLOv11n,train_S2A_MSIL2A_20200217T141651_N0209_R010_T20LQN_20200217T160045_14_20.png,0.8474180196416844,0.9174079830682231,0.8589796684561108,0.9843650895736216,0.847564697265625,0.02149059998919256
YOLOv11n,train_S2A_MSIL2A_20200217T141651_N0209_R010_T20LQN_20200217T160045_14_21.png,0.8508326358073529,0.9194052658750645,0.8594621098636357,0.9883367815377512,0.8511199951171875,0.02140179998241365
YOLOv11n,train_S2A_MSIL2A_20200217T141651_N0209_R010_T20LQN_20200217T160045_15_09.png,0.3179624335208583,0.48250606456428435,0.3191077447569977,0.9888381653481202,0.32293701171875,0.02834299998357892
YOLOv11n,train_S2A_MSIL2A_20200217T141651_N0209_R010_T20LQN_20200217T160045_15_12.png,0.4482349943637178,0.619008649988671,0.45420902949195907,0.9714933565380367,0.4547767639160156,0.022414300008676946
YOLOv11n,train_S2A_MSIL2A_20200217T141651_N0209_R010_T20LQN_20200217T160045_15_17.png,0.9700193054612326,0.9847815224674927,0.9738425651063113,0.9959690214006182,0.9700241088867188,0.02366879998589866
YOLOv11n,train_S2A_MSIL2A_20200217T141651_N0209_R010_T20LQN_20200217T160045_15_18.png,0.925070770733345,0.9610771560163935,0.9316463283435281,0.9924280872939212,0.925079345703125,0.034516300016548485
YOLOv11n,train_S2A_MSIL2A_20200217T141651_N0209_R010_T20LQN_20200217T160045_15_20.png,0.9310146056177803,0.9642750530309171,0.9409138959405551,0.9888257737016449,0.9310646057128906,0.02281840000068769
YOLOv11n,train_S2A_MSIL2A_20200217T141651_N0209_R010_T20LQN_20200217T160045_16_09.png,0.18604918497628117,0.3137292910495981,0.18636553807416392,0.9909586301202115,0.1896820068359375,0.027315700019244105
YOLOv11n,train_S2A_MSIL2A_20200217T141651_N0209_R010_T20LQN_20200217T160045_16_12.png,0.4539951245412302,0.6244795692619346,0.45842252529007765,0.9791699753416643,0.4625701904296875,0.026816099998541176
YOLOv11n,train_S2A_MSIL2A_20200217T141651_N0209_R010_T20LQN_20200217T160045_16_15.png,0.47311079849536686,0.6423288716349124,0.4741657407762155,0.995319436402239,0.47422027587890625,0.029747199994744733
YOLOv11n,train_S2A_MSIL2A_20200217T141651_N0209_R010_T20LQN_20200217T160045_16_16.png,0.7215386329323996,0.8382485517659976,0.7278268619700845,0.9881676417357633,0.7234878540039062,0.02615900000091642
YOLOv11n,train_S2A_MSIL2A_20200217T141651_N0209_R010_T20LQN_20200217T160045_16_17.png,0.9273207544288915,0.9622900104177807,0.9429054932600537,0.9824882817081407,0.9273681640625,0.023269400000572205
YOLOv11n,train_S2A_MSIL2A_20200217T141651_N0209_R010_T20LQN_20200217T160045_17_14.png,0.573257114452591,0.7287519747235387,0.5761905337507606,0.9911972441135902,0.5939102172851562,0.03710869999486022
YOLOv11n,train_S2A_MSIL2A_20200217T141651_N0209_R010_T20LQN_20200217T160045_17_16.png,0.7181141207504299,0.8359329710144927,0.7370960076994653,0.9653805317140272,0.7236175537109375,0.029570700018666685
YOLOv11n,train_S2A_MSIL2A_20200217T141651_N0209_R010_T20LQN_20200217T160045_17_18.png,0.8859860475239509,0.9395467677898602,0.9278230966090851,0.9515705034879572,0.8860969543457031,0.023126000014599413
YOLOv11n,train_S2A_MSIL2A_20200217T141651_N0209_R010_T20LQN_20200217T160045_17_19.png,0.8377212639385269,0.911695674830641,0.8761457966090831,0.950252452833468,0.8383941650390625,0.02350720000686124
YOLOv11n,train_S2A_MSIL2A_20200217T141651_N0209_R010_T20LQN_20200217T160045_18_04.png,0.0,0.0,0.0,0.0,0.3969535827636719,0.02611460001207888
YOLOv11n,train_S2A_MSIL2A_20200217T141651_N0209_R010_T20LQN_20200217T160045_18_05.png,0.4591239746169324,0.629314551201816,0.46926128206852097,0.9550624200130394,0.466766357421875,0.02504930002032779
YOLOv11n,train_S2A_MSIL2A_20200217T141651_N0209_R010_T20LQN_20200217T160045_18_06.png,0.4373934268558575,0.6085924962278536,0.4398270700158365,0.9875076779334031,0.439910888671875,0.02915790001861751
YOLOv11n,train_S2A_MSIL2A_20200217T141651_N0209_R010_T20LQN_20200217T160045_18_14.png,0.5447070914696814,0.7052561543579507,0.6536866757529802,0.7656591661560773,0.5656929016113281,0.023491100000683218
YOLOv11n,train_S2A_MSIL2A_20200217T141651_N0209_R010_T20LQN_20200217T160045_18_17.png,0.8447240579289151,0.9158270087042643,0.8595074106194897,0.9800448768547179,0.8450279235839844,0.024357100017368793
YOLOv11n,train_S2A_MSIL2A_20200217T141651_N0209_R010_T20LQN_20200217T160045_19_05.png,0.0,0.0,0.0,0.0,0.21307754516601562,0.02753419999498874
YOLOv11n,train_S2A_MSIL2A_20200217T141651_N0209_R010_T20LQN_20200217T160045_19_10.png,0.3856197873983947,0.5566025989314498,0.3994289520498428,0.9177227002108956,0.40229034423828125,0.04133409998030402
YOLOv11n,train_S2A_MSIL2A_20200217T141651_N0209_R010_T20LQN_20200217T160045_19_11.png,0.39844977922611935,0.5698449599621881,0.40501953125,0.9608826200581988,0.402862548828125,0.026186500006588176
YOLOv11n,train_S2A_MSIL2A_20200217T141651_N0209_R010_T20LQN_20200217T160045_20_01.png,0.5379950280921897,0.6996056791673081,0.5659804381771677,0.9158283083505139,0.6129150390625,0.02496360000804998
YOLOv11n,train_S2A_MSIL2A_20200217T141651_N0209_R010_T20LQN_20200217T160045_20_05.png,0.4042645711954807,0.5757669594289081,0.4137655329959235,0.9462529274004684,0.4094505310058594,0.02465069998288527
YOLOv11n,train_S2A_MSIL2A_20200217T141651_N0209_R010_T20LQN_20200217T160045_20_09.png,0.365798252887749,0.5356548847742785,0.3840447672959031,0.8850464237390939,0.3727149963378906,0.02630719999433495
YOLOv11n,train_S2A_MSIL2A_20200217T141651_N0209_R010_T20LQN_20200217T160045_20_10.png,0.0,0.0,0.0,0.0,0.30605316162109375,0.022906300000613555
YOLOv11n,train_S2A_MSIL2A_20200217T141651_N0209_R010_T20LQN_20200217T160045_20_12.png,0.5420433996383364,0.7030196423336265,0.6581874248181315,0.7544057382654987,0.5556068420410156,0.029146900022169575
YOLOv11n,train_S2A_MSIL2A_20200217T141651_N0209_R010_T20LQN_20200217T160045_20_13.png,0.6447808813595546,0.7840325585820125,0.6516171831007644,0.98398942335133,0.6449394226074219,0.023606000002473593
YOLOv11n,train_S2A_MSIL2A_20200217T141651_N0209_R010_T20LQN_20200217T160045_20_17.png,0.0,0.0,0.0,0.0,0.08885955810546875,0.021550599980400875
YOLOv11n,train_S2A_MSIL2A_20200217T141651_N0209_R010_T20LQN_20200217T160045_21_01.png,0.4162263110690061,0.587796325793195,0.4487654992841654,0.851640887533068,0.4264411926269531,0.02423170002293773
YOLOv11n,train_S2A_MSIL2A_20200217T141651_N0209_R010_T20LQN_20200217T160045_21_02.png,0.3484409808198337,0.516805682675094,0.35391183345882,0.9575205571494086,0.35958099365234375,0.025235299981432036
YOLOv11n,train_S2A_MSIL2A_20200217T141651_N0209_R010_T20LQN_20200217T160045_21_03.png,0.16572177799117283,0.2843247524752475,0.9145011719148068,0.16832983193277312,0.8276634216308594,0.02624080001260154
YOLOv11n,train_S2A_MSIL2A_20200217T141651_N0209_R010_T20LQN_20200217T160045_21_04.png,0.3868294862013212,0.5578616405984989,0.39439117484653924,0.9527759926778446,0.4083137512207031,0.02424619998782873
YOLOv11n,train_S2A_MSIL2A_20200217T141651_N0209_R010_T20LQN_20200217T160045_21_05.png,0.5107359449270611,0.67614191168493,0.5608375952062161,0.8511278996948741,0.5331382751464844,0.023639699997147545
YOLOv11n,train_S2A_MSIL2A_20200217T141651_N0209_R010_T20LQN_20200217T160045_21_06.png,0.23054349892282347,0.37470190874948106,0.2515436566406402,0.7341480024213075,0.2588157653808594,0.025885999988531694
YOLOv11n,train_S2A_MSIL2A_20200217T141651_N0209_R010_T20LQN_20200217T160045_21_07.png,0.37362343270048853,0.5439968827059973,0.40754021506125937,0.8178312873780296,0.40180206298828125,0.025713600014569238
YOLOv11n,train_S2A_MSIL2A_20200217T141651_N0209_R010_T20LQN_20200217T160045_21_08.png,0.555175849667606,0.7139717991200364,0.6000984471435603,0.8811831643716292,0.5640335083007812,0.02562000000034459
YOLOv11n,train_S2A_MSIL2A_20200217T141651_N0209_R010_T20LQN_20200217T160045_21_12.png,0.37045199320841204,0.5406274645799657,0.37447212428809423,0.9718367921492922,0.3734130859375,0.026215999998385087
YOLOv11n,train_S2A_MSIL2A_20200818T142741_N0214_R053_T20LMP_20200818T165705_01_08.png,0.20815792007703418,0.3445872706173406,0.20901450721493187,0.9806921080806431,0.21576690673828125,0.024250599992228672
YOLOv11n,train_S2A_MSIL2A_20200818T142741_N0214_R053_T20LMP_20200818T165705_01_09.png,0.3621858718970273,0.5317715876653965,0.3628015671707656,0.995336253000379,0.3648719787597656,0.023711200017714873
YOLOv11n,train_S2A_MSIL2A_20200818T142741_N0214_R053_T20LMP_20200818T165705_01_10.png,0.5366797291390272,0.6984926253172075,0.53812616062469,0.9950165640595453,0.5390586853027344,0.023167600011220202
YOLOv11n,train_S2A_MSIL2A_20200818T142741_N0214_R053_T20LMP_20200818T165705_01_12.png,0.18477892074459062,0.3119213509107062,0.185012893960685,0.9932024951816467,0.19342422485351562,0.023195300018414855
YOLOv11n,train_S2A_MSIL2A_20200818T142741_N0214_R053_T20LMP_20200818T165705_01_13.png,0.25490937284232534,0.4062594134028414,0.25557777167586465,0.9898446744454263,0.2631378173828125,0.023500200011767447
YOLOv11n,train_S2A_MSIL2A_20200818T142741_N0214_R053_T20LMP_20200818T165705_01_14.png,0.32220715512240844,0.4873777212203618,0.3231692751076897,0.9908447626135545,0.3269309997558594,0.02370859999791719
YOLOv11n,train_S2A_MSIL2A_20200818T142741_N0214_R053_T20LMP_20200818T165705_01_15.png,0.32637049661070294,0.49212568802560525,0.32703076923076924,0.9938518362671529,0.33052825927734375,0.024220199993578717
YOLOv11n,train_S2A_MSIL2A_20200818T142741_N0214_R053_T20LMP_20200818T165705_01_16.png,0.308329787682601,0.4713334368526988,0.30932338633698014,0.9896894532211231,0.3116569519042969,0.024033499998040497
YOLOv11n,train_S2A_MSIL2A_20200818T142741_N0214_R053_T20LMP_20200818T165705_01_17.png,0.1625994041524569,0.2797169920639913,0.16337793935643563,0.9715277937489938,0.17009353637695312,0.02385969998431392
YOLOv11n,train_S2A_MSIL2A_20200818T142741_N0214_R053_T20LMP_20200818T165705_01_19.png,0.3196915799796181,0.48449438464183514,0.3204432880408596,0.9927156351130271,0.325164794921875,0.025084699998842552
YOLOv11n,train_S2A_MSIL2A_20200818T142741_N0214_R053_T20LMP_20200818T165705_01_21.png,0.3643768843452044,0.5341293722079984,0.36548439586755294,0.9917523196600956,0.3662681579589844,0.028854700009105727
YOLOv11n,train_S2A_MSIL2A_20200818T142741_N0214_R053_T20LMP_20200818T165705_02_01.png,0.17654226726205624,0.3001035698834511,0.1770570672771994,0.9837974901151797,0.185394287109375,0.02813689998583868
YOLOv11n,train_S2A_MSIL2A_20200818T142741_N0214_R053_T20LMP_20200818T165705_02_02.png,0.16874147765465056,0.28875757535921337,0.16891016398485112,0.9941164490507117,0.17444610595703125,0.027237100002821535
YOLOv11n,train_S2A_MSIL2A_20200818T142741_N0214_R053_T20LMP_20200818T165705_02_05.png,0.35524177085499914,0.5242485562275476,0.3567174108109781,0.9884892394752637,0.3614349365234375,0.026199699990684167
YOLOv11n,train_S2A_MSIL2A_20200818T142741_N0214_R053_T20LMP_20200818T165705_02_06.png,0.32325896604569854,0.4885800502250817,0.32404380232598534,0.9925632537242847,0.3295631408691406,0.026299000019207597
YOLOv11n,train_S2A_MSIL2A_20200818T142741_N0214_R053_T20LMP_20200818T165705_02_08.png,0.28699361000146806,0.44599073028985853,0.2884310741131888,0.9829310892346776,0.2959747314453125,0.03691129997605458
YOLOv11n,train_S2A_MSIL2A_20200818T142741_N0214_R053_T20LMP_20200818T165705_02_11.png,0.20720835210708935,0.3432851532967331,0.20808904289714278,0.9799836080502686,0.21468734741210938,0.039266100007807836
YOLOv11n,train_S2A_MSIL2A_20200818T142741_N0214_R053_T20LMP_20200818T165705_02_13.png,0.12081963222423579,0.21559157022343114,0.12092569961171357,0.9927925067471027,0.13203811645507812,0.038100200006738305
YOLOv11n,train_S2A_MSIL2A_20200818T142741_N0214_R053_T20LMP_20200818T165705_02_14.png,0.1923572612942566,0.3226503792755208,0.1926114257097731,0.9931867389706612,0.19916915893554688,0.04389269999228418
YOLOv11n,train_S2A_MSIL2A_20200818T142741_N0214_R053_T20LMP_20200818T165705_02_15.png,0.25574041922019985,0.4073141475831632,0.25626293777195724,0.9920901602783312,0.2592353820800781,0.038247000018600374
YOLOv11n,train_S2A_MSIL2A_20200818T142741_N0214_R053_T20LMP_20200818T165705_02_16.png,0.2606292566169074,0.41349073131357605,0.2615162683848412,0.9871532846715328,0.2682304382324219,0.038503100018715486
YOLOv11n,train_S2A_MSIL2A_20200818T142741_N0214_R053_T20LMP_20200818T165705_02_17.png,0.21025424418446945,0.34745466945443254,0.2111280161562078,0.980696236850667,0.22256088256835938,0.03449570000520907
YOLOv11n,train_S2A_MSIL2A_20200818T142741_N0214_R053_T20LMP_20200818T165705_02_19.png,0.5190906017313635,0.6834228335554664,0.5215284168783104,0.9910754496051881,0.5333595275878906,0.03275429998757318
YOLOv11n,train_S2A_MSIL2A_20200818T142741_N0214_R053_T20LMP_20200818T165705_02_20.png,0.18303214087802475,0.309428855824968,0.1835803612783696,0.9839463775911291,0.19016265869140625,0.0370145000051707
YOLOv11n,train_S2A_MSIL2A_20200818T142741_N0214_R053_T20LMP_20200818T165705_02_21.png,0.24906078874558216,0.3987969056265246,0.2497652546025491,0.9888022182272465,0.253509521484375,0.0346131999976933
YOLOv11n,train_S2A_MSIL2A_20200818T142741_N0214_R053_T20LMP_20200818T165705_03_01.png,0.25461635685440365,0.40588719485976144,0.2555419767028139,0.9859734988659424,0.2621002197265625,0.03125989998807199
YOLOv11n,train_S2A_MSIL2A_20200818T142741_N0214_R053_T20LMP_20200818T165705_03_02.png,0.2581177765547606,0.410323709536308,0.2594156986976417,0.9809849781327249,0.2646636962890625,0.02724070000112988
YOLOv11n,train_S2A_MSIL2A_20200818T142741_N0214_R053_T20LMP_20200818T165705_03_03.png,0.15954715400487132,0.27518872941703765,0.15976898997195876,0.9913724545125919,0.17335891723632812,0.034603799984324723
YOLOv11n,train_S2A_MSIL2A_20200818T142741_N0214_R053_T20LMP_20200818T165705_03_04.png,0.2398363511222022,0.38688388335302676,0.2407797722447404,0.9839256700266591,0.24585342407226562,0.025207600003341213
YOLOv11n,train_S2A_MSIL2A_20200818T142741_N0214_R053_T20LMP_20200818T165705_03_06.png,0.1636399503347761,0.281255297719363,0.16393671312818964,0.9890587740216019,0.17516708374023438,0.02426870001363568
YOLOv11n,train_S2A_MSIL2A_20200818T142741_N0214_R053_T20LMP_20200818T165705_03_10.png,0.5159217161579899,0.6806706581993716,0.5179574180622033,0.9924396755238172,0.516998291015625,0.025623699999414384
YOLOv11n,train_S2A_MSIL2A_20200818T142741_N0214_R053_T20LMP_20200818T165705_03_11.png,0.30952900506483216,0.47273333216396834,0.31025114637094453,0.9925363057168461,0.311981201171875,0.030002900020917878
YOLOv11n,train_S2A_MSIL2A_20200818T142741_N0214_R053_T20LMP_20200818T165705_03_14.png,0.3545533091411785,0.5234984946675512,0.35667625982655055,0.9834897370074882,0.3588104248046875,0.038559499982511625
YOLOv11n,train_S2A_MSIL2A_20200818T142741_N0214_R053_T20LMP_20200818T165705_03_17.png,0.2175698279575735,0.3573837376087719,0.21833413172253444,0.9841651598405983,0.230926513671875,0.05070690001593903
YOLOv11n,train_S2A_MSIL2A_20200818T142741_N0214_R053_T20LMP_20200818T165705_03_20.png,0.1415882484412692,0.2480548457547536,0.14170455816393038,0.9942363892196125,0.15022659301757812,0.025628400006098673
YOLOv11n,train_S2A_MSIL2A_20200818T142741_N0214_R053_T20LMP_20200818T165705_04_01.png,0.1260212733158625,0.22383462249298378,0.12648777865025548,0.9715660932346911,0.1349029541015625,0.026411800005007535
YOLOv11n,train_S2A_MSIL2A_20200818T142741_N0214_R053_T20LMP_20200818T165705_04_02.png,0.1523943781318728,0.2644830294623908,0.15301734139814055,0.9739802574895995,0.16052627563476562,0.02735489999759011
YOLOv11n,train_S2A_MSIL2A_20200818T142741_N0214_R053_T20LMP_20200818T165705_04_04.png,0.17708160373169196,0.3008824590755503,0.17772257466952412,0.9800397495351869,0.187042236328125,0.026302700018277392
YOLOv11n,train_S2A_MSIL2A_20200818T142741_N0214_R053_T20LMP_20200818T165705_04_05.png,0.2180181428411982,0.35798833395476404,0.21864675003859813,0.986984702233683,0.2249298095703125,0.02640540001448244
YOLOv11n,train_S2A_MSIL2A_20200818T142741_N0214_R053_T20LMP_20200818T165705_04_07.png,0.13301712170291533,0.2348016091813188,0.13314291228408762,0.992947407812545,0.14235687255859375,0.03152849999605678
YOLOv11n,train_S2A_MSIL2A_20200818T142741_N0214_R053_T20LMP_20200818T165705_04_08.png,0.2439360359528427,0.3922002882824921,0.24470906108269805,0.9872156215450256,0.25041961669921875,0.026020199991762638
YOLOv11n,train_S2A_MSIL2A_20200818T142741_N0214_R053_T20LMP_20200818T165705_04_11.png,0.2717483673891241,0.4273618498084153,0.2718805412257622,0.9982142354959364,0.2742652893066406,0.026250299997627735
YOLOv11n,train_S2A_MSIL2A_20200818T142741_N0214_R053_T20LMP_20200818T165705_04_12.png,0.3458408870525739,0.5139402293089406,0.3469245734234546,0.9910486776205957,0.3489227294921875,0.027481199998874217
YOLOv11n,train_S2A_MSIL2A_20200818T142741_N0214_R053_T20LMP_20200818T165705_04_13.png,0.24328390368529193,0.3913569587190176,0.24405297225942665,0.9872127154634025,0.24976730346679688,0.028367899998556823
YOLOv11n,train_S2A_MSIL2A_20200818T142741_N0214_R053_T20LMP_20200818T165705_04_14.png,0.3893596391383163,0.5604879084868162,0.392144450705965,0.9820877920521223,0.3921852111816406,0.02426150001701899
YOLOv11n,train_S2A_MSIL2A_20200818T142741_N0214_R053_T20LMP_20200818T165705_04_15.png,0.2269472604600789,0.36993808580652204,0.2271619882324099,0.9958521553678483,0.22942733764648438,0.0278779000218492
YOLOv11n,train_S2A_MSIL2A_20200818T142741_N0214_R053_T20LMP_20200818T165705_04_16.png,0.21432589391358997,0.352995674370164,0.21630965478628228,0.9589661696551006,0.2274322509765625,0.026758100022561848
YOLOv11n,train_S2A_MSIL2A_20200818T142741_N0214_R053_T20LMP_20200818T165705_04_18.png,0.23719253246503913,0.38343673476988394,0.23942466454268505,0.9621812744349777,0.24216842651367188,0.023811299994122237
YOLOv11n,train_S2A_MSIL2A_20200818T142741_N0214_R053_T20LMP_20200818T165705_04_20.png,0.1417765499736899,0.2483437761564763,0.14199796165903902,0.9891216325649193,0.15385055541992188,0.026889300002949312
YOLOv11n,train_S2A_MSIL2A_20200818T142741_N0214_R053_T20LMP_20200818T165705_04_21.png,0.1864919822480632,0.3143586050951886,0.18659369137640938,0.9970856930263321,0.19725418090820312,0.027265200013061985
YOLOv11n,train_S2A_MSIL2A_20200818T142741_N0214_R053_T20LMP_20200818T165705_05_01.png,0.1426390917592142,0.24966604553955205,0.1430403782066186,0.9807114960546242,0.15362167358398438,0.027175199997145683
YOLOv11n,train_S2A_MSIL2A_20200818T142741_N0214_R053_T20LMP_20200818T165705_05_02.png,0.09879542229625517,0.17982496157436326,0.09889647559238687,0.9897632016069842,0.10842132568359375,0.02676390000851825
YOLOv11n,train_S2A_MSIL2A_20200818T142741_N0214_R053_T20LMP_20200818T165705_05_03.png,0.15233053792336562,0.2643868801704814,0.15269607084249312,0.9845282359693559,0.16250991821289062,0.02556199999526143
YOLOv11n,train_S2A_MSIL2A_20200818T142741_N0214_R053_T20LMP_20200818T165705_05_04.png,0.12856183107075012,0.22783303055495685,0.12880851063829787,0.9853224040481756,0.13902664184570312,0.02695319999475032
YOLOv11n,train_S2A_MSIL2A_20200818T142741_N0214_R053_T20LMP_20200818T165705_05_05.png,0.17191341620559253,0.29338927915376506,0.17254083261697165,0.9792860098886977,0.17386245727539062,0.02823189998161979
YOLOv11n,train_S2A_MSIL2A_20200818T142741_N0214_R053_T20LMP_20200818T165705_05_12.png,0.21976325863015592,0.36033756071150896,0.22006405302637094,0.9938188005695038,0.22479629516601562,0.02895519998855889
YOLOv11n,train_S2A_MSIL2A_20200818T142741_N0214_R053_T20LMP_20200818T165705_05_13.png,0.15970584846972083,0.27542475306209624,0.16016837532446526,0.9822394369523629,0.16526412963867188,0.029104300017934293
YOLOv11n,train_S2A_MSIL2A_20200818T142741_N0214_R053_T20LMP_20200818T165705_05_14.png,0.3572237384031352,0.5264036109822732,0.36062899369533796,0.9742475791677572,0.36119842529296875,0.024826899985782802
YOLOv11n,train_S2A_MSIL2A_20200818T142741_N0214_R053_T20LMP_20200818T165705_05_15.png,0.26091940713293194,0.4138558034033409,0.26246534707284686,0.9779240506329114,0.2695579528808594,0.026343400008045137
YOLOv11n,train_S2A_MSIL2A_20200818T142741_N0214_R053_T20LMP_20200818T165705_05_17.png,0.19707969875927833,0.32926746475367175,0.19772552552086164,0.9836968069694219,0.20855331420898438,0.026554200012469664
YOLOv11n,train_S2A_MSIL2A_20200818T142741_N0214_R053_T20LMP_20200818T165705_05_20.png,0.22548007038482137,0.36798651538089366,0.22618261910609036,0.9864116337834898,0.22761917114257812,0.02610570000251755
YOLOv11n,train_S2A_MSIL2A_20200818T142741_N0214_R053_T20LMP_20200818T165705_06_03.png,0.14792336940625914,0.2577234218740047,0.1480755228698999,0.993101488218272,0.15539932250976562,0.028476800012867898
YOLOv11n,train_S2A_MSIL2A_20200818T142741_N0214_R053_T20LMP_20200818T165705_06_05.png,0.15721410481200077,0.27171135256347667,0.15745459653942512,0.9903782430475443,0.17487716674804688,0.02599779999582097
YOLOv11n,train_S2A_MSIL2A_20200818T142741_N0214_R053_T20LMP_20200818T165705_06_06.png,0.09220637506531829,0.16884423524776437,0.09226522310821306,0.9931302764442973,0.09871673583984375,0.027454899973236024
YOLOv11n,train_S2A_MSIL2A_20200818T142741_N0214_R053_T20LMP_20200818T165705_06_07.png,0.2921727395411606,0.45221932114882507,0.29262066861554026,0.9947881111169459,0.2997169494628906,0.02839500000118278
YOLOv11n,train_S2A_MSIL2A_20200818T142741_N0214_R053_T20LMP_20200818T165705_06_10.png,0.32112108655616944,0.4861342231592887,0.32241996995261757,0.987610180891359,0.3250160217285156,0.032871699979295954
YOLOv11n,train_S2A_MSIL2A_20200818T142741_N0214_R053_T20LMP_20200818T165705_06_13.png,0.19568759608785832,0.3273222817199474,0.19628058652289446,0.9847961565918694,0.1997222900390625,0.027730100002372637
YOLOv11n,train_S2A_MSIL2A_20200818T142741_N0214_R053_T20LMP_20200818T165705_06_15.png,0.3463553706272153,0.5145080982086648,0.34768147890319834,0.9891077126196501,0.3527984619140625,0.024360900017200038
YOLOv11n,train_S2A_MSIL2A_20200818T142741_N0214_R053_T20LMP_20200818T165705_06_16.png,0.42497231450719825,0.5964639595881096,0.4310032173150044,0.9681234068273198,0.429534912109375,0.02816360001452267
YOLOv11n,train_S2A_MSIL2A_20200818T142741_N0214_R053_T20LMP_20200818T165705_06_17.png,0.2674881268320115,0.42207594875161064,0.2696484804243241,0.9709192590003495,0.27454376220703125,0.024232600000686944
YOLOv11n,train_S2A_MSIL2A_20200818T142741_N0214_R053_T20LMP_20200818T165705_06_18.png,0.4727768982186052,0.6420210675363685,0.4779306335981399,0.9776999120046297,0.4753532409667969,0.02396189997671172
YOLOv11n,train_S2A_MSIL2A_20200818T142741_N0214_R053_T20LMP_20200818T165705_06_21.png,0.16645317174196517,0.2854005214686609,0.16691600933785097,0.9836143595322273,0.17091751098632812,0.028921899996930733
YOLOv11n,train_S2A_MSIL2A_20200818T142741_N0214_R053_T20LMP_20200818T165705_07_01.png,0.08048622015268829,0.14898148380145823,0.0806471614028289,0.9758053172035448,0.09303665161132812,0.025695999996969476
YOLOv11n,train_S2A_MSIL2A_20200818T142741_N0214_R053_T20LMP_20200818T165705_07_02.png,0.13544176435893185,0.23857104540346374,0.13561062220163655,0.9908903742561412,0.14448165893554688,0.026405399985378608
YOLOv11n,train_S2A_MSIL2A_20200818T142741_N0214_R053_T20LMP_20200818T165705_07_03.png,0.10015764338593265,0.18207871206108156,0.10032277290565278,0.9838317898891756,0.11159515380859375,0.02796690000104718
YOLOv11n,train_S2A_MSIL2A_20200818T142741_N0214_R053_T20LMP_20200818T165705_07_04.png,0.22315534354081712,0.3648847134899842,0.22346052352793883,0.9939172749391727,0.22968673706054688,0.035837700008414686
YOLOv11n,train_S2A_MSIL2A_20200818T142741_N0214_R053_T20LMP_20200818T165705_07_05.png,0.1766949707080116,0.30032417084555924,0.17686448416291337,0.9946050179832734,0.18406295776367188,0.03211490000830963
YOLOv11n,train_S2A_MSIL2A_20200818T142741_N0214_R053_T20LMP_20200818T165705_07_07.png,0.35358563829990924,0.5224429519568624,0.35430608423379173,0.9942820838627701,0.3560638427734375,0.02840209999703802
YOLOv11n,train_S2A_MSIL2A_20200818T142741_N0214_R053_T20LMP_20200818T165705_07_09.png,0.19829602854805192,0.33096334098398494,0.19893179602390743,0.9841387856257745,0.20383453369140625,0.023567199998069555
YOLOv11n,train_S2A_MSIL2A_20200818T142741_N0214_R053_T20LMP_20200818T165705_07_10.png,0.18990699778420111,0.31919637104049076,0.1904846133436898,0.9842834151284547,0.1938934326171875,0.023948100017150864
YOLOv11n,train_S2A_MSIL2A_20200818T142741_N0214_R053_T20LMP_20200818T165705_07_12.png,0.19700763452587597,0.32916688055027976,0.1980817347789825,0.973212930641979,0.202362060546875,0.024574299983214587
YOLOv11n,train_S2A_MSIL2A_20200818T142741_N0214_R053_T20LMP_20200818T165705_07_13.png,0.28116311088441376,0.4389185241063036,0.2819329556947665,0.9903816278284363,0.2849884033203125,0.02469809999456629
YOLOv11n,train_S2A_MSIL2A_20200818T142741_N0214_R053_T20LMP_20200818T165705_07_16.png,0.35499005324103355,0.5239744046709778,0.35711724217710683,0.9834974035490139,0.3580780029296875,0.025136199983535334
YOLOv11n,train_S2A_MSIL2A_20200818T142741_N0214_R053_T20LMP_20200818T165705_07_18.png,0.3246010689429769,0.4901114404233517,0.3258703682973245,0.9881426163498455,0.3299446105957031,0.026165899995248765
YOLOv11n,train_S2A_MSIL2A_20200818T142741_N0214_R053_T20LMP_20200818T165705_07_19.png,0.34737186519621993,0.5156287943501501,0.3483211554865928,0.9922155030236394,0.3532447814941406,0.026648800005204976
YOLOv11n,train_S2A_MSIL2A_20200818T142741_N0214_R053_T20LMP_20200818T165705_07_20.png,0.27218546352440603,0.4279021751598317,0.27360387868306973,0.9813094463442662,0.277008056640625,0.02636659998097457
YOLOv11n,train_S2A_MSIL2A_20200818T142741_N0214_R053_T20LMP_20200818T165705_08_02.png,0.11651412899448399,0.2087105321262972,0.1165662139873291,0.9961796864708207,0.12506103515625,0.023578000022098422
YOLOv11n,train_S2A_MSIL2A_20200818T142741_N0214_R053_T20LMP_20200818T165705_08_03.png,0.19614688039419367,0.32796453948791454,0.19661533935635708,0.9879986773258641,0.20591354370117188,0.023856399988289922
YOLOv11n,train_S2A_MSIL2A_20200818T142741_N0214_R053_T20LMP_20200818T165705_08_04.png,0.193303554237745,0.3239805220578981,0.19376242400849175,0.9878970362498524,0.20085525512695312,0.031074799975613132
YOLOv11n,train_S2A_MSIL2A_20200818T142741_N0214_R053_T20LMP_20200818T165705_08_07.png,0.8014257785652101,0.8897683025314819,0.8093183413151949,0.9879778385528217,0.8016166687011719,0.033960600005229935
YOLOv11n,train_S2A_MSIL2A_20200818T142741_N0214_R053_T20LMP_20200818T165705_08_08.png,0.16254824626965783,0.27964129108832547,0.1627334960322942,0.9930454737039291,0.1665191650390625,0.032161899987841025
YOLOv11n,train_S2A_MSIL2A_20200818T142741_N0214_R053_T20LMP_20200818T165705_08_10.png,0.23813840227072827,0.38467170040762133,0.2388438602708908,0.9877489246455313,0.2433319091796875,0.024153399979695678
YOLOv11n,train_S2A_MSIL2A_20200818T142741_N0214_R053_T20LMP_20200818T165705_08_11.png,0.4118761796033842,0.5834451852840041,0.41602925988336426,0.9763364830018133,0.4163475036621094,0.0244892000046093
YOLOv11n,train_S2A_MSIL2A_20200818T142741_N0214_R053_T20LMP_20200818T165705_08_12.png,0.3587454177042892,0.5280539136027685,0.36094791966571477,0.9832752170088287,0.3674049377441406,0.024380600021686405
YOLOv11n,train_S2A_MSIL2A_20200818T142741_N0214_R053_T20LMP_20200818T165705_08_13.png,0.311808252753543,0.4753869357035128,0.3142529696913379,0.9756578393778024,0.3166465759277344,0.025537600013194606
YOLOv11n,train_S2A_MSIL2A_20200818T142741_N0214_R053_T20LMP_20200818T165705_08_18.png,0.25525825858169343,0.4067023767206403,0.2567187506044651,0.9781983814619909,0.2614288330078125,0.025377700017997995
YOLOv11n,train_S2A_MSIL2A_20200818T142741_N0214_R053_T20LMP_20200818T165705_08_19.png,0.21420499469675056,0.35283168102969065,0.2148737948217961,0.9856775224066022,0.22280502319335938,0.02494879998266697
YOLOv11n,train_S2A_MSIL2A_20200818T142741_N0214_R053_T20LMP_20200818T165705_08_20.png,0.3161578486899664,0.48042542770178076,0.3180176007410838,0.9818389818389819,0.3201751708984375,0.023786100005963817
YOLOv11n,train_S2A_MSIL2A_20200818T142741_N0214_R053_T20LMP_20200818T165705_09_03.png,0.16644969028061,0.2853954039639165,0.16667435761365296,0.9919668604385041,0.17200469970703125,0.024556899996241555
YOLOv11n,train_S2A_MSIL2A_20200818T142741_N0214_R053_T20LMP_20200818T165705_09_05.png,0.15688552942448153,0.27122048886293487,0.15729358579368644,0.9837331461354119,0.16688156127929688,0.023287399992113933
YOLOv11n,train_S2A_MSIL2A_20200818T142741_N0214_R053_T20LMP_20200818T165705_09_06.png,0.24658695183210577,0.39561933721462034,0.24758552669748013,0.9839069152615318,0.2539215087890625,0.02618750001420267
YOLOv11n,train_S2A_MSIL2A_20200818T142741_N0214_R053_T20LMP_20200818T165705_09_07.png,0.1361594183481158,0.23968365028576818,0.14104106141633205,0.7973220356713218,0.26213836669921875,0.02418889998807572
YOLOv11n,train_S2A_MSIL2A_20200818T142741_N0214_R053_T20LMP_20200818T165705_09_11.png,0.22501133490613162,0.3673620455493556,0.2260353019735293,0.9802644794107801,0.23058700561523438,0.024578000011388212
YOLOv11n,train_S2A_MSIL2A_20200818T142741_N0214_R053_T20LMP_20200818T165705_09_12.png,0.22196273330035396,0.363288874941158,0.22209985879174854,0.9972261465835085,0.226043701171875,0.02470270000048913
YOLOv11n,train_S2A_MSIL2A_20200818T142741_N0214_R053_T20LMP_20200818T165705_09_14.png,0.2217597570516304,0.3630169610215096,0.22262975644671426,0.982683243390942,0.22967147827148438,0.024857499985955656
YOLOv11n,train_S2A_MSIL2A_20200818T142741_N0214_R053_T20LMP_20200818T165705_09_15.png,0.40937629363874706,0.5809325663933423,0.4115294362436278,0.9873807410694475,0.4121971130371094,0.02468209998914972
YOLOv11n,train_S2A_MSIL2A_20200818T142741_N0214_R053_T20LMP_20200818T165705_09_21.png,0.37745409461764445,0.5480459872928377,0.37987623177286167,0.9833881710938127,0.3832130432128906,0.02965300000505522
YOLOv11n,train_S2A_MSIL2A_20200818T142741_N0214_R053_T20LMP_20200818T165705_10_02.png,0.18337386673234105,0.3099170463155362,0.1843093572204882,0.9730662419341665,0.19046401977539062,0.023475299996789545
YOLOv11n,train_S2A_MSIL2A_20200818T142741_N0214_R053_T20LMP_20200818T165705_10_03.png,0.30927266248520074,0.4724343085238696,0.3097295555009823,0.9952529499525296,0.3123054504394531,0.02431889998842962
YOLOv11n,train_S2A_MSIL2A_20200818T142741_N0214_R053_T20LMP_20200818T165705_10_06.png,0.18700474823534866,0.3150867736853754,0.18756272693102072,0.9843410001423546,0.19727325439453125,0.023035399994114414
YOLOv11n,train_S2A_MSIL2A_20200818T142741_N0214_R053_T20LMP_20200818T165705_10_07.png,0.15265273897263135,0.26487203614974614,0.15283842794759825,0.9921040177348245,0.15661239624023438,0.0251132000121288
YOLOv11n,train_S2A_MSIL2A_20200818T142741_N0214_R053_T20LMP_20200818T165705_10_09.png,0.1496891051635577,0.2603992757542267,0.14989635382021255,0.9908479689137715,0.16011428833007812,0.02226570001221262
YOLOv11n,train_S2A_MSIL2A_20200818T142741_N0214_R053_T20LMP_20200818T165705_10_10.png,0.1476017038088771,0.257235072619688,0.14795391523280232,0.9841278007871788,0.1572265625,0.025139200006378815
YOLOv11n,train_S2A_MSIL2A_20200818T142741_N0214_R053_T20LMP_20200818T165705_10_11.png,0.23696390003085469,0.3831379396358194,0.23761273455749268,0.9886078393512261,0.24530029296875,0.02770579999196343
YOLOv11n,train_S2A_MSIL2A_20200818T142741_N0214_R053_T20LMP_20200818T165705_10_12.png,0.24113067497916732,0.38856613544454494,0.241355076129391,0.9961589952824175,0.24962997436523438,0.024195100006181747
YOLOv11n,train_S2A_MSIL2A_20200818T142741_N0214_R053_T20LMP_20200818T165705_10_16.png,0.3963430080370919,0.5676871739333601,0.39785629799153155,0.9904944606973287,0.40003204345703125,0.0234803999774158
YOLOv11n,train_S2A_MSIL2A_20200818T142741_N0214_R053_T20LMP_20200818T165705_10_17.png,0.5293735986977487,0.6922750584271976,0.5332902741733995,0.9863161659513591,0.5323753356933594,0.02750749999540858
YOLOv11n,train_S2A_MSIL2A_20200818T142741_N0214_R053_T20LMP_20200818T165705_10_18.png,0.35869820616229664,0.5280027669653817,0.35944586619112134,0.9942345882001239,0.3648948669433594,0.024503799999365583
YOLOv11n,train_S2A_MSIL2A_20200818T142741_N0214_R053_T20LMP_20200818T165705_10_19.png,0.3904513129732342,0.5616181010154511,0.3930019226759944,0.9836498043194666,0.3937950134277344,0.02260199998272583
YOLOv11n,train_S2A_MSIL2A_20200818T142741_N0214_R053_T20LMP_20200818T165705_10_20.png,0.5113281264977321,0.6766606371346446,0.5148180031886598,0.9869161091705642,0.5138130187988281,0.025423799990676343
YOLOv11n,train_S2A_MSIL2A_20200818T142741_N0214_R053_T20LMP_20200818T165705_10_21.png,0.5023426593486451,0.6687457834239234,0.5040430128984967,0.9933294005536144,0.5036506652832031,0.026077199989231303
YOLOv11n,train_S2A_MSIL2A_20200818T142741_N0214_R053_T20LMP_20200818T165705_11_02.png,0.19429986940090072,0.3253786999045186,0.19448943390405676,0.9950086805555556,0.20220184326171875,0.030059799988521263
YOLOv11n,train_S2A_MSIL2A_20200818T142741_N0214_R053_T20LMP_20200818T165705_11_04.png,0.12186023663597742,0.21724673476508782,0.12209686846314753,0.9843449686899374,0.12713623046875,0.023920799983898178
YOLOv11n,train_S2A_MSIL2A_20200818T142741_N0214_R053_T20LMP_20200818T165705_11_06.png,0.33713880189450623,0.5042689680635037,0.33816526041727113,0.991076996337827,0.344390869140625,0.03327970000100322
YOLOv11n,train_S2A_MSIL2A_20200818T142741_N0214_R053_T20LMP_20200818T165705_11_10.png,0.22753620960054122,0.37072015932562175,0.22847680841126905,0.982228490832158,0.23340606689453125,0.030215600010706112
YOLOv11n,train_S2A_MSIL2A_20200818T142741_N0214_R053_T20LMP_20200818T165705_11_13.png,0.29398288732231953,0.45438450570342204,0.2953691438458003,0.9842863209914675,0.2993316650390625,0.023178499977802858
YOLOv11n,train_S2A_MSIL2A_20200818T142741_N0214_R053_T20LMP_20200818T165705_11_14.png,0.32778187573955403,0.4937284982248829,0.32816135943167263,0.9964844662462041,0.3325309753417969,0.022705199982738122
YOLOv11n,train_S2A_MSIL2A_20200818T142741_N0214_R053_T20LMP_20200818T165705_11_16.png,0.44656592615349167,0.6174152426511775,0.44901442168465355,0.987936249023006,0.4502372741699219,0.027070699987234548
YOLOv11n,train_S2A_MSIL2A_20200818T142741_N0214_R053_T20LMP_20200818T165705_11_21.png,0.2373786445200145,0.38367987935026127,0.23811678617563564,0.98710939378878,0.24547195434570312,0.024650499981362373
YOLOv11n,train_S2A_MSIL2A_20200818T142741_N0214_R053_T20LMP_20200818T165705_12_02.png,0.26894468494468493,0.4238871688191966,0.26977516163273185,0.9886833022124144,0.2752723693847656,0.030684700002893806
YOLOv11n,train_S2A_MSIL2A_20200818T142741_N0214_R053_T20LMP_20200818T165705_12_03.png,0.21887863350545436,0.35914754346947025,0.21908278379242963,0.995760707716563,0.22615814208984375,0.03108570000040345
YOLOv11n,train_S2A_MSIL2A_20200818T142741_N0214_R053_T20LMP_20200818T165705_12_06.png,0.23739311638779528,0.38369878293940174,0.23739311638779528,1.0,0.24335098266601562,0.025666500005172566
YOLOv11n,train_S2A_MSIL2A_20200818T142741_N0214_R053_T20LMP_20200818T165705_12_07.png,0.17826065222657586,0.30258271272950377,0.17894046125639293,0.9791327856041565,0.184783935546875,0.023079400009009987
YOLOv11n,train_S2A_MSIL2A_20200818T142741_N0214_R053_T20LMP_20200818T165705_12_08.png,0.31390325992883933,0.4778179178059734,0.3156064848475473,0.9830984218768823,0.319580078125,0.024202900007367134
YOLOv11n,train_S2A_MSIL2A_20200818T142741_N0214_R053_T20LMP_20200818T165705_12_09.png,0.39852067260290264,0.5699174569385275,0.4002450527094507,0.9893048637632023,0.4019279479980469,0.027461999998195097
YOLOv11n,train_S2A_MSIL2A_20200818T142741_N0214_R053_T20LMP_20200818T165705_12_11.png,0.2069486578635504,0.3429286846880054,0.20869592122463818,0.9611171472846125,0.21119308471679688,0.028309900022577494
YOLOv11n,train_S2A_MSIL2A_20200818T142741_N0214_R053_T20LMP_20200818T165705_12_17.png,0.2888096090271283,0.44818040927727,0.29035840172100924,0.9818657595185136,0.2950630187988281,0.0239648999995552
YOLOv11n,train_S2A_MSIL2A_20200818T142741_N0214_R053_T20LMP_20200818T165705_12_20.png,0.3998303843336803,0.5712554732464957,0.40196564767160664,0.9868884279434432,0.40608978271484375,0.023764499987009913
YOLOv11n,train_S2A_MSIL2A_20200818T142741_N0214_R053_T20LMP_20200818T165705_12_21.png,0.3356486029408932,0.5026001632492956,0.3370013808361601,0.9881819212884201,0.3421440124511719,0.02397549999295734
YOLOv11n,train_S2A_MSIL2A_20200818T142741_N0214_R053_T20LMP_20200818T165705_13_01.png,0.569099358129909,0.7253834566705522,0.5719208439019337,0.9914058030784786,0.5695152282714844,0.02434860001085326
YOLOv11n,train_S2A_MSIL2A_20200818T142741_N0214_R053_T20LMP_20200818T165705_13_02.png,0.44046977903612977,0.6115640681206987,0.44196423401898305,0.9923816952678107,0.4451484680175781,0.024459399981424212
YOLOv11n,train_S2A_MSIL2A_20200818T142741_N0214_R053_T20LMP_20200818T165705_13_03.png,0.22693160136450363,0.3699172816351407,0.228153119986359,0.9769510313127457,0.23492050170898438,0.02910590000101365
YOLOv11n,train_S2A_MSIL2A_20200818T142741_N0214_R053_T20LMP_20200818T165705_13_05.png,0.10093944871740283,0.1833696645805499,0.10104857709715419,0.9894141751403855,0.11397552490234375,0.026006300002336502
YOLOv11n,train_S2A_MSIL2A_20200818T142741_N0214_R053_T20LMP_20200818T165705_13_07.png,0.2867227303419066,0.4456635817193016,0.28682616805213346,0.9987438193238006,0.290771484375,0.02199569999356754
YOLOv11n,train_S2A_MSIL2A_20200818T142741_N0214_R053_T20LMP_20200818T165705_13_08.png,0.3145709871561325,0.47859109965093233,0.3159540343468577,0.9862756202479787,0.31964874267578125,0.02321210000081919
YOLOv11n,train_S2A_MSIL2A_20200818T142741_N0214_R053_T20LMP_20200818T165705_13_09.png,0.3761110640819436,0.546628937007874,0.37877678187377206,0.981631935726839,0.3814849853515625,0.022306400001980364
YOLOv11n,train_S2A_MSIL2A_20200818T142741_N0214_R053_T20LMP_20200818T165705_13_10.png,0.49742495190944414,0.6643737988673847,0.5000616356562271,0.9895111558309894,0.4996833801269531,0.023799999995389953
YOLOv11n,train_S2A_MSIL2A_20200818T142741_N0214_R053_T20LMP_20200818T165705_13_11.png,0.8836036792488836,0.9382055142313529,0.8901264946749202,0.9917749418462686,0.8836631774902344,0.02387190001900308
YOLOv11n,train_S2A_MSIL2A_20200818T142741_N0214_R053_T20LMP_20200818T165705_13_17.png,0.16772790003062396,0.28727223187221146,0.16910122496441388,0.9538165780843605,0.20172119140625,0.022857700008898973
YOLOv11n,train_S2A_MSIL2A_20200818T142741_N0214_R053_T20LMP_20200818T165705_13_19.png,0.22327821000494155,0.36504894500497903,0.22368693729996086,0.9918827853788034,0.2265167236328125,0.02513080000062473
YOLOv11n,train_S2A_MSIL2A_20200818T142741_N0214_R053_T20LMP_20200818T165705_13_20.png,0.16627072888546085,0.2851323020759621,0.16641384607664902,0.994854281560791,0.17531585693359375,0.026030600012745708
YOLOv11n,train_S2A_MSIL2A_20200818T142741_N0214_R053_T20LMP_20200818T165705_13_21.png,0.14079732835613692,0.24684021404401896,0.14092721468906927,0.9934965986394558,0.15006637573242188,0.025362599990330637
YOLOv11n,train_S2A_MSIL2A_20200818T142741_N0214_R053_T20LMP_20200818T165705_14_01.png,0.8962601998891628,0.9452924234148348,0.8991606627275203,0.9964137907591376,0.8964576721191406,0.03547560001607053
YOLOv11n,train_S2A_MSIL2A_20200818T142741_N0214_R053_T20LMP_20200818T165705_14_04.png,0.2605028497885641,0.4133316316298066,0.26148238713695815,0.9858236214993912,0.26352691650390625,0.029647199989994988
YOLOv11n,train_S2A_MSIL2A_20200818T142741_N0214_R053_T20LMP_20200818T165705_14_07.png,0.28677601526511576,0.445727946220743,0.2877387863715301,0.9884669554356781,0.2942008972167969,0.02582270000129938
YOLOv11n,train_S2A_MSIL2A_20200818T142741_N0214_R053_T20LMP_20200818T165705_14_08.png,0.6067796870029168,0.755274281733953,0.6122356635675943,0.9855259226057075,0.6086502075195312,0.02577840001322329
YOLOv11n,train_S2A_MSIL2A_20200818T142741_N0214_R053_T20LMP_20200818T165705_14_09.png,0.8292261082988188,0.9066414529475523,0.8412794135956175,0.9830154797354125,0.8301277160644531,0.02882150001823902
YOLOv11n,train_S2A_MSIL2A_20200818T142741_N0214_R053_T20LMP_20200818T165705_14_16.png,0.9738805684884904,0.9867674711791146,0.9818409541977379,0.9917436763801413,0.9739341735839844,0.029954099998576567
YOLOv11n,train_S2A_MSIL2A_20200818T142741_N0214_R053_T20LMP_20200818T165705_14_17.png,0.19135291366713433,0.32123632128136737,0.1919275028547481,0.9845956607495069,0.19527053833007812,0.024011400004383177
YOLOv11n,train_S2A_MSIL2A_20200818T142741_N0214_R053_T20LMP_20200818T165705_14_19.png,0.1299602716311729,0.2300262671068366,0.13030287825043133,0.9801695604204169,0.13785934448242188,0.026390599989099428
YOLOv11n,train_S2A_MSIL2A_20200818T142741_N0214_R053_T20LMP_20200818T165705_15_01.png,0.9439746664065995,0.9711800083809928,0.979413515336693,0.9630837784792593,0.9441184997558594,0.030052499991143122
YOLOv11n,train_S2A_MSIL2A_20200818T142741_N0214_R053_T20LMP_20200818T165705_15_02.png,0.9847788353329391,0.9923310525101868,0.99308691938971,0.9915763353793914,0.9847793579101562,0.02762150001944974
YOLOv11n,train_S2A_MSIL2A_20200818T142741_N0214_R053_T20LMP_20200818T165705_15_03.png,0.9789495774271706,0.9893628302545247,0.9903653151344841,0.9883623728278162,0.9789543151855469,0.030871399998432025
YOLOv11n,train_S2A_MSIL2A_20200818T142741_N0214_R053_T20LMP_20200818T165705_15_05.png,0.283094520726481,0.4412683807054128,0.28505921042474025,0.9762326503635161,0.28656768798828125,0.02419620001455769
YOLOv11n,train_S2A_MSIL2A_20200818T142741_N0214_R053_T20LMP_20200818T165705_15_06.png,0.27572601434548255,0.4322652532674818,0.27654409469753893,0.9893850204717463,0.28084564208984375,0.02719629998318851
YOLOv11n,train_S2A_MSIL2A_20200818T142741_N0214_R053_T20LMP_20200818T165705_15_07.png,0.3147302093474278,0.47877535194638227,0.3151977398961304,0.9953092046253424,0.3179664611816406,0.0382060999982059
YOLOv11n,train_S2A_MSIL2A_20200818T142741_N0214_R053_T20LMP_20200818T165705_15_08.png,0.7424984878299019,0.8522228202959367,0.7442250429764243,0.9968852315773784,0.7434120178222656,0.03635239999857731
YOLOv11n,train_S2A_MSIL2A_20200818T142741_N0214_R053_T20LMP_20200818T165705_15_09.png,0.7709525709287873,0.8706642781793488,0.778785718160752,0.9871216177055654,0.7722282409667969,0.02807209998718463
YOLOv11n,train_S2A_MSIL2A_20200818T142741_N0214_R053_T20LMP_20200818T165705_15_10.png,0.7661318758815233,0.8675817319690542,0.7731967137021909,0.9882141815431315,0.7672309875488281,0.025605299975723028
YOLOv11n,train_S2A_MSIL2A_20200818T142741_N0214_R053_T20LMP_20200818T165705_15_12.png,0.9733167986263475,0.9864779941101058,0.9894070508469317,0.9835662286384108,0.9733238220214844,0.02568200000678189
YOLOv11n,train_S2A_MSIL2A_20200818T142741_N0214_R053_T20LMP_20200818T165705_15_13.png,0.9778823188273089,0.9888174938609063,0.9964736711144287,0.9812780685398808,0.9778861999511719,0.0272034999798052
YOLOv11n,train_S2A_MSIL2A_20200818T142741_N0214_R053_T20LMP_20200818T165705_15_14.png,0.9844663157091631,0.992172361824501,0.9961130946637075,0.9882626860641895,0.984466552734375,0.0266643000068143
YOLOv11n,train_S2A_MSIL2A_20200818T142741_N0214_R053_T20LMP_20200818T165705_15_15.png,0.9858055114746094,0.9928520248114076,0.99942375817954,0.986366152025802,0.9858055114746094,0.02447139998548664
YOLOv11n,train_S2A_MSIL2A_20200818T142741_N0214_R053_T20LMP_20200818T165705_15_16.png,0.9641856773238286,0.9817663253074079,0.9882270574292743,0.9753895211476397,0.9641990661621094,0.02516809999360703
YOLOv11n,train_S2A_MSIL2A_20200818T142741_N0214_R053_T20LMP_20200818T165705_15_17.png,0.8143814052416347,0.8976959341502703,0.8233803906401083,0.9867573305151524,0.8149032592773438,0.028069700027117506
YOLOv11n,train_S2A_MSIL2A_20200818T142741_N0214_R053_T20LMP_20200818T165705_15_18.png,0.13645654106860355,0.24014387904405787,0.1371046026399143,0.9665203522451539,0.14418792724609375,0.026271299982909113
YOLOv11n,train_S2A_MSIL2A_20200818T142741_N0214_R053_T20LMP_20200818T165705_15_19.png,0.1361279587369364,0.2396349067727784,0.1363643395263215,0.9874261390685821,0.14641952514648438,0.025696400000015274
YOLOv11n,train_S2A_MSIL2A_20200818T142741_N0214_R053_T20LMP_20200818T165705_15_20.png,0.0715436101637964,0.13353373485724995,0.07163962068592114,0.9816119972444491,0.08296585083007812,0.03159669999149628
YOLOv11n,train_S2A_MSIL2A_20200818T142741_N0214_R053_T20LMP_20200818T165705_16_05.png,0.6390031797111443,0.7797461135173165,0.6452273008603082,0.9851284868028609,0.6405372619628906,0.025857300002826378
YOLOv11n,train_S2A_MSIL2A_20200818T142741_N0214_R053_T20LMP_20200818T165705_16_06.png,0.3177507946940956,0.48226234576904004,0.31917883852833406,0.9861149216876812,0.322906494140625,0.02480189999914728
YOLOv11n,train_S2A_MSIL2A_20200818T142741_N0214_R053_T20LMP_20200818T165705_16_09.png,0.6449761241924923,0.7841768822135418,0.6475973331897911,0.9937635702822619,0.646331787109375,0.02648519998183474
YOLOv11n,train_S2A_MSIL2A_20200818T142741_N0214_R053_T20LMP_20200818T165705_16_14.png,0.9903221130371094,0.9951375272879208,0.9981314376011657,0.9921615238211712,0.9903221130371094,0.02513530000578612
YOLOv11n,train_S2A_MSIL2A_20200818T142741_N0214_R053_T20LMP_20200818T165705_16_15.png,0.9876326099312965,0.9937778289574697,0.9973880582640219,0.9901936411652892,0.9876327514648438,0.02456190000521019
YOLOv11n,train_S2A_MSIL2A_20200818T142741_N0214_R053_T20LMP_20200818T165705_16_16.png,0.9712619773560713,0.9854215101929409,0.9862940444775113,0.9845505183351385,0.9712715148925781,0.024940600007539615
YOLOv11n,train_S2A_MSIL2A_20200818T142741_N0214_R053_T20LMP_20200818T165705_16_18.png,0.7973829248450265,0.8872710581845304,0.7999340955767403,0.9960163164046659,0.7976341247558594,0.026478499989025295
YOLOv11n,train_S2A_MSIL2A_20200818T142741_N0214_R053_T20LMP_20200818T165705_16_19.png,0.2760385471857483,0.4326492295934793,0.2769775442354292,0.9878675460291289,0.2806892395019531,0.025091399991651997
YOLOv11n,train_S2A_MSIL2A_20200818T142741_N0214_R053_T20LMP_20200818T165705_16_20.png,0.1662956289571461,0.28516891400140265,0.1663649522339091,0.997500520724849,0.17571258544921875,0.029987999994773418
YOLOv11n,train_S2A_MSIL2A_20200818T142741_N0214_R053_T20LMP_20200818T165705_16_21.png,0.15148506436309128,0.26311251279126335,0.1516491081511734,0.992909776911195,0.16216659545898438,0.040593699988676235
YOLOv11n,train_S2A_MSIL2A_20200818T142741_N0214_R053_T20LMP_20200818T165705_17_05.png,0.940723695257285,0.9694565976148106,0.9551654125433002,0.9841819277926164,0.9407463073730469,0.03350479999789968
YOLOv11n,train_S2A_MSIL2A_20200818T142741_N0214_R053_T20LMP_20200818T165705_17_06.png,0.8109888347512639,0.8956309604886679,0.8135049832614508,0.9962006613663548,0.8111763000488281,0.03043240000260994
YOLOv11n,train_S2A_MSIL2A_20200818T142741_N0214_R053_T20LMP_20200818T165705_17_07.png,0.8472384349536709,0.9173027357184886,0.8494947983222623,0.9968747607660889,0.8477401733398438,0.030563700012862682
YOLOv11n,train_S2A_MSIL2A_20200818T142741_N0214_R053_T20LMP_20200818T165705_17_08.png,0.850801546889025,0.9193871145386928,0.8678629341068854,0.9774153134486581,0.8643074035644531,0.03479079998214729
YOLOv11n,train_S2A_MSIL2A_20200818T142741_N0214_R053_T20LMP_20200818T165705_17_10.png,0.9621220215835025,0.9806954012034743,0.9684563913066859,0.9932477150961235,0.9621353149414062,0.0314451000012923
YOLOv11n,train_S2A_MSIL2A_20200818T142741_N0214_R053_T20LMP_20200818T165705_17_11.png,0.9500845539255544,0.9744034452383282,0.9574381325711384,0.9919808369104699,0.9501190185546875,0.026399900001706555
YOLOv11n,train_S2A_MSIL2A_20200818T142741_N0214_R053_T20LMP_20200818T165705_17_13.png,0.9751979052955411,0.9874432356180796,0.9879930858736045,0.986893997041203,0.9752120971679688,0.03643409998039715
YOLOv11n,train_S2A_MSIL2A_20200818T142741_N0214_R053_T20LMP_20200818T165705_17_16.png,0.9656893991732477,0.9825452582482345,0.9794963917366123,0.9856131643636562,0.9657096862792969,0.02622579998569563
YOLOv11n,train_S2A_MSIL2A_20200818T142741_N0214_R053_T20LMP_20200818T165705_17_17.png,0.9088226987168233,0.9522337504973777,0.9208924400167071,0.9857835405359531,0.9088706970214844,0.024789400020381436
YOLOv11n,train_S2A_MSIL2A_20200818T142741_N0214_R053_T20LMP_20200818T165705_17_18.png,0.9020397875046307,0.9484972853149999,0.9102860071916106,0.9900571337550249,0.9021530151367188,0.02687649999279529
YOLOv11n,train_S2A_MSIL2A_20200818T142741_N0214_R053_T20LMP_20200818T165705_17_19.png,0.8755813331907842,0.9336639448220826,0.8816441558341696,0.9922073089470997,0.8756980895996094,0.02797110000392422
YOLOv11n,train_S2A_MSIL2A_20200818T142741_N0214_R053_T20LMP_20200818T165705_17_20.png,0.20975974536460032,0.346779178540748,0.21112397714991507,0.9701151056169413,0.21391677856445312,0.028316999989328906
YOLOv11n,train_S2A_MSIL2A_20200818T142741_N0214_R053_T20LMP_20200818T165705_17_21.png,0.2216221410724582,0.3628325545538931,0.22210536858974358,0.9902784218752684,0.22754287719726562,0.027291999984299764
YOLOv11n,train_S2A_MSIL2A_20200818T142741_N0214_R053_T20LMP_20200818T165705_18_06.png,0.983599928280682,0.9917321676183296,0.9947568028457558,0.9887258699103438,0.9836006164550781,0.025776100024813786
YOLOv11n,train_S2A_MSIL2A_20200818T142741_N0214_R053_T20LMP_20200818T165705_18_07.png,0.9708764902241297,0.9852230670362513,0.9882186195514998,0.9822456202646946,0.9708786010742188,0.027561900002183393
YOLOv11n,train_S2A_MSIL2A_20200818T142741_N0214_R053_T20LMP_20200818T165705_18_10.png,0.9338661681672517,0.9658022706424281,0.9414771481648148,0.9914177170074199,0.9338722229003906,0.024648999999044463
YOLOv11n,train_S2A_MSIL2A_20200818T142741_N0214_R053_T20LMP_20200818T165705_18_14.png,0.9844923682614285,0.9921855926550338,0.9941214992873377,0.9902572111602707,0.9844932556152344,0.02765840000938624
YOLOv11n,train_S2A_MSIL2A_20200818T142741_N0214_R053_T20LMP_20200818T165705_18_15.png,0.9665184619788189,0.9829742061066183,0.9794254598332379,0.9865487621978536,0.9665336608886719,0.041739200009033084
YOLOv11n,train_S2A_MSIL2A_20200818T142741_N0214_R053_T20LMP_20200818T165705_18_16.png,0.9526264892612653,0.9757385700750902,0.9682593949471443,0.9833341881926827,0.9527206420898438,0.03665609998279251
YOLOv11n,train_S2A_MSIL2A_20200818T142741_N0214_R053_T20LMP_20200818T165705_18_17.png,0.9036661689851497,0.949395627981241,0.9137463705442639,0.9879394845162852,0.9037628173828125,0.030777100007981062
YOLOv11n,train_S2A_MSIL2A_20200818T142741_N0214_R053_T20LMP_20200818T165705_18_18.png,0.9622033535933538,0.9807376506938337,0.9728557091021385,0.9887483522691608,0.9622344970703125,0.02457819998380728
YOLOv11n,train_S2A_MSIL2A_20200818T142741_N0214_R053_T20LMP_20200818T165705_19_16.png,0.9696832113056517,0.9846082920744132,0.9829175851800286,0.9863048253273414,0.9696884155273438,0.026380800001788884
YOLOv11n,train_S2A_MSIL2A_20200818T142741_N0214_R053_T20LMP_20200818T165705_19_17.png,0.9517539006307403,0.9752806440639529,0.9632918040890729,0.9875716638687403,0.9517669677734375,0.027266500022960827
YOLOv11n,train_S2A_MSIL2A_20200818T142741_N0214_R053_T20LMP_20200818T165705_20_01.png,0.9911651611328125,0.9955629803897527,0.9992731244495552,0.9918802847817373,0.9911651611328125,0.027315199986333027
YOLOv11n,train_S2A_MSIL2A_20200818T142741_N0214_R053_T20LMP_20200818T165705_20_06.png,0.5043149408181895,0.670491167951699,0.5146988593215429,0.9615345238617583,0.5070037841796875,0.030938200012315065
YOLOv11n,train_S2A_MSIL2A_20200818T142741_N0214_R053_T20LMP_20200818T165705_20_14.png,0.9076879031950223,0.9516104826945896,0.9124246959057596,0.9943131212183302,0.9077491760253906,0.03148829998099245
YOLOv11n,train_S2A_MSIL2A_20200818T142741_N0214_R053_T20LMP_20200818T165705_20_15.png,0.9638246245879624,0.9815791211908101,0.9751004512102392,0.9881444569175588,0.9638290405273438,0.02701130000059493
YOLOv11n,train_S2A_MSIL2A_20200818T142741_N0214_R053_T20LMP_20200818T165705_20_17.png,0.9561700390337339,0.9775939922953137,0.9654234519530452,0.9900753044179119,0.9561805725097656,0.027095199999166653
YOLOv11n,train_S2A_MSIL2A_20200818T142741_N0214_R053_T20LMP_20200818T165705_20_18.png,0.9773967323702907,0.9885691792346522,0.9892334427495656,0.98790580721795,0.9774017333984375,0.026915299997199327
YOLOv11n,train_S2A_MSIL2A_20200818T142741_N0214_R053_T20LMP_20200818T165705_21_04.png,0.9821016695434341,0.9909700240247067,0.999463700698355,0.9826194933710312,0.9821205139160156,0.029603000002680346
YOLOv11n,train_S2A_MSIL2A_20200818T142741_N0214_R053_T20LMP_20200818T165705_21_05.png,0.981813742508231,0.9908234274989172,0.9979448123962712,0.9838029595819427,0.9818153381347656,0.027547200006665662
YOLOv11n,train_S2A_MSIL2A_20200818T142741_N0214_R053_T20LMP_20200818T165705_21_06.png,0.6726917663910194,0.8043224459009701,0.9315607989666943,0.7076651496103691,0.7001380920410156,0.02585989999352023
YOLOv11n,train_S2A_MSIL2A_20200818T142741_N0214_R053_T20LMP_20200818T165705_21_17.png,0.9721864970175285,0.9858971233072872,0.9776562470017078,0.9942781088876659,0.972198486328125,0.029241699987323955
YOLOv11n,train_S2A_MSIL2A_20200818T142741_N0214_R053_T20LMP_20200818T165705_21_18.png,0.9748812000229012,0.9872808551841966,0.9881001199272699,0.9864629478717282,0.9748954772949219,0.03396549998433329
YOLOv11n,train_S2B_MSIL2A_20200202T141649_N0213_R010_T20LQN_20200202T164215_03_02.png,0.0,0.0,0.0,0.0,0.011814117431640625,0.026583600003505126
YOLOv11n,train_S2B_MSIL2A_20200202T141649_N0213_R010_T20LQN_20200202T164215_03_04.png,0.0,0.0,0.0,0.0,0.011501312255859375,0.025774799985811114
YOLOv11n,train_S2B_MSIL2A_20200202T141649_N0213_R010_T20LQN_20200202T164215_04_02.png,0.9834738810241539,0.9916680934727948,0.9933095673957029,0.9900320357694347,0.9834785461425781,0.034662800026126206
YOLOv11n,train_S2B_MSIL2A_20200202T141649_N0213_R010_T20LQN_20200202T164215_04_03.png,0.0,0.0,0.0,0.0,7.62939453125e-06,0.030451699974946678
YOLOv11n,train_S2B_MSIL2A_20200202T141649_N0213_R010_T20LQN_20200202T164215_04_04.png,0.0,0.0,0.0,0.0,8.392333984375e-05,0.025669700000435114
YOLOv11n,train_S2B_MSIL2A_20200202T141649_N0213_R010_T20LQN_20200202T164215_04_06.png,0.32629373317954635,0.49203841504598966,0.3282435071841581,0.9821209526234175,0.3315467834472656,0.032708399987313896
YOLOv11n,train_S2B_MSIL2A_20200202T141649_N0213_R010_T20LQN_20200202T164215_04_09.png,0.96676176781043,0.983100021195463,0.9815025490295051,0.9847027018604506,0.9668464660644531,0.0249292999797035
YOLOv11n,train_S2B_MSIL2A_20200202T141649_N0213_R010_T20LQN_20200202T164215_05_10.png,0.982589389598648,0.9912182469589044,0.9954858682167247,0.9869870598648892,0.9825897216796875,0.026349799998570234
YOLOv11n,train_S2B_MSIL2A_20200202T141649_N0213_R010_T20LQN_20200202T164215_05_11.png,0.956144710983322,0.9775807542405016,0.9864734261403308,0.968846977874032,0.9562454223632812,0.027507999999215826
YOLOv11n,train_S2B_MSIL2A_20200202T141649_N0213_R010_T20LQN_20200202T164215_05_12.png,0.9618189931755057,0.9805379563775696,0.981540732481951,0.9795372271238502,0.9621391296386719,0.02881869999691844
YOLOv11n,train_S2B_MSIL2A_20200202T141649_N0213_R010_T20LQN_20200202T164215_05_21.png,0.9795257387443064,0.9896569865928183,0.999054511497607,0.9804346082912356,0.9795265197753906,0.0291801999846939
YOLOv11n,train_S2B_MSIL2A_20200202T141649_N0213_R010_T20LQN_20200202T164215_06_11.png,0.9860801696777344,0.9929913049156901,0.998667130273528,0.9873796309382389,0.9860801696777344,0.028158700006315485
YOLOv11n,train_S2B_MSIL2A_20200202T141649_N0213_R010_T20LQN_20200202T164215_06_12.png,0.9834976196289062,0.9916801612425523,0.9984895897880778,0.9849629805084164,0.9834976196289062,0.023616100021172315
YOLOv11n,train_S2B_MSIL2A_20200202T141649_N0213_R010_T20LQN_20200202T164215_07_11.png,0.9865303039550781,0.9932194862479045,0.9999304027746094,0.986598048266864,0.9865303039550781,0.02541080000810325
YOLOv11n,train_S2B_MSIL2A_20200202T141649_N0213_R010_T20LQN_20200202T164215_07_17.png,0.9849014282226562,0.9923932888743682,0.9951703483285088,0.9896316852631942,0.9849014282226562,0.02114850000361912
YOLOv11n,train_S2B_MSIL2A_20200202T141649_N0213_R010_T20LQN_20200202T164215_08_11.png,0.9788398742675781,0.9893068024312711,1.0,0.9788398742675781,0.9788398742675781,0.021613899996737018
YOLOv11n,train_S2B_MSIL2A_20200202T141649_N0213_R010_T20LQN_20200202T164215_08_14.png,0.9833030700683594,0.9915812514064907,0.9912552251375745,0.9919074922076423,0.9833030700683594,0.021425800019642338
YOLOv11n,train_S2B_MSIL2A_20200202T141649_N0213_R010_T20LQN_20200202T164215_09_11.png,0.9841728210449219,0.9920232860831432,0.9998604818800841,0.9843079951775604,0.9841728210449219,0.022226600005524233
YOLOv11n,train_S2B_MSIL2A_20200202T141649_N0213_R010_T20LQN_20200202T164215_10_05.png,0.7152513827486555,0.8339901543789805,0.717412503647281,0.9958060218491873,0.716217041015625,0.026118500012671575
YOLOv11n,train_S2B_MSIL2A_20200202T141649_N0213_R010_T20LQN_20200202T164215_10_06.png,0.6563506822477826,0.7925262316517047,0.6684384449917387,0.9731870326453267,0.6574020385742188,0.0251812000060454
YOLOv11n,train_S2B_MSIL2A_20200202T141649_N0213_R010_T20LQN_20200202T164215_11_05.png,0.48918506071946843,0.6569835725898686,0.49109234290358567,0.9921233009332765,0.48973846435546875,0.02493250000406988
YOLOv11n,train_S2B_MSIL2A_20200202T141649_N0213_R010_T20LQN_20200202T164215_11_06.png,0.4630776798272244,0.6330185829667082,0.46679088289070003,0.9831121046233673,0.4670143127441406,0.02539739999338053
YOLOv11n,train_S2B_MSIL2A_20200202T141649_N0213_R010_T20LQN_20200202T164215_11_07.png,0.7003203468185917,0.8237510632969086,0.7075271317829457,0.9856639146422458,0.7020225524902344,0.02572519998648204
YOLOv11n,train_S2B_MSIL2A_20200202T141649_N0213_R010_T20LQN_20200202T164215_12_03.png,0.34723697566272455,0.5154801745133426,0.3487407243502106,0.9877344554366803,0.36707305908203125,0.024695700005395338
YOLOv11n,train_S2B_MSIL2A_20200202T141649_N0213_R010_T20LQN_20200202T164215_13_04.png,0.3002387844260344,0.46182099476223376,0.3015596984711485,0.9856204867106075,0.30466461181640625,0.026896099996520206
YOLOv11n,train_S2B_MSIL2A_20200202T141649_N0213_R010_T20LQN_20200202T164215_13_14.png,0.9874343872070312,0.993677470373939,0.9999845472737527,0.9874494544899672,0.9874343872070312,0.02044890000252053
YOLOv11n,train_S2B_MSIL2A_20200202T141649_N0213_R010_T20LQN_20200202T164215_16_08.png,0.40147166139625395,0.5729286898263458,0.41036574753226085,0.9487798568595326,0.4368247985839844,0.02452790000825189
YOLOv11n,train_S2B_MSIL2A_20200202T141649_N0213_R010_T20LQN_20200202T164215_18_10.png,0.613847119250703,0.7607252408588834,0.6171436582639817,0.9913732163076865,0.6197128295898438,0.02378720001433976
YOLOv11n,train_S2B_MSIL2A_20200202T141649_N0213_R010_T20LQN_20200202T164215_20_13.png,0.8744595788201386,0.9330258050915764,0.9076345914908504,0.9598785512903926,0.8763809204101562,0.022543099999893457
YOLOv11n,val_S2A_MSIL2A_20200111T142701_N0213_R053_T20NQG_20200111T164651_01_04.png,0.5939876270233206,0.7452851163375189,0.623017187739897,0.9272613563928945,0.597930908203125,0.02379579999251291
YOLOv11n,val_S2A_MSIL2A_20200111T142701_N0213_R053_T20NQG_20200111T164651_01_05.png,0.6745853209537522,0.8056744705842105,0.6792759046384715,0.9898674019525426,0.6749763488769531,0.026912499975878745
YOLOv11n,val_S2A_MSIL2A_20200111T142701_N0213_R053_T20NQG_20200111T164651_01_12.png,0.6858146862238265,0.8136299817864685,0.7016822503031963,0.9680791921023798,0.6865577697753906,0.02750760002527386
YOLOv11n,val_S2A_MSIL2A_20200111T142701_N0213_R053_T20NQG_20200111T164651_01_14.png,0.6462373993300273,0.7851083927421743,0.6583050607024222,0.972416081209292,0.6511306762695312,0.02702720000525005
YOLOv11n,val_S2A_MSIL2A_20200111T142701_N0213_R053_T20NQG_20200111T164651_02_12.png,0.6539730857332972,0.790790480660518,0.696200882606784,0.9151241752420093,0.6548271179199219,0.027265100012300536
YOLOv11n,val_S2A_MSIL2A_20200111T142701_N0213_R053_T20NQG_20200111T164651_11_12.png,0.7770950915325691,0.8745678216492077,0.7825787670310992,0.9910634277476916,0.7773246765136719,0.031144900014624
YOLOv11n,val_S2A_MSIL2A_20200111T142701_N0213_R053_T20NQG_20200111T164651_12_06.png,0.04637730099893196,0.08864355324729908,0.06457556505669702,0.14131202067455523,0.07355880737304688,0.025290399993536994
YOLOv11n,val_S2A_MSIL2A_20200111T142701_N0213_R053_T20NQG_20200111T164651_12_08.png,0.3844963508145228,0.5554313676425613,0.3871925574183545,0.9822115148237377,0.39003753662109375,0.025352399999974295
YOLOv11n,val_S2A_MSIL2A_20200111T142701_N0213_R053_T20NQG_20200111T164651_12_16.png,0.7603655996973715,0.8638723681354461,0.7753930679759191,0.975145174331708,0.7607650756835938,0.02527320000808686
YOLOv11n,val_S2A_MSIL2A_20200111T142701_N0213_R053_T20NQG_20200111T164651_14_12.png,0.24506790042807627,0.39366190445327137,0.24573172376324987,0.989097056360309,0.2505683898925781,0.023954000003868714
YOLOv11n,val_S2A_MSIL2A_20200111T142701_N0213_R053_T20NQG_20200111T164651_14_13.png,0.8626553503384932,0.9262640565059189,0.8843694612449254,0.9723253211429361,0.8633270263671875,0.024333600013051182
YOLOv11n,val_S2A_MSIL2A_20200111T142701_N0213_R053_T20NQG_20200111T164651_15_01.png,0.0,0.0,0.0,0.0,0.49146270751953125,0.02475289997528307
YOLOv11n,val_S2A_MSIL2A_20200111T142701_N0213_R053_T20NQG_20200111T164651_19_08.png,0.0,0.0,0.0,0.0,0.00788116455078125,0.024906600010581315
YOLOv11n,val_S2A_MSIL2A_20200115T140641_N0213_R110_T21LUH_20200115T163049_01_04.png,0.14753394350481785,0.2571321647431485,0.14787471176018446,0.9846205025845745,0.1519012451171875,0.025743600010173395
YOLOv11n,val_S2A_MSIL2A_20200115T140641_N0213_R110_T21LUH_20200115T163049_05_15.png,0.5119814786468697,0.6772324739123943,0.5192298736378032,0.9734573156091065,0.5135154724121094,0.024814899981720373
YOLOv11n,val_S2A_MSIL2A_20200115T140641_N0213_R110_T21LUH_20200115T163049_06_05.png,0.13284094495462279,0.23452708969650435,0.13328261784593046,0.9756614654002713,0.14052200317382812,0.02464930000132881
YOLOv11n,val_S2A_MSIL2A_20200115T140641_N0213_R110_T21LUH_20200115T163049_06_08.png,0.19966527325141742,0.3328683053569943,0.19978644378977772,0.9969716136699059,0.20465087890625,0.026831499999389052
YOLOv11n,val_S2A_MSIL2A_20200115T140641_N0213_R110_T21LUH_20200115T163049_06_10.png,0.2971193225913034,0.45812180485868814,0.2980135257509489,0.9900021762228453,0.30210113525390625,0.02568670001346618
YOLOv11n,val_S2A_MSIL2A_20200115T140641_N0213_R110_T21LUH_20200115T163049_07_07.png,0.23487301397405866,0.3804002700135007,0.23585512548247586,0.9825799160477882,0.24369049072265625,0.02906629999051802
YOLOv11n,val_S2A_MSIL2A_20200115T140641_N0213_R110_T21LUH_20200115T163049_09_15.png,0.33116445428015945,0.4975560355677315,0.3350916409425475,0.9658201238565991,0.34515380859375,0.024956399982329458
YOLOv11n,val_S2A_MSIL2A_20200217T141651_N0209_R010_T20LQN_20200217T160045_01_21.png,0.8338316208280354,0.9093873301754203,0.8617032190856503,0.9626579795370489,0.8339881896972656,0.024407599994447082
YOLOv11n,val_S2A_MSIL2A_20200217T141651_N0209_R010_T20LQN_20200217T160045_03_18.png,0.8771116060835688,0.9345332512365488,0.8853520408557455,0.9894998618402874,0.8775100708007812,0.02125349998823367
YOLOv11n,val_S2A_MSIL2A_20200217T141651_N0209_R010_T20LQN_20200217T160045_03_20.png,0.7653802458085173,0.8670995924257493,0.7738043213433523,0.9859757359535612,0.7660255432128906,0.022434799990151078
YOLOv11n,val_S2A_MSIL2A_20200217T141651_N0209_R010_T20LQN_20200217T160045_05_06.png,0.2121882573085064,0.3500912602133939,0.2123429597623963,0.996578241215985,0.21625137329101562,0.02437229998758994
YOLOv11n,val_S2A_MSIL2A_20200217T141651_N0209_R010_T20LQN_20200217T160045_05_15.png,0.8795967079760927,0.9359419541899736,0.8896605802621261,0.9873028120713306,0.8797340393066406,0.02358730000560172
YOLOv11n,val_S2A_MSIL2A_20200217T141651_N0209_R010_T20LQN_20200217T160045_06_15.png,0.8845684008001343,0.9387490530187937,0.8915934311175411,0.9911712621159884,0.8846511840820312,0.021620399988023564
YOLOv11n,val_S2A_MSIL2A_20200217T141651_N0209_R010_T20LQN_20200217T160045_06_21.png,0.9109957238851558,0.9534251830067448,0.919856436273357,0.9895368077932742,0.91107177734375,0.022041299991542473
YOLOv11n,val_S2A_MSIL2A_20200217T141651_N0209_R010_T20LQN_20200217T160045_07_15.png,0.8752382298235094,0.9334688424157006,0.883675822417257,0.9892083691255757,0.8753890991210938,0.021567999996477738
YOLOv11n,val_S2A_MSIL2A_20200217T141651_N0209_R010_T20LQN_20200217T160045_08_08.png,0.4544240745558327,0.6248852484026841,0.45646902393002764,0.9902377617713752,0.4559974670410156,0.024128499993821606
YOLOv11n,val_S2A_MSIL2A_20200217T141651_N0209_R010_T20LQN_20200217T160045_09_15.png,0.8526876180662889,0.9204871989766596,0.8871462774510933,0.956432032601065,0.8527488708496094,0.021853199985343963
YOLOv11n,val_S2A_MSIL2A_20200217T141651_N0209_R010_T20LQN_20200217T160045_09_21.png,0.95679172550666,0.9779188178638929,0.9622676273131711,0.9940875565072568,0.9568138122558594,0.02086709998548031
YOLOv11n,val_S2A_MSIL2A_20200217T141651_N0209_R010_T20LQN_20200217T160045_10_02.png,0.3351891716095461,0.5020849161103991,0.3366921919177384,0.9868569539594424,0.34497833251953125,0.024097999994410202
YOLOv11n,val_S2A_MSIL2A_20200217T141651_N0209_R010_T20LQN_20200217T160045_10_14.png,0.9194337390773457,0.9580260264876964,0.9264082246238903,0.9918782854249596,0.9194564819335938,0.02073660001042299
YOLOv11n,val_S2A_MSIL2A_20200217T141651_N0209_R010_T20LQN_20200217T160045_11_03.png,0.12171675935482877,0.21701870519405608,0.12205238319597742,0.9779070487035089,0.13006591796875,0.023793900007149205
YOLOv11n,val_S2A_MSIL2A_20200217T141651_N0209_R010_T20LQN_20200217T160045_13_07.png,0.446710612442918,0.617553515680101,0.44892660351659236,0.9890706655640713,0.4518394470214844,0.023237999994307756
YOLOv11n,val_S2A_MSIL2A_20200217T141651_N0209_R010_T20LQN_20200217T160045_13_16.png,0.7864273906823508,0.8804470808992286,0.7962487622080268,0.9845579126292843,0.7875785827636719,0.02199269999982789
YOLOv11n,val_S2A_MSIL2A_20200217T141651_N0209_R010_T20LQN_20200217T160045_14_04.png,0.13772448156481934,0.24210515603108748,0.13790544796855736,0.9905618476571175,0.14774703979492188,0.0241292999999132
YOLOv11n,val_S2A_MSIL2A_20200217T141651_N0209_R010_T20LQN_20200217T160045_15_19.png,0.9171847390937644,0.9568037136862556,0.926651809124279,0.9889838110993144,0.9172210693359375,0.01976179998018779
YOLOv11n,val_S2A_MSIL2A_20200217T141651_N0209_R010_T20LQN_20200217T160045_15_21.png,0.8843774345813665,0.9386415039276247,0.8907454419570736,0.9919810835817827,0.8845062255859375,0.018834999995306134
YOLOv11n,val_S2A_MSIL2A_20200217T141651_N0209_R010_T20LQN_20200217T160045_17_06.png,0.14636812806873187,0.2553597304128054,0.15013750089157638,0.8535865549247544,0.1570587158203125,0.025937300000805408
YOLOv11n,val_S2A_MSIL2A_20200217T141651_N0209_R010_T20LQN_20200217T160045_17_17.png,0.894536965931971,0.9443330819274096,0.9020048232873863,0.9908296093168122,0.8946990966796875,0.03840749998926185
YOLOv11n,val_S2A_MSIL2A_20200217T141651_N0209_R010_T20LQN_20200217T160045_20_04.png,0.3029325926373206,0.46500117404253744,0.3147936667294137,0.8893787006724735,0.33943939208984375,0.03498790002777241
YOLOv11n,val_S2A_MSIL2A_20200217T141651_N0209_R010_T20LQN_20200217T160045_20_18.png,0.0,0.0,0.0,0.0,0.10811614990234375,0.01793020000332035
YOLOv11n,val_S2A_MSIL2A_20200818T142741_N0214_R053_T20LMP_20200818T165705_01_01.png,0.24864761100339777,0.39826706720495403,0.24899749710687086,0.9943804698295716,0.2534599304199219,0.020828999986406416
YOLOv11n,val_S2A_MSIL2A_20200818T142741_N0214_R053_T20LMP_20200818T165705_01_06.png,0.5497066830259576,0.7094331966777097,0.5512814104166266,0.9948304814244279,0.5519981384277344,0.02026369998930022
YOLOv11n,val_S2A_MSIL2A_20200818T142741_N0214_R053_T20LMP_20200818T165705_01_11.png,0.41787749397146234,0.5894409012741872,0.4210104839645634,0.9825034983975083,0.4216880798339844,0.02045939999516122
YOLOv11n,val_S2A_MSIL2A_20200818T142741_N0214_R053_T20LMP_20200818T165705_03_05.png,0.20755776574566806,0.34376453306563093,0.2080767528362984,0.9881257490550382,0.21948623657226562,0.020536099997116253
YOLOv11n,val_S2A_MSIL2A_20200818T142741_N0214_R053_T20LMP_20200818T165705_03_08.png,0.1649759805529296,0.28322640690776724,0.16568239944199023,0.9748067759513007,0.17446517944335938,0.020692399994004518
YOLOv11n,val_S2A_MSIL2A_20200818T142741_N0214_R053_T20LMP_20200818T165705_03_12.png,0.13018475608820415,0.23037783050410213,0.1302162276241822,0.9981469498205777,0.13508224487304688,0.020765599998412654
YOLOv11n,val_S2A_MSIL2A_20200818T142741_N0214_R053_T20LMP_20200818T165705_03_16.png,0.18420593942821287,0.311104569391293,0.18501429710751036,0.9768306459895245,0.196563720703125,0.020784599997568876
YOLOv11n,val_S2A_MSIL2A_20200818T142741_N0214_R053_T20LMP_20200818T165705_03_21.png,0.22286678944137508,0.36449888306016415,0.2230113909034019,0.9970990610570404,0.227325439453125,0.02009659999748692
YOLOv11n,val_S2A_MSIL2A_20200818T142741_N0214_R053_T20LMP_20200818T165705_04_06.png,0.1675275614833089,0.2869783412572636,0.16787311789745293,0.9878619811792517,0.176177978515625,0.028288800007430837
YOLOv11n,val_S2A_MSIL2A_20200818T142741_N0214_R053_T20LMP_20200818T165705_04_09.png,0.3779090576712144,0.5485253987805457,0.3797549618674876,0.9873010446725721,0.3833885192871094,0.027241599978879094
YOLOv11n,val_S2A_MSIL2A_20200818T142741_N0214_R053_T20LMP_20200818T165705_04_10.png,0.4167191222982132,0.5882875663063093,0.41897296122008415,0.9872554939525352,0.423828125,0.026299400022253394
YOLOv11n,val_S2A_MSIL2A_20200818T142741_N0214_R053_T20LMP_20200818T165705_05_11.png,0.40219230739779316,0.573662122200894,0.40255758788115686,0.9977489457087496,0.4043769836425781,0.02346989998477511
YOLOv11n,val_S2A_MSIL2A_20200818T142741_N0214_R053_T20LMP_20200818T165705_05_19.png,0.241659533141144,0.3892524910267389,0.24344537425172857,0.9705388113774763,0.24639511108398438,0.02802749999682419
YOLOv11n,val_S2A_MSIL2A_20200818T142741_N0214_R053_T20LMP_20200818T165705_05_21.png,0.24067790104026718,0.3879780575417145,0.24156251444774923,0.9850124895920067,0.24541091918945312,0.024912299995776266
YOLOv11n,val_S2A_MSIL2A_20200818T142741_N0214_R053_T20LMP_20200818T165705_06_14.png,0.20689934033433843,0.3428609717808324,0.20779557312314112,0.9795795576786333,0.21436309814453125,0.02661870000883937
YOLOv11n,val_S2A_MSIL2A_20200818T142741_N0214_R053_T20LMP_20200818T165705_08_01.png,0.21656314382654115,0.35602450218139925,0.2166402978842404,0.9983581957807397,0.21958160400390625,0.029666700022062287
YOLOv11n,val_S2A_MSIL2A_20200818T142741_N0214_R053_T20LMP_20200818T165705_08_14.png,0.20044241500216983,0.333947572157066,0.20072146354032466,0.9931119779278851,0.2057952880859375,0.02758900000480935
YOLOv11n,val_S2A_MSIL2A_20200818T142741_N0214_R053_T20LMP_20200818T165705_08_16.png,0.38673187571921747,0.5577601301169227,0.39001868450269433,0.978673629851094,0.3901100158691406,0.02800250001018867
YOLOv11n,val_S2A_MSIL2A_20200818T142741_N0214_R053_T20LMP_20200818T165705_09_04.png,0.21646320031867283,0.3558894346527978,0.21829008463328856,0.9627763978391899,0.23464202880859375,0.027851899998495355
YOLOv11n,val_S2A_MSIL2A_20200818T142741_N0214_R053_T20LMP_20200818T165705_09_13.png,0.2978931309503119,0.45904107795407745,0.29887663090020655,0.9890742616791269,0.30654144287109375,0.026424000010592863
YOLOv11n,val_S2A_MSIL2A_20200818T142741_N0214_R053_T20LMP_20200818T165705_09_19.png,0.33022745747634163,0.49649773145238935,0.33111238413065797,0.9919718034070883,0.33367156982421875,0.02345220002462156
YOLOv11n,val_S2A_MSIL2A_20200818T142741_N0214_R053_T20LMP_20200818T165705_09_20.png,0.2558658186767974,0.407473178856611,0.25643970341138567,0.9913294797687862,0.2617645263671875,0.022418600012315437
YOLOv11n,val_S2A_MSIL2A_20200818T142741_N0214_R053_T20LMP_20200818T165705_10_08.png,0.13376552756105933,0.23596682790102796,0.13416237960778246,0.9783651133927564,0.1431732177734375,0.023297800013097003
YOLOv11n,val_S2A_MSIL2A_20200818T142741_N0214_R053_T20LMP_20200818T165705_10_15.png,0.30975607889944756,0.47299811604574066,0.3108095658515988,0.9891759819192475,0.3117256164550781,0.02282990000094287
YOLOv11n,val_S2A_MSIL2A_20200818T142741_N0214_R053_T20LMP_20200818T165705_11_11.png,0.2954465936922077,0.45613087429585614,0.29659836113030286,0.9870268326204513,0.30096435546875,0.023786400008248165
YOLOv11n,val_S2A_MSIL2A_20200818T142741_N0214_R053_T20LMP_20200818T165705_11_12.png,0.21744696556125392,0.35721796794821187,0.21788589699140953,0.9908207059647893,0.22350692749023438,0.021441200020490214
YOLOv11n,val_S2A_MSIL2A_20200818T142741_N0214_R053_T20LMP_20200818T165705_11_19.png,0.5545349775267949,0.7134416215054082,0.5593699139734946,0.9846522192890907,0.5576515197753906,0.024288499989779666
YOLOv11n,val_S2A_MSIL2A_20200818T142741_N0214_R053_T20LMP_20200818T165705_12_04.png,0.26308149608421444,0.4165708972854334,0.26372935000771963,0.9907489306169797,0.2699012756347656,0.025030899996636435
YOLOv11n,val_S2A_MSIL2A_20200818T142741_N0214_R053_T20LMP_20200818T165705_12_05.png,0.15166585130028468,0.26338516702400583,0.15196791736947132,0.987063778580024,0.15990829467773438,0.022869599983096123
YOLOv11n,val_S2A_MSIL2A_20200818T142741_N0214_R053_T20LMP_20200818T165705_12_10.png,0.37546569880773417,0.5459470187198288,0.3793983612862621,0.9731345663265306,0.3803520202636719,0.023058899998432025
YOLOv11n,val_S2A_MSIL2A_20200818T142741_N0214_R053_T20LMP_20200818T165705_13_04.png,0.1307605309782336,0.23127890901022377,0.13101287852419075,0.9854836363636363,0.14095687866210938,0.02140050000161864
YOLOv11n,val_S2A_MSIL2A_20200818T142741_N0214_R053_T20LMP_20200818T165705_13_06.png,0.2025316944213959,0.3368421728274614,0.20299233735741334,0.9889196675900277,0.2117462158203125,0.023273099999642
YOLOv11n,val_S2A_MSIL2A_20200818T142741_N0214_R053_T20LMP_20200818T165705_13_14.png,0.9622446449348618,0.9807590989418185,0.9909679142914389,0.9707584784248526,0.9622459411621094,0.023154800001066178
YOLOv11n,val_S2A_MSIL2A_20200818T142741_N0214_R053_T20LMP_20200818T165705_14_02.png,0.955014309107326,0.9769895848418547,0.9641403178085578,0.9901859668052426,0.9551467895507812,0.02323010002146475
YOLOv11n,val_S2A_MSIL2A_20200818T142741_N0214_R053_T20LMP_20200818T165705_14_03.png,0.9182163804138089,0.9573647580005816,0.9258149148389433,0.9911407701920737,0.9183502197265625,0.023480200004996732
YOLOv11n,val_S2A_MSIL2A_20200818T142741_N0214_R053_T20LMP_20200818T165705_14_05.png,0.37928764972134127,0.5499761413769914,0.38036660632471175,0.9925767007111057,0.3847999572753906,0.0224504999932833
YOLOv11n,val_S2A_MSIL2A_20200818T142741_N0214_R053_T20LMP_20200818T165705_14_06.png,0.38986449698243136,0.5610108004469151,0.39094827420477307,0.9929395910236128,0.3929786682128906,0.023596899991389364
YOLOv11n,val_S2A_MSIL2A_20200818T142741_N0214_R053_T20LMP_20200818T165705_14_18.png,0.08261926571818388,0.15262847860623693,0.08268573926296123,0.9903632320237212,0.09457015991210938,0.028175999992527068
YOLOv11n,val_S2A_MSIL2A_20200818T142741_N0214_R053_T20LMP_20200818T165705_15_04.png,0.8761331615350205,0.9339775869834134,0.8862135111303622,0.9871836295099623,0.8764152526855469,0.023498700000345707
YOLOv11n,val_S2A_MSIL2A_20200818T142741_N0214_R053_T20LMP_20200818T165705_15_11.png,0.9335068920894617,0.9656101003918937,0.9402112272634651,0.992419323420557,0.9335517883300781,0.027952700009336695
YOLOv11n,val_S2A_MSIL2A_20200818T142741_N0214_R053_T20LMP_20200818T165705_17_15.png,0.9731253222326185,0.9863796397195023,0.9867864611571528,0.9859731535833272,0.9731559753417969,0.025042599998414516
YOLOv11n,val_S2A_MSIL2A_20200818T142741_N0214_R053_T20LMP_20200818T165705_18_11.png,0.9862667134745711,0.9930858799413673,0.9943256136031392,0.9918492338510068,0.9862709045410156,0.024494499986758456
YOLOv11n,val_S2A_MSIL2A_20200818T142741_N0214_R053_T20LMP_20200818T165705_19_15.png,0.9729793654366296,0.9863046542519766,0.9844449590859966,0.988171388941624,0.9729804992675781,0.020516399992629886
YOLOv11n,val_S2A_MSIL2A_20200818T142741_N0214_R053_T20LMP_20200818T165705_19_18.png,0.983546708578753,0.991705115211007,0.9971110337626174,0.9863574978289064,0.9835472106933594,0.021714800008339807
YOLOv11n,val_S2A_MSIL2A_20200818T142741_N0214_R053_T20LMP_20200818T165705_19_19.png,0.985343821287699,0.9926178133202163,0.9950957919352167,0.9901521453296482,0.9853439331054688,0.02459929999895394
YOLOv11n,val_S2A_MSIL2A_20200818T142741_N0214_R053_T20LMP_20200818T165705_20_10.png,0.961971035724641,0.9806169593827295,0.9728532625470708,0.9885055668809786,0.96197509765625,0.0327046999882441
YOLOv11n,val_S2A_MSIL2A_20200818T142741_N0214_R053_T20LMP_20200818T165705_20_16.png,0.9455553053521062,0.9720158586609593,0.9562562481424441,0.988303626992612,0.9455833435058594,0.02419309999095276
YOLOv11n,val_S2A_MSIL2A_20200818T142741_N0214_R053_T20LMP_20200818T165705_21_21.png,0.1403196953084425,0.24610588747305243,0.14105990230923035,0.963951583064644,0.14756393432617188,0.019858600018778816
YOLOv11n,val_S2B_MSIL2A_20200202T141649_N0213_R010_T20LQN_20200202T164215_02_07.png,0.7665509352094816,0.8678503630223176,0.7857679808934654,0.969081971646,0.766845703125,0.020485099987126887
YOLOv11n,val_S2B_MSIL2A_20200202T141649_N0213_R010_T20LQN_20200202T164215_03_03.png,0.0,0.0,0.0,0.0,0.00066375732421875,0.018320399976801127
YOLOv11n,val_S2B_MSIL2A_20200202T141649_N0213_R010_T20LQN_20200202T164215_04_10.png,0.9900169372558594,0.9949834282526726,0.9999691756410504,0.9900471510971404,0.9900169372558594,0.01748280000174418
YOLOv11n,val_S2B_MSIL2A_20200202T141649_N0213_R010_T20LQN_20200202T164215_05_07.png,0.4998425075865248,0.666526658710117,0.5012847627522815,0.9942768943938016,0.5033035278320312,0.020767200010595843
YOLOv11n,val_S2B_MSIL2A_20200202T141649_N0213_R010_T20LQN_20200202T164215_10_02.png,0.4111179955853309,0.5826840801003312,0.41320940515251653,0.9878384665488044,0.4199104309082031,0.020137299987254664
YOLOv11n,val_S2B_MSIL2A_20200202T141649_N0213_R010_T20LQN_20200202T164215_10_03.png,0.5055815100914319,0.6716096162216134,0.5104453680785815,0.9815017136357513,0.5107040405273438,0.027193700021598488
YOLOv11n,val_S2B_MSIL2A_20200202T141649_N0213_R010_T20LQN_20200202T164215_11_04.png,0.4385222132003248,0.6096843123815667,0.44381442088704187,0.9735276697654057,0.4460487365722656,0.028311000001849607
YOLOv11n,val_S2B_MSIL2A_20200202T141649_N0213_R010_T20LQN_20200202T164215_12_07.png,0.5144234462625797,0.6793654014431918,0.5174205662360141,0.9888653430109353,0.5177650451660156,0.028340899996692315
YOLOv11n,val_S2B_MSIL2A_20200202T141649_N0213_R010_T20LQN_20200202T164215_12_14.png,0.9627005204756017,0.9809958375537803,0.9991960268677523,0.9634468141981556,0.9627113342285156,0.01794940000399947
YOLOv11s,train_S2A_MSIL2A_20200111T142701_N0213_R053_T20NQG_20200111T164651_01_07.png,0.0,0.0,0.0,0.0,0.3530769348144531,0.17585070000495762
YOLOv11s,train_S2A_MSIL2A_20200111T142701_N0213_R053_T20NQG_20200111T164651_01_13.png,0.0,0.0,0.0,0.0,0.3471565246582031,0.03750929998932406
YOLOv11s,train_S2A_MSIL2A_20200111T142701_N0213_R053_T20NQG_20200111T164651_02_03.png,0.0,0.0,0.0,0.0,0.4569206237792969,0.03779609999037348
YOLOv11s,train_S2A_MSIL2A_20200111T142701_N0213_R053_T20NQG_20200111T164651_02_04.png,0.0,0.0,0.0,0.0,0.5263519287109375,0.03713650000281632
YOLOv11s,train_S2A_MSIL2A_20200111T142701_N0213_R053_T20NQG_20200111T164651_02_07.png,0.0,0.0,0.0,0.0,0.7064704895019531,0.03850970001076348
YOLOv11s,train_S2A_MSIL2A_20200111T142701_N0213_R053_T20NQG_20200111T164651_02_10.png,0.0,0.0,0.0,0.0,0.20199203491210938,0.034590099996421486
YOLOv11s,train_S2A_MSIL2A_20200111T142701_N0213_R053_T20NQG_20200111T164651_02_11.png,0.0,0.0,0.0,0.0,0.24502944946289062,0.02464639997924678
YOLOv11s,train_S2A_MSIL2A_20200111T142701_N0213_R053_T20NQG_20200111T164651_03_05.png,0.0,0.0,0.0,0.0,0.4412269592285156,0.026895899994997308
YOLOv11s,train_S2A_MSIL2A_20200111T142701_N0213_R053_T20NQG_20200111T164651_03_06.png,0.0,0.0,0.0,0.0,0.4077720642089844,0.025156999996397644
YOLOv11s,train_S2A_MSIL2A_20200111T142701_N0213_R053_T20NQG_20200111T164651_03_11.png,0.0,0.0,0.0,0.0,0.1164703369140625,0.025342199980514124
YOLOv11s,train_S2A_MSIL2A_20200111T142701_N0213_R053_T20NQG_20200111T164651_04_07.png,0.11438650901337469,0.20529054881442726,0.12713993321124636,0.5327820010472906,0.1285552978515625,0.03239649999886751
YOLOv11s,train_S2A_MSIL2A_20200111T142701_N0213_R053_T20NQG_20200111T164651_04_08.png,0.08514532453513193,0.15692888797471904,0.10850800841957188,0.28338916202928305,0.14004135131835938,0.025804100005188957
YOLOv11s,train_S2A_MSIL2A_20200111T142701_N0213_R053_T20NQG_20200111T164651_04_09.png,0.0,0.0,0.0,0.0,0.43114471435546875,0.02519489999394864
YOLOv11s,train_S2A_MSIL2A_20200111T142701_N0213_R053_T20NQG_20200111T164651_04_10.png,0.0,0.0,0.0,0.0,0.141571044921875,0.026161299989325926
YOLOv11s,train_S2A_MSIL2A_20200111T142701_N0213_R053_T20NQG_20200111T164651_04_11.png,0.0,0.0,0.0,0.0,0.15567398071289062,0.03422669999417849
YOLOv11s,train_S2A_MSIL2A_20200111T142701_N0213_R053_T20NQG_20200111T164651_05_05.png,0.0,0.0,0.0,0.0,0.5177536010742188,0.0366582999995444
YOLOv11s,train_S2A_MSIL2A_20200111T142701_N0213_R053_T20NQG_20200111T164651_05_06.png,0.0,0.0,0.0,0.0,0.5273399353027344,0.03408159999526106
YOLOv11s,train_S2A_MSIL2A_20200111T142701_N0213_R053_T20NQG_20200111T164651_05_07.png,0.0,0.0,0.0,0.0,0.6261749267578125,0.025166100007481873
YOLOv11s,train_S2A_MSIL2A_20200111T142701_N0213_R053_T20NQG_20200111T164651_05_11.png,0.0,0.0,0.0,0.0,0.039005279541015625,0.02385810000123456
YOLOv11s,train_S2A_MSIL2A_20200111T142701_N0213_R053_T20NQG_20200111T164651_06_01.png,0.0,0.0,0.0,0.0,0.0686187744140625,0.02425539999967441
YOLOv11s,train_S2A_MSIL2A_20200111T142701_N0213_R053_T20NQG_20200111T164651_06_06.png,0.0,0.0,0.0,0.0,0.215728759765625,0.02340919998823665
YOLOv11s,train_S2A_MSIL2A_20200111T142701_N0213_R053_T20NQG_20200111T164651_06_07.png,0.0,0.0,0.0,0.0,0.3458747863769531,0.023369800008367747
YOLOv11s,train_S2A_MSIL2A_20200111T142701_N0213_R053_T20NQG_20200111T164651_06_09.png,0.0,0.0,0.0,0.0,0.43194580078125,0.022355500026606023
YOLOv11s,train_S2A_MSIL2A_20200111T142701_N0213_R053_T20NQG_20200111T164651_06_10.png,0.0,0.0,0.0,0.0,0.056148529052734375,0.022039500006940216
YOLOv11s,train_S2A_MSIL2A_20200111T142701_N0213_R053_T20NQG_20200111T164651_06_13.png,0.0,0.0,0.0,0.0,0.3239173889160156,0.022213000018382445
YOLOv11s,train_S2A_MSIL2A_20200111T142701_N0213_R053_T20NQG_20200111T164651_06_14.png,0.0,0.0,0.0,0.0,0.47252655029296875,0.03232269998989068
YOLOv11s,train_S2A_MSIL2A_20200111T142701_N0213_R053_T20NQG_20200111T164651_07_01.png,0.0,0.0,0.0,0.0,0.2826194763183594,0.021907700021984056
YOLOv11s,train_S2A_MSIL2A_20200111T142701_N0213_R053_T20NQG_20200111T164651_07_02.png,0.0,0.0,0.0,0.0,0.18778610229492188,0.021193499997025356
YOLOv11s,train_S2A_MSIL2A_20200111T142701_N0213_R053_T20NQG_20200111T164651_07_03.png,0.7268660717705182,0.8418325933351372,0.9638417160965305,0.7472420174022599,0.7279434204101562,0.0213958999956958
YOLOv11s,train_S2A_MSIL2A_20200111T142701_N0213_R053_T20NQG_20200111T164651_07_04.png,0.0,0.0,0.0,0.0,0.17401504516601562,0.021845399984158576
YOLOv11s,train_S2A_MSIL2A_20200111T142701_N0213_R053_T20NQG_20200111T164651_07_05.png,0.0,0.0,0.0,0.0,0.3530120849609375,0.02104940000572242
YOLOv11s,train_S2A_MSIL2A_20200111T142701_N0213_R053_T20NQG_20200111T164651_07_06.png,0.0,0.0,0.0,0.0,0.30918121337890625,0.02159580000443384
YOLOv11s,train_S2A_MSIL2A_20200111T142701_N0213_R053_T20NQG_20200111T164651_07_09.png,0.0,0.0,0.0,0.0,0.15800094604492188,0.02241840001079254
YOLOv11s,train_S2A_MSIL2A_20200111T142701_N0213_R053_T20NQG_20200111T164651_07_11.png,0.0,0.0,0.0,0.0,0.24077987670898438,0.021866399998543784
YOLOv11s,train_S2A_MSIL2A_20200111T142701_N0213_R053_T20NQG_20200111T164651_07_12.png,0.5310579157867416,0.693713686871022,0.6601308148061242,0.7308966323515085,0.5451202392578125,0.022907800012035295
YOLOv11s,train_S2A_MSIL2A_20200111T142701_N0213_R053_T20NQG_20200111T164651_07_13.png,0.0,0.0,0.0,0.0,0.1963348388671875,0.02197200001683086
YOLOv11s,train_S2A_MSIL2A_20200111T142701_N0213_R053_T20NQG_20200111T164651_07_14.png,0.0,0.0,0.0,0.0,0.3779945373535156,0.02167459999327548
YOLOv11s,train_S2A_MSIL2A_20200111T142701_N0213_R053_T20NQG_20200111T164651_07_15.png,0.0,0.0,0.0,0.0,0.5633964538574219,0.0213274999987334
YOLOv11s,train_S2A_MSIL2A_20200111T142701_N0213_R053_T20NQG_20200111T164651_08_01.png,0.0,0.0,0.0,0.0,0.0770263671875,0.022049699997296557
YOLOv11s,train_S2A_MSIL2A_20200111T142701_N0213_R053_T20NQG_20200111T164651_08_09.png,0.0,0.0,0.0,0.0,0.4984779357910156,0.02158530001179315
YOLOv11s,train_S2A_MSIL2A_20200111T142701_N0213_R053_T20NQG_20200111T164651_08_10.png,0.0,0.0,0.0,0.0,0.5098724365234375,0.021601200016448274
YOLOv11s,train_S2A_MSIL2A_20200111T142701_N0213_R053_T20NQG_20200111T164651_08_14.png,0.0,0.0,0.0,0.0,0.2684593200683594,0.021650299982866272
YOLOv11s,train_S2A_MSIL2A_20200111T142701_N0213_R053_T20NQG_20200111T164651_09_01.png,0.0,0.0,0.0,0.0,0.22026443481445312,0.022054400003980845
YOLOv11s,train_S2A_MSIL2A_20200111T142701_N0213_R053_T20NQG_20200111T164651_09_02.png,0.0,0.0,0.0,0.0,0.36429595947265625,0.02189500001259148
YOLOv11s,train_S2A_MSIL2A_20200111T142701_N0213_R053_T20NQG_20200111T164651_09_03.png,0.0,0.0,0.0,0.0,0.9452667236328125,0.021569600008660927
YOLOv11s,train_S2A_MSIL2A_20200111T142701_N0213_R053_T20NQG_20200111T164651_09_07.png,0.17905155570086329,0.3037213340419702,0.18880461638224696,0.7760944749051033,0.19539260864257812,0.02239749999716878
YOLOv11s,train_S2A_MSIL2A_20200111T142701_N0213_R053_T20NQG_20200111T164651_09_08.png,0.4741309635679509,0.643268441252161,0.5139743025424972,0.8594762078344502,0.4812583923339844,0.02338559998315759
YOLOv11s,train_S2A_MSIL2A_20200111T142701_N0213_R053_T20NQG_20200111T164651_09_09.png,0.0,0.0,0.0,0.0,0.16601943969726562,0.021584400004940107
YOLOv11s,train_S2A_MSIL2A_20200111T142701_N0213_R053_T20NQG_20200111T164651_09_10.png,0.0,0.0,0.0,0.0,0.04801177978515625,0.02245659998152405
YOLOv11s,train_S2A_MSIL2A_20200111T142701_N0213_R053_T20NQG_20200111T164651_09_12.png,0.30282202825942306,0.4648709059118303,0.3926950836979362,0.5695524146054182,0.32051849365234375,0.022528900008182973
YOLOv11s,train_S2A_MSIL2A_20200111T142701_N0213_R053_T20NQG_20200111T164651_09_13.png,0.2736614156511401,0.4297239631950927,0.3018144199986377,0.7457921312855039,0.28220367431640625,0.022562400001334026
YOLOv11s,train_S2A_MSIL2A_20200111T142701_N0213_R053_T20NQG_20200111T164651_09_15.png,0.0,0.0,0.0,0.0,0.4093513488769531,0.02411899997969158
YOLOv11s,train_S2A_MSIL2A_20200111T142701_N0213_R053_T20NQG_20200111T164651_09_16.png,0.0,0.0,0.0,0.0,0.6817550659179688,0.02898890001233667
YOLOv11s,train_S2A_MSIL2A_20200111T142701_N0213_R053_T20NQG_20200111T164651_10_01.png,0.0,0.0,0.0,0.0,0.102935791015625,0.02837839999119751
YOLOv11s,train_S2A_MSIL2A_20200111T142701_N0213_R053_T20NQG_20200111T164651_10_02.png,0.0,0.0,0.0,0.0,0.7704010009765625,0.022471200005384162
YOLOv11s,train_S2A_MSIL2A_20200111T142701_N0213_R053_T20NQG_20200111T164651_10_03.png,0.0,0.0,0.0,0.0,0.9815711975097656,0.0329009999986738
YOLOv11s,train_S2A_MSIL2A_20200111T142701_N0213_R053_T20NQG_20200111T164651_10_04.png,0.0,0.0,0.0,0.0,0.9831466674804688,0.02757829998154193
YOLOv11s,train_S2A_MSIL2A_20200111T142701_N0213_R053_T20NQG_20200111T164651_10_09.png,0.0,0.0,0.0,0.0,0.32759857177734375,0.033680399996228516
YOLOv11s,train_S2A_MSIL2A_20200111T142701_N0213_R053_T20NQG_20200111T164651_10_11.png,0.0,0.0,0.0,0.0,0.103546142578125,0.0240361999894958
YOLOv11s,train_S2A_MSIL2A_20200111T142701_N0213_R053_T20NQG_20200111T164651_10_12.png,0.0,0.0,0.0,0.0,0.14123916625976562,0.0351290000253357
YOLOv11s,train_S2A_MSIL2A_20200111T142701_N0213_R053_T20NQG_20200111T164651_10_17.png,0.38397428547706686,0.5548864447936009,0.487748409226736,0.6434576931486156,0.4056243896484375,0.040121099998941645
YOLOv11s,train_S2A_MSIL2A_20200111T142701_N0213_R053_T20NQG_20200111T164651_11_02.png,0.0,0.0,0.0,0.0,0.5790252685546875,0.022805299988249317
YOLOv11s,train_S2A_MSIL2A_20200111T142701_N0213_R053_T20NQG_20200111T164651_11_03.png,0.0,0.0,0.0,0.0,0.9728775024414062,0.02213200001278892
YOLOv11s,train_S2A_MSIL2A_20200111T142701_N0213_R053_T20NQG_20200111T164651_11_05.png,0.0,0.0,0.0,0.0,0.9405403137207031,0.033186999993631616
YOLOv11s,train_S2A_MSIL2A_20200111T142701_N0213_R053_T20NQG_20200111T164651_11_07.png,0.0,0.0,0.0,0.0,0.27191162109375,0.031202999991364777
YOLOv11s,train_S2A_MSIL2A_20200111T142701_N0213_R053_T20NQG_20200111T164651_11_10.png,0.0,0.0,0.0,0.0,0.46007537841796875,0.031295199994929135
YOLOv11s,train_S2A_MSIL2A_20200111T142701_N0213_R053_T20NQG_20200111T164651_11_11.png,0.0,0.0,0.0,0.0,0.19601058959960938,0.03913249998004176
YOLOv11s,train_S2A_MSIL2A_20200111T142701_N0213_R053_T20NQG_20200111T164651_11_14.png,0.28090359454888314,0.4386022425798775,0.3000490065785102,0.8148954409077579,0.2944793701171875,0.03189859999110922
YOLOv11s,train_S2A_MSIL2A_20200111T142701_N0213_R053_T20NQG_20200111T164651_11_17.png,0.0,0.0,0.0,0.0,0.25260162353515625,0.034699999989243224
YOLOv11s,train_S2A_MSIL2A_20200111T142701_N0213_R053_T20NQG_20200111T164651_11_18.png,0.0,0.0,0.0,0.0,0.07268142700195312,0.045643199991900474
YOLOv11s,train_S2A_MSIL2A_20200111T142701_N0213_R053_T20NQG_20200111T164651_12_01.png,0.0,0.0,0.0,0.0,0.13274765014648438,0.02867800000240095
YOLOv11s,train_S2A_MSIL2A_20200111T142701_N0213_R053_T20NQG_20200111T164651_12_02.png,0.0,0.0,0.0,0.0,0.83721923828125,0.037293999979738146
YOLOv11s,train_S2A_MSIL2A_20200111T142701_N0213_R053_T20NQG_20200111T164651_12_05.png,0.0,0.0,0.0,0.0,0.9055404663085938,0.034774200001265854
YOLOv11s,train_S2A_MSIL2A_20200111T142701_N0213_R053_T20NQG_20200111T164651_12_07.png,0.21461593860593342,0.35338897141800607,0.26759747407450324,0.5201478951220886,0.22623443603515625,0.026017800002591684
YOLOv11s,train_S2A_MSIL2A_20200111T142701_N0213_R053_T20NQG_20200111T164651_12_11.png,0.0,0.0,0.0,0.0,0.4411125183105469,0.03663730001426302
YOLOv11s,train_S2A_MSIL2A_20200111T142701_N0213_R053_T20NQG_20200111T164651_12_14.png,0.0,0.0,0.0,0.0,0.19156646728515625,0.04648240000824444
YOLOv11s,train_S2A_MSIL2A_20200111T142701_N0213_R053_T20NQG_20200111T164651_12_15.png,0.18527722791682183,0.31263104285307985,0.31462671068747006,0.31066053236937236,0.207122802734375,0.03352260001702234
YOLOv11s,train_S2A_MSIL2A_20200111T142701_N0213_R053_T20NQG_20200111T164651_13_02.png,0.0,0.0,0.0,0.0,0.8151397705078125,0.033473299990873784
YOLOv11s,train_S2A_MSIL2A_20200111T142701_N0213_R053_T20NQG_20200111T164651_13_05.png,0.0,0.0,0.0,0.0,0.922576904296875,0.026362700009485707
YOLOv11s,train_S2A_MSIL2A_20200111T142701_N0213_R053_T20NQG_20200111T164651_13_06.png,0.0,0.0,0.0,0.0,0.5809822082519531,0.024355200002901256
YOLOv11s,train_S2A_MSIL2A_20200111T142701_N0213_R053_T20NQG_20200111T164651_13_07.png,0.3592824086593064,0.52863541287741,0.4042789953663053,0.7634832290794464,0.3672943115234375,0.025246100005460903
YOLOv11s,train_S2A_MSIL2A_20200111T142701_N0213_R053_T20NQG_20200111T164651_13_08.png,0.0,0.0,0.0,0.0,0.6240081787109375,0.0234772999829147
YOLOv11s,train_S2A_MSIL2A_20200111T142701_N0213_R053_T20NQG_20200111T164651_13_10.png,0.0,0.0,0.0,0.0,0.8109512329101562,0.025209099985659122
YOLOv11s,train_S2A_MSIL2A_20200111T142701_N0213_R053_T20NQG_20200111T164651_13_13.png,0.0,0.0,0.0,0.0,0.3660850524902344,0.023580700013553724
YOLOv11s,train_S2A_MSIL2A_20200111T142701_N0213_R053_T20NQG_20200111T164651_13_14.png,0.21681783589855094,0.35636860259932546,0.3923402282052723,0.3264391065175581,0.23054885864257812,0.027603099995758384
YOLOv11s,train_S2A_MSIL2A_20200111T142701_N0213_R053_T20NQG_20200111T164651_13_16.png,0.0,0.0,0.0,0.0,0.24831390380859375,0.02638280001701787
YOLOv11s,train_S2A_MSIL2A_20200111T142701_N0213_R053_T20NQG_20200111T164651_14_01.png,0.0,0.0,0.0,0.0,0.3625946044921875,0.026755099999718368
YOLOv11s,train_S2A_MSIL2A_20200111T142701_N0213_R053_T20NQG_20200111T164651_14_08.png,0.0,0.0,0.0,0.0,0.9360275268554688,0.0273250000027474
YOLOv11s,train_S2A_MSIL2A_20200111T142701_N0213_R053_T20NQG_20200111T164651_14_11.png,0.0,0.0,0.0,0.0,0.7055015563964844,0.025862100010272115
YOLOv11s,train_S2A_MSIL2A_20200111T142701_N0213_R053_T20NQG_20200111T164651_15_02.png,0.0,0.0,0.0,0.0,0.7300567626953125,0.028819700004532933
YOLOv11s,train_S2A_MSIL2A_20200111T142701_N0213_R053_T20NQG_20200111T164651_15_03.png,0.0,0.0,0.0,0.0,0.9664230346679688,0.025384000007761642
YOLOv11s,train_S2A_MSIL2A_20200111T142701_N0213_R053_T20NQG_20200111T164651_15_13.png,0.0,0.0,0.0,0.0,0.20359420776367188,0.03741069999523461
YOLOv11s,train_S2A_MSIL2A_20200111T142701_N0213_R053_T20NQG_20200111T164651_17_01.png,0.0,0.0,0.0,0.0,0.3895759582519531,0.025305100018158555
YOLOv11s,train_S2A_MSIL2A_20200115T140641_N0213_R110_T21LUH_20200115T163049_01_09.png,0.0,0.0,0.0,0.0,0.778228759765625,0.027277099987259135
YOLOv11s,train_S2A_MSIL2A_20200115T140641_N0213_R110_T21LUH_20200115T163049_02_09.png,0.0,0.0,0.0,0.0,0.9186058044433594,0.0307312999793794
YOLOv11s,train_S2A_MSIL2A_20200115T140641_N0213_R110_T21LUH_20200115T163049_03_03.png,0.11444702965052635,0.20538801146325492,0.11603456094708452,0.8932202351788339,0.1390228271484375,0.03847910001059063
YOLOv11s,train_S2A_MSIL2A_20200115T140641_N0213_R110_T21LUH_20200115T163049_03_05.png,0.0,0.0,0.0,0.0,0.5654335021972656,0.027533900021808222
YOLOv11s,train_S2A_MSIL2A_20200115T140641_N0213_R110_T21LUH_20200115T163049_03_08.png,0.0,0.0,0.0,0.0,0.7925148010253906,0.03707610000856221
YOLOv11s,train_S2A_MSIL2A_20200115T140641_N0213_R110_T21LUH_20200115T163049_03_09.png,0.0,0.0,0.0,0.0,0.8455810546875,0.02941269997972995
YOLOv11s,train_S2A_MSIL2A_20200115T140641_N0213_R110_T21LUH_20200115T163049_04_02.png,0.0,0.0,0.0,0.0,0.7999000549316406,0.022743799985619262
YOLOv11s,train_S2A_MSIL2A_20200115T140641_N0213_R110_T21LUH_20200115T163049_04_06.png,0.0,0.0,0.0,0.0,0.44110870361328125,0.022642999974777922
YOLOv11s,train_S2A_MSIL2A_20200115T140641_N0213_R110_T21LUH_20200115T163049_04_07.png,0.0,0.0,0.0,0.0,0.7932281494140625,0.0238629000086803
YOLOv11s,train_S2A_MSIL2A_20200115T140641_N0213_R110_T21LUH_20200115T163049_04_08.png,0.0,0.0,0.0,0.0,0.4847869873046875,0.026856299984501675
YOLOv11s,train_S2A_MSIL2A_20200115T140641_N0213_R110_T21LUH_20200115T163049_04_09.png,0.0,0.0,0.0,0.0,0.42235565185546875,0.02208950000931509
YOLOv11s,train_S2A_MSIL2A_20200115T140641_N0213_R110_T21LUH_20200115T163049_04_11.png,0.0,0.0,0.0,0.0,0.011505126953125,0.02426740000373684
YOLOv11s,train_S2A_MSIL2A_20200115T140641_N0213_R110_T21LUH_20200115T163049_04_12.png,0.0,0.0,0.0,0.0,0.10044097900390625,0.024166000017430633
YOLOv11s,train_S2A_MSIL2A_20200115T140641_N0213_R110_T21LUH_20200115T163049_04_13.png,0.0,0.0,0.0,0.0,0.6615219116210938,0.023290200013434514
YOLOv11s,train_S2A_MSIL2A_20200115T140641_N0213_R110_T21LUH_20200115T163049_04_14.png,0.0,0.0,0.0,0.0,0.7066192626953125,0.02157199999783188
YOLOv11s,train_S2A_MSIL2A_20200115T140641_N0213_R110_T21LUH_20200115T163049_04_15.png,0.0,0.0,0.0,0.0,0.5383720397949219,0.021971799986204132
YOLOv11s,train_S2A_MSIL2A_20200115T140641_N0213_R110_T21LUH_20200115T163049_05_02.png,0.0,0.0,0.0,0.0,0.752685546875,0.02472230000421405
YOLOv11s,train_S2A_MSIL2A_20200115T140641_N0213_R110_T21LUH_20200115T163049_05_03.png,0.0,0.0,0.0,0.0,0.8507347106933594,0.023554899991722777
YOLOv11s,train_S2A_MSIL2A_20200115T140641_N0213_R110_T21LUH_20200115T163049_05_06.png,0.0,0.0,0.0,0.0,0.8393707275390625,0.023839500005124137
YOLOv11s,train_S2A_MSIL2A_20200115T140641_N0213_R110_T21LUH_20200115T163049_05_08.png,0.0,0.0,0.0,0.0,0.36643218994140625,0.02714299998478964
YOLOv11s,train_S2A_MSIL2A_20200115T140641_N0213_R110_T21LUH_20200115T163049_05_09.png,0.0,0.0,0.0,0.0,0.5567665100097656,0.023500600014813244
YOLOv11s,train_S2A_MSIL2A_20200115T140641_N0213_R110_T21LUH_20200115T163049_05_10.png,0.0,0.0,0.0,0.0,0.39870452880859375,0.02331150000100024
YOLOv11s,train_S2A_MSIL2A_20200115T140641_N0213_R110_T21LUH_20200115T163049_06_06.png,0.0,0.0,0.0,0.0,0.85540771484375,0.0247444000269752
YOLOv11s,train_S2A_MSIL2A_20200115T140641_N0213_R110_T21LUH_20200115T163049_06_09.png,0.19761651744453537,0.3300163525904067,0.21586042188313045,0.7004358241694808,0.24823379516601562,0.026038699987111613
YOLOv11s,train_S2A_MSIL2A_20200115T140641_N0213_R110_T21LUH_20200115T163049_07_04.png,0.0,0.0,0.0,0.0,0.9059982299804688,0.026044199999887496
YOLOv11s,train_S2A_MSIL2A_20200115T140641_N0213_R110_T21LUH_20200115T163049_07_06.png,0.0,0.0,0.0,0.0,0.8539352416992188,0.023103799991076812
YOLOv11s,train_S2A_MSIL2A_20200115T140641_N0213_R110_T21LUH_20200115T163049_07_13.png,0.18500636153068215,0.3122453474286973,0.20459905926283367,0.6589301535199198,0.23760986328125,0.028450099984183908
YOLOv11s,train_S2A_MSIL2A_20200115T140641_N0213_R110_T21LUH_20200115T163049_08_03.png,0.0,0.0,0.0,0.0,0.8485450744628906,0.03218479998758994
YOLOv11s,train_S2A_MSIL2A_20200115T140641_N0213_R110_T21LUH_20200115T163049_08_04.png,0.0,0.0,0.0,0.0,0.8818855285644531,0.027052999997977167
YOLOv11s,train_S2A_MSIL2A_20200115T140641_N0213_R110_T21LUH_20200115T163049_08_05.png,0.0,0.0,0.0,0.0,0.7808609008789062,0.024285699997562915
YOLOv11s,train_S2A_MSIL2A_20200115T140641_N0213_R110_T21LUH_20200115T163049_08_06.png,0.08108318706015519,0.15000360384967015,0.08378039375217174,0.7157959523550922,0.14525985717773438,0.033130900003015995
YOLOv11s,train_S2A_MSIL2A_20200115T140641_N0213_R110_T21LUH_20200115T163049_09_06.png,0.0,0.0,0.0,0.0,0.8294334411621094,0.04294250000384636
YOLOv11s,train_S2A_MSIL2A_20200115T140641_N0213_R110_T21LUH_20200115T163049_16_11.png,0.0,0.0,0.0,0.0,0.6166152954101562,0.030866600020090118
YOLOv11s,train_S2A_MSIL2A_20200217T141651_N0209_R010_T20LQN_20200217T160045_02_11.png,0.0,0.0,0.0,0.0,0.08388519287109375,0.02253690001089126
YOLOv11s,train_S2A_MSIL2A_20200217T141651_N0209_R010_T20LQN_20200217T160045_02_15.png,0.43843128779663243,0.6095964284372803,0.5793956394236899,0.6431187622773101,0.444915771484375,0.03130520001286641
YOLOv11s,train_S2A_MSIL2A_20200217T141651_N0209_R010_T20LQN_20200217T160045_02_16.png,0.0,0.0,0.0,0.0,0.22451400756835938,0.020737400016514584
YOLOv11s,train_S2A_MSIL2A_20200217T141651_N0209_R010_T20LQN_20200217T160045_02_17.png,0.0,0.0,0.0,0.0,0.23914337158203125,0.021666100015863776
YOLOv11s,train_S2A_MSIL2A_20200217T141651_N0209_R010_T20LQN_20200217T160045_02_21.png,0.0,0.0,0.0,0.0,0.18035125732421875,0.021648800000548363
YOLOv11s,train_S2A_MSIL2A_20200217T141651_N0209_R010_T20LQN_20200217T160045_03_02.png,0.0,0.0,0.0,0.0,0.046100616455078125,0.022305899998173118
YOLOv11s,train_S2A_MSIL2A_20200217T141651_N0209_R010_T20LQN_20200217T160045_03_13.png,0.0,0.0,0.0,0.0,0.14628219604492188,0.023240799986524507
YOLOv11s,train_S2A_MSIL2A_20200217T141651_N0209_R010_T20LQN_20200217T160045_03_14.png,0.0,0.0,0.0,0.0,0.21979522705078125,0.021999999997206032
YOLOv11s,train_S2A_MSIL2A_20200217T141651_N0209_R010_T20LQN_20200217T160045_03_15.png,0.0,0.0,0.0,0.0,0.1883392333984375,0.02185829999507405
YOLOv11s,train_S2A_MSIL2A_20200217T141651_N0209_R010_T20LQN_20200217T160045_03_17.png,0.0,0.0,0.0,0.0,0.2412872314453125,0.02211289998376742
YOLOv11s,train_S2A_MSIL2A_20200217T141651_N0209_R010_T20LQN_20200217T160045_03_19.png,0.0,0.0,0.0,0.0,0.11525726318359375,0.02427759999409318
YOLOv11s,train_S2A_MSIL2A_20200217T141651_N0209_R010_T20LQN_20200217T160045_03_21.png,0.0,0.0,0.0,0.0,0.16643142700195312,0.02274249997572042
YOLOv11s,train_S2A_MSIL2A_20200217T141651_N0209_R010_T20LQN_20200217T160045_04_15.png,0.0,0.0,0.0,0.0,0.2323150634765625,0.026412000006530434
YOLOv11s,train_S2A_MSIL2A_20200217T141651_N0209_R010_T20LQN_20200217T160045_04_16.png,0.0,0.0,0.0,0.0,0.12780380249023438,0.021920800005318597
YOLOv11s,train_S2A_MSIL2A_20200217T141651_N0209_R010_T20LQN_20200217T160045_04_17.png,0.0,0.0,0.0,0.0,0.30376434326171875,0.02216619998216629
YOLOv11s,train_S2A_MSIL2A_20200217T141651_N0209_R010_T20LQN_20200217T160045_04_21.png,0.0,0.0,0.0,0.0,0.165802001953125,0.022392600018065423
YOLOv11s,train_S2A_MSIL2A_20200217T141651_N0209_R010_T20LQN_20200217T160045_05_01.png,0.0,0.0,0.0,0.0,0.023708343505859375,0.01946239999961108
YOLOv11s,train_S2A_MSIL2A_20200217T141651_N0209_R010_T20LQN_20200217T160045_05_16.png,0.0,0.0,0.0,0.0,0.10461044311523438,0.021310199983417988
YOLOv11s,train_S2A_MSIL2A_20200217T141651_N0209_R010_T20LQN_20200217T160045_05_17.png,0.0,0.0,0.0,0.0,0.21310806274414062,0.022831899987068027
YOLOv11s,train_S2A_MSIL2A_20200217T141651_N0209_R010_T20LQN_20200217T160045_05_18.png,0.0,0.0,0.0,0.0,0.2457122802734375,0.030322899983730167
YOLOv11s,train_S2A_MSIL2A_20200217T141651_N0209_R010_T20LQN_20200217T160045_05_20.png,0.0,0.0,0.0,0.0,0.13541793823242188,0.021897800004808232
YOLOv11s,train_S2A_MSIL2A_20200217T141651_N0209_R010_T20LQN_20200217T160045_05_21.png,0.0,0.0,0.0,0.0,0.08465957641601562,0.019163399992976338
YOLOv11s,train_S2A_MSIL2A_20200217T141651_N0209_R010_T20LQN_20200217T160045_06_01.png,0.0,0.0,0.0,0.0,0.013675689697265625,0.01871129998471588
YOLOv11s,train_S2A_MSIL2A_20200217T141651_N0209_R010_T20LQN_20200217T160045_06_13.png,0.0,0.0,0.0,0.0,0.149871826171875,0.02074700000230223
YOLOv11s,train_S2A_MSIL2A_20200217T141651_N0209_R010_T20LQN_20200217T160045_06_14.png,0.0,0.0,0.0,0.0,0.17390823364257812,0.023862200003350154
YOLOv11s,train_S2A_MSIL2A_20200217T141651_N0209_R010_T20LQN_20200217T160045_06_16.png,0.0,0.0,0.0,0.0,0.1207733154296875,0.023900300002424046
YOLOv11s,train_S2A_MSIL2A_20200217T141651_N0209_R010_T20LQN_20200217T160045_06_17.png,0.0,0.0,0.0,0.0,0.15506362915039062,0.022481600026367232
YOLOv11s,train_S2A_MSIL2A_20200217T141651_N0209_R010_T20LQN_20200217T160045_06_18.png,0.0,0.0,0.0,0.0,0.2757377624511719,0.028931000008014962
YOLOv11s,train_S2A_MSIL2A_20200217T141651_N0209_R010_T20LQN_20200217T160045_06_19.png,0.0,0.0,0.0,0.0,0.18827438354492188,0.03130080000846647
YOLOv11s,train_S2A_MSIL2A_20200217T141651_N0209_R010_T20LQN_20200217T160045_06_20.png,0.0,0.0,0.0,0.0,0.07634353637695312,0.023073800024576485
YOLOv11s,train_S2A_MSIL2A_20200217T141651_N0209_R010_T20LQN_20200217T160045_07_01.png,0.0,0.0,0.0,0.0,0.019489288330078125,0.01819880001130514
YOLOv11s,train_S2A_MSIL2A_20200217T141651_N0209_R010_T20LQN_20200217T160045_07_03.png,0.0,0.0,0.0,0.0,0.6674003601074219,0.022598499985178933
YOLOv11s,train_S2A_MSIL2A_20200217T141651_N0209_R010_T20LQN_20200217T160045_07_04.png,0.0,0.0,0.0,0.0,0.5941619873046875,0.021617099991999567
YOLOv11s,train_S2A_MSIL2A_20200217T141651_N0209_R010_T20LQN_20200217T160045_07_09.png,0.0,0.0,0.0,0.0,0.5820693969726562,0.02197219998924993
YOLOv11s,train_S2A_MSIL2A_20200217T141651_N0209_R010_T20LQN_20200217T160045_07_16.png,0.0,0.0,0.0,0.0,0.15284347534179688,0.021509099984541535
YOLOv11s,train_S2A_MSIL2A_20200217T141651_N0209_R010_T20LQN_20200217T160045_07_18.png,0.0,0.0,0.0,0.0,0.11272430419921875,0.021303000015905127
YOLOv11s,train_S2A_MSIL2A_20200217T141651_N0209_R010_T20LQN_20200217T160045_07_19.png,0.0,0.0,0.0,0.0,0.0860748291015625,0.020716200000606477
YOLOv11s,train_S2A_MSIL2A_20200217T141651_N0209_R010_T20LQN_20200217T160045_07_20.png,0.0,0.0,0.0,0.0,0.07149124145507812,0.02156910000485368
YOLOv11s,train_S2A_MSIL2A_20200217T141651_N0209_R010_T20LQN_20200217T160045_07_21.png,0.0,0.0,0.0,0.0,0.00902557373046875,0.020082100003492087
YOLOv11s,train_S2A_MSIL2A_20200217T141651_N0209_R010_T20LQN_20200217T160045_08_01.png,0.0,0.0,0.0,0.0,0.05231475830078125,0.020921400020597503
YOLOv11s,train_S2A_MSIL2A_20200217T141651_N0209_R010_T20LQN_20200217T160045_08_05.png,0.0,0.0,0.0,0.0,0.6326637268066406,0.022146700008306652
YOLOv11s,train_S2A_MSIL2A_20200217T141651_N0209_R010_T20LQN_20200217T160045_08_15.png,0.0,0.0,0.0,0.0,0.11957931518554688,0.020494199998211116
YOLOv11s,train_S2A_MSIL2A_20200217T141651_N0209_R010_T20LQN_20200217T160045_08_16.png,0.0,0.0,0.0,0.0,0.14166641235351562,0.02090099998167716
YOLOv11s,train_S2A_MSIL2A_20200217T141651_N0209_R010_T20LQN_20200217T160045_08_17.png,0.0,0.0,0.0,0.0,0.08797454833984375,0.020377300010295585
YOLOv11s,train_S2A_MSIL2A_20200217T141651_N0209_R010_T20LQN_20200217T160045_08_19.png,0.0,0.0,0.0,0.0,0.06853485107421875,0.019802499999059364
YOLOv11s,train_S2A_MSIL2A_20200217T141651_N0209_R010_T20LQN_20200217T160045_08_20.png,0.0,0.0,0.0,0.0,0.11135101318359375,0.02020750002702698
YOLOv11s,train_S2A_MSIL2A_20200217T141651_N0209_R010_T20LQN_20200217T160045_08_21.png,0.0,0.0,0.0,0.0,0.06832122802734375,0.021347800007788464
YOLOv11s,train_S2A_MSIL2A_20200217T141651_N0209_R010_T20LQN_20200217T160045_09_03.png,0.0,0.0,0.0,0.0,0.7809410095214844,0.023098700010450557
YOLOv11s,train_S2A_MSIL2A_20200217T141651_N0209_R010_T20LQN_20200217T160045_09_09.png,0.0,0.0,0.0,0.0,0.3722991943359375,0.021746099984738976
YOLOv11s,train_S2A_MSIL2A_20200217T141651_N0209_R010_T20LQN_20200217T160045_09_10.png,0.0,0.0,0.0,0.0,0.166259765625,0.021976099989842623
YOLOv11s,train_S2A_MSIL2A_20200217T141651_N0209_R010_T20LQN_20200217T160045_09_13.png,0.0,0.0,0.0,0.0,0.20078277587890625,0.021172800014028326
YOLOv11s,train_S2A_MSIL2A_20200217T141651_N0209_R010_T20LQN_20200217T160045_09_16.png,0.0,0.0,0.0,0.0,0.16383743286132812,0.02372489997651428
YOLOv11s,train_S2A_MSIL2A_20200217T141651_N0209_R010_T20LQN_20200217T160045_09_17.png,0.0,0.0,0.0,0.0,0.07339096069335938,0.02002990001346916
YOLOv11s,train_S2A_MSIL2A_20200217T141651_N0209_R010_T20LQN_20200217T160045_09_20.png,0.0,0.0,0.0,0.0,0.030216217041015625,0.026712999999290332
YOLOv11s,train_S2A_MSIL2A_20200217T141651_N0209_R010_T20LQN_20200217T160045_10_08.png,0.0,0.0,0.0,0.0,0.5512657165527344,0.024497700011124834
YOLOv11s,train_S2A_MSIL2A_20200217T141651_N0209_R010_T20LQN_20200217T160045_10_09.png,0.0,0.0,0.0,0.0,0.5527610778808594,0.02489820000482723
YOLOv11s,train_S2A_MSIL2A_20200217T141651_N0209_R010_T20LQN_20200217T160045_10_12.png,0.0,0.0,0.0,0.0,0.10916519165039062,0.020746499998494983
YOLOv11s,train_S2A_MSIL2A_20200217T141651_N0209_R010_T20LQN_20200217T160045_10_13.png,0.0,0.0,0.0,0.0,0.0510101318359375,0.02048300000024028
YOLOv11s,train_S2A_MSIL2A_20200217T141651_N0209_R010_T20LQN_20200217T160045_11_06.png,0.0,0.0,0.0,0.0,0.6334953308105469,0.024113399995258078
YOLOv11s,train_S2A_MSIL2A_20200217T141651_N0209_R010_T20LQN_20200217T160045_11_09.png,0.0,0.0,0.0,0.0,0.6861228942871094,0.03997380001237616
YOLOv11s,train_S2A_MSIL2A_20200217T141651_N0209_R010_T20LQN_20200217T160045_11_16.png,0.0,0.0,0.0,0.0,0.18502426147460938,0.021897300001000986
YOLOv11s,train_S2A_MSIL2A_20200217T141651_N0209_R010_T20LQN_20200217T160045_12_01.png,0.0,0.0,0.0,0.0,0.8796463012695312,0.023067900008754805
YOLOv11s,train_S2A_MSIL2A_20200217T141651_N0209_R010_T20LQN_20200217T160045_12_02.png,0.0,0.0,0.0,0.0,0.8058967590332031,0.023324100009631366
YOLOv11s,train_S2A_MSIL2A_20200217T141651_N0209_R010_T20LQN_20200217T160045_12_05.png,0.0,0.0,0.0,0.0,0.6573333740234375,0.02270710002630949
YOLOv11s,train_S2A_MSIL2A_20200217T141651_N0209_R010_T20LQN_20200217T160045_12_12.png,0.0,0.0,0.0,0.0,0.0946197509765625,0.02007709999452345
YOLOv11s,train_S2A_MSIL2A_20200217T141651_N0209_R010_T20LQN_20200217T160045_12_13.png,0.0,0.0,0.0,0.0,0.22690200805664062,0.020701700006611645
YOLOv11s,train_S2A_MSIL2A_20200217T141651_N0209_R010_T20LQN_20200217T160045_12_14.png,0.0,0.0,0.0,0.0,0.23343658447265625,0.02281819999916479
YOLOv11s,train_S2A_MSIL2A_20200217T141651_N0209_R010_T20LQN_20200217T160045_12_17.png,0.0,0.0,0.0,0.0,0.11527252197265625,0.02005230000941083
YOLOv11s,train_S2A_MSIL2A_20200217T141651_N0209_R010_T20LQN_20200217T160045_12_18.png,0.0,0.0,0.0,0.0,0.1836700439453125,0.02183300000615418
YOLOv11s,train_S2A_MSIL2A_20200217T141651_N0209_R010_T20LQN_20200217T160045_13_02.png,0.0,0.0,0.0,0.0,0.8039321899414062,0.033861099975183606
YOLOv11s,train_S2A_MSIL2A_20200217T141651_N0209_R010_T20LQN_20200217T160045_13_03.png,0.0,0.0,0.0,0.0,0.6495742797851562,0.02428929999587126
YOLOv11s,train_S2A_MSIL2A_20200217T141651_N0209_R010_T20LQN_20200217T160045_13_04.png,0.0,0.0,0.0,0.0,0.7624549865722656,0.02521689998684451
YOLOv11s,train_S2A_MSIL2A_20200217T141651_N0209_R010_T20LQN_20200217T160045_13_10.png,0.0,0.0,0.0,0.0,0.5954322814941406,0.022318600007565692
YOLOv11s,train_S2A_MSIL2A_20200217T141651_N0209_R010_T20LQN_20200217T160045_13_13.png,0.0,0.0,0.0,0.0,0.2628364562988281,0.023346600006334484
YOLOv11s,train_S2A_MSIL2A_20200217T141651_N0209_R010_T20LQN_20200217T160045_13_15.png,0.0,0.0,0.0,0.0,0.12699127197265625,0.021033900004113093
YOLOv11s,train_S2A_MSIL2A_20200217T141651_N0209_R010_T20LQN_20200217T160045_13_17.png,0.0,0.0,0.0,0.0,0.19085311889648438,0.024875199975213036
YOLOv11s,train_S2A_MSIL2A_20200217T141651_N0209_R010_T20LQN_20200217T160045_13_18.png,0.0,0.0,0.0,0.0,0.05328369140625,0.022510699986014515
YOLOv11s,train_S2A_MSIL2A_20200217T141651_N0209_R010_T20LQN_20200217T160045_14_02.png,0.0,0.0,0.0,0.0,0.8634796142578125,0.030533599987393245
YOLOv11s,train_S2A_MSIL2A_20200217T141651_N0209_R010_T20LQN_20200217T160045_14_03.png,0.0,0.0,0.0,0.0,0.8716583251953125,0.025676799996290356
YOLOv11s,train_S2A_MSIL2A_20200217T141651_N0209_R010_T20LQN_20200217T160045_14_08.png,0.0,0.0,0.0,0.0,0.7591972351074219,0.02477250000811182
YOLOv11s,train_S2A_MSIL2A_20200217T141651_N0209_R010_T20LQN_20200217T160045_14_18.png,0.0,0.0,0.0,0.0,0.0426025390625,0.02779210000880994
YOLOv11s,train_S2A_MSIL2A_20200217T141651_N0209_R010_T20LQN_20200217T160045_14_19.png,0.0,0.0,0.0,0.0,0.039928436279296875,0.03314210000098683
YOLOv11s,train_S2A_MSIL2A_20200217T141651_N0209_R010_T20LQN_20200217T160045_14_20.png,0.0,0.0,0.0,0.0,0.13994979858398438,0.038248499971814454
YOLOv11s,train_S2A_MSIL2A_20200217T141651_N0209_R010_T20LQN_20200217T160045_14_21.png,0.0,0.0,0.0,0.0,0.14078521728515625,0.021049700008006766
YOLOv11s,train_S2A_MSIL2A_20200217T141651_N0209_R010_T20LQN_20200217T160045_15_09.png,0.0,0.0,0.0,0.0,0.6807937622070312,0.02292029999080114
YOLOv11s,train_S2A_MSIL2A_20200217T141651_N0209_R010_T20LQN_20200217T160045_15_12.png,0.0,0.0,0.0,0.0,0.5440826416015625,0.0238196000282187
YOLOv11s,train_S2A_MSIL2A_20200217T141651_N0209_R010_T20LQN_20200217T160045_15_17.png,0.0,0.0,0.0,0.0,0.026210784912109375,0.01920619999873452
YOLOv11s,train_S2A_MSIL2A_20200217T141651_N0209_R010_T20LQN_20200217T160045_15_18.png,0.0,0.0,0.0,0.0,0.0679779052734375,0.03117579998797737
YOLOv11s,train_S2A_MSIL2A_20200217T141651_N0209_R010_T20LQN_20200217T160045_15_20.png,0.0,0.0,0.0,0.0,0.059146881103515625,0.032170800026506186
YOLOv11s,train_S2A_MSIL2A_20200217T141651_N0209_R010_T20LQN_20200217T160045_16_09.png,0.0,0.0,0.0,0.0,0.8130912780761719,0.03501779999351129
YOLOv11s,train_S2A_MSIL2A_20200217T141651_N0209_R010_T20LQN_20200217T160045_16_12.png,0.0,0.0,0.0,0.0,0.5436286926269531,0.038476800022181123
YOLOv11s,train_S2A_MSIL2A_20200217T141651_N0209_R010_T20LQN_20200217T160045_16_15.png,0.0,0.0,0.0,0.0,0.525665283203125,0.041821899998467416
YOLOv11s,train_S2A_MSIL2A_20200217T141651_N0209_R010_T20LQN_20200217T160045_16_16.png,0.0,0.0,0.0,0.0,0.274932861328125,0.03184700000565499
YOLOv11s,train_S2A_MSIL2A_20200217T141651_N0209_R010_T20LQN_20200217T160045_16_17.png,0.0,0.0,0.0,0.0,0.056766510009765625,0.025911200005793944
YOLOv11s,train_S2A_MSIL2A_20200217T141651_N0209_R010_T20LQN_20200217T160045_17_14.png,0.0,0.0,0.0,0.0,0.4496421813964844,0.022748999996110797
YOLOv11s,train_S2A_MSIL2A_20200217T141651_N0209_R010_T20LQN_20200217T160045_17_16.png,0.0,0.0,0.0,0.0,0.2706565856933594,0.02446730001247488
YOLOv11s,train_S2A_MSIL2A_20200217T141651_N0209_R010_T20LQN_20200217T160045_17_18.png,0.0,0.0,0.0,0.0,0.06982803344726562,0.03574800002388656
YOLOv11s,train_S2A_MSIL2A_20200217T141651_N0209_R010_T20LQN_20200217T160045_17_19.png,0.00313284841532619,0.006246128656389287,1.0,0.00313284841532619,0.12482833862304688,0.03956959999050014
YOLOv11s,train_S2A_MSIL2A_20200217T141651_N0209_R010_T20LQN_20200217T160045_18_04.png,0.0,0.0,0.0,0.0,0.3969535827636719,0.024541599996155128
YOLOv11s,train_S2A_MSIL2A_20200217T141651_N0209_R010_T20LQN_20200217T160045_18_05.png,0.0,0.0,0.0,0.0,0.5260658264160156,0.02200489997630939
YOLOv11s,train_S2A_MSIL2A_20200217T141651_N0209_R010_T20LQN_20200217T160045_18_06.png,0.0,0.0,0.0,0.0,0.5590553283691406,0.023581699992064387
YOLOv11s,train_S2A_MSIL2A_20200217T141651_N0209_R010_T20LQN_20200217T160045_18_14.png,0.0,0.0,0.0,0.0,0.3213691711425781,0.02136009998503141
YOLOv11s,train_S2A_MSIL2A_20200217T141651_N0209_R010_T20LQN_20200217T160045_18_17.png,0.0,0.0,0.0,0.0,0.13976287841796875,0.021742999990237877
YOLOv11s,train_S2A_MSIL2A_20200217T141651_N0209_R010_T20LQN_20200217T160045_19_05.png,0.0,0.0,0.0,0.0,0.21307754516601562,0.021294699981808662
YOLOv11s,train_S2A_MSIL2A_20200217T141651_N0209_R010_T20LQN_20200217T160045_19_10.png,0.0,0.0,0.0,0.0,0.5912094116210938,0.02865550000569783
YOLOv11s,train_S2A_MSIL2A_20200217T141651_N0209_R010_T20LQN_20200217T160045_19_11.png,0.0,0.0,0.0,0.0,0.5883712768554688,0.024912799999583513
YOLOv11s,train_S2A_MSIL2A_20200217T141651_N0209_R010_T20LQN_20200217T160045_20_01.png,0.5169854301719502,0.6815957752650926,0.5325999240999961,0.9463347336113221,0.5648384094238281,0.030793100013397634
YOLOv11s,train_S2A_MSIL2A_20200217T141651_N0209_R010_T20LQN_20200217T160045_20_05.png,0.21378819420015147,0.3522660629287653,0.28341855769652813,0.4652945415240497,0.27532196044921875,0.02709409999079071
YOLOv11s,train_S2A_MSIL2A_20200217T141651_N0209_R010_T20LQN_20200217T160045_20_09.png,0.0,0.0,0.0,0.0,0.5911979675292969,0.02633379999315366
YOLOv11s,train_S2A_MSIL2A_20200217T141651_N0209_R010_T20LQN_20200217T160045_20_10.png,0.0,0.0,0.0,0.0,0.30605316162109375,0.02621869998984039
YOLOv11s,train_S2A_MSIL2A_20200217T141651_N0209_R010_T20LQN_20200217T160045_20_12.png,0.0,0.0,0.0,0.0,0.3027763366699219,0.030170499987434596
YOLOv11s,train_S2A_MSIL2A_20200217T141651_N0209_R010_T20LQN_20200217T160045_20_13.png,0.0,0.0,0.0,0.0,0.3450202941894531,0.026939500006847084
YOLOv11s,train_S2A_MSIL2A_20200217T141651_N0209_R010_T20LQN_20200217T160045_20_17.png,0.0,0.0,0.0,0.0,0.08885955810546875,0.03130629999213852
YOLOv11s,train_S2A_MSIL2A_20200217T141651_N0209_R010_T20LQN_20200217T160045_21_01.png,0.0,0.0,0.0,0.0,0.5198173522949219,0.02616359997773543
YOLOv11s,train_S2A_MSIL2A_20200217T141651_N0209_R010_T20LQN_20200217T160045_21_02.png,0.362442640596295,0.5320482929654435,0.3686998830948578,0.9552702025319155,0.3989677429199219,0.02935349999461323
YOLOv11s,train_S2A_MSIL2A_20200217T141651_N0209_R010_T20LQN_20200217T160045_21_03.png,0.0,0.0,0.0,0.0,0.796630859375,0.02593110001180321
YOLOv11s,train_S2A_MSIL2A_20200217T141651_N0209_R010_T20LQN_20200217T160045_21_04.png,0.3857983470554962,0.556788580207545,0.39272019161178623,0.9563104905454616,0.4035301208496094,0.024590699991676956
YOLOv11s,train_S2A_MSIL2A_20200217T141651_N0209_R010_T20LQN_20200217T160045_21_05.png,0.0,0.0,0.0,0.0,0.42740631103515625,0.026355200010584667
YOLOv11s,train_S2A_MSIL2A_20200217T141651_N0209_R010_T20LQN_20200217T160045_21_06.png,0.0,0.0,0.0,0.0,0.697509765625,0.02883060000021942
YOLOv11s,train_S2A_MSIL2A_20200217T141651_N0209_R010_T20LQN_20200217T160045_21_07.png,0.0,0.0,0.0,0.0,0.5637054443359375,0.03118050002376549
YOLOv11s,train_S2A_MSIL2A_20200217T141651_N0209_R010_T20LQN_20200217T160045_21_08.png,0.0,0.0,0.0,0.0,0.3825111389160156,0.03362360000028275
YOLOv11s,train_S2A_MSIL2A_20200217T141651_N0209_R010_T20LQN_20200217T160045_21_12.png,0.3000196486815735,0.461561714064616,0.329987897648686,0.7676359395109396,0.3205108642578125,0.029444800020428374
YOLOv11s,train_S2A_MSIL2A_20200818T142741_N0214_R053_T20LMP_20200818T165705_01_08.png,0.0,0.0,0.0,0.0,0.7897834777832031,0.022731600009137765
YOLOv11s,train_S2A_MSIL2A_20200818T142741_N0214_R053_T20LMP_20200818T165705_01_09.png,0.0,0.0,0.0,0.0,0.6376495361328125,0.03457789999083616
YOLOv11s,train_S2A_MSIL2A_20200818T142741_N0214_R053_T20LMP_20200818T165705_01_10.png,0.0,0.0,0.0,0.0,0.46340179443359375,0.022335499990731478
YOLOv11s,train_S2A_MSIL2A_20200818T142741_N0214_R053_T20LMP_20200818T165705_01_12.png,0.0,0.0,0.0,0.0,0.8159294128417969,0.025715099996887147
YOLOv11s,train_S2A_MSIL2A_20200818T142741_N0214_R053_T20LMP_20200818T165705_01_13.png,0.0,0.0,0.0,0.0,0.7453193664550781,0.0319823999889195
YOLOv11s,train_S2A_MSIL2A_20200818T142741_N0214_R053_T20LMP_20200818T165705_01_14.png,0.0,0.0,0.0,0.0,0.6770820617675781,0.031124700006330386
YOLOv11s,train_S2A_MSIL2A_20200818T142741_N0214_R053_T20LMP_20200818T165705_01_15.png,0.0,0.0,0.0,0.0,0.6736373901367188,0.028323400008957833
YOLOv11s,train_S2A_MSIL2A_20200818T142741_N0214_R053_T20LMP_20200818T165705_01_16.png,0.0,0.0,0.0,0.0,0.6899566650390625,0.021686000021873042
YOLOv11s,train_S2A_MSIL2A_20200818T142741_N0214_R053_T20LMP_20200818T165705_01_17.png,0.0,0.0,0.0,0.0,0.8341331481933594,0.023125299980165437
YOLOv11s,train_S2A_MSIL2A_20200818T142741_N0214_R053_T20LMP_20200818T165705_01_19.png,0.0,0.0,0.0,0.0,0.6805534362792969,0.03429489998961799
YOLOv11s,train_S2A_MSIL2A_20200818T142741_N0214_R053_T20LMP_20200818T165705_01_21.png,0.0,0.0,0.0,0.0,0.6336860656738281,0.02664500000537373
YOLOv11s,train_S2A_MSIL2A_20200818T142741_N0214_R053_T20LMP_20200818T165705_02_01.png,0.0,0.0,0.0,0.0,0.822479248046875,0.02447010000469163
YOLOv11s,train_S2A_MSIL2A_20200818T142741_N0214_R053_T20LMP_20200818T165705_02_02.png,0.0,0.0,0.0,0.0,0.8314247131347656,0.024084000004222617
YOLOv11s,train_S2A_MSIL2A_20200818T142741_N0214_R053_T20LMP_20200818T165705_02_05.png,0.0,0.0,0.0,0.0,0.644073486328125,0.025092099996982142
YOLOv11s,train_S2A_MSIL2A_20200818T142741_N0214_R053_T20LMP_20200818T165705_02_06.png,0.0,0.0,0.0,0.0,0.6773529052734375,0.024414699990302324
YOLOv11s,train_S2A_MSIL2A_20200818T142741_N0214_R053_T20LMP_20200818T165705_02_08.png,0.0,0.0,0.0,0.0,0.711700439453125,0.024412800004938617
YOLOv11s,train_S2A_MSIL2A_20200818T142741_N0214_R053_T20LMP_20200818T165705_02_11.png,0.0,0.0,0.0,0.0,0.7905540466308594,0.026765799993881956
YOLOv11s,train_S2A_MSIL2A_20200818T142741_N0214_R053_T20LMP_20200818T165705_02_13.png,0.0,0.0,0.0,0.0,0.8798561096191406,0.02385659998981282
YOLOv11s,train_S2A_MSIL2A_20200818T142741_N0214_R053_T20LMP_20200818T165705_02_14.png,0.0,0.0,0.0,0.0,0.8079566955566406,0.028930399974342436
YOLOv11s,train_S2A_MSIL2A_20200818T142741_N0214_R053_T20LMP_20200818T165705_02_15.png,0.0,0.0,0.0,0.0,0.7434310913085938,0.023342300002695993
YOLOv11s,train_S2A_MSIL2A_20200818T142741_N0214_R053_T20LMP_20200818T165705_02_16.png,0.0,0.0,0.0,0.0,0.7386932373046875,0.024181999993743375
YOLOv11s,train_S2A_MSIL2A_20200818T142741_N0214_R053_T20LMP_20200818T165705_02_17.png,0.0,0.0,0.0,0.0,0.7889480590820312,0.024030699976719916
YOLOv11s,train_S2A_MSIL2A_20200818T142741_N0214_R053_T20LMP_20200818T165705_02_19.png,0.0,0.0,0.0,0.0,0.4917755126953125,0.02364490000763908
YOLOv11s,train_S2A_MSIL2A_20200818T142741_N0214_R053_T20LMP_20200818T165705_02_20.png,0.0,0.0,0.0,0.0,0.8156051635742188,0.023809999984223396
YOLOv11s,train_S2A_MSIL2A_20200818T142741_N0214_R053_T20LMP_20200818T165705_02_21.png,0.0,0.0,0.0,0.0,0.7496109008789062,0.02381839998997748
YOLOv11s,train_S2A_MSIL2A_20200818T142741_N0214_R053_T20LMP_20200818T165705_03_01.png,0.0,0.0,0.0,0.0,0.744354248046875,0.024367200006963685
YOLOv11s,train_S2A_MSIL2A_20200818T142741_N0214_R053_T20LMP_20200818T165705_03_02.png,0.0,0.0,0.0,0.0,0.7392005920410156,0.024556999997003004
YOLOv11s,train_S2A_MSIL2A_20200818T142741_N0214_R053_T20LMP_20200818T165705_03_03.png,0.0,0.0,0.0,0.0,0.8417091369628906,0.024324700003489852
YOLOv11s,train_S2A_MSIL2A_20200818T142741_N0214_R053_T20LMP_20200818T165705_03_04.png,0.0,0.0,0.0,0.0,0.7581748962402344,0.028770599979907274
YOLOv11s,train_S2A_MSIL2A_20200818T142741_N0214_R053_T20LMP_20200818T165705_03_06.png,0.0,0.0,0.0,0.0,0.8368301391601562,0.024938100017607212
YOLOv11s,train_S2A_MSIL2A_20200818T142741_N0214_R053_T20LMP_20200818T165705_03_10.png,0.0,0.0,0.0,0.0,0.4813041687011719,0.024045800004387274
YOLOv11s,train_S2A_MSIL2A_20200818T142741_N0214_R053_T20LMP_20200818T165705_03_11.png,0.0,0.0,0.0,0.0,0.6892509460449219,0.02351610001642257
YOLOv11s,train_S2A_MSIL2A_20200818T142741_N0214_R053_T20LMP_20200818T165705_03_14.png,0.35285964146856574,0.521650037672093,0.3562849156566385,0.973477061386223,0.36061859130859375,0.02479769999627024
YOLOv11s,train_S2A_MSIL2A_20200818T142741_N0214_R053_T20LMP_20200818T165705_03_17.png,0.0,0.0,0.0,0.0,0.7827033996582031,0.023409899993566796
YOLOv11s,train_S2A_MSIL2A_20200818T142741_N0214_R053_T20LMP_20200818T165705_03_20.png,0.0,0.0,0.0,0.0,0.8590240478515625,0.02308799998718314
YOLOv11s,train_S2A_MSIL2A_20200818T142741_N0214_R053_T20LMP_20200818T165705_04_01.png,0.0,0.0,0.0,0.0,0.8716087341308594,0.024836600001435727
YOLOv11s,train_S2A_MSIL2A_20200818T142741_N0214_R053_T20LMP_20200818T165705_04_02.png,0.0,0.0,0.0,0.0,0.8450355529785156,0.024020700016990304
YOLOv11s,train_S2A_MSIL2A_20200818T142741_N0214_R053_T20LMP_20200818T165705_04_04.png,0.0,0.0,0.0,0.0,0.8214988708496094,0.02344069999526255
YOLOv11s,train_S2A_MSIL2A_20200818T142741_N0214_R053_T20LMP_20200818T165705_04_05.png,0.0,0.0,0.0,0.0,0.7810592651367188,0.02301970002008602
YOLOv11s,train_S2A_MSIL2A_20200818T142741_N0214_R053_T20LMP_20200818T165705_04_07.png,0.0,0.0,0.0,0.0,0.8674812316894531,0.023302000015974045
YOLOv11s,train_S2A_MSIL2A_20200818T142741_N0214_R053_T20LMP_20200818T165705_04_08.png,0.0,0.0,0.0,0.0,0.7550239562988281,0.022946399985812604
YOLOv11s,train_S2A_MSIL2A_20200818T142741_N0214_R053_T20LMP_20200818T165705_04_11.png,0.0,0.0,0.0,0.0,0.7287063598632812,0.02376339997863397
YOLOv11s,train_S2A_MSIL2A_20200818T142741_N0214_R053_T20LMP_20200818T165705_04_12.png,0.0,0.0,0.0,0.0,0.652679443359375,0.02334539999719709
YOLOv11s,train_S2A_MSIL2A_20200818T142741_N0214_R053_T20LMP_20200818T165705_04_13.png,0.0,0.0,0.0,0.0,0.75567626953125,0.02311280000139959
YOLOv11s,train_S2A_MSIL2A_20200818T142741_N0214_R053_T20LMP_20200818T165705_04_14.png,0.0,0.0,0.0,0.0,0.6053733825683594,0.022239299985812977
YOLOv11s,train_S2A_MSIL2A_20200818T142741_N0214_R053_T20LMP_20200818T165705_04_15.png,0.0,0.0,0.0,0.0,0.7728385925292969,0.022128900018287823
YOLOv11s,train_S2A_MSIL2A_20200818T142741_N0214_R053_T20LMP_20200818T165705_04_16.png,0.0,0.0,0.0,0.0,0.7802314758300781,0.02138269998249598
YOLOv11s,train_S2A_MSIL2A_20200818T142741_N0214_R053_T20LMP_20200818T165705_04_18.png,0.0,0.0,0.0,0.0,0.7550926208496094,0.020095899992156774
YOLOv11s,train_S2A_MSIL2A_20200818T142741_N0214_R053_T20LMP_20200818T165705_04_20.png,0.0,0.0,0.0,0.0,0.8586807250976562,0.021838499989826232
YOLOv11s,train_S2A_MSIL2A_20200818T142741_N0214_R053_T20LMP_20200818T165705_04_21.png,0.0,0.0,0.0,0.0,0.8154373168945312,0.021555199986323714
YOLOv11s,train_S2A_MSIL2A_20200818T142741_N0214_R053_T20LMP_20200818T165705_05_01.png,0.0,0.0,0.0,0.0,0.8564186096191406,0.022708200005581602
YOLOv11s,train_S2A_MSIL2A_20200818T142741_N0214_R053_T20LMP_20200818T165705_05_02.png,0.0,0.0,0.0,0.0,0.9012489318847656,0.022684099996695295
YOLOv11s,train_S2A_MSIL2A_20200818T142741_N0214_R053_T20LMP_20200818T165705_05_03.png,0.0,0.0,0.0,0.0,0.8471336364746094,0.0227424000040628
YOLOv11s,train_S2A_MSIL2A_20200818T142741_N0214_R053_T20LMP_20200818T165705_05_04.png,0.0,0.0,0.0,0.0,0.8710899353027344,0.022636300011072308
YOLOv11s,train_S2A_MSIL2A_20200818T142741_N0214_R053_T20LMP_20200818T165705_05_05.png,0.0,0.0,0.0,0.0,0.8248634338378906,0.022678099980112165
YOLOv11s,train_S2A_MSIL2A_20200818T142741_N0214_R053_T20LMP_20200818T165705_05_12.png,0.0,0.0,0.0,0.0,0.7802963256835938,0.02199000000837259
YOLOv11s,train_S2A_MSIL2A_20200818T142741_N0214_R053_T20LMP_20200818T165705_05_13.png,0.0,0.0,0.0,0.0,0.8384819030761719,0.02250710001681
YOLOv11s,train_S2A_MSIL2A_20200818T142741_N0214_R053_T20LMP_20200818T165705_05_14.png,0.0,0.0,0.0,0.0,0.6356010437011719,0.021828100027050823
YOLOv11s,train_S2A_MSIL2A_20200818T142741_N0214_R053_T20LMP_20200818T165705_05_15.png,0.0,0.0,0.0,0.0,0.7363090515136719,0.023218800022732466
YOLOv11s,train_S2A_MSIL2A_20200818T142741_N0214_R053_T20LMP_20200818T165705_05_17.png,0.0,0.0,0.0,0.0,0.8025169372558594,0.02210419997572899
YOLOv11s,train_S2A_MSIL2A_20200818T142741_N0214_R053_T20LMP_20200818T165705_05_20.png,0.0,0.0,0.0,0.0,0.7720451354980469,0.02261210000142455
YOLOv11s,train_S2A_MSIL2A_20200818T142741_N0214_R053_T20LMP_20200818T165705_06_03.png,0.0,0.0,0.0,0.0,0.85235595703125,0.02162819998920895
YOLOv11s,train_S2A_MSIL2A_20200818T142741_N0214_R053_T20LMP_20200818T165705_06_05.png,0.0,0.0,0.0,0.0,0.8445854187011719,0.021948099980363622
YOLOv11s,train_S2A_MSIL2A_20200818T142741_N0214_R053_T20LMP_20200818T165705_06_06.png,0.0,0.0,0.0,0.0,0.9078216552734375,0.022070699982577935
YOLOv11s,train_S2A_MSIL2A_20200818T142741_N0214_R053_T20LMP_20200818T165705_06_07.png,0.0,0.0,0.0,0.0,0.7094268798828125,0.0220848000026308
YOLOv11s,train_S2A_MSIL2A_20200818T142741_N0214_R053_T20LMP_20200818T165705_06_10.png,0.0,0.0,0.0,0.0,0.6767158508300781,0.021710499975597486
YOLOv11s,train_S2A_MSIL2A_20200818T142741_N0214_R053_T20LMP_20200818T165705_06_13.png,0.0,0.0,0.0,0.0,0.8022880554199219,0.02194379997672513
YOLOv11s,train_S2A_MSIL2A_20200818T142741_N0214_R053_T20LMP_20200818T165705_06_15.png,0.0,0.0,0.0,0.0,0.6532821655273438,0.021808700024848804
YOLOv11s,train_S2A_MSIL2A_20200818T142741_N0214_R053_T20LMP_20200818T165705_06_16.png,0.4322779970257423,0.6036230367615889,0.43506325246454497,0.9854063192564756,0.4364166259765625,0.02345539999078028
YOLOv11s,train_S2A_MSIL2A_20200818T142741_N0214_R053_T20LMP_20200818T165705_06_17.png,0.0,0.0,0.0,0.0,0.7271537780761719,0.02261380001436919
YOLOv11s,train_S2A_MSIL2A_20200818T142741_N0214_R053_T20LMP_20200818T165705_06_18.png,0.0,0.0,0.0,0.0,0.5188026428222656,0.02198680001311004
YOLOv11s,train_S2A_MSIL2A_20200818T142741_N0214_R053_T20LMP_20200818T165705_06_21.png,0.0,0.0,0.0,0.0,0.8316802978515625,0.03348270000424236
YOLOv11s,train_S2A_MSIL2A_20200818T142741_N0214_R053_T20LMP_20200818T165705_07_01.png,0.0,0.0,0.0,0.0,0.9186439514160156,0.025078500009840354
YOLOv11s,train_S2A_MSIL2A_20200818T142741_N0214_R053_T20LMP_20200818T165705_07_02.png,0.0,0.0,0.0,0.0,0.8647422790527344,0.022091599996201694
YOLOv11s,train_S2A_MSIL2A_20200818T142741_N0214_R053_T20LMP_20200818T165705_07_03.png,0.0,0.0,0.0,0.0,0.8994903564453125,0.02290559999528341
YOLOv11s,train_S2A_MSIL2A_20200818T142741_N0214_R053_T20LMP_20200818T165705_07_04.png,0.0,0.0,0.0,0.0,0.7773666381835938,0.025040100008482113
YOLOv11s,train_S2A_MSIL2A_20200818T142741_N0214_R053_T20LMP_20200818T165705_07_05.png,0.0,0.0,0.0,0.0,0.8239364624023438,0.019834499980788678
YOLOv11s,train_S2A_MSIL2A_20200818T142741_N0214_R053_T20LMP_20200818T165705_07_07.png,0.0,0.0,0.0,0.0,0.6457443237304688,0.022222200001124293
YOLOv11s,train_S2A_MSIL2A_20200818T142741_N0214_R053_T20LMP_20200818T165705_07_09.png,0.0,0.0,0.0,0.0,0.7999000549316406,0.02221659998758696
YOLOv11s,train_S2A_MSIL2A_20200818T142741_N0214_R053_T20LMP_20200818T165705_07_10.png,0.0,0.0,0.0,0.0,0.8080101013183594,0.02248309997958131
YOLOv11s,train_S2A_MSIL2A_20200818T142741_N0214_R053_T20LMP_20200818T165705_07_12.png,0.0,0.0,0.0,0.0,0.798919677734375,0.021566700015682727
YOLOv11s,train_S2A_MSIL2A_20200818T142741_N0214_R053_T20LMP_20200818T165705_07_13.png,0.0,0.0,0.0,0.0,0.7176170349121094,0.021733100002165884
YOLOv11s,train_S2A_MSIL2A_20200818T142741_N0214_R053_T20LMP_20200818T165705_07_16.png,0.0,0.0,0.0,0.0,0.6407814025878906,0.02176780000445433
YOLOv11s,train_S2A_MSIL2A_20200818T142741_N0214_R053_T20LMP_20200818T165705_07_18.png,0.0,0.0,0.0,0.0,0.674102783203125,0.022331299987854436
YOLOv11s,train_S2A_MSIL2A_20200818T142741_N0214_R053_T20LMP_20200818T165705_07_19.png,0.0,0.0,0.0,0.0,0.6530532836914062,0.025742300000274554
YOLOv11s,train_S2A_MSIL2A_20200818T142741_N0214_R053_T20LMP_20200818T165705_07_20.png,0.0,0.0,0.0,0.0,0.7244682312011719,0.027943599998252466
YOLOv11s,train_S2A_MSIL2A_20200818T142741_N0214_R053_T20LMP_20200818T165705_08_02.png,0.0,0.0,0.0,0.0,0.8841705322265625,0.02392209999379702
YOLOv11s,train_S2A_MSIL2A_20200818T142741_N0214_R053_T20LMP_20200818T165705_08_03.png,0.0,0.0,0.0,0.0,0.8038825988769531,0.023840800015022978
YOLOv11s,train_S2A_MSIL2A_20200818T142741_N0214_R053_T20LMP_20200818T165705_08_04.png,0.0,0.0,0.0,0.0,0.8061599731445312,0.021577700012130663
YOLOv11s,train_S2A_MSIL2A_20200818T142741_N0214_R053_T20LMP_20200818T165705_08_07.png,0.7988762321175162,0.8881947716626761,0.8117974900615792,0.9804651644456579,0.7999610900878906,0.03281000000424683
YOLOv11s,train_S2A_MSIL2A_20200818T142741_N0214_R053_T20LMP_20200818T165705_08_08.png,0.0,0.0,0.0,0.0,0.8370895385742188,0.02299719999427907
YOLOv11s,train_S2A_MSIL2A_20200818T142741_N0214_R053_T20LMP_20200818T165705_08_10.png,0.0,0.0,0.0,0.0,0.7605514526367188,0.028041599987773225
YOLOv11s,train_S2A_MSIL2A_20200818T142741_N0214_R053_T20LMP_20200818T165705_08_11.png,0.0,0.0,0.0,0.0,0.5813484191894531,0.02852839999832213
YOLOv11s,train_S2A_MSIL2A_20200818T142741_N0214_R053_T20LMP_20200818T165705_08_12.png,0.0,0.0,0.0,0.0,0.6400794982910156,0.02294850000180304
YOLOv11s,train_S2A_MSIL2A_20200818T142741_N0214_R053_T20LMP_20200818T165705_08_13.png,0.0,0.0,0.0,0.0,0.6826591491699219,0.02741690000402741
YOLOv11s,train_S2A_MSIL2A_20200818T142741_N0214_R053_T20LMP_20200818T165705_08_18.png,0.25426716141001854,0.4054433843650618,0.25630296300625327,0.9697076902666608,0.264007568359375,0.03396010000142269
YOLOv11s,train_S2A_MSIL2A_20200818T142741_N0214_R053_T20LMP_20200818T165705_08_19.png,0.0,0.0,0.0,0.0,0.7850608825683594,0.028651900007389486
YOLOv11s,train_S2A_MSIL2A_20200818T142741_N0214_R053_T20LMP_20200818T165705_08_20.png,0.0,0.0,0.0,0.0,0.6798858642578125,0.026355599984526634
YOLOv11s,train_S2A_MSIL2A_20200818T142741_N0214_R053_T20LMP_20200818T165705_09_03.png,0.0,0.0,0.0,0.0,0.8333206176757812,0.02802139997947961
YOLOv11s,train_S2A_MSIL2A_20200818T142741_N0214_R053_T20LMP_20200818T165705_09_05.png,0.0,0.0,0.0,0.0,0.8424110412597656,0.023023200017632917
YOLOv11s,train_S2A_MSIL2A_20200818T142741_N0214_R053_T20LMP_20200818T165705_09_06.png,0.0,0.0,0.0,0.0,0.7518196105957031,0.028776799998013303
YOLOv11s,train_S2A_MSIL2A_20200818T142741_N0214_R053_T20LMP_20200818T165705_09_07.png,0.0,0.0,0.0,0.0,0.8541336059570312,0.023457199975382537
YOLOv11s,train_S2A_MSIL2A_20200818T142741_N0214_R053_T20LMP_20200818T165705_09_11.png,0.0,0.0,0.0,0.0,0.7721099853515625,0.021833299979334697
YOLOv11s,train_S2A_MSIL2A_20200818T142741_N0214_R053_T20LMP_20200818T165705_09_12.png,0.0,0.0,0.0,0.0,0.7785873413085938,0.023568799981148914
YOLOv11s,train_S2A_MSIL2A_20200818T142741_N0214_R053_T20LMP_20200818T165705_09_14.png,0.0,0.0,0.0,0.0,0.7766265869140625,0.028166999982204288
YOLOv11s,train_S2A_MSIL2A_20200818T142741_N0214_R053_T20LMP_20200818T165705_09_15.png,0.41024436452132124,0.5818060682845846,0.41283557567115137,0.9849308483100362,0.4157562255859375,0.028863499988801777
YOLOv11s,train_S2A_MSIL2A_20200818T142741_N0214_R053_T20LMP_20200818T165705_09_21.png,0.0,0.0,0.0,0.0,0.619720458984375,0.026039499993203208
YOLOv11s,train_S2A_MSIL2A_20200818T142741_N0214_R053_T20LMP_20200818T165705_10_02.png,0.0,0.0,0.0,0.0,0.8131866455078125,0.02831769999465905
YOLOv11s,train_S2A_MSIL2A_20200818T142741_N0214_R053_T20LMP_20200818T165705_10_03.png,0.0,0.0,0.0,0.0,0.6906166076660156,0.025362799991853535
YOLOv11s,train_S2A_MSIL2A_20200818T142741_N0214_R053_T20LMP_20200818T165705_10_06.png,0.0,0.0,0.0,0.0,0.8124198913574219,0.025767699989955872
YOLOv11s,train_S2A_MSIL2A_20200818T142741_N0214_R053_T20LMP_20200818T165705_10_07.png,0.0,0.0,0.0,0.0,0.8468513488769531,0.027060699998401105
YOLOv11s,train_S2A_MSIL2A_20200818T142741_N0214_R053_T20LMP_20200818T165705_10_09.png,0.0,0.0,0.0,0.0,0.8507804870605469,0.029429899994283915
YOLOv11s,train_S2A_MSIL2A_20200818T142741_N0214_R053_T20LMP_20200818T165705_10_10.png,0.0,0.0,0.0,0.0,0.8517112731933594,0.028123500000219792
YOLOv11s,train_S2A_MSIL2A_20200818T142741_N0214_R053_T20LMP_20200818T165705_10_11.png,0.0,0.0,0.0,0.0,0.7629241943359375,0.022263599996222183
YOLOv11s,train_S2A_MSIL2A_20200818T142741_N0214_R053_T20LMP_20200818T165705_10_12.png,0.0,0.0,0.0,0.0,0.760650634765625,0.02167570000165142
YOLOv11s,train_S2A_MSIL2A_20200818T142741_N0214_R053_T20LMP_20200818T165705_10_16.png,0.0,0.0,0.0,0.0,0.6022987365722656,0.029059299995424226
YOLOv11s,train_S2A_MSIL2A_20200818T142741_N0214_R053_T20LMP_20200818T165705_10_17.png,0.0,0.0,0.0,0.0,0.466705322265625,0.022157800005516037
YOLOv11s,train_S2A_MSIL2A_20200818T142741_N0214_R053_T20LMP_20200818T165705_10_18.png,0.0,0.0,0.0,0.0,0.6427078247070312,0.02175149999675341
YOLOv11s,train_S2A_MSIL2A_20200818T142741_N0214_R053_T20LMP_20200818T165705_10_19.png,0.0,0.0,0.0,0.0,0.6052360534667969,0.023010400007478893
YOLOv11s,train_S2A_MSIL2A_20200818T142741_N0214_R053_T20LMP_20200818T165705_10_20.png,0.0,0.0,0.0,0.0,0.484527587890625,0.021808399993460625
YOLOv11s,train_S2A_MSIL2A_20200818T142741_N0214_R053_T20LMP_20200818T165705_10_21.png,0.0,0.0,0.0,0.0,0.49561309814453125,0.021900500025367364
YOLOv11s,train_S2A_MSIL2A_20200818T142741_N0214_R053_T20LMP_20200818T165705_11_02.png,0.0,0.0,0.0,0.0,0.806640625,0.02331000001868233
YOLOv11s,train_S2A_MSIL2A_20200818T142741_N0214_R053_T20LMP_20200818T165705_11_04.png,0.0,0.0,0.0,0.0,0.8769454956054688,0.02297550000366755
YOLOv11s,train_S2A_MSIL2A_20200818T142741_N0214_R053_T20LMP_20200818T165705_11_06.png,0.0,0.0,0.0,0.0,0.6635475158691406,0.022835500014480203
YOLOv11s,train_S2A_MSIL2A_20200818T142741_N0214_R053_T20LMP_20200818T165705_11_10.png,0.0,0.0,0.0,0.0,0.7701072692871094,0.024266599997645244
YOLOv11s,train_S2A_MSIL2A_20200818T142741_N0214_R053_T20LMP_20200818T165705_11_13.png,0.0,0.0,0.0,0.0,0.7035865783691406,0.021347500005504116
YOLOv11s,train_S2A_MSIL2A_20200818T142741_N0214_R053_T20LMP_20200818T165705_11_14.png,0.0,0.0,0.0,0.0,0.6733856201171875,0.022059899987652898
YOLOv11s,train_S2A_MSIL2A_20200818T142741_N0214_R053_T20LMP_20200818T165705_11_16.png,0.0,0.0,0.0,0.0,0.5509796142578125,0.022526599990669638
YOLOv11s,train_S2A_MSIL2A_20200818T142741_N0214_R053_T20LMP_20200818T165705_11_21.png,0.0,0.0,0.0,0.0,0.7620735168457031,0.023118400014936924
YOLOv11s,train_S2A_MSIL2A_20200818T142741_N0214_R053_T20LMP_20200818T165705_12_02.png,0.0,0.0,0.0,0.0,0.7303314208984375,0.022617399983573705
YOLOv11s,train_S2A_MSIL2A_20200818T142741_N0214_R053_T20LMP_20200818T165705_12_03.png,0.0,0.0,0.0,0.0,0.7822380065917969,0.02672950000851415
YOLOv11s,train_S2A_MSIL2A_20200818T142741_N0214_R053_T20LMP_20200818T165705_12_06.png,0.0,0.0,0.0,0.0,0.7644615173339844,0.02212470001541078
YOLOv11s,train_S2A_MSIL2A_20200818T142741_N0214_R053_T20LMP_20200818T165705_12_07.png,0.0,0.0,0.0,0.0,0.8193855285644531,0.025668099988251925
YOLOv11s,train_S2A_MSIL2A_20200818T142741_N0214_R053_T20LMP_20200818T165705_12_08.png,0.0,0.0,0.0,0.0,0.6833419799804688,0.023779999988619238
YOLOv11s,train_S2A_MSIL2A_20200818T142741_N0214_R053_T20LMP_20200818T165705_12_09.png,0.0,0.0,0.0,0.0,0.5994529724121094,0.02246400000876747
YOLOv11s,train_S2A_MSIL2A_20200818T142741_N0214_R053_T20LMP_20200818T165705_12_11.png,0.0,0.0,0.0,0.0,0.7858314514160156,0.02207750000525266
YOLOv11s,train_S2A_MSIL2A_20200818T142741_N0214_R053_T20LMP_20200818T165705_12_17.png,0.0,0.0,0.0,0.0,0.7084426879882812,0.022264800005359575
YOLOv11s,train_S2A_MSIL2A_20200818T142741_N0214_R053_T20LMP_20200818T165705_12_20.png,0.0,0.0,0.0,0.0,0.5990829467773438,0.02292789999046363
YOLOv11s,train_S2A_MSIL2A_20200818T142741_N0214_R053_T20LMP_20200818T165705_12_21.png,0.0,0.0,0.0,0.0,0.6636581420898438,0.02296770000248216
YOLOv11s,train_S2A_MSIL2A_20200818T142741_N0214_R053_T20LMP_20200818T165705_13_01.png,0.0,0.0,0.0,0.0,0.42652130126953125,0.0247250999964308
YOLOv11s,train_S2A_MSIL2A_20200818T142741_N0214_R053_T20LMP_20200818T165705_13_02.png,0.0,0.0,0.0,0.0,0.5598602294921875,0.02437979998649098
YOLOv11s,train_S2A_MSIL2A_20200818T142741_N0214_R053_T20LMP_20200818T165705_13_03.png,0.0,0.0,0.0,0.0,0.7701148986816406,0.025042399996891618
YOLOv11s,train_S2A_MSIL2A_20200818T142741_N0214_R053_T20LMP_20200818T165705_13_05.png,0.0,0.0,0.0,0.0,0.8994598388671875,0.02583200001390651
YOLOv11s,train_S2A_MSIL2A_20200818T142741_N0214_R053_T20LMP_20200818T165705_13_07.png,0.0,0.0,0.0,0.0,0.7145462036132812,0.02282839998952113
YOLOv11s,train_S2A_MSIL2A_20200818T142741_N0214_R053_T20LMP_20200818T165705_13_08.png,0.0,0.0,0.0,0.0,0.6834144592285156,0.022266099986154586
YOLOv11s,train_S2A_MSIL2A_20200818T142741_N0214_R053_T20LMP_20200818T165705_13_09.png,0.0,0.0,0.0,0.0,0.6201515197753906,0.025609999982407317
YOLOv11s,train_S2A_MSIL2A_20200818T142741_N0214_R053_T20LMP_20200818T165705_13_10.png,0.0,0.0,0.0,0.0,0.4995613098144531,0.021844200004125014
YOLOv11s,train_S2A_MSIL2A_20200818T142741_N0214_R053_T20LMP_20200818T165705_13_11.png,0.0,0.0,0.0,0.0,0.10952377319335938,0.02375029999529943
YOLOv11s,train_S2A_MSIL2A_20200818T142741_N0214_R053_T20LMP_20200818T165705_13_17.png,0.0,0.0,0.0,0.0,0.8313331604003906,0.02365679998183623
YOLOv11s,train_S2A_MSIL2A_20200818T142741_N0214_R053_T20LMP_20200818T165705_13_19.png,0.0,0.0,0.0,0.0,0.7758331298828125,0.026789800002006814
YOLOv11s,train_S2A_MSIL2A_20200818T142741_N0214_R053_T20LMP_20200818T165705_13_20.png,0.0,0.0,0.0,0.0,0.8346824645996094,0.02268629998434335
YOLOv11s,train_S2A_MSIL2A_20200818T142741_N0214_R053_T20LMP_20200818T165705_13_21.png,0.0,0.0,0.0,0.0,0.8598098754882812,0.027154200011864305
YOLOv11s,train_S2A_MSIL2A_20200818T142741_N0214_R053_T20LMP_20200818T165705_14_01.png,0.0,0.0,0.0,0.0,0.10222625732421875,0.02376199999707751
YOLOv11s,train_S2A_MSIL2A_20200818T142741_N0214_R053_T20LMP_20200818T165705_14_04.png,0.0,0.0,0.0,0.0,0.7368316650390625,0.026386999990791082
YOLOv11s,train_S2A_MSIL2A_20200818T142741_N0214_R053_T20LMP_20200818T165705_14_07.png,0.0,0.0,0.0,0.0,0.7128982543945312,0.02420479999273084
YOLOv11s,train_S2A_MSIL2A_20200818T142741_N0214_R053_T20LMP_20200818T165705_14_08.png,0.0,0.0,0.0,0.0,0.387237548828125,0.023783899989211932
YOLOv11s,train_S2A_MSIL2A_20200818T142741_N0214_R053_T20LMP_20200818T165705_14_09.png,0.0,0.0,0.0,0.0,0.16090011596679688,0.024704699986614287
YOLOv11s,train_S2A_MSIL2A_20200818T142741_N0214_R053_T20LMP_20200818T165705_14_16.png,0.0,0.0,0.0,0.0,0.02002716064453125,0.023968599998624995
YOLOv11s,train_S2A_MSIL2A_20200818T142741_N0214_R053_T20LMP_20200818T165705_14_17.png,0.0,0.0,0.0,0.0,0.8065948486328125,0.022950999991735443
YOLOv11s,train_S2A_MSIL2A_20200818T142741_N0214_R053_T20LMP_20200818T165705_14_19.png,0.0,0.0,0.0,0.0,0.8686141967773438,0.03620939998654649
YOLOv11s,train_S2A_MSIL2A_20200818T142741_N0214_R053_T20LMP_20200818T165705_15_01.png,0.0,0.0,0.0,0.0,0.022357940673828125,0.03798049999750219
YOLOv11s,train_S2A_MSIL2A_20200818T142741_N0214_R053_T20LMP_20200818T165705_15_02.png,0.0,0.0,0.0,0.0,0.00688934326171875,0.03307380000478588
YOLOv11s,train_S2A_MSIL2A_20200818T142741_N0214_R053_T20LMP_20200818T165705_15_03.png,0.9775590881686292,0.9886522167829874,0.9904237963056034,0.986886963623266,0.9775657653808594,0.026039899996249005
YOLOv11s,train_S2A_MSIL2A_20200818T142741_N0214_R053_T20LMP_20200818T165705_15_05.png,0.0,0.0,0.0,0.0,0.7114181518554688,0.02463739999802783
YOLOv11s,train_S2A_MSIL2A_20200818T142741_N0214_R053_T20LMP_20200818T165705_15_06.png,0.0,0.0,0.0,0.0,0.7232856750488281,0.023304600006667897
YOLOv11s,train_S2A_MSIL2A_20200818T142741_N0214_R053_T20LMP_20200818T165705_15_07.png,0.0,0.0,0.0,0.0,0.6852798461914062,0.03621599997859448
YOLOv11s,train_S2A_MSIL2A_20200818T142741_N0214_R053_T20LMP_20200818T165705_15_08.png,0.0,0.0,0.0,0.0,0.2578239440917969,0.034688099985942245
YOLOv11s,train_S2A_MSIL2A_20200818T142741_N0214_R053_T20LMP_20200818T165705_15_09.png,0.0,0.0,0.0,0.0,0.22333908081054688,0.024343500001123175
YOLOv11s,train_S2A_MSIL2A_20200818T142741_N0214_R053_T20LMP_20200818T165705_15_10.png,0.0,0.0,0.0,0.0,0.22837448120117188,0.04079859997727908
YOLOv11s,train_S2A_MSIL2A_20200818T142741_N0214_R053_T20LMP_20200818T165705_15_12.png,0.0,0.0,0.0,0.0,0.01068115234375,0.04260839999187738
YOLOv11s,train_S2A_MSIL2A_20200818T142741_N0214_R053_T20LMP_20200818T165705_15_13.png,0.0,0.0,0.0,0.0,0.003635406494140625,0.040174399997340515
YOLOv11s,train_S2A_MSIL2A_20200818T142741_N0214_R053_T20LMP_20200818T165705_15_14.png,0.0,0.0,0.0,0.0,0.003856658935546875,0.03861749998759478
YOLOv11s,train_S2A_MSIL2A_20200818T142741_N0214_R053_T20LMP_20200818T165705_15_15.png,0.9896812438964844,0.9948138647156828,0.9994260135291307,0.9902440886276456,0.9896812438964844,0.03452379998634569
YOLOv11s,train_S2A_MSIL2A_20200818T142741_N0214_R053_T20LMP_20200818T165705_15_16.png,0.0,0.0,0.0,0.0,0.0118560791015625,0.03781069998512976
YOLOv11s,train_S2A_MSIL2A_20200818T142741_N0214_R053_T20LMP_20200818T165705_15_17.png,0.0,0.0,0.0,0.0,0.17700958251953125,0.025456000003032386
YOLOv11s,train_S2A_MSIL2A_20200818T142741_N0214_R053_T20LMP_20200818T165705_15_18.png,0.0,0.0,0.0,0.0,0.8600807189941406,0.02504070001305081
YOLOv11s,train_S2A_MSIL2A_20200818T142741_N0214_R053_T20LMP_20200818T165705_15_19.png,0.0,0.0,0.0,0.0,0.8637809753417969,0.03986460002488457
YOLOv11s,train_S2A_MSIL2A_20200818T142741_N0214_R053_T20LMP_20200818T165705_15_20.png,0.0,0.0,0.0,0.0,0.9280128479003906,0.026807200018083677
YOLOv11s,train_S2A_MSIL2A_20200818T142741_N0214_R053_T20LMP_20200818T165705_16_05.png,0.0,0.0,0.0,0.0,0.3541069030761719,0.036772699997527525
YOLOv11s,train_S2A_MSIL2A_20200818T142741_N0214_R053_T20LMP_20200818T165705_16_06.png,0.0,0.0,0.0,0.0,0.6802101135253906,0.028258100006496534
YOLOv11s,train_S2A_MSIL2A_20200818T142741_N0214_R053_T20LMP_20200818T165705_16_09.png,0.0,0.0,0.0,0.0,0.35345458984375,0.03716590002295561
YOLOv11s,train_S2A_MSIL2A_20200818T142741_N0214_R053_T20LMP_20200818T165705_16_14.png,0.0,0.0,0.0,0.0,0.00185394287109375,0.027431499998783693
YOLOv11s,train_S2A_MSIL2A_20200818T142741_N0214_R053_T20LMP_20200818T165705_16_15.png,0.0,0.0,0.0,0.0,0.002597808837890625,0.03275519999442622
YOLOv11s,train_S2A_MSIL2A_20200818T142741_N0214_R053_T20LMP_20200818T165705_16_16.png,0.0,0.0,0.0,0.0,0.013824462890625,0.027431499998783693
YOLOv11s,train_S2A_MSIL2A_20200818T142741_N0214_R053_T20LMP_20200818T165705_16_18.png,0.0,0.0,0.0,0.0,0.20042037963867188,0.03533319997950457
YOLOv11s,train_S2A_MSIL2A_20200818T142741_N0214_R053_T20LMP_20200818T165705_16_19.png,0.0,0.0,0.0,0.0,0.7223663330078125,0.026256199984345585
YOLOv11s,train_S2A_MSIL2A_20200818T142741_N0214_R053_T20LMP_20200818T165705_16_20.png,0.0,0.0,0.0,0.0,0.8351707458496094,0.038522300019394606
YOLOv11s,train_S2A_MSIL2A_20200818T142741_N0214_R053_T20LMP_20200818T165705_16_21.png,0.0,0.0,0.0,0.0,0.8493537902832031,0.03546509999432601
YOLOv11s,train_S2A_MSIL2A_20200818T142741_N0214_R053_T20LMP_20200818T165705_17_05.png,0.0,0.0,0.0,0.0,0.044521331787109375,0.032988599996315315
YOLOv11s,train_S2A_MSIL2A_20200818T142741_N0214_R053_T20LMP_20200818T165705_17_06.png,0.808487975944198,0.8941037891303562,0.8177260776901417,0.9862191890053706,0.8100090026855469,0.028195399994729087
YOLOv11s,train_S2A_MSIL2A_20200818T142741_N0214_R053_T20LMP_20200818T165705_17_07.png,0.8379277711634154,0.9118179553193256,0.8459301093702447,0.9888365013532195,0.837982177734375,0.029926099989097565
YOLOv11s,train_S2A_MSIL2A_20200818T142741_N0214_R053_T20LMP_20200818T165705_17_08.png,0.0,0.0,0.0,0.0,0.20833587646484375,0.033407699986128137
YOLOv11s,train_S2A_MSIL2A_20200818T142741_N0214_R053_T20LMP_20200818T165705_17_10.png,0.0,0.0,0.0,0.0,0.03167724609375,0.04274120001355186
YOLOv11s,train_S2A_MSIL2A_20200818T142741_N0214_R053_T20LMP_20200818T165705_17_11.png,0.0,0.0,0.0,0.0,0.042896270751953125,0.02536649999092333
YOLOv11s,train_S2A_MSIL2A_20200818T142741_N0214_R053_T20LMP_20200818T165705_17_13.png,0.0,0.0,0.0,0.0,0.012416839599609375,0.029644800000824034
YOLOv11s,train_S2A_MSIL2A_20200818T142741_N0214_R053_T20LMP_20200818T165705_17_16.png,0.0,0.0,0.0,0.0,0.020793914794921875,0.039676499989582226
YOLOv11s,train_S2A_MSIL2A_20200818T142741_N0214_R053_T20LMP_20200818T165705_17_17.png,0.0,0.0,0.0,0.0,0.07855606079101562,0.02483750000828877
YOLOv11s,train_S2A_MSIL2A_20200818T142741_N0214_R053_T20LMP_20200818T165705_17_18.png,0.0,0.0,0.0,0.0,0.08995437622070312,0.030073199974140152
YOLOv11s,train_S2A_MSIL2A_20200818T142741_N0214_R053_T20LMP_20200818T165705_17_19.png,0.0,0.0,0.0,0.0,0.11837005615234375,0.026576400006888434
YOLOv11s,train_S2A_MSIL2A_20200818T142741_N0214_R053_T20LMP_20200818T165705_17_20.png,0.0,0.0,0.0,0.0,0.7849159240722656,0.025743500009411946
YOLOv11s,train_S2A_MSIL2A_20200818T142741_N0214_R053_T20LMP_20200818T165705_17_21.png,0.0,0.0,0.0,0.0,0.7779045104980469,0.026657800015527755
YOLOv11s,train_S2A_MSIL2A_20200818T142741_N0214_R053_T20LMP_20200818T165705_18_06.png,0.9645324594566755,0.9819460653996354,0.9946770633755995,0.9695368403291739,0.9645347595214844,0.033960399974603206
YOLOv11s,train_S2A_MSIL2A_20200818T142741_N0214_R053_T20LMP_20200818T165705_18_07.png,0.9786940217370571,0.9892323027062877,0.9882815208598174,0.990184915724591,0.9786949157714844,0.04204179998487234
YOLOv11s,train_S2A_MSIL2A_20200818T142741_N0214_R053_T20LMP_20200818T165705_18_10.png,0.0,0.0,0.0,0.0,0.058135986328125,0.0341731000225991
YOLOv11s,train_S2A_MSIL2A_20200818T142741_N0214_R053_T20LMP_20200818T165705_18_14.png,0.0,0.0,0.0,0.0,0.005878448486328125,0.02698319999035448
YOLOv11s,train_S2A_MSIL2A_20200818T142741_N0214_R053_T20LMP_20200818T165705_18_15.png,0.0,0.0,0.0,0.0,0.020748138427734375,0.0249177000077907
YOLOv11s,train_S2A_MSIL2A_20200818T142741_N0214_R053_T20LMP_20200818T165705_18_16.png,0.0,0.0,0.0,0.0,0.033153533935546875,0.03114460001233965
YOLOv11s,train_S2A_MSIL2A_20200818T142741_N0214_R053_T20LMP_20200818T165705_18_17.png,0.0,0.0,0.0,0.0,0.08621978759765625,0.02844359999289736
YOLOv11s,train_S2A_MSIL2A_20200818T142741_N0214_R053_T20LMP_20200818T165705_18_18.png,0.0,0.0,0.0,0.0,0.02764892578125,0.025243900017812848
YOLOv11s,train_S2A_MSIL2A_20200818T142741_N0214_R053_T20LMP_20200818T165705_19_16.png,0.0,0.0,0.0,0.0,0.01702117919921875,0.025189699983457103
YOLOv11s,train_S2A_MSIL2A_20200818T142741_N0214_R053_T20LMP_20200818T165705_19_17.png,0.0,0.0,0.0,0.0,0.036529541015625,0.024930700019467622
YOLOv11s,train_S2A_MSIL2A_20200818T142741_N0214_R053_T20LMP_20200818T165705_20_01.png,0.9795799255371094,0.9896846425852949,0.9992645342049965,0.9802866904621023,0.9795799255371094,0.027079699997557327
YOLOv11s,train_S2A_MSIL2A_20200818T142741_N0214_R053_T20LMP_20200818T165705_20_06.png,0.0,0.0,0.0,0.0,0.47835540771484375,0.025702200015075505
YOLOv11s,train_S2A_MSIL2A_20200818T142741_N0214_R053_T20LMP_20200818T165705_20_14.png,0.0,0.0,0.0,0.0,0.08772659301757812,0.03827029999229126
YOLOv11s,train_S2A_MSIL2A_20200818T142741_N0214_R053_T20LMP_20200818T165705_20_15.png,0.0,0.0,0.0,0.0,0.024730682373046875,0.02564509998774156
YOLOv11s,train_S2A_MSIL2A_20200818T142741_N0214_R053_T20LMP_20200818T165705_20_17.png,0.0,0.0,0.0,0.0,0.03447723388671875,0.02505239998572506
YOLOv11s,train_S2A_MSIL2A_20200818T142741_N0214_R053_T20LMP_20200818T165705_20_18.png,0.0,0.0,0.0,0.0,0.01085662841796875,0.02546860001166351
YOLOv11s,train_S2A_MSIL2A_20200818T142741_N0214_R053_T20LMP_20200818T165705_21_04.png,0.9682488787098006,0.9838683402116238,0.9990350607714787,0.9691552363122301,0.9682693481445312,0.029724199994234368
YOLOv11s,train_S2A_MSIL2A_20200818T142741_N0214_R053_T20LMP_20200818T165705_21_05.png,0.8759288929579614,0.9338615085530222,0.9976147546325462,0.8777672014709986,0.8759307861328125,0.02883359999395907
YOLOv11s,train_S2A_MSIL2A_20200818T142741_N0214_R053_T20LMP_20200818T165705_21_06.png,0.5937166258173073,0.745071760185511,0.8284046504896522,0.6769721366839982,0.5965652465820312,0.03050190000794828
YOLOv11s,train_S2A_MSIL2A_20200818T142741_N0214_R053_T20LMP_20200818T165705_21_17.png,0.0,0.0,0.0,0.0,0.022640228271484375,0.026136600004974753
YOLOv11s,train_S2A_MSIL2A_20200818T142741_N0214_R053_T20LMP_20200818T165705_21_18.png,0.0,0.0,0.0,0.0,0.012302398681640625,0.03320249999524094
YOLOv11s,train_S2B_MSIL2A_20200202T141649_N0213_R010_T20LQN_20200202T164215_03_02.png,0.0,0.0,0.0,0.0,0.011814117431640625,0.021182199998293072
YOLOv11s,train_S2B_MSIL2A_20200202T141649_N0213_R010_T20LQN_20200202T164215_03_04.png,0.0,0.0,0.0,0.0,0.011501312255859375,0.02093779999995604
YOLOv11s,train_S2B_MSIL2A_20200202T141649_N0213_R010_T20LQN_20200202T164215_04_02.png,0.0,0.0,0.0,0.0,0.00690460205078125,0.02118839998729527
YOLOv11s,train_S2B_MSIL2A_20200202T141649_N0213_R010_T20LQN_20200202T164215_04_03.png,0.0,0.0,0.0,0.0,7.62939453125e-06,0.02082559998962097
YOLOv11s,train_S2B_MSIL2A_20200202T141649_N0213_R010_T20LQN_20200202T164215_04_04.png,0.0,0.0,0.0,0.0,8.392333984375e-05,0.02050849999068305
YOLOv11s,train_S2B_MSIL2A_20200202T141649_N0213_R010_T20LQN_20200202T164215_04_06.png,0.0,0.0,0.0,0.0,0.6703567504882812,0.025029299984453246
YOLOv11s,train_S2B_MSIL2A_20200202T141649_N0213_R010_T20LQN_20200202T164215_04_09.png,0.0,0.0,0.0,0.0,0.020721435546875,0.022162800014484674
YOLOv11s,train_S2B_MSIL2A_20200202T141649_N0213_R010_T20LQN_20200202T164215_05_10.png,0.0,0.0,0.0,0.0,0.004474639892578125,0.024574899987783283
YOLOv11s,train_S2B_MSIL2A_20200202T141649_N0213_R010_T20LQN_20200202T164215_05_11.png,0.0,0.0,0.0,0.0,0.015377044677734375,0.022431199991842732
YOLOv11s,train_S2B_MSIL2A_20200202T141649_N0213_R010_T20LQN_20200202T164215_05_12.png,0.0,0.0,0.0,0.0,0.0263214111328125,0.02507919998606667
YOLOv11s,train_S2B_MSIL2A_20200202T141649_N0213_R010_T20LQN_20200202T164215_05_21.png,0.0,0.0,0.0,0.0,0.000965118408203125,0.018074499996146187
YOLOv11s,train_S2B_MSIL2A_20200202T141649_N0213_R010_T20LQN_20200202T164215_06_11.png,0.0,0.0,0.0,0.0,0.001316070556640625,0.018160200008424
YOLOv11s,train_S2B_MSIL2A_20200202T141649_N0213_R010_T20LQN_20200202T164215_06_12.png,0.0,0.0,0.0,0.0,0.00148773193359375,0.017951799993170425
YOLOv11s,train_S2B_MSIL2A_20200202T141649_N0213_R010_T20LQN_20200202T164215_07_11.png,0.0,0.0,0.0,0.0,6.866455078125e-05,0.017867799993837252
YOLOv11s,train_S2B_MSIL2A_20200202T141649_N0213_R010_T20LQN_20200202T164215_07_17.png,0.0,0.0,0.0,0.0,0.004779815673828125,0.01911709998967126
YOLOv11s,train_S2B_MSIL2A_20200202T141649_N0213_R010_T20LQN_20200202T164215_08_11.png,0.0,0.0,0.0,0.0,0.0,0.01835529998061247
YOLOv11s,train_S2B_MSIL2A_20200202T141649_N0213_R010_T20LQN_20200202T164215_08_14.png,0.0,0.0,0.0,0.0,0.00867462158203125,0.01965790000394918
YOLOv11s,train_S2B_MSIL2A_20200202T141649_N0213_R010_T20LQN_20200202T164215_09_11.png,0.0,0.0,0.0,0.0,0.0001373291015625,0.019161000003805384
YOLOv11s,train_S2B_MSIL2A_20200202T141649_N0213_R010_T20LQN_20200202T164215_10_05.png,0.0,0.0,0.0,0.0,0.28417205810546875,0.021033199998782948
YOLOv11s,train_S2B_MSIL2A_20200202T141649_N0213_R010_T20LQN_20200202T164215_10_06.png,0.0,0.0,0.0,0.0,0.32762908935546875,0.020902799995383248
YOLOv11s,train_S2B_MSIL2A_20200202T141649_N0213_R010_T20LQN_20200202T164215_11_05.png,0.0,0.0,0.0,0.0,0.5074653625488281,0.022080700000515208
YOLOv11s,train_S2B_MSIL2A_20200202T141649_N0213_R010_T20LQN_20200202T164215_11_06.png,0.0,0.0,0.0,0.0,0.5324211120605469,0.02272909999010153
YOLOv11s,train_S2B_MSIL2A_20200202T141649_N0213_R010_T20LQN_20200202T164215_11_07.png,0.0,0.0,0.0,0.0,0.2935295104980469,0.021423400001367554
YOLOv11s,train_S2B_MSIL2A_20200202T141649_N0213_R010_T20LQN_20200202T164215_12_03.png,0.0,0.0,0.0,0.0,0.6591339111328125,0.023028199997497723
YOLOv11s,train_S2B_MSIL2A_20200202T141649_N0213_R010_T20LQN_20200202T164215_13_04.png,0.0,0.0,0.0,0.0,0.6973075866699219,0.022257600008742884
YOLOv11s,train_S2B_MSIL2A_20200202T141649_N0213_R010_T20LQN_20200202T164215_13_14.png,0.0,0.0,0.0,0.0,1.52587890625e-05,0.018067900004098192
YOLOv11s,train_S2B_MSIL2A_20200202T141649_N0213_R010_T20LQN_20200202T164215_16_08.png,0.0,0.0,0.0,0.0,0.6018486022949219,0.02519780001603067
YOLOv11s,train_S2B_MSIL2A_20200202T141649_N0213_R010_T20LQN_20200202T164215_18_10.png,0.0,0.0,0.0,0.0,0.3902168273925781,0.021754099987447262
YOLOv11s,train_S2B_MSIL2A_20200202T141649_N0213_R010_T20LQN_20200202T164215_20_13.png,0.0,0.0,0.0,0.0,0.10293197631835938,0.021822899987455457
YOLOv11s,val_S2A_MSIL2A_20200111T142701_N0213_R053_T20NQG_20200111T164651_01_04.png,0.6182414547128553,0.7640904920737648,0.6306700113096938,0.9691089275620287,0.6203880310058594,0.02341090000118129
YOLOv11s,val_S2A_MSIL2A_20200111T142701_N0213_R053_T20NQG_20200111T164651_01_05.png,0.0,0.0,0.0,0.0,0.31932830810546875,0.025555400003213435
YOLOv11s,val_S2A_MSIL2A_20200111T142701_N0213_R053_T20NQG_20200111T164651_01_12.png,0.0,0.0,0.0,0.0,0.2932472229003906,0.02266259997850284
YOLOv11s,val_S2A_MSIL2A_20200111T142701_N0213_R053_T20NQG_20200111T164651_01_14.png,0.0,0.0,0.0,0.0,0.3446235656738281,0.04033630000776611
YOLOv11s,val_S2A_MSIL2A_20200111T142701_N0213_R053_T20NQG_20200111T164651_02_12.png,0.0,0.0,0.0,0.0,0.2871360778808594,0.03678379999473691
YOLOv11s,val_S2A_MSIL2A_20200111T142701_N0213_R053_T20NQG_20200111T164651_11_12.png,0.0,0.0,0.0,0.0,0.216705322265625,0.024218800012022257
YOLOv11s,val_S2A_MSIL2A_20200111T142701_N0213_R053_T20NQG_20200111T164651_12_06.png,0.04248540198246647,0.08150790773985539,0.059836194146909875,0.1277922015769134,0.08171463012695312,0.024810400005662814
YOLOv11s,val_S2A_MSIL2A_20200111T142701_N0213_R053_T20NQG_20200111T164651_12_08.png,0.0,0.0,0.0,0.0,0.6120643615722656,0.03183719998924062
YOLOv11s,val_S2A_MSIL2A_20200111T142701_N0213_R053_T20NQG_20200111T164651_12_16.png,0.0,0.0,0.0,0.0,0.22155380249023438,0.023138599994126707
YOLOv11s,val_S2A_MSIL2A_20200111T142701_N0213_R053_T20NQG_20200111T164651_14_12.png,0.0,0.0,0.0,0.0,0.7540359497070312,0.02286850000382401
YOLOv11s,val_S2A_MSIL2A_20200111T142701_N0213_R053_T20NQG_20200111T164651_14_13.png,0.0,0.0,0.0,0.0,0.11713027954101562,0.022854799986816943
YOLOv11s,val_S2A_MSIL2A_20200111T142701_N0213_R053_T20NQG_20200111T164651_15_01.png,0.0,0.0,0.0,0.0,0.49146270751953125,0.023714100010693073
YOLOv11s,val_S2A_MSIL2A_20200111T142701_N0213_R053_T20NQG_20200111T164651_19_08.png,1.0,1.0,0.0,0.0,1.0,0.023223399999551475
YOLOv11s,val_S2A_MSIL2A_20200115T140641_N0213_R110_T21LUH_20200115T163049_01_04.png,0.0,0.0,0.0,0.0,0.8509292602539062,0.024260399979539216
YOLOv11s,val_S2A_MSIL2A_20200115T140641_N0213_R110_T21LUH_20200115T163049_05_15.png,0.0,0.0,0.0,0.0,0.4757118225097656,0.023147900006733835
YOLOv11s,val_S2A_MSIL2A_20200115T140641_N0213_R110_T21LUH_20200115T163049_06_05.png,0.0,0.0,0.0,0.0,0.86505126953125,0.023358199978247285
YOLOv11s,val_S2A_MSIL2A_20200115T140641_N0213_R110_T21LUH_20200115T163049_06_08.png,0.0,0.0,0.0,0.0,0.8009757995605469,0.025720199977513403
YOLOv11s,val_S2A_MSIL2A_20200115T140641_N0213_R110_T21LUH_20200115T163049_06_10.png,0.0,0.0,0.0,0.0,0.7020072937011719,0.027275500004179776
YOLOv11s,val_S2A_MSIL2A_20200115T140641_N0213_R110_T21LUH_20200115T163049_07_07.png,0.0,0.0,0.0,0.0,0.7637176513671875,0.028855400014435872
YOLOv11s,val_S2A_MSIL2A_20200115T140641_N0213_R110_T21LUH_20200115T163049_09_15.png,0.2922243403230661,0.45228112674306653,0.3111951620830395,0.8273961706721209,0.327239990234375,0.029587199998786673
YOLOv11s,val_S2A_MSIL2A_20200217T141651_N0209_R010_T20LQN_20200217T160045_01_21.png,0.0,0.0,0.0,0.0,0.13463973999023438,0.02160619999631308
YOLOv11s,val_S2A_MSIL2A_20200217T141651_N0209_R010_T20LQN_20200217T160045_03_18.png,0.0,0.0,0.0,0.0,0.116455078125,0.027862399991136044
YOLOv11s,val_S2A_MSIL2A_20200217T141651_N0209_R010_T20LQN_20200217T160045_03_20.png,0.0,0.0,0.0,0.0,0.22586822509765625,0.03057119998265989
YOLOv11s,val_S2A_MSIL2A_20200217T141651_N0209_R010_T20LQN_20200217T160045_05_06.png,0.0,0.0,0.0,0.0,0.7881813049316406,0.0288394000090193
YOLOv11s,val_S2A_MSIL2A_20200217T141651_N0209_R010_T20LQN_20200217T160045_05_15.png,0.0,0.0,0.0,0.0,0.110107421875,0.027730900008464232
YOLOv11s,val_S2A_MSIL2A_20200217T141651_N0209_R010_T20LQN_20200217T160045_06_15.png,0.0,0.0,0.0,0.0,0.10819244384765625,0.02684229999431409
YOLOv11s,val_S2A_MSIL2A_20200217T141651_N0209_R010_T20LQN_20200217T160045_06_21.png,0.0,0.0,0.0,0.0,0.08015823364257812,0.026518899976508692
YOLOv11s,val_S2A_MSIL2A_20200217T141651_N0209_R010_T20LQN_20200217T160045_07_15.png,0.0,0.0,0.0,0.0,0.11628341674804688,0.026965700002619997
YOLOv11s,val_S2A_MSIL2A_20200217T141651_N0209_R010_T20LQN_20200217T160045_08_08.png,0.0,0.0,0.0,0.0,0.54241943359375,0.03585630000452511
YOLOv11s,val_S2A_MSIL2A_20200217T141651_N0209_R010_T20LQN_20200217T160045_09_15.png,0.0,0.0,0.0,0.0,0.1088409423828125,0.03581790000316687
YOLOv11s,val_S2A_MSIL2A_20200217T141651_N0209_R010_T20LQN_20200217T160045_09_21.png,0.0,0.0,0.0,0.0,0.0380096435546875,0.02407600000151433
YOLOv11s,val_S2A_MSIL2A_20200217T141651_N0209_R010_T20LQN_20200217T160045_10_02.png,0.0,0.0,0.0,0.0,0.6653480529785156,0.02752250002231449
YOLOv11s,val_S2A_MSIL2A_20200217T141651_N0209_R010_T20LQN_20200217T160045_10_14.png,0.0,0.0,0.0,0.0,0.07329940795898438,0.023888600000645965
YOLOv11s,val_S2A_MSIL2A_20200217T141651_N0209_R010_T20LQN_20200217T160045_11_03.png,0.0,0.0,0.0,0.0,0.8767166137695312,0.030278499994892627
YOLOv11s,val_S2A_MSIL2A_20200217T141651_N0209_R010_T20LQN_20200217T160045_13_07.png,0.0,0.0,0.0,0.0,0.5525398254394531,0.026209899981040508
YOLOv11s,val_S2A_MSIL2A_20200217T141651_N0209_R010_T20LQN_20200217T160045_13_16.png,0.0,0.0,0.0,0.0,0.20554351806640625,0.027088800008641556
YOLOv11s,val_S2A_MSIL2A_20200217T141651_N0209_R010_T20LQN_20200217T160045_14_04.png,0.0,0.0,0.0,0.0,0.862579345703125,0.02858019998529926
YOLOv11s,val_S2A_MSIL2A_20200217T141651_N0209_R010_T20LQN_20200217T160045_15_19.png,0.0,0.0,0.0,0.0,0.07300567626953125,0.02435009999317117
YOLOv11s,val_S2A_MSIL2A_20200217T141651_N0209_R010_T20LQN_20200217T160045_15_21.png,0.0,0.0,0.0,0.0,0.109466552734375,0.02157949999673292
YOLOv11s,val_S2A_MSIL2A_20200217T141651_N0209_R010_T20LQN_20200217T160045_17_06.png,0.05122369735442916,0.09745537031431407,0.058713808848854764,0.2864963503649635,0.10145950317382812,0.026847700006328523
YOLOv11s,val_S2A_MSIL2A_20200217T141651_N0209_R010_T20LQN_20200217T160045_17_17.png,0.0,0.0,0.0,0.0,0.09857177734375,0.02071720000822097
YOLOv11s,val_S2A_MSIL2A_20200217T141651_N0209_R010_T20LQN_20200217T160045_20_04.png,0.2789300332699026,0.43619279556169094,0.3010232282243822,0.7916868566295959,0.33940887451171875,0.023027499992167577
YOLOv11s,val_S2A_MSIL2A_20200217T141651_N0209_R010_T20LQN_20200217T160045_20_18.png,0.0,0.0,0.0,0.0,0.10811614990234375,0.021716999995987862
YOLOv11s,val_S2A_MSIL2A_20200818T142741_N0214_R053_T20LMP_20200818T165705_01_01.png,0.0,0.0,0.0,0.0,0.7515487670898438,0.023054399993270636
YOLOv11s,val_S2A_MSIL2A_20200818T142741_N0214_R053_T20LMP_20200818T165705_01_06.png,0.0,0.0,0.0,0.0,0.45024871826171875,0.02472210000269115
YOLOv11s,val_S2A_MSIL2A_20200818T142741_N0214_R053_T20LMP_20200818T165705_01_11.png,0.0,0.0,0.0,0.0,0.5774650573730469,0.030924399994546548
YOLOv11s,val_S2A_MSIL2A_20200818T142741_N0214_R053_T20LMP_20200818T165705_03_05.png,0.0,0.0,0.0,0.0,0.7931098937988281,0.025159500015433878
YOLOv11s,val_S2A_MSIL2A_20200818T142741_N0214_R053_T20LMP_20200818T165705_03_08.png,0.0,0.0,0.0,0.0,0.8326835632324219,0.026730000012321398
YOLOv11s,val_S2A_MSIL2A_20200818T142741_N0214_R053_T20LMP_20200818T165705_03_12.png,0.0,0.0,0.0,0.0,0.8703079223632812,0.028644399979384616
YOLOv11s,val_S2A_MSIL2A_20200818T142741_N0214_R053_T20LMP_20200818T165705_03_16.png,0.0,0.0,0.0,0.0,0.8142814636230469,0.025402599974768236
YOLOv11s,val_S2A_MSIL2A_20200818T142741_N0214_R053_T20LMP_20200818T165705_03_21.png,0.0,0.0,0.0,0.0,0.7777671813964844,0.024405500007560477
YOLOv11s,val_S2A_MSIL2A_20200818T142741_N0214_R053_T20LMP_20200818T165705_04_06.png,0.0,0.0,0.0,0.0,0.8321762084960938,0.025805899989791214
YOLOv11s,val_S2A_MSIL2A_20200818T142741_N0214_R053_T20LMP_20200818T165705_04_09.png,0.0,0.0,0.0,0.0,0.6206016540527344,0.02311000000918284
YOLOv11s,val_S2A_MSIL2A_20200818T142741_N0214_R053_T20LMP_20200818T165705_04_10.png,0.0,0.0,0.0,0.0,0.5830459594726562,0.022399699984816834
YOLOv11s,val_S2A_MSIL2A_20200818T142741_N0214_R053_T20LMP_20200818T165705_05_11.png,0.0,0.0,0.0,0.0,0.5983734130859375,0.025728799984790385
YOLOv11s,val_S2A_MSIL2A_20200818T142741_N0214_R053_T20LMP_20200818T165705_05_19.png,0.0,0.0,0.0,0.0,0.7525596618652344,0.02784550000797026
YOLOv11s,val_S2A_MSIL2A_20200818T142741_N0214_R053_T20LMP_20200818T165705_05_21.png,0.0,0.0,0.0,0.0,0.7571830749511719,0.02993710001464933
YOLOv11s,val_S2A_MSIL2A_20200818T142741_N0214_R053_T20LMP_20200818T165705_06_14.png,0.0,0.0,0.0,0.0,0.7907752990722656,0.02429380000103265
YOLOv11s,val_S2A_MSIL2A_20200818T142741_N0214_R053_T20LMP_20200818T165705_08_01.png,0.0,0.0,0.0,0.0,0.7839164733886719,0.029874100000597537
YOLOv11s,val_S2A_MSIL2A_20200818T142741_N0214_R053_T20LMP_20200818T165705_08_14.png,0.0,0.0,0.0,0.0,0.7995185852050781,0.024222100008046255
YOLOv11s,val_S2A_MSIL2A_20200818T142741_N0214_R053_T20LMP_20200818T165705_08_16.png,0.0,0.0,0.0,0.0,0.6070175170898438,0.021105899999383837
YOLOv11s,val_S2A_MSIL2A_20200818T142741_N0214_R053_T20LMP_20200818T165705_09_04.png,0.0,0.0,0.0,0.0,0.7803840637207031,0.02118380001047626
YOLOv11s,val_S2A_MSIL2A_20200818T142741_N0214_R053_T20LMP_20200818T165705_09_13.png,0.0,0.0,0.0,0.0,0.7025260925292969,0.023817500012228265
YOLOv11s,val_S2A_MSIL2A_20200818T142741_N0214_R053_T20LMP_20200818T165705_09_19.png,0.0,0.0,0.0,0.0,0.6688117980957031,0.025151100009679794
YOLOv11s,val_S2A_MSIL2A_20200818T142741_N0214_R053_T20LMP_20200818T165705_09_20.png,0.0,0.0,0.0,0.0,0.7439422607421875,0.025502600008621812
YOLOv11s,val_S2A_MSIL2A_20200818T142741_N0214_R053_T20LMP_20200818T165705_10_08.png,0.0,0.0,0.0,0.0,0.8647613525390625,0.02178850001655519
YOLOv11s,val_S2A_MSIL2A_20200818T142741_N0214_R053_T20LMP_20200818T165705_10_15.png,0.0,0.0,0.0,0.0,0.6877479553222656,0.022738500003470108
YOLOv11s,val_S2A_MSIL2A_20200818T142741_N0214_R053_T20LMP_20200818T165705_11_11.png,0.0,0.0,0.0,0.0,0.7030143737792969,0.026102400006493554
YOLOv11s,val_S2A_MSIL2A_20200818T142741_N0214_R053_T20LMP_20200818T165705_11_12.png,0.0,0.0,0.0,0.0,0.7822380065917969,0.022250399983022362
YOLOv11s,val_S2A_MSIL2A_20200818T142741_N0214_R053_T20LMP_20200818T165705_11_19.png,0.0,0.0,0.0,0.0,0.4407615661621094,0.020805800013476983
YOLOv11s,val_S2A_MSIL2A_20200818T142741_N0214_R053_T20LMP_20200818T165705_12_04.png,0.0,0.0,0.0,0.0,0.7369194030761719,0.028232700016815215
YOLOv11s,val_S2A_MSIL2A_20200818T142741_N0214_R053_T20LMP_20200818T165705_12_05.png,0.0,0.0,0.0,0.0,0.84783935546875,0.024829100002534688
YOLOv11s,val_S2A_MSIL2A_20200818T142741_N0214_R053_T20LMP_20200818T165705_12_10.png,0.0,0.0,0.0,0.0,0.6171875,0.02493420001701452
YOLOv11s,val_S2A_MSIL2A_20200818T142741_N0214_R053_T20LMP_20200818T165705_13_04.png,0.0,0.0,0.0,0.0,0.8688697814941406,0.024394000007305294
YOLOv11s,val_S2A_MSIL2A_20200818T142741_N0214_R053_T20LMP_20200818T165705_13_06.png,0.0,0.0,0.0,0.0,0.7975654602050781,0.024438100022962317
YOLOv11s,val_S2A_MSIL2A_20200818T142741_N0214_R053_T20LMP_20200818T165705_13_14.png,0.0,0.0,0.0,0.0,0.0088043212890625,0.024864800012437627
YOLOv11s,val_S2A_MSIL2A_20200818T142741_N0214_R053_T20LMP_20200818T165705_14_02.png,0.0,0.0,0.0,0.0,0.038360595703125,0.027142600010847673
YOLOv11s,val_S2A_MSIL2A_20200818T142741_N0214_R053_T20LMP_20200818T165705_14_03.png,0.0,0.0,0.0,0.0,0.07509231567382812,0.026156699983403087
YOLOv11s,val_S2A_MSIL2A_20200818T142741_N0214_R053_T20LMP_20200818T165705_14_05.png,0.0,0.0,0.0,0.0,0.6212692260742188,0.023847200005548075
YOLOv11s,val_S2A_MSIL2A_20200818T142741_N0214_R053_T20LMP_20200818T165705_14_06.png,0.0,0.0,0.0,0.0,0.6093673706054688,0.030911000008927658
YOLOv11s,val_S2A_MSIL2A_20200818T142741_N0214_R053_T20LMP_20200818T165705_14_18.png,0.0,0.0,0.0,0.0,0.91766357421875,0.02575339999748394
YOLOv11s,val_S2A_MSIL2A_20200818T142741_N0214_R053_T20LMP_20200818T165705_15_04.png,0.0,0.0,0.0,0.0,0.11451339721679688,0.02348960001836531
YOLOv11s,val_S2A_MSIL2A_20200818T142741_N0214_R053_T20LMP_20200818T165705_15_11.png,0.0,0.0,0.0,0.0,0.05999755859375,0.02347590000135824
YOLOv11s,val_S2A_MSIL2A_20200818T142741_N0214_R053_T20LMP_20200818T165705_17_15.png,0.0,0.0,0.0,0.0,0.014156341552734375,0.023498900001868606
YOLOv11s,val_S2A_MSIL2A_20200818T142741_N0214_R053_T20LMP_20200818T165705_18_11.png,0.0,0.0,0.0,0.0,0.005931854248046875,0.023623699991730973
YOLOv11s,val_S2A_MSIL2A_20200818T142741_N0214_R053_T20LMP_20200818T165705_19_15.png,0.0,0.0,0.0,0.0,0.015415191650390625,0.023472700006095693
YOLOv11s,val_S2A_MSIL2A_20200818T142741_N0214_R053_T20LMP_20200818T165705_19_18.png,0.0,0.0,0.0,0.0,0.002880096435546875,0.023278500011656433
YOLOv11s,val_S2A_MSIL2A_20200818T142741_N0214_R053_T20LMP_20200818T165705_19_19.png,0.0,0.0,0.0,0.0,0.004863739013671875,0.022426499985158443
YOLOv11s,val_S2A_MSIL2A_20200818T142741_N0214_R053_T20LMP_20200818T165705_20_10.png,0.0,0.0,0.0,0.0,0.026947021484375,0.028152599988970906
YOLOv11s,val_S2A_MSIL2A_20200818T142741_N0214_R053_T20LMP_20200818T165705_20_16.png,0.0,0.0,0.0,0.0,0.0437469482421875,0.022827600012533367
YOLOv11s,val_S2A_MSIL2A_20200818T142741_N0214_R053_T20LMP_20200818T165705_21_21.png,0.0,0.0,0.0,0.0,0.8556594848632812,0.024987499986309558
YOLOv11s,val_S2B_MSIL2A_20200202T141649_N0213_R010_T20LQN_20200202T164215_02_07.png,0.0,0.0,0.0,0.0,0.209991455078125,0.025506300007691607
YOLOv11s,val_S2B_MSIL2A_20200202T141649_N0213_R010_T20LQN_20200202T164215_03_03.png,0.0,0.0,0.0,0.0,0.00066375732421875,0.018415200000163168
YOLOv11s,val_S2B_MSIL2A_20200202T141649_N0213_R010_T20LQN_20200202T164215_04_10.png,0.0,0.0,0.0,0.0,3.0517578125e-05,0.017941500002052635
YOLOv11s,val_S2B_MSIL2A_20200202T141649_N0213_R010_T20LQN_20200202T164215_05_07.png,0.0,0.0,0.0,0.0,0.5007591247558594,0.026749499986181036
YOLOv11s,val_S2B_MSIL2A_20200202T141649_N0213_R010_T20LQN_20200202T164215_10_02.png,0.0,0.0,0.0,0.0,0.5900344848632812,0.024327100021764636
YOLOv11s,val_S2B_MSIL2A_20200202T141649_N0213_R010_T20LQN_20200202T164215_10_03.png,0.0,0.0,0.0,0.0,0.49022674560546875,0.029831699997885153
YOLOv11s,val_S2B_MSIL2A_20200202T141649_N0213_R010_T20LQN_20200202T164215_11_04.png,0.0,0.0,0.0,0.0,0.5555915832519531,0.038598100014496595
YOLOv11s,val_S2B_MSIL2A_20200202T141649_N0213_R010_T20LQN_20200202T164215_12_07.png,0.0,0.0,0.0,0.0,0.4833641052246094,0.03355689998716116
YOLOv11s,val_S2B_MSIL2A_20200202T141649_N0213_R010_T20LQN_20200202T164215_12_14.png,0.0,0.0,0.0,0.0,0.001064300537109375,0.02188159999786876
YOLOv11m,train_S2A_MSIL2A_20200111T142701_N0213_R053_T20NQG_20200111T164651_01_07.png,0.0,0.0,0.0,0.0,0.3530769348144531,0.732907300000079
YOLOv11m,train_S2A_MSIL2A_20200111T142701_N0213_R053_T20NQG_20200111T164651_01_13.png,0.0,0.0,0.0,0.0,0.3471565246582031,0.04043110000202432
YOLOv11m,train_S2A_MSIL2A_20200111T142701_N0213_R053_T20NQG_20200111T164651_02_03.png,0.0,0.0,0.0,0.0,0.4569206237792969,0.03952079999726266
YOLOv11m,train_S2A_MSIL2A_20200111T142701_N0213_R053_T20NQG_20200111T164651_02_04.png,0.0,0.0,0.0,0.0,0.5263519287109375,0.03870210002060048
YOLOv11m,train_S2A_MSIL2A_20200111T142701_N0213_R053_T20NQG_20200111T164651_02_07.png,0.0,0.0,0.0,0.0,0.7064704895019531,0.04100359999574721
YOLOv11m,train_S2A_MSIL2A_20200111T142701_N0213_R053_T20NQG_20200111T164651_02_10.png,0.0,0.0,0.0,0.0,0.20199203491210938,0.044416100019589067
YOLOv11m,train_S2A_MSIL2A_20200111T142701_N0213_R053_T20NQG_20200111T164651_02_11.png,0.0,0.0,0.0,0.0,0.24502944946289062,0.040433699992718175
YOLOv11m,train_S2A_MSIL2A_20200111T142701_N0213_R053_T20NQG_20200111T164651_03_05.png,0.0,0.0,0.0,0.0,0.4412269592285156,0.031350000004749745
YOLOv11m,train_S2A_MSIL2A_20200111T142701_N0213_R053_T20NQG_20200111T164651_03_06.png,0.0,0.0,0.0,0.0,0.4077720642089844,0.03100409999024123
YOLOv11m,train_S2A_MSIL2A_20200111T142701_N0213_R053_T20NQG_20200111T164651_03_11.png,0.0,0.0,0.0,0.0,0.1164703369140625,0.0310204999987036
YOLOv11m,train_S2A_MSIL2A_20200111T142701_N0213_R053_T20NQG_20200111T164651_04_07.png,0.0,0.0,0.0,0.0,0.7887382507324219,0.03341899998486042
YOLOv11m,train_S2A_MSIL2A_20200111T142701_N0213_R053_T20NQG_20200111T164651_04_08.png,0.0,0.0,0.0,0.0,0.7175750732421875,0.029515500005800277
YOLOv11m,train_S2A_MSIL2A_20200111T142701_N0213_R053_T20NQG_20200111T164651_04_09.png,0.0,0.0,0.0,0.0,0.43114471435546875,0.031156199984252453
YOLOv11m,train_S2A_MSIL2A_20200111T142701_N0213_R053_T20NQG_20200111T164651_04_10.png,0.0,0.0,0.0,0.0,0.141571044921875,0.029309600009582937
YOLOv11m,train_S2A_MSIL2A_20200111T142701_N0213_R053_T20NQG_20200111T164651_04_11.png,0.0,0.0,0.0,0.0,0.15567398071289062,0.029017699998803437
YOLOv11m,train_S2A_MSIL2A_20200111T142701_N0213_R053_T20NQG_20200111T164651_05_05.png,0.0,0.0,0.0,0.0,0.5177536010742188,0.0299937000090722
YOLOv11m,train_S2A_MSIL2A_20200111T142701_N0213_R053_T20NQG_20200111T164651_05_06.png,0.0,0.0,0.0,0.0,0.5273399353027344,0.04030569997848943
YOLOv11m,train_S2A_MSIL2A_20200111T142701_N0213_R053_T20NQG_20200111T164651_05_07.png,0.0,0.0,0.0,0.0,0.6261749267578125,0.033464400010416284
YOLOv11m,train_S2A_MSIL2A_20200111T142701_N0213_R053_T20NQG_20200111T164651_05_11.png,0.0,0.0,0.0,0.0,0.039005279541015625,0.03833510002004914
YOLOv11m,train_S2A_MSIL2A_20200111T142701_N0213_R053_T20NQG_20200111T164651_06_01.png,0.0,0.0,0.0,0.0,0.0686187744140625,0.03186509999795817
YOLOv11m,train_S2A_MSIL2A_20200111T142701_N0213_R053_T20NQG_20200111T164651_06_06.png,0.0,0.0,0.0,0.0,0.215728759765625,0.0277784000209067
YOLOv11m,train_S2A_MSIL2A_20200111T142701_N0213_R053_T20NQG_20200111T164651_06_07.png,0.0,0.0,0.0,0.0,0.3458747863769531,0.03618930000811815
YOLOv11m,train_S2A_MSIL2A_20200111T142701_N0213_R053_T20NQG_20200111T164651_06_09.png,0.0,0.0,0.0,0.0,0.43194580078125,0.04564669998944737
YOLOv11m,train_S2A_MSIL2A_20200111T142701_N0213_R053_T20NQG_20200111T164651_06_10.png,0.0,0.0,0.0,0.0,0.056148529052734375,0.04729669998050667
YOLOv11m,train_S2A_MSIL2A_20200111T142701_N0213_R053_T20NQG_20200111T164651_06_13.png,0.0,0.0,0.0,0.0,0.3239173889160156,0.04133040001033805
YOLOv11m,train_S2A_MSIL2A_20200111T142701_N0213_R053_T20NQG_20200111T164651_06_14.png,0.0,0.0,0.0,0.0,0.47252655029296875,0.04187869999441318
YOLOv11m,train_S2A_MSIL2A_20200111T142701_N0213_R053_T20NQG_20200111T164651_07_01.png,0.0,0.0,0.0,0.0,0.2826194763183594,0.02974329999415204
YOLOv11m,train_S2A_MSIL2A_20200111T142701_N0213_R053_T20NQG_20200111T164651_07_02.png,0.0,0.0,0.0,0.0,0.18778610229492188,0.028649499989114702
YOLOv11m,train_S2A_MSIL2A_20200111T142701_N0213_R053_T20NQG_20200111T164651_07_03.png,0.0,0.0,0.0,0.0,0.03110504150390625,0.02792240001144819
YOLOv11m,train_S2A_MSIL2A_20200111T142701_N0213_R053_T20NQG_20200111T164651_07_04.png,0.0,0.0,0.0,0.0,0.17401504516601562,0.02857429999858141
YOLOv11m,train_S2A_MSIL2A_20200111T142701_N0213_R053_T20NQG_20200111T164651_07_05.png,0.0,0.0,0.0,0.0,0.3530120849609375,0.02813409999362193
YOLOv11m,train_S2A_MSIL2A_20200111T142701_N0213_R053_T20NQG_20200111T164651_07_06.png,0.0,0.0,0.0,0.0,0.30918121337890625,0.040451499982737005
YOLOv11m,train_S2A_MSIL2A_20200111T142701_N0213_R053_T20NQG_20200111T164651_07_09.png,0.0,0.0,0.0,0.0,0.15800094604492188,0.04649740000604652
YOLOv11m,train_S2A_MSIL2A_20200111T142701_N0213_R053_T20NQG_20200111T164651_07_11.png,0.0,0.0,0.0,0.0,0.24077987670898438,0.03677480001351796
YOLOv11m,train_S2A_MSIL2A_20200111T142701_N0213_R053_T20NQG_20200111T164651_07_12.png,0.0,0.0,0.0,0.0,0.29520416259765625,0.03199660000973381
YOLOv11m,train_S2A_MSIL2A_20200111T142701_N0213_R053_T20NQG_20200111T164651_07_13.png,0.0,0.0,0.0,0.0,0.1963348388671875,0.029776800016406924
YOLOv11m,train_S2A_MSIL2A_20200111T142701_N0213_R053_T20NQG_20200111T164651_07_14.png,0.0,0.0,0.0,0.0,0.3779945373535156,0.04170160001376644
YOLOv11m,train_S2A_MSIL2A_20200111T142701_N0213_R053_T20NQG_20200111T164651_07_15.png,0.0,0.0,0.0,0.0,0.5633964538574219,0.02820520001114346
YOLOv11m,train_S2A_MSIL2A_20200111T142701_N0213_R053_T20NQG_20200111T164651_08_01.png,0.0,0.0,0.0,0.0,0.0770263671875,0.028106699988711625
YOLOv11m,train_S2A_MSIL2A_20200111T142701_N0213_R053_T20NQG_20200111T164651_08_09.png,0.0,0.0,0.0,0.0,0.4984779357910156,0.02755649999016896
YOLOv11m,train_S2A_MSIL2A_20200111T142701_N0213_R053_T20NQG_20200111T164651_08_10.png,0.0,0.0,0.0,0.0,0.5098724365234375,0.02702140001929365
YOLOv11m,train_S2A_MSIL2A_20200111T142701_N0213_R053_T20NQG_20200111T164651_08_14.png,0.0,0.0,0.0,0.0,0.2684593200683594,0.027149200002895668
YOLOv11m,train_S2A_MSIL2A_20200111T142701_N0213_R053_T20NQG_20200111T164651_09_01.png,0.0,0.0,0.0,0.0,0.22026443481445312,0.027482999983476475
YOLOv11m,train_S2A_MSIL2A_20200111T142701_N0213_R053_T20NQG_20200111T164651_09_02.png,0.0,0.0,0.0,0.0,0.36429595947265625,0.040971599984914064
YOLOv11m,train_S2A_MSIL2A_20200111T142701_N0213_R053_T20NQG_20200111T164651_09_03.png,0.0,0.0,0.0,0.0,0.9452667236328125,0.0285755000077188
YOLOv11m,train_S2A_MSIL2A_20200111T142701_N0213_R053_T20NQG_20200111T164651_09_07.png,0.0,0.0,0.0,0.0,0.7738838195800781,0.02964240001165308
YOLOv11m,train_S2A_MSIL2A_20200111T142701_N0213_R053_T20NQG_20200111T164651_09_08.png,0.0,0.0,0.0,0.0,0.4558258056640625,0.02910189999965951
YOLOv11m,train_S2A_MSIL2A_20200111T142701_N0213_R053_T20NQG_20200111T164651_09_09.png,0.0,0.0,0.0,0.0,0.16601943969726562,0.02889739998499863
YOLOv11m,train_S2A_MSIL2A_20200111T142701_N0213_R053_T20NQG_20200111T164651_09_10.png,0.0,0.0,0.0,0.0,0.04801177978515625,0.029272800020407885
YOLOv11m,train_S2A_MSIL2A_20200111T142701_N0213_R053_T20NQG_20200111T164651_09_12.png,0.0,0.0,0.0,0.0,0.4818115234375,0.029725900007179007
YOLOv11m,train_S2A_MSIL2A_20200111T142701_N0213_R053_T20NQG_20200111T164651_09_13.png,0.0,0.0,0.0,0.0,0.6373748779296875,0.02777580000110902
YOLOv11m,train_S2A_MSIL2A_20200111T142701_N0213_R053_T20NQG_20200111T164651_09_15.png,0.0,0.0,0.0,0.0,0.4093513488769531,0.02774150000186637
YOLOv11m,train_S2A_MSIL2A_20200111T142701_N0213_R053_T20NQG_20200111T164651_09_16.png,0.0,0.0,0.0,0.0,0.6817550659179688,0.027516100002685562
YOLOv11m,train_S2A_MSIL2A_20200111T142701_N0213_R053_T20NQG_20200111T164651_10_01.png,0.0,0.0,0.0,0.0,0.102935791015625,0.028166200005216524
YOLOv11m,train_S2A_MSIL2A_20200111T142701_N0213_R053_T20NQG_20200111T164651_10_02.png,0.0,0.0,0.0,0.0,0.7704010009765625,0.02662910000071861
YOLOv11m,train_S2A_MSIL2A_20200111T142701_N0213_R053_T20NQG_20200111T164651_10_03.png,0.0,0.0,0.0,0.0,0.9815711975097656,0.027589700010139495
YOLOv11m,train_S2A_MSIL2A_20200111T142701_N0213_R053_T20NQG_20200111T164651_10_04.png,0.0,0.0,0.0,0.0,0.9831466674804688,0.026704999996582046
YOLOv11m,train_S2A_MSIL2A_20200111T142701_N0213_R053_T20NQG_20200111T164651_10_09.png,0.0,0.0,0.0,0.0,0.32759857177734375,0.027523099997779354
YOLOv11m,train_S2A_MSIL2A_20200111T142701_N0213_R053_T20NQG_20200111T164651_10_11.png,0.0,0.0,0.0,0.0,0.103546142578125,0.02892240000073798
YOLOv11m,train_S2A_MSIL2A_20200111T142701_N0213_R053_T20NQG_20200111T164651_10_12.png,0.0,0.0,0.0,0.0,0.14123916625976562,0.03029150000656955
YOLOv11m,train_S2A_MSIL2A_20200111T142701_N0213_R053_T20NQG_20200111T164651_10_17.png,0.0,0.0,0.0,0.0,0.4242362976074219,0.028751700010616332
YOLOv11m,train_S2A_MSIL2A_20200111T142701_N0213_R053_T20NQG_20200111T164651_11_02.png,0.0,0.0,0.0,0.0,0.5790252685546875,0.02671320000081323
YOLOv11m,train_S2A_MSIL2A_20200111T142701_N0213_R053_T20NQG_20200111T164651_11_03.png,0.0,0.0,0.0,0.0,0.9728775024414062,0.027748699998483062
YOLOv11m,train_S2A_MSIL2A_20200111T142701_N0213_R053_T20NQG_20200111T164651_11_05.png,0.0,0.0,0.0,0.0,0.9405403137207031,0.028845699998782948
YOLOv11m,train_S2A_MSIL2A_20200111T142701_N0213_R053_T20NQG_20200111T164651_11_07.png,0.0,0.0,0.0,0.0,0.27191162109375,0.029526199999963865
YOLOv11m,train_S2A_MSIL2A_20200111T142701_N0213_R053_T20NQG_20200111T164651_11_10.png,0.0,0.0,0.0,0.0,0.46007537841796875,0.028752899990649894
YOLOv11m,train_S2A_MSIL2A_20200111T142701_N0213_R053_T20NQG_20200111T164651_11_11.png,0.0,0.0,0.0,0.0,0.19601058959960938,0.02623630000744015
YOLOv11m,train_S2A_MSIL2A_20200111T142701_N0213_R053_T20NQG_20200111T164651_11_14.png,0.0,0.0,0.0,0.0,0.6617965698242188,0.028296600008616224
YOLOv11m,train_S2A_MSIL2A_20200111T142701_N0213_R053_T20NQG_20200111T164651_11_17.png,0.0,0.0,0.0,0.0,0.25260162353515625,0.026723999995738268
YOLOv11m,train_S2A_MSIL2A_20200111T142701_N0213_R053_T20NQG_20200111T164651_11_18.png,0.0,0.0,0.0,0.0,0.07268142700195312,0.02727210000739433
YOLOv11m,train_S2A_MSIL2A_20200111T142701_N0213_R053_T20NQG_20200111T164651_12_01.png,0.0,0.0,0.0,0.0,0.13274765014648438,0.02905710000777617
YOLOv11m,train_S2A_MSIL2A_20200111T142701_N0213_R053_T20NQG_20200111T164651_12_02.png,0.0,0.0,0.0,0.0,0.83721923828125,0.028123099997173995
YOLOv11m,train_S2A_MSIL2A_20200111T142701_N0213_R053_T20NQG_20200111T164651_12_05.png,0.0,0.0,0.0,0.0,0.9055404663085938,0.027010099991457537
YOLOv11m,train_S2A_MSIL2A_20200111T142701_N0213_R053_T20NQG_20200111T164651_12_07.png,0.0,0.0,0.0,0.0,0.5934982299804688,0.028222199995070696
YOLOv11m,train_S2A_MSIL2A_20200111T142701_N0213_R053_T20NQG_20200111T164651_12_11.png,0.0,0.0,0.0,0.0,0.4411125183105469,0.02919929998461157
YOLOv11m,train_S2A_MSIL2A_20200111T142701_N0213_R053_T20NQG_20200111T164651_12_14.png,0.0,0.0,0.0,0.0,0.19156646728515625,0.029103799985023215
YOLOv11m,train_S2A_MSIL2A_20200111T142701_N0213_R053_T20NQG_20200111T164651_12_15.png,0.0,0.0,0.0,0.0,0.41959381103515625,0.028882899991003796
YOLOv11m,train_S2A_MSIL2A_20200111T142701_N0213_R053_T20NQG_20200111T164651_13_02.png,0.0,0.0,0.0,0.0,0.8151397705078125,0.028908100008266047
YOLOv11m,train_S2A_MSIL2A_20200111T142701_N0213_R053_T20NQG_20200111T164651_13_05.png,0.0,0.0,0.0,0.0,0.922576904296875,0.02843199999188073
YOLOv11m,train_S2A_MSIL2A_20200111T142701_N0213_R053_T20NQG_20200111T164651_13_06.png,0.0,0.0,0.0,0.0,0.5809822082519531,0.028967999998712912
YOLOv11m,train_S2A_MSIL2A_20200111T142701_N0213_R053_T20NQG_20200111T164651_13_07.png,0.0,0.0,0.0,0.0,0.5353012084960938,0.030743000010261312
YOLOv11m,train_S2A_MSIL2A_20200111T142701_N0213_R053_T20NQG_20200111T164651_13_08.png,0.0,0.0,0.0,0.0,0.6240081787109375,0.029000499984249473
YOLOv11m,train_S2A_MSIL2A_20200111T142701_N0213_R053_T20NQG_20200111T164651_13_10.png,0.0,0.0,0.0,0.0,0.8109512329101562,0.02807620001840405
YOLOv11m,train_S2A_MSIL2A_20200111T142701_N0213_R053_T20NQG_20200111T164651_13_13.png,0.0,0.0,0.0,0.0,0.3660850524902344,0.028675300010945648
YOLOv11m,train_S2A_MSIL2A_20200111T142701_N0213_R053_T20NQG_20200111T164651_13_14.png,0.0,0.0,0.0,0.0,0.3474540710449219,0.03276020000339486
YOLOv11m,train_S2A_MSIL2A_20200111T142701_N0213_R053_T20NQG_20200111T164651_13_16.png,0.0,0.0,0.0,0.0,0.24831390380859375,0.02836070000194013
YOLOv11m,train_S2A_MSIL2A_20200111T142701_N0213_R053_T20NQG_20200111T164651_14_01.png,0.0,0.0,0.0,0.0,0.3625946044921875,0.028895199997350574
YOLOv11m,train_S2A_MSIL2A_20200111T142701_N0213_R053_T20NQG_20200111T164651_14_08.png,0.0,0.0,0.0,0.0,0.9360275268554688,0.03570050001144409
YOLOv11m,train_S2A_MSIL2A_20200111T142701_N0213_R053_T20NQG_20200111T164651_14_11.png,0.0,0.0,0.0,0.0,0.7055015563964844,0.04450580000411719
YOLOv11m,train_S2A_MSIL2A_20200111T142701_N0213_R053_T20NQG_20200111T164651_15_02.png,0.0,0.0,0.0,0.0,0.7300567626953125,0.05235959999845363
YOLOv11m,train_S2A_MSIL2A_20200111T142701_N0213_R053_T20NQG_20200111T164651_15_03.png,0.0,0.0,0.0,0.0,0.9664230346679688,0.03945759998168796
YOLOv11m,train_S2A_MSIL2A_20200111T142701_N0213_R053_T20NQG_20200111T164651_15_13.png,0.0,0.0,0.0,0.0,0.20359420776367188,0.02815949998330325
YOLOv11m,train_S2A_MSIL2A_20200111T142701_N0213_R053_T20NQG_20200111T164651_17_01.png,0.0,0.0,0.0,0.0,0.3895759582519531,0.02907629997935146
YOLOv11m,train_S2A_MSIL2A_20200115T140641_N0213_R110_T21LUH_20200115T163049_01_09.png,0.0,0.0,0.0,0.0,0.778228759765625,0.029593099985504523
YOLOv11m,train_S2A_MSIL2A_20200115T140641_N0213_R110_T21LUH_20200115T163049_02_09.png,0.0,0.0,0.0,0.0,0.9186058044433594,0.03073170001152903
YOLOv11m,train_S2A_MSIL2A_20200115T140641_N0213_R110_T21LUH_20200115T163049_03_03.png,0.0,0.0,0.0,0.0,0.87542724609375,0.03366499999538064
YOLOv11m,train_S2A_MSIL2A_20200115T140641_N0213_R110_T21LUH_20200115T163049_03_05.png,0.0,0.0,0.0,0.0,0.5654335021972656,0.02908099998603575
YOLOv11m,train_S2A_MSIL2A_20200115T140641_N0213_R110_T21LUH_20200115T163049_03_08.png,0.0,0.0,0.0,0.0,0.7925148010253906,0.031054699997184798
YOLOv11m,train_S2A_MSIL2A_20200115T140641_N0213_R110_T21LUH_20200115T163049_03_09.png,0.0,0.0,0.0,0.0,0.8455810546875,0.048414899996714666
YOLOv11m,train_S2A_MSIL2A_20200115T140641_N0213_R110_T21LUH_20200115T163049_04_02.png,0.0,0.0,0.0,0.0,0.7999000549316406,0.033455199998570606
YOLOv11m,train_S2A_MSIL2A_20200115T140641_N0213_R110_T21LUH_20200115T163049_04_06.png,0.0,0.0,0.0,0.0,0.44110870361328125,0.02787940000416711
YOLOv11m,train_S2A_MSIL2A_20200115T140641_N0213_R110_T21LUH_20200115T163049_04_07.png,0.0,0.0,0.0,0.0,0.7932281494140625,0.03876779999700375
YOLOv11m,train_S2A_MSIL2A_20200115T140641_N0213_R110_T21LUH_20200115T163049_04_08.png,0.0,0.0,0.0,0.0,0.4847869873046875,0.04622800002107397
YOLOv11m,train_S2A_MSIL2A_20200115T140641_N0213_R110_T21LUH_20200115T163049_04_09.png,0.0,0.0,0.0,0.0,0.42235565185546875,0.027742800011765212
YOLOv11m,train_S2A_MSIL2A_20200115T140641_N0213_R110_T21LUH_20200115T163049_04_11.png,0.0,0.0,0.0,0.0,0.011505126953125,0.02703510000719689
YOLOv11m,train_S2A_MSIL2A_20200115T140641_N0213_R110_T21LUH_20200115T163049_04_12.png,0.0,0.0,0.0,0.0,0.10044097900390625,0.028766399977030233
YOLOv11m,train_S2A_MSIL2A_20200115T140641_N0213_R110_T21LUH_20200115T163049_04_13.png,0.0,0.0,0.0,0.0,0.6615219116210938,0.02805880000232719
YOLOv11m,train_S2A_MSIL2A_20200115T140641_N0213_R110_T21LUH_20200115T163049_04_14.png,0.0,0.0,0.0,0.0,0.7066192626953125,0.029699300008360296
YOLOv11m,train_S2A_MSIL2A_20200115T140641_N0213_R110_T21LUH_20200115T163049_04_15.png,0.0,0.0,0.0,0.0,0.5383720397949219,0.02868820002186112
YOLOv11m,train_S2A_MSIL2A_20200115T140641_N0213_R110_T21LUH_20200115T163049_05_02.png,0.0,0.0,0.0,0.0,0.752685546875,0.03162749999319203
YOLOv11m,train_S2A_MSIL2A_20200115T140641_N0213_R110_T21LUH_20200115T163049_05_03.png,0.0,0.0,0.0,0.0,0.8507347106933594,0.028325699997367337
YOLOv11m,train_S2A_MSIL2A_20200115T140641_N0213_R110_T21LUH_20200115T163049_05_06.png,0.0,0.0,0.0,0.0,0.8393707275390625,0.03014320001238957
YOLOv11m,train_S2A_MSIL2A_20200115T140641_N0213_R110_T21LUH_20200115T163049_05_08.png,0.0,0.0,0.0,0.0,0.36643218994140625,0.03162439999869093
YOLOv11m,train_S2A_MSIL2A_20200115T140641_N0213_R110_T21LUH_20200115T163049_05_09.png,0.0,0.0,0.0,0.0,0.5567665100097656,0.02879939999547787
YOLOv11m,train_S2A_MSIL2A_20200115T140641_N0213_R110_T21LUH_20200115T163049_05_10.png,0.0,0.0,0.0,0.0,0.39870452880859375,0.0283210999914445
YOLOv11m,train_S2A_MSIL2A_20200115T140641_N0213_R110_T21LUH_20200115T163049_06_06.png,0.0,0.0,0.0,0.0,0.85540771484375,0.02967640000861138
YOLOv11m,train_S2A_MSIL2A_20200115T140641_N0213_R110_T21LUH_20200115T163049_06_09.png,0.0,0.0,0.0,0.0,0.7356643676757812,0.03307549998862669
YOLOv11m,train_S2A_MSIL2A_20200115T140641_N0213_R110_T21LUH_20200115T163049_07_04.png,0.0,0.0,0.0,0.0,0.9059982299804688,0.03146339999511838
YOLOv11m,train_S2A_MSIL2A_20200115T140641_N0213_R110_T21LUH_20200115T163049_07_06.png,0.0,0.0,0.0,0.0,0.8539352416992188,0.028186999988975003
YOLOv11m,train_S2A_MSIL2A_20200115T140641_N0213_R110_T21LUH_20200115T163049_07_13.png,0.0,0.0,0.0,0.0,0.7373542785644531,0.02827960002468899
YOLOv11m,train_S2A_MSIL2A_20200115T140641_N0213_R110_T21LUH_20200115T163049_08_03.png,0.0,0.0,0.0,0.0,0.8485450744628906,0.031065099989064038
YOLOv11m,train_S2A_MSIL2A_20200115T140641_N0213_R110_T21LUH_20200115T163049_08_04.png,0.0,0.0,0.0,0.0,0.8818855285644531,0.029751399997621775
YOLOv11m,train_S2A_MSIL2A_20200115T140641_N0213_R110_T21LUH_20200115T163049_08_05.png,0.0,0.0,0.0,0.0,0.7808609008789062,0.029022799979429692
YOLOv11m,train_S2A_MSIL2A_20200115T140641_N0213_R110_T21LUH_20200115T163049_08_06.png,0.0,0.0,0.0,0.0,0.8946342468261719,0.02870739999343641
YOLOv11m,train_S2A_MSIL2A_20200115T140641_N0213_R110_T21LUH_20200115T163049_09_06.png,0.0,0.0,0.0,0.0,0.8294334411621094,0.03234979999251664
YOLOv11m,train_S2A_MSIL2A_20200115T140641_N0213_R110_T21LUH_20200115T163049_16_11.png,0.0,0.0,0.0,0.0,0.6166152954101562,0.029896899999585003
YOLOv11m,train_S2A_MSIL2A_20200217T141651_N0209_R010_T20LQN_20200217T160045_02_11.png,0.0,0.0,0.0,0.0,0.08388519287109375,0.0280882999941241
YOLOv11m,train_S2A_MSIL2A_20200217T141651_N0209_R010_T20LQN_20200217T160045_02_15.png,0.0,0.0,0.0,0.0,0.3261451721191406,0.03047500000684522
YOLOv11m,train_S2A_MSIL2A_20200217T141651_N0209_R010_T20LQN_20200217T160045_02_16.png,0.0,0.0,0.0,0.0,0.22451400756835938,0.027198700001463294
YOLOv11m,train_S2A_MSIL2A_20200217T141651_N0209_R010_T20LQN_20200217T160045_02_17.png,0.0,0.0,0.0,0.0,0.23914337158203125,0.0359967999975197
YOLOv11m,train_S2A_MSIL2A_20200217T141651_N0209_R010_T20LQN_20200217T160045_02_21.png,0.0,0.0,0.0,0.0,0.18035125732421875,0.038867800001753494
YOLOv11m,train_S2A_MSIL2A_20200217T141651_N0209_R010_T20LQN_20200217T160045_03_02.png,0.0,0.0,0.0,0.0,0.046100616455078125,0.025854799983790144
YOLOv11m,train_S2A_MSIL2A_20200217T141651_N0209_R010_T20LQN_20200217T160045_03_13.png,0.0,0.0,0.0,0.0,0.14628219604492188,0.02628220000769943
YOLOv11m,train_S2A_MSIL2A_20200217T141651_N0209_R010_T20LQN_20200217T160045_03_14.png,0.0,0.0,0.0,0.0,0.21979522705078125,0.028402900003129616
YOLOv11m,train_S2A_MSIL2A_20200217T141651_N0209_R010_T20LQN_20200217T160045_03_15.png,0.0,0.0,0.0,0.0,0.1883392333984375,0.026926299993647262
YOLOv11m,train_S2A_MSIL2A_20200217T141651_N0209_R010_T20LQN_20200217T160045_03_17.png,0.0,0.0,0.0,0.0,0.2412872314453125,0.027595499996095896
YOLOv11m,train_S2A_MSIL2A_20200217T141651_N0209_R010_T20LQN_20200217T160045_03_19.png,0.0,0.0,0.0,0.0,0.11525726318359375,0.026209900010144338
YOLOv11m,train_S2A_MSIL2A_20200217T141651_N0209_R010_T20LQN_20200217T160045_03_21.png,0.0,0.0,0.0,0.0,0.16643142700195312,0.026789600000483915
YOLOv11m,train_S2A_MSIL2A_20200217T141651_N0209_R010_T20LQN_20200217T160045_04_15.png,0.0,0.0,0.0,0.0,0.2323150634765625,0.0264008000085596
YOLOv11m,train_S2A_MSIL2A_20200217T141651_N0209_R010_T20LQN_20200217T160045_04_16.png,0.0,0.0,0.0,0.0,0.12780380249023438,0.02606869998271577
YOLOv11m,train_S2A_MSIL2A_20200217T141651_N0209_R010_T20LQN_20200217T160045_04_17.png,0.0,0.0,0.0,0.0,0.30376434326171875,0.03117440000642091
YOLOv11m,train_S2A_MSIL2A_20200217T141651_N0209_R010_T20LQN_20200217T160045_04_21.png,0.0,0.0,0.0,0.0,0.165802001953125,0.026979199989000335
YOLOv11m,train_S2A_MSIL2A_20200217T141651_N0209_R010_T20LQN_20200217T160045_05_01.png,0.0,0.0,0.0,0.0,0.023708343505859375,0.02433700000983663
YOLOv11m,train_S2A_MSIL2A_20200217T141651_N0209_R010_T20LQN_20200217T160045_05_16.png,0.0,0.0,0.0,0.0,0.10461044311523438,0.029364899994106963
YOLOv11m,train_S2A_MSIL2A_20200217T141651_N0209_R010_T20LQN_20200217T160045_05_17.png,0.0,0.0,0.0,0.0,0.21310806274414062,0.031317500019213185
YOLOv11m,train_S2A_MSIL2A_20200217T141651_N0209_R010_T20LQN_20200217T160045_05_18.png,0.0,0.0,0.0,0.0,0.2457122802734375,0.027241300005698577
YOLOv11m,train_S2A_MSIL2A_20200217T141651_N0209_R010_T20LQN_20200217T160045_05_20.png,0.0,0.0,0.0,0.0,0.13541793823242188,0.02843469998333603
YOLOv11m,train_S2A_MSIL2A_20200217T141651_N0209_R010_T20LQN_20200217T160045_05_21.png,0.0,0.0,0.0,0.0,0.08465957641601562,0.025818699999945238
YOLOv11m,train_S2A_MSIL2A_20200217T141651_N0209_R010_T20LQN_20200217T160045_06_01.png,0.0,0.0,0.0,0.0,0.013675689697265625,0.029705399996601045
YOLOv11m,train_S2A_MSIL2A_20200217T141651_N0209_R010_T20LQN_20200217T160045_06_13.png,0.0,0.0,0.0,0.0,0.149871826171875,0.027294400002574548
YOLOv11m,train_S2A_MSIL2A_20200217T141651_N0209_R010_T20LQN_20200217T160045_06_14.png,0.0,0.0,0.0,0.0,0.17390823364257812,0.026389199978439137
YOLOv11m,train_S2A_MSIL2A_20200217T141651_N0209_R010_T20LQN_20200217T160045_06_16.png,0.0,0.0,0.0,0.0,0.1207733154296875,0.0265650000073947
YOLOv11m,train_S2A_MSIL2A_20200217T141651_N0209_R010_T20LQN_20200217T160045_06_17.png,0.0,0.0,0.0,0.0,0.15506362915039062,0.026416400010930374
YOLOv11m,train_S2A_MSIL2A_20200217T141651_N0209_R010_T20LQN_20200217T160045_06_18.png,0.0,0.0,0.0,0.0,0.2757377624511719,0.027839899994432926
YOLOv11m,train_S2A_MSIL2A_20200217T141651_N0209_R010_T20LQN_20200217T160045_06_19.png,0.0,0.0,0.0,0.0,0.18827438354492188,0.027179700002307072
YOLOv11m,train_S2A_MSIL2A_20200217T141651_N0209_R010_T20LQN_20200217T160045_06_20.png,0.0,0.0,0.0,0.0,0.07634353637695312,0.025820500013651326
YOLOv11m,train_S2A_MSIL2A_20200217T141651_N0209_R010_T20LQN_20200217T160045_07_01.png,0.0,0.0,0.0,0.0,0.019489288330078125,0.02419159997953102
YOLOv11m,train_S2A_MSIL2A_20200217T141651_N0209_R010_T20LQN_20200217T160045_07_03.png,0.0,0.0,0.0,0.0,0.6674003601074219,0.027637400024104863
YOLOv11m,train_S2A_MSIL2A_20200217T141651_N0209_R010_T20LQN_20200217T160045_07_04.png,0.0,0.0,0.0,0.0,0.5941619873046875,0.026795499987201765
YOLOv11m,train_S2A_MSIL2A_20200217T141651_N0209_R010_T20LQN_20200217T160045_07_09.png,0.0,0.0,0.0,0.0,0.5820693969726562,0.02706469999975525
YOLOv11m,train_S2A_MSIL2A_20200217T141651_N0209_R010_T20LQN_20200217T160045_07_16.png,0.0,0.0,0.0,0.0,0.15284347534179688,0.031572399981087074
YOLOv11m,train_S2A_MSIL2A_20200217T141651_N0209_R010_T20LQN_20200217T160045_07_18.png,0.0,0.0,0.0,0.0,0.11272430419921875,0.025130199996056035
YOLOv11m,train_S2A_MSIL2A_20200217T141651_N0209_R010_T20LQN_20200217T160045_07_19.png,0.0,0.0,0.0,0.0,0.0860748291015625,0.026115700020454824
YOLOv11m,train_S2A_MSIL2A_20200217T141651_N0209_R010_T20LQN_20200217T160045_07_20.png,0.0,0.0,0.0,0.0,0.07149124145507812,0.035476100019877777
YOLOv11m,train_S2A_MSIL2A_20200217T141651_N0209_R010_T20LQN_20200217T160045_07_21.png,0.0,0.0,0.0,0.0,0.00902557373046875,0.03511389999766834
YOLOv11m,train_S2A_MSIL2A_20200217T141651_N0209_R010_T20LQN_20200217T160045_08_01.png,0.0,0.0,0.0,0.0,0.05231475830078125,0.030994900007499382
YOLOv11m,train_S2A_MSIL2A_20200217T141651_N0209_R010_T20LQN_20200217T160045_08_05.png,0.0,0.0,0.0,0.0,0.6326637268066406,0.03415580000728369
YOLOv11m,train_S2A_MSIL2A_20200217T141651_N0209_R010_T20LQN_20200217T160045_08_15.png,0.0,0.0,0.0,0.0,0.11957931518554688,0.03949249998549931
YOLOv11m,train_S2A_MSIL2A_20200217T141651_N0209_R010_T20LQN_20200217T160045_08_16.png,0.0,0.0,0.0,0.0,0.14166641235351562,0.03984199999831617
YOLOv11m,train_S2A_MSIL2A_20200217T141651_N0209_R010_T20LQN_20200217T160045_08_17.png,0.0,0.0,0.0,0.0,0.08797454833984375,0.029319900000700727
YOLOv11m,train_S2A_MSIL2A_20200217T141651_N0209_R010_T20LQN_20200217T160045_08_19.png,0.0,0.0,0.0,0.0,0.06853485107421875,0.027414699987275526
YOLOv11m,train_S2A_MSIL2A_20200217T141651_N0209_R010_T20LQN_20200217T160045_08_20.png,0.0,0.0,0.0,0.0,0.11135101318359375,0.02524189997348003
YOLOv11m,train_S2A_MSIL2A_20200217T141651_N0209_R010_T20LQN_20200217T160045_08_21.png,0.0,0.0,0.0,0.0,0.06832122802734375,0.025726899999426678
YOLOv11m,train_S2A_MSIL2A_20200217T141651_N0209_R010_T20LQN_20200217T160045_09_03.png,0.0,0.0,0.0,0.0,0.7809410095214844,0.028720200003590435
YOLOv11m,train_S2A_MSIL2A_20200217T141651_N0209_R010_T20LQN_20200217T160045_09_09.png,0.0,0.0,0.0,0.0,0.3722991943359375,0.028055000002495944
YOLOv11m,train_S2A_MSIL2A_20200217T141651_N0209_R010_T20LQN_20200217T160045_09_10.png,0.0,0.0,0.0,0.0,0.166259765625,0.027004600007785484
YOLOv11m,train_S2A_MSIL2A_20200217T141651_N0209_R010_T20LQN_20200217T160045_09_13.png,0.0,0.0,0.0,0.0,0.20078277587890625,0.027608800010057166
YOLOv11m,train_S2A_MSIL2A_20200217T141651_N0209_R010_T20LQN_20200217T160045_09_16.png,0.0,0.0,0.0,0.0,0.16383743286132812,0.026450500008650124
YOLOv11m,train_S2A_MSIL2A_20200217T141651_N0209_R010_T20LQN_20200217T160045_09_17.png,0.0,0.0,0.0,0.0,0.07339096069335938,0.0250139000127092
YOLOv11m,train_S2A_MSIL2A_20200217T141651_N0209_R010_T20LQN_20200217T160045_09_20.png,0.0,0.0,0.0,0.0,0.030216217041015625,0.024654900014866143
YOLOv11m,train_S2A_MSIL2A_20200217T141651_N0209_R010_T20LQN_20200217T160045_10_08.png,0.0,0.0,0.0,0.0,0.5512657165527344,0.030435799999395385
YOLOv11m,train_S2A_MSIL2A_20200217T141651_N0209_R010_T20LQN_20200217T160045_10_09.png,0.0,0.0,0.0,0.0,0.5527610778808594,0.029084499983582646
YOLOv11m,train_S2A_MSIL2A_20200217T141651_N0209_R010_T20LQN_20200217T160045_10_12.png,0.0,0.0,0.0,0.0,0.10916519165039062,0.026579500001389533
YOLOv11m,train_S2A_MSIL2A_20200217T141651_N0209_R010_T20LQN_20200217T160045_10_13.png,0.0,0.0,0.0,0.0,0.0510101318359375,0.02462410001317039
YOLOv11m,train_S2A_MSIL2A_20200217T141651_N0209_R010_T20LQN_20200217T160045_11_06.png,0.0,0.0,0.0,0.0,0.6334953308105469,0.027655099984258413
YOLOv11m,train_S2A_MSIL2A_20200217T141651_N0209_R010_T20LQN_20200217T160045_11_09.png,0.0,0.0,0.0,0.0,0.6861228942871094,0.0275917999970261
YOLOv11m,train_S2A_MSIL2A_20200217T141651_N0209_R010_T20LQN_20200217T160045_11_16.png,0.0,0.0,0.0,0.0,0.18502426147460938,0.02547900000354275
YOLOv11m,train_S2A_MSIL2A_20200217T141651_N0209_R010_T20LQN_20200217T160045_12_01.png,0.0,0.0,0.0,0.0,0.8796463012695312,0.027801699994597584
YOLOv11m,train_S2A_MSIL2A_20200217T141651_N0209_R010_T20LQN_20200217T160045_12_02.png,0.0,0.0,0.0,0.0,0.8058967590332031,0.027306400006636977
YOLOv11m,train_S2A_MSIL2A_20200217T141651_N0209_R010_T20LQN_20200217T160045_12_05.png,0.0,0.0,0.0,0.0,0.6573333740234375,0.02836399999796413
YOLOv11m,train_S2A_MSIL2A_20200217T141651_N0209_R010_T20LQN_20200217T160045_12_12.png,0.0,0.0,0.0,0.0,0.0946197509765625,0.02741410001181066
YOLOv11m,train_S2A_MSIL2A_20200217T141651_N0209_R010_T20LQN_20200217T160045_12_13.png,0.0,0.0,0.0,0.0,0.22690200805664062,0.027597300009801984
YOLOv11m,train_S2A_MSIL2A_20200217T141651_N0209_R010_T20LQN_20200217T160045_12_14.png,0.0,0.0,0.0,0.0,0.23343658447265625,0.02888219998567365
YOLOv11m,train_S2A_MSIL2A_20200217T141651_N0209_R010_T20LQN_20200217T160045_12_17.png,0.0,0.0,0.0,0.0,0.11527252197265625,0.02652499999385327
YOLOv11m,train_S2A_MSIL2A_20200217T141651_N0209_R010_T20LQN_20200217T160045_12_18.png,0.0,0.0,0.0,0.0,0.1836700439453125,0.03452770001604222
YOLOv11m,train_S2A_MSIL2A_20200217T141651_N0209_R010_T20LQN_20200217T160045_13_02.png,0.0,0.0,0.0,0.0,0.8039321899414062,0.03659380000317469
YOLOv11m,train_S2A_MSIL2A_20200217T141651_N0209_R010_T20LQN_20200217T160045_13_03.png,0.0,0.0,0.0,0.0,0.6495742797851562,0.04001270001754165
YOLOv11m,train_S2A_MSIL2A_20200217T141651_N0209_R010_T20LQN_20200217T160045_13_04.png,0.0,0.0,0.0,0.0,0.7624549865722656,0.03650069999275729
YOLOv11m,train_S2A_MSIL2A_20200217T141651_N0209_R010_T20LQN_20200217T160045_13_10.png,0.0,0.0,0.0,0.0,0.5954322814941406,0.03148989999317564
YOLOv11m,train_S2A_MSIL2A_20200217T141651_N0209_R010_T20LQN_20200217T160045_13_13.png,0.0,0.0,0.0,0.0,0.2628364562988281,0.026305100007448345
YOLOv11m,train_S2A_MSIL2A_20200217T141651_N0209_R010_T20LQN_20200217T160045_13_15.png,0.0,0.0,0.0,0.0,0.12699127197265625,0.025942199979908764
YOLOv11m,train_S2A_MSIL2A_20200217T141651_N0209_R010_T20LQN_20200217T160045_13_17.png,0.0,0.0,0.0,0.0,0.19085311889648438,0.026256199984345585
YOLOv11m,train_S2A_MSIL2A_20200217T141651_N0209_R010_T20LQN_20200217T160045_13_18.png,0.0,0.0,0.0,0.0,0.05328369140625,0.03460919999633916
YOLOv11m,train_S2A_MSIL2A_20200217T141651_N0209_R010_T20LQN_20200217T160045_14_02.png,0.0,0.0,0.0,0.0,0.8634796142578125,0.033730900002410635
YOLOv11m,train_S2A_MSIL2A_20200217T141651_N0209_R010_T20LQN_20200217T160045_14_03.png,0.0,0.0,0.0,0.0,0.8716583251953125,0.03312979999464005
YOLOv11m,train_S2A_MSIL2A_20200217T141651_N0209_R010_T20LQN_20200217T160045_14_08.png,0.0,0.0,0.0,0.0,0.7591972351074219,0.03730820000055246
YOLOv11m,train_S2A_MSIL2A_20200217T141651_N0209_R010_T20LQN_20200217T160045_14_18.png,0.0,0.0,0.0,0.0,0.0426025390625,0.03252460001385771
YOLOv11m,train_S2A_MSIL2A_20200217T141651_N0209_R010_T20LQN_20200217T160045_14_19.png,0.0,0.0,0.0,0.0,0.039928436279296875,0.02594570000655949
YOLOv11m,train_S2A_MSIL2A_20200217T141651_N0209_R010_T20LQN_20200217T160045_14_20.png,0.0,0.0,0.0,0.0,0.13994979858398438,0.02596050000283867
YOLOv11m,train_S2A_MSIL2A_20200217T141651_N0209_R010_T20LQN_20200217T160045_14_21.png,0.0,0.0,0.0,0.0,0.14078521728515625,0.027002799994079396
YOLOv11m,train_S2A_MSIL2A_20200217T141651_N0209_R010_T20LQN_20200217T160045_15_09.png,0.0,0.0,0.0,0.0,0.6807937622070312,0.029378100007306784
YOLOv11m,train_S2A_MSIL2A_20200217T141651_N0209_R010_T20LQN_20200217T160045_15_12.png,0.0,0.0,0.0,0.0,0.5440826416015625,0.02762300000176765
YOLOv11m,train_S2A_MSIL2A_20200217T141651_N0209_R010_T20LQN_20200217T160045_15_17.png,0.0,0.0,0.0,0.0,0.026210784912109375,0.02630900000804104
YOLOv11m,train_S2A_MSIL2A_20200217T141651_N0209_R010_T20LQN_20200217T160045_15_18.png,0.0,0.0,0.0,0.0,0.0679779052734375,0.04453409998677671
YOLOv11m,train_S2A_MSIL2A_20200217T141651_N0209_R010_T20LQN_20200217T160045_15_20.png,0.0,0.0,0.0,0.0,0.059146881103515625,0.0406045000127051
YOLOv11m,train_S2A_MSIL2A_20200217T141651_N0209_R010_T20LQN_20200217T160045_16_09.png,0.0,0.0,0.0,0.0,0.8130912780761719,0.032157300011022016
YOLOv11m,train_S2A_MSIL2A_20200217T141651_N0209_R010_T20LQN_20200217T160045_16_12.png,0.0,0.0,0.0,0.0,0.5436286926269531,0.027910800010431558
YOLOv11m,train_S2A_MSIL2A_20200217T141651_N0209_R010_T20LQN_20200217T160045_16_15.png,0.0,0.0,0.0,0.0,0.525665283203125,0.02893249999033287
YOLOv11m,train_S2A_MSIL2A_20200217T141651_N0209_R010_T20LQN_20200217T160045_16_16.png,0.0,0.0,0.0,0.0,0.274932861328125,0.029420700011542067
YOLOv11m,train_S2A_MSIL2A_20200217T141651_N0209_R010_T20LQN_20200217T160045_16_17.png,0.0,0.0,0.0,0.0,0.056766510009765625,0.04008930001873523
YOLOv11m,train_S2A_MSIL2A_20200217T141651_N0209_R010_T20LQN_20200217T160045_17_14.png,0.0,0.0,0.0,0.0,0.4496421813964844,0.044897599989781156
YOLOv11m,train_S2A_MSIL2A_20200217T141651_N0209_R010_T20LQN_20200217T160045_17_16.png,0.0,0.0,0.0,0.0,0.2706565856933594,0.03369350000866689
YOLOv11m,train_S2A_MSIL2A_20200217T141651_N0209_R010_T20LQN_20200217T160045_17_18.png,0.0,0.0,0.0,0.0,0.06982803344726562,0.02906899998197332
YOLOv11m,train_S2A_MSIL2A_20200217T141651_N0209_R010_T20LQN_20200217T160045_17_19.png,0.0,0.0,0.0,0.0,0.12207794189453125,0.025535099994158372
YOLOv11m,train_S2A_MSIL2A_20200217T141651_N0209_R010_T20LQN_20200217T160045_18_04.png,0.0,0.0,0.0,0.0,0.3969535827636719,0.026615100010531023
YOLOv11m,train_S2A_MSIL2A_20200217T141651_N0209_R010_T20LQN_20200217T160045_18_05.png,0.0,0.0,0.0,0.0,0.5260658264160156,0.026688899990404025
YOLOv11m,train_S2A_MSIL2A_20200217T141651_N0209_R010_T20LQN_20200217T160045_18_06.png,0.0,0.0,0.0,0.0,0.5590553283691406,0.036667500011390075
YOLOv11m,train_S2A_MSIL2A_20200217T141651_N0209_R010_T20LQN_20200217T160045_18_14.png,0.0,0.0,0.0,0.0,0.3213691711425781,0.03338500001700595
YOLOv11m,train_S2A_MSIL2A_20200217T141651_N0209_R010_T20LQN_20200217T160045_18_17.png,0.0,0.0,0.0,0.0,0.13976287841796875,0.035547500010579824
YOLOv11m,train_S2A_MSIL2A_20200217T141651_N0209_R010_T20LQN_20200217T160045_19_05.png,0.0,0.0,0.0,0.0,0.21307754516601562,0.029836900008376688
YOLOv11m,train_S2A_MSIL2A_20200217T141651_N0209_R010_T20LQN_20200217T160045_19_10.png,0.0,0.0,0.0,0.0,0.5912094116210938,0.0281531999935396
YOLOv11m,train_S2A_MSIL2A_20200217T141651_N0209_R010_T20LQN_20200217T160045_19_11.png,0.0,0.0,0.0,0.0,0.5883712768554688,0.029204499995103106
YOLOv11m,train_S2A_MSIL2A_20200217T141651_N0209_R010_T20LQN_20200217T160045_20_01.png,0.0,0.0,0.0,0.0,0.5078201293945312,0.02883359999395907
YOLOv11m,train_S2A_MSIL2A_20200217T141651_N0209_R010_T20LQN_20200217T160045_20_05.png,0.0,0.0,0.0,0.0,0.5764923095703125,0.028637200011871755
YOLOv11m,train_S2A_MSIL2A_20200217T141651_N0209_R010_T20LQN_20200217T160045_20_09.png,0.0,0.0,0.0,0.0,0.5911979675292969,0.02992249999078922
YOLOv11m,train_S2A_MSIL2A_20200217T141651_N0209_R010_T20LQN_20200217T160045_20_10.png,0.0,0.0,0.0,0.0,0.30605316162109375,0.03632770001422614
YOLOv11m,train_S2A_MSIL2A_20200217T141651_N0209_R010_T20LQN_20200217T160045_20_12.png,0.0,0.0,0.0,0.0,0.3027763366699219,0.0319113000005018
YOLOv11m,train_S2A_MSIL2A_20200217T141651_N0209_R010_T20LQN_20200217T160045_20_13.png,0.0,0.0,0.0,0.0,0.3450202941894531,0.027416299999458715
YOLOv11m,train_S2A_MSIL2A_20200217T141651_N0209_R010_T20LQN_20200217T160045_20_17.png,0.0,0.0,0.0,0.0,0.08885955810546875,0.02598890001536347
YOLOv11m,train_S2A_MSIL2A_20200217T141651_N0209_R010_T20LQN_20200217T160045_21_01.png,0.0,0.0,0.0,0.0,0.5198173522949219,0.03067829998326488
YOLOv11m,train_S2A_MSIL2A_20200217T141651_N0209_R010_T20LQN_20200217T160045_21_02.png,0.0,0.0,0.0,0.0,0.6423225402832031,0.029329499986488372
YOLOv11m,train_S2A_MSIL2A_20200217T141651_N0209_R010_T20LQN_20200217T160045_21_03.png,0.0,0.0,0.0,0.0,0.796630859375,0.030198499996913597
YOLOv11m,train_S2A_MSIL2A_20200217T141651_N0209_R010_T20LQN_20200217T160045_21_04.png,0.0,0.0,0.0,0.0,0.6082229614257812,0.036987300001783296
YOLOv11m,train_S2A_MSIL2A_20200217T141651_N0209_R010_T20LQN_20200217T160045_21_05.png,0.0,0.0,0.0,0.0,0.42740631103515625,0.03021409999928437
YOLOv11m,train_S2A_MSIL2A_20200217T141651_N0209_R010_T20LQN_20200217T160045_21_06.png,0.0,0.0,0.0,0.0,0.697509765625,0.04095900000538677
YOLOv11m,train_S2A_MSIL2A_20200217T141651_N0209_R010_T20LQN_20200217T160045_21_07.png,0.0,0.0,0.0,0.0,0.5637054443359375,0.034039299993310124
YOLOv11m,train_S2A_MSIL2A_20200217T141651_N0209_R010_T20LQN_20200217T160045_21_08.png,0.0,0.0,0.0,0.0,0.3825111389160156,0.03334389999508858
YOLOv11m,train_S2A_MSIL2A_20200217T141651_N0209_R010_T20LQN_20200217T160045_21_12.png,0.0,0.0,0.0,0.0,0.62060546875,0.029653400008101016
YOLOv11m,train_S2A_MSIL2A_20200818T142741_N0214_R053_T20LMP_20200818T165705_01_08.png,0.0,0.0,0.0,0.0,0.7897834777832031,0.02771070000017062
YOLOv11m,train_S2A_MSIL2A_20200818T142741_N0214_R053_T20LMP_20200818T165705_01_09.png,0.0,0.0,0.0,0.0,0.6376495361328125,0.029399099992588162
YOLOv11m,train_S2A_MSIL2A_20200818T142741_N0214_R053_T20LMP_20200818T165705_01_10.png,0.0,0.0,0.0,0.0,0.46340179443359375,0.04666719998931512
YOLOv11m,train_S2A_MSIL2A_20200818T142741_N0214_R053_T20LMP_20200818T165705_01_12.png,0.0,0.0,0.0,0.0,0.8159294128417969,0.04917929999646731
YOLOv11m,train_S2A_MSIL2A_20200818T142741_N0214_R053_T20LMP_20200818T165705_01_13.png,0.0,0.0,0.0,0.0,0.7453193664550781,0.035043600015342236
YOLOv11m,train_S2A_MSIL2A_20200818T142741_N0214_R053_T20LMP_20200818T165705_01_14.png,0.0,0.0,0.0,0.0,0.6770820617675781,0.04539029998704791
YOLOv11m,train_S2A_MSIL2A_20200818T142741_N0214_R053_T20LMP_20200818T165705_01_15.png,0.0,0.0,0.0,0.0,0.6736373901367188,0.02992239999002777
YOLOv11m,train_S2A_MSIL2A_20200818T142741_N0214_R053_T20LMP_20200818T165705_01_16.png,0.0,0.0,0.0,0.0,0.6899566650390625,0.028846399975009263
YOLOv11m,train_S2A_MSIL2A_20200818T142741_N0214_R053_T20LMP_20200818T165705_01_17.png,0.0,0.0,0.0,0.0,0.8341331481933594,0.029370799980824813
YOLOv11m,train_S2A_MSIL2A_20200818T142741_N0214_R053_T20LMP_20200818T165705_01_19.png,0.0,0.0,0.0,0.0,0.6805534362792969,0.03051229999982752
YOLOv11m,train_S2A_MSIL2A_20200818T142741_N0214_R053_T20LMP_20200818T165705_01_21.png,0.0,0.0,0.0,0.0,0.6336860656738281,0.028240399988135323
YOLOv11m,train_S2A_MSIL2A_20200818T142741_N0214_R053_T20LMP_20200818T165705_02_01.png,0.0,0.0,0.0,0.0,0.822479248046875,0.02928079999401234
YOLOv11m,train_S2A_MSIL2A_20200818T142741_N0214_R053_T20LMP_20200818T165705_02_02.png,0.0,0.0,0.0,0.0,0.8314247131347656,0.02945719999843277
YOLOv11m,train_S2A_MSIL2A_20200818T142741_N0214_R053_T20LMP_20200818T165705_02_05.png,0.0,0.0,0.0,0.0,0.644073486328125,0.03004130002227612
YOLOv11m,train_S2A_MSIL2A_20200818T142741_N0214_R053_T20LMP_20200818T165705_02_06.png,0.0,0.0,0.0,0.0,0.6773529052734375,0.03283270000247285
YOLOv11m,train_S2A_MSIL2A_20200818T142741_N0214_R053_T20LMP_20200818T165705_02_08.png,0.0,0.0,0.0,0.0,0.711700439453125,0.029032699996605515
YOLOv11m,train_S2A_MSIL2A_20200818T142741_N0214_R053_T20LMP_20200818T165705_02_11.png,0.0,0.0,0.0,0.0,0.7905540466308594,0.03695989999687299
YOLOv11m,train_S2A_MSIL2A_20200818T142741_N0214_R053_T20LMP_20200818T165705_02_13.png,0.0,0.0,0.0,0.0,0.8798561096191406,0.0404712000163272
YOLOv11m,train_S2A_MSIL2A_20200818T142741_N0214_R053_T20LMP_20200818T165705_02_14.png,0.0,0.0,0.0,0.0,0.8079566955566406,0.039387700002407655
YOLOv11m,train_S2A_MSIL2A_20200818T142741_N0214_R053_T20LMP_20200818T165705_02_15.png,0.0,0.0,0.0,0.0,0.7434310913085938,0.033537100011017174
YOLOv11m,train_S2A_MSIL2A_20200818T142741_N0214_R053_T20LMP_20200818T165705_02_16.png,0.0,0.0,0.0,0.0,0.7386932373046875,0.02927780000027269
YOLOv11m,train_S2A_MSIL2A_20200818T142741_N0214_R053_T20LMP_20200818T165705_02_17.png,0.0,0.0,0.0,0.0,0.7889480590820312,0.04020660000969656
YOLOv11m,train_S2A_MSIL2A_20200818T142741_N0214_R053_T20LMP_20200818T165705_02_19.png,0.0,0.0,0.0,0.0,0.4917755126953125,0.03082759998505935
YOLOv11m,train_S2A_MSIL2A_20200818T142741_N0214_R053_T20LMP_20200818T165705_02_20.png,0.0,0.0,0.0,0.0,0.8156051635742188,0.029302200011443347
YOLOv11m,train_S2A_MSIL2A_20200818T142741_N0214_R053_T20LMP_20200818T165705_02_21.png,0.0,0.0,0.0,0.0,0.7496109008789062,0.02779480000026524
YOLOv11m,train_S2A_MSIL2A_20200818T142741_N0214_R053_T20LMP_20200818T165705_03_01.png,0.0,0.0,0.0,0.0,0.744354248046875,0.03970210000989027
YOLOv11m,train_S2A_MSIL2A_20200818T142741_N0214_R053_T20LMP_20200818T165705_03_02.png,0.0,0.0,0.0,0.0,0.7392005920410156,0.046352899982593954
YOLOv11m,train_S2A_MSIL2A_20200818T142741_N0214_R053_T20LMP_20200818T165705_03_03.png,0.0,0.0,0.0,0.0,0.8417091369628906,0.029018000001087785
YOLOv11m,train_S2A_MSIL2A_20200818T142741_N0214_R053_T20LMP_20200818T165705_03_04.png,0.0,0.0,0.0,0.0,0.7581748962402344,0.028718299989122897
YOLOv11m,train_S2A_MSIL2A_20200818T142741_N0214_R053_T20LMP_20200818T165705_03_06.png,0.0,0.0,0.0,0.0,0.8368301391601562,0.02850029998808168
YOLOv11m,train_S2A_MSIL2A_20200818T142741_N0214_R053_T20LMP_20200818T165705_03_10.png,0.0,0.0,0.0,0.0,0.4813041687011719,0.03092240000842139
YOLOv11m,train_S2A_MSIL2A_20200818T142741_N0214_R053_T20LMP_20200818T165705_03_11.png,0.0,0.0,0.0,0.0,0.6892509460449219,0.029206099978182465
YOLOv11m,train_S2A_MSIL2A_20200818T142741_N0214_R053_T20LMP_20200818T165705_03_14.png,0.0,0.0,0.0,0.0,0.6418724060058594,0.029238500021165237
YOLOv11m,train_S2A_MSIL2A_20200818T142741_N0214_R053_T20LMP_20200818T165705_03_17.png,0.0,0.0,0.0,0.0,0.7827033996582031,0.027451700007077307
YOLOv11m,train_S2A_MSIL2A_20200818T142741_N0214_R053_T20LMP_20200818T165705_03_20.png,0.0,0.0,0.0,0.0,0.8590240478515625,0.028121200011810288
YOLOv11m,train_S2A_MSIL2A_20200818T142741_N0214_R053_T20LMP_20200818T165705_04_01.png,0.0,0.0,0.0,0.0,0.8716087341308594,0.029337999993003905
YOLOv11m,train_S2A_MSIL2A_20200818T142741_N0214_R053_T20LMP_20200818T165705_04_02.png,0.0,0.0,0.0,0.0,0.8450355529785156,0.02875959998345934
YOLOv11m,train_S2A_MSIL2A_20200818T142741_N0214_R053_T20LMP_20200818T165705_04_04.png,0.0,0.0,0.0,0.0,0.8214988708496094,0.030015299998922274
YOLOv11m,train_S2A_MSIL2A_20200818T142741_N0214_R053_T20LMP_20200818T165705_04_05.png,0.0,0.0,0.0,0.0,0.7810592651367188,0.029337899992242455
YOLOv11m,train_S2A_MSIL2A_20200818T142741_N0214_R053_T20LMP_20200818T165705_04_07.png,0.0,0.0,0.0,0.0,0.8674812316894531,0.030832499993266538
YOLOv11m,train_S2A_MSIL2A_20200818T142741_N0214_R053_T20LMP_20200818T165705_04_08.png,0.0,0.0,0.0,0.0,0.7550239562988281,0.030171799997333437
YOLOv11m,train_S2A_MSIL2A_20200818T142741_N0214_R053_T20LMP_20200818T165705_04_11.png,0.0,0.0,0.0,0.0,0.7287063598632812,0.029514499998185784
YOLOv11m,train_S2A_MSIL2A_20200818T142741_N0214_R053_T20LMP_20200818T165705_04_12.png,0.0,0.0,0.0,0.0,0.652679443359375,0.03208910001558252
YOLOv11m,train_S2A_MSIL2A_20200818T142741_N0214_R053_T20LMP_20200818T165705_04_13.png,0.0,0.0,0.0,0.0,0.75567626953125,0.03425799999968149
YOLOv11m,train_S2A_MSIL2A_20200818T142741_N0214_R053_T20LMP_20200818T165705_04_14.png,0.0,0.0,0.0,0.0,0.6053733825683594,0.03457749998779036
YOLOv11m,train_S2A_MSIL2A_20200818T142741_N0214_R053_T20LMP_20200818T165705_04_15.png,0.0,0.0,0.0,0.0,0.7728385925292969,0.028304100007517263
YOLOv11m,train_S2A_MSIL2A_20200818T142741_N0214_R053_T20LMP_20200818T165705_04_16.png,0.0,0.0,0.0,0.0,0.7802314758300781,0.03057309999712743
YOLOv11m,train_S2A_MSIL2A_20200818T142741_N0214_R053_T20LMP_20200818T165705_04_18.png,0.0,0.0,0.0,0.0,0.7550926208496094,0.02718450000975281
YOLOv11m,train_S2A_MSIL2A_20200818T142741_N0214_R053_T20LMP_20200818T165705_04_20.png,0.0,0.0,0.0,0.0,0.8586807250976562,0.02819469998939894
YOLOv11m,train_S2A_MSIL2A_20200818T142741_N0214_R053_T20LMP_20200818T165705_04_21.png,0.0,0.0,0.0,0.0,0.8154373168945312,0.028469599987147376
YOLOv11m,train_S2A_MSIL2A_20200818T142741_N0214_R053_T20LMP_20200818T165705_05_01.png,0.0,0.0,0.0,0.0,0.8564186096191406,0.03301300000748597
YOLOv11m,train_S2A_MSIL2A_20200818T142741_N0214_R053_T20LMP_20200818T165705_05_02.png,0.0,0.0,0.0,0.0,0.9012489318847656,0.03739829998812638
YOLOv11m,train_S2A_MSIL2A_20200818T142741_N0214_R053_T20LMP_20200818T165705_05_03.png,0.0,0.0,0.0,0.0,0.8471336364746094,0.039275200018892065
YOLOv11m,train_S2A_MSIL2A_20200818T142741_N0214_R053_T20LMP_20200818T165705_05_04.png,0.0,0.0,0.0,0.0,0.8710899353027344,0.0294067999930121
YOLOv11m,train_S2A_MSIL2A_20200818T142741_N0214_R053_T20LMP_20200818T165705_05_05.png,0.0,0.0,0.0,0.0,0.8248634338378906,0.031062599999131635
YOLOv11m,train_S2A_MSIL2A_20200818T142741_N0214_R053_T20LMP_20200818T165705_05_12.png,0.0,0.0,0.0,0.0,0.7802963256835938,0.031286200013710186
YOLOv11m,train_S2A_MSIL2A_20200818T142741_N0214_R053_T20LMP_20200818T165705_05_13.png,0.0,0.0,0.0,0.0,0.8384819030761719,0.03140460001304746
YOLOv11m,train_S2A_MSIL2A_20200818T142741_N0214_R053_T20LMP_20200818T165705_05_14.png,0.0,0.0,0.0,0.0,0.6356010437011719,0.028386899997713044
YOLOv11m,train_S2A_MSIL2A_20200818T142741_N0214_R053_T20LMP_20200818T165705_05_15.png,0.0,0.0,0.0,0.0,0.7363090515136719,0.030507399991620332
YOLOv11m,train_S2A_MSIL2A_20200818T142741_N0214_R053_T20LMP_20200818T165705_05_17.png,0.0,0.0,0.0,0.0,0.8025169372558594,0.030607699998654425
YOLOv11m,train_S2A_MSIL2A_20200818T142741_N0214_R053_T20LMP_20200818T165705_05_20.png,0.0,0.0,0.0,0.0,0.7720451354980469,0.028542099986225367
YOLOv11m,train_S2A_MSIL2A_20200818T142741_N0214_R053_T20LMP_20200818T165705_06_03.png,0.0,0.0,0.0,0.0,0.85235595703125,0.028972400003112853
YOLOv11m,train_S2A_MSIL2A_20200818T142741_N0214_R053_T20LMP_20200818T165705_06_05.png,0.0,0.0,0.0,0.0,0.8445854187011719,0.030012300005182624
YOLOv11m,train_S2A_MSIL2A_20200818T142741_N0214_R053_T20LMP_20200818T165705_06_06.png,0.0,0.0,0.0,0.0,0.9078216552734375,0.028477000014390796
YOLOv11m,train_S2A_MSIL2A_20200818T142741_N0214_R053_T20LMP_20200818T165705_06_07.png,0.0,0.0,0.0,0.0,0.7094268798828125,0.029007600009208545
YOLOv11m,train_S2A_MSIL2A_20200818T142741_N0214_R053_T20LMP_20200818T165705_06_10.png,0.0,0.0,0.0,0.0,0.6767158508300781,0.0285048000223469
YOLOv11m,train_S2A_MSIL2A_20200818T142741_N0214_R053_T20LMP_20200818T165705_06_13.png,0.0,0.0,0.0,0.0,0.8022880554199219,0.02859800000442192
YOLOv11m,train_S2A_MSIL2A_20200818T142741_N0214_R053_T20LMP_20200818T165705_06_15.png,0.0,0.0,0.0,0.0,0.6532821655273438,0.02837410001666285
YOLOv11m,train_S2A_MSIL2A_20200818T142741_N0214_R053_T20LMP_20200818T165705_06_16.png,0.0,0.0,0.0,0.0,0.5645179748535156,0.030755700019653887
YOLOv11m,train_S2A_MSIL2A_20200818T142741_N0214_R053_T20LMP_20200818T165705_06_17.png,0.0,0.0,0.0,0.0,0.7271537780761719,0.02901430000201799
YOLOv11m,train_S2A_MSIL2A_20200818T142741_N0214_R053_T20LMP_20200818T165705_06_18.png,0.0,0.0,0.0,0.0,0.5188026428222656,0.0290437999938149
YOLOv11m,train_S2A_MSIL2A_20200818T142741_N0214_R053_T20LMP_20200818T165705_06_21.png,0.0,0.0,0.0,0.0,0.8316802978515625,0.028284300002269447
YOLOv11m,train_S2A_MSIL2A_20200818T142741_N0214_R053_T20LMP_20200818T165705_07_01.png,0.0,0.0,0.0,0.0,0.9186439514160156,0.031212200003210455
YOLOv11m,train_S2A_MSIL2A_20200818T142741_N0214_R053_T20LMP_20200818T165705_07_02.png,0.0,0.0,0.0,0.0,0.8647422790527344,0.029039799992460757
YOLOv11m,train_S2A_MSIL2A_20200818T142741_N0214_R053_T20LMP_20200818T165705_07_03.png,0.0,0.0,0.0,0.0,0.8994903564453125,0.029078999999910593
YOLOv11m,train_S2A_MSIL2A_20200818T142741_N0214_R053_T20LMP_20200818T165705_07_04.png,0.0,0.0,0.0,0.0,0.7773666381835938,0.028054800000973046
YOLOv11m,train_S2A_MSIL2A_20200818T142741_N0214_R053_T20LMP_20200818T165705_07_05.png,0.0,0.0,0.0,0.0,0.8239364624023438,0.02835040001082234
YOLOv11m,train_S2A_MSIL2A_20200818T142741_N0214_R053_T20LMP_20200818T165705_07_07.png,0.0,0.0,0.0,0.0,0.6457443237304688,0.030663600016850978
YOLOv11m,train_S2A_MSIL2A_20200818T142741_N0214_R053_T20LMP_20200818T165705_07_09.png,0.0,0.0,0.0,0.0,0.7999000549316406,0.030093899986241013
YOLOv11m,train_S2A_MSIL2A_20200818T142741_N0214_R053_T20LMP_20200818T165705_07_10.png,0.0,0.0,0.0,0.0,0.8080101013183594,0.027930400014156476
YOLOv11m,train_S2A_MSIL2A_20200818T142741_N0214_R053_T20LMP_20200818T165705_07_12.png,0.0,0.0,0.0,0.0,0.798919677734375,0.028137399989645928
YOLOv11m,train_S2A_MSIL2A_20200818T142741_N0214_R053_T20LMP_20200818T165705_07_13.png,0.0,0.0,0.0,0.0,0.7176170349121094,0.02847659998224117
YOLOv11m,train_S2A_MSIL2A_20200818T142741_N0214_R053_T20LMP_20200818T165705_07_16.png,0.0,0.0,0.0,0.0,0.6407814025878906,0.02866760001052171
YOLOv11m,train_S2A_MSIL2A_20200818T142741_N0214_R053_T20LMP_20200818T165705_07_18.png,0.0,0.0,0.0,0.0,0.674102783203125,0.02953279999201186
YOLOv11m,train_S2A_MSIL2A_20200818T142741_N0214_R053_T20LMP_20200818T165705_07_19.png,0.0,0.0,0.0,0.0,0.6530532836914062,0.028419699985533953
YOLOv11m,train_S2A_MSIL2A_20200818T142741_N0214_R053_T20LMP_20200818T165705_07_20.png,0.0,0.0,0.0,0.0,0.7244682312011719,0.029615000006742775
YOLOv11m,train_S2A_MSIL2A_20200818T142741_N0214_R053_T20LMP_20200818T165705_08_02.png,0.0,0.0,0.0,0.0,0.8841705322265625,0.02808089999598451
YOLOv11m,train_S2A_MSIL2A_20200818T142741_N0214_R053_T20LMP_20200818T165705_08_03.png,0.0,0.0,0.0,0.0,0.8038825988769531,0.03499260000535287
YOLOv11m,train_S2A_MSIL2A_20200818T142741_N0214_R053_T20LMP_20200818T165705_08_04.png,0.0,0.0,0.0,0.0,0.8061599731445312,0.030692200001794845
YOLOv11m,train_S2A_MSIL2A_20200818T142741_N0214_R053_T20LMP_20200818T165705_08_07.png,0.0,0.0,0.0,0.0,0.18960189819335938,0.029026900010649115
YOLOv11m,train_S2A_MSIL2A_20200818T142741_N0214_R053_T20LMP_20200818T165705_08_08.png,0.0,0.0,0.0,0.0,0.8370895385742188,0.028862900013336912
YOLOv11m,train_S2A_MSIL2A_20200818T142741_N0214_R053_T20LMP_20200818T165705_08_10.png,0.0,0.0,0.0,0.0,0.7605514526367188,0.030344300001161173
YOLOv11m,train_S2A_MSIL2A_20200818T142741_N0214_R053_T20LMP_20200818T165705_08_11.png,0.0,0.0,0.0,0.0,0.5813484191894531,0.029089099989505485
YOLOv11m,train_S2A_MSIL2A_20200818T142741_N0214_R053_T20LMP_20200818T165705_08_12.png,0.0,0.0,0.0,0.0,0.6400794982910156,0.027935299993259832
YOLOv11m,train_S2A_MSIL2A_20200818T142741_N0214_R053_T20LMP_20200818T165705_08_13.png,0.0,0.0,0.0,0.0,0.6826591491699219,0.028887399996165186
YOLOv11m,train_S2A_MSIL2A_20200818T142741_N0214_R053_T20LMP_20200818T165705_08_18.png,0.0,0.0,0.0,0.0,0.7412147521972656,0.035225999978138134
YOLOv11m,train_S2A_MSIL2A_20200818T142741_N0214_R053_T20LMP_20200818T165705_08_19.png,0.0,0.0,0.0,0.0,0.7850608825683594,0.028306699998211116
YOLOv11m,train_S2A_MSIL2A_20200818T142741_N0214_R053_T20LMP_20200818T165705_08_20.png,0.0,0.0,0.0,0.0,0.6798858642578125,0.028127099998528138
YOLOv11m,train_S2A_MSIL2A_20200818T142741_N0214_R053_T20LMP_20200818T165705_09_03.png,0.0,0.0,0.0,0.0,0.8333206176757812,0.028565899992827326
YOLOv11m,train_S2A_MSIL2A_20200818T142741_N0214_R053_T20LMP_20200818T165705_09_05.png,0.0,0.0,0.0,0.0,0.8424110412597656,0.027807800011942163
YOLOv11m,train_S2A_MSIL2A_20200818T142741_N0214_R053_T20LMP_20200818T165705_09_06.png,0.0,0.0,0.0,0.0,0.7518196105957031,0.027915200014831498
YOLOv11m,train_S2A_MSIL2A_20200818T142741_N0214_R053_T20LMP_20200818T165705_09_07.png,0.0,0.0,0.0,0.0,0.8541336059570312,0.03212960000382736
YOLOv11m,train_S2A_MSIL2A_20200818T142741_N0214_R053_T20LMP_20200818T165705_09_11.png,0.0,0.0,0.0,0.0,0.7721099853515625,0.028146299999207258
YOLOv11m,train_S2A_MSIL2A_20200818T142741_N0214_R053_T20LMP_20200818T165705_09_12.png,0.0,0.0,0.0,0.0,0.7785873413085938,0.02910610000253655
YOLOv11m,train_S2A_MSIL2A_20200818T142741_N0214_R053_T20LMP_20200818T165705_09_14.png,0.0,0.0,0.0,0.0,0.7766265869140625,0.02885140001308173
YOLOv11m,train_S2A_MSIL2A_20200818T142741_N0214_R053_T20LMP_20200818T165705_09_15.png,0.0,0.0,0.0,0.0,0.587371826171875,0.03926270001102239
YOLOv11m,train_S2A_MSIL2A_20200818T142741_N0214_R053_T20LMP_20200818T165705_09_21.png,0.0,0.0,0.0,0.0,0.619720458984375,0.029604400013340637
YOLOv11m,train_S2A_MSIL2A_20200818T142741_N0214_R053_T20LMP_20200818T165705_10_02.png,0.0,0.0,0.0,0.0,0.8131866455078125,0.02795169997261837
YOLOv11m,train_S2A_MSIL2A_20200818T142741_N0214_R053_T20LMP_20200818T165705_10_03.png,0.0,0.0,0.0,0.0,0.6906166076660156,0.02882599999429658
YOLOv11m,train_S2A_MSIL2A_20200818T142741_N0214_R053_T20LMP_20200818T165705_10_06.png,0.0,0.0,0.0,0.0,0.8124198913574219,0.028153100021881983
YOLOv11m,train_S2A_MSIL2A_20200818T142741_N0214_R053_T20LMP_20200818T165705_10_07.png,0.0,0.0,0.0,0.0,0.8468513488769531,0.03495080000720918
YOLOv11m,train_S2A_MSIL2A_20200818T142741_N0214_R053_T20LMP_20200818T165705_10_09.png,0.0,0.0,0.0,0.0,0.8507804870605469,0.03388290002476424
YOLOv11m,train_S2A_MSIL2A_20200818T142741_N0214_R053_T20LMP_20200818T165705_10_10.png,0.0,0.0,0.0,0.0,0.8517112731933594,0.029177899996284395
YOLOv11m,train_S2A_MSIL2A_20200818T142741_N0214_R053_T20LMP_20200818T165705_10_11.png,0.0,0.0,0.0,0.0,0.7629241943359375,0.02884410001570359
YOLOv11m,train_S2A_MSIL2A_20200818T142741_N0214_R053_T20LMP_20200818T165705_10_12.png,0.0,0.0,0.0,0.0,0.760650634765625,0.027681999985361472
YOLOv11m,train_S2A_MSIL2A_20200818T142741_N0214_R053_T20LMP_20200818T165705_10_16.png,0.0,0.0,0.0,0.0,0.6022987365722656,0.027301800000714138
YOLOv11m,train_S2A_MSIL2A_20200818T142741_N0214_R053_T20LMP_20200818T165705_10_17.png,0.0,0.0,0.0,0.0,0.466705322265625,0.027806099998997524
YOLOv11m,train_S2A_MSIL2A_20200818T142741_N0214_R053_T20LMP_20200818T165705_10_18.png,0.0,0.0,0.0,0.0,0.6427078247070312,0.028001400001812726
YOLOv11m,train_S2A_MSIL2A_20200818T142741_N0214_R053_T20LMP_20200818T165705_10_19.png,0.0,0.0,0.0,0.0,0.6052360534667969,0.027995499985991046
YOLOv11m,train_S2A_MSIL2A_20200818T142741_N0214_R053_T20LMP_20200818T165705_10_20.png,0.0,0.0,0.0,0.0,0.484527587890625,0.027597100008279085
YOLOv11m,train_S2A_MSIL2A_20200818T142741_N0214_R053_T20LMP_20200818T165705_10_21.png,0.0,0.0,0.0,0.0,0.49561309814453125,0.028219300002092496
YOLOv11m,train_S2A_MSIL2A_20200818T142741_N0214_R053_T20LMP_20200818T165705_11_02.png,0.0,0.0,0.0,0.0,0.806640625,0.0283890999853611
YOLOv11m,train_S2A_MSIL2A_20200818T142741_N0214_R053_T20LMP_20200818T165705_11_04.png,0.0,0.0,0.0,0.0,0.8769454956054688,0.028422399976989254
YOLOv11m,train_S2A_MSIL2A_20200818T142741_N0214_R053_T20LMP_20200818T165705_11_06.png,0.0,0.0,0.0,0.0,0.6635475158691406,0.02993580000475049
YOLOv11m,train_S2A_MSIL2A_20200818T142741_N0214_R053_T20LMP_20200818T165705_11_10.png,0.0,0.0,0.0,0.0,0.7701072692871094,0.03294649999588728
YOLOv11m,train_S2A_MSIL2A_20200818T142741_N0214_R053_T20LMP_20200818T165705_11_13.png,0.0,0.0,0.0,0.0,0.7035865783691406,0.03215269997599535
YOLOv11m,train_S2A_MSIL2A_20200818T142741_N0214_R053_T20LMP_20200818T165705_11_14.png,0.0,0.0,0.0,0.0,0.6733856201171875,0.03316009999252856
YOLOv11m,train_S2A_MSIL2A_20200818T142741_N0214_R053_T20LMP_20200818T165705_11_16.png,0.0,0.0,0.0,0.0,0.5509796142578125,0.03046899999026209
YOLOv11m,train_S2A_MSIL2A_20200818T142741_N0214_R053_T20LMP_20200818T165705_11_21.png,0.0,0.0,0.0,0.0,0.7620735168457031,0.030108700011624023
YOLOv11m,train_S2A_MSIL2A_20200818T142741_N0214_R053_T20LMP_20200818T165705_12_02.png,0.0,0.0,0.0,0.0,0.7303314208984375,0.032104000012623146
YOLOv11m,train_S2A_MSIL2A_20200818T142741_N0214_R053_T20LMP_20200818T165705_12_03.png,0.0,0.0,0.0,0.0,0.7822380065917969,0.029286299977684394
YOLOv11m,train_S2A_MSIL2A_20200818T142741_N0214_R053_T20LMP_20200818T165705_12_06.png,0.0,0.0,0.0,0.0,0.7644615173339844,0.027705699991201982
YOLOv11m,train_S2A_MSIL2A_20200818T142741_N0214_R053_T20LMP_20200818T165705_12_07.png,0.0,0.0,0.0,0.0,0.8193855285644531,0.027495300018927082
YOLOv11m,train_S2A_MSIL2A_20200818T142741_N0214_R053_T20LMP_20200818T165705_12_08.png,0.0,0.0,0.0,0.0,0.6833419799804688,0.028792400000384077
YOLOv11m,train_S2A_MSIL2A_20200818T142741_N0214_R053_T20LMP_20200818T165705_12_09.png,0.0,0.0,0.0,0.0,0.5994529724121094,0.028203199995914474
YOLOv11m,train_S2A_MSIL2A_20200818T142741_N0214_R053_T20LMP_20200818T165705_12_11.png,0.0,0.0,0.0,0.0,0.7858314514160156,0.02771649998612702
YOLOv11m,train_S2A_MSIL2A_20200818T142741_N0214_R053_T20LMP_20200818T165705_12_17.png,0.0,0.0,0.0,0.0,0.7084426879882812,0.03505589999258518
YOLOv11m,train_S2A_MSIL2A_20200818T142741_N0214_R053_T20LMP_20200818T165705_12_20.png,0.0,0.0,0.0,0.0,0.5990829467773438,0.03604880001512356
YOLOv11m,train_S2A_MSIL2A_20200818T142741_N0214_R053_T20LMP_20200818T165705_12_21.png,0.0,0.0,0.0,0.0,0.6636581420898438,0.028376300004310906
YOLOv11m,train_S2A_MSIL2A_20200818T142741_N0214_R053_T20LMP_20200818T165705_13_01.png,0.0,0.0,0.0,0.0,0.42652130126953125,0.0286070000147447
YOLOv11m,train_S2A_MSIL2A_20200818T142741_N0214_R053_T20LMP_20200818T165705_13_02.png,0.0,0.0,0.0,0.0,0.5598602294921875,0.029181299993069842
YOLOv11m,train_S2A_MSIL2A_20200818T142741_N0214_R053_T20LMP_20200818T165705_13_03.png,0.0,0.0,0.0,0.0,0.7701148986816406,0.02960369997890666
YOLOv11m,train_S2A_MSIL2A_20200818T142741_N0214_R053_T20LMP_20200818T165705_13_05.png,0.0,0.0,0.0,0.0,0.8994598388671875,0.028819300001487136
YOLOv11m,train_S2A_MSIL2A_20200818T142741_N0214_R053_T20LMP_20200818T165705_13_07.png,0.0,0.0,0.0,0.0,0.7145462036132812,0.03174019997823052
YOLOv11m,train_S2A_MSIL2A_20200818T142741_N0214_R053_T20LMP_20200818T165705_13_08.png,0.0,0.0,0.0,0.0,0.6834144592285156,0.0321465999877546
YOLOv11m,train_S2A_MSIL2A_20200818T142741_N0214_R053_T20LMP_20200818T165705_13_09.png,0.0,0.0,0.0,0.0,0.6201515197753906,0.032919199991738424
YOLOv11m,train_S2A_MSIL2A_20200818T142741_N0214_R053_T20LMP_20200818T165705_13_10.png,0.0,0.0,0.0,0.0,0.4995613098144531,0.03391979998559691
YOLOv11m,train_S2A_MSIL2A_20200818T142741_N0214_R053_T20LMP_20200818T165705_13_11.png,0.0,0.0,0.0,0.0,0.10952377319335938,0.031809500011149794
YOLOv11m,train_S2A_MSIL2A_20200818T142741_N0214_R053_T20LMP_20200818T165705_13_17.png,0.0,0.0,0.0,0.0,0.8313331604003906,0.03130830000736751
YOLOv11m,train_S2A_MSIL2A_20200818T142741_N0214_R053_T20LMP_20200818T165705_13_19.png,0.0,0.0,0.0,0.0,0.7758331298828125,0.03180160000920296
YOLOv11m,train_S2A_MSIL2A_20200818T142741_N0214_R053_T20LMP_20200818T165705_13_20.png,0.0,0.0,0.0,0.0,0.8346824645996094,0.03257999999914318
YOLOv11m,train_S2A_MSIL2A_20200818T142741_N0214_R053_T20LMP_20200818T165705_13_21.png,0.0,0.0,0.0,0.0,0.8598098754882812,0.03423950000433251
YOLOv11m,train_S2A_MSIL2A_20200818T142741_N0214_R053_T20LMP_20200818T165705_14_01.png,0.0,0.0,0.0,0.0,0.10222625732421875,0.03048399998806417
YOLOv11m,train_S2A_MSIL2A_20200818T142741_N0214_R053_T20LMP_20200818T165705_14_04.png,0.0,0.0,0.0,0.0,0.7368316650390625,0.032622500002617016
YOLOv11m,train_S2A_MSIL2A_20200818T142741_N0214_R053_T20LMP_20200818T165705_14_07.png,0.0,0.0,0.0,0.0,0.7128982543945312,0.02854759999900125
YOLOv11m,train_S2A_MSIL2A_20200818T142741_N0214_R053_T20LMP_20200818T165705_14_08.png,0.0,0.0,0.0,0.0,0.387237548828125,0.036956299998564646
YOLOv11m,train_S2A_MSIL2A_20200818T142741_N0214_R053_T20LMP_20200818T165705_14_09.png,0.0,0.0,0.0,0.0,0.16090011596679688,0.02873729998827912
YOLOv11m,train_S2A_MSIL2A_20200818T142741_N0214_R053_T20LMP_20200818T165705_14_16.png,0.0,0.0,0.0,0.0,0.02002716064453125,0.030705799988936633
YOLOv11m,train_S2A_MSIL2A_20200818T142741_N0214_R053_T20LMP_20200818T165705_14_17.png,0.0,0.0,0.0,0.0,0.8065948486328125,0.029668200004380196
YOLOv11m,train_S2A_MSIL2A_20200818T142741_N0214_R053_T20LMP_20200818T165705_14_19.png,0.0,0.0,0.0,0.0,0.8686141967773438,0.04297239999868907
YOLOv11m,train_S2A_MSIL2A_20200818T142741_N0214_R053_T20LMP_20200818T165705_15_01.png,0.0,0.0,0.0,0.0,0.022357940673828125,0.04925919999368489
YOLOv11m,train_S2A_MSIL2A_20200818T142741_N0214_R053_T20LMP_20200818T165705_15_02.png,0.0,0.0,0.0,0.0,0.00688934326171875,0.031301000009989366
YOLOv11m,train_S2A_MSIL2A_20200818T142741_N0214_R053_T20LMP_20200818T165705_15_03.png,0.0,0.0,0.0,0.0,0.009746551513671875,0.0324698000040371
YOLOv11m,train_S2A_MSIL2A_20200818T142741_N0214_R053_T20LMP_20200818T165705_15_05.png,0.0,0.0,0.0,0.0,0.7114181518554688,0.03578700000070967
YOLOv11m,train_S2A_MSIL2A_20200818T142741_N0214_R053_T20LMP_20200818T165705_15_06.png,0.0,0.0,0.0,0.0,0.7232856750488281,0.03185299999313429
YOLOv11m,train_S2A_MSIL2A_20200818T142741_N0214_R053_T20LMP_20200818T165705_15_07.png,0.0,0.0,0.0,0.0,0.6852798461914062,0.04380519999540411
YOLOv11m,train_S2A_MSIL2A_20200818T142741_N0214_R053_T20LMP_20200818T165705_15_08.png,0.0,0.0,0.0,0.0,0.2578239440917969,0.045004400017205626
YOLOv11m,train_S2A_MSIL2A_20200818T142741_N0214_R053_T20LMP_20200818T165705_15_09.png,0.0,0.0,0.0,0.0,0.22333908081054688,0.029535000008763745
YOLOv11m,train_S2A_MSIL2A_20200818T142741_N0214_R053_T20LMP_20200818T165705_15_10.png,0.0,0.0,0.0,0.0,0.22837448120117188,0.03369939999538474
YOLOv11m,train_S2A_MSIL2A_20200818T142741_N0214_R053_T20LMP_20200818T165705_15_12.png,0.0,0.0,0.0,0.0,0.01068115234375,0.031735399999888614
YOLOv11m,train_S2A_MSIL2A_20200818T142741_N0214_R053_T20LMP_20200818T165705_15_13.png,0.0,0.0,0.0,0.0,0.003635406494140625,0.0393941999936942
YOLOv11m,train_S2A_MSIL2A_20200818T142741_N0214_R053_T20LMP_20200818T165705_15_14.png,0.0,0.0,0.0,0.0,0.003856658935546875,0.0325909000239335
YOLOv11m,train_S2A_MSIL2A_20200818T142741_N0214_R053_T20LMP_20200818T165705_15_15.png,0.0,0.0,0.0,0.0,0.000568389892578125,0.03324289998272434
YOLOv11m,train_S2A_MSIL2A_20200818T142741_N0214_R053_T20LMP_20200818T165705_15_16.png,0.0,0.0,0.0,0.0,0.0118560791015625,0.04079050000291318
YOLOv11m,train_S2A_MSIL2A_20200818T142741_N0214_R053_T20LMP_20200818T165705_15_17.png,0.0,0.0,0.0,0.0,0.17700958251953125,0.02921269999933429
YOLOv11m,train_S2A_MSIL2A_20200818T142741_N0214_R053_T20LMP_20200818T165705_15_18.png,0.0,0.0,0.0,0.0,0.8600807189941406,0.03171199999633245
YOLOv11m,train_S2A_MSIL2A_20200818T142741_N0214_R053_T20LMP_20200818T165705_15_19.png,0.0,0.0,0.0,0.0,0.8637809753417969,0.0291428999917116
YOLOv11m,train_S2A_MSIL2A_20200818T142741_N0214_R053_T20LMP_20200818T165705_15_20.png,0.0,0.0,0.0,0.0,0.9280128479003906,0.029988900001626462
YOLOv11m,train_S2A_MSIL2A_20200818T142741_N0214_R053_T20LMP_20200818T165705_16_05.png,0.0,0.0,0.0,0.0,0.3541069030761719,0.031046499992953613
YOLOv11m,train_S2A_MSIL2A_20200818T142741_N0214_R053_T20LMP_20200818T165705_16_06.png,0.0,0.0,0.0,0.0,0.6802101135253906,0.04178589998628013
YOLOv11m,train_S2A_MSIL2A_20200818T142741_N0214_R053_T20LMP_20200818T165705_16_09.png,0.0,0.0,0.0,0.0,0.35345458984375,0.02961860000505112
YOLOv11m,train_S2A_MSIL2A_20200818T142741_N0214_R053_T20LMP_20200818T165705_16_14.png,0.0,0.0,0.0,0.0,0.00185394287109375,0.030295100004877895
YOLOv11m,train_S2A_MSIL2A_20200818T142741_N0214_R053_T20LMP_20200818T165705_16_15.png,0.0,0.0,0.0,0.0,0.002597808837890625,0.030384999990928918
YOLOv11m,train_S2A_MSIL2A_20200818T142741_N0214_R053_T20LMP_20200818T165705_16_16.png,0.0,0.0,0.0,0.0,0.013824462890625,0.029234699992230162
YOLOv11m,train_S2A_MSIL2A_20200818T142741_N0214_R053_T20LMP_20200818T165705_16_18.png,0.0,0.0,0.0,0.0,0.20042037963867188,0.03384770001866855
YOLOv11m,train_S2A_MSIL2A_20200818T142741_N0214_R053_T20LMP_20200818T165705_16_19.png,0.0,0.0,0.0,0.0,0.7223663330078125,0.03426339998259209
YOLOv11m,train_S2A_MSIL2A_20200818T142741_N0214_R053_T20LMP_20200818T165705_16_20.png,0.0,0.0,0.0,0.0,0.8351707458496094,0.03063359999214299
YOLOv11m,train_S2A_MSIL2A_20200818T142741_N0214_R053_T20LMP_20200818T165705_16_21.png,0.0,0.0,0.0,0.0,0.8493537902832031,0.04013799998210743
YOLOv11m,train_S2A_MSIL2A_20200818T142741_N0214_R053_T20LMP_20200818T165705_17_05.png,0.0,0.0,0.0,0.0,0.044521331787109375,0.03631579998182133
YOLOv11m,train_S2A_MSIL2A_20200818T142741_N0214_R053_T20LMP_20200818T165705_17_06.png,0.0,0.0,0.0,0.0,0.18672561645507812,0.03677930001867935
YOLOv11m,train_S2A_MSIL2A_20200818T142741_N0214_R053_T20LMP_20200818T165705_17_07.png,0.0,0.0,0.0,0.0,0.15289688110351562,0.02970769998501055
YOLOv11m,train_S2A_MSIL2A_20200818T142741_N0214_R053_T20LMP_20200818T165705_17_08.png,0.0,0.0,0.0,0.0,0.20833587646484375,0.030904100014595315
YOLOv11m,train_S2A_MSIL2A_20200818T142741_N0214_R053_T20LMP_20200818T165705_17_10.png,0.0,0.0,0.0,0.0,0.03167724609375,0.03807139999116771
YOLOv11m,train_S2A_MSIL2A_20200818T142741_N0214_R053_T20LMP_20200818T165705_17_11.png,0.0,0.0,0.0,0.0,0.042896270751953125,0.033016800007317215
YOLOv11m,train_S2A_MSIL2A_20200818T142741_N0214_R053_T20LMP_20200818T165705_17_13.png,0.0,0.0,0.0,0.0,0.012416839599609375,0.049542499997187406
YOLOv11m,train_S2A_MSIL2A_20200818T142741_N0214_R053_T20LMP_20200818T165705_17_16.png,0.0,0.0,0.0,0.0,0.020793914794921875,0.0333653999841772
YOLOv11m,train_S2A_MSIL2A_20200818T142741_N0214_R053_T20LMP_20200818T165705_17_17.png,0.0,0.0,0.0,0.0,0.07855606079101562,0.028506800008472055
YOLOv11m,train_S2A_MSIL2A_20200818T142741_N0214_R053_T20LMP_20200818T165705_17_18.png,0.0,0.0,0.0,0.0,0.08995437622070312,0.02993859999696724
YOLOv11m,train_S2A_MSIL2A_20200818T142741_N0214_R053_T20LMP_20200818T165705_17_19.png,0.0,0.0,0.0,0.0,0.11837005615234375,0.03925320002599619
YOLOv11m,train_S2A_MSIL2A_20200818T142741_N0214_R053_T20LMP_20200818T165705_17_20.png,0.0,0.0,0.0,0.0,0.7849159240722656,0.04123499998240732
YOLOv11m,train_S2A_MSIL2A_20200818T142741_N0214_R053_T20LMP_20200818T165705_17_21.png,0.0,0.0,0.0,0.0,0.7779045104980469,0.041691399994306266
YOLOv11m,train_S2A_MSIL2A_20200818T142741_N0214_R053_T20LMP_20200818T165705_18_06.png,0.0,0.0,0.0,0.0,0.00522613525390625,0.036297200014814734
YOLOv11m,train_S2A_MSIL2A_20200818T142741_N0214_R053_T20LMP_20200818T165705_18_07.png,0.0,0.0,0.0,0.0,0.011646270751953125,0.03410349998739548
YOLOv11m,train_S2A_MSIL2A_20200818T142741_N0214_R053_T20LMP_20200818T165705_18_10.png,0.0,0.0,0.0,0.0,0.058135986328125,0.03364619999774732
YOLOv11m,train_S2A_MSIL2A_20200818T142741_N0214_R053_T20LMP_20200818T165705_18_14.png,0.0,0.0,0.0,0.0,0.005878448486328125,0.03328249999321997
YOLOv11m,train_S2A_MSIL2A_20200818T142741_N0214_R053_T20LMP_20200818T165705_18_15.png,0.0,0.0,0.0,0.0,0.020748138427734375,0.036265799979446456
YOLOv11m,train_S2A_MSIL2A_20200818T142741_N0214_R053_T20LMP_20200818T165705_18_16.png,0.0,0.0,0.0,0.0,0.033153533935546875,0.03137350000906736
YOLOv11m,train_S2A_MSIL2A_20200818T142741_N0214_R053_T20LMP_20200818T165705_18_17.png,0.0,0.0,0.0,0.0,0.08621978759765625,0.044791299995267764
YOLOv11m,train_S2A_MSIL2A_20200818T142741_N0214_R053_T20LMP_20200818T165705_18_18.png,0.0,0.0,0.0,0.0,0.02764892578125,0.04561129998182878
YOLOv11m,train_S2A_MSIL2A_20200818T142741_N0214_R053_T20LMP_20200818T165705_19_16.png,0.0,0.0,0.0,0.0,0.01702117919921875,0.031204600003547966
YOLOv11m,train_S2A_MSIL2A_20200818T142741_N0214_R053_T20LMP_20200818T165705_19_17.png,0.0,0.0,0.0,0.0,0.036529541015625,0.03268909998587333
YOLOv11m,train_S2A_MSIL2A_20200818T142741_N0214_R053_T20LMP_20200818T165705_20_01.png,0.0,0.0,0.0,0.0,0.000720977783203125,0.03345770001760684
YOLOv11m,train_S2A_MSIL2A_20200818T142741_N0214_R053_T20LMP_20200818T165705_20_06.png,0.0,0.0,0.0,0.0,0.47835540771484375,0.03444469999521971
YOLOv11m,train_S2A_MSIL2A_20200818T142741_N0214_R053_T20LMP_20200818T165705_20_14.png,0.0,0.0,0.0,0.0,0.08772659301757812,0.04080300001078285
YOLOv11m,train_S2A_MSIL2A_20200818T142741_N0214_R053_T20LMP_20200818T165705_20_15.png,0.0,0.0,0.0,0.0,0.024730682373046875,0.031684700021287426
YOLOv11m,train_S2A_MSIL2A_20200818T142741_N0214_R053_T20LMP_20200818T165705_20_17.png,0.0,0.0,0.0,0.0,0.03447723388671875,0.04188460001023486
YOLOv11m,train_S2A_MSIL2A_20200818T142741_N0214_R053_T20LMP_20200818T165705_20_18.png,0.0,0.0,0.0,0.0,0.01085662841796875,0.029665100009879097
YOLOv11m,train_S2A_MSIL2A_20200818T142741_N0214_R053_T20LMP_20200818T165705_21_04.png,0.0,0.0,0.0,0.0,0.00157928466796875,0.028481799992732704
YOLOv11m,train_S2A_MSIL2A_20200818T142741_N0214_R053_T20LMP_20200818T165705_21_05.png,0.0,0.0,0.0,0.0,0.002109527587890625,0.032909999979892746
YOLOv11m,train_S2A_MSIL2A_20200818T142741_N0214_R053_T20LMP_20200818T165705_21_06.png,0.0,0.0,0.0,0.0,0.12913131713867188,0.02919649999239482
YOLOv11m,train_S2A_MSIL2A_20200818T142741_N0214_R053_T20LMP_20200818T165705_21_17.png,0.0,0.0,0.0,0.0,0.022640228271484375,0.029946700000436977
YOLOv11m,train_S2A_MSIL2A_20200818T142741_N0214_R053_T20LMP_20200818T165705_21_18.png,0.0,0.0,0.0,0.0,0.012302398681640625,0.034465700009604916
YOLOv11m,train_S2B_MSIL2A_20200202T141649_N0213_R010_T20LQN_20200202T164215_03_02.png,0.0,0.0,0.0,0.0,0.011814117431640625,0.0301638999953866
YOLOv11m,train_S2B_MSIL2A_20200202T141649_N0213_R010_T20LQN_20200202T164215_03_04.png,0.0,0.0,0.0,0.0,0.011501312255859375,0.026710599981015548
YOLOv11m,train_S2B_MSIL2A_20200202T141649_N0213_R010_T20LQN_20200202T164215_04_02.png,0.0,0.0,0.0,0.0,0.00690460205078125,0.025864899973385036
YOLOv11m,train_S2B_MSIL2A_20200202T141649_N0213_R010_T20LQN_20200202T164215_04_03.png,0.0,0.0,0.0,0.0,7.62939453125e-06,0.028408600017428398
YOLOv11m,train_S2B_MSIL2A_20200202T141649_N0213_R010_T20LQN_20200202T164215_04_04.png,0.0,0.0,0.0,0.0,8.392333984375e-05,0.029967399983434007
YOLOv11m,train_S2B_MSIL2A_20200202T141649_N0213_R010_T20LQN_20200202T164215_04_06.png,0.0,0.0,0.0,0.0,0.6703567504882812,0.03529770000022836
YOLOv11m,train_S2B_MSIL2A_20200202T141649_N0213_R010_T20LQN_20200202T164215_04_09.png,0.0,0.0,0.0,0.0,0.020721435546875,0.029121800005668774
YOLOv11m,train_S2B_MSIL2A_20200202T141649_N0213_R010_T20LQN_20200202T164215_05_10.png,0.0,0.0,0.0,0.0,0.004474639892578125,0.02862729999469593
YOLOv11m,train_S2B_MSIL2A_20200202T141649_N0213_R010_T20LQN_20200202T164215_05_11.png,0.0,0.0,0.0,0.0,0.015377044677734375,0.025741900026332587
YOLOv11m,train_S2B_MSIL2A_20200202T141649_N0213_R010_T20LQN_20200202T164215_05_12.png,0.0,0.0,0.0,0.0,0.0263214111328125,0.030252099997596815
YOLOv11m,train_S2B_MSIL2A_20200202T141649_N0213_R010_T20LQN_20200202T164215_05_21.png,0.0,0.0,0.0,0.0,0.000965118408203125,0.026428500015754253
YOLOv11m,train_S2B_MSIL2A_20200202T141649_N0213_R010_T20LQN_20200202T164215_06_11.png,0.0,0.0,0.0,0.0,0.001316070556640625,0.024036400020122528
YOLOv11m,train_S2B_MSIL2A_20200202T141649_N0213_R010_T20LQN_20200202T164215_06_12.png,0.0,0.0,0.0,0.0,0.00148773193359375,0.024244400003226474
YOLOv11m,train_S2B_MSIL2A_20200202T141649_N0213_R010_T20LQN_20200202T164215_07_11.png,0.0,0.0,0.0,0.0,6.866455078125e-05,0.03289289999520406
YOLOv11m,train_S2B_MSIL2A_20200202T141649_N0213_R010_T20LQN_20200202T164215_07_17.png,0.0,0.0,0.0,0.0,0.004779815673828125,0.03202489999239333
YOLOv11m,train_S2B_MSIL2A_20200202T141649_N0213_R010_T20LQN_20200202T164215_08_11.png,0.0,0.0,0.0,0.0,0.0,0.029255400004331023
YOLOv11m,train_S2B_MSIL2A_20200202T141649_N0213_R010_T20LQN_20200202T164215_08_14.png,0.0,0.0,0.0,0.0,0.00867462158203125,0.036411100008990616
YOLOv11m,train_S2B_MSIL2A_20200202T141649_N0213_R010_T20LQN_20200202T164215_09_11.png,0.0,0.0,0.0,0.0,0.0001373291015625,0.033574000000953674
YOLOv11m,train_S2B_MSIL2A_20200202T141649_N0213_R010_T20LQN_20200202T164215_10_05.png,0.0,0.0,0.0,0.0,0.28417205810546875,0.02840229999856092
YOLOv11m,train_S2B_MSIL2A_20200202T141649_N0213_R010_T20LQN_20200202T164215_10_06.png,0.0,0.0,0.0,0.0,0.32762908935546875,0.03224430000409484
YOLOv11m,train_S2B_MSIL2A_20200202T141649_N0213_R010_T20LQN_20200202T164215_11_05.png,0.0,0.0,0.0,0.0,0.5074653625488281,0.02976089998264797
YOLOv11m,train_S2B_MSIL2A_20200202T141649_N0213_R010_T20LQN_20200202T164215_11_06.png,0.0,0.0,0.0,0.0,0.5324211120605469,0.028844999993452802
YOLOv11m,train_S2B_MSIL2A_20200202T141649_N0213_R010_T20LQN_20200202T164215_11_07.png,0.0,0.0,0.0,0.0,0.2935295104980469,0.02795909999986179
YOLOv11m,train_S2B_MSIL2A_20200202T141649_N0213_R010_T20LQN_20200202T164215_12_03.png,0.0,0.0,0.0,0.0,0.6591339111328125,0.030048800021177158
YOLOv11m,train_S2B_MSIL2A_20200202T141649_N0213_R010_T20LQN_20200202T164215_13_04.png,0.0,0.0,0.0,0.0,0.6973075866699219,0.030573799973353744
YOLOv11m,train_S2B_MSIL2A_20200202T141649_N0213_R010_T20LQN_20200202T164215_13_14.png,0.0,0.0,0.0,0.0,1.52587890625e-05,0.024906400009058416
YOLOv11m,train_S2B_MSIL2A_20200202T141649_N0213_R010_T20LQN_20200202T164215_16_08.png,0.0,0.0,0.0,0.0,0.6018486022949219,0.03031380000174977
YOLOv11m,train_S2B_MSIL2A_20200202T141649_N0213_R010_T20LQN_20200202T164215_18_10.png,0.0,0.0,0.0,0.0,0.3902168273925781,0.028279099991777912
YOLOv11m,train_S2B_MSIL2A_20200202T141649_N0213_R010_T20LQN_20200202T164215_20_13.png,0.0,0.0,0.0,0.0,0.10293197631835938,0.029657800012500957
YOLOv11m,val_S2A_MSIL2A_20200111T142701_N0213_R053_T20NQG_20200111T164651_01_04.png,0.0,0.0,0.0,0.0,0.36563873291015625,0.028474199993070215
YOLOv11m,val_S2A_MSIL2A_20200111T142701_N0213_R053_T20NQG_20200111T164651_01_05.png,0.0,0.0,0.0,0.0,0.31932830810546875,0.028796800004784018
YOLOv11m,val_S2A_MSIL2A_20200111T142701_N0213_R053_T20NQG_20200111T164651_01_12.png,0.0,0.0,0.0,0.0,0.2932472229003906,0.0308960999827832
YOLOv11m,val_S2A_MSIL2A_20200111T142701_N0213_R053_T20NQG_20200111T164651_01_14.png,0.0,0.0,0.0,0.0,0.3446235656738281,0.02846920001320541
YOLOv11m,val_S2A_MSIL2A_20200111T142701_N0213_R053_T20NQG_20200111T164651_02_12.png,0.0,0.0,0.0,0.0,0.2871360778808594,0.02798170002643019
YOLOv11m,val_S2A_MSIL2A_20200111T142701_N0213_R053_T20NQG_20200111T164651_11_12.png,0.0,0.0,0.0,0.0,0.216705322265625,0.03520550002576783
YOLOv11m,val_S2A_MSIL2A_20200111T142701_N0213_R053_T20NQG_20200111T164651_12_06.png,0.0,0.0,0.0,0.0,0.6811637878417969,0.02811210000072606
YOLOv11m,val_S2A_MSIL2A_20200111T142701_N0213_R053_T20NQG_20200111T164651_12_08.png,0.0,0.0,0.0,0.0,0.6120643615722656,0.028510199976153672
YOLOv11m,val_S2A_MSIL2A_20200111T142701_N0213_R053_T20NQG_20200111T164651_12_16.png,0.0,0.0,0.0,0.0,0.22155380249023438,0.02785730001050979
YOLOv11m,val_S2A_MSIL2A_20200111T142701_N0213_R053_T20NQG_20200111T164651_14_12.png,0.0,0.0,0.0,0.0,0.7540359497070312,0.027795200003311038
YOLOv11m,val_S2A_MSIL2A_20200111T142701_N0213_R053_T20NQG_20200111T164651_14_13.png,0.0,0.0,0.0,0.0,0.11713027954101562,0.028068300016457215
YOLOv11m,val_S2A_MSIL2A_20200111T142701_N0213_R053_T20NQG_20200111T164651_15_01.png,0.0,0.0,0.0,0.0,0.49146270751953125,0.028991400002269074
YOLOv11m,val_S2A_MSIL2A_20200111T142701_N0213_R053_T20NQG_20200111T164651_19_08.png,1.0,1.0,0.0,0.0,1.0,0.029134200012777
YOLOv11m,val_S2A_MSIL2A_20200115T140641_N0213_R110_T21LUH_20200115T163049_01_04.png,0.0,0.0,0.0,0.0,0.8509292602539062,0.034790100005920976
YOLOv11m,val_S2A_MSIL2A_20200115T140641_N0213_R110_T21LUH_20200115T163049_05_15.png,0.0,0.0,0.0,0.0,0.4757118225097656,0.03017600000021048
YOLOv11m,val_S2A_MSIL2A_20200115T140641_N0213_R110_T21LUH_20200115T163049_06_05.png,0.0,0.0,0.0,0.0,0.86505126953125,0.028170300007332116
YOLOv11m,val_S2A_MSIL2A_20200115T140641_N0213_R110_T21LUH_20200115T163049_06_08.png,0.0,0.0,0.0,0.0,0.8009757995605469,0.028798399987863377
YOLOv11m,val_S2A_MSIL2A_20200115T140641_N0213_R110_T21LUH_20200115T163049_06_10.png,0.0,0.0,0.0,0.0,0.7020072937011719,0.029510899999877438
YOLOv11m,val_S2A_MSIL2A_20200115T140641_N0213_R110_T21LUH_20200115T163049_07_07.png,0.0,0.0,0.0,0.0,0.7637176513671875,0.028320399986114353
YOLOv11m,val_S2A_MSIL2A_20200115T140641_N0213_R110_T21LUH_20200115T163049_09_15.png,0.0,0.0,0.0,0.0,0.6642875671386719,0.03242780000437051
YOLOv11m,val_S2A_MSIL2A_20200217T141651_N0209_R010_T20LQN_20200217T160045_01_21.png,0.0,0.0,0.0,0.0,0.13463973999023438,0.03361039998708293
YOLOv11m,val_S2A_MSIL2A_20200217T141651_N0209_R010_T20LQN_20200217T160045_03_18.png,0.0,0.0,0.0,0.0,0.116455078125,0.02833440000540577
YOLOv11m,val_S2A_MSIL2A_20200217T141651_N0209_R010_T20LQN_20200217T160045_03_20.png,0.0,0.0,0.0,0.0,0.22586822509765625,0.027267899975413457
YOLOv11m,val_S2A_MSIL2A_20200217T141651_N0209_R010_T20LQN_20200217T160045_05_06.png,0.0,0.0,0.0,0.0,0.7881813049316406,0.0359232000191696
YOLOv11m,val_S2A_MSIL2A_20200217T141651_N0209_R010_T20LQN_20200217T160045_05_15.png,0.0,0.0,0.0,0.0,0.110107421875,0.03784470001119189
YOLOv11m,val_S2A_MSIL2A_20200217T141651_N0209_R010_T20LQN_20200217T160045_06_15.png,0.0,0.0,0.0,0.0,0.10819244384765625,0.03380480001214892
YOLOv11m,val_S2A_MSIL2A_20200217T141651_N0209_R010_T20LQN_20200217T160045_06_21.png,0.0,0.0,0.0,0.0,0.08015823364257812,0.02746300000580959
YOLOv11m,val_S2A_MSIL2A_20200217T141651_N0209_R010_T20LQN_20200217T160045_07_15.png,0.0,0.0,0.0,0.0,0.11628341674804688,0.0313554999884218
YOLOv11m,val_S2A_MSIL2A_20200217T141651_N0209_R010_T20LQN_20200217T160045_08_08.png,0.0,0.0,0.0,0.0,0.54241943359375,0.03588179999496788
YOLOv11m,val_S2A_MSIL2A_20200217T141651_N0209_R010_T20LQN_20200217T160045_09_15.png,0.0,0.0,0.0,0.0,0.1088409423828125,0.024505000008502975
YOLOv11m,val_S2A_MSIL2A_20200217T141651_N0209_R010_T20LQN_20200217T160045_09_21.png,0.0,0.0,0.0,0.0,0.0380096435546875,0.023900400003185496
YOLOv11m,val_S2A_MSIL2A_20200217T141651_N0209_R010_T20LQN_20200217T160045_10_02.png,0.0,0.0,0.0,0.0,0.6653480529785156,0.02871960002812557
YOLOv11m,val_S2A_MSIL2A_20200217T141651_N0209_R010_T20LQN_20200217T160045_10_14.png,0.0,0.0,0.0,0.0,0.07329940795898438,0.024686100019607693
YOLOv11m,val_S2A_MSIL2A_20200217T141651_N0209_R010_T20LQN_20200217T160045_11_03.png,0.0,0.0,0.0,0.0,0.8767166137695312,0.029749999986961484
YOLOv11m,val_S2A_MSIL2A_20200217T141651_N0209_R010_T20LQN_20200217T160045_13_07.png,0.0,0.0,0.0,0.0,0.5525398254394531,0.03162449999945238
YOLOv11m,val_S2A_MSIL2A_20200217T141651_N0209_R010_T20LQN_20200217T160045_13_16.png,0.0,0.0,0.0,0.0,0.20554351806640625,0.030199100001482293
YOLOv11m,val_S2A_MSIL2A_20200217T141651_N0209_R010_T20LQN_20200217T160045_14_04.png,0.0,0.0,0.0,0.0,0.862579345703125,0.040162599994800985
YOLOv11m,val_S2A_MSIL2A_20200217T141651_N0209_R010_T20LQN_20200217T160045_15_19.png,0.0,0.0,0.0,0.0,0.07300567626953125,0.028959099989151582
YOLOv11m,val_S2A_MSIL2A_20200217T141651_N0209_R010_T20LQN_20200217T160045_15_21.png,0.0,0.0,0.0,0.0,0.109466552734375,0.028207700001075864
YOLOv11m,val_S2A_MSIL2A_20200217T141651_N0209_R010_T20LQN_20200217T160045_17_06.png,0.0,0.0,0.0,0.0,0.8306732177734375,0.02884099999209866
YOLOv11m,val_S2A_MSIL2A_20200217T141651_N0209_R010_T20LQN_20200217T160045_17_17.png,0.0,0.0,0.0,0.0,0.09857177734375,0.04094750000513159
YOLOv11m,val_S2A_MSIL2A_20200217T141651_N0209_R010_T20LQN_20200217T160045_20_04.png,0.0,0.0,0.0,0.0,0.6772270202636719,0.041973199986387044
YOLOv11m,val_S2A_MSIL2A_20200217T141651_N0209_R010_T20LQN_20200217T160045_20_18.png,0.0,0.0,0.0,0.0,0.10811614990234375,0.027217700000619516
YOLOv11m,val_S2A_MSIL2A_20200818T142741_N0214_R053_T20LMP_20200818T165705_01_01.png,0.0,0.0,0.0,0.0,0.7515487670898438,0.02991219999967143
YOLOv11m,val_S2A_MSIL2A_20200818T142741_N0214_R053_T20LMP_20200818T165705_01_06.png,0.0,0.0,0.0,0.0,0.45024871826171875,0.029302100010681897
YOLOv11m,val_S2A_MSIL2A_20200818T142741_N0214_R053_T20LMP_20200818T165705_01_11.png,0.0,0.0,0.0,0.0,0.5774650573730469,0.029759900004137307
YOLOv11m,val_S2A_MSIL2A_20200818T142741_N0214_R053_T20LMP_20200818T165705_03_05.png,0.0,0.0,0.0,0.0,0.7931098937988281,0.0285135000012815
YOLOv11m,val_S2A_MSIL2A_20200818T142741_N0214_R053_T20LMP_20200818T165705_03_08.png,0.0,0.0,0.0,0.0,0.8326835632324219,0.028487899980973452
YOLOv11m,val_S2A_MSIL2A_20200818T142741_N0214_R053_T20LMP_20200818T165705_03_12.png,0.0,0.0,0.0,0.0,0.8703079223632812,0.03451540000969544
YOLOv11m,val_S2A_MSIL2A_20200818T142741_N0214_R053_T20LMP_20200818T165705_03_16.png,0.0,0.0,0.0,0.0,0.8142814636230469,0.03668699998524971
YOLOv11m,val_S2A_MSIL2A_20200818T142741_N0214_R053_T20LMP_20200818T165705_03_21.png,0.0,0.0,0.0,0.0,0.7777671813964844,0.027425300009781495
YOLOv11m,val_S2A_MSIL2A_20200818T142741_N0214_R053_T20LMP_20200818T165705_04_06.png,0.0,0.0,0.0,0.0,0.8321762084960938,0.03087350001442246
YOLOv11m,val_S2A_MSIL2A_20200818T142741_N0214_R053_T20LMP_20200818T165705_04_09.png,0.0,0.0,0.0,0.0,0.6206016540527344,0.031538200011709705
YOLOv11m,val_S2A_MSIL2A_20200818T142741_N0214_R053_T20LMP_20200818T165705_04_10.png,0.0,0.0,0.0,0.0,0.5830459594726562,0.028669299994362518
YOLOv11m,val_S2A_MSIL2A_20200818T142741_N0214_R053_T20LMP_20200818T165705_05_11.png,0.0,0.0,0.0,0.0,0.5983734130859375,0.028328999993391335
YOLOv11m,val_S2A_MSIL2A_20200818T142741_N0214_R053_T20LMP_20200818T165705_05_19.png,0.0,0.0,0.0,0.0,0.7525596618652344,0.028841499995905906
YOLOv11m,val_S2A_MSIL2A_20200818T142741_N0214_R053_T20LMP_20200818T165705_05_21.png,0.0,0.0,0.0,0.0,0.7571830749511719,0.030696899979375303
YOLOv11m,val_S2A_MSIL2A_20200818T142741_N0214_R053_T20LMP_20200818T165705_06_14.png,0.0,0.0,0.0,0.0,0.7907752990722656,0.027825500001199543
YOLOv11m,val_S2A_MSIL2A_20200818T142741_N0214_R053_T20LMP_20200818T165705_08_01.png,0.0,0.0,0.0,0.0,0.7839164733886719,0.02916400000685826
YOLOv11m,val_S2A_MSIL2A_20200818T142741_N0214_R053_T20LMP_20200818T165705_08_14.png,0.0,0.0,0.0,0.0,0.7995185852050781,0.028448800003388897
YOLOv11m,val_S2A_MSIL2A_20200818T142741_N0214_R053_T20LMP_20200818T165705_08_16.png,0.0,0.0,0.0,0.0,0.6070175170898438,0.02833150001242757
YOLOv11m,val_S2A_MSIL2A_20200818T142741_N0214_R053_T20LMP_20200818T165705_09_04.png,0.0,0.0,0.0,0.0,0.7803840637207031,0.028877100005047396
YOLOv11m,val_S2A_MSIL2A_20200818T142741_N0214_R053_T20LMP_20200818T165705_09_13.png,0.0,0.0,0.0,0.0,0.7025260925292969,0.028783699992345646
YOLOv11m,val_S2A_MSIL2A_20200818T142741_N0214_R053_T20LMP_20200818T165705_09_19.png,0.0,0.0,0.0,0.0,0.6688117980957031,0.029235599999083206
YOLOv11m,val_S2A_MSIL2A_20200818T142741_N0214_R053_T20LMP_20200818T165705_09_20.png,0.0,0.0,0.0,0.0,0.7439422607421875,0.028565899992827326
YOLOv11m,val_S2A_MSIL2A_20200818T142741_N0214_R053_T20LMP_20200818T165705_10_08.png,0.0,0.0,0.0,0.0,0.8647613525390625,0.02884659997653216
YOLOv11m,val_S2A_MSIL2A_20200818T142741_N0214_R053_T20LMP_20200818T165705_10_15.png,0.0,0.0,0.0,0.0,0.6877479553222656,0.03002320000086911
YOLOv11m,val_S2A_MSIL2A_20200818T142741_N0214_R053_T20LMP_20200818T165705_11_11.png,0.0,0.0,0.0,0.0,0.7030143737792969,0.035030299972277135
YOLOv11m,val_S2A_MSIL2A_20200818T142741_N0214_R053_T20LMP_20200818T165705_11_12.png,0.0,0.0,0.0,0.0,0.7822380065917969,0.028086500009521842
YOLOv11m,val_S2A_MSIL2A_20200818T142741_N0214_R053_T20LMP_20200818T165705_11_19.png,0.0,0.0,0.0,0.0,0.4407615661621094,0.03836310000042431
YOLOv11m,val_S2A_MSIL2A_20200818T142741_N0214_R053_T20LMP_20200818T165705_12_04.png,0.0,0.0,0.0,0.0,0.7369194030761719,0.029150099988328293
YOLOv11m,val_S2A_MSIL2A_20200818T142741_N0214_R053_T20LMP_20200818T165705_12_05.png,0.0,0.0,0.0,0.0,0.84783935546875,0.03193609998561442
YOLOv11m,val_S2A_MSIL2A_20200818T142741_N0214_R053_T20LMP_20200818T165705_12_10.png,0.0,0.0,0.0,0.0,0.6171875,0.04323340000701137
YOLOv11m,val_S2A_MSIL2A_20200818T142741_N0214_R053_T20LMP_20200818T165705_13_04.png,0.0,0.0,0.0,0.0,0.8688697814941406,0.043763000023318455
YOLOv11m,val_S2A_MSIL2A_20200818T142741_N0214_R053_T20LMP_20200818T165705_13_06.png,0.0,0.0,0.0,0.0,0.7975654602050781,0.039761200023349375
YOLOv11m,val_S2A_MSIL2A_20200818T142741_N0214_R053_T20LMP_20200818T165705_13_14.png,0.0,0.0,0.0,0.0,0.0088043212890625,0.03747690000454895
YOLOv11m,val_S2A_MSIL2A_20200818T142741_N0214_R053_T20LMP_20200818T165705_14_02.png,0.0,0.0,0.0,0.0,0.038360595703125,0.03394180000759661
YOLOv11m,val_S2A_MSIL2A_20200818T142741_N0214_R053_T20LMP_20200818T165705_14_03.png,0.0,0.0,0.0,0.0,0.07509231567382812,0.03376109999953769
YOLOv11m,val_S2A_MSIL2A_20200818T142741_N0214_R053_T20LMP_20200818T165705_14_05.png,0.0,0.0,0.0,0.0,0.6212692260742188,0.03346230002352968
YOLOv11m,val_S2A_MSIL2A_20200818T142741_N0214_R053_T20LMP_20200818T165705_14_06.png,0.0,0.0,0.0,0.0,0.6093673706054688,0.028269300004467368
YOLOv11m,val_S2A_MSIL2A_20200818T142741_N0214_R053_T20LMP_20200818T165705_14_18.png,0.0,0.0,0.0,0.0,0.91766357421875,0.027884700015420094
YOLOv11m,val_S2A_MSIL2A_20200818T142741_N0214_R053_T20LMP_20200818T165705_15_04.png,0.0,0.0,0.0,0.0,0.11451339721679688,0.029185099992901087
YOLOv11m,val_S2A_MSIL2A_20200818T142741_N0214_R053_T20LMP_20200818T165705_15_11.png,0.0,0.0,0.0,0.0,0.05999755859375,0.028469600016251206
YOLOv11m,val_S2A_MSIL2A_20200818T142741_N0214_R053_T20LMP_20200818T165705_17_15.png,0.0,0.0,0.0,0.0,0.014156341552734375,0.03446560000884347
YOLOv11m,val_S2A_MSIL2A_20200818T142741_N0214_R053_T20LMP_20200818T165705_18_11.png,0.0,0.0,0.0,0.0,0.005931854248046875,0.040627699985634536
YOLOv11m,val_S2A_MSIL2A_20200818T142741_N0214_R053_T20LMP_20200818T165705_19_15.png,0.0,0.0,0.0,0.0,0.015415191650390625,0.03373960001044907
YOLOv11m,val_S2A_MSIL2A_20200818T142741_N0214_R053_T20LMP_20200818T165705_19_18.png,0.0,0.0,0.0,0.0,0.002880096435546875,0.029905100003816187
YOLOv11m,val_S2A_MSIL2A_20200818T142741_N0214_R053_T20LMP_20200818T165705_19_19.png,0.0,0.0,0.0,0.0,0.004863739013671875,0.03432620002422482
YOLOv11m,val_S2A_MSIL2A_20200818T142741_N0214_R053_T20LMP_20200818T165705_20_10.png,0.0,0.0,0.0,0.0,0.026947021484375,0.02801290000206791
YOLOv11m,val_S2A_MSIL2A_20200818T142741_N0214_R053_T20LMP_20200818T165705_20_16.png,0.0,0.0,0.0,0.0,0.0437469482421875,0.03380730000208132
YOLOv11m,val_S2A_MSIL2A_20200818T142741_N0214_R053_T20LMP_20200818T165705_21_21.png,0.0,0.0,0.0,0.0,0.8556594848632812,0.02804959999048151
YOLOv11m,val_S2B_MSIL2A_20200202T141649_N0213_R010_T20LQN_20200202T164215_02_07.png,0.0,0.0,0.0,0.0,0.209991455078125,0.028235300007509068
YOLOv11m,val_S2B_MSIL2A_20200202T141649_N0213_R010_T20LQN_20200202T164215_03_03.png,0.0,0.0,0.0,0.0,0.00066375732421875,0.024620700016384944
YOLOv11m,val_S2B_MSIL2A_20200202T141649_N0213_R010_T20LQN_20200202T164215_04_10.png,0.0,0.0,0.0,0.0,3.0517578125e-05,0.02663800001027994
YOLOv11m,val_S2B_MSIL2A_20200202T141649_N0213_R010_T20LQN_20200202T164215_05_07.png,0.0,0.0,0.0,0.0,0.5007591247558594,0.03393139998661354
YOLOv11m,val_S2B_MSIL2A_20200202T141649_N0213_R010_T20LQN_20200202T164215_10_02.png,0.0,0.0,0.0,0.0,0.5900344848632812,0.03434480002033524
YOLOv11m,val_S2B_MSIL2A_20200202T141649_N0213_R010_T20LQN_20200202T164215_10_03.png,0.0,0.0,0.0,0.0,0.49022674560546875,0.03460260000429116
YOLOv11m,val_S2B_MSIL2A_20200202T141649_N0213_R010_T20LQN_20200202T164215_11_04.png,0.0,0.0,0.0,0.0,0.5555915832519531,0.045420900016324595
YOLOv11m,val_S2B_MSIL2A_20200202T141649_N0213_R010_T20LQN_20200202T164215_12_07.png,0.0,0.0,0.0,0.0,0.4833641052246094,0.029737000004388392
YOLOv11m,val_S2B_MSIL2A_20200202T141649_N0213_R010_T20LQN_20200202T164215_12_14.png,0.0,0.0,0.0,0.0,0.001064300537109375,0.026546199980657548
YOLOv11l,train_S2A_MSIL2A_20200111T142701_N0213_R053_T20NQG_20200111T164651_01_07.png,0.0,0.0,0.0,0.0,0.3530769348144531,0.37927060000947677
YOLOv11l,train_S2A_MSIL2A_20200111T142701_N0213_R053_T20NQG_20200111T164651_01_13.png,0.0,0.0,0.0,0.0,0.3471565246582031,0.05060839999350719
YOLOv11l,train_S2A_MSIL2A_20200111T142701_N0213_R053_T20NQG_20200111T164651_02_03.png,0.0,0.0,0.0,0.0,0.4569206237792969,0.05077719999826513
YOLOv11l,train_S2A_MSIL2A_20200111T142701_N0213_R053_T20NQG_20200111T164651_02_04.png,0.0,0.0,0.0,0.0,0.5263519287109375,0.04742289998102933
YOLOv11l,train_S2A_MSIL2A_20200111T142701_N0213_R053_T20NQG_20200111T164651_02_07.png,0.0,0.0,0.0,0.0,0.7064704895019531,0.05266020001727156
YOLOv11l,train_S2A_MSIL2A_20200111T142701_N0213_R053_T20NQG_20200111T164651_02_10.png,0.0,0.0,0.0,0.0,0.20199203491210938,0.04919250000966713
YOLOv11l,train_S2A_MSIL2A_20200111T142701_N0213_R053_T20NQG_20200111T164651_02_11.png,0.0,0.0,0.0,0.0,0.24502944946289062,0.04897930001607165
YOLOv11l,train_S2A_MSIL2A_20200111T142701_N0213_R053_T20NQG_20200111T164651_03_05.png,0.0,0.0,0.0,0.0,0.4412269592285156,0.04696839998359792
YOLOv11l,train_S2A_MSIL2A_20200111T142701_N0213_R053_T20NQG_20200111T164651_03_06.png,0.0,0.0,0.0,0.0,0.4077720642089844,0.049594500014791265
YOLOv11l,train_S2A_MSIL2A_20200111T142701_N0213_R053_T20NQG_20200111T164651_03_11.png,0.0,0.0,0.0,0.0,0.1164703369140625,0.04923370000324212
YOLOv11l,train_S2A_MSIL2A_20200111T142701_N0213_R053_T20NQG_20200111T164651_04_07.png,0.0,0.0,0.0,0.0,0.7887382507324219,0.03953779998118989
YOLOv11l,train_S2A_MSIL2A_20200111T142701_N0213_R053_T20NQG_20200111T164651_04_08.png,0.0,0.0,0.0,0.0,0.7175750732421875,0.036599099985323846
YOLOv11l,train_S2A_MSIL2A_20200111T142701_N0213_R053_T20NQG_20200111T164651_04_09.png,0.0,0.0,0.0,0.0,0.43114471435546875,0.037955100007820874
YOLOv11l,train_S2A_MSIL2A_20200111T142701_N0213_R053_T20NQG_20200111T164651_04_10.png,0.0,0.0,0.0,0.0,0.141571044921875,0.03657009999733418
YOLOv11l,train_S2A_MSIL2A_20200111T142701_N0213_R053_T20NQG_20200111T164651_04_11.png,0.0,0.0,0.0,0.0,0.15567398071289062,0.032681899989256635
YOLOv11l,train_S2A_MSIL2A_20200111T142701_N0213_R053_T20NQG_20200111T164651_05_05.png,0.0,0.0,0.0,0.0,0.5177536010742188,0.042079800012288615
YOLOv11l,train_S2A_MSIL2A_20200111T142701_N0213_R053_T20NQG_20200111T164651_05_06.png,0.0,0.0,0.0,0.0,0.5273399353027344,0.040894300007494166
YOLOv11l,train_S2A_MSIL2A_20200111T142701_N0213_R053_T20NQG_20200111T164651_05_07.png,0.0,0.0,0.0,0.0,0.6261749267578125,0.03288459999021143
YOLOv11l,train_S2A_MSIL2A_20200111T142701_N0213_R053_T20NQG_20200111T164651_05_11.png,0.0,0.0,0.0,0.0,0.039005279541015625,0.033952999976463616
YOLOv11l,train_S2A_MSIL2A_20200111T142701_N0213_R053_T20NQG_20200111T164651_06_01.png,0.0,0.0,0.0,0.0,0.0686187744140625,0.04838600000948645
YOLOv11l,train_S2A_MSIL2A_20200111T142701_N0213_R053_T20NQG_20200111T164651_06_06.png,0.0,0.0,0.0,0.0,0.215728759765625,0.06489179999334738
YOLOv11l,train_S2A_MSIL2A_20200111T142701_N0213_R053_T20NQG_20200111T164651_06_07.png,0.0,0.0,0.0,0.0,0.3458747863769531,0.06204690001322888
YOLOv11l,train_S2A_MSIL2A_20200111T142701_N0213_R053_T20NQG_20200111T164651_06_09.png,0.0,0.0,0.0,0.0,0.43194580078125,0.03653680000570603
YOLOv11l,train_S2A_MSIL2A_20200111T142701_N0213_R053_T20NQG_20200111T164651_06_10.png,0.0,0.0,0.0,0.0,0.056148529052734375,0.05148460000054911
YOLOv11l,train_S2A_MSIL2A_20200111T142701_N0213_R053_T20NQG_20200111T164651_06_13.png,0.0,0.0,0.0,0.0,0.3239173889160156,0.050843700009863824
YOLOv11l,train_S2A_MSIL2A_20200111T142701_N0213_R053_T20NQG_20200111T164651_06_14.png,0.0,0.0,0.0,0.0,0.47252655029296875,0.05809050000971183
YOLOv11l,train_S2A_MSIL2A_20200111T142701_N0213_R053_T20NQG_20200111T164651_07_01.png,0.0,0.0,0.0,0.0,0.2826194763183594,0.05430859999614768
YOLOv11l,train_S2A_MSIL2A_20200111T142701_N0213_R053_T20NQG_20200111T164651_07_02.png,0.0,0.0,0.0,0.0,0.18778610229492188,0.06433600001037121
YOLOv11l,train_S2A_MSIL2A_20200111T142701_N0213_R053_T20NQG_20200111T164651_07_03.png,0.0,0.0,0.0,0.0,0.03110504150390625,0.04015699998126365
YOLOv11l,train_S2A_MSIL2A_20200111T142701_N0213_R053_T20NQG_20200111T164651_07_04.png,0.0,0.0,0.0,0.0,0.17401504516601562,0.0406076000072062
YOLOv11l,train_S2A_MSIL2A_20200111T142701_N0213_R053_T20NQG_20200111T164651_07_05.png,0.0,0.0,0.0,0.0,0.3530120849609375,0.033529300009831786
YOLOv11l,train_S2A_MSIL2A_20200111T142701_N0213_R053_T20NQG_20200111T164651_07_06.png,0.0,0.0,0.0,0.0,0.30918121337890625,0.04218260000925511
YOLOv11l,train_S2A_MSIL2A_20200111T142701_N0213_R053_T20NQG_20200111T164651_07_09.png,0.0,0.0,0.0,0.0,0.15800094604492188,0.03270189999602735
YOLOv11l,train_S2A_MSIL2A_20200111T142701_N0213_R053_T20NQG_20200111T164651_07_11.png,0.0,0.0,0.0,0.0,0.24077987670898438,0.03373500000452623
YOLOv11l,train_S2A_MSIL2A_20200111T142701_N0213_R053_T20NQG_20200111T164651_07_12.png,0.0,0.0,0.0,0.0,0.29520416259765625,0.03422770000179298
YOLOv11l,train_S2A_MSIL2A_20200111T142701_N0213_R053_T20NQG_20200111T164651_07_13.png,0.0,0.0,0.0,0.0,0.1963348388671875,0.03347369999391958
YOLOv11l,train_S2A_MSIL2A_20200111T142701_N0213_R053_T20NQG_20200111T164651_07_14.png,0.0,0.0,0.0,0.0,0.3779945373535156,0.03354989999206737
YOLOv11l,train_S2A_MSIL2A_20200111T142701_N0213_R053_T20NQG_20200111T164651_07_15.png,0.0,0.0,0.0,0.0,0.5633964538574219,0.05057429999578744
YOLOv11l,train_S2A_MSIL2A_20200111T142701_N0213_R053_T20NQG_20200111T164651_08_01.png,0.0,0.0,0.0,0.0,0.0770263671875,0.03423680001287721
YOLOv11l,train_S2A_MSIL2A_20200111T142701_N0213_R053_T20NQG_20200111T164651_08_09.png,0.0,0.0,0.0,0.0,0.4984779357910156,0.03636450000340119
YOLOv11l,train_S2A_MSIL2A_20200111T142701_N0213_R053_T20NQG_20200111T164651_08_10.png,0.0,0.0,0.0,0.0,0.5098724365234375,0.0461862999945879
YOLOv11l,train_S2A_MSIL2A_20200111T142701_N0213_R053_T20NQG_20200111T164651_08_14.png,0.0,0.0,0.0,0.0,0.2684593200683594,0.03904719999991357
YOLOv11l,train_S2A_MSIL2A_20200111T142701_N0213_R053_T20NQG_20200111T164651_09_01.png,0.0,0.0,0.0,0.0,0.22026443481445312,0.042181799974059686
YOLOv11l,train_S2A_MSIL2A_20200111T142701_N0213_R053_T20NQG_20200111T164651_09_02.png,0.0,0.0,0.0,0.0,0.36429595947265625,0.04949149998719804
YOLOv11l,train_S2A_MSIL2A_20200111T142701_N0213_R053_T20NQG_20200111T164651_09_03.png,0.0,0.0,0.0,0.0,0.9452667236328125,0.042490399995585904
YOLOv11l,train_S2A_MSIL2A_20200111T142701_N0213_R053_T20NQG_20200111T164651_09_07.png,0.0,0.0,0.0,0.0,0.7738838195800781,0.0350693000073079
YOLOv11l,train_S2A_MSIL2A_20200111T142701_N0213_R053_T20NQG_20200111T164651_09_08.png,0.0,0.0,0.0,0.0,0.4558258056640625,0.03156719999969937
YOLOv11l,train_S2A_MSIL2A_20200111T142701_N0213_R053_T20NQG_20200111T164651_09_09.png,0.0,0.0,0.0,0.0,0.16601943969726562,0.03321439999854192
YOLOv11l,train_S2A_MSIL2A_20200111T142701_N0213_R053_T20NQG_20200111T164651_09_10.png,0.0,0.0,0.0,0.0,0.04801177978515625,0.03282759999274276
YOLOv11l,train_S2A_MSIL2A_20200111T142701_N0213_R053_T20NQG_20200111T164651_09_12.png,0.0,0.0,0.0,0.0,0.4818115234375,0.035750300012296066
YOLOv11l,train_S2A_MSIL2A_20200111T142701_N0213_R053_T20NQG_20200111T164651_09_13.png,0.0,0.0,0.0,0.0,0.6373748779296875,0.03234969999175519
YOLOv11l,train_S2A_MSIL2A_20200111T142701_N0213_R053_T20NQG_20200111T164651_09_15.png,0.0,0.0,0.0,0.0,0.4093513488769531,0.04016030000639148
YOLOv11l,train_S2A_MSIL2A_20200111T142701_N0213_R053_T20NQG_20200111T164651_09_16.png,0.0,0.0,0.0,0.0,0.6817550659179688,0.037026100006187335
YOLOv11l,train_S2A_MSIL2A_20200111T142701_N0213_R053_T20NQG_20200111T164651_10_01.png,0.0,0.0,0.0,0.0,0.102935791015625,0.04325539999990724
YOLOv11l,train_S2A_MSIL2A_20200111T142701_N0213_R053_T20NQG_20200111T164651_10_02.png,0.0,0.0,0.0,0.0,0.7704010009765625,0.04092679999303073
YOLOv11l,train_S2A_MSIL2A_20200111T142701_N0213_R053_T20NQG_20200111T164651_10_03.png,0.0,0.0,0.0,0.0,0.9815711975097656,0.03145710000535473
YOLOv11l,train_S2A_MSIL2A_20200111T142701_N0213_R053_T20NQG_20200111T164651_10_04.png,0.0,0.0,0.0,0.0,0.9831466674804688,0.03887610000674613
YOLOv11l,train_S2A_MSIL2A_20200111T142701_N0213_R053_T20NQG_20200111T164651_10_09.png,0.0,0.0,0.0,0.0,0.32759857177734375,0.04337060000398196
YOLOv11l,train_S2A_MSIL2A_20200111T142701_N0213_R053_T20NQG_20200111T164651_10_11.png,0.0,0.0,0.0,0.0,0.103546142578125,0.043309600005159155
YOLOv11l,train_S2A_MSIL2A_20200111T142701_N0213_R053_T20NQG_20200111T164651_10_12.png,0.0,0.0,0.0,0.0,0.14123916625976562,0.032779600005596876
YOLOv11l,train_S2A_MSIL2A_20200111T142701_N0213_R053_T20NQG_20200111T164651_10_17.png,0.0,0.0,0.0,0.0,0.4242362976074219,0.03282209997996688
YOLOv11l,train_S2A_MSIL2A_20200111T142701_N0213_R053_T20NQG_20200111T164651_11_02.png,0.0,0.0,0.0,0.0,0.5790252685546875,0.0328970999980811
YOLOv11l,train_S2A_MSIL2A_20200111T142701_N0213_R053_T20NQG_20200111T164651_11_03.png,0.0,0.0,0.0,0.0,0.9728775024414062,0.032273000018903986
YOLOv11l,train_S2A_MSIL2A_20200111T142701_N0213_R053_T20NQG_20200111T164651_11_05.png,0.0,0.0,0.0,0.0,0.9405403137207031,0.03229160001501441
YOLOv11l,train_S2A_MSIL2A_20200111T142701_N0213_R053_T20NQG_20200111T164651_11_07.png,0.0,0.0,0.0,0.0,0.27191162109375,0.03274500000406988
YOLOv11l,train_S2A_MSIL2A_20200111T142701_N0213_R053_T20NQG_20200111T164651_11_10.png,0.0,0.0,0.0,0.0,0.46007537841796875,0.032495199993718415
YOLOv11l,train_S2A_MSIL2A_20200111T142701_N0213_R053_T20NQG_20200111T164651_11_11.png,0.0,0.0,0.0,0.0,0.19601058959960938,0.032792999991215765
YOLOv11l,train_S2A_MSIL2A_20200111T142701_N0213_R053_T20NQG_20200111T164651_11_14.png,0.0,0.0,0.0,0.0,0.6617965698242188,0.03435679999529384
YOLOv11l,train_S2A_MSIL2A_20200111T142701_N0213_R053_T20NQG_20200111T164651_11_17.png,0.0,0.0,0.0,0.0,0.25260162353515625,0.03681510000023991
YOLOv11l,train_S2A_MSIL2A_20200111T142701_N0213_R053_T20NQG_20200111T164651_11_18.png,0.0,0.0,0.0,0.0,0.07268142700195312,0.03303250001044944
YOLOv11l,train_S2A_MSIL2A_20200111T142701_N0213_R053_T20NQG_20200111T164651_12_01.png,0.0,0.0,0.0,0.0,0.13274765014648438,0.043884299986530095
YOLOv11l,train_S2A_MSIL2A_20200111T142701_N0213_R053_T20NQG_20200111T164651_12_02.png,0.0,0.0,0.0,0.0,0.83721923828125,0.04904419998638332
YOLOv11l,train_S2A_MSIL2A_20200111T142701_N0213_R053_T20NQG_20200111T164651_12_05.png,0.0,0.0,0.0,0.0,0.9055404663085938,0.04580419999547303
YOLOv11l,train_S2A_MSIL2A_20200111T142701_N0213_R053_T20NQG_20200111T164651_12_07.png,0.0,0.0,0.0,0.0,0.5934982299804688,0.04206100001465529
YOLOv11l,train_S2A_MSIL2A_20200111T142701_N0213_R053_T20NQG_20200111T164651_12_11.png,0.0,0.0,0.0,0.0,0.4411125183105469,0.04201500001363456
YOLOv11l,train_S2A_MSIL2A_20200111T142701_N0213_R053_T20NQG_20200111T164651_12_14.png,0.0,0.0,0.0,0.0,0.19156646728515625,0.039915000001201406
YOLOv11l,train_S2A_MSIL2A_20200111T142701_N0213_R053_T20NQG_20200111T164651_12_15.png,0.0,0.0,0.0,0.0,0.41959381103515625,0.03913039999315515
YOLOv11l,train_S2A_MSIL2A_20200111T142701_N0213_R053_T20NQG_20200111T164651_13_02.png,0.0,0.0,0.0,0.0,0.8151397705078125,0.03135979999206029
YOLOv11l,train_S2A_MSIL2A_20200111T142701_N0213_R053_T20NQG_20200111T164651_13_05.png,0.0,0.0,0.0,0.0,0.922576904296875,0.031975399993825704
YOLOv11l,train_S2A_MSIL2A_20200111T142701_N0213_R053_T20NQG_20200111T164651_13_06.png,0.0,0.0,0.0,0.0,0.5809822082519531,0.032568499998888
YOLOv11l,train_S2A_MSIL2A_20200111T142701_N0213_R053_T20NQG_20200111T164651_13_07.png,0.0,0.0,0.0,0.0,0.5353012084960938,0.03307269999640994
YOLOv11l,train_S2A_MSIL2A_20200111T142701_N0213_R053_T20NQG_20200111T164651_13_08.png,0.0,0.0,0.0,0.0,0.6240081787109375,0.032197399996221066
YOLOv11l,train_S2A_MSIL2A_20200111T142701_N0213_R053_T20NQG_20200111T164651_13_10.png,0.0,0.0,0.0,0.0,0.8109512329101562,0.037374100007582456
YOLOv11l,train_S2A_MSIL2A_20200111T142701_N0213_R053_T20NQG_20200111T164651_13_13.png,0.0,0.0,0.0,0.0,0.3660850524902344,0.03919459998724051
YOLOv11l,train_S2A_MSIL2A_20200111T142701_N0213_R053_T20NQG_20200111T164651_13_14.png,0.0,0.0,0.0,0.0,0.3474540710449219,0.040162700024666265
YOLOv11l,train_S2A_MSIL2A_20200111T142701_N0213_R053_T20NQG_20200111T164651_13_16.png,0.0,0.0,0.0,0.0,0.24831390380859375,0.04018659997382201
YOLOv11l,train_S2A_MSIL2A_20200111T142701_N0213_R053_T20NQG_20200111T164651_14_01.png,0.0,0.0,0.0,0.0,0.3625946044921875,0.03508150001289323
YOLOv11l,train_S2A_MSIL2A_20200111T142701_N0213_R053_T20NQG_20200111T164651_14_08.png,0.0,0.0,0.0,0.0,0.9360275268554688,0.03106779998051934
YOLOv11l,train_S2A_MSIL2A_20200111T142701_N0213_R053_T20NQG_20200111T164651_14_11.png,0.0,0.0,0.0,0.0,0.7055015563964844,0.03340129999560304
YOLOv11l,train_S2A_MSIL2A_20200111T142701_N0213_R053_T20NQG_20200111T164651_15_02.png,0.0,0.0,0.0,0.0,0.7300567626953125,0.03604410000843927
YOLOv11l,train_S2A_MSIL2A_20200111T142701_N0213_R053_T20NQG_20200111T164651_15_03.png,0.0,0.0,0.0,0.0,0.9664230346679688,0.03167090000351891
YOLOv11l,train_S2A_MSIL2A_20200111T142701_N0213_R053_T20NQG_20200111T164651_15_13.png,0.0,0.0,0.0,0.0,0.20359420776367188,0.03954070000327192
YOLOv11l,train_S2A_MSIL2A_20200111T142701_N0213_R053_T20NQG_20200111T164651_17_01.png,0.0,0.0,0.0,0.0,0.3895759582519531,0.03246539999963716
YOLOv11l,train_S2A_MSIL2A_20200115T140641_N0213_R110_T21LUH_20200115T163049_01_09.png,0.0,0.0,0.0,0.0,0.778228759765625,0.031513099995208904
YOLOv11l,train_S2A_MSIL2A_20200115T140641_N0213_R110_T21LUH_20200115T163049_02_09.png,0.0,0.0,0.0,0.0,0.9186058044433594,0.03337449999526143
YOLOv11l,train_S2A_MSIL2A_20200115T140641_N0213_R110_T21LUH_20200115T163049_03_03.png,0.0,0.0,0.0,0.0,0.87542724609375,0.033684900001389906
YOLOv11l,train_S2A_MSIL2A_20200115T140641_N0213_R110_T21LUH_20200115T163049_03_05.png,0.0,0.0,0.0,0.0,0.5654335021972656,0.032173799991142005
YOLOv11l,train_S2A_MSIL2A_20200115T140641_N0213_R110_T21LUH_20200115T163049_03_08.png,0.0,0.0,0.0,0.0,0.7925148010253906,0.03238389999023639
YOLOv11l,train_S2A_MSIL2A_20200115T140641_N0213_R110_T21LUH_20200115T163049_03_09.png,0.0,0.0,0.0,0.0,0.8455810546875,0.03602390000014566
YOLOv11l,train_S2A_MSIL2A_20200115T140641_N0213_R110_T21LUH_20200115T163049_04_02.png,0.0,0.0,0.0,0.0,0.7999000549316406,0.04926189998514019
YOLOv11l,train_S2A_MSIL2A_20200115T140641_N0213_R110_T21LUH_20200115T163049_04_06.png,0.0,0.0,0.0,0.0,0.44110870361328125,0.03848019998986274
YOLOv11l,train_S2A_MSIL2A_20200115T140641_N0213_R110_T21LUH_20200115T163049_04_07.png,0.0,0.0,0.0,0.0,0.7932281494140625,0.04067190000205301
YOLOv11l,train_S2A_MSIL2A_20200115T140641_N0213_R110_T21LUH_20200115T163049_04_08.png,0.0,0.0,0.0,0.0,0.4847869873046875,0.032667199993738905
YOLOv11l,train_S2A_MSIL2A_20200115T140641_N0213_R110_T21LUH_20200115T163049_04_09.png,0.0,0.0,0.0,0.0,0.42235565185546875,0.03190769997308962
YOLOv11l,train_S2A_MSIL2A_20200115T140641_N0213_R110_T21LUH_20200115T163049_04_11.png,0.0,0.0,0.0,0.0,0.011505126953125,0.038600900006713346
YOLOv11l,train_S2A_MSIL2A_20200115T140641_N0213_R110_T21LUH_20200115T163049_04_12.png,0.0,0.0,0.0,0.0,0.10044097900390625,0.03538919999846257
YOLOv11l,train_S2A_MSIL2A_20200115T140641_N0213_R110_T21LUH_20200115T163049_04_13.png,0.0,0.0,0.0,0.0,0.6615219116210938,0.03374899999471381
YOLOv11l,train_S2A_MSIL2A_20200115T140641_N0213_R110_T21LUH_20200115T163049_04_14.png,0.0,0.0,0.0,0.0,0.7066192626953125,0.032366200000979006
YOLOv11l,train_S2A_MSIL2A_20200115T140641_N0213_R110_T21LUH_20200115T163049_04_15.png,0.0,0.0,0.0,0.0,0.5383720397949219,0.03146299999207258
YOLOv11l,train_S2A_MSIL2A_20200115T140641_N0213_R110_T21LUH_20200115T163049_05_02.png,0.0,0.0,0.0,0.0,0.752685546875,0.03238069999497384
YOLOv11l,train_S2A_MSIL2A_20200115T140641_N0213_R110_T21LUH_20200115T163049_05_03.png,0.0,0.0,0.0,0.0,0.8507347106933594,0.03160270000807941
YOLOv11l,train_S2A_MSIL2A_20200115T140641_N0213_R110_T21LUH_20200115T163049_05_06.png,0.0,0.0,0.0,0.0,0.8393707275390625,0.032200399989960715
YOLOv11l,train_S2A_MSIL2A_20200115T140641_N0213_R110_T21LUH_20200115T163049_05_08.png,0.0,0.0,0.0,0.0,0.36643218994140625,0.03178670001216233
YOLOv11l,train_S2A_MSIL2A_20200115T140641_N0213_R110_T21LUH_20200115T163049_05_09.png,0.0,0.0,0.0,0.0,0.5567665100097656,0.032182599999941885
YOLOv11l,train_S2A_MSIL2A_20200115T140641_N0213_R110_T21LUH_20200115T163049_05_10.png,0.0,0.0,0.0,0.0,0.39870452880859375,0.03190969998831861
YOLOv11l,train_S2A_MSIL2A_20200115T140641_N0213_R110_T21LUH_20200115T163049_06_06.png,0.0,0.0,0.0,0.0,0.85540771484375,0.03224130001035519
YOLOv11l,train_S2A_MSIL2A_20200115T140641_N0213_R110_T21LUH_20200115T163049_06_09.png,0.0,0.0,0.0,0.0,0.7356643676757812,0.03216689999680966
YOLOv11l,train_S2A_MSIL2A_20200115T140641_N0213_R110_T21LUH_20200115T163049_07_04.png,0.0,0.0,0.0,0.0,0.9059982299804688,0.03192249999847263
YOLOv11l,train_S2A_MSIL2A_20200115T140641_N0213_R110_T21LUH_20200115T163049_07_06.png,0.0,0.0,0.0,0.0,0.8539352416992188,0.0338313999818638
YOLOv11l,train_S2A_MSIL2A_20200115T140641_N0213_R110_T21LUH_20200115T163049_07_13.png,0.0,0.0,0.0,0.0,0.7373542785644531,0.03237120000994764
YOLOv11l,train_S2A_MSIL2A_20200115T140641_N0213_R110_T21LUH_20200115T163049_08_03.png,0.0,0.0,0.0,0.0,0.8485450744628906,0.03237889998126775
YOLOv11l,train_S2A_MSIL2A_20200115T140641_N0213_R110_T21LUH_20200115T163049_08_04.png,0.0,0.0,0.0,0.0,0.8818855285644531,0.03304909999133088
YOLOv11l,train_S2A_MSIL2A_20200115T140641_N0213_R110_T21LUH_20200115T163049_08_05.png,0.0,0.0,0.0,0.0,0.7808609008789062,0.03338370000710711
YOLOv11l,train_S2A_MSIL2A_20200115T140641_N0213_R110_T21LUH_20200115T163049_08_06.png,0.0,0.0,0.0,0.0,0.8946342468261719,0.032368000014685094
YOLOv11l,train_S2A_MSIL2A_20200115T140641_N0213_R110_T21LUH_20200115T163049_09_06.png,0.0,0.0,0.0,0.0,0.8294334411621094,0.04148179999901913
YOLOv11l,train_S2A_MSIL2A_20200115T140641_N0213_R110_T21LUH_20200115T163049_16_11.png,0.00047136922940951186,0.0009422942902855349,0.034858387799564274,0.0004776024357724224,0.6117286682128906,0.033590300008654594
YOLOv11l,train_S2A_MSIL2A_20200217T141651_N0209_R010_T20LQN_20200217T160045_02_11.png,0.0,0.0,0.0,0.0,0.08388519287109375,0.03136710001854226
YOLOv11l,train_S2A_MSIL2A_20200217T141651_N0209_R010_T20LQN_20200217T160045_02_15.png,0.0,0.0,0.0,0.0,0.3261451721191406,0.02936849999241531
YOLOv11l,train_S2A_MSIL2A_20200217T141651_N0209_R010_T20LQN_20200217T160045_02_16.png,0.0,0.0,0.0,0.0,0.22451400756835938,0.030435500026214868
YOLOv11l,train_S2A_MSIL2A_20200217T141651_N0209_R010_T20LQN_20200217T160045_02_17.png,0.0,0.0,0.0,0.0,0.23914337158203125,0.030864100001053885
YOLOv11l,train_S2A_MSIL2A_20200217T141651_N0209_R010_T20LQN_20200217T160045_02_21.png,0.0,0.0,0.0,0.0,0.18035125732421875,0.029782700003124774
YOLOv11l,train_S2A_MSIL2A_20200217T141651_N0209_R010_T20LQN_20200217T160045_03_02.png,0.0,0.0,0.0,0.0,0.046100616455078125,0.03976670000702143
YOLOv11l,train_S2A_MSIL2A_20200217T141651_N0209_R010_T20LQN_20200217T160045_03_13.png,0.0,0.0,0.0,0.0,0.14628219604492188,0.047689300001366064
YOLOv11l,train_S2A_MSIL2A_20200217T141651_N0209_R010_T20LQN_20200217T160045_03_14.png,0.0,0.0,0.0,0.0,0.21979522705078125,0.038031900010537356
YOLOv11l,train_S2A_MSIL2A_20200217T141651_N0209_R010_T20LQN_20200217T160045_03_15.png,0.0,0.0,0.0,0.0,0.1883392333984375,0.029672500008018687
YOLOv11l,train_S2A_MSIL2A_20200217T141651_N0209_R010_T20LQN_20200217T160045_03_17.png,0.0,0.0,0.0,0.0,0.2412872314453125,0.030634099995950237
YOLOv11l,train_S2A_MSIL2A_20200217T141651_N0209_R010_T20LQN_20200217T160045_03_19.png,0.0,0.0,0.0,0.0,0.11525726318359375,0.030803700006799772
YOLOv11l,train_S2A_MSIL2A_20200217T141651_N0209_R010_T20LQN_20200217T160045_03_21.png,0.0,0.0,0.0,0.0,0.16643142700195312,0.03063520000432618
YOLOv11l,train_S2A_MSIL2A_20200217T141651_N0209_R010_T20LQN_20200217T160045_04_15.png,0.0,0.0,0.0,0.0,0.2323150634765625,0.030683599994517863
YOLOv11l,train_S2A_MSIL2A_20200217T141651_N0209_R010_T20LQN_20200217T160045_04_16.png,0.0,0.0,0.0,0.0,0.12780380249023438,0.03018929998506792
YOLOv11l,train_S2A_MSIL2A_20200217T141651_N0209_R010_T20LQN_20200217T160045_04_17.png,0.0,0.0,0.0,0.0,0.30376434326171875,0.05119579998427071
YOLOv11l,train_S2A_MSIL2A_20200217T141651_N0209_R010_T20LQN_20200217T160045_04_21.png,0.0,0.0,0.0,0.0,0.165802001953125,0.03600860000005923
YOLOv11l,train_S2A_MSIL2A_20200217T141651_N0209_R010_T20LQN_20200217T160045_05_01.png,0.0,0.0,0.0,0.0,0.023708343505859375,0.036383200000273064
YOLOv11l,train_S2A_MSIL2A_20200217T141651_N0209_R010_T20LQN_20200217T160045_05_16.png,0.0,0.0,0.0,0.0,0.10461044311523438,0.029664000001503155
YOLOv11l,train_S2A_MSIL2A_20200217T141651_N0209_R010_T20LQN_20200217T160045_05_17.png,0.0,0.0,0.0,0.0,0.21310806274414062,0.03225719998590648
YOLOv11l,train_S2A_MSIL2A_20200217T141651_N0209_R010_T20LQN_20200217T160045_05_18.png,0.0,0.0,0.0,0.0,0.2457122802734375,0.030769000004511327
YOLOv11l,train_S2A_MSIL2A_20200217T141651_N0209_R010_T20LQN_20200217T160045_05_20.png,0.0,0.0,0.0,0.0,0.13541793823242188,0.03176380001241341
YOLOv11l,train_S2A_MSIL2A_20200217T141651_N0209_R010_T20LQN_20200217T160045_05_21.png,0.0,0.0,0.0,0.0,0.08465957641601562,0.028422800009138882
YOLOv11l,train_S2A_MSIL2A_20200217T141651_N0209_R010_T20LQN_20200217T160045_06_01.png,0.0,0.0,0.0,0.0,0.013675689697265625,0.028999000001931563
YOLOv11l,train_S2A_MSIL2A_20200217T141651_N0209_R010_T20LQN_20200217T160045_06_13.png,0.0,0.0,0.0,0.0,0.149871826171875,0.03004699997836724
YOLOv11l,train_S2A_MSIL2A_20200217T141651_N0209_R010_T20LQN_20200217T160045_06_14.png,0.0,0.0,0.0,0.0,0.17390823364257812,0.030876200005877763
YOLOv11l,train_S2A_MSIL2A_20200217T141651_N0209_R010_T20LQN_20200217T160045_06_16.png,0.0,0.0,0.0,0.0,0.1207733154296875,0.03150489999097772
YOLOv11l,train_S2A_MSIL2A_20200217T141651_N0209_R010_T20LQN_20200217T160045_06_17.png,0.0,0.0,0.0,0.0,0.15506362915039062,0.03512410001712851
YOLOv11l,train_S2A_MSIL2A_20200217T141651_N0209_R010_T20LQN_20200217T160045_06_18.png,0.0,0.0,0.0,0.0,0.2757377624511719,0.03194450002047233
YOLOv11l,train_S2A_MSIL2A_20200217T141651_N0209_R010_T20LQN_20200217T160045_06_19.png,0.0,0.0,0.0,0.0,0.18827438354492188,0.050181400001747534
YOLOv11l,train_S2A_MSIL2A_20200217T141651_N0209_R010_T20LQN_20200217T160045_06_20.png,0.0,0.0,0.0,0.0,0.07634353637695312,0.05107829999178648
YOLOv11l,train_S2A_MSIL2A_20200217T141651_N0209_R010_T20LQN_20200217T160045_07_01.png,0.0,0.0,0.0,0.0,0.019489288330078125,0.02988079999340698
YOLOv11l,train_S2A_MSIL2A_20200217T141651_N0209_R010_T20LQN_20200217T160045_07_03.png,0.0,0.0,0.0,0.0,0.6674003601074219,0.03283120002015494
YOLOv11l,train_S2A_MSIL2A_20200217T141651_N0209_R010_T20LQN_20200217T160045_07_04.png,0.0,0.0,0.0,0.0,0.5941619873046875,0.03847610001685098
YOLOv11l,train_S2A_MSIL2A_20200217T141651_N0209_R010_T20LQN_20200217T160045_07_09.png,0.0,0.0,0.0,0.0,0.5820693969726562,0.041404000017791986
YOLOv11l,train_S2A_MSIL2A_20200217T141651_N0209_R010_T20LQN_20200217T160045_07_16.png,0.0,0.0,0.0,0.0,0.15284347534179688,0.04349789998377673
YOLOv11l,train_S2A_MSIL2A_20200217T141651_N0209_R010_T20LQN_20200217T160045_07_18.png,0.0,0.0,0.0,0.0,0.11272430419921875,0.04326119998586364
YOLOv11l,train_S2A_MSIL2A_20200217T141651_N0209_R010_T20LQN_20200217T160045_07_19.png,0.0,0.0,0.0,0.0,0.0860748291015625,0.03556409999146126
YOLOv11l,train_S2A_MSIL2A_20200217T141651_N0209_R010_T20LQN_20200217T160045_07_20.png,0.0,0.0,0.0,0.0,0.07149124145507812,0.032544099987717345
YOLOv11l,train_S2A_MSIL2A_20200217T141651_N0209_R010_T20LQN_20200217T160045_07_21.png,0.0,0.0,0.0,0.0,0.00902557373046875,0.029530800005886704
YOLOv11l,train_S2A_MSIL2A_20200217T141651_N0209_R010_T20LQN_20200217T160045_08_01.png,0.0,0.0,0.0,0.0,0.05231475830078125,0.02811640000436455
YOLOv11l,train_S2A_MSIL2A_20200217T141651_N0209_R010_T20LQN_20200217T160045_08_05.png,0.0,0.0,0.0,0.0,0.6326637268066406,0.032317600009264424
YOLOv11l,train_S2A_MSIL2A_20200217T141651_N0209_R010_T20LQN_20200217T160045_08_15.png,0.0,0.0,0.0,0.0,0.11957931518554688,0.030428700003540143
YOLOv11l,train_S2A_MSIL2A_20200217T141651_N0209_R010_T20LQN_20200217T160045_08_16.png,0.0,0.0,0.0,0.0,0.14166641235351562,0.0384388999955263
YOLOv11l,train_S2A_MSIL2A_20200217T141651_N0209_R010_T20LQN_20200217T160045_08_17.png,0.0,0.0,0.0,0.0,0.08797454833984375,0.036824400012847036
YOLOv11l,train_S2A_MSIL2A_20200217T141651_N0209_R010_T20LQN_20200217T160045_08_19.png,0.0,0.0,0.0,0.0,0.06853485107421875,0.028542799991555512
YOLOv11l,train_S2A_MSIL2A_20200217T141651_N0209_R010_T20LQN_20200217T160045_08_20.png,0.0,0.0,0.0,0.0,0.11135101318359375,0.02971370000159368
YOLOv11l,train_S2A_MSIL2A_20200217T141651_N0209_R010_T20LQN_20200217T160045_08_21.png,0.0,0.0,0.0,0.0,0.06832122802734375,0.028915800008689985
YOLOv11l,train_S2A_MSIL2A_20200217T141651_N0209_R010_T20LQN_20200217T160045_09_03.png,0.0,0.0,0.0,0.0,0.7809410095214844,0.033041899994714186
YOLOv11l,train_S2A_MSIL2A_20200217T141651_N0209_R010_T20LQN_20200217T160045_09_09.png,0.0,0.0,0.0,0.0,0.3722991943359375,0.04037800000514835
YOLOv11l,train_S2A_MSIL2A_20200217T141651_N0209_R010_T20LQN_20200217T160045_09_10.png,0.0,0.0,0.0,0.0,0.166259765625,0.052966699993703514
YOLOv11l,train_S2A_MSIL2A_20200217T141651_N0209_R010_T20LQN_20200217T160045_09_13.png,0.0,0.0,0.0,0.0,0.20078277587890625,0.03308620001189411
YOLOv11l,train_S2A_MSIL2A_20200217T141651_N0209_R010_T20LQN_20200217T160045_09_16.png,0.0,0.0,0.0,0.0,0.16383743286132812,0.030839100014418364
YOLOv11l,train_S2A_MSIL2A_20200217T141651_N0209_R010_T20LQN_20200217T160045_09_17.png,0.0,0.0,0.0,0.0,0.07339096069335938,0.04083699997863732
YOLOv11l,train_S2A_MSIL2A_20200217T141651_N0209_R010_T20LQN_20200217T160045_09_20.png,0.0,0.0,0.0,0.0,0.030216217041015625,0.02850450002006255
YOLOv11l,train_S2A_MSIL2A_20200217T141651_N0209_R010_T20LQN_20200217T160045_10_08.png,0.0,0.0,0.0,0.0,0.5512657165527344,0.04003579998970963
YOLOv11l,train_S2A_MSIL2A_20200217T141651_N0209_R010_T20LQN_20200217T160045_10_09.png,0.0,0.0,0.0,0.0,0.5527610778808594,0.0338218999968376
YOLOv11l,train_S2A_MSIL2A_20200217T141651_N0209_R010_T20LQN_20200217T160045_10_12.png,0.0,0.0,0.0,0.0,0.10916519165039062,0.031189999979687855
YOLOv11l,train_S2A_MSIL2A_20200217T141651_N0209_R010_T20LQN_20200217T160045_10_13.png,0.0,0.0,0.0,0.0,0.0510101318359375,0.02853099998901598
YOLOv11l,train_S2A_MSIL2A_20200217T141651_N0209_R010_T20LQN_20200217T160045_11_06.png,0.0,0.0,0.0,0.0,0.6334953308105469,0.03257060001487844
YOLOv11l,train_S2A_MSIL2A_20200217T141651_N0209_R010_T20LQN_20200217T160045_11_09.png,0.0,0.0,0.0,0.0,0.6861228942871094,0.03348139999434352
YOLOv11l,train_S2A_MSIL2A_20200217T141651_N0209_R010_T20LQN_20200217T160045_11_16.png,0.0,0.0,0.0,0.0,0.18502426147460938,0.03653830001712777
YOLOv11l,train_S2A_MSIL2A_20200217T141651_N0209_R010_T20LQN_20200217T160045_12_01.png,0.0,0.0,0.0,0.0,0.8796463012695312,0.03636480000568554
YOLOv11l,train_S2A_MSIL2A_20200217T141651_N0209_R010_T20LQN_20200217T160045_12_02.png,0.0,0.0,0.0,0.0,0.8058967590332031,0.032535200007259846
YOLOv11l,train_S2A_MSIL2A_20200217T141651_N0209_R010_T20LQN_20200217T160045_12_05.png,0.0,0.0,0.0,0.0,0.6573333740234375,0.03612139998585917
YOLOv11l,train_S2A_MSIL2A_20200217T141651_N0209_R010_T20LQN_20200217T160045_12_12.png,0.0,0.0,0.0,0.0,0.0946197509765625,0.02890019997721538
YOLOv11l,train_S2A_MSIL2A_20200217T141651_N0209_R010_T20LQN_20200217T160045_12_13.png,0.0,0.0,0.0,0.0,0.22690200805664062,0.0303598000027705
YOLOv11l,train_S2A_MSIL2A_20200217T141651_N0209_R010_T20LQN_20200217T160045_12_14.png,0.0,0.0,0.0,0.0,0.23343658447265625,0.031970999989425763
YOLOv11l,train_S2A_MSIL2A_20200217T141651_N0209_R010_T20LQN_20200217T160045_12_17.png,0.0,0.0,0.0,0.0,0.11527252197265625,0.03499650000594556
YOLOv11l,train_S2A_MSIL2A_20200217T141651_N0209_R010_T20LQN_20200217T160045_12_18.png,0.0,0.0,0.0,0.0,0.1836700439453125,0.041754000005312264
YOLOv11l,train_S2A_MSIL2A_20200217T141651_N0209_R010_T20LQN_20200217T160045_13_02.png,0.0,0.0,0.0,0.0,0.8039321899414062,0.05785990000003949
YOLOv11l,train_S2A_MSIL2A_20200217T141651_N0209_R010_T20LQN_20200217T160045_13_03.png,0.0,0.0,0.0,0.0,0.6495742797851562,0.05588600001647137
YOLOv11l,train_S2A_MSIL2A_20200217T141651_N0209_R010_T20LQN_20200217T160045_13_04.png,0.0,0.0,0.0,0.0,0.7624549865722656,0.04821449998416938
YOLOv11l,train_S2A_MSIL2A_20200217T141651_N0209_R010_T20LQN_20200217T160045_13_10.png,0.0,0.0,0.0,0.0,0.5954322814941406,0.03388999999151565
YOLOv11l,train_S2A_MSIL2A_20200217T141651_N0209_R010_T20LQN_20200217T160045_13_13.png,0.0,0.0,0.0,0.0,0.2628364562988281,0.0467639000271447
YOLOv11l,train_S2A_MSIL2A_20200217T141651_N0209_R010_T20LQN_20200217T160045_13_15.png,0.0,0.0,0.0,0.0,0.12699127197265625,0.050290899991523474
YOLOv11l,train_S2A_MSIL2A_20200217T141651_N0209_R010_T20LQN_20200217T160045_13_17.png,0.0,0.0,0.0,0.0,0.19085311889648438,0.05428319997736253
YOLOv11l,train_S2A_MSIL2A_20200217T141651_N0209_R010_T20LQN_20200217T160045_13_18.png,0.0,0.0,0.0,0.0,0.05328369140625,0.0317244999750983
YOLOv11l,train_S2A_MSIL2A_20200217T141651_N0209_R010_T20LQN_20200217T160045_14_02.png,0.0,0.0,0.0,0.0,0.8634796142578125,0.04993759997887537
YOLOv11l,train_S2A_MSIL2A_20200217T141651_N0209_R010_T20LQN_20200217T160045_14_03.png,0.0,0.0,0.0,0.0,0.8716583251953125,0.04573899999377318
YOLOv11l,train_S2A_MSIL2A_20200217T141651_N0209_R010_T20LQN_20200217T160045_14_08.png,0.0,0.0,0.0,0.0,0.7591972351074219,0.0537097999767866
YOLOv11l,train_S2A_MSIL2A_20200217T141651_N0209_R010_T20LQN_20200217T160045_14_18.png,0.0,0.0,0.0,0.0,0.0426025390625,0.0416286000108812
YOLOv11l,train_S2A_MSIL2A_20200217T141651_N0209_R010_T20LQN_20200217T160045_14_19.png,0.0,0.0,0.0,0.0,0.039928436279296875,0.049693900014972314
YOLOv11l,train_S2A_MSIL2A_20200217T141651_N0209_R010_T20LQN_20200217T160045_14_20.png,0.0,0.0,0.0,0.0,0.13994979858398438,0.043238499987637624
YOLOv11l,train_S2A_MSIL2A_20200217T141651_N0209_R010_T20LQN_20200217T160045_14_21.png,0.0,0.0,0.0,0.0,0.14078521728515625,0.0390375999850221
YOLOv11l,train_S2A_MSIL2A_20200217T141651_N0209_R010_T20LQN_20200217T160045_15_09.png,0.0,0.0,0.0,0.0,0.6807937622070312,0.051587199995992705
YOLOv11l,train_S2A_MSIL2A_20200217T141651_N0209_R010_T20LQN_20200217T160045_15_12.png,0.0,0.0,0.0,0.0,0.5440826416015625,0.03572009998606518
YOLOv11l,train_S2A_MSIL2A_20200217T141651_N0209_R010_T20LQN_20200217T160045_15_17.png,0.0,0.0,0.0,0.0,0.026210784912109375,0.0318148999940604
YOLOv11l,train_S2A_MSIL2A_20200217T141651_N0209_R010_T20LQN_20200217T160045_15_18.png,0.0,0.0,0.0,0.0,0.0679779052734375,0.03548849999788217
YOLOv11l,train_S2A_MSIL2A_20200217T141651_N0209_R010_T20LQN_20200217T160045_15_20.png,0.0,0.0,0.0,0.0,0.059146881103515625,0.03144449999672361
YOLOv11l,train_S2A_MSIL2A_20200217T141651_N0209_R010_T20LQN_20200217T160045_16_09.png,0.0,0.0,0.0,0.0,0.8130912780761719,0.053452799998922274
YOLOv11l,train_S2A_MSIL2A_20200217T141651_N0209_R010_T20LQN_20200217T160045_16_12.png,0.0,0.0,0.0,0.0,0.5436286926269531,0.040739099989878014
YOLOv11l,train_S2A_MSIL2A_20200217T141651_N0209_R010_T20LQN_20200217T160045_16_15.png,0.0,0.0,0.0,0.0,0.525665283203125,0.04252990000532009
YOLOv11l,train_S2A_MSIL2A_20200217T141651_N0209_R010_T20LQN_20200217T160045_16_16.png,0.0,0.0,0.0,0.0,0.274932861328125,0.05146240000613034
YOLOv11l,train_S2A_MSIL2A_20200217T141651_N0209_R010_T20LQN_20200217T160045_16_17.png,0.0,0.0,0.0,0.0,0.056766510009765625,0.05435109999962151
YOLOv11l,train_S2A_MSIL2A_20200217T141651_N0209_R010_T20LQN_20200217T160045_17_14.png,0.0,0.0,0.0,0.0,0.4496421813964844,0.036343199986731634
YOLOv11l,train_S2A_MSIL2A_20200217T141651_N0209_R010_T20LQN_20200217T160045_17_16.png,0.0,0.0,0.0,0.0,0.2706565856933594,0.047502500005066395
YOLOv11l,train_S2A_MSIL2A_20200217T141651_N0209_R010_T20LQN_20200217T160045_17_18.png,0.0,0.0,0.0,0.0,0.06982803344726562,0.0400214999972377
YOLOv11l,train_S2A_MSIL2A_20200217T141651_N0209_R010_T20LQN_20200217T160045_17_19.png,0.0,0.0,0.0,0.0,0.12207794189453125,0.05119500000728294
YOLOv11l,train_S2A_MSIL2A_20200217T141651_N0209_R010_T20LQN_20200217T160045_18_04.png,0.0,0.0,0.0,0.0,0.3969535827636719,0.03824600001098588
YOLOv11l,train_S2A_MSIL2A_20200217T141651_N0209_R010_T20LQN_20200217T160045_18_05.png,0.0,0.0,0.0,0.0,0.5260658264160156,0.03199990000575781
YOLOv11l,train_S2A_MSIL2A_20200217T141651_N0209_R010_T20LQN_20200217T160045_18_06.png,0.0,0.0,0.0,0.0,0.5590553283691406,0.05281059999833815
YOLOv11l,train_S2A_MSIL2A_20200217T141651_N0209_R010_T20LQN_20200217T160045_18_14.png,0.0,0.0,0.0,0.0,0.3213691711425781,0.0361245000094641
YOLOv11l,train_S2A_MSIL2A_20200217T141651_N0209_R010_T20LQN_20200217T160045_18_17.png,0.0,0.0,0.0,0.0,0.13976287841796875,0.04240350000327453
YOLOv11l,train_S2A_MSIL2A_20200217T141651_N0209_R010_T20LQN_20200217T160045_19_05.png,0.0,0.0,0.0,0.0,0.21307754516601562,0.03718499999376945
YOLOv11l,train_S2A_MSIL2A_20200217T141651_N0209_R010_T20LQN_20200217T160045_19_10.png,0.0,0.0,0.0,0.0,0.5912094116210938,0.04190240000025369
YOLOv11l,train_S2A_MSIL2A_20200217T141651_N0209_R010_T20LQN_20200217T160045_19_11.png,0.0,0.0,0.0,0.0,0.5883712768554688,0.04763790001743473
YOLOv11l,train_S2A_MSIL2A_20200217T141651_N0209_R010_T20LQN_20200217T160045_20_01.png,0.0,0.0,0.0,0.0,0.5078201293945312,0.05726729999878444
YOLOv11l,train_S2A_MSIL2A_20200217T141651_N0209_R010_T20LQN_20200217T160045_20_05.png,0.0,0.0,0.0,0.0,0.5764923095703125,0.04752429999643937
YOLOv11l,train_S2A_MSIL2A_20200217T141651_N0209_R010_T20LQN_20200217T160045_20_09.png,0.0,0.0,0.0,0.0,0.5911979675292969,0.03665289998752996
YOLOv11l,train_S2A_MSIL2A_20200217T141651_N0209_R010_T20LQN_20200217T160045_20_10.png,0.0,0.0,0.0,0.0,0.30605316162109375,0.04502039999351837
YOLOv11l,train_S2A_MSIL2A_20200217T141651_N0209_R010_T20LQN_20200217T160045_20_12.png,0.0,0.0,0.0,0.0,0.3027763366699219,0.04222910001408309
YOLOv11l,train_S2A_MSIL2A_20200217T141651_N0209_R010_T20LQN_20200217T160045_20_13.png,0.0,0.0,0.0,0.0,0.3450202941894531,0.050449400005163625
YOLOv11l,train_S2A_MSIL2A_20200217T141651_N0209_R010_T20LQN_20200217T160045_20_17.png,0.0,0.0,0.0,0.0,0.08885955810546875,0.04027739999582991
YOLOv11l,train_S2A_MSIL2A_20200217T141651_N0209_R010_T20LQN_20200217T160045_21_01.png,0.0,0.0,0.0,0.0,0.5198173522949219,0.041466599999694154
YOLOv11l,train_S2A_MSIL2A_20200217T141651_N0209_R010_T20LQN_20200217T160045_21_02.png,0.0,0.0,0.0,0.0,0.6423225402832031,0.0454689999751281
YOLOv11l,train_S2A_MSIL2A_20200217T141651_N0209_R010_T20LQN_20200217T160045_21_03.png,0.0,0.0,0.0,0.0,0.796630859375,0.04416930000297725
YOLOv11l,train_S2A_MSIL2A_20200217T141651_N0209_R010_T20LQN_20200217T160045_21_04.png,0.0,0.0,0.0,0.0,0.6082229614257812,0.04050309999729507
YOLOv11l,train_S2A_MSIL2A_20200217T141651_N0209_R010_T20LQN_20200217T160045_21_05.png,0.0,0.0,0.0,0.0,0.42740631103515625,0.03654420000384562
YOLOv11l,train_S2A_MSIL2A_20200217T141651_N0209_R010_T20LQN_20200217T160045_21_06.png,0.0,0.0,0.0,0.0,0.697509765625,0.04197940000449307
YOLOv11l,train_S2A_MSIL2A_20200217T141651_N0209_R010_T20LQN_20200217T160045_21_07.png,0.0,0.0,0.0,0.0,0.5637054443359375,0.044760199991287664
YOLOv11l,train_S2A_MSIL2A_20200217T141651_N0209_R010_T20LQN_20200217T160045_21_08.png,0.0,0.0,0.0,0.0,0.3825111389160156,0.03603310001199134
YOLOv11l,train_S2A_MSIL2A_20200217T141651_N0209_R010_T20LQN_20200217T160045_21_12.png,0.0,0.0,0.0,0.0,0.62060546875,0.042383299994980916
YOLOv11l,train_S2A_MSIL2A_20200818T142741_N0214_R053_T20LMP_20200818T165705_01_08.png,0.0,0.0,0.0,0.0,0.7897834777832031,0.03976140002487227
YOLOv11l,train_S2A_MSIL2A_20200818T142741_N0214_R053_T20LMP_20200818T165705_01_09.png,0.0,0.0,0.0,0.0,0.6376495361328125,0.0488939999777358
YOLOv11l,train_S2A_MSIL2A_20200818T142741_N0214_R053_T20LMP_20200818T165705_01_10.png,0.0,0.0,0.0,0.0,0.46340179443359375,0.046715800010133535
YOLOv11l,train_S2A_MSIL2A_20200818T142741_N0214_R053_T20LMP_20200818T165705_01_12.png,0.0,0.0,0.0,0.0,0.8159294128417969,0.03940450001391582
YOLOv11l,train_S2A_MSIL2A_20200818T142741_N0214_R053_T20LMP_20200818T165705_01_13.png,0.0,0.0,0.0,0.0,0.7453193664550781,0.03475059999618679
YOLOv11l,train_S2A_MSIL2A_20200818T142741_N0214_R053_T20LMP_20200818T165705_01_14.png,0.0,0.0,0.0,0.0,0.6770820617675781,0.034096899995347485
YOLOv11l,train_S2A_MSIL2A_20200818T142741_N0214_R053_T20LMP_20200818T165705_01_15.png,0.0,0.0,0.0,0.0,0.6736373901367188,0.040307900024345145
YOLOv11l,train_S2A_MSIL2A_20200818T142741_N0214_R053_T20LMP_20200818T165705_01_16.png,0.0,0.0,0.0,0.0,0.6899566650390625,0.04626259999349713
YOLOv11l,train_S2A_MSIL2A_20200818T142741_N0214_R053_T20LMP_20200818T165705_01_17.png,0.0,0.0,0.0,0.0,0.8341331481933594,0.03201029999763705
YOLOv11l,train_S2A_MSIL2A_20200818T142741_N0214_R053_T20LMP_20200818T165705_01_19.png,0.0,0.0,0.0,0.0,0.6805534362792969,0.03983160000643693
YOLOv11l,train_S2A_MSIL2A_20200818T142741_N0214_R053_T20LMP_20200818T165705_01_21.png,0.0,0.0,0.0,0.0,0.6336860656738281,0.03775839999434538
YOLOv11l,train_S2A_MSIL2A_20200818T142741_N0214_R053_T20LMP_20200818T165705_02_01.png,0.0,0.0,0.0,0.0,0.822479248046875,0.04009090000181459
YOLOv11l,train_S2A_MSIL2A_20200818T142741_N0214_R053_T20LMP_20200818T165705_02_02.png,0.0,0.0,0.0,0.0,0.8314247131347656,0.04175889998441562
YOLOv11l,train_S2A_MSIL2A_20200818T142741_N0214_R053_T20LMP_20200818T165705_02_05.png,0.0,0.0,0.0,0.0,0.644073486328125,0.041463500005193055
YOLOv11l,train_S2A_MSIL2A_20200818T142741_N0214_R053_T20LMP_20200818T165705_02_06.png,0.0,0.0,0.0,0.0,0.6773529052734375,0.04293399999733083
YOLOv11l,train_S2A_MSIL2A_20200818T142741_N0214_R053_T20LMP_20200818T165705_02_08.png,0.0,0.0,0.0,0.0,0.711700439453125,0.04332079997402616
YOLOv11l,train_S2A_MSIL2A_20200818T142741_N0214_R053_T20LMP_20200818T165705_02_11.png,0.0,0.0,0.0,0.0,0.7905540466308594,0.037374099978478625
YOLOv11l,train_S2A_MSIL2A_20200818T142741_N0214_R053_T20LMP_20200818T165705_02_13.png,0.0,0.0,0.0,0.0,0.8798561096191406,0.037347700010286644
YOLOv11l,train_S2A_MSIL2A_20200818T142741_N0214_R053_T20LMP_20200818T165705_02_14.png,0.0,0.0,0.0,0.0,0.8079566955566406,0.03195840000989847
YOLOv11l,train_S2A_MSIL2A_20200818T142741_N0214_R053_T20LMP_20200818T165705_02_15.png,0.0,0.0,0.0,0.0,0.7434310913085938,0.04258589999517426
YOLOv11l,train_S2A_MSIL2A_20200818T142741_N0214_R053_T20LMP_20200818T165705_02_16.png,0.0,0.0,0.0,0.0,0.7386932373046875,0.04088460002094507
YOLOv11l,train_S2A_MSIL2A_20200818T142741_N0214_R053_T20LMP_20200818T165705_02_17.png,0.0,0.0,0.0,0.0,0.7889480590820312,0.03155509999487549
YOLOv11l,train_S2A_MSIL2A_20200818T142741_N0214_R053_T20LMP_20200818T165705_02_19.png,0.0,0.0,0.0,0.0,0.4917755126953125,0.03471389997866936
YOLOv11l,train_S2A_MSIL2A_20200818T142741_N0214_R053_T20LMP_20200818T165705_02_20.png,0.0,0.0,0.0,0.0,0.8156051635742188,0.03717669998877682
YOLOv11l,train_S2A_MSIL2A_20200818T142741_N0214_R053_T20LMP_20200818T165705_02_21.png,0.0,0.0,0.0,0.0,0.7496109008789062,0.055340299993986264
YOLOv11l,train_S2A_MSIL2A_20200818T142741_N0214_R053_T20LMP_20200818T165705_03_01.png,0.0,0.0,0.0,0.0,0.744354248046875,0.0573984999791719
YOLOv11l,train_S2A_MSIL2A_20200818T142741_N0214_R053_T20LMP_20200818T165705_03_02.png,0.0,0.0,0.0,0.0,0.7392005920410156,0.03599289999692701
YOLOv11l,train_S2A_MSIL2A_20200818T142741_N0214_R053_T20LMP_20200818T165705_03_03.png,0.0,0.0,0.0,0.0,0.8417091369628906,0.03571809999994002
YOLOv11l,train_S2A_MSIL2A_20200818T142741_N0214_R053_T20LMP_20200818T165705_03_04.png,0.0,0.0,0.0,0.0,0.7581748962402344,0.039535999996587634
YOLOv11l,train_S2A_MSIL2A_20200818T142741_N0214_R053_T20LMP_20200818T165705_03_06.png,0.0,0.0,0.0,0.0,0.8368301391601562,0.03204750001896173
YOLOv11l,train_S2A_MSIL2A_20200818T142741_N0214_R053_T20LMP_20200818T165705_03_10.png,0.0,0.0,0.0,0.0,0.4813041687011719,0.03533519999473356
YOLOv11l,train_S2A_MSIL2A_20200818T142741_N0214_R053_T20LMP_20200818T165705_03_11.png,0.0,0.0,0.0,0.0,0.6892509460449219,0.03607510001165792
YOLOv11l,train_S2A_MSIL2A_20200818T142741_N0214_R053_T20LMP_20200818T165705_03_14.png,0.0,0.0,0.0,0.0,0.6418724060058594,0.03228729998227209
YOLOv11l,train_S2A_MSIL2A_20200818T142741_N0214_R053_T20LMP_20200818T165705_03_17.png,0.0,0.0,0.0,0.0,0.7827033996582031,0.03410380001878366
YOLOv11l,train_S2A_MSIL2A_20200818T142741_N0214_R053_T20LMP_20200818T165705_03_20.png,0.0,0.0,0.0,0.0,0.8590240478515625,0.03188890000456013
YOLOv11l,train_S2A_MSIL2A_20200818T142741_N0214_R053_T20LMP_20200818T165705_04_01.png,0.0,0.0,0.0,0.0,0.8716087341308594,0.032827299990458414
YOLOv11l,train_S2A_MSIL2A_20200818T142741_N0214_R053_T20LMP_20200818T165705_04_02.png,0.0,0.0,0.0,0.0,0.8450355529785156,0.03319940000073984
YOLOv11l,train_S2A_MSIL2A_20200818T142741_N0214_R053_T20LMP_20200818T165705_04_04.png,0.0,0.0,0.0,0.0,0.8214988708496094,0.033028600009856746
YOLOv11l,train_S2A_MSIL2A_20200818T142741_N0214_R053_T20LMP_20200818T165705_04_05.png,0.0,0.0,0.0,0.0,0.7810592651367188,0.03787270002067089
YOLOv11l,train_S2A_MSIL2A_20200818T142741_N0214_R053_T20LMP_20200818T165705_04_07.png,0.0,0.0,0.0,0.0,0.8674812316894531,0.04870220000157133
YOLOv11l,train_S2A_MSIL2A_20200818T142741_N0214_R053_T20LMP_20200818T165705_04_08.png,0.0,0.0,0.0,0.0,0.7550239562988281,0.032172500010346994
YOLOv11l,train_S2A_MSIL2A_20200818T142741_N0214_R053_T20LMP_20200818T165705_04_11.png,0.0,0.0,0.0,0.0,0.7287063598632812,0.03189879999263212
YOLOv11l,train_S2A_MSIL2A_20200818T142741_N0214_R053_T20LMP_20200818T165705_04_12.png,0.0,0.0,0.0,0.0,0.652679443359375,0.032545699999900535
YOLOv11l,train_S2A_MSIL2A_20200818T142741_N0214_R053_T20LMP_20200818T165705_04_13.png,0.0,0.0,0.0,0.0,0.75567626953125,0.03242639999371022
YOLOv11l,train_S2A_MSIL2A_20200818T142741_N0214_R053_T20LMP_20200818T165705_04_14.png,0.0,0.0,0.0,0.0,0.6053733825683594,0.03269179997732863
YOLOv11l,train_S2A_MSIL2A_20200818T142741_N0214_R053_T20LMP_20200818T165705_04_15.png,0.0,0.0,0.0,0.0,0.7728385925292969,0.033773800008930266
YOLOv11l,train_S2A_MSIL2A_20200818T142741_N0214_R053_T20LMP_20200818T165705_04_16.png,0.0,0.0,0.0,0.0,0.7802314758300781,0.03247379997628741
YOLOv11l,train_S2A_MSIL2A_20200818T142741_N0214_R053_T20LMP_20200818T165705_04_18.png,0.0,0.0,0.0,0.0,0.7550926208496094,0.030526299990015104
YOLOv11l,train_S2A_MSIL2A_20200818T142741_N0214_R053_T20LMP_20200818T165705_04_20.png,0.0,0.0,0.0,0.0,0.8586807250976562,0.03243719998863526
YOLOv11l,train_S2A_MSIL2A_20200818T142741_N0214_R053_T20LMP_20200818T165705_04_21.png,0.0,0.0,0.0,0.0,0.8154373168945312,0.03284110000822693
YOLOv11l,train_S2A_MSIL2A_20200818T142741_N0214_R053_T20LMP_20200818T165705_05_01.png,0.0,0.0,0.0,0.0,0.8564186096191406,0.03218740000738762
YOLOv11l,train_S2A_MSIL2A_20200818T142741_N0214_R053_T20LMP_20200818T165705_05_02.png,0.0,0.0,0.0,0.0,0.9012489318847656,0.039603999990504235
YOLOv11l,train_S2A_MSIL2A_20200818T142741_N0214_R053_T20LMP_20200818T165705_05_03.png,0.0,0.0,0.0,0.0,0.8471336364746094,0.03931870000087656
YOLOv11l,train_S2A_MSIL2A_20200818T142741_N0214_R053_T20LMP_20200818T165705_05_04.png,0.0,0.0,0.0,0.0,0.8710899353027344,0.03234599999268539
YOLOv11l,train_S2A_MSIL2A_20200818T142741_N0214_R053_T20LMP_20200818T165705_05_05.png,0.0,0.0,0.0,0.0,0.8248634338378906,0.032646400009980425
YOLOv11l,train_S2A_MSIL2A_20200818T142741_N0214_R053_T20LMP_20200818T165705_05_12.png,0.0,0.0,0.0,0.0,0.7802963256835938,0.032459900015965104
YOLOv11l,train_S2A_MSIL2A_20200818T142741_N0214_R053_T20LMP_20200818T165705_05_13.png,0.0,0.0,0.0,0.0,0.8384819030761719,0.032798900007037446
YOLOv11l,train_S2A_MSIL2A_20200818T142741_N0214_R053_T20LMP_20200818T165705_05_14.png,0.0,0.0,0.0,0.0,0.6356010437011719,0.036297300015576184
YOLOv11l,train_S2A_MSIL2A_20200818T142741_N0214_R053_T20LMP_20200818T165705_05_15.png,0.0,0.0,0.0,0.0,0.7363090515136719,0.03210480001871474
YOLOv11l,train_S2A_MSIL2A_20200818T142741_N0214_R053_T20LMP_20200818T165705_05_17.png,0.0,0.0,0.0,0.0,0.8025169372558594,0.036137300019618124
YOLOv11l,train_S2A_MSIL2A_20200818T142741_N0214_R053_T20LMP_20200818T165705_05_20.png,0.0,0.0,0.0,0.0,0.7720451354980469,0.03185729999677278
YOLOv11l,train_S2A_MSIL2A_20200818T142741_N0214_R053_T20LMP_20200818T165705_06_03.png,0.0,0.0,0.0,0.0,0.85235595703125,0.03244979999726638
YOLOv11l,train_S2A_MSIL2A_20200818T142741_N0214_R053_T20LMP_20200818T165705_06_05.png,0.0,0.0,0.0,0.0,0.8445854187011719,0.032341299986001104
YOLOv11l,train_S2A_MSIL2A_20200818T142741_N0214_R053_T20LMP_20200818T165705_06_06.png,0.0,0.0,0.0,0.0,0.9078216552734375,0.037263300007907674
YOLOv11l,train_S2A_MSIL2A_20200818T142741_N0214_R053_T20LMP_20200818T165705_06_07.png,0.0,0.0,0.0,0.0,0.7094268798828125,0.03419790000771172
YOLOv11l,train_S2A_MSIL2A_20200818T142741_N0214_R053_T20LMP_20200818T165705_06_10.png,0.0,0.0,0.0,0.0,0.6767158508300781,0.03165429999353364
YOLOv11l,train_S2A_MSIL2A_20200818T142741_N0214_R053_T20LMP_20200818T165705_06_13.png,0.0,0.0,0.0,0.0,0.8022880554199219,0.0328696999931708
YOLOv11l,train_S2A_MSIL2A_20200818T142741_N0214_R053_T20LMP_20200818T165705_06_15.png,0.0,0.0,0.0,0.0,0.6532821655273438,0.03470829999423586
YOLOv11l,train_S2A_MSIL2A_20200818T142741_N0214_R053_T20LMP_20200818T165705_06_16.png,0.0,0.0,0.0,0.0,0.5645179748535156,0.03357160001178272
YOLOv11l,train_S2A_MSIL2A_20200818T142741_N0214_R053_T20LMP_20200818T165705_06_17.png,0.0,0.0,0.0,0.0,0.7271537780761719,0.03213569999206811
YOLOv11l,train_S2A_MSIL2A_20200818T142741_N0214_R053_T20LMP_20200818T165705_06_18.png,0.0,0.0,0.0,0.0,0.5188026428222656,0.03286070001195185
YOLOv11l,train_S2A_MSIL2A_20200818T142741_N0214_R053_T20LMP_20200818T165705_06_21.png,0.0,0.0,0.0,0.0,0.8316802978515625,0.03125770000042394
YOLOv11l,train_S2A_MSIL2A_20200818T142741_N0214_R053_T20LMP_20200818T165705_07_01.png,0.0,0.0,0.0,0.0,0.9186439514160156,0.031747100001666695
YOLOv11l,train_S2A_MSIL2A_20200818T142741_N0214_R053_T20LMP_20200818T165705_07_02.png,0.0,0.0,0.0,0.0,0.8647422790527344,0.03177640002104454
YOLOv11l,train_S2A_MSIL2A_20200818T142741_N0214_R053_T20LMP_20200818T165705_07_03.png,0.0,0.0,0.0,0.0,0.8994903564453125,0.03180080000311136
YOLOv11l,train_S2A_MSIL2A_20200818T142741_N0214_R053_T20LMP_20200818T165705_07_04.png,0.0,0.0,0.0,0.0,0.7773666381835938,0.03026460000546649
YOLOv11l,train_S2A_MSIL2A_20200818T142741_N0214_R053_T20LMP_20200818T165705_07_05.png,0.0,0.0,0.0,0.0,0.8239364624023438,0.03076690001762472
YOLOv11l,train_S2A_MSIL2A_20200818T142741_N0214_R053_T20LMP_20200818T165705_07_07.png,0.0,0.0,0.0,0.0,0.6457443237304688,0.03093290000106208
YOLOv11l,train_S2A_MSIL2A_20200818T142741_N0214_R053_T20LMP_20200818T165705_07_09.png,0.0,0.0,0.0,0.0,0.7999000549316406,0.03475809999508783
YOLOv11l,train_S2A_MSIL2A_20200818T142741_N0214_R053_T20LMP_20200818T165705_07_10.png,0.0,0.0,0.0,0.0,0.8080101013183594,0.030998400005046278
YOLOv11l,train_S2A_MSIL2A_20200818T142741_N0214_R053_T20LMP_20200818T165705_07_12.png,0.0,0.0,0.0,0.0,0.798919677734375,0.03231829998549074
YOLOv11l,train_S2A_MSIL2A_20200818T142741_N0214_R053_T20LMP_20200818T165705_07_13.png,0.0,0.0,0.0,0.0,0.7176170349121094,0.06044510001083836
YOLOv11l,train_S2A_MSIL2A_20200818T142741_N0214_R053_T20LMP_20200818T165705_07_16.png,0.0,0.0,0.0,0.0,0.6407814025878906,0.051099800009978935
YOLOv11l,train_S2A_MSIL2A_20200818T142741_N0214_R053_T20LMP_20200818T165705_07_18.png,0.0,0.0,0.0,0.0,0.674102783203125,0.031764899991685525
YOLOv11l,train_S2A_MSIL2A_20200818T142741_N0214_R053_T20LMP_20200818T165705_07_19.png,0.0,0.0,0.0,0.0,0.6530532836914062,0.03224249999038875
YOLOv11l,train_S2A_MSIL2A_20200818T142741_N0214_R053_T20LMP_20200818T165705_07_20.png,0.0,0.0,0.0,0.0,0.7244682312011719,0.03298450002330355
YOLOv11l,train_S2A_MSIL2A_20200818T142741_N0214_R053_T20LMP_20200818T165705_08_02.png,0.0,0.0,0.0,0.0,0.8841705322265625,0.03220020001754165
YOLOv11l,train_S2A_MSIL2A_20200818T142741_N0214_R053_T20LMP_20200818T165705_08_03.png,0.0,0.0,0.0,0.0,0.8038825988769531,0.03351729997666553
YOLOv11l,train_S2A_MSIL2A_20200818T142741_N0214_R053_T20LMP_20200818T165705_08_04.png,0.0,0.0,0.0,0.0,0.8061599731445312,0.03194770001573488
YOLOv11l,train_S2A_MSIL2A_20200818T142741_N0214_R053_T20LMP_20200818T165705_08_07.png,0.0,0.0,0.0,0.0,0.18960189819335938,0.03669219999574125
YOLOv11l,train_S2A_MSIL2A_20200818T142741_N0214_R053_T20LMP_20200818T165705_08_08.png,0.0,0.0,0.0,0.0,0.8370895385742188,0.032727699988754466
YOLOv11l,train_S2A_MSIL2A_20200818T142741_N0214_R053_T20LMP_20200818T165705_08_10.png,0.0,0.0,0.0,0.0,0.7605514526367188,0.03747999999905005
YOLOv11l,train_S2A_MSIL2A_20200818T142741_N0214_R053_T20LMP_20200818T165705_08_11.png,0.0,0.0,0.0,0.0,0.5813484191894531,0.032695500005502254
YOLOv11l,train_S2A_MSIL2A_20200818T142741_N0214_R053_T20LMP_20200818T165705_08_12.png,0.0,0.0,0.0,0.0,0.6400794982910156,0.03350220000720583
YOLOv11l,train_S2A_MSIL2A_20200818T142741_N0214_R053_T20LMP_20200818T165705_08_13.png,0.0,0.0,0.0,0.0,0.6826591491699219,0.03620780000346713
YOLOv11l,train_S2A_MSIL2A_20200818T142741_N0214_R053_T20LMP_20200818T165705_08_18.png,0.0,0.0,0.0,0.0,0.7412147521972656,0.031342600006610155
YOLOv11l,train_S2A_MSIL2A_20200818T142741_N0214_R053_T20LMP_20200818T165705_08_19.png,0.0,0.0,0.0,0.0,0.7850608825683594,0.054975799983367324
YOLOv11l,train_S2A_MSIL2A_20200818T142741_N0214_R053_T20LMP_20200818T165705_08_20.png,0.0,0.0,0.0,0.0,0.6798858642578125,0.045920200005639344
YOLOv11l,train_S2A_MSIL2A_20200818T142741_N0214_R053_T20LMP_20200818T165705_09_03.png,0.0,0.0,0.0,0.0,0.8333206176757812,0.032720299990614876
YOLOv11l,train_S2A_MSIL2A_20200818T142741_N0214_R053_T20LMP_20200818T165705_09_05.png,0.0,0.0,0.0,0.0,0.8424110412597656,0.03161120001459494
YOLOv11l,train_S2A_MSIL2A_20200818T142741_N0214_R053_T20LMP_20200818T165705_09_06.png,0.0,0.0,0.0,0.0,0.7518196105957031,0.03341360000194982
YOLOv11l,train_S2A_MSIL2A_20200818T142741_N0214_R053_T20LMP_20200818T165705_09_07.png,0.0,0.0,0.0,0.0,0.8541336059570312,0.037540299992542714
YOLOv11l,train_S2A_MSIL2A_20200818T142741_N0214_R053_T20LMP_20200818T165705_09_11.png,0.0,0.0,0.0,0.0,0.7721099853515625,0.03151800000341609
YOLOv11l,train_S2A_MSIL2A_20200818T142741_N0214_R053_T20LMP_20200818T165705_09_12.png,0.0,0.0,0.0,0.0,0.7785873413085938,0.03107810000074096
YOLOv11l,train_S2A_MSIL2A_20200818T142741_N0214_R053_T20LMP_20200818T165705_09_14.png,0.0,0.0,0.0,0.0,0.7766265869140625,0.03219110000645742
YOLOv11l,train_S2A_MSIL2A_20200818T142741_N0214_R053_T20LMP_20200818T165705_09_15.png,0.0,0.0,0.0,0.0,0.587371826171875,0.033413899975130334
YOLOv11l,train_S2A_MSIL2A_20200818T142741_N0214_R053_T20LMP_20200818T165705_09_21.png,0.0,0.0,0.0,0.0,0.619720458984375,0.03223399998387322
YOLOv11l,train_S2A_MSIL2A_20200818T142741_N0214_R053_T20LMP_20200818T165705_10_02.png,0.0,0.0,0.0,0.0,0.8131866455078125,0.031996000005165115
YOLOv11l,train_S2A_MSIL2A_20200818T142741_N0214_R053_T20LMP_20200818T165705_10_03.png,0.0,0.0,0.0,0.0,0.6906166076660156,0.03134919999865815
YOLOv11l,train_S2A_MSIL2A_20200818T142741_N0214_R053_T20LMP_20200818T165705_10_06.png,0.0,0.0,0.0,0.0,0.8124198913574219,0.031214999995427206
YOLOv11l,train_S2A_MSIL2A_20200818T142741_N0214_R053_T20LMP_20200818T165705_10_07.png,0.0,0.0,0.0,0.0,0.8468513488769531,0.031447799992747605
YOLOv11l,train_S2A_MSIL2A_20200818T142741_N0214_R053_T20LMP_20200818T165705_10_09.png,0.0,0.0,0.0,0.0,0.8507804870605469,0.032345799991162494
YOLOv11l,train_S2A_MSIL2A_20200818T142741_N0214_R053_T20LMP_20200818T165705_10_10.png,0.0,0.0,0.0,0.0,0.8517112731933594,0.03319650000776164
YOLOv11l,train_S2A_MSIL2A_20200818T142741_N0214_R053_T20LMP_20200818T165705_10_11.png,0.0,0.0,0.0,0.0,0.7629241943359375,0.03268409997690469
YOLOv11l,train_S2A_MSIL2A_20200818T142741_N0214_R053_T20LMP_20200818T165705_10_12.png,0.0,0.0,0.0,0.0,0.760650634765625,0.03273019997868687
YOLOv11l,train_S2A_MSIL2A_20200818T142741_N0214_R053_T20LMP_20200818T165705_10_16.png,0.0,0.0,0.0,0.0,0.6022987365722656,0.03214970001135953
YOLOv11l,train_S2A_MSIL2A_20200818T142741_N0214_R053_T20LMP_20200818T165705_10_17.png,0.0,0.0,0.0,0.0,0.466705322265625,0.047099400020670146
YOLOv11l,train_S2A_MSIL2A_20200818T142741_N0214_R053_T20LMP_20200818T165705_10_18.png,0.0,0.0,0.0,0.0,0.6427078247070312,0.03585670000757091
YOLOv11l,train_S2A_MSIL2A_20200818T142741_N0214_R053_T20LMP_20200818T165705_10_19.png,0.0,0.0,0.0,0.0,0.6052360534667969,0.032239000021945685
YOLOv11l,train_S2A_MSIL2A_20200818T142741_N0214_R053_T20LMP_20200818T165705_10_20.png,0.0,0.0,0.0,0.0,0.484527587890625,0.03133930001058616
YOLOv11l,train_S2A_MSIL2A_20200818T142741_N0214_R053_T20LMP_20200818T165705_10_21.png,0.0,0.0,0.0,0.0,0.49561309814453125,0.032544200017582625
YOLOv11l,train_S2A_MSIL2A_20200818T142741_N0214_R053_T20LMP_20200818T165705_11_02.png,0.0,0.0,0.0,0.0,0.806640625,0.03195519998553209
YOLOv11l,train_S2A_MSIL2A_20200818T142741_N0214_R053_T20LMP_20200818T165705_11_04.png,0.0,0.0,0.0,0.0,0.8769454956054688,0.03419879998546094
YOLOv11l,train_S2A_MSIL2A_20200818T142741_N0214_R053_T20LMP_20200818T165705_11_06.png,0.0,0.0,0.0,0.0,0.6635475158691406,0.03169699999853037
YOLOv11l,train_S2A_MSIL2A_20200818T142741_N0214_R053_T20LMP_20200818T165705_11_10.png,0.0,0.0,0.0,0.0,0.7701072692871094,0.029992800002219155
YOLOv11l,train_S2A_MSIL2A_20200818T142741_N0214_R053_T20LMP_20200818T165705_11_13.png,0.0,0.0,0.0,0.0,0.7035865783691406,0.03097750002052635
YOLOv11l,train_S2A_MSIL2A_20200818T142741_N0214_R053_T20LMP_20200818T165705_11_14.png,0.0,0.0,0.0,0.0,0.6733856201171875,0.03038040001410991
YOLOv11l,train_S2A_MSIL2A_20200818T142741_N0214_R053_T20LMP_20200818T165705_11_16.png,0.0,0.0,0.0,0.0,0.5509796142578125,0.037269099993864074
YOLOv11l,train_S2A_MSIL2A_20200818T142741_N0214_R053_T20LMP_20200818T165705_11_21.png,0.0,0.0,0.0,0.0,0.7620735168457031,0.031830100022489205
YOLOv11l,train_S2A_MSIL2A_20200818T142741_N0214_R053_T20LMP_20200818T165705_12_02.png,0.0,0.0,0.0,0.0,0.7303314208984375,0.0315763000107836
YOLOv11l,train_S2A_MSIL2A_20200818T142741_N0214_R053_T20LMP_20200818T165705_12_03.png,0.0,0.0,0.0,0.0,0.7822380065917969,0.03323700002511032
YOLOv11l,train_S2A_MSIL2A_20200818T142741_N0214_R053_T20LMP_20200818T165705_12_06.png,0.0,0.0,0.0,0.0,0.7644615173339844,0.031162799976300448
YOLOv11l,train_S2A_MSIL2A_20200818T142741_N0214_R053_T20LMP_20200818T165705_12_07.png,0.0,0.0,0.0,0.0,0.8193855285644531,0.030848800000967458
YOLOv11l,train_S2A_MSIL2A_20200818T142741_N0214_R053_T20LMP_20200818T165705_12_08.png,0.0,0.0,0.0,0.0,0.6833419799804688,0.03168009998626076
YOLOv11l,train_S2A_MSIL2A_20200818T142741_N0214_R053_T20LMP_20200818T165705_12_09.png,0.0,0.0,0.0,0.0,0.5994529724121094,0.033231499983230606
YOLOv11l,train_S2A_MSIL2A_20200818T142741_N0214_R053_T20LMP_20200818T165705_12_11.png,0.0,0.0,0.0,0.0,0.7858314514160156,0.03159500000765547
YOLOv11l,train_S2A_MSIL2A_20200818T142741_N0214_R053_T20LMP_20200818T165705_12_17.png,0.0,0.0,0.0,0.0,0.7084426879882812,0.03169559998787008
YOLOv11l,train_S2A_MSIL2A_20200818T142741_N0214_R053_T20LMP_20200818T165705_12_20.png,0.0,0.0,0.0,0.0,0.5990829467773438,0.03232080000452697
YOLOv11l,train_S2A_MSIL2A_20200818T142741_N0214_R053_T20LMP_20200818T165705_12_21.png,0.0,0.0,0.0,0.0,0.6636581420898438,0.03218939999351278
YOLOv11l,train_S2A_MSIL2A_20200818T142741_N0214_R053_T20LMP_20200818T165705_13_01.png,0.0,0.0,0.0,0.0,0.42652130126953125,0.03256880000117235
YOLOv11l,train_S2A_MSIL2A_20200818T142741_N0214_R053_T20LMP_20200818T165705_13_02.png,0.0,0.0,0.0,0.0,0.5598602294921875,0.03437780000967905
YOLOv11l,train_S2A_MSIL2A_20200818T142741_N0214_R053_T20LMP_20200818T165705_13_03.png,0.0,0.0,0.0,0.0,0.7701148986816406,0.034577100013848394
YOLOv11l,train_S2A_MSIL2A_20200818T142741_N0214_R053_T20LMP_20200818T165705_13_05.png,0.0,0.0,0.0,0.0,0.8994598388671875,0.03281120001338422
YOLOv11l,train_S2A_MSIL2A_20200818T142741_N0214_R053_T20LMP_20200818T165705_13_07.png,0.0,0.0,0.0,0.0,0.7145462036132812,0.03294649999588728
YOLOv11l,train_S2A_MSIL2A_20200818T142741_N0214_R053_T20LMP_20200818T165705_13_08.png,0.0,0.0,0.0,0.0,0.6834144592285156,0.03258739999728277
YOLOv11l,train_S2A_MSIL2A_20200818T142741_N0214_R053_T20LMP_20200818T165705_13_09.png,0.0,0.0,0.0,0.0,0.6201515197753906,0.0314539999817498
YOLOv11l,train_S2A_MSIL2A_20200818T142741_N0214_R053_T20LMP_20200818T165705_13_10.png,0.0,0.0,0.0,0.0,0.4995613098144531,0.03247340000234544
YOLOv11l,train_S2A_MSIL2A_20200818T142741_N0214_R053_T20LMP_20200818T165705_13_11.png,0.0,0.0,0.0,0.0,0.10952377319335938,0.032779900007881224
YOLOv11l,train_S2A_MSIL2A_20200818T142741_N0214_R053_T20LMP_20200818T165705_13_17.png,0.0,0.0,0.0,0.0,0.8313331604003906,0.031166200002189726
YOLOv11l,train_S2A_MSIL2A_20200818T142741_N0214_R053_T20LMP_20200818T165705_13_19.png,0.0,0.0,0.0,0.0,0.7758331298828125,0.03162759999395348
YOLOv11l,train_S2A_MSIL2A_20200818T142741_N0214_R053_T20LMP_20200818T165705_13_20.png,0.0,0.0,0.0,0.0,0.8346824645996094,0.031193300004815683
YOLOv11l,train_S2A_MSIL2A_20200818T142741_N0214_R053_T20LMP_20200818T165705_13_21.png,0.0,0.0,0.0,0.0,0.8598098754882812,0.03181049998966046
YOLOv11l,train_S2A_MSIL2A_20200818T142741_N0214_R053_T20LMP_20200818T165705_14_01.png,0.0,0.0,0.0,0.0,0.10222625732421875,0.03332700001192279
YOLOv11l,train_S2A_MSIL2A_20200818T142741_N0214_R053_T20LMP_20200818T165705_14_04.png,0.0,0.0,0.0,0.0,0.7368316650390625,0.033299600007012486
YOLOv11l,train_S2A_MSIL2A_20200818T142741_N0214_R053_T20LMP_20200818T165705_14_07.png,0.0,0.0,0.0,0.0,0.7128982543945312,0.03711890001432039
YOLOv11l,train_S2A_MSIL2A_20200818T142741_N0214_R053_T20LMP_20200818T165705_14_08.png,0.0,0.0,0.0,0.0,0.387237548828125,0.03399389999685809
YOLOv11l,train_S2A_MSIL2A_20200818T142741_N0214_R053_T20LMP_20200818T165705_14_09.png,0.0,0.0,0.0,0.0,0.16090011596679688,0.032954399997834116
YOLOv11l,train_S2A_MSIL2A_20200818T142741_N0214_R053_T20LMP_20200818T165705_14_16.png,0.0,0.0,0.0,0.0,0.02002716064453125,0.044166000006953254
YOLOv11l,train_S2A_MSIL2A_20200818T142741_N0214_R053_T20LMP_20200818T165705_14_17.png,0.0,0.0,0.0,0.0,0.8065948486328125,0.04549899999983609
YOLOv11l,train_S2A_MSIL2A_20200818T142741_N0214_R053_T20LMP_20200818T165705_14_19.png,0.0,0.0,0.0,0.0,0.8686141967773438,0.05701980000594631
YOLOv11l,train_S2A_MSIL2A_20200818T142741_N0214_R053_T20LMP_20200818T165705_15_01.png,0.0,0.0,0.0,0.0,0.022357940673828125,0.03694389999145642
YOLOv11l,train_S2A_MSIL2A_20200818T142741_N0214_R053_T20LMP_20200818T165705_15_02.png,0.0,0.0,0.0,0.0,0.00688934326171875,0.042819299997063354
YOLOv11l,train_S2A_MSIL2A_20200818T142741_N0214_R053_T20LMP_20200818T165705_15_03.png,0.0,0.0,0.0,0.0,0.009746551513671875,0.06357530000968836
YOLOv11l,train_S2A_MSIL2A_20200818T142741_N0214_R053_T20LMP_20200818T165705_15_05.png,0.0,0.0,0.0,0.0,0.7114181518554688,0.05701689998386428
YOLOv11l,train_S2A_MSIL2A_20200818T142741_N0214_R053_T20LMP_20200818T165705_15_06.png,0.0,0.0,0.0,0.0,0.7232856750488281,0.03473509999457747
YOLOv11l,train_S2A_MSIL2A_20200818T142741_N0214_R053_T20LMP_20200818T165705_15_07.png,0.0,0.0,0.0,0.0,0.6852798461914062,0.0448960000067018
YOLOv11l,train_S2A_MSIL2A_20200818T142741_N0214_R053_T20LMP_20200818T165705_15_08.png,0.0,0.0,0.0,0.0,0.2578239440917969,0.0352679000061471
YOLOv11l,train_S2A_MSIL2A_20200818T142741_N0214_R053_T20LMP_20200818T165705_15_09.png,0.0,0.0,0.0,0.0,0.22333908081054688,0.03298519999952987
YOLOv11l,train_S2A_MSIL2A_20200818T142741_N0214_R053_T20LMP_20200818T165705_15_10.png,0.0,0.0,0.0,0.0,0.22837448120117188,0.033304400014458224
YOLOv11l,train_S2A_MSIL2A_20200818T142741_N0214_R053_T20LMP_20200818T165705_15_12.png,0.0,0.0,0.0,0.0,0.01068115234375,0.040965699998196214
YOLOv11l,train_S2A_MSIL2A_20200818T142741_N0214_R053_T20LMP_20200818T165705_15_13.png,0.0,0.0,0.0,0.0,0.003635406494140625,0.05747630001860671
YOLOv11l,train_S2A_MSIL2A_20200818T142741_N0214_R053_T20LMP_20200818T165705_15_14.png,0.0,0.0,0.0,0.0,0.003856658935546875,0.05696659997920506
YOLOv11l,train_S2A_MSIL2A_20200818T142741_N0214_R053_T20LMP_20200818T165705_15_15.png,0.0,0.0,0.0,0.0,0.000568389892578125,0.03814530000090599
YOLOv11l,train_S2A_MSIL2A_20200818T142741_N0214_R053_T20LMP_20200818T165705_15_16.png,0.0,0.0,0.0,0.0,0.0118560791015625,0.04565169999841601
YOLOv11l,train_S2A_MSIL2A_20200818T142741_N0214_R053_T20LMP_20200818T165705_15_17.png,0.0,0.0,0.0,0.0,0.17700958251953125,0.04337530001066625
YOLOv11l,train_S2A_MSIL2A_20200818T142741_N0214_R053_T20LMP_20200818T165705_15_18.png,0.0,0.0,0.0,0.0,0.8600807189941406,0.03739410001435317
YOLOv11l,train_S2A_MSIL2A_20200818T142741_N0214_R053_T20LMP_20200818T165705_15_19.png,0.0,0.0,0.0,0.0,0.8637809753417969,0.05953990001580678
YOLOv11l,train_S2A_MSIL2A_20200818T142741_N0214_R053_T20LMP_20200818T165705_15_20.png,0.0,0.0,0.0,0.0,0.9280128479003906,0.04736789999878965
YOLOv11l,train_S2A_MSIL2A_20200818T142741_N0214_R053_T20LMP_20200818T165705_16_05.png,0.0,0.0,0.0,0.0,0.3541069030761719,0.03425190001144074
YOLOv11l,train_S2A_MSIL2A_20200818T142741_N0214_R053_T20LMP_20200818T165705_16_06.png,0.0,0.0,0.0,0.0,0.6802101135253906,0.03821250001783483
YOLOv11l,train_S2A_MSIL2A_20200818T142741_N0214_R053_T20LMP_20200818T165705_16_09.png,0.0,0.0,0.0,0.0,0.35345458984375,0.03449039999395609
YOLOv11l,train_S2A_MSIL2A_20200818T142741_N0214_R053_T20LMP_20200818T165705_16_14.png,0.0,0.0,0.0,0.0,0.00185394287109375,0.03544720000354573
YOLOv11l,train_S2A_MSIL2A_20200818T142741_N0214_R053_T20LMP_20200818T165705_16_15.png,0.0,0.0,0.0,0.0,0.002597808837890625,0.03719100001035258
YOLOv11l,train_S2A_MSIL2A_20200818T142741_N0214_R053_T20LMP_20200818T165705_16_16.png,0.0,0.0,0.0,0.0,0.013824462890625,0.03201870000339113
YOLOv11l,train_S2A_MSIL2A_20200818T142741_N0214_R053_T20LMP_20200818T165705_16_18.png,0.0,0.0,0.0,0.0,0.20042037963867188,0.05829519999679178
YOLOv11l,train_S2A_MSIL2A_20200818T142741_N0214_R053_T20LMP_20200818T165705_16_19.png,0.0,0.0,0.0,0.0,0.7223663330078125,0.057208500016713515
YOLOv11l,train_S2A_MSIL2A_20200818T142741_N0214_R053_T20LMP_20200818T165705_16_20.png,0.0,0.0,0.0,0.0,0.8351707458496094,0.04977040001540445
YOLOv11l,train_S2A_MSIL2A_20200818T142741_N0214_R053_T20LMP_20200818T165705_16_21.png,0.0,0.0,0.0,0.0,0.8493537902832031,0.048998700018273667
YOLOv11l,train_S2A_MSIL2A_20200818T142741_N0214_R053_T20LMP_20200818T165705_17_05.png,0.0,0.0,0.0,0.0,0.044521331787109375,0.03534210001816973
YOLOv11l,train_S2A_MSIL2A_20200818T142741_N0214_R053_T20LMP_20200818T165705_17_06.png,0.0,0.0,0.0,0.0,0.18672561645507812,0.05896209998172708
YOLOv11l,train_S2A_MSIL2A_20200818T142741_N0214_R053_T20LMP_20200818T165705_17_07.png,0.0,0.0,0.0,0.0,0.15289688110351562,0.05984960001660511
YOLOv11l,train_S2A_MSIL2A_20200818T142741_N0214_R053_T20LMP_20200818T165705_17_08.png,0.0,0.0,0.0,0.0,0.20833587646484375,0.047712800005683675
YOLOv11l,train_S2A_MSIL2A_20200818T142741_N0214_R053_T20LMP_20200818T165705_17_10.png,0.0,0.0,0.0,0.0,0.03167724609375,0.060066600010031834
YOLOv11l,train_S2A_MSIL2A_20200818T142741_N0214_R053_T20LMP_20200818T165705_17_11.png,0.0,0.0,0.0,0.0,0.042896270751953125,0.03875559999141842
YOLOv11l,train_S2A_MSIL2A_20200818T142741_N0214_R053_T20LMP_20200818T165705_17_13.png,0.0,0.0,0.0,0.0,0.012416839599609375,0.03615729999728501
YOLOv11l,train_S2A_MSIL2A_20200818T142741_N0214_R053_T20LMP_20200818T165705_17_16.png,0.0,0.0,0.0,0.0,0.020793914794921875,0.037248300010105595
YOLOv11l,train_S2A_MSIL2A_20200818T142741_N0214_R053_T20LMP_20200818T165705_17_17.png,0.0,0.0,0.0,0.0,0.07855606079101562,0.0430896999896504
YOLOv11l,train_S2A_MSIL2A_20200818T142741_N0214_R053_T20LMP_20200818T165705_17_18.png,0.0,0.0,0.0,0.0,0.08995437622070312,0.04447049999726005
YOLOv11l,train_S2A_MSIL2A_20200818T142741_N0214_R053_T20LMP_20200818T165705_17_19.png,0.0,0.0,0.0,0.0,0.11837005615234375,0.06085820001317188
YOLOv11l,train_S2A_MSIL2A_20200818T142741_N0214_R053_T20LMP_20200818T165705_17_20.png,0.0,0.0,0.0,0.0,0.7849159240722656,0.03496709998580627
YOLOv11l,train_S2A_MSIL2A_20200818T142741_N0214_R053_T20LMP_20200818T165705_17_21.png,0.0,0.0,0.0,0.0,0.7779045104980469,0.04233000002568588
YOLOv11l,train_S2A_MSIL2A_20200818T142741_N0214_R053_T20LMP_20200818T165705_18_06.png,0.0,0.0,0.0,0.0,0.00522613525390625,0.03564769998774864
YOLOv11l,train_S2A_MSIL2A_20200818T142741_N0214_R053_T20LMP_20200818T165705_18_07.png,0.0,0.0,0.0,0.0,0.011646270751953125,0.034979999996721745
YOLOv11l,train_S2A_MSIL2A_20200818T142741_N0214_R053_T20LMP_20200818T165705_18_10.png,0.0,0.0,0.0,0.0,0.058135986328125,0.05479699998977594
YOLOv11l,train_S2A_MSIL2A_20200818T142741_N0214_R053_T20LMP_20200818T165705_18_14.png,0.0,0.0,0.0,0.0,0.005878448486328125,0.041858899989165366
YOLOv11l,train_S2A_MSIL2A_20200818T142741_N0214_R053_T20LMP_20200818T165705_18_15.png,0.0,0.0,0.0,0.0,0.020748138427734375,0.044878500018967316
YOLOv11l,train_S2A_MSIL2A_20200818T142741_N0214_R053_T20LMP_20200818T165705_18_16.png,0.0,0.0,0.0,0.0,0.033153533935546875,0.04242690000683069
YOLOv11l,train_S2A_MSIL2A_20200818T142741_N0214_R053_T20LMP_20200818T165705_18_17.png,0.0,0.0,0.0,0.0,0.08621978759765625,0.03680560001521371
YOLOv11l,train_S2A_MSIL2A_20200818T142741_N0214_R053_T20LMP_20200818T165705_18_18.png,0.0,0.0,0.0,0.0,0.02764892578125,0.03196399999433197
YOLOv11l,train_S2A_MSIL2A_20200818T142741_N0214_R053_T20LMP_20200818T165705_19_16.png,0.0,0.0,0.0,0.0,0.01702117919921875,0.032793299993500113
YOLOv11l,train_S2A_MSIL2A_20200818T142741_N0214_R053_T20LMP_20200818T165705_19_17.png,0.0,0.0,0.0,0.0,0.036529541015625,0.033045099989976734
YOLOv11l,train_S2A_MSIL2A_20200818T142741_N0214_R053_T20LMP_20200818T165705_20_01.png,0.0,0.0,0.0,0.0,0.000720977783203125,0.036729899991769344
YOLOv11l,train_S2A_MSIL2A_20200818T142741_N0214_R053_T20LMP_20200818T165705_20_06.png,0.0,0.0,0.0,0.0,0.47835540771484375,0.03234529998735525
YOLOv11l,train_S2A_MSIL2A_20200818T142741_N0214_R053_T20LMP_20200818T165705_20_14.png,0.0,0.0,0.0,0.0,0.08772659301757812,0.03402799999457784
YOLOv11l,train_S2A_MSIL2A_20200818T142741_N0214_R053_T20LMP_20200818T165705_20_15.png,0.0,0.0,0.0,0.0,0.024730682373046875,0.03376150000258349
YOLOv11l,train_S2A_MSIL2A_20200818T142741_N0214_R053_T20LMP_20200818T165705_20_17.png,0.0,0.0,0.0,0.0,0.03447723388671875,0.0347211999760475
YOLOv11l,train_S2A_MSIL2A_20200818T142741_N0214_R053_T20LMP_20200818T165705_20_18.png,0.0,0.0,0.0,0.0,0.01085662841796875,0.032218299980740994
YOLOv11l,train_S2A_MSIL2A_20200818T142741_N0214_R053_T20LMP_20200818T165705_21_04.png,0.0,0.0,0.0,0.0,0.00157928466796875,0.03603850002400577
YOLOv11l,train_S2A_MSIL2A_20200818T142741_N0214_R053_T20LMP_20200818T165705_21_05.png,0.0,0.0,0.0,0.0,0.002109527587890625,0.03273720000288449
YOLOv11l,train_S2A_MSIL2A_20200818T142741_N0214_R053_T20LMP_20200818T165705_21_06.png,0.0,0.0,0.0,0.0,0.12913131713867188,0.03373510000528768
YOLOv11l,train_S2A_MSIL2A_20200818T142741_N0214_R053_T20LMP_20200818T165705_21_17.png,0.0,0.0,0.0,0.0,0.022640228271484375,0.03582089999690652
YOLOv11l,train_S2A_MSIL2A_20200818T142741_N0214_R053_T20LMP_20200818T165705_21_18.png,0.0,0.0,0.0,0.0,0.012302398681640625,0.03276980001828633
YOLOv11l,train_S2B_MSIL2A_20200202T141649_N0213_R010_T20LQN_20200202T164215_03_02.png,0.0,0.0,0.0,0.0,0.011814117431640625,0.02794460000586696
YOLOv11l,train_S2B_MSIL2A_20200202T141649_N0213_R010_T20LQN_20200202T164215_03_04.png,0.0,0.0,0.0,0.0,0.011501312255859375,0.028426500008208677
YOLOv11l,train_S2B_MSIL2A_20200202T141649_N0213_R010_T20LQN_20200202T164215_04_02.png,0.0,0.0,0.0,0.0,0.00690460205078125,0.029023800016148016
YOLOv11l,train_S2B_MSIL2A_20200202T141649_N0213_R010_T20LQN_20200202T164215_04_03.png,0.0,0.0,0.0,0.0,7.62939453125e-06,0.029991099989274517
YOLOv11l,train_S2B_MSIL2A_20200202T141649_N0213_R010_T20LQN_20200202T164215_04_04.png,0.0,0.0,0.0,0.0,8.392333984375e-05,0.03347529997699894
YOLOv11l,train_S2B_MSIL2A_20200202T141649_N0213_R010_T20LQN_20200202T164215_04_06.png,0.0,0.0,0.0,0.0,0.6703567504882812,0.03373890000511892
YOLOv11l,train_S2B_MSIL2A_20200202T141649_N0213_R010_T20LQN_20200202T164215_04_09.png,0.0,0.0,0.0,0.0,0.020721435546875,0.033477599994512275
YOLOv11l,train_S2B_MSIL2A_20200202T141649_N0213_R010_T20LQN_20200202T164215_05_10.png,0.0,0.0,0.0,0.0,0.004474639892578125,0.028456300002289936
YOLOv11l,train_S2B_MSIL2A_20200202T141649_N0213_R010_T20LQN_20200202T164215_05_11.png,0.0,0.0,0.0,0.0,0.015377044677734375,0.030734900006791577
YOLOv11l,train_S2B_MSIL2A_20200202T141649_N0213_R010_T20LQN_20200202T164215_05_12.png,0.0,0.0,0.0,0.0,0.0263214111328125,0.02899180000531487
YOLOv11l,train_S2B_MSIL2A_20200202T141649_N0213_R010_T20LQN_20200202T164215_05_21.png,0.0,0.0,0.0,0.0,0.000965118408203125,0.045330399996601045
YOLOv11l,train_S2B_MSIL2A_20200202T141649_N0213_R010_T20LQN_20200202T164215_06_11.png,0.0,0.0,0.0,0.0,0.001316070556640625,0.02921849998529069
YOLOv11l,train_S2B_MSIL2A_20200202T141649_N0213_R010_T20LQN_20200202T164215_06_12.png,0.0,0.0,0.0,0.0,0.00148773193359375,0.029241500014904886
YOLOv11l,train_S2B_MSIL2A_20200202T141649_N0213_R010_T20LQN_20200202T164215_07_11.png,0.0,0.0,0.0,0.0,6.866455078125e-05,0.03187269999762066
YOLOv11l,train_S2B_MSIL2A_20200202T141649_N0213_R010_T20LQN_20200202T164215_07_17.png,0.0,0.0,0.0,0.0,0.004779815673828125,0.04334400000516325
YOLOv11l,train_S2B_MSIL2A_20200202T141649_N0213_R010_T20LQN_20200202T164215_08_11.png,0.0,0.0,0.0,0.0,0.0,0.030617999989772215
YOLOv11l,train_S2B_MSIL2A_20200202T141649_N0213_R010_T20LQN_20200202T164215_08_14.png,0.0,0.0,0.0,0.0,0.00867462158203125,0.03845190000720322
YOLOv11l,train_S2B_MSIL2A_20200202T141649_N0213_R010_T20LQN_20200202T164215_09_11.png,0.0,0.0,0.0,0.0,0.0001373291015625,0.028955700021469966
YOLOv11l,train_S2B_MSIL2A_20200202T141649_N0213_R010_T20LQN_20200202T164215_10_05.png,0.0,0.0,0.0,0.0,0.28417205810546875,0.031138399994233623
YOLOv11l,train_S2B_MSIL2A_20200202T141649_N0213_R010_T20LQN_20200202T164215_10_06.png,0.0,0.0,0.0,0.0,0.32762908935546875,0.03163340000901371
YOLOv11l,train_S2B_MSIL2A_20200202T141649_N0213_R010_T20LQN_20200202T164215_11_05.png,0.0,0.0,0.0,0.0,0.5074653625488281,0.03261610001209192
YOLOv11l,train_S2B_MSIL2A_20200202T141649_N0213_R010_T20LQN_20200202T164215_11_06.png,0.0,0.0,0.0,0.0,0.5324211120605469,0.04133700000238605
YOLOv11l,train_S2B_MSIL2A_20200202T141649_N0213_R010_T20LQN_20200202T164215_11_07.png,0.0,0.0,0.0,0.0,0.2935295104980469,0.031245000020135194
YOLOv11l,train_S2B_MSIL2A_20200202T141649_N0213_R010_T20LQN_20200202T164215_12_03.png,0.0,0.0,0.0,0.0,0.6591339111328125,0.03311789999133907
YOLOv11l,train_S2B_MSIL2A_20200202T141649_N0213_R010_T20LQN_20200202T164215_13_04.png,0.0,0.0,0.0,0.0,0.6973075866699219,0.03737659999751486
YOLOv11l,train_S2B_MSIL2A_20200202T141649_N0213_R010_T20LQN_20200202T164215_13_14.png,0.0,0.0,0.0,0.0,1.52587890625e-05,0.03596770000876859
YOLOv11l,train_S2B_MSIL2A_20200202T141649_N0213_R010_T20LQN_20200202T164215_16_08.png,0.0,0.0,0.0,0.0,0.6018486022949219,0.05009109998354688
YOLOv11l,train_S2B_MSIL2A_20200202T141649_N0213_R010_T20LQN_20200202T164215_18_10.png,0.0,0.0,0.0,0.0,0.3902168273925781,0.045825399982277304
YOLOv11l,train_S2B_MSIL2A_20200202T141649_N0213_R010_T20LQN_20200202T164215_20_13.png,0.0,0.0,0.0,0.0,0.10293197631835938,0.031246099999407306
YOLOv11l,val_S2A_MSIL2A_20200111T142701_N0213_R053_T20NQG_20200111T164651_01_04.png,0.0,0.0,0.0,0.0,0.36563873291015625,0.032379800017224625
YOLOv11l,val_S2A_MSIL2A_20200111T142701_N0213_R053_T20NQG_20200111T164651_01_05.png,0.0,0.0,0.0,0.0,0.31932830810546875,0.03355950000695884
YOLOv11l,val_S2A_MSIL2A_20200111T142701_N0213_R053_T20NQG_20200111T164651_01_12.png,0.0,0.0,0.0,0.0,0.2932472229003906,0.04178289999254048
YOLOv11l,val_S2A_MSIL2A_20200111T142701_N0213_R053_T20NQG_20200111T164651_01_14.png,0.0,0.0,0.0,0.0,0.3446235656738281,0.04869710002094507
YOLOv11l,val_S2A_MSIL2A_20200111T142701_N0213_R053_T20NQG_20200111T164651_02_12.png,0.0,0.0,0.0,0.0,0.2871360778808594,0.043170199991436675
YOLOv11l,val_S2A_MSIL2A_20200111T142701_N0213_R053_T20NQG_20200111T164651_11_12.png,0.0,0.0,0.0,0.0,0.216705322265625,0.041462099994532764
YOLOv11l,val_S2A_MSIL2A_20200111T142701_N0213_R053_T20NQG_20200111T164651_12_06.png,0.0,0.0,0.0,0.0,0.6811637878417969,0.031170500005828217
YOLOv11l,val_S2A_MSIL2A_20200111T142701_N0213_R053_T20NQG_20200111T164651_12_08.png,0.0,0.0,0.0,0.0,0.6120643615722656,0.062001600017538294
YOLOv11l,val_S2A_MSIL2A_20200111T142701_N0213_R053_T20NQG_20200111T164651_12_16.png,0.0,0.0,0.0,0.0,0.22155380249023438,0.0627323999942746
YOLOv11l,val_S2A_MSIL2A_20200111T142701_N0213_R053_T20NQG_20200111T164651_14_12.png,0.0,0.0,0.0,0.0,0.7540359497070312,0.034774200001265854
YOLOv11l,val_S2A_MSIL2A_20200111T142701_N0213_R053_T20NQG_20200111T164651_14_13.png,0.0,0.0,0.0,0.0,0.11713027954101562,0.03934149999986403
YOLOv11l,val_S2A_MSIL2A_20200111T142701_N0213_R053_T20NQG_20200111T164651_15_01.png,0.0,0.0,0.0,0.0,0.49146270751953125,0.03171350000775419
YOLOv11l,val_S2A_MSIL2A_20200111T142701_N0213_R053_T20NQG_20200111T164651_19_08.png,1.0,1.0,0.0,0.0,1.0,0.033947099989745766
YOLOv11l,val_S2A_MSIL2A_20200115T140641_N0213_R110_T21LUH_20200115T163049_01_04.png,0.0,0.0,0.0,0.0,0.8509292602539062,0.03252690000226721
YOLOv11l,val_S2A_MSIL2A_20200115T140641_N0213_R110_T21LUH_20200115T163049_05_15.png,0.0,0.0,0.0,0.0,0.4757118225097656,0.033933900005649775
YOLOv11l,val_S2A_MSIL2A_20200115T140641_N0213_R110_T21LUH_20200115T163049_06_05.png,0.0,0.0,0.0,0.0,0.86505126953125,0.03305999998701736
YOLOv11l,val_S2A_MSIL2A_20200115T140641_N0213_R110_T21LUH_20200115T163049_06_08.png,0.0,0.0,0.0,0.0,0.8009757995605469,0.03387220000149682
YOLOv11l,val_S2A_MSIL2A_20200115T140641_N0213_R110_T21LUH_20200115T163049_06_10.png,0.0,0.0,0.0,0.0,0.7020072937011719,0.03264300001319498
YOLOv11l,val_S2A_MSIL2A_20200115T140641_N0213_R110_T21LUH_20200115T163049_07_07.png,0.0,0.0,0.0,0.0,0.7637176513671875,0.03192849998595193
YOLOv11l,val_S2A_MSIL2A_20200115T140641_N0213_R110_T21LUH_20200115T163049_09_15.png,0.0,0.0,0.0,0.0,0.6642875671386719,0.033455499971751124
YOLOv11l,val_S2A_MSIL2A_20200217T141651_N0209_R010_T20LQN_20200217T160045_01_21.png,0.0,0.0,0.0,0.0,0.13463973999023438,0.04428060000645928
YOLOv11l,val_S2A_MSIL2A_20200217T141651_N0209_R010_T20LQN_20200217T160045_03_18.png,0.0,0.0,0.0,0.0,0.116455078125,0.052428599999984726
YOLOv11l,val_S2A_MSIL2A_20200217T141651_N0209_R010_T20LQN_20200217T160045_03_20.png,0.0,0.0,0.0,0.0,0.22586822509765625,0.031459599995287135
YOLOv11l,val_S2A_MSIL2A_20200217T141651_N0209_R010_T20LQN_20200217T160045_05_06.png,0.0,0.0,0.0,0.0,0.7881813049316406,0.03321329999016598
YOLOv11l,val_S2A_MSIL2A_20200217T141651_N0209_R010_T20LQN_20200217T160045_05_15.png,0.0,0.0,0.0,0.0,0.110107421875,0.039457499980926514
YOLOv11l,val_S2A_MSIL2A_20200217T141651_N0209_R010_T20LQN_20200217T160045_06_15.png,0.0,0.0,0.0,0.0,0.10819244384765625,0.028947199985850602
YOLOv11l,val_S2A_MSIL2A_20200217T141651_N0209_R010_T20LQN_20200217T160045_06_21.png,0.0,0.0,0.0,0.0,0.08015823364257812,0.0298379999876488
YOLOv11l,val_S2A_MSIL2A_20200217T141651_N0209_R010_T20LQN_20200217T160045_07_15.png,0.0,0.0,0.0,0.0,0.11628341674804688,0.03987300000153482
YOLOv11l,val_S2A_MSIL2A_20200217T141651_N0209_R010_T20LQN_20200217T160045_08_08.png,0.0,0.0,0.0,0.0,0.54241943359375,0.0335899000056088
YOLOv11l,val_S2A_MSIL2A_20200217T141651_N0209_R010_T20LQN_20200217T160045_09_15.png,0.0,0.0,0.0,0.0,0.1088409423828125,0.03384439999354072
YOLOv11l,val_S2A_MSIL2A_20200217T141651_N0209_R010_T20LQN_20200217T160045_09_21.png,0.0,0.0,0.0,0.0,0.0380096435546875,0.02944090001983568
YOLOv11l,val_S2A_MSIL2A_20200217T141651_N0209_R010_T20LQN_20200217T160045_10_02.png,0.0,0.0,0.0,0.0,0.6653480529785156,0.033547200000612065
YOLOv11l,val_S2A_MSIL2A_20200217T141651_N0209_R010_T20LQN_20200217T160045_10_14.png,0.0,0.0,0.0,0.0,0.07329940795898438,0.031024500000057742
YOLOv11l,val_S2A_MSIL2A_20200217T141651_N0209_R010_T20LQN_20200217T160045_11_03.png,0.0,0.0,0.0,0.0,0.8767166137695312,0.032206200005020946
YOLOv11l,val_S2A_MSIL2A_20200217T141651_N0209_R010_T20LQN_20200217T160045_13_07.png,0.0,0.0,0.0,0.0,0.5525398254394531,0.03522240000893362
YOLOv11l,val_S2A_MSIL2A_20200217T141651_N0209_R010_T20LQN_20200217T160045_13_16.png,0.0,0.0,0.0,0.0,0.20554351806640625,0.03222480000113137
YOLOv11l,val_S2A_MSIL2A_20200217T141651_N0209_R010_T20LQN_20200217T160045_14_04.png,0.0,0.0,0.0,0.0,0.862579345703125,0.03275380001286976
YOLOv11l,val_S2A_MSIL2A_20200217T141651_N0209_R010_T20LQN_20200217T160045_15_19.png,0.0,0.0,0.0,0.0,0.07300567626953125,0.02881570000317879
YOLOv11l,val_S2A_MSIL2A_20200217T141651_N0209_R010_T20LQN_20200217T160045_15_21.png,0.0,0.0,0.0,0.0,0.109466552734375,0.030763599992496893
YOLOv11l,val_S2A_MSIL2A_20200217T141651_N0209_R010_T20LQN_20200217T160045_17_06.png,0.0,0.0,0.0,0.0,0.8306732177734375,0.03257280000252649
YOLOv11l,val_S2A_MSIL2A_20200217T141651_N0209_R010_T20LQN_20200217T160045_17_17.png,0.0,0.0,0.0,0.0,0.09857177734375,0.030083299992838874
YOLOv11l,val_S2A_MSIL2A_20200217T141651_N0209_R010_T20LQN_20200217T160045_20_04.png,0.0,0.0,0.0,0.0,0.6772270202636719,0.03303339998819865
YOLOv11l,val_S2A_MSIL2A_20200217T141651_N0209_R010_T20LQN_20200217T160045_20_18.png,0.0,0.0,0.0,0.0,0.10811614990234375,0.031144300010055304
YOLOv11l,val_S2A_MSIL2A_20200818T142741_N0214_R053_T20LMP_20200818T165705_01_01.png,0.0,0.0,0.0,0.0,0.7515487670898438,0.03354800000670366
YOLOv11l,val_S2A_MSIL2A_20200818T142741_N0214_R053_T20LMP_20200818T165705_01_06.png,0.0,0.0,0.0,0.0,0.45024871826171875,0.033422699983930215
YOLOv11l,val_S2A_MSIL2A_20200818T142741_N0214_R053_T20LMP_20200818T165705_01_11.png,0.0,0.0,0.0,0.0,0.5774650573730469,0.03362939998623915
YOLOv11l,val_S2A_MSIL2A_20200818T142741_N0214_R053_T20LMP_20200818T165705_03_05.png,0.0,0.0,0.0,0.0,0.7931098937988281,0.032835999998496845
YOLOv11l,val_S2A_MSIL2A_20200818T142741_N0214_R053_T20LMP_20200818T165705_03_08.png,0.0,0.0,0.0,0.0,0.8326835632324219,0.03591380000580102
YOLOv11l,val_S2A_MSIL2A_20200818T142741_N0214_R053_T20LMP_20200818T165705_03_12.png,0.0,0.0,0.0,0.0,0.8703079223632812,0.039549199980683625
YOLOv11l,val_S2A_MSIL2A_20200818T142741_N0214_R053_T20LMP_20200818T165705_03_16.png,0.0,0.0,0.0,0.0,0.8142814636230469,0.0582466000050772
YOLOv11l,val_S2A_MSIL2A_20200818T142741_N0214_R053_T20LMP_20200818T165705_03_21.png,0.0,0.0,0.0,0.0,0.7777671813964844,0.035847999999532476
YOLOv11l,val_S2A_MSIL2A_20200818T142741_N0214_R053_T20LMP_20200818T165705_04_06.png,0.0,0.0,0.0,0.0,0.8321762084960938,0.032034600008046255
YOLOv11l,val_S2A_MSIL2A_20200818T142741_N0214_R053_T20LMP_20200818T165705_04_09.png,0.0,0.0,0.0,0.0,0.6206016540527344,0.03139630000805482
YOLOv11l,val_S2A_MSIL2A_20200818T142741_N0214_R053_T20LMP_20200818T165705_04_10.png,0.0,0.0,0.0,0.0,0.5830459594726562,0.0323359000030905
YOLOv11l,val_S2A_MSIL2A_20200818T142741_N0214_R053_T20LMP_20200818T165705_05_11.png,0.0,0.0,0.0,0.0,0.5983734130859375,0.03712729999097064
YOLOv11l,val_S2A_MSIL2A_20200818T142741_N0214_R053_T20LMP_20200818T165705_05_19.png,0.0,0.0,0.0,0.0,0.7525596618652344,0.043782099994132295
YOLOv11l,val_S2A_MSIL2A_20200818T142741_N0214_R053_T20LMP_20200818T165705_05_21.png,0.0,0.0,0.0,0.0,0.7571830749511719,0.03160899999784306
YOLOv11l,val_S2A_MSIL2A_20200818T142741_N0214_R053_T20LMP_20200818T165705_06_14.png,0.0,0.0,0.0,0.0,0.7907752990722656,0.031511600012890995
YOLOv11l,val_S2A_MSIL2A_20200818T142741_N0214_R053_T20LMP_20200818T165705_08_01.png,0.0,0.0,0.0,0.0,0.7839164733886719,0.03264730001683347
YOLOv11l,val_S2A_MSIL2A_20200818T142741_N0214_R053_T20LMP_20200818T165705_08_14.png,0.0,0.0,0.0,0.0,0.7995185852050781,0.03371339998557232
YOLOv11l,val_S2A_MSIL2A_20200818T142741_N0214_R053_T20LMP_20200818T165705_08_16.png,0.0,0.0,0.0,0.0,0.6070175170898438,0.033348700002534315
YOLOv11l,val_S2A_MSIL2A_20200818T142741_N0214_R053_T20LMP_20200818T165705_09_04.png,0.0,0.0,0.0,0.0,0.7803840637207031,0.034062699996866286
YOLOv11l,val_S2A_MSIL2A_20200818T142741_N0214_R053_T20LMP_20200818T165705_09_13.png,0.0,0.0,0.0,0.0,0.7025260925292969,0.03911429998697713
YOLOv11l,val_S2A_MSIL2A_20200818T142741_N0214_R053_T20LMP_20200818T165705_09_19.png,0.0,0.0,0.0,0.0,0.6688117980957031,0.04932689998531714
YOLOv11l,val_S2A_MSIL2A_20200818T142741_N0214_R053_T20LMP_20200818T165705_09_20.png,0.0,0.0,0.0,0.0,0.7439422607421875,0.03217859999858774
YOLOv11l,val_S2A_MSIL2A_20200818T142741_N0214_R053_T20LMP_20200818T165705_10_08.png,0.0,0.0,0.0,0.0,0.8647613525390625,0.03207049999036826
YOLOv11l,val_S2A_MSIL2A_20200818T142741_N0214_R053_T20LMP_20200818T165705_10_15.png,0.0,0.0,0.0,0.0,0.6877479553222656,0.033544500009156764
YOLOv11l,val_S2A_MSIL2A_20200818T142741_N0214_R053_T20LMP_20200818T165705_11_11.png,0.0,0.0,0.0,0.0,0.7030143737792969,0.03269590000854805
YOLOv11l,val_S2A_MSIL2A_20200818T142741_N0214_R053_T20LMP_20200818T165705_11_12.png,0.0,0.0,0.0,0.0,0.7822380065917969,0.0356958000047598
YOLOv11l,val_S2A_MSIL2A_20200818T142741_N0214_R053_T20LMP_20200818T165705_11_19.png,0.0,0.0,0.0,0.0,0.4407615661621094,0.03664569999091327
YOLOv11l,val_S2A_MSIL2A_20200818T142741_N0214_R053_T20LMP_20200818T165705_12_04.png,0.0,0.0,0.0,0.0,0.7369194030761719,0.04045040000346489
YOLOv11l,val_S2A_MSIL2A_20200818T142741_N0214_R053_T20LMP_20200818T165705_12_05.png,0.0,0.0,0.0,0.0,0.84783935546875,0.046245899982750416
YOLOv11l,val_S2A_MSIL2A_20200818T142741_N0214_R053_T20LMP_20200818T165705_12_10.png,0.0,0.0,0.0,0.0,0.6171875,0.03474650002317503
YOLOv11l,val_S2A_MSIL2A_20200818T142741_N0214_R053_T20LMP_20200818T165705_13_04.png,0.0,0.0,0.0,0.0,0.8688697814941406,0.04501590001746081
YOLOv11l,val_S2A_MSIL2A_20200818T142741_N0214_R053_T20LMP_20200818T165705_13_06.png,0.0,0.0,0.0,0.0,0.7975654602050781,0.031727699999464676
YOLOv11l,val_S2A_MSIL2A_20200818T142741_N0214_R053_T20LMP_20200818T165705_13_14.png,0.0,0.0,0.0,0.0,0.0088043212890625,0.03473620000295341
YOLOv11l,val_S2A_MSIL2A_20200818T142741_N0214_R053_T20LMP_20200818T165705_14_02.png,0.0,0.0,0.0,0.0,0.038360595703125,0.03184810001403093
YOLOv11l,val_S2A_MSIL2A_20200818T142741_N0214_R053_T20LMP_20200818T165705_14_03.png,0.0,0.0,0.0,0.0,0.07509231567382812,0.03186790001927875
YOLOv11l,val_S2A_MSIL2A_20200818T142741_N0214_R053_T20LMP_20200818T165705_14_05.png,0.0,0.0,0.0,0.0,0.6212692260742188,0.03371360001619905
YOLOv11l,val_S2A_MSIL2A_20200818T142741_N0214_R053_T20LMP_20200818T165705_14_06.png,0.0,0.0,0.0,0.0,0.6093673706054688,0.03455069998744875
YOLOv11l,val_S2A_MSIL2A_20200818T142741_N0214_R053_T20LMP_20200818T165705_14_18.png,0.0,0.0,0.0,0.0,0.91766357421875,0.03439099999377504
YOLOv11l,val_S2A_MSIL2A_20200818T142741_N0214_R053_T20LMP_20200818T165705_15_04.png,0.0,0.0,0.0,0.0,0.11451339721679688,0.035436099977232516
YOLOv11l,val_S2A_MSIL2A_20200818T142741_N0214_R053_T20LMP_20200818T165705_15_11.png,0.0,0.0,0.0,0.0,0.05999755859375,0.031363200017949566
YOLOv11l,val_S2A_MSIL2A_20200818T142741_N0214_R053_T20LMP_20200818T165705_17_15.png,0.0,0.0,0.0,0.0,0.014156341552734375,0.03198810000321828
YOLOv11l,val_S2A_MSIL2A_20200818T142741_N0214_R053_T20LMP_20200818T165705_18_11.png,0.0,0.0,0.0,0.0,0.005931854248046875,0.04165790000115521
YOLOv11l,val_S2A_MSIL2A_20200818T142741_N0214_R053_T20LMP_20200818T165705_19_15.png,0.0,0.0,0.0,0.0,0.015415191650390625,0.03984899999340996
YOLOv11l,val_S2A_MSIL2A_20200818T142741_N0214_R053_T20LMP_20200818T165705_19_18.png,0.0,0.0,0.0,0.0,0.002880096435546875,0.03401520001352765
YOLOv11l,val_S2A_MSIL2A_20200818T142741_N0214_R053_T20LMP_20200818T165705_19_19.png,0.0,0.0,0.0,0.0,0.004863739013671875,0.03182529998593964
YOLOv11l,val_S2A_MSIL2A_20200818T142741_N0214_R053_T20LMP_20200818T165705_20_10.png,0.0,0.0,0.0,0.0,0.026947021484375,0.03319860002375208
YOLOv11l,val_S2A_MSIL2A_20200818T142741_N0214_R053_T20LMP_20200818T165705_20_16.png,0.0,0.0,0.0,0.0,0.0437469482421875,0.033868900005472824
YOLOv11l,val_S2A_MSIL2A_20200818T142741_N0214_R053_T20LMP_20200818T165705_21_21.png,0.0,0.0,0.0,0.0,0.8556594848632812,0.031189800007268786
YOLOv11l,val_S2B_MSIL2A_20200202T141649_N0213_R010_T20LQN_20200202T164215_02_07.png,0.0,0.0,0.0,0.0,0.209991455078125,0.03052120000938885
YOLOv11l,val_S2B_MSIL2A_20200202T141649_N0213_R010_T20LQN_20200202T164215_03_03.png,0.0,0.0,0.0,0.0,0.00066375732421875,0.02830740000354126
YOLOv11l,val_S2B_MSIL2A_20200202T141649_N0213_R010_T20LQN_20200202T164215_04_10.png,0.0,0.0,0.0,0.0,3.0517578125e-05,0.028564700012793764
YOLOv11l,val_S2B_MSIL2A_20200202T141649_N0213_R010_T20LQN_20200202T164215_05_07.png,0.0,0.0,0.0,0.0,0.5007591247558594,0.031907099997624755
YOLOv11l,val_S2B_MSIL2A_20200202T141649_N0213_R010_T20LQN_20200202T164215_10_02.png,0.0,0.0,0.0,0.0,0.5900344848632812,0.031489099987084046
YOLOv11l,val_S2B_MSIL2A_20200202T141649_N0213_R010_T20LQN_20200202T164215_10_03.png,0.0,0.0,0.0,0.0,0.49022674560546875,0.032173700019484386
YOLOv11l,val_S2B_MSIL2A_20200202T141649_N0213_R010_T20LQN_20200202T164215_11_04.png,0.0,0.0,0.0,0.0,0.5555915832519531,0.032643499987898394
YOLOv11l,val_S2B_MSIL2A_20200202T141649_N0213_R010_T20LQN_20200202T164215_12_07.png,0.0,0.0,0.0,0.0,0.4833641052246094,0.03148890001466498
YOLOv11l,val_S2B_MSIL2A_20200202T141649_N0213_R010_T20LQN_20200202T164215_12_14.png,0.0,0.0,0.0,0.0,0.001064300537109375,0.0288363000145182
YOLOv11x,train_S2A_MSIL2A_20200111T142701_N0213_R053_T20NQG_20200111T164651_01_07.png,0.0,0.0,0.0,0.0,0.3530769348144531,1.1798568999802228
YOLOv11x,train_S2A_MSIL2A_20200111T142701_N0213_R053_T20NQG_20200111T164651_01_13.png,0.0,0.0,0.0,0.0,0.3471565246582031,0.054432000004453585
YOLOv11x,train_S2A_MSIL2A_20200111T142701_N0213_R053_T20NQG_20200111T164651_02_03.png,0.0,0.0,0.0,0.0,0.4569206237792969,0.05823250001412816
YOLOv11x,train_S2A_MSIL2A_20200111T142701_N0213_R053_T20NQG_20200111T164651_02_04.png,0.0,0.0,0.0,0.0,0.5263519287109375,0.05704179999884218
YOLOv11x,train_S2A_MSIL2A_20200111T142701_N0213_R053_T20NQG_20200111T164651_02_07.png,0.0,0.0,0.0,0.0,0.7064704895019531,0.052013899985468015
YOLOv11x,train_S2A_MSIL2A_20200111T142701_N0213_R053_T20NQG_20200111T164651_02_10.png,0.0,0.0,0.0,0.0,0.20199203491210938,0.051455499982694164
YOLOv11x,train_S2A_MSIL2A_20200111T142701_N0213_R053_T20NQG_20200111T164651_02_11.png,0.0,0.0,0.0,0.0,0.24502944946289062,0.052674600010504946
YOLOv11x,train_S2A_MSIL2A_20200111T142701_N0213_R053_T20NQG_20200111T164651_03_05.png,0.0,0.0,0.0,0.0,0.4412269592285156,0.052052499988349155
YOLOv11x,train_S2A_MSIL2A_20200111T142701_N0213_R053_T20NQG_20200111T164651_03_06.png,0.0,0.0,0.0,0.0,0.4077720642089844,0.05378940000082366
YOLOv11x,train_S2A_MSIL2A_20200111T142701_N0213_R053_T20NQG_20200111T164651_03_11.png,0.0,0.0,0.0,0.0,0.1164703369140625,0.05330640001920983
YOLOv11x,train_S2A_MSIL2A_20200111T142701_N0213_R053_T20NQG_20200111T164651_04_07.png,0.0,0.0,0.0,0.0,0.7887382507324219,0.05237899997155182
YOLOv11x,train_S2A_MSIL2A_20200111T142701_N0213_R053_T20NQG_20200111T164651_04_08.png,0.0,0.0,0.0,0.0,0.7175750732421875,0.05127559998072684
YOLOv11x,train_S2A_MSIL2A_20200111T142701_N0213_R053_T20NQG_20200111T164651_04_09.png,0.0,0.0,0.0,0.0,0.43114471435546875,0.05187229998409748
YOLOv11x,train_S2A_MSIL2A_20200111T142701_N0213_R053_T20NQG_20200111T164651_04_10.png,0.0,0.0,0.0,0.0,0.141571044921875,0.05152390000876039
YOLOv11x,train_S2A_MSIL2A_20200111T142701_N0213_R053_T20NQG_20200111T164651_04_11.png,0.0,0.0,0.0,0.0,0.15567398071289062,0.05114820000017062
YOLOv11x,train_S2A_MSIL2A_20200111T142701_N0213_R053_T20NQG_20200111T164651_05_05.png,0.0,0.0,0.0,0.0,0.5177536010742188,0.05145159998210147
YOLOv11x,train_S2A_MSIL2A_20200111T142701_N0213_R053_T20NQG_20200111T164651_05_06.png,0.0,0.0,0.0,0.0,0.5273399353027344,0.051335299998754635
YOLOv11x,train_S2A_MSIL2A_20200111T142701_N0213_R053_T20NQG_20200111T164651_05_07.png,0.0,0.0,0.0,0.0,0.6261749267578125,0.05138809999334626
YOLOv11x,train_S2A_MSIL2A_20200111T142701_N0213_R053_T20NQG_20200111T164651_05_11.png,0.0,0.0,0.0,0.0,0.039005279541015625,0.051043399987975135
YOLOv11x,train_S2A_MSIL2A_20200111T142701_N0213_R053_T20NQG_20200111T164651_06_01.png,0.0,0.0,0.0,0.0,0.0686187744140625,0.052809399989200756
YOLOv11x,train_S2A_MSIL2A_20200111T142701_N0213_R053_T20NQG_20200111T164651_06_06.png,0.0,0.0,0.0,0.0,0.215728759765625,0.05138160000205971
YOLOv11x,train_S2A_MSIL2A_20200111T142701_N0213_R053_T20NQG_20200111T164651_06_07.png,0.0,0.0,0.0,0.0,0.3458747863769531,0.05132530000992119
YOLOv11x,train_S2A_MSIL2A_20200111T142701_N0213_R053_T20NQG_20200111T164651_06_09.png,0.0,0.0,0.0,0.0,0.43194580078125,0.0530832999793347
YOLOv11x,train_S2A_MSIL2A_20200111T142701_N0213_R053_T20NQG_20200111T164651_06_10.png,0.0,0.0,0.0,0.0,0.056148529052734375,0.0521432000095956
YOLOv11x,train_S2A_MSIL2A_20200111T142701_N0213_R053_T20NQG_20200111T164651_06_13.png,0.0,0.0,0.0,0.0,0.3239173889160156,0.051609499991172925
YOLOv11x,train_S2A_MSIL2A_20200111T142701_N0213_R053_T20NQG_20200111T164651_06_14.png,0.0,0.0,0.0,0.0,0.47252655029296875,0.05143430002499372
YOLOv11x,train_S2A_MSIL2A_20200111T142701_N0213_R053_T20NQG_20200111T164651_07_01.png,0.0,0.0,0.0,0.0,0.2826194763183594,0.05194909998681396
YOLOv11x,train_S2A_MSIL2A_20200111T142701_N0213_R053_T20NQG_20200111T164651_07_02.png,0.0,0.0,0.0,0.0,0.18778610229492188,0.05128899999544956
YOLOv11x,train_S2A_MSIL2A_20200111T142701_N0213_R053_T20NQG_20200111T164651_07_03.png,0.0,0.0,0.0,0.0,0.03110504150390625,0.05143859999952838
YOLOv11x,train_S2A_MSIL2A_20200111T142701_N0213_R053_T20NQG_20200111T164651_07_04.png,0.0,0.0,0.0,0.0,0.17401504516601562,0.052509100001771
YOLOv11x,train_S2A_MSIL2A_20200111T142701_N0213_R053_T20NQG_20200111T164651_07_05.png,0.0,0.0,0.0,0.0,0.3530120849609375,0.054744599998230115
YOLOv11x,train_S2A_MSIL2A_20200111T142701_N0213_R053_T20NQG_20200111T164651_07_06.png,0.0,0.0,0.0,0.0,0.30918121337890625,0.051676200004294515
YOLOv11x,train_S2A_MSIL2A_20200111T142701_N0213_R053_T20NQG_20200111T164651_07_09.png,0.0,0.0,0.0,0.0,0.15800094604492188,0.05489890000899322
YOLOv11x,train_S2A_MSIL2A_20200111T142701_N0213_R053_T20NQG_20200111T164651_07_11.png,0.0,0.0,0.0,0.0,0.24077987670898438,0.05345329997362569
YOLOv11x,train_S2A_MSIL2A_20200111T142701_N0213_R053_T20NQG_20200111T164651_07_12.png,0.0,0.0,0.0,0.0,0.29520416259765625,0.050861199997598305
YOLOv11x,train_S2A_MSIL2A_20200111T142701_N0213_R053_T20NQG_20200111T164651_07_13.png,0.0,0.0,0.0,0.0,0.1963348388671875,0.051184400013880804
YOLOv11x,train_S2A_MSIL2A_20200111T142701_N0213_R053_T20NQG_20200111T164651_07_14.png,0.0,0.0,0.0,0.0,0.3779945373535156,0.05055400001583621
YOLOv11x,train_S2A_MSIL2A_20200111T142701_N0213_R053_T20NQG_20200111T164651_07_15.png,0.0,0.0,0.0,0.0,0.5633964538574219,0.05213349999394268
YOLOv11x,train_S2A_MSIL2A_20200111T142701_N0213_R053_T20NQG_20200111T164651_08_01.png,0.0,0.0,0.0,0.0,0.0770263671875,0.05234549997840077
YOLOv11x,train_S2A_MSIL2A_20200111T142701_N0213_R053_T20NQG_20200111T164651_08_09.png,0.0,0.0,0.0,0.0,0.4984779357910156,0.05138039999292232
YOLOv11x,train_S2A_MSIL2A_20200111T142701_N0213_R053_T20NQG_20200111T164651_08_10.png,0.0,0.0,0.0,0.0,0.5098724365234375,0.051982599979965016
YOLOv11x,train_S2A_MSIL2A_20200111T142701_N0213_R053_T20NQG_20200111T164651_08_14.png,0.0,0.0,0.0,0.0,0.2684593200683594,0.05261630000313744
YOLOv11x,train_S2A_MSIL2A_20200111T142701_N0213_R053_T20NQG_20200111T164651_09_01.png,0.0,0.0,0.0,0.0,0.22026443481445312,0.051068800006760284
YOLOv11x,train_S2A_MSIL2A_20200111T142701_N0213_R053_T20NQG_20200111T164651_09_02.png,0.0,0.0,0.0,0.0,0.36429595947265625,0.052075200015679
YOLOv11x,train_S2A_MSIL2A_20200111T142701_N0213_R053_T20NQG_20200111T164651_09_03.png,0.0,0.0,0.0,0.0,0.9452667236328125,0.051757700013695285
YOLOv11x,train_S2A_MSIL2A_20200111T142701_N0213_R053_T20NQG_20200111T164651_09_07.png,0.0,0.0,0.0,0.0,0.7738838195800781,0.05161960000987165
YOLOv11x,train_S2A_MSIL2A_20200111T142701_N0213_R053_T20NQG_20200111T164651_09_08.png,0.0,0.0,0.0,0.0,0.4558258056640625,0.05105879998882301
YOLOv11x,train_S2A_MSIL2A_20200111T142701_N0213_R053_T20NQG_20200111T164651_09_09.png,0.0,0.0,0.0,0.0,0.16601943969726562,0.0523453000059817
YOLOv11x,train_S2A_MSIL2A_20200111T142701_N0213_R053_T20NQG_20200111T164651_09_10.png,0.0,0.0,0.0,0.0,0.04801177978515625,0.05216469999868423
YOLOv11x,train_S2A_MSIL2A_20200111T142701_N0213_R053_T20NQG_20200111T164651_09_12.png,0.0,0.0,0.0,0.0,0.4818115234375,0.05213349999394268
YOLOv11x,train_S2A_MSIL2A_20200111T142701_N0213_R053_T20NQG_20200111T164651_09_13.png,0.0,0.0,0.0,0.0,0.6373748779296875,0.05136330000823364
YOLOv11x,train_S2A_MSIL2A_20200111T142701_N0213_R053_T20NQG_20200111T164651_09_15.png,0.0,0.0,0.0,0.0,0.4093513488769531,0.051078899996355176
YOLOv11x,train_S2A_MSIL2A_20200111T142701_N0213_R053_T20NQG_20200111T164651_09_16.png,0.0,0.0,0.0,0.0,0.6817550659179688,0.051529599993955344
YOLOv11x,train_S2A_MSIL2A_20200111T142701_N0213_R053_T20NQG_20200111T164651_10_01.png,0.0,0.0,0.0,0.0,0.102935791015625,0.05255590000888333
YOLOv11x,train_S2A_MSIL2A_20200111T142701_N0213_R053_T20NQG_20200111T164651_10_02.png,0.0,0.0,0.0,0.0,0.7704010009765625,0.05245180000201799
YOLOv11x,train_S2A_MSIL2A_20200111T142701_N0213_R053_T20NQG_20200111T164651_10_03.png,0.0,0.0,0.0,0.0,0.9815711975097656,0.05156880000140518
YOLOv11x,train_S2A_MSIL2A_20200111T142701_N0213_R053_T20NQG_20200111T164651_10_04.png,0.0,0.0,0.0,0.0,0.9831466674804688,0.05247070000041276
YOLOv11x,train_S2A_MSIL2A_20200111T142701_N0213_R053_T20NQG_20200111T164651_10_09.png,0.0,0.0,0.0,0.0,0.32759857177734375,0.05294490000233054
YOLOv11x,train_S2A_MSIL2A_20200111T142701_N0213_R053_T20NQG_20200111T164651_10_11.png,0.0,0.0,0.0,0.0,0.103546142578125,0.052290899999206886
YOLOv11x,train_S2A_MSIL2A_20200111T142701_N0213_R053_T20NQG_20200111T164651_10_12.png,0.0,0.0,0.0,0.0,0.14123916625976562,0.05176549998577684
YOLOv11x,train_S2A_MSIL2A_20200111T142701_N0213_R053_T20NQG_20200111T164651_10_17.png,0.0,0.0,0.0,0.0,0.4242362976074219,0.056938800000352785
YOLOv11x,train_S2A_MSIL2A_20200111T142701_N0213_R053_T20NQG_20200111T164651_11_02.png,0.0,0.0,0.0,0.0,0.5790252685546875,0.05543819998274557
YOLOv11x,train_S2A_MSIL2A_20200111T142701_N0213_R053_T20NQG_20200111T164651_11_03.png,0.0,0.0,0.0,0.0,0.9728775024414062,0.05356050000409596
YOLOv11x,train_S2A_MSIL2A_20200111T142701_N0213_R053_T20NQG_20200111T164651_11_05.png,0.0,0.0,0.0,0.0,0.9405403137207031,0.053193100000498816
YOLOv11x,train_S2A_MSIL2A_20200111T142701_N0213_R053_T20NQG_20200111T164651_11_07.png,0.0,0.0,0.0,0.0,0.27191162109375,0.05299209998338483
YOLOv11x,train_S2A_MSIL2A_20200111T142701_N0213_R053_T20NQG_20200111T164651_11_10.png,0.0,0.0,0.0,0.0,0.46007537841796875,0.0545974999840837
YOLOv11x,train_S2A_MSIL2A_20200111T142701_N0213_R053_T20NQG_20200111T164651_11_11.png,0.0,0.0,0.0,0.0,0.19601058959960938,0.05186810001032427
YOLOv11x,train_S2A_MSIL2A_20200111T142701_N0213_R053_T20NQG_20200111T164651_11_14.png,0.0,0.0,0.0,0.0,0.6617965698242188,0.05282469998928718
YOLOv11x,train_S2A_MSIL2A_20200111T142701_N0213_R053_T20NQG_20200111T164651_11_17.png,0.0,0.0,0.0,0.0,0.25260162353515625,0.05548310000449419
YOLOv11x,train_S2A_MSIL2A_20200111T142701_N0213_R053_T20NQG_20200111T164651_11_18.png,0.0,0.0,0.0,0.0,0.07268142700195312,0.05716600001323968
YOLOv11x,train_S2A_MSIL2A_20200111T142701_N0213_R053_T20NQG_20200111T164651_12_01.png,0.0,0.0,0.0,0.0,0.13274765014648438,0.05110820001573302
YOLOv11x,train_S2A_MSIL2A_20200111T142701_N0213_R053_T20NQG_20200111T164651_12_02.png,0.0,0.0,0.0,0.0,0.83721923828125,0.05227870002272539
YOLOv11x,train_S2A_MSIL2A_20200111T142701_N0213_R053_T20NQG_20200111T164651_12_05.png,0.0,0.0,0.0,0.0,0.9055404663085938,0.056119399989256635
YOLOv11x,train_S2A_MSIL2A_20200111T142701_N0213_R053_T20NQG_20200111T164651_12_07.png,0.0,0.0,0.0,0.0,0.5934982299804688,0.052923599985660985
YOLOv11x,train_S2A_MSIL2A_20200111T142701_N0213_R053_T20NQG_20200111T164651_12_11.png,0.0,0.0,0.0,0.0,0.4411125183105469,0.05212529998971149
YOLOv11x,train_S2A_MSIL2A_20200111T142701_N0213_R053_T20NQG_20200111T164651_12_14.png,0.0,0.0,0.0,0.0,0.19156646728515625,0.05247639998560771
YOLOv11x,train_S2A_MSIL2A_20200111T142701_N0213_R053_T20NQG_20200111T164651_12_15.png,0.0,0.0,0.0,0.0,0.41959381103515625,0.054704700014553964
YOLOv11x,train_S2A_MSIL2A_20200111T142701_N0213_R053_T20NQG_20200111T164651_13_02.png,0.0,0.0,0.0,0.0,0.8151397705078125,0.054236299998592585
YOLOv11x,train_S2A_MSIL2A_20200111T142701_N0213_R053_T20NQG_20200111T164651_13_05.png,0.0,0.0,0.0,0.0,0.922576904296875,0.05199399997945875
YOLOv11x,train_S2A_MSIL2A_20200111T142701_N0213_R053_T20NQG_20200111T164651_13_06.png,0.0,0.0,0.0,0.0,0.5809822082519531,0.05150359999970533
YOLOv11x,train_S2A_MSIL2A_20200111T142701_N0213_R053_T20NQG_20200111T164651_13_07.png,0.0,0.0,0.0,0.0,0.5353012084960938,0.051098099997034296
YOLOv11x,train_S2A_MSIL2A_20200111T142701_N0213_R053_T20NQG_20200111T164651_13_08.png,0.0,0.0,0.0,0.0,0.6240081787109375,0.05106030000024475
YOLOv11x,train_S2A_MSIL2A_20200111T142701_N0213_R053_T20NQG_20200111T164651_13_10.png,0.0,0.0,0.0,0.0,0.8109512329101562,0.051267000002553686
YOLOv11x,train_S2A_MSIL2A_20200111T142701_N0213_R053_T20NQG_20200111T164651_13_13.png,0.0,0.0,0.0,0.0,0.3660850524902344,0.05303709997679107
YOLOv11x,train_S2A_MSIL2A_20200111T142701_N0213_R053_T20NQG_20200111T164651_13_14.png,0.0,0.0,0.0,0.0,0.3474540710449219,0.05139799998141825
YOLOv11x,train_S2A_MSIL2A_20200111T142701_N0213_R053_T20NQG_20200111T164651_13_16.png,0.0,0.0,0.0,0.0,0.24831390380859375,0.053437899972777814
YOLOv11x,train_S2A_MSIL2A_20200111T142701_N0213_R053_T20NQG_20200111T164651_14_01.png,0.0,0.0,0.0,0.0,0.3625946044921875,0.052310099999886006
YOLOv11x,train_S2A_MSIL2A_20200111T142701_N0213_R053_T20NQG_20200111T164651_14_08.png,0.0,0.0,0.0,0.0,0.9360275268554688,0.050476100004743785
YOLOv11x,train_S2A_MSIL2A_20200111T142701_N0213_R053_T20NQG_20200111T164651_14_11.png,0.0,0.0,0.0,0.0,0.7055015563964844,0.053671699977712706
YOLOv11x,train_S2A_MSIL2A_20200111T142701_N0213_R053_T20NQG_20200111T164651_15_02.png,0.0,0.0,0.0,0.0,0.7300567626953125,0.053289800009224564
YOLOv11x,train_S2A_MSIL2A_20200111T142701_N0213_R053_T20NQG_20200111T164651_15_03.png,0.0,0.0,0.0,0.0,0.9664230346679688,0.05098199998610653
YOLOv11x,train_S2A_MSIL2A_20200111T142701_N0213_R053_T20NQG_20200111T164651_15_13.png,0.0,0.0,0.0,0.0,0.20359420776367188,0.050065799994627014
YOLOv11x,train_S2A_MSIL2A_20200111T142701_N0213_R053_T20NQG_20200111T164651_17_01.png,0.0,0.0,0.0,0.0,0.3895759582519531,0.05427839999902062
YOLOv11x,train_S2A_MSIL2A_20200115T140641_N0213_R110_T21LUH_20200115T163049_01_09.png,0.0,0.0,0.0,0.0,0.778228759765625,0.05865960000664927
YOLOv11x,train_S2A_MSIL2A_20200115T140641_N0213_R110_T21LUH_20200115T163049_02_09.png,0.0,0.0,0.0,0.0,0.9186058044433594,0.05305899999802932
YOLOv11x,train_S2A_MSIL2A_20200115T140641_N0213_R110_T21LUH_20200115T163049_03_03.png,0.0,0.0,0.0,0.0,0.87542724609375,0.05428010001196526
YOLOv11x,train_S2A_MSIL2A_20200115T140641_N0213_R110_T21LUH_20200115T163049_03_05.png,0.0,0.0,0.0,0.0,0.5654335021972656,0.04979619997902773
YOLOv11x,train_S2A_MSIL2A_20200115T140641_N0213_R110_T21LUH_20200115T163049_03_08.png,0.0,0.0,0.0,0.0,0.7925148010253906,0.051049300003796816
YOLOv11x,train_S2A_MSIL2A_20200115T140641_N0213_R110_T21LUH_20200115T163049_03_09.png,0.0,0.0,0.0,0.0,0.8455810546875,0.05073849999462254
YOLOv11x,train_S2A_MSIL2A_20200115T140641_N0213_R110_T21LUH_20200115T163049_04_02.png,0.0,0.0,0.0,0.0,0.7999000549316406,0.053494099993258715
YOLOv11x,train_S2A_MSIL2A_20200115T140641_N0213_R110_T21LUH_20200115T163049_04_06.png,0.0,0.0,0.0,0.0,0.44110870361328125,0.055469300015829504
YOLOv11x,train_S2A_MSIL2A_20200115T140641_N0213_R110_T21LUH_20200115T163049_04_07.png,0.0,0.0,0.0,0.0,0.7932281494140625,0.05342019998352043
YOLOv11x,train_S2A_MSIL2A_20200115T140641_N0213_R110_T21LUH_20200115T163049_04_08.png,0.0,0.0,0.0,0.0,0.4847869873046875,0.05271600000560284
YOLOv11x,train_S2A_MSIL2A_20200115T140641_N0213_R110_T21LUH_20200115T163049_04_09.png,0.0,0.0,0.0,0.0,0.42235565185546875,0.05139340000459924
YOLOv11x,train_S2A_MSIL2A_20200115T140641_N0213_R110_T21LUH_20200115T163049_04_11.png,0.0,0.0,0.0,0.0,0.011505126953125,0.05109059999813326
YOLOv11x,train_S2A_MSIL2A_20200115T140641_N0213_R110_T21LUH_20200115T163049_04_12.png,0.0,0.0,0.0,0.0,0.10044097900390625,0.05139140001847409
YOLOv11x,train_S2A_MSIL2A_20200115T140641_N0213_R110_T21LUH_20200115T163049_04_13.png,0.0,0.0,0.0,0.0,0.6615219116210938,0.05179110000608489
YOLOv11x,train_S2A_MSIL2A_20200115T140641_N0213_R110_T21LUH_20200115T163049_04_14.png,0.0,0.0,0.0,0.0,0.7066192626953125,0.05251070001395419
YOLOv11x,train_S2A_MSIL2A_20200115T140641_N0213_R110_T21LUH_20200115T163049_04_15.png,0.0,0.0,0.0,0.0,0.5383720397949219,0.05562969998572953
YOLOv11x,train_S2A_MSIL2A_20200115T140641_N0213_R110_T21LUH_20200115T163049_05_02.png,0.0,0.0,0.0,0.0,0.752685546875,0.05448739998973906
YOLOv11x,train_S2A_MSIL2A_20200115T140641_N0213_R110_T21LUH_20200115T163049_05_03.png,0.0,0.0,0.0,0.0,0.8507347106933594,0.05179110000608489
YOLOv11x,train_S2A_MSIL2A_20200115T140641_N0213_R110_T21LUH_20200115T163049_05_06.png,0.0,0.0,0.0,0.0,0.8393707275390625,0.054987499985145405
YOLOv11x,train_S2A_MSIL2A_20200115T140641_N0213_R110_T21LUH_20200115T163049_05_08.png,0.0,0.0,0.0,0.0,0.36643218994140625,0.05564350000349805
YOLOv11x,train_S2A_MSIL2A_20200115T140641_N0213_R110_T21LUH_20200115T163049_05_09.png,0.0,0.0,0.0,0.0,0.5567665100097656,0.05718549998709932
YOLOv11x,train_S2A_MSIL2A_20200115T140641_N0213_R110_T21LUH_20200115T163049_05_10.png,0.0,0.0,0.0,0.0,0.39870452880859375,0.056292300025234
YOLOv11x,train_S2A_MSIL2A_20200115T140641_N0213_R110_T21LUH_20200115T163049_06_06.png,0.0,0.0,0.0,0.0,0.85540771484375,0.054980099987005815
YOLOv11x,train_S2A_MSIL2A_20200115T140641_N0213_R110_T21LUH_20200115T163049_06_09.png,0.0,0.0,0.0,0.0,0.7356643676757812,0.05200879997573793
YOLOv11x,train_S2A_MSIL2A_20200115T140641_N0213_R110_T21LUH_20200115T163049_07_04.png,0.0,0.0,0.0,0.0,0.9059982299804688,0.05748210000456311
YOLOv11x,train_S2A_MSIL2A_20200115T140641_N0213_R110_T21LUH_20200115T163049_07_06.png,0.0,0.0,0.0,0.0,0.8539352416992188,0.057292699988465756
YOLOv11x,train_S2A_MSIL2A_20200115T140641_N0213_R110_T21LUH_20200115T163049_07_13.png,0.0,0.0,0.0,0.0,0.7373542785644531,0.05807009999989532
YOLOv11x,train_S2A_MSIL2A_20200115T140641_N0213_R110_T21LUH_20200115T163049_08_03.png,0.0,0.0,0.0,0.0,0.8485450744628906,0.052277699986007065
YOLOv11x,train_S2A_MSIL2A_20200115T140641_N0213_R110_T21LUH_20200115T163049_08_04.png,0.0,0.0,0.0,0.0,0.8818855285644531,0.061042899993481115
YOLOv11x,train_S2A_MSIL2A_20200115T140641_N0213_R110_T21LUH_20200115T163049_08_05.png,0.0,0.0,0.0,0.0,0.7808609008789062,0.05621959999552928
YOLOv11x,train_S2A_MSIL2A_20200115T140641_N0213_R110_T21LUH_20200115T163049_08_06.png,0.0,0.0,0.0,0.0,0.8946342468261719,0.05331240000668913
YOLOv11x,train_S2A_MSIL2A_20200115T140641_N0213_R110_T21LUH_20200115T163049_09_06.png,0.0,0.0,0.0,0.0,0.8294334411621094,0.05229160000453703
YOLOv11x,train_S2A_MSIL2A_20200115T140641_N0213_R110_T21LUH_20200115T163049_16_11.png,0.0,0.0,0.0,0.0,0.6166152954101562,0.05658959998982027
YOLOv11x,train_S2A_MSIL2A_20200217T141651_N0209_R010_T20LQN_20200217T160045_02_11.png,0.0,0.0,0.0,0.0,0.08388519287109375,0.053723799996078014
YOLOv11x,train_S2A_MSIL2A_20200217T141651_N0209_R010_T20LQN_20200217T160045_02_15.png,0.0,0.0,0.0,0.0,0.3261451721191406,0.05966520000947639
YOLOv11x,train_S2A_MSIL2A_20200217T141651_N0209_R010_T20LQN_20200217T160045_02_16.png,0.0,0.0,0.0,0.0,0.22451400756835938,0.05571420001797378
YOLOv11x,train_S2A_MSIL2A_20200217T141651_N0209_R010_T20LQN_20200217T160045_02_17.png,0.0,0.0,0.0,0.0,0.23914337158203125,0.055482600000686944
YOLOv11x,train_S2A_MSIL2A_20200217T141651_N0209_R010_T20LQN_20200217T160045_02_21.png,0.0,0.0,0.0,0.0,0.18035125732421875,0.06420739999157377
YOLOv11x,train_S2A_MSIL2A_20200217T141651_N0209_R010_T20LQN_20200217T160045_03_02.png,0.0,0.0,0.0,0.0,0.046100616455078125,0.05485240000416525
YOLOv11x,train_S2A_MSIL2A_20200217T141651_N0209_R010_T20LQN_20200217T160045_03_13.png,0.0,0.0,0.0,0.0,0.14628219604492188,0.0536011999938637
YOLOv11x,train_S2A_MSIL2A_20200217T141651_N0209_R010_T20LQN_20200217T160045_03_14.png,0.0,0.0,0.0,0.0,0.21979522705078125,0.05138799999258481
YOLOv11x,train_S2A_MSIL2A_20200217T141651_N0209_R010_T20LQN_20200217T160045_03_15.png,0.0,0.0,0.0,0.0,0.1883392333984375,0.05728169999201782
YOLOv11x,train_S2A_MSIL2A_20200217T141651_N0209_R010_T20LQN_20200217T160045_03_17.png,0.0,0.0,0.0,0.0,0.2412872314453125,0.051577000005636364
YOLOv11x,train_S2A_MSIL2A_20200217T141651_N0209_R010_T20LQN_20200217T160045_03_19.png,0.0,0.0,0.0,0.0,0.11525726318359375,0.05123829998774454
YOLOv11x,train_S2A_MSIL2A_20200217T141651_N0209_R010_T20LQN_20200217T160045_03_21.png,0.0,0.0,0.0,0.0,0.16643142700195312,0.05049579998012632
YOLOv11x,train_S2A_MSIL2A_20200217T141651_N0209_R010_T20LQN_20200217T160045_04_15.png,0.0,0.0,0.0,0.0,0.2323150634765625,0.05038299999432638
YOLOv11x,train_S2A_MSIL2A_20200217T141651_N0209_R010_T20LQN_20200217T160045_04_16.png,0.0,0.0,0.0,0.0,0.12780380249023438,0.049808000010671094
YOLOv11x,train_S2A_MSIL2A_20200217T141651_N0209_R010_T20LQN_20200217T160045_04_17.png,0.0,0.0,0.0,0.0,0.30376434326171875,0.05262539998511784
YOLOv11x,train_S2A_MSIL2A_20200217T141651_N0209_R010_T20LQN_20200217T160045_04_21.png,0.0,0.0,0.0,0.0,0.165802001953125,0.049905499996384606
YOLOv11x,train_S2A_MSIL2A_20200217T141651_N0209_R010_T20LQN_20200217T160045_05_01.png,0.0,0.0,0.0,0.0,0.023708343505859375,0.047823900007642806
YOLOv11x,train_S2A_MSIL2A_20200217T141651_N0209_R010_T20LQN_20200217T160045_05_16.png,0.0,0.0,0.0,0.0,0.10461044311523438,0.04920270000002347
YOLOv11x,train_S2A_MSIL2A_20200217T141651_N0209_R010_T20LQN_20200217T160045_05_17.png,0.0,0.0,0.0,0.0,0.21310806274414062,0.04996760000358336
YOLOv11x,train_S2A_MSIL2A_20200217T141651_N0209_R010_T20LQN_20200217T160045_05_18.png,0.0,0.0,0.0,0.0,0.2457122802734375,0.05068410001695156
YOLOv11x,train_S2A_MSIL2A_20200217T141651_N0209_R010_T20LQN_20200217T160045_05_20.png,0.0,0.0,0.0,0.0,0.13541793823242188,0.05036719999043271
YOLOv11x,train_S2A_MSIL2A_20200217T141651_N0209_R010_T20LQN_20200217T160045_05_21.png,0.0,0.0,0.0,0.0,0.08465957641601562,0.049158900015754625
YOLOv11x,train_S2A_MSIL2A_20200217T141651_N0209_R010_T20LQN_20200217T160045_06_01.png,0.0,0.0,0.0,0.0,0.013675689697265625,0.04851210000924766
YOLOv11x,train_S2A_MSIL2A_20200217T141651_N0209_R010_T20LQN_20200217T160045_06_13.png,0.0,0.0,0.0,0.0,0.149871826171875,0.04971670001395978
YOLOv11x,train_S2A_MSIL2A_20200217T141651_N0209_R010_T20LQN_20200217T160045_06_14.png,0.0,0.0,0.0,0.0,0.17390823364257812,0.05326820001937449
YOLOv11x,train_S2A_MSIL2A_20200217T141651_N0209_R010_T20LQN_20200217T160045_06_16.png,0.0,0.0,0.0,0.0,0.1207733154296875,0.05048000000533648
YOLOv11x,train_S2A_MSIL2A_20200217T141651_N0209_R010_T20LQN_20200217T160045_06_17.png,0.0,0.0,0.0,0.0,0.15506362915039062,0.05052079999586567
YOLOv11x,train_S2A_MSIL2A_20200217T141651_N0209_R010_T20LQN_20200217T160045_06_18.png,0.0,0.0,0.0,0.0,0.2757377624511719,0.051446400000713766
YOLOv11x,train_S2A_MSIL2A_20200217T141651_N0209_R010_T20LQN_20200217T160045_06_19.png,0.0,0.0,0.0,0.0,0.18827438354492188,0.054751899995608255
YOLOv11x,train_S2A_MSIL2A_20200217T141651_N0209_R010_T20LQN_20200217T160045_06_20.png,0.0,0.0,0.0,0.0,0.07634353637695312,0.05547289998503402
YOLOv11x,train_S2A_MSIL2A_20200217T141651_N0209_R010_T20LQN_20200217T160045_07_01.png,0.0,0.0,0.0,0.0,0.019489288330078125,0.05094779998762533
YOLOv11x,train_S2A_MSIL2A_20200217T141651_N0209_R010_T20LQN_20200217T160045_07_03.png,0.0,0.0,0.0,0.0,0.6674003601074219,0.052211100002750754
YOLOv11x,train_S2A_MSIL2A_20200217T141651_N0209_R010_T20LQN_20200217T160045_07_04.png,0.0,0.0,0.0,0.0,0.5941619873046875,0.05143720001797192
YOLOv11x,train_S2A_MSIL2A_20200217T141651_N0209_R010_T20LQN_20200217T160045_07_09.png,0.0,0.0,0.0,0.0,0.5820693969726562,0.05221039999742061
YOLOv11x,train_S2A_MSIL2A_20200217T141651_N0209_R010_T20LQN_20200217T160045_07_16.png,0.0,0.0,0.0,0.0,0.15284347534179688,0.05005340001662262
YOLOv11x,train_S2A_MSIL2A_20200217T141651_N0209_R010_T20LQN_20200217T160045_07_18.png,0.0,0.0,0.0,0.0,0.11272430419921875,0.0510915000049863
YOLOv11x,train_S2A_MSIL2A_20200217T141651_N0209_R010_T20LQN_20200217T160045_07_19.png,0.0,0.0,0.0,0.0,0.0860748291015625,0.05020080000394955
YOLOv11x,train_S2A_MSIL2A_20200217T141651_N0209_R010_T20LQN_20200217T160045_07_20.png,0.0,0.0,0.0,0.0,0.07149124145507812,0.048601899994537234
YOLOv11x,train_S2A_MSIL2A_20200217T141651_N0209_R010_T20LQN_20200217T160045_07_21.png,0.0,0.0,0.0,0.0,0.00902557373046875,0.04754070000490174
YOLOv11x,train_S2A_MSIL2A_20200217T141651_N0209_R010_T20LQN_20200217T160045_08_01.png,0.0,0.0,0.0,0.0,0.05231475830078125,0.052462999999988824
YOLOv11x,train_S2A_MSIL2A_20200217T141651_N0209_R010_T20LQN_20200217T160045_08_05.png,0.0,0.0,0.0,0.0,0.6326637268066406,0.056148900010157377
YOLOv11x,train_S2A_MSIL2A_20200217T141651_N0209_R010_T20LQN_20200217T160045_08_15.png,0.0,0.0,0.0,0.0,0.11957931518554688,0.0494845999928657
YOLOv11x,train_S2A_MSIL2A_20200217T141651_N0209_R010_T20LQN_20200217T160045_08_16.png,0.0,0.0,0.0,0.0,0.14166641235351562,0.04922790001728572
YOLOv11x,train_S2A_MSIL2A_20200217T141651_N0209_R010_T20LQN_20200217T160045_08_17.png,0.0,0.0,0.0,0.0,0.08797454833984375,0.04902170001878403
YOLOv11x,train_S2A_MSIL2A_20200217T141651_N0209_R010_T20LQN_20200217T160045_08_19.png,0.0,0.0,0.0,0.0,0.06853485107421875,0.04981490000500344
YOLOv11x,train_S2A_MSIL2A_20200217T141651_N0209_R010_T20LQN_20200217T160045_08_20.png,0.0,0.0,0.0,0.0,0.11135101318359375,0.04837100001168437
YOLOv11x,train_S2A_MSIL2A_20200217T141651_N0209_R010_T20LQN_20200217T160045_08_21.png,0.0,0.0,0.0,0.0,0.06832122802734375,0.05281890000333078
YOLOv11x,train_S2A_MSIL2A_20200217T141651_N0209_R010_T20LQN_20200217T160045_09_03.png,0.0,0.0,0.0,0.0,0.7809410095214844,0.059152100002393126
YOLOv11x,train_S2A_MSIL2A_20200217T141651_N0209_R010_T20LQN_20200217T160045_09_09.png,0.0,0.0,0.0,0.0,0.3722991943359375,0.05487379999249242
YOLOv11x,train_S2A_MSIL2A_20200217T141651_N0209_R010_T20LQN_20200217T160045_09_10.png,0.0,0.0,0.0,0.0,0.166259765625,0.050138199992943555
YOLOv11x,train_S2A_MSIL2A_20200217T141651_N0209_R010_T20LQN_20200217T160045_09_13.png,0.0,0.0,0.0,0.0,0.20078277587890625,0.04969719998189248
YOLOv11x,train_S2A_MSIL2A_20200217T141651_N0209_R010_T20LQN_20200217T160045_09_16.png,0.0,0.0,0.0,0.0,0.16383743286132812,0.04947379999794066
YOLOv11x,train_S2A_MSIL2A_20200217T141651_N0209_R010_T20LQN_20200217T160045_09_17.png,0.0,0.0,0.0,0.0,0.07339096069335938,0.04915109998546541
YOLOv11x,train_S2A_MSIL2A_20200217T141651_N0209_R010_T20LQN_20200217T160045_09_20.png,0.009520850702364286,0.01886211799536433,0.9754230459307011,0.00952313520019825,0.039218902587890625,0.04920690000290051
YOLOv11x,train_S2A_MSIL2A_20200217T141651_N0209_R010_T20LQN_20200217T160045_10_08.png,0.0,0.0,0.0,0.0,0.5512657165527344,0.05173740000464022
YOLOv11x,train_S2A_MSIL2A_20200217T141651_N0209_R010_T20LQN_20200217T160045_10_09.png,0.0,0.0,0.0,0.0,0.5527610778808594,0.05141119999461807
YOLOv11x,train_S2A_MSIL2A_20200217T141651_N0209_R010_T20LQN_20200217T160045_10_12.png,0.0,0.0,0.0,0.0,0.10916519165039062,0.0492859999940265
YOLOv11x,train_S2A_MSIL2A_20200217T141651_N0209_R010_T20LQN_20200217T160045_10_13.png,0.0,0.0,0.0,0.0,0.0510101318359375,0.04851220001000911
YOLOv11x,train_S2A_MSIL2A_20200217T141651_N0209_R010_T20LQN_20200217T160045_11_06.png,0.0,0.0,0.0,0.0,0.6334953308105469,0.05238899998948909
YOLOv11x,train_S2A_MSIL2A_20200217T141651_N0209_R010_T20LQN_20200217T160045_11_09.png,0.0,0.0,0.0,0.0,0.6861228942871094,0.05171559998416342
YOLOv11x,train_S2A_MSIL2A_20200217T141651_N0209_R010_T20LQN_20200217T160045_11_16.png,0.0,0.0,0.0,0.0,0.18502426147460938,0.05098400000133552
YOLOv11x,train_S2A_MSIL2A_20200217T141651_N0209_R010_T20LQN_20200217T160045_12_01.png,0.0,0.0,0.0,0.0,0.8796463012695312,0.05168860001140274
YOLOv11x,train_S2A_MSIL2A_20200217T141651_N0209_R010_T20LQN_20200217T160045_12_02.png,0.0,0.0,0.0,0.0,0.8058967590332031,0.051591600000392646
YOLOv11x,train_S2A_MSIL2A_20200217T141651_N0209_R010_T20LQN_20200217T160045_12_05.png,0.0,0.0,0.0,0.0,0.6573333740234375,0.052007999998750165
YOLOv11x,train_S2A_MSIL2A_20200217T141651_N0209_R010_T20LQN_20200217T160045_12_12.png,0.0,0.0,0.0,0.0,0.0946197509765625,0.0498778999899514
YOLOv11x,train_S2A_MSIL2A_20200217T141651_N0209_R010_T20LQN_20200217T160045_12_13.png,0.0,0.0,0.0,0.0,0.22690200805664062,0.04814780000015162
YOLOv11x,train_S2A_MSIL2A_20200217T141651_N0209_R010_T20LQN_20200217T160045_12_14.png,0.0,0.0,0.0,0.0,0.23343658447265625,0.052996100013842806
YOLOv11x,train_S2A_MSIL2A_20200217T141651_N0209_R010_T20LQN_20200217T160045_12_17.png,0.0,0.0,0.0,0.0,0.11527252197265625,0.05385029999888502
YOLOv11x,train_S2A_MSIL2A_20200217T141651_N0209_R010_T20LQN_20200217T160045_12_18.png,0.0,0.0,0.0,0.0,0.1836700439453125,0.048397400008980185
YOLOv11x,train_S2A_MSIL2A_20200217T141651_N0209_R010_T20LQN_20200217T160045_13_02.png,0.0,0.0,0.0,0.0,0.8039321899414062,0.05279849999351427
YOLOv11x,train_S2A_MSIL2A_20200217T141651_N0209_R010_T20LQN_20200217T160045_13_03.png,0.0,0.0,0.0,0.0,0.6495742797851562,0.05161339999176562
YOLOv11x,train_S2A_MSIL2A_20200217T141651_N0209_R010_T20LQN_20200217T160045_13_04.png,0.0,0.0,0.0,0.0,0.7624549865722656,0.052559400006430224
YOLOv11x,train_S2A_MSIL2A_20200217T141651_N0209_R010_T20LQN_20200217T160045_13_10.png,0.0,0.0,0.0,0.0,0.5954322814941406,0.052562199998646975
YOLOv11x,train_S2A_MSIL2A_20200217T141651_N0209_R010_T20LQN_20200217T160045_13_13.png,0.0,0.0,0.0,0.0,0.2628364562988281,0.051398999989032745
YOLOv11x,train_S2A_MSIL2A_20200217T141651_N0209_R010_T20LQN_20200217T160045_13_15.png,0.0,0.0,0.0,0.0,0.12699127197265625,0.05019959999481216
YOLOv11x,train_S2A_MSIL2A_20200217T141651_N0209_R010_T20LQN_20200217T160045_13_17.png,0.0,0.0,0.0,0.0,0.19085311889648438,0.051810999982990324
YOLOv11x,train_S2A_MSIL2A_20200217T141651_N0209_R010_T20LQN_20200217T160045_13_18.png,0.0,0.0,0.0,0.0,0.05328369140625,0.048804599995492026
YOLOv11x,train_S2A_MSIL2A_20200217T141651_N0209_R010_T20LQN_20200217T160045_14_02.png,0.0,0.0,0.0,0.0,0.8634796142578125,0.05550270000821911
YOLOv11x,train_S2A_MSIL2A_20200217T141651_N0209_R010_T20LQN_20200217T160045_14_03.png,0.0,0.0,0.0,0.0,0.8716583251953125,0.05845240000053309
YOLOv11x,train_S2A_MSIL2A_20200217T141651_N0209_R010_T20LQN_20200217T160045_14_08.png,0.0,0.0,0.0,0.0,0.7591972351074219,0.05382359999930486
YOLOv11x,train_S2A_MSIL2A_20200217T141651_N0209_R010_T20LQN_20200217T160045_14_18.png,0.0,0.0,0.0,0.0,0.0426025390625,0.054360699985409155
YOLOv11x,train_S2A_MSIL2A_20200217T141651_N0209_R010_T20LQN_20200217T160045_14_19.png,0.0015416585544169709,0.003078571003510999,1.0,0.0015416585544169709,0.041408538818359375,0.053809500008355826
YOLOv11x,train_S2A_MSIL2A_20200217T141651_N0209_R010_T20LQN_20200217T160045_14_20.png,0.0,0.0,0.0,0.0,0.13994979858398438,0.05662119999760762
YOLOv11x,train_S2A_MSIL2A_20200217T141651_N0209_R010_T20LQN_20200217T160045_14_21.png,0.0,0.0,0.0,0.0,0.14078521728515625,0.05442329999641515
YOLOv11x,train_S2A_MSIL2A_20200217T141651_N0209_R010_T20LQN_20200217T160045_15_09.png,0.0,0.0,0.0,0.0,0.6807937622070312,0.05430340001475997
YOLOv11x,train_S2A_MSIL2A_20200217T141651_N0209_R010_T20LQN_20200217T160045_15_12.png,0.0,0.0,0.0,0.0,0.5440826416015625,0.05193169999984093
YOLOv11x,train_S2A_MSIL2A_20200217T141651_N0209_R010_T20LQN_20200217T160045_15_17.png,0.0,0.0,0.0,0.0,0.026210784912109375,0.05025889998069033
YOLOv11x,train_S2A_MSIL2A_20200217T141651_N0209_R010_T20LQN_20200217T160045_15_18.png,0.0,0.0,0.0,0.0,0.0679779052734375,0.05978410001262091
YOLOv11x,train_S2A_MSIL2A_20200217T141651_N0209_R010_T20LQN_20200217T160045_15_20.png,0.0,0.0,0.0,0.0,0.059146881103515625,0.055397899996023625
YOLOv11x,train_S2A_MSIL2A_20200217T141651_N0209_R010_T20LQN_20200217T160045_16_09.png,0.0,0.0,0.0,0.0,0.8130912780761719,0.053470600018044934
YOLOv11x,train_S2A_MSIL2A_20200217T141651_N0209_R010_T20LQN_20200217T160045_16_12.png,0.0,0.0,0.0,0.0,0.5436286926269531,0.05390039997291751
YOLOv11x,train_S2A_MSIL2A_20200217T141651_N0209_R010_T20LQN_20200217T160045_16_15.png,0.0,0.0,0.0,0.0,0.525665283203125,0.05476259998977184
YOLOv11x,train_S2A_MSIL2A_20200217T141651_N0209_R010_T20LQN_20200217T160045_16_16.png,0.0,0.0,0.0,0.0,0.274932861328125,0.05390940001234412
YOLOv11x,train_S2A_MSIL2A_20200217T141651_N0209_R010_T20LQN_20200217T160045_16_17.png,0.0,0.0,0.0,0.0,0.056766510009765625,0.055621700012125075
YOLOv11x,train_S2A_MSIL2A_20200217T141651_N0209_R010_T20LQN_20200217T160045_17_14.png,0.0,0.0,0.0,0.0,0.4496421813964844,0.0554444000008516
YOLOv11x,train_S2A_MSIL2A_20200217T141651_N0209_R010_T20LQN_20200217T160045_17_16.png,0.0,0.0,0.0,0.0,0.2706565856933594,0.0526118999987375
YOLOv11x,train_S2A_MSIL2A_20200217T141651_N0209_R010_T20LQN_20200217T160045_17_18.png,0.003920282129090462,0.007809947062283511,0.9785056294779939,0.003920619753197806,0.073394775390625,0.05043859998113476
YOLOv11x,train_S2A_MSIL2A_20200217T141651_N0209_R010_T20LQN_20200217T160045_17_19.png,0.012792945418214201,0.025262706412181,0.9790558510638298,0.012796447410729028,0.1330718994140625,0.05219699998269789
YOLOv11x,train_S2A_MSIL2A_20200217T141651_N0209_R010_T20LQN_20200217T160045_18_04.png,0.0,0.0,0.0,0.0,0.3969535827636719,0.05947649999870919
YOLOv11x,train_S2A_MSIL2A_20200217T141651_N0209_R010_T20LQN_20200217T160045_18_05.png,0.0,0.0,0.0,0.0,0.5260658264160156,0.05280189999029972
YOLOv11x,train_S2A_MSIL2A_20200217T141651_N0209_R010_T20LQN_20200217T160045_18_06.png,0.0,0.0,0.0,0.0,0.5590553283691406,0.056726899987552315
YOLOv11x,train_S2A_MSIL2A_20200217T141651_N0209_R010_T20LQN_20200217T160045_18_14.png,0.0,0.0,0.0,0.0,0.3213691711425781,0.057147499988786876
YOLOv11x,train_S2A_MSIL2A_20200217T141651_N0209_R010_T20LQN_20200217T160045_18_17.png,0.0,0.0,0.0,0.0,0.13976287841796875,0.056907599995611235
YOLOv11x,train_S2A_MSIL2A_20200217T141651_N0209_R010_T20LQN_20200217T160045_19_05.png,0.0,0.0,0.0,0.0,0.21307754516601562,0.05414200000814162
YOLOv11x,train_S2A_MSIL2A_20200217T141651_N0209_R010_T20LQN_20200217T160045_19_10.png,0.0,0.0,0.0,0.0,0.5912094116210938,0.06111009998130612
YOLOv11x,train_S2A_MSIL2A_20200217T141651_N0209_R010_T20LQN_20200217T160045_19_11.png,0.0,0.0,0.0,0.0,0.5883712768554688,0.06087610000395216
YOLOv11x,train_S2A_MSIL2A_20200217T141651_N0209_R010_T20LQN_20200217T160045_20_01.png,0.0,0.0,0.0,0.0,0.5078201293945312,0.05556179999257438
YOLOv11x,train_S2A_MSIL2A_20200217T141651_N0209_R010_T20LQN_20200217T160045_20_05.png,0.0,0.0,0.0,0.0,0.5764923095703125,0.05361920001450926
YOLOv11x,train_S2A_MSIL2A_20200217T141651_N0209_R010_T20LQN_20200217T160045_20_09.png,0.0,0.0,0.0,0.0,0.5911979675292969,0.05500610001035966
YOLOv11x,train_S2A_MSIL2A_20200217T141651_N0209_R010_T20LQN_20200217T160045_20_10.png,0.0,0.0,0.0,0.0,0.30605316162109375,0.05334759998368099
YOLOv11x,train_S2A_MSIL2A_20200217T141651_N0209_R010_T20LQN_20200217T160045_20_12.png,0.0,0.0,0.0,0.0,0.3027763366699219,0.05252609998569824
YOLOv11x,train_S2A_MSIL2A_20200217T141651_N0209_R010_T20LQN_20200217T160045_20_13.png,0.0,0.0,0.0,0.0,0.3450202941894531,0.05355590002727695
YOLOv11x,train_S2A_MSIL2A_20200217T141651_N0209_R010_T20LQN_20200217T160045_20_17.png,0.0,0.0,0.0,0.0,0.08885955810546875,0.053409799991641194
YOLOv11x,train_S2A_MSIL2A_20200217T141651_N0209_R010_T20LQN_20200217T160045_21_01.png,0.0,0.0,0.0,0.0,0.5198173522949219,0.057792100007645786
YOLOv11x,train_S2A_MSIL2A_20200217T141651_N0209_R010_T20LQN_20200217T160045_21_02.png,0.0,0.0,0.0,0.0,0.6423225402832031,0.0545169000106398
YOLOv11x,train_S2A_MSIL2A_20200217T141651_N0209_R010_T20LQN_20200217T160045_21_03.png,0.0,0.0,0.0,0.0,0.796630859375,0.05733030001283623
YOLOv11x,train_S2A_MSIL2A_20200217T141651_N0209_R010_T20LQN_20200217T160045_21_04.png,0.018815507008460665,0.036936043629152204,0.8877176901924839,0.01886039220268349,0.6146774291992188,0.05765050000627525
YOLOv11x,train_S2A_MSIL2A_20200217T141651_N0209_R010_T20LQN_20200217T160045_21_05.png,0.0,0.0,0.0,0.0,0.42740631103515625,0.051047999993897974
YOLOv11x,train_S2A_MSIL2A_20200217T141651_N0209_R010_T20LQN_20200217T160045_21_06.png,0.0,0.0,0.0,0.0,0.697509765625,0.052308700018329546
YOLOv11x,train_S2A_MSIL2A_20200217T141651_N0209_R010_T20LQN_20200217T160045_21_07.png,0.0,0.0,0.0,0.0,0.5637054443359375,0.05323699998552911
YOLOv11x,train_S2A_MSIL2A_20200217T141651_N0209_R010_T20LQN_20200217T160045_21_08.png,0.0,0.0,0.0,0.0,0.3825111389160156,0.05203869999968447
YOLOv11x,train_S2A_MSIL2A_20200217T141651_N0209_R010_T20LQN_20200217T160045_21_12.png,0.0,0.0,0.0,0.0,0.62060546875,0.05146509999758564
YOLOv11x,train_S2A_MSIL2A_20200818T142741_N0214_R053_T20LMP_20200818T165705_01_08.png,0.0,0.0,0.0,0.0,0.7897834777832031,0.05100259999744594
YOLOv11x,train_S2A_MSIL2A_20200818T142741_N0214_R053_T20LMP_20200818T165705_01_09.png,0.0,0.0,0.0,0.0,0.6376495361328125,0.05777809998835437
YOLOv11x,train_S2A_MSIL2A_20200818T142741_N0214_R053_T20LMP_20200818T165705_01_10.png,0.0,0.0,0.0,0.0,0.46340179443359375,0.05174769999575801
YOLOv11x,train_S2A_MSIL2A_20200818T142741_N0214_R053_T20LMP_20200818T165705_01_12.png,0.0,0.0,0.0,0.0,0.8159294128417969,0.052890999999362975
YOLOv11x,train_S2A_MSIL2A_20200818T142741_N0214_R053_T20LMP_20200818T165705_01_13.png,0.0,0.0,0.0,0.0,0.7453193664550781,0.05259579999255948
YOLOv11x,train_S2A_MSIL2A_20200818T142741_N0214_R053_T20LMP_20200818T165705_01_14.png,0.0,0.0,0.0,0.0,0.6770820617675781,0.05241769997519441
YOLOv11x,train_S2A_MSIL2A_20200818T142741_N0214_R053_T20LMP_20200818T165705_01_15.png,0.0,0.0,0.0,0.0,0.6736373901367188,0.0518801000143867
YOLOv11x,train_S2A_MSIL2A_20200818T142741_N0214_R053_T20LMP_20200818T165705_01_16.png,0.0,0.0,0.0,0.0,0.6899566650390625,0.05364430000190623
YOLOv11x,train_S2A_MSIL2A_20200818T142741_N0214_R053_T20LMP_20200818T165705_01_17.png,0.0,0.0,0.0,0.0,0.8341331481933594,0.05338420000043698
YOLOv11x,train_S2A_MSIL2A_20200818T142741_N0214_R053_T20LMP_20200818T165705_01_19.png,0.0,0.0,0.0,0.0,0.6805534362792969,0.05676790000870824
YOLOv11x,train_S2A_MSIL2A_20200818T142741_N0214_R053_T20LMP_20200818T165705_01_21.png,0.0,0.0,0.0,0.0,0.6336860656738281,0.05400859998189844
YOLOv11x,train_S2A_MSIL2A_20200818T142741_N0214_R053_T20LMP_20200818T165705_02_01.png,0.0,0.0,0.0,0.0,0.822479248046875,0.05892300000414252
YOLOv11x,train_S2A_MSIL2A_20200818T142741_N0214_R053_T20LMP_20200818T165705_02_02.png,0.0,0.0,0.0,0.0,0.8314247131347656,0.055279499996686354
YOLOv11x,train_S2A_MSIL2A_20200818T142741_N0214_R053_T20LMP_20200818T165705_02_05.png,0.0,0.0,0.0,0.0,0.644073486328125,0.06101740000303835
YOLOv11x,train_S2A_MSIL2A_20200818T142741_N0214_R053_T20LMP_20200818T165705_02_06.png,0.0,0.0,0.0,0.0,0.6773529052734375,0.053929700021399185
YOLOv11x,train_S2A_MSIL2A_20200818T142741_N0214_R053_T20LMP_20200818T165705_02_08.png,0.0,0.0,0.0,0.0,0.711700439453125,0.05364190001273528
YOLOv11x,train_S2A_MSIL2A_20200818T142741_N0214_R053_T20LMP_20200818T165705_02_11.png,0.0,0.0,0.0,0.0,0.7905540466308594,0.05231120000826195
YOLOv11x,train_S2A_MSIL2A_20200818T142741_N0214_R053_T20LMP_20200818T165705_02_13.png,0.0,0.0,0.0,0.0,0.8798561096191406,0.052859699993859977
YOLOv11x,train_S2A_MSIL2A_20200818T142741_N0214_R053_T20LMP_20200818T165705_02_14.png,0.0,0.0,0.0,0.0,0.8079566955566406,0.06384859999525361
YOLOv11x,train_S2A_MSIL2A_20200818T142741_N0214_R053_T20LMP_20200818T165705_02_15.png,0.0,0.0,0.0,0.0,0.7434310913085938,0.058664699987275526
YOLOv11x,train_S2A_MSIL2A_20200818T142741_N0214_R053_T20LMP_20200818T165705_02_16.png,0.0,0.0,0.0,0.0,0.7386932373046875,0.05254790000617504
YOLOv11x,train_S2A_MSIL2A_20200818T142741_N0214_R053_T20LMP_20200818T165705_02_17.png,0.0,0.0,0.0,0.0,0.7889480590820312,0.05451590000302531
YOLOv11x,train_S2A_MSIL2A_20200818T142741_N0214_R053_T20LMP_20200818T165705_02_19.png,0.0,0.0,0.0,0.0,0.4917755126953125,0.05162319997907616
YOLOv11x,train_S2A_MSIL2A_20200818T142741_N0214_R053_T20LMP_20200818T165705_02_20.png,0.0,0.0,0.0,0.0,0.8156051635742188,0.05270470000687055
YOLOv11x,train_S2A_MSIL2A_20200818T142741_N0214_R053_T20LMP_20200818T165705_02_21.png,0.0,0.0,0.0,0.0,0.7496109008789062,0.051960600016172975
YOLOv11x,train_S2A_MSIL2A_20200818T142741_N0214_R053_T20LMP_20200818T165705_03_01.png,0.0,0.0,0.0,0.0,0.744354248046875,0.053209600009722635
YOLOv11x,train_S2A_MSIL2A_20200818T142741_N0214_R053_T20LMP_20200818T165705_03_02.png,0.0,0.0,0.0,0.0,0.7392005920410156,0.05234679998829961
YOLOv11x,train_S2A_MSIL2A_20200818T142741_N0214_R053_T20LMP_20200818T165705_03_03.png,0.0,0.0,0.0,0.0,0.8417091369628906,0.05252269998891279
YOLOv11x,train_S2A_MSIL2A_20200818T142741_N0214_R053_T20LMP_20200818T165705_03_04.png,0.0,0.0,0.0,0.0,0.7581748962402344,0.051524799986509606
YOLOv11x,train_S2A_MSIL2A_20200818T142741_N0214_R053_T20LMP_20200818T165705_03_06.png,0.0,0.0,0.0,0.0,0.8368301391601562,0.05249030000413768
YOLOv11x,train_S2A_MSIL2A_20200818T142741_N0214_R053_T20LMP_20200818T165705_03_10.png,0.0,0.0,0.0,0.0,0.4813041687011719,0.051967999985208735
YOLOv11x,train_S2A_MSIL2A_20200818T142741_N0214_R053_T20LMP_20200818T165705_03_11.png,0.0,0.0,0.0,0.0,0.6892509460449219,0.052210800000466406
YOLOv11x,train_S2A_MSIL2A_20200818T142741_N0214_R053_T20LMP_20200818T165705_03_14.png,0.0,0.0,0.0,0.0,0.6418724060058594,0.05130939997616224
YOLOv11x,train_S2A_MSIL2A_20200818T142741_N0214_R053_T20LMP_20200818T165705_03_17.png,0.0,0.0,0.0,0.0,0.7827033996582031,0.051082000019960105
YOLOv11x,train_S2A_MSIL2A_20200818T142741_N0214_R053_T20LMP_20200818T165705_03_20.png,0.0,0.0,0.0,0.0,0.8590240478515625,0.0519905999826733
YOLOv11x,train_S2A_MSIL2A_20200818T142741_N0214_R053_T20LMP_20200818T165705_04_01.png,0.0,0.0,0.0,0.0,0.8716087341308594,0.052053899999009445
YOLOv11x,train_S2A_MSIL2A_20200818T142741_N0214_R053_T20LMP_20200818T165705_04_02.png,0.0,0.0,0.0,0.0,0.8450355529785156,0.05246069998247549
YOLOv11x,train_S2A_MSIL2A_20200818T142741_N0214_R053_T20LMP_20200818T165705_04_04.png,0.0,0.0,0.0,0.0,0.8214988708496094,0.05266809999011457
YOLOv11x,train_S2A_MSIL2A_20200818T142741_N0214_R053_T20LMP_20200818T165705_04_05.png,0.0,0.0,0.0,0.0,0.7810592651367188,0.05673780001234263
YOLOv11x,train_S2A_MSIL2A_20200818T142741_N0214_R053_T20LMP_20200818T165705_04_07.png,0.0,0.0,0.0,0.0,0.8674812316894531,0.055910699971718714
YOLOv11x,train_S2A_MSIL2A_20200818T142741_N0214_R053_T20LMP_20200818T165705_04_08.png,0.0,0.0,0.0,0.0,0.7550239562988281,0.052311700012069196
YOLOv11x,train_S2A_MSIL2A_20200818T142741_N0214_R053_T20LMP_20200818T165705_04_11.png,0.0,0.0,0.0,0.0,0.7287063598632812,0.051501099980669096
YOLOv11x,train_S2A_MSIL2A_20200818T142741_N0214_R053_T20LMP_20200818T165705_04_12.png,0.0,0.0,0.0,0.0,0.652679443359375,0.060350799991283566
YOLOv11x,train_S2A_MSIL2A_20200818T142741_N0214_R053_T20LMP_20200818T165705_04_13.png,0.0,0.0,0.0,0.0,0.75567626953125,0.05266210000263527
YOLOv11x,train_S2A_MSIL2A_20200818T142741_N0214_R053_T20LMP_20200818T165705_04_14.png,0.0,0.0,0.0,0.0,0.6053733825683594,0.055405099992640316
YOLOv11x,train_S2A_MSIL2A_20200818T142741_N0214_R053_T20LMP_20200818T165705_04_15.png,0.0,0.0,0.0,0.0,0.7728385925292969,0.06897379999281839
YOLOv11x,train_S2A_MSIL2A_20200818T142741_N0214_R053_T20LMP_20200818T165705_04_16.png,0.0,0.0,0.0,0.0,0.7802314758300781,0.0535329999984242
YOLOv11x,train_S2A_MSIL2A_20200818T142741_N0214_R053_T20LMP_20200818T165705_04_18.png,0.0,0.0,0.0,0.0,0.7550926208496094,0.05033639998873696
YOLOv11x,train_S2A_MSIL2A_20200818T142741_N0214_R053_T20LMP_20200818T165705_04_20.png,0.0,0.0,0.0,0.0,0.8586807250976562,0.056958000001031905
YOLOv11x,train_S2A_MSIL2A_20200818T142741_N0214_R053_T20LMP_20200818T165705_04_21.png,0.0,0.0,0.0,0.0,0.8154373168945312,0.05767439998453483
YOLOv11x,train_S2A_MSIL2A_20200818T142741_N0214_R053_T20LMP_20200818T165705_05_01.png,0.0,0.0,0.0,0.0,0.8564186096191406,0.05879310000455007
YOLOv11x,train_S2A_MSIL2A_20200818T142741_N0214_R053_T20LMP_20200818T165705_05_02.png,0.0,0.0,0.0,0.0,0.9012489318847656,0.05287590000079945
YOLOv11x,train_S2A_MSIL2A_20200818T142741_N0214_R053_T20LMP_20200818T165705_05_03.png,0.0,0.0,0.0,0.0,0.8471336364746094,0.05372429999988526
YOLOv11x,train_S2A_MSIL2A_20200818T142741_N0214_R053_T20LMP_20200818T165705_05_04.png,0.0,0.0,0.0,0.0,0.8710899353027344,0.05742279998958111
YOLOv11x,train_S2A_MSIL2A_20200818T142741_N0214_R053_T20LMP_20200818T165705_05_05.png,0.0,0.0,0.0,0.0,0.8248634338378906,0.05841950001195073
YOLOv11x,train_S2A_MSIL2A_20200818T142741_N0214_R053_T20LMP_20200818T165705_05_12.png,0.0,0.0,0.0,0.0,0.7802963256835938,0.05881970000336878
YOLOv11x,train_S2A_MSIL2A_20200818T142741_N0214_R053_T20LMP_20200818T165705_05_13.png,0.0,0.0,0.0,0.0,0.8384819030761719,0.05582099998719059
YOLOv11x,train_S2A_MSIL2A_20200818T142741_N0214_R053_T20LMP_20200818T165705_05_14.png,0.0,0.0,0.0,0.0,0.6356010437011719,0.05556140001863241
YOLOv11x,train_S2A_MSIL2A_20200818T142741_N0214_R053_T20LMP_20200818T165705_05_15.png,0.0,0.0,0.0,0.0,0.7363090515136719,0.05245670001022518
YOLOv11x,train_S2A_MSIL2A_20200818T142741_N0214_R053_T20LMP_20200818T165705_05_17.png,0.0,0.0,0.0,0.0,0.8025169372558594,0.05219199997372925
YOLOv11x,train_S2A_MSIL2A_20200818T142741_N0214_R053_T20LMP_20200818T165705_05_20.png,0.0,0.0,0.0,0.0,0.7720451354980469,0.05578500000410713
YOLOv11x,train_S2A_MSIL2A_20200818T142741_N0214_R053_T20LMP_20200818T165705_06_03.png,0.0,0.0,0.0,0.0,0.85235595703125,0.05774669998208992
YOLOv11x,train_S2A_MSIL2A_20200818T142741_N0214_R053_T20LMP_20200818T165705_06_05.png,0.0,0.0,0.0,0.0,0.8445854187011719,0.05711150000570342
YOLOv11x,train_S2A_MSIL2A_20200818T142741_N0214_R053_T20LMP_20200818T165705_06_06.png,0.0,0.0,0.0,0.0,0.9078216552734375,0.05348279999452643
YOLOv11x,train_S2A_MSIL2A_20200818T142741_N0214_R053_T20LMP_20200818T165705_06_07.png,0.0,0.0,0.0,0.0,0.7094268798828125,0.051981399999931455
YOLOv11x,train_S2A_MSIL2A_20200818T142741_N0214_R053_T20LMP_20200818T165705_06_10.png,0.0,0.0,0.0,0.0,0.6767158508300781,0.05284859999665059
YOLOv11x,train_S2A_MSIL2A_20200818T142741_N0214_R053_T20LMP_20200818T165705_06_13.png,0.0,0.0,0.0,0.0,0.8022880554199219,0.051587099995231256
YOLOv11x,train_S2A_MSIL2A_20200818T142741_N0214_R053_T20LMP_20200818T165705_06_15.png,0.0,0.0,0.0,0.0,0.6532821655273438,0.05208769999444485
YOLOv11x,train_S2A_MSIL2A_20200818T142741_N0214_R053_T20LMP_20200818T165705_06_16.png,0.0,0.0,0.0,0.0,0.5645179748535156,0.05229369999142364
YOLOv11x,train_S2A_MSIL2A_20200818T142741_N0214_R053_T20LMP_20200818T165705_06_17.png,0.0,0.0,0.0,0.0,0.7271537780761719,0.05188710000948049
YOLOv11x,train_S2A_MSIL2A_20200818T142741_N0214_R053_T20LMP_20200818T165705_06_18.png,0.0,0.0,0.0,0.0,0.5188026428222656,0.05166789999930188
YOLOv11x,train_S2A_MSIL2A_20200818T142741_N0214_R053_T20LMP_20200818T165705_06_21.png,0.0,0.0,0.0,0.0,0.8316802978515625,0.05130760002066381
YOLOv11x,train_S2A_MSIL2A_20200818T142741_N0214_R053_T20LMP_20200818T165705_07_01.png,0.0,0.0,0.0,0.0,0.9186439514160156,0.05229140000301413
YOLOv11x,train_S2A_MSIL2A_20200818T142741_N0214_R053_T20LMP_20200818T165705_07_02.png,0.0,0.0,0.0,0.0,0.8647422790527344,0.052081900008488446
YOLOv11x,train_S2A_MSIL2A_20200818T142741_N0214_R053_T20LMP_20200818T165705_07_03.png,0.0,0.0,0.0,0.0,0.8994903564453125,0.05285770000773482
YOLOv11x,train_S2A_MSIL2A_20200818T142741_N0214_R053_T20LMP_20200818T165705_07_04.png,0.0,0.0,0.0,0.0,0.7773666381835938,0.05021650000708178
YOLOv11x,train_S2A_MSIL2A_20200818T142741_N0214_R053_T20LMP_20200818T165705_07_05.png,0.0,0.0,0.0,0.0,0.8239364624023438,0.05059279999113642
YOLOv11x,train_S2A_MSIL2A_20200818T142741_N0214_R053_T20LMP_20200818T165705_07_07.png,0.0,0.0,0.0,0.0,0.6457443237304688,0.05183559999568388
YOLOv11x,train_S2A_MSIL2A_20200818T142741_N0214_R053_T20LMP_20200818T165705_07_09.png,0.0,0.0,0.0,0.0,0.7999000549316406,0.05274389998521656
YOLOv11x,train_S2A_MSIL2A_20200818T142741_N0214_R053_T20LMP_20200818T165705_07_10.png,0.0,0.0,0.0,0.0,0.8080101013183594,0.05274640000425279
YOLOv11x,train_S2A_MSIL2A_20200818T142741_N0214_R053_T20LMP_20200818T165705_07_12.png,0.0,0.0,0.0,0.0,0.798919677734375,0.0539219000202138
YOLOv11x,train_S2A_MSIL2A_20200818T142741_N0214_R053_T20LMP_20200818T165705_07_13.png,0.0,0.0,0.0,0.0,0.7176170349121094,0.057495499990182
YOLOv11x,train_S2A_MSIL2A_20200818T142741_N0214_R053_T20LMP_20200818T165705_07_16.png,0.0,0.0,0.0,0.0,0.6407814025878906,0.05773420000332408
YOLOv11x,train_S2A_MSIL2A_20200818T142741_N0214_R053_T20LMP_20200818T165705_07_18.png,0.0,0.0,0.0,0.0,0.674102783203125,0.0551096000126563
YOLOv11x,train_S2A_MSIL2A_20200818T142741_N0214_R053_T20LMP_20200818T165705_07_19.png,0.0,0.0,0.0,0.0,0.6530532836914062,0.0587146999896504
YOLOv11x,train_S2A_MSIL2A_20200818T142741_N0214_R053_T20LMP_20200818T165705_07_20.png,0.0,0.0,0.0,0.0,0.7244682312011719,0.05359660001704469
YOLOv11x,train_S2A_MSIL2A_20200818T142741_N0214_R053_T20LMP_20200818T165705_08_02.png,0.0,0.0,0.0,0.0,0.8841705322265625,0.06461140001192689
YOLOv11x,train_S2A_MSIL2A_20200818T142741_N0214_R053_T20LMP_20200818T165705_08_03.png,0.0,0.0,0.0,0.0,0.8038825988769531,0.05875160000869073
YOLOv11x,train_S2A_MSIL2A_20200818T142741_N0214_R053_T20LMP_20200818T165705_08_04.png,0.0,0.0,0.0,0.0,0.8061599731445312,0.055931500013684854
YOLOv11x,train_S2A_MSIL2A_20200818T142741_N0214_R053_T20LMP_20200818T165705_08_07.png,0.0,0.0,0.0,0.0,0.18960189819335938,0.05616499998723157
YOLOv11x,train_S2A_MSIL2A_20200818T142741_N0214_R053_T20LMP_20200818T165705_08_08.png,0.0,0.0,0.0,0.0,0.8370895385742188,0.05246860001352616
YOLOv11x,train_S2A_MSIL2A_20200818T142741_N0214_R053_T20LMP_20200818T165705_08_10.png,0.0,0.0,0.0,0.0,0.7605514526367188,0.052837700000964105
YOLOv11x,train_S2A_MSIL2A_20200818T142741_N0214_R053_T20LMP_20200818T165705_08_11.png,0.0,0.0,0.0,0.0,0.5813484191894531,0.05896309998934157
YOLOv11x,train_S2A_MSIL2A_20200818T142741_N0214_R053_T20LMP_20200818T165705_08_12.png,0.0,0.0,0.0,0.0,0.6400794982910156,0.05536050000227988
YOLOv11x,train_S2A_MSIL2A_20200818T142741_N0214_R053_T20LMP_20200818T165705_08_13.png,0.0,0.0,0.0,0.0,0.6826591491699219,0.057149400003254414
YOLOv11x,train_S2A_MSIL2A_20200818T142741_N0214_R053_T20LMP_20200818T165705_08_18.png,0.0,0.0,0.0,0.0,0.7412147521972656,0.05350480001652613
YOLOv11x,train_S2A_MSIL2A_20200818T142741_N0214_R053_T20LMP_20200818T165705_08_19.png,0.0,0.0,0.0,0.0,0.7850608825683594,0.05309339999803342
YOLOv11x,train_S2A_MSIL2A_20200818T142741_N0214_R053_T20LMP_20200818T165705_08_20.png,0.0,0.0,0.0,0.0,0.6798858642578125,0.052428599999984726
YOLOv11x,train_S2A_MSIL2A_20200818T142741_N0214_R053_T20LMP_20200818T165705_09_03.png,0.0,0.0,0.0,0.0,0.8333206176757812,0.05265669999062084
YOLOv11x,train_S2A_MSIL2A_20200818T142741_N0214_R053_T20LMP_20200818T165705_09_05.png,0.0,0.0,0.0,0.0,0.8424110412597656,0.05352469999343157
YOLOv11x,train_S2A_MSIL2A_20200818T142741_N0214_R053_T20LMP_20200818T165705_09_06.png,0.0,0.0,0.0,0.0,0.7518196105957031,0.051321900013135746
YOLOv11x,train_S2A_MSIL2A_20200818T142741_N0214_R053_T20LMP_20200818T165705_09_07.png,0.0,0.0,0.0,0.0,0.8541336059570312,0.05210519998217933
YOLOv11x,train_S2A_MSIL2A_20200818T142741_N0214_R053_T20LMP_20200818T165705_09_11.png,0.0,0.0,0.0,0.0,0.7721099853515625,0.051295299985213205
YOLOv11x,train_S2A_MSIL2A_20200818T142741_N0214_R053_T20LMP_20200818T165705_09_12.png,0.0,0.0,0.0,0.0,0.7785873413085938,0.052335300017148256
YOLOv11x,train_S2A_MSIL2A_20200818T142741_N0214_R053_T20LMP_20200818T165705_09_14.png,0.0,0.0,0.0,0.0,0.7766265869140625,0.05240929999854416
YOLOv11x,train_S2A_MSIL2A_20200818T142741_N0214_R053_T20LMP_20200818T165705_09_15.png,0.0,0.0,0.0,0.0,0.587371826171875,0.05041429999982938
YOLOv11x,train_S2A_MSIL2A_20200818T142741_N0214_R053_T20LMP_20200818T165705_09_21.png,0.0,0.0,0.0,0.0,0.619720458984375,0.05214839999098331
YOLOv11x,train_S2A_MSIL2A_20200818T142741_N0214_R053_T20LMP_20200818T165705_10_02.png,0.0,0.0,0.0,0.0,0.8131866455078125,0.05268459999933839
YOLOv11x,train_S2A_MSIL2A_20200818T142741_N0214_R053_T20LMP_20200818T165705_10_03.png,0.0,0.0,0.0,0.0,0.6906166076660156,0.05236270002205856
YOLOv11x,train_S2A_MSIL2A_20200818T142741_N0214_R053_T20LMP_20200818T165705_10_06.png,0.0,0.0,0.0,0.0,0.8124198913574219,0.05635099997743964
YOLOv11x,train_S2A_MSIL2A_20200818T142741_N0214_R053_T20LMP_20200818T165705_10_07.png,0.0,0.0,0.0,0.0,0.8468513488769531,0.05553479999070987
YOLOv11x,train_S2A_MSIL2A_20200818T142741_N0214_R053_T20LMP_20200818T165705_10_09.png,0.0,0.0,0.0,0.0,0.8507804870605469,0.05224459999590181
YOLOv11x,train_S2A_MSIL2A_20200818T142741_N0214_R053_T20LMP_20200818T165705_10_10.png,0.0,0.0,0.0,0.0,0.8517112731933594,0.05194470001151785
YOLOv11x,train_S2A_MSIL2A_20200818T142741_N0214_R053_T20LMP_20200818T165705_10_11.png,0.0,0.0,0.0,0.0,0.7629241943359375,0.05083880000165664
YOLOv11x,train_S2A_MSIL2A_20200818T142741_N0214_R053_T20LMP_20200818T165705_10_12.png,0.0,0.0,0.0,0.0,0.760650634765625,0.050609300000360236
YOLOv11x,train_S2A_MSIL2A_20200818T142741_N0214_R053_T20LMP_20200818T165705_10_16.png,0.0,0.0,0.0,0.0,0.6022987365722656,0.059120999998413026
YOLOv11x,train_S2A_MSIL2A_20200818T142741_N0214_R053_T20LMP_20200818T165705_10_17.png,0.0,0.0,0.0,0.0,0.466705322265625,0.05721820000326261
YOLOv11x,train_S2A_MSIL2A_20200818T142741_N0214_R053_T20LMP_20200818T165705_10_18.png,0.0,0.0,0.0,0.0,0.6427078247070312,0.05830579999019392
YOLOv11x,train_S2A_MSIL2A_20200818T142741_N0214_R053_T20LMP_20200818T165705_10_19.png,0.0,0.0,0.0,0.0,0.6052360534667969,0.05814979999559
YOLOv11x,train_S2A_MSIL2A_20200818T142741_N0214_R053_T20LMP_20200818T165705_10_20.png,0.0,0.0,0.0,0.0,0.484527587890625,0.05092530002002604
YOLOv11x,train_S2A_MSIL2A_20200818T142741_N0214_R053_T20LMP_20200818T165705_10_21.png,0.0,0.0,0.0,0.0,0.49561309814453125,0.05280029997811653
YOLOv11x,train_S2A_MSIL2A_20200818T142741_N0214_R053_T20LMP_20200818T165705_11_02.png,0.0,0.0,0.0,0.0,0.806640625,0.05293969999183901
YOLOv11x,train_S2A_MSIL2A_20200818T142741_N0214_R053_T20LMP_20200818T165705_11_04.png,0.0,0.0,0.0,0.0,0.8769454956054688,0.05206620000535622
YOLOv11x,train_S2A_MSIL2A_20200818T142741_N0214_R053_T20LMP_20200818T165705_11_06.png,0.0,0.0,0.0,0.0,0.6635475158691406,0.05249030000413768
YOLOv11x,train_S2A_MSIL2A_20200818T142741_N0214_R053_T20LMP_20200818T165705_11_10.png,0.0,0.0,0.0,0.0,0.7701072692871094,0.05420850001974031
YOLOv11x,train_S2A_MSIL2A_20200818T142741_N0214_R053_T20LMP_20200818T165705_11_13.png,0.0,0.0,0.0,0.0,0.7035865783691406,0.05221170000731945
YOLOv11x,train_S2A_MSIL2A_20200818T142741_N0214_R053_T20LMP_20200818T165705_11_14.png,0.0,0.0,0.0,0.0,0.6733856201171875,0.05104839999694377
YOLOv11x,train_S2A_MSIL2A_20200818T142741_N0214_R053_T20LMP_20200818T165705_11_16.png,0.0,0.0,0.0,0.0,0.5509796142578125,0.052327799989143386
YOLOv11x,train_S2A_MSIL2A_20200818T142741_N0214_R053_T20LMP_20200818T165705_11_21.png,0.0,0.0,0.0,0.0,0.7620735168457031,0.04948240000521764
YOLOv11x,train_S2A_MSIL2A_20200818T142741_N0214_R053_T20LMP_20200818T165705_12_02.png,0.0,0.0,0.0,0.0,0.7303314208984375,0.051643600017996505
YOLOv11x,train_S2A_MSIL2A_20200818T142741_N0214_R053_T20LMP_20200818T165705_12_03.png,0.0,0.0,0.0,0.0,0.7822380065917969,0.05525940001825802
YOLOv11x,train_S2A_MSIL2A_20200818T142741_N0214_R053_T20LMP_20200818T165705_12_06.png,0.0,0.0,0.0,0.0,0.7644615173339844,0.05056020000483841
YOLOv11x,train_S2A_MSIL2A_20200818T142741_N0214_R053_T20LMP_20200818T165705_12_07.png,0.0,0.0,0.0,0.0,0.8193855285644531,0.05044880000059493
YOLOv11x,train_S2A_MSIL2A_20200818T142741_N0214_R053_T20LMP_20200818T165705_12_08.png,0.0,0.0,0.0,0.0,0.6833419799804688,0.051291100011439994
YOLOv11x,train_S2A_MSIL2A_20200818T142741_N0214_R053_T20LMP_20200818T165705_12_09.png,0.0,0.0,0.0,0.0,0.5994529724121094,0.05100120001588948
YOLOv11x,train_S2A_MSIL2A_20200818T142741_N0214_R053_T20LMP_20200818T165705_12_11.png,0.0,0.0,0.0,0.0,0.7858314514160156,0.05222370001138188
YOLOv11x,train_S2A_MSIL2A_20200818T142741_N0214_R053_T20LMP_20200818T165705_12_17.png,0.0,0.0,0.0,0.0,0.7084426879882812,0.05711919997702353
YOLOv11x,train_S2A_MSIL2A_20200818T142741_N0214_R053_T20LMP_20200818T165705_12_20.png,0.0,0.0,0.0,0.0,0.5990829467773438,0.05149479999090545
YOLOv11x,train_S2A_MSIL2A_20200818T142741_N0214_R053_T20LMP_20200818T165705_12_21.png,0.0,0.0,0.0,0.0,0.6636581420898438,0.053377100004581735
YOLOv11x,train_S2A_MSIL2A_20200818T142741_N0214_R053_T20LMP_20200818T165705_13_01.png,0.0,0.0,0.0,0.0,0.42652130126953125,0.0528100999945309
YOLOv11x,train_S2A_MSIL2A_20200818T142741_N0214_R053_T20LMP_20200818T165705_13_02.png,0.0,0.0,0.0,0.0,0.5598602294921875,0.051047899993136525
YOLOv11x,train_S2A_MSIL2A_20200818T142741_N0214_R053_T20LMP_20200818T165705_13_03.png,0.0,0.0,0.0,0.0,0.7701148986816406,0.05151990000740625
YOLOv11x,train_S2A_MSIL2A_20200818T142741_N0214_R053_T20LMP_20200818T165705_13_05.png,0.0,0.0,0.0,0.0,0.8994598388671875,0.051985600002808496
YOLOv11x,train_S2A_MSIL2A_20200818T142741_N0214_R053_T20LMP_20200818T165705_13_07.png,0.0,0.0,0.0,0.0,0.7145462036132812,0.051978500006953254
YOLOv11x,train_S2A_MSIL2A_20200818T142741_N0214_R053_T20LMP_20200818T165705_13_08.png,0.0,0.0,0.0,0.0,0.6834144592285156,0.05237199997645803
YOLOv11x,train_S2A_MSIL2A_20200818T142741_N0214_R053_T20LMP_20200818T165705_13_09.png,0.0,0.0,0.0,0.0,0.6201515197753906,0.05265470000449568
YOLOv11x,train_S2A_MSIL2A_20200818T142741_N0214_R053_T20LMP_20200818T165705_13_10.png,0.0,0.0,0.0,0.0,0.4995613098144531,0.05097660000319593
YOLOv11x,train_S2A_MSIL2A_20200818T142741_N0214_R053_T20LMP_20200818T165705_13_11.png,0.0,0.0,0.0,0.0,0.10952377319335938,0.05184090000693686
YOLOv11x,train_S2A_MSIL2A_20200818T142741_N0214_R053_T20LMP_20200818T165705_13_17.png,0.0,0.0,0.0,0.0,0.8313331604003906,0.05201439998927526
YOLOv11x,train_S2A_MSIL2A_20200818T142741_N0214_R053_T20LMP_20200818T165705_13_19.png,0.0,0.0,0.0,0.0,0.7758331298828125,0.05254819997935556
YOLOv11x,train_S2A_MSIL2A_20200818T142741_N0214_R053_T20LMP_20200818T165705_13_20.png,0.0,0.0,0.0,0.0,0.8346824645996094,0.05216550000477582
YOLOv11x,train_S2A_MSIL2A_20200818T142741_N0214_R053_T20LMP_20200818T165705_13_21.png,0.0,0.0,0.0,0.0,0.8598098754882812,0.05135530000552535
YOLOv11x,train_S2A_MSIL2A_20200818T142741_N0214_R053_T20LMP_20200818T165705_14_01.png,0.0,0.0,0.0,0.0,0.10222625732421875,0.05271799999172799
YOLOv11x,train_S2A_MSIL2A_20200818T142741_N0214_R053_T20LMP_20200818T165705_14_04.png,0.0,0.0,0.0,0.0,0.7368316650390625,0.053211200021905825
YOLOv11x,train_S2A_MSIL2A_20200818T142741_N0214_R053_T20LMP_20200818T165705_14_07.png,0.0,0.0,0.0,0.0,0.7128982543945312,0.05214989997330122
YOLOv11x,train_S2A_MSIL2A_20200818T142741_N0214_R053_T20LMP_20200818T165705_14_08.png,0.0,0.0,0.0,0.0,0.387237548828125,0.05310119999921881
YOLOv11x,train_S2A_MSIL2A_20200818T142741_N0214_R053_T20LMP_20200818T165705_14_09.png,0.0,0.0,0.0,0.0,0.16090011596679688,0.06200770000577904
YOLOv11x,train_S2A_MSIL2A_20200818T142741_N0214_R053_T20LMP_20200818T165705_14_16.png,0.0,0.0,0.0,0.0,0.02002716064453125,0.05404339998494834
YOLOv11x,train_S2A_MSIL2A_20200818T142741_N0214_R053_T20LMP_20200818T165705_14_17.png,0.0,0.0,0.0,0.0,0.8065948486328125,0.05211960000451654
YOLOv11x,train_S2A_MSIL2A_20200818T142741_N0214_R053_T20LMP_20200818T165705_14_19.png,0.0,0.0,0.0,0.0,0.8686141967773438,0.055068999994546175
YOLOv11x,train_S2A_MSIL2A_20200818T142741_N0214_R053_T20LMP_20200818T165705_15_01.png,0.0,0.0,0.0,0.0,0.022357940673828125,0.06807340000523254
YOLOv11x,train_S2A_MSIL2A_20200818T142741_N0214_R053_T20LMP_20200818T165705_15_02.png,0.0,0.0,0.0,0.0,0.00688934326171875,0.059318100014934316
YOLOv11x,train_S2A_MSIL2A_20200818T142741_N0214_R053_T20LMP_20200818T165705_15_03.png,0.0,0.0,0.0,0.0,0.009746551513671875,0.05551470001228154
YOLOv11x,train_S2A_MSIL2A_20200818T142741_N0214_R053_T20LMP_20200818T165705_15_05.png,0.0,0.0,0.0,0.0,0.7114181518554688,0.056652700004633516
YOLOv11x,train_S2A_MSIL2A_20200818T142741_N0214_R053_T20LMP_20200818T165705_15_06.png,0.0,0.0,0.0,0.0,0.7232856750488281,0.054141600005095825
YOLOv11x,train_S2A_MSIL2A_20200818T142741_N0214_R053_T20LMP_20200818T165705_15_07.png,0.0,0.0,0.0,0.0,0.6852798461914062,0.055387399974279106
YOLOv11x,train_S2A_MSIL2A_20200818T142741_N0214_R053_T20LMP_20200818T165705_15_08.png,0.0,0.0,0.0,0.0,0.2578239440917969,0.05403869997826405
YOLOv11x,train_S2A_MSIL2A_20200818T142741_N0214_R053_T20LMP_20200818T165705_15_09.png,0.0,0.0,0.0,0.0,0.22333908081054688,0.05626270000357181
YOLOv11x,train_S2A_MSIL2A_20200818T142741_N0214_R053_T20LMP_20200818T165705_15_10.png,0.0,0.0,0.0,0.0,0.22837448120117188,0.060448700009146705
YOLOv11x,train_S2A_MSIL2A_20200818T142741_N0214_R053_T20LMP_20200818T165705_15_12.png,0.0,0.0,0.0,0.0,0.01068115234375,0.061629700008779764
YOLOv11x,train_S2A_MSIL2A_20200818T142741_N0214_R053_T20LMP_20200818T165705_15_13.png,0.0,0.0,0.0,0.0,0.003635406494140625,0.05600360000971705
YOLOv11x,train_S2A_MSIL2A_20200818T142741_N0214_R053_T20LMP_20200818T165705_15_14.png,0.0,0.0,0.0,0.0,0.003856658935546875,0.05333199998131022
YOLOv11x,train_S2A_MSIL2A_20200818T142741_N0214_R053_T20LMP_20200818T165705_15_15.png,0.0,0.0,0.0,0.0,0.000568389892578125,0.053044899977976456
YOLOv11x,train_S2A_MSIL2A_20200818T142741_N0214_R053_T20LMP_20200818T165705_15_16.png,0.0,0.0,0.0,0.0,0.0118560791015625,0.05654130000039004
YOLOv11x,train_S2A_MSIL2A_20200818T142741_N0214_R053_T20LMP_20200818T165705_15_17.png,0.0,0.0,0.0,0.0,0.17700958251953125,0.05631240000366233
YOLOv11x,train_S2A_MSIL2A_20200818T142741_N0214_R053_T20LMP_20200818T165705_15_18.png,0.0,0.0,0.0,0.0,0.8600807189941406,0.053492399980314076
YOLOv11x,train_S2A_MSIL2A_20200818T142741_N0214_R053_T20LMP_20200818T165705_15_19.png,0.0,0.0,0.0,0.0,0.8637809753417969,0.05351540000992827
YOLOv11x,train_S2A_MSIL2A_20200818T142741_N0214_R053_T20LMP_20200818T165705_15_20.png,0.0,0.0,0.0,0.0,0.9280128479003906,0.0542624999943655
YOLOv11x,train_S2A_MSIL2A_20200818T142741_N0214_R053_T20LMP_20200818T165705_16_05.png,0.0,0.0,0.0,0.0,0.3541069030761719,0.053696999995736405
YOLOv11x,train_S2A_MSIL2A_20200818T142741_N0214_R053_T20LMP_20200818T165705_16_06.png,0.0,0.0,0.0,0.0,0.6802101135253906,0.0528694000095129
YOLOv11x,train_S2A_MSIL2A_20200818T142741_N0214_R053_T20LMP_20200818T165705_16_09.png,0.0,0.0,0.0,0.0,0.35345458984375,0.053172700019786134
YOLOv11x,train_S2A_MSIL2A_20200818T142741_N0214_R053_T20LMP_20200818T165705_16_14.png,0.0,0.0,0.0,0.0,0.00185394287109375,0.0639272999833338
YOLOv11x,train_S2A_MSIL2A_20200818T142741_N0214_R053_T20LMP_20200818T165705_16_15.png,0.0,0.0,0.0,0.0,0.002597808837890625,0.05255870000110008
YOLOv11x,train_S2A_MSIL2A_20200818T142741_N0214_R053_T20LMP_20200818T165705_16_16.png,0.0,0.0,0.0,0.0,0.013824462890625,0.05378710001241416
YOLOv11x,train_S2A_MSIL2A_20200818T142741_N0214_R053_T20LMP_20200818T165705_16_18.png,0.0,0.0,0.0,0.0,0.20042037963867188,0.056372599996393546
YOLOv11x,train_S2A_MSIL2A_20200818T142741_N0214_R053_T20LMP_20200818T165705_16_19.png,0.0,0.0,0.0,0.0,0.7223663330078125,0.05377230001613498
YOLOv11x,train_S2A_MSIL2A_20200818T142741_N0214_R053_T20LMP_20200818T165705_16_20.png,0.0,0.0,0.0,0.0,0.8351707458496094,0.060149400000227615
YOLOv11x,train_S2A_MSIL2A_20200818T142741_N0214_R053_T20LMP_20200818T165705_16_21.png,0.0,0.0,0.0,0.0,0.8493537902832031,0.05386630000430159
YOLOv11x,train_S2A_MSIL2A_20200818T142741_N0214_R053_T20LMP_20200818T165705_17_05.png,0.0,0.0,0.0,0.0,0.044521331787109375,0.054140199994435534
YOLOv11x,train_S2A_MSIL2A_20200818T142741_N0214_R053_T20LMP_20200818T165705_17_06.png,0.0,0.0,0.0,0.0,0.18672561645507812,0.0538774999731686
YOLOv11x,train_S2A_MSIL2A_20200818T142741_N0214_R053_T20LMP_20200818T165705_17_07.png,0.0,0.0,0.0,0.0,0.15289688110351562,0.05454189999727532
YOLOv11x,train_S2A_MSIL2A_20200818T142741_N0214_R053_T20LMP_20200818T165705_17_08.png,0.0,0.0,0.0,0.0,0.20833587646484375,0.06319380001514219
YOLOv11x,train_S2A_MSIL2A_20200818T142741_N0214_R053_T20LMP_20200818T165705_17_10.png,0.0,0.0,0.0,0.0,0.03167724609375,0.05303830001503229
YOLOv11x,train_S2A_MSIL2A_20200818T142741_N0214_R053_T20LMP_20200818T165705_17_11.png,0.0,0.0,0.0,0.0,0.042896270751953125,0.05463369999779388
YOLOv11x,train_S2A_MSIL2A_20200818T142741_N0214_R053_T20LMP_20200818T165705_17_13.png,0.0,0.0,0.0,0.0,0.012416839599609375,0.05239270001766272
YOLOv11x,train_S2A_MSIL2A_20200818T142741_N0214_R053_T20LMP_20200818T165705_17_16.png,0.0,0.0,0.0,0.0,0.020793914794921875,0.050985700014280155
YOLOv11x,train_S2A_MSIL2A_20200818T142741_N0214_R053_T20LMP_20200818T165705_17_17.png,0.0,0.0,0.0,0.0,0.07855606079101562,0.05354470000020228
YOLOv11x,train_S2A_MSIL2A_20200818T142741_N0214_R053_T20LMP_20200818T165705_17_18.png,0.0,0.0,0.0,0.0,0.08995437622070312,0.05132820000289939
YOLOv11x,train_S2A_MSIL2A_20200818T142741_N0214_R053_T20LMP_20200818T165705_17_19.png,0.0,0.0,0.0,0.0,0.11837005615234375,0.05391740001505241
YOLOv11x,train_S2A_MSIL2A_20200818T142741_N0214_R053_T20LMP_20200818T165705_17_20.png,0.0,0.0,0.0,0.0,0.7849159240722656,0.05206069999258034
YOLOv11x,train_S2A_MSIL2A_20200818T142741_N0214_R053_T20LMP_20200818T165705_17_21.png,0.0,0.0,0.0,0.0,0.7779045104980469,0.05294320001848973
YOLOv11x,train_S2A_MSIL2A_20200818T142741_N0214_R053_T20LMP_20200818T165705_18_06.png,0.0,0.0,0.0,0.0,0.00522613525390625,0.05235410001478158
YOLOv11x,train_S2A_MSIL2A_20200818T142741_N0214_R053_T20LMP_20200818T165705_18_07.png,0.0,0.0,0.0,0.0,0.011646270751953125,0.051990200008731335
YOLOv11x,train_S2A_MSIL2A_20200818T142741_N0214_R053_T20LMP_20200818T165705_18_10.png,0.0,0.0,0.0,0.0,0.058135986328125,0.052443699998548254
YOLOv11x,train_S2A_MSIL2A_20200818T142741_N0214_R053_T20LMP_20200818T165705_18_14.png,0.0,0.0,0.0,0.0,0.005878448486328125,0.053402099991217256
YOLOv11x,train_S2A_MSIL2A_20200818T142741_N0214_R053_T20LMP_20200818T165705_18_15.png,0.0,0.0,0.0,0.0,0.020748138427734375,0.05367090000072494
YOLOv11x,train_S2A_MSIL2A_20200818T142741_N0214_R053_T20LMP_20200818T165705_18_16.png,0.0,0.0,0.0,0.0,0.033153533935546875,0.05211220000637695
YOLOv11x,train_S2A_MSIL2A_20200818T142741_N0214_R053_T20LMP_20200818T165705_18_17.png,0.0,0.0,0.0,0.0,0.08621978759765625,0.051564900000812486
YOLOv11x,train_S2A_MSIL2A_20200818T142741_N0214_R053_T20LMP_20200818T165705_18_18.png,0.0,0.0,0.0,0.0,0.02764892578125,0.05392570002004504
YOLOv11x,train_S2A_MSIL2A_20200818T142741_N0214_R053_T20LMP_20200818T165705_19_16.png,0.0,0.0,0.0,0.0,0.01702117919921875,0.05220579999149777
YOLOv11x,train_S2A_MSIL2A_20200818T142741_N0214_R053_T20LMP_20200818T165705_19_17.png,0.0,0.0,0.0,0.0,0.036529541015625,0.05227590000140481
YOLOv11x,train_S2A_MSIL2A_20200818T142741_N0214_R053_T20LMP_20200818T165705_20_01.png,0.0,0.0,0.0,0.0,0.000720977783203125,0.05198039999231696
YOLOv11x,train_S2A_MSIL2A_20200818T142741_N0214_R053_T20LMP_20200818T165705_20_06.png,0.0,0.0,0.0,0.0,0.47835540771484375,0.05178510001860559
YOLOv11x,train_S2A_MSIL2A_20200818T142741_N0214_R053_T20LMP_20200818T165705_20_14.png,0.0,0.0,0.0,0.0,0.08772659301757812,0.05637529998784885
YOLOv11x,train_S2A_MSIL2A_20200818T142741_N0214_R053_T20LMP_20200818T165705_20_15.png,0.0,0.0,0.0,0.0,0.024730682373046875,0.053919199999654666
YOLOv11x,train_S2A_MSIL2A_20200818T142741_N0214_R053_T20LMP_20200818T165705_20_17.png,0.0,0.0,0.0,0.0,0.03447723388671875,0.05494919998454861
YOLOv11x,train_S2A_MSIL2A_20200818T142741_N0214_R053_T20LMP_20200818T165705_20_18.png,0.0,0.0,0.0,0.0,0.01085662841796875,0.05283519998192787
YOLOv11x,train_S2A_MSIL2A_20200818T142741_N0214_R053_T20LMP_20200818T165705_21_04.png,0.0,0.0,0.0,0.0,0.00157928466796875,0.05317620001733303
YOLOv11x,train_S2A_MSIL2A_20200818T142741_N0214_R053_T20LMP_20200818T165705_21_05.png,0.0,0.0,0.0,0.0,0.002109527587890625,0.05377679999219254
YOLOv11x,train_S2A_MSIL2A_20200818T142741_N0214_R053_T20LMP_20200818T165705_21_06.png,0.0,0.0,0.0,0.0,0.12913131713867188,0.051510300021618605
YOLOv11x,train_S2A_MSIL2A_20200818T142741_N0214_R053_T20LMP_20200818T165705_21_17.png,0.0,0.0,0.0,0.0,0.022640228271484375,0.05179530000896193
YOLOv11x,train_S2A_MSIL2A_20200818T142741_N0214_R053_T20LMP_20200818T165705_21_18.png,0.0,0.0,0.0,0.0,0.012302398681640625,0.05339359998470172
YOLOv11x,train_S2B_MSIL2A_20200202T141649_N0213_R010_T20LQN_20200202T164215_03_02.png,0.0,0.0,0.0,0.0,0.011814117431640625,0.04727660000207834
YOLOv11x,train_S2B_MSIL2A_20200202T141649_N0213_R010_T20LQN_20200202T164215_03_04.png,0.0,0.0,0.0,0.0,0.011501312255859375,0.04831510002259165
YOLOv11x,train_S2B_MSIL2A_20200202T141649_N0213_R010_T20LQN_20200202T164215_04_02.png,0.0,0.0,0.0,0.0,0.00690460205078125,0.048581099981674924
YOLOv11x,train_S2B_MSIL2A_20200202T141649_N0213_R010_T20LQN_20200202T164215_04_03.png,0.0,0.0,0.0,0.0,7.62939453125e-06,0.052058199973544106
YOLOv11x,train_S2B_MSIL2A_20200202T141649_N0213_R010_T20LQN_20200202T164215_04_04.png,0.0,0.0,0.0,0.0,8.392333984375e-05,0.051579899998614565
YOLOv11x,train_S2B_MSIL2A_20200202T141649_N0213_R010_T20LQN_20200202T164215_04_06.png,0.0,0.0,0.0,0.0,0.6703567504882812,0.05405159998917952
YOLOv11x,train_S2B_MSIL2A_20200202T141649_N0213_R010_T20LQN_20200202T164215_04_09.png,0.0,0.0,0.0,0.0,0.020721435546875,0.04799370002001524
YOLOv11x,train_S2B_MSIL2A_20200202T141649_N0213_R010_T20LQN_20200202T164215_05_10.png,0.0,0.0,0.0,0.0,0.004474639892578125,0.05086339998524636
YOLOv11x,train_S2B_MSIL2A_20200202T141649_N0213_R010_T20LQN_20200202T164215_05_11.png,0.0,0.0,0.0,0.0,0.015377044677734375,0.048380899999756366
YOLOv11x,train_S2B_MSIL2A_20200202T141649_N0213_R010_T20LQN_20200202T164215_05_12.png,0.0,0.0,0.0,0.0,0.0263214111328125,0.0488881999917794
YOLOv11x,train_S2B_MSIL2A_20200202T141649_N0213_R010_T20LQN_20200202T164215_05_21.png,0.0,0.0,0.0,0.0,0.000965118408203125,0.04866460000630468
YOLOv11x,train_S2B_MSIL2A_20200202T141649_N0213_R010_T20LQN_20200202T164215_06_11.png,0.0,0.0,0.0,0.0,0.001316070556640625,0.048268599988659844
YOLOv11x,train_S2B_MSIL2A_20200202T141649_N0213_R010_T20LQN_20200202T164215_06_12.png,0.0,0.0,0.0,0.0,0.00148773193359375,0.05142800000612624
YOLOv11x,train_S2B_MSIL2A_20200202T141649_N0213_R010_T20LQN_20200202T164215_07_11.png,0.0,0.0,0.0,0.0,6.866455078125e-05,0.04826619999948889
YOLOv11x,train_S2B_MSIL2A_20200202T141649_N0213_R010_T20LQN_20200202T164215_07_17.png,0.0,0.0,0.0,0.0,0.004779815673828125,0.049335199990309775
YOLOv11x,train_S2B_MSIL2A_20200202T141649_N0213_R010_T20LQN_20200202T164215_08_11.png,0.0,0.0,0.0,0.0,0.0,0.05018690001452342
YOLOv11x,train_S2B_MSIL2A_20200202T141649_N0213_R010_T20LQN_20200202T164215_08_14.png,0.0,0.0,0.0,0.0,0.00867462158203125,0.04903840000042692
YOLOv11x,train_S2B_MSIL2A_20200202T141649_N0213_R010_T20LQN_20200202T164215_09_11.png,0.0,0.0,0.0,0.0,0.0001373291015625,0.047743900009663776
YOLOv11x,train_S2B_MSIL2A_20200202T141649_N0213_R010_T20LQN_20200202T164215_10_05.png,0.0,0.0,0.0,0.0,0.28417205810546875,0.051301100000273436
YOLOv11x,train_S2B_MSIL2A_20200202T141649_N0213_R010_T20LQN_20200202T164215_10_06.png,0.0,0.0,0.0,0.0,0.32762908935546875,0.052843499986920506
YOLOv11x,train_S2B_MSIL2A_20200202T141649_N0213_R010_T20LQN_20200202T164215_11_05.png,0.0,0.0,0.0,0.0,0.5074653625488281,0.05227119999472052
YOLOv11x,train_S2B_MSIL2A_20200202T141649_N0213_R010_T20LQN_20200202T164215_11_06.png,0.0,0.0,0.0,0.0,0.5324211120605469,0.05216429999563843
YOLOv11x,train_S2B_MSIL2A_20200202T141649_N0213_R010_T20LQN_20200202T164215_11_07.png,0.0,0.0,0.0,0.0,0.2935295104980469,0.05158010000013746
YOLOv11x,train_S2B_MSIL2A_20200202T141649_N0213_R010_T20LQN_20200202T164215_12_03.png,0.0,0.0,0.0,0.0,0.6591339111328125,0.05210200001602061
YOLOv11x,train_S2B_MSIL2A_20200202T141649_N0213_R010_T20LQN_20200202T164215_13_04.png,0.0,0.0,0.0,0.0,0.6973075866699219,0.052577099995687604
YOLOv11x,train_S2B_MSIL2A_20200202T141649_N0213_R010_T20LQN_20200202T164215_13_14.png,0.0,0.0,0.0,0.0,1.52587890625e-05,0.04825259998324327
YOLOv11x,train_S2B_MSIL2A_20200202T141649_N0213_R010_T20LQN_20200202T164215_16_08.png,0.0,0.0,0.0,0.0,0.6018486022949219,0.053374099981738254
YOLOv11x,train_S2B_MSIL2A_20200202T141649_N0213_R010_T20LQN_20200202T164215_18_10.png,0.0,0.0,0.0,0.0,0.3902168273925781,0.0569647999946028
YOLOv11x,train_S2B_MSIL2A_20200202T141649_N0213_R010_T20LQN_20200202T164215_20_13.png,0.0,0.0,0.0,0.0,0.10293197631835938,0.04975229999399744
YOLOv11x,val_S2A_MSIL2A_20200111T142701_N0213_R053_T20NQG_20200111T164651_01_04.png,0.0,0.0,0.0,0.0,0.36563873291015625,0.051947100000688806
YOLOv11x,val_S2A_MSIL2A_20200111T142701_N0213_R053_T20NQG_20200111T164651_01_05.png,0.0,0.0,0.0,0.0,0.31932830810546875,0.05367530000512488
YOLOv11x,val_S2A_MSIL2A_20200111T142701_N0213_R053_T20NQG_20200111T164651_01_12.png,0.0,0.0,0.0,0.0,0.2932472229003906,0.058334600005764514
YOLOv11x,val_S2A_MSIL2A_20200111T142701_N0213_R053_T20NQG_20200111T164651_01_14.png,0.0,0.0,0.0,0.0,0.3446235656738281,0.05441390001215041
YOLOv11x,val_S2A_MSIL2A_20200111T142701_N0213_R053_T20NQG_20200111T164651_02_12.png,0.0,0.0,0.0,0.0,0.2871360778808594,0.05615240000770427
YOLOv11x,val_S2A_MSIL2A_20200111T142701_N0213_R053_T20NQG_20200111T164651_11_12.png,0.0,0.0,0.0,0.0,0.216705322265625,0.05402189999585971
YOLOv11x,val_S2A_MSIL2A_20200111T142701_N0213_R053_T20NQG_20200111T164651_12_06.png,0.0,0.0,0.0,0.0,0.6811637878417969,0.059158199990633875
YOLOv11x,val_S2A_MSIL2A_20200111T142701_N0213_R053_T20NQG_20200111T164651_12_08.png,0.0,0.0,0.0,0.0,0.6120643615722656,0.05782880002516322
YOLOv11x,val_S2A_MSIL2A_20200111T142701_N0213_R053_T20NQG_20200111T164651_12_16.png,0.0,0.0,0.0,0.0,0.22155380249023438,0.052622699993662536
YOLOv11x,val_S2A_MSIL2A_20200111T142701_N0213_R053_T20NQG_20200111T164651_14_12.png,0.0,0.0,0.0,0.0,0.7540359497070312,0.05762809998122975
YOLOv11x,val_S2A_MSIL2A_20200111T142701_N0213_R053_T20NQG_20200111T164651_14_13.png,0.0,0.0,0.0,0.0,0.11713027954101562,0.0568996999936644
YOLOv11x,val_S2A_MSIL2A_20200111T142701_N0213_R053_T20NQG_20200111T164651_15_01.png,0.0,0.0,0.0,0.0,0.49146270751953125,0.05815029999939725
YOLOv11x,val_S2A_MSIL2A_20200111T142701_N0213_R053_T20NQG_20200111T164651_19_08.png,1.0,1.0,0.0,0.0,1.0,0.053676399984396994
YOLOv11x,val_S2A_MSIL2A_20200115T140641_N0213_R110_T21LUH_20200115T163049_01_04.png,0.0,0.0,0.0,0.0,0.8509292602539062,0.05566869999165647
YOLOv11x,val_S2A_MSIL2A_20200115T140641_N0213_R110_T21LUH_20200115T163049_05_15.png,0.0,0.0,0.0,0.0,0.4757118225097656,0.05441069998778403
YOLOv11x,val_S2A_MSIL2A_20200115T140641_N0213_R110_T21LUH_20200115T163049_06_05.png,0.0,0.0,0.0,0.0,0.86505126953125,0.053477800014661625
YOLOv11x,val_S2A_MSIL2A_20200115T140641_N0213_R110_T21LUH_20200115T163049_06_08.png,0.0,0.0,0.0,0.0,0.8009757995605469,0.05541149998316541
YOLOv11x,val_S2A_MSIL2A_20200115T140641_N0213_R110_T21LUH_20200115T163049_06_10.png,0.0,0.0,0.0,0.0,0.7020072937011719,0.053506099997321144
YOLOv11x,val_S2A_MSIL2A_20200115T140641_N0213_R110_T21LUH_20200115T163049_07_07.png,0.0,0.0,0.0,0.0,0.7637176513671875,0.05350360000738874
YOLOv11x,val_S2A_MSIL2A_20200115T140641_N0213_R110_T21LUH_20200115T163049_09_15.png,0.0,0.0,0.0,0.0,0.6642875671386719,0.05369790000258945
YOLOv11x,val_S2A_MSIL2A_20200217T141651_N0209_R010_T20LQN_20200217T160045_01_21.png,0.0,0.0,0.0,0.0,0.13463973999023438,0.050086500006727874
YOLOv11x,val_S2A_MSIL2A_20200217T141651_N0209_R010_T20LQN_20200217T160045_03_18.png,0.0,0.0,0.0,0.0,0.116455078125,0.05054010002641007
YOLOv11x,val_S2A_MSIL2A_20200217T141651_N0209_R010_T20LQN_20200217T160045_03_20.png,0.0,0.0,0.0,0.0,0.22586822509765625,0.05089880002196878
YOLOv11x,val_S2A_MSIL2A_20200217T141651_N0209_R010_T20LQN_20200217T160045_05_06.png,0.0,0.0,0.0,0.0,0.7881813049316406,0.05089729998144321
YOLOv11x,val_S2A_MSIL2A_20200217T141651_N0209_R010_T20LQN_20200217T160045_05_15.png,0.0,0.0,0.0,0.0,0.110107421875,0.05031079999753274
YOLOv11x,val_S2A_MSIL2A_20200217T141651_N0209_R010_T20LQN_20200217T160045_06_15.png,0.0,0.0,0.0,0.0,0.10819244384765625,0.05064090000814758
YOLOv11x,val_S2A_MSIL2A_20200217T141651_N0209_R010_T20LQN_20200217T160045_06_21.png,0.0,0.0,0.0,0.0,0.08015823364257812,0.04976010002428666
YOLOv11x,val_S2A_MSIL2A_20200217T141651_N0209_R010_T20LQN_20200217T160045_07_15.png,0.0,0.0,0.0,0.0,0.11628341674804688,0.04954009997891262
YOLOv11x,val_S2A_MSIL2A_20200217T141651_N0209_R010_T20LQN_20200217T160045_08_08.png,0.0,0.0,0.0,0.0,0.54241943359375,0.052689800009829924
YOLOv11x,val_S2A_MSIL2A_20200217T141651_N0209_R010_T20LQN_20200217T160045_09_15.png,0.0,0.0,0.0,0.0,0.1088409423828125,0.05046679999213666
YOLOv11x,val_S2A_MSIL2A_20200217T141651_N0209_R010_T20LQN_20200217T160045_09_21.png,0.0,0.0,0.0,0.0,0.0380096435546875,0.048353000020142645
YOLOv11x,val_S2A_MSIL2A_20200217T141651_N0209_R010_T20LQN_20200217T160045_10_02.png,0.0,0.0,0.0,0.0,0.6653480529785156,0.05416329999570735
YOLOv11x,val_S2A_MSIL2A_20200217T141651_N0209_R010_T20LQN_20200217T160045_10_14.png,0.0,0.0,0.0,0.0,0.07329940795898438,0.05060250000678934
YOLOv11x,val_S2A_MSIL2A_20200217T141651_N0209_R010_T20LQN_20200217T160045_11_03.png,0.0,0.0,0.0,0.0,0.8767166137695312,0.06499800001620315
YOLOv11x,val_S2A_MSIL2A_20200217T141651_N0209_R010_T20LQN_20200217T160045_13_07.png,0.0,0.0,0.0,0.0,0.5525398254394531,0.06911569999647327
YOLOv11x,val_S2A_MSIL2A_20200217T141651_N0209_R010_T20LQN_20200217T160045_13_16.png,0.0,0.0,0.0,0.0,0.20554351806640625,0.05801780000911094
YOLOv11x,val_S2A_MSIL2A_20200217T141651_N0209_R010_T20LQN_20200217T160045_14_04.png,0.0,0.0,0.0,0.0,0.862579345703125,0.056575900001917034
YOLOv11x,val_S2A_MSIL2A_20200217T141651_N0209_R010_T20LQN_20200217T160045_15_19.png,0.006785840678830975,0.013480206821851179,1.0,0.006785840678830975,0.07929611206054688,0.05486950001795776
YOLOv11x,val_S2A_MSIL2A_20200217T141651_N0209_R010_T20LQN_20200217T160045_15_21.png,0.0,0.0,0.0,0.0,0.109466552734375,0.051717700000153854
YOLOv11x,val_S2A_MSIL2A_20200217T141651_N0209_R010_T20LQN_20200217T160045_17_06.png,0.0,0.0,0.0,0.0,0.8306732177734375,0.05451260000700131
YOLOv11x,val_S2A_MSIL2A_20200217T141651_N0209_R010_T20LQN_20200217T160045_17_17.png,0.0,0.0,0.0,0.0,0.09857177734375,0.05604199998197146
YOLOv11x,val_S2A_MSIL2A_20200217T141651_N0209_R010_T20LQN_20200217T160045_20_04.png,0.0,0.0,0.0,0.0,0.6772270202636719,0.054671800025971606
YOLOv11x,val_S2A_MSIL2A_20200217T141651_N0209_R010_T20LQN_20200217T160045_20_18.png,0.0,0.0,0.0,0.0,0.10811614990234375,0.05173010000726208
YOLOv11x,val_S2A_MSIL2A_20200818T142741_N0214_R053_T20LMP_20200818T165705_01_01.png,0.0,0.0,0.0,0.0,0.7515487670898438,0.056322300020838156
YOLOv11x,val_S2A_MSIL2A_20200818T142741_N0214_R053_T20LMP_20200818T165705_01_06.png,0.0,0.0,0.0,0.0,0.45024871826171875,0.05822520001675002
YOLOv11x,val_S2A_MSIL2A_20200818T142741_N0214_R053_T20LMP_20200818T165705_01_11.png,0.0,0.0,0.0,0.0,0.5774650573730469,0.05429179998463951
YOLOv11x,val_S2A_MSIL2A_20200818T142741_N0214_R053_T20LMP_20200818T165705_03_05.png,0.0,0.0,0.0,0.0,0.7931098937988281,0.05465189999085851
YOLOv11x,val_S2A_MSIL2A_20200818T142741_N0214_R053_T20LMP_20200818T165705_03_08.png,0.0,0.0,0.0,0.0,0.8326835632324219,0.05585679999785498
YOLOv11x,val_S2A_MSIL2A_20200818T142741_N0214_R053_T20LMP_20200818T165705_03_12.png,0.0,0.0,0.0,0.0,0.8703079223632812,0.054193499992834404
YOLOv11x,val_S2A_MSIL2A_20200818T142741_N0214_R053_T20LMP_20200818T165705_03_16.png,0.0,0.0,0.0,0.0,0.8142814636230469,0.051547299983212724
YOLOv11x,val_S2A_MSIL2A_20200818T142741_N0214_R053_T20LMP_20200818T165705_03_21.png,0.0,0.0,0.0,0.0,0.7777671813964844,0.051141100004315376
YOLOv11x,val_S2A_MSIL2A_20200818T142741_N0214_R053_T20LMP_20200818T165705_04_06.png,0.0,0.0,0.0,0.0,0.8321762084960938,0.051357599993934855
YOLOv11x,val_S2A_MSIL2A_20200818T142741_N0214_R053_T20LMP_20200818T165705_04_09.png,0.0,0.0,0.0,0.0,0.6206016540527344,0.051122100005159155
YOLOv11x,val_S2A_MSIL2A_20200818T142741_N0214_R053_T20LMP_20200818T165705_04_10.png,0.0,0.0,0.0,0.0,0.5830459594726562,0.052436400001170114
YOLOv11x,val_S2A_MSIL2A_20200818T142741_N0214_R053_T20LMP_20200818T165705_05_11.png,0.0,0.0,0.0,0.0,0.5983734130859375,0.05128600000170991
YOLOv11x,val_S2A_MSIL2A_20200818T142741_N0214_R053_T20LMP_20200818T165705_05_19.png,0.0,0.0,0.0,0.0,0.7525596618652344,0.0513578999962192
YOLOv11x,val_S2A_MSIL2A_20200818T142741_N0214_R053_T20LMP_20200818T165705_05_21.png,0.0,0.0,0.0,0.0,0.7571830749511719,0.055993499991018325
YOLOv11x,val_S2A_MSIL2A_20200818T142741_N0214_R053_T20LMP_20200818T165705_06_14.png,0.0,0.0,0.0,0.0,0.7907752990722656,0.05423589999554679
YOLOv11x,val_S2A_MSIL2A_20200818T142741_N0214_R053_T20LMP_20200818T165705_08_01.png,0.0,0.0,0.0,0.0,0.7839164733886719,0.052642099995864555
YOLOv11x,val_S2A_MSIL2A_20200818T142741_N0214_R053_T20LMP_20200818T165705_08_14.png,0.0,0.0,0.0,0.0,0.7995185852050781,0.05514199999743141
YOLOv11x,val_S2A_MSIL2A_20200818T142741_N0214_R053_T20LMP_20200818T165705_08_16.png,0.0,0.0,0.0,0.0,0.6070175170898438,0.052686699986224994
YOLOv11x,val_S2A_MSIL2A_20200818T142741_N0214_R053_T20LMP_20200818T165705_09_04.png,0.0,0.0,0.0,0.0,0.7803840637207031,0.05538629999500699
YOLOv11x,val_S2A_MSIL2A_20200818T142741_N0214_R053_T20LMP_20200818T165705_09_13.png,0.0,0.0,0.0,0.0,0.7025260925292969,0.051603700005216524
YOLOv11x,val_S2A_MSIL2A_20200818T142741_N0214_R053_T20LMP_20200818T165705_09_19.png,0.0,0.0,0.0,0.0,0.6688117980957031,0.05222110002068803
YOLOv11x,val_S2A_MSIL2A_20200818T142741_N0214_R053_T20LMP_20200818T165705_09_20.png,0.0,0.0,0.0,0.0,0.7439422607421875,0.05396410002140328
YOLOv11x,val_S2A_MSIL2A_20200818T142741_N0214_R053_T20LMP_20200818T165705_10_08.png,0.0,0.0,0.0,0.0,0.8647613525390625,0.052350099984323606
YOLOv11x,val_S2A_MSIL2A_20200818T142741_N0214_R053_T20LMP_20200818T165705_10_15.png,0.0,0.0,0.0,0.0,0.6877479553222656,0.05564209999283776
YOLOv11x,val_S2A_MSIL2A_20200818T142741_N0214_R053_T20LMP_20200818T165705_11_11.png,0.0,0.0,0.0,0.0,0.7030143737792969,0.05492770002456382
YOLOv11x,val_S2A_MSIL2A_20200818T142741_N0214_R053_T20LMP_20200818T165705_11_12.png,0.0,0.0,0.0,0.0,0.7822380065917969,0.051474399981088936
YOLOv11x,val_S2A_MSIL2A_20200818T142741_N0214_R053_T20LMP_20200818T165705_11_19.png,0.0,0.0,0.0,0.0,0.4407615661621094,0.0507371999847237
YOLOv11x,val_S2A_MSIL2A_20200818T142741_N0214_R053_T20LMP_20200818T165705_12_04.png,0.0,0.0,0.0,0.0,0.7369194030761719,0.05082620002212934
YOLOv11x,val_S2A_MSIL2A_20200818T142741_N0214_R053_T20LMP_20200818T165705_12_05.png,0.0,0.0,0.0,0.0,0.84783935546875,0.05113020000862889
YOLOv11x,val_S2A_MSIL2A_20200818T142741_N0214_R053_T20LMP_20200818T165705_12_10.png,0.0,0.0,0.0,0.0,0.6171875,0.05177510000066832
YOLOv11x,val_S2A_MSIL2A_20200818T142741_N0214_R053_T20LMP_20200818T165705_13_04.png,0.0,0.0,0.0,0.0,0.8688697814941406,0.051982999983010814
YOLOv11x,val_S2A_MSIL2A_20200818T142741_N0214_R053_T20LMP_20200818T165705_13_06.png,0.0,0.0,0.0,0.0,0.7975654602050781,0.05153860000427812
YOLOv11x,val_S2A_MSIL2A_20200818T142741_N0214_R053_T20LMP_20200818T165705_13_14.png,0.0,0.0,0.0,0.0,0.0088043212890625,0.05227529999683611
YOLOv11x,val_S2A_MSIL2A_20200818T142741_N0214_R053_T20LMP_20200818T165705_14_02.png,0.0,0.0,0.0,0.0,0.038360595703125,0.0539957000000868
YOLOv11x,val_S2A_MSIL2A_20200818T142741_N0214_R053_T20LMP_20200818T165705_14_03.png,0.0,0.0,0.0,0.0,0.07509231567382812,0.05644909999682568
YOLOv11x,val_S2A_MSIL2A_20200818T142741_N0214_R053_T20LMP_20200818T165705_14_05.png,0.0,0.0,0.0,0.0,0.6212692260742188,0.05590810001012869
YOLOv11x,val_S2A_MSIL2A_20200818T142741_N0214_R053_T20LMP_20200818T165705_14_06.png,0.0,0.0,0.0,0.0,0.6093673706054688,0.05152149999048561
YOLOv11x,val_S2A_MSIL2A_20200818T142741_N0214_R053_T20LMP_20200818T165705_14_18.png,0.0,0.0,0.0,0.0,0.91766357421875,0.05211069999495521
YOLOv11x,val_S2A_MSIL2A_20200818T142741_N0214_R053_T20LMP_20200818T165705_15_04.png,0.0,0.0,0.0,0.0,0.11451339721679688,0.053631699993275106
YOLOv11x,val_S2A_MSIL2A_20200818T142741_N0214_R053_T20LMP_20200818T165705_15_11.png,0.0,0.0,0.0,0.0,0.05999755859375,0.053254200000083074
YOLOv11x,val_S2A_MSIL2A_20200818T142741_N0214_R053_T20LMP_20200818T165705_17_15.png,0.0,0.0,0.0,0.0,0.014156341552734375,0.0520847000007052
YOLOv11x,val_S2A_MSIL2A_20200818T142741_N0214_R053_T20LMP_20200818T165705_18_11.png,0.0,0.0,0.0,0.0,0.005931854248046875,0.052931200014427304
YOLOv11x,val_S2A_MSIL2A_20200818T142741_N0214_R053_T20LMP_20200818T165705_19_15.png,0.0,0.0,0.0,0.0,0.015415191650390625,0.05150060000596568
YOLOv11x,val_S2A_MSIL2A_20200818T142741_N0214_R053_T20LMP_20200818T165705_19_18.png,0.0,0.0,0.0,0.0,0.002880096435546875,0.05105780001031235
YOLOv11x,val_S2A_MSIL2A_20200818T142741_N0214_R053_T20LMP_20200818T165705_19_19.png,0.0,0.0,0.0,0.0,0.004863739013671875,0.050993100012419745
YOLOv11x,val_S2A_MSIL2A_20200818T142741_N0214_R053_T20LMP_20200818T165705_20_10.png,0.0,0.0,0.0,0.0,0.026947021484375,0.053013900003861636
YOLOv11x,val_S2A_MSIL2A_20200818T142741_N0214_R053_T20LMP_20200818T165705_20_16.png,0.0,0.0,0.0,0.0,0.0437469482421875,0.05215439997846261
YOLOv11x,val_S2A_MSIL2A_20200818T142741_N0214_R053_T20LMP_20200818T165705_21_21.png,0.0,0.0,0.0,0.0,0.8556594848632812,0.050287799997022375
YOLOv11x,val_S2B_MSIL2A_20200202T141649_N0213_R010_T20LQN_20200202T164215_02_07.png,0.0,0.0,0.0,0.0,0.209991455078125,0.050749899994116277
YOLOv11x,val_S2B_MSIL2A_20200202T141649_N0213_R010_T20LQN_20200202T164215_03_03.png,0.0,0.0,0.0,0.0,0.00066375732421875,0.04768509999848902
YOLOv11x,val_S2B_MSIL2A_20200202T141649_N0213_R010_T20LQN_20200202T164215_04_10.png,0.0,0.0,0.0,0.0,3.0517578125e-05,0.04824659999576397
YOLOv11x,val_S2B_MSIL2A_20200202T141649_N0213_R010_T20LQN_20200202T164215_05_07.png,0.0,0.0,0.0,0.0,0.5007591247558594,0.05321010001352988
YOLOv11x,val_S2B_MSIL2A_20200202T141649_N0213_R010_T20LQN_20200202T164215_10_02.png,0.0,0.0,0.0,0.0,0.5900344848632812,0.05395279999356717
YOLOv11x,val_S2B_MSIL2A_20200202T141649_N0213_R010_T20LQN_20200202T164215_10_03.png,0.0,0.0,0.0,0.0,0.49022674560546875,0.05346049999934621
YOLOv11x,val_S2B_MSIL2A_20200202T141649_N0213_R010_T20LQN_20200202T164215_11_04.png,0.0,0.0,0.0,0.0,0.5555915832519531,0.05219280000892468
YOLOv11x,val_S2B_MSIL2A_20200202T141649_N0213_R010_T20LQN_20200202T164215_12_07.png,0.0,0.0,0.0,0.0,0.4833641052246094,0.057198300026357174
YOLOv11x,val_S2B_MSIL2A_20200202T141649_N0213_R010_T20LQN_20200202T164215_12_14.png,0.0,0.0,0.0,0.0,0.001064300537109375,0.05070020002312958
