U-Net,10452_sat_08.jpg,0.8936611374407583,0.9438448302831222,0.9859477124183007,0.9051905190519052,0.97808837890625,0.03460318750148872
U-Net,10452_sat_18.jpg,0.0,0.0,0.0,0.0,0.88592529296875,0.03460318750148872
U-Net,111335_sat_00.jpg,0.8101825679225833,0.8951390674945806,0.8287157508036125,0.9731381438357533,0.8258056640625,0.03460318750148872
U-Net,111335_sat_01.jpg,0.6549481957842086,0.7915029575579638,0.8005065391585336,0.7826996562986999,0.70526123046875,0.03460318750148872
U-Net,111335_sat_02.jpg,0.6882102404820801,0.8153134295472072,0.8478564718282428,0.7851762259426656,0.74420166015625,0.03460318750148872
U-Net,111335_sat_03.jpg,0.4866858913396938,0.65472591644914,0.49093300324926503,0.9825349146873935,0.4893646240234375,0.03460318750148872
U-Net,111335_sat_04.jpg,0.7575557263643351,0.8620559962914046,0.7657012337238571,0.9861519681415221,0.7593536376953125,0.03460318750148872
U-Net,111335_sat_07.jpg,0.9763942931258106,0.9880561753510959,1.0,0.9763942931258106,0.9763946533203125,0.03460318750148872
U-Net,111335_sat_08.jpg,0.502294327178833,0.668702953997163,0.5278109216913748,0.9122033898305085,0.5117645263671875,0.013230362499598414
U-Net,111335_sat_10.jpg,0.9982147216796875,0.999106563323279,0.9982451857051302,0.9999694287766925,0.9982147216796875,0.013230362499598414
U-Net,111335_sat_12.jpg,0.9124504653948945,0.9542212798766384,0.9781824768240273,0.9314059045797338,0.91302490234375,0.013230362499598414
U-Net,111335_sat_13.jpg,0.7457286967641104,0.854346609695305,0.7799572768644933,0.9444219523166891,0.7815399169921875,0.013230362499598414
U-Net,111335_sat_15.jpg,0.9489558800439629,0.9738095046282497,0.9762712411966143,0.9713601517172659,0.9503936767578125,0.013230362499598414
U-Net,111335_sat_23.jpg,0.8684163338495395,0.9295747613812839,0.8988341291400226,0.9624925472908273,0.8768310546875,0.013230362499598414
U-Net,111335_sat_24.jpg,0.9205163802320201,0.9586134122124085,0.9404917177514022,0.9774471762373553,0.9239959716796875,0.013230362499598414
U-Net,111335_sat_25.jpg,0.8586083471767909,0.9239260638003797,0.9122088791848617,0.935948176081843,0.8740234375,0.013230362499598414
U-Net,111335_sat_26.jpg,0.6092863894139886,0.7572131267895161,0.6706257179392705,0.8694748082164836,0.697235107421875,0.013311975002579857
U-Net,111335_sat_27.jpg,0.904916361614383,0.950085137436147,0.9976160880004087,0.9068773895949105,0.90606689453125,0.013311975002579857
U-Net,111335_sat_35.jpg,0.831832307985032,0.9081970051068986,0.8754756024297443,0.9434593389202603,0.838165283203125,0.013311975002579857
U-Net,111335_sat_36.jpg,0.6011494806466632,0.7508973870495518,0.622454577189687,0.9461303282209365,0.62091064453125,0.013311975002579857
U-Net,111335_sat_37.jpg,0.8975101530236305,0.9459871944226201,0.9838270375866409,0.9109503269792681,0.9087371826171875,0.013311975002579857
U-Net,111335_sat_44.jpg,0.7867769720491607,0.880666120458053,0.8216596743226907,0.948803218787207,0.808868408203125,0.013311975002579857
U-Net,111335_sat_45.jpg,0.0697652728120628,0.13043099189165624,0.0708982338630691,0.813633067440174,0.5434417724609375,0.013311975002579857
U-Net,111335_sat_46.jpg,0.36783074177925057,0.5378307864330972,0.3697156033820138,0.9863294600136705,0.39453125,0.013311975002579857
U-Net,111335_sat_47.jpg,0.9194242006434246,0.9580208484765561,0.9578488372093024,0.9581929215347509,0.9250946044921875,0.013255437501356937
U-Net,111335_sat_48.jpg,0.9635872401829849,0.981456001000688,0.9777258566978193,0.9852147162230035,0.96380615234375,0.013255437501356937
U-Net,111335_sat_54.jpg,0.7820108427796945,0.877672373261056,0.7844853159299912,0.995982675287176,0.7975311279296875,0.013255437501356937
U-Net,111335_sat_55.jpg,0.2666721284614124,0.42105943988099087,0.2666721284614124,1.0,0.45367431640625,0.013255437501356937
U-Net,111335_sat_56.jpg,0.08966754722623735,0.1645778062391364,0.08994550272486376,0.9666845781837722,0.1639404296875,0.013255437501356937
U-Net,111335_sat_57.jpg,0.34793577440878976,0.5162497813538569,0.35088929046984974,0.9763795156808257,0.5780029296875,0.013255437501356937
U-Net,111335_sat_58.jpg,0.7227877838684417,0.8390909090909091,0.7597154447645365,0.9369878906533247,0.77313232421875,0.013255437501356937
U-Net,111335_sat_60.jpg,0.6368783234282139,0.778162083659781,0.6484188401643259,0.9728141423793598,0.645721435546875,0.013255437501356937
U-Net,111335_sat_61.jpg,0.8236544342507646,0.9033009969228706,0.8839060089921564,0.9235662237462494,0.8240203857421875,0.013273325002955971
U-Net,111335_sat_66.jpg,0.923827736556261,0.9604058814641633,0.9883142389525368,0.9340304094290884,0.9240264892578125,0.013273325002955971
U-Net,111335_sat_67.jpg,0.927780830520449,0.9625376659337079,0.9870058290047267,0.939253301969261,0.9298095703125,0.013273325002955971
U-Net,111335_sat_70.jpg,0.57279570090362,0.7283790266905372,0.5842359168809717,0.9669442028085,0.6457977294921875,0.013273325002955971
U-Net,111335_sat_71.jpg,0.8864132397506556,0.9397869152655236,0.9744532477171906,0.9075023711157908,0.889617919921875,0.013273325002955971
U-Net,111335_sat_73.jpg,0.7561849376686801,0.8611677750436795,0.9741918125750239,0.7716430878182325,0.7684173583984375,0.013273325002955971
U-Net,111335_sat_74.jpg,0.9062147777082029,0.950800285787023,0.9703964462325035,0.93197990791126,0.9085845947265625,0.013273325002955971
U-Net,111335_sat_75.jpg,0.4458903548307793,0.6167692499518256,0.4475407139332127,0.9917976012540556,0.4841156005859375,0.013273325002955971
U-Net,111335_sat_76.jpg,0.16601456363438757,0.28475555762688165,0.16607773851590105,0.9977139124755062,0.2974700927734375,0.013381325003138045
U-Net,111335_sat_77.jpg,0.3777766928672558,0.5483859537224053,0.3781336026453389,0.9975077346167067,0.4165802001953125,0.013381325003138045
U-Net,111335_sat_78.jpg,0.8904516306759921,0.9420517470289175,0.9081302970235215,0.9786056681523841,0.890777587890625,0.013381325003138045
U-Net,111335_sat_84.jpg,0.8512756386313072,0.9196638478543107,0.9928969201045573,0.8564916179209829,0.860260009765625,0.013381325003138045
U-Net,111335_sat_85.jpg,0.8364959469417833,0.9109695540954005,0.8922039005059851,0.9305415606373713,0.837493896484375,0.013381325003138045
U-Net,111335_sat_86.jpg,0.5123769315764303,0.6775783481996815,0.610680871137668,0.7609355865784962,0.548828125,0.013381325003138045
U-Net,111335_sat_87.jpg,0.3038569266366278,0.4660893698213404,0.32432131318007945,0.8280472194566918,0.3894195556640625,0.013381325003138045
U-Net,111335_sat_88.jpg,0.5747710440391813,0.7299741079375354,0.590293453724605,0.9562509936933595,0.592620849609375,0.013381325003138045
U-Net,114433_sat_51.jpg,0.022050489438433796,0.043149511039419296,0.023321708805579773,0.288021534320323,0.8551788330078125,0.013349849999940488
U-Net,114433_sat_52.jpg,0.4512606273819994,0.6218877834452805,0.5541355413554135,0.7085155350978136,0.8857574462890625,0.013349849999940488
U-Net,114433_sat_53.jpg,0.004422999597909127,0.008807045636509208,0.004442136840890735,0.506578947368421,0.4710693359375,0.013349849999940488
U-Net,114433_sat_60.jpg,0.06918014022034626,0.12940782870525258,0.07178916109873794,0.655593220338983,0.8014678955078125,0.013349849999940488
U-Net,114433_sat_61.jpg,0.5704677875811554,0.726494095698446,0.9436580932973508,0.5905832069488488,0.606292724609375,0.013349849999940488
U-Net,114433_sat_62.jpg,0.4505889021855514,0.6212496200772871,0.999965055736101,0.45059599729163713,0.46759033203125,0.013349849999940488
U-Net,114433_sat_63.jpg,0.6147861541021801,0.7614459072991008,0.8758297771455666,0.6734879905200309,0.8587188720703125,0.013349849999940488
U-Net,114433_sat_70.jpg,0.3129260450160772,0.4766849529780564,0.5075093867334167,0.44939046915404507,0.83697509765625,0.013349849999940488
U-Net,114433_sat_71.jpg,0.5417718088979965,0.7027911728198425,0.9907091978940848,0.5445384445163157,0.5871429443359375,0.013263000000733882
U-Net,114433_sat_73.jpg,0.31671368681941625,0.4810669016199764,0.768768,0.35006119951040393,0.6045684814453125,0.013263000000733882
U-Net,114433_sat_74.jpg,0.00031553704404897135,0.0006308750236578134,0.00031553704404897135,1.0,0.7582855224609375,0.013263000000733882
U-Net,114433_sat_75.jpg,0.42150819672131146,0.5930436387120583,0.8279664073368025,0.46196745817282814,0.6634674072265625,0.013263000000733882
U-Net,114433_sat_76.jpg,0.3811071330212063,0.5518864162080243,0.518782334857914,0.5895032802249297,0.82855224609375,0.013263000000733882
U-Net,114433_sat_80.jpg,0.3797787354149341,0.5504922284524484,0.8604053668284328,0.40471586636588247,0.6244659423828125,0.013263000000733882
U-Net,114433_sat_81.jpg,0.6701635583185317,0.8025124904452249,0.7845647323846037,0.8213006212870164,0.7279815673828125,0.013263000000733882
U-Net,114433_sat_82.jpg,0.7761198788458473,0.8739498815250951,0.9836946638918634,0.7862345170615119,0.78570556640625,0.013263000000733882
U-Net,114433_sat_83.jpg,0.5877136487490711,0.7403270094857713,0.9885558734479598,0.591739687079128,0.619049072265625,0.013330750000022817
U-Net,114433_sat_84.jpg,0.5528320142903218,0.7120306758268093,0.8807509881422925,0.597559667471172,0.7249755859375,0.013330750000022817
U-Net,114433_sat_85.jpg,0.6912481887162868,0.8174414533930315,1.0,0.6912481887162868,0.6976318359375,0.013330750000022817
U-Net,114433_sat_86.jpg,0.7770802659892893,0.8745584325721986,0.9565624377614022,0.8055043102002483,0.789764404296875,0.013330750000022817
U-Net,114433_sat_87.jpg,0.34064446249661523,0.5081801656231064,0.3569517632752331,0.8817462701511966,0.7399139404296875,0.013330750000022817
U-Net,114473_sat_60.jpg,0.23141731213480093,0.3758552195983227,0.3543855998335241,0.40009397392223656,0.827392578125,0.013330750000022817
U-Net,114473_sat_70.jpg,0.15731500659009603,0.2718620353046449,0.2159751841799147,0.36676909569798066,0.8634185791015625,0.013330750000022817
U-Net,114473_sat_86.jpg,0.1179787464758187,0.21105722599418042,0.13732172157011233,0.45580226225387516,0.875885009765625,0.013330750000022817
U-Net,114473_sat_87.jpg,0.57151857127205,0.7273456155334391,0.8357366017784187,0.6438423797327738,0.7613067626953125,0.013307487501151627
U-Net,114473_sat_88.jpg,0.5233076050571278,0.6870675408168825,0.9201284171612024,0.5482104042892334,0.7370758056640625,0.013307487501151627
U-Net,119079_sat_00.jpg,0.6878824969400245,0.8150833937635968,0.7249710300194591,0.9307770042667864,0.7704315185546875,0.013307487501151627
U-Net,119079_sat_01.jpg,0.7432290608707428,0.8527038443238204,0.7665863537956561,0.9606187236090752,0.7685394287109375,0.013307487501151627
U-Net,119079_sat_04.jpg,0.9579896024655231,0.9785441161272885,0.9973586128666343,0.9604263221135091,0.9588165283203125,0.013307487501151627
U-Net,119079_sat_05.jpg,0.9586226631056849,0.9788742682938707,0.997756333889286,0.96069359741526,0.9669036865234375,0.013307487501151627
U-Net,119079_sat_06.jpg,0.8536537614409476,0.9210498521335023,0.8996698648509234,0.9434707346099751,0.90875244140625,0.013307487501151627
U-Net,119079_sat_07.jpg,0.07693323647890114,0.14287466274221242,0.07731103590151968,0.9402744148506861,0.786712646484375,0.013307487501151627
U-Net,119079_sat_10.jpg,0.8343126282409998,0.9096733189271641,0.994386393952868,0.838260788080401,0.8373565673828125,0.013252512500912417
U-Net,119079_sat_11.jpg,0.9392915514206689,0.968695553520636,0.9628358786004253,0.9746269873624134,0.9410552978515625,0.013252512500912417
U-Net,119079_sat_12.jpg,0.8007030916318953,0.8893227266092542,0.8706105097702997,0.9088569830318851,0.81488037109375,0.013252512500912417
U-Net,119079_sat_16.jpg,0.8818318666049096,0.9372057963880257,0.9517986960234965,0.9230536139953941,0.9065704345703125,0.013252512500912417
U-Net,119079_sat_17.jpg,0.4267747344885411,0.5982370225269343,0.46606548279689236,0.8350484712900821,0.6557464599609375,0.013252512500912417
U-Net,119079_sat_18.jpg,0.0011699016219090667,0.002337069102884156,0.0011704618003830602,0.7096774193548387,0.7133941650390625,0.013252512500912417
U-Net,119079_sat_22.jpg,0.9096729404504782,0.952700246394959,0.9539872834053293,0.9514166774235188,0.9106597900390625,0.013252512500912417
U-Net,119079_sat_23.jpg,0.9048518494185664,0.9500495796507868,0.9247490515996911,0.9767734614634492,0.9116058349609375,0.013252512500912417
U-Net,119079_sat_28.jpg,0.5936882089707566,0.7450493837237776,0.6398508257858284,0.8916458268208816,0.7617034912109375,0.013307249999343185
U-Net,119079_sat_31.jpg,0.988739013671875,0.994337624871484,0.9971684466467637,0.9915228302117762,0.988739013671875,0.013307249999343185
U-Net,119079_sat_32.jpg,0.8629626964998741,0.9264411983355378,0.8943297047420221,0.960944541248573,0.8837432861328125,0.013307249999343185
U-Net,119079_sat_33.jpg,0.7060801144492131,0.8277221080877112,0.7420409697425296,0.9357728587002891,0.74920654296875,0.013307249999343185
U-Net,119079_sat_37.jpg,0.8675530345257222,0.929079944169878,0.9642499225597201,0.8963852564536893,0.8767242431640625,0.013307249999343185
U-Net,119079_sat_38.jpg,0.5873086428533328,0.7400056006720807,0.6672726905440074,0.8305340440510912,0.6458282470703125,0.013307249999343185
U-Net,119079_sat_40.jpg,0.92608377537955,0.9616235671753768,0.9370014620694761,0.9875746108531971,0.9383392333984375,0.013307249999343185
U-Net,119079_sat_41.jpg,0.9251847341309679,0.9611386561805437,0.9494511062320554,0.9731175350527955,0.930633544921875,0.013307249999343185
U-Net,119079_sat_42.jpg,0.7377613368669023,0.8490939707486523,0.7907018028324588,0.9167981703830761,0.7825775146484375,0.01327579999997397
U-Net,119079_sat_43.jpg,0.8483738961878096,0.9179678396644139,0.9997280687442215,0.8485697139427886,0.849609375,0.01327579999997397
U-Net,119079_sat_47.jpg,0.86890136080572,0.9298525636806424,0.975571438436572,0.8882269726501101,0.869903564453125,0.01327579999997397
U-Net,119079_sat_48.jpg,0.8003914210849804,0.8891304543126914,0.8966785656042184,0.8817083600598674,0.8116912841796875,0.01327579999997397
U-Net,119079_sat_50.jpg,0.21597232666566402,0.3552257266542981,0.21958025918421958,0.9292994661058082,0.68182373046875,0.01327579999997397
U-Net,119079_sat_51.jpg,0.7029891185596294,0.82559437508821,0.7484529846926906,0.9204646239235544,0.7925872802734375,0.01327579999997397
U-Net,119079_sat_52.jpg,0.9149487334605302,0.9555856169654356,0.9660639412997903,0.9453321580254828,0.9163360595703125,0.01327579999997397
U-Net,119079_sat_60.jpg,0.5828055616218971,0.7364209170767604,0.6439573697969033,0.8598893722141668,0.825103759765625,0.01327579999997397
U-Net,119079_sat_61.jpg,0.6527289493400956,0.7898802155074712,0.703272478887233,0.9008152714257308,0.8161163330078125,0.013290387501911027
U-Net,119079_sat_62.jpg,0.8271959276508177,0.9054266322871284,0.8407948332171297,0.9808223282892061,0.8539276123046875,0.013290387501911027
U-Net,119079_sat_63.jpg,0.878342476624228,0.9352314474650992,0.9215537214016797,0.9493213007159904,0.89239501953125,0.013290387501911027
U-Net,119079_sat_70.jpg,0.9400837520938023,0.9691166694007235,0.9912922142150629,0.947911564510953,0.9454193115234375,0.013290387501911027
U-Net,119079_sat_71.jpg,0.85446742740636,0.9215232522055238,0.8942251436831056,0.9505405059355051,0.8649444580078125,0.013290387501911027
U-Net,119079_sat_72.jpg,0.8876739060949145,0.9404949692092435,0.9165537606392218,0.9657204560844818,0.8981170654296875,0.013290387501911027
U-Net,119079_sat_73.jpg,0.867754871859139,0.9291956722301434,0.9267705074367169,0.9316335626229839,0.871185302734375,0.013290387501911027
U-Net,119079_sat_77.jpg,0.8886215834484471,0.9410266103449976,0.9297940756138755,0.9525338568528933,0.8905029296875,0.013290387501911027
U-Net,119079_sat_78.jpg,0.7324782730585927,0.8455843682996885,0.7746502362642453,0.9308187303778584,0.76702880859375,0.013238374998763902
U-Net,119079_sat_80.jpg,0.9180056593470238,0.9572502092194605,0.9709805019778066,0.9439028125159512,0.9243927001953125,0.013238374998763902
U-Net,119079_sat_81.jpg,0.849876729322718,0.9188468786608037,0.9971258544134717,0.8519637937819756,0.8541259765625,0.013238374998763902
U-Net,119079_sat_87.jpg,0.8481805219763189,0.9178546271760641,0.8706054532149788,0.9705266891292782,0.85052490234375,0.013238374998763902
U-Net,119079_sat_88.jpg,0.7757013835511145,0.8736844953061169,0.7833152762730228,0.987624367966074,0.7862701416015625,0.013238374998763902
U-Net,122104_sat_00.jpg,0.7888744467661528,0.8819785515883966,0.8041290712105458,0.9765173116089613,0.80419921875,0.013238374998763902
U-Net,122104_sat_01.jpg,0.49290521640361434,0.6603302218891236,0.5097032063531021,0.9373287340017409,0.5435791015625,0.013238374998763902
U-Net,122104_sat_03.jpg,0.9106934300886058,0.9532596027677487,0.962983698336901,0.9437299294808694,0.9124908447265625,0.013238374998763902
U-Net,122104_sat_04.jpg,0.8478985174996179,0.9176894829126278,0.8490664217936945,0.9983803627987331,0.84814453125,0.013297050001710886
U-Net,122104_sat_11.jpg,0.982757568359375,0.991303812470179,0.9999844737373267,0.9827725642786297,0.982757568359375,0.013297050001710886
U-Net,122104_sat_13.jpg,0.651505940867643,0.7889840717440771,0.706393432800048,0.8934444865479348,0.711334228515625,0.013297050001710886
U-Net,122104_sat_14.jpg,0.0015325805485581412,0.0030604706792837794,0.0015325805485581412,1.0,0.1351318359375,0.013297050001710886
U-Net,122104_sat_15.jpg,0.2889310057031576,0.44832656585142117,0.30625334045964725,0.8362858580775038,0.3759918212890625,0.013297050001710886
U-Net,122104_sat_16.jpg,0.8469281169879403,0.9171208226221079,0.9029460398879627,0.9317477452380123,0.8524169921875,0.013297050001710886
U-Net,122104_sat_20.jpg,0.46544666056040523,0.6352283888414098,0.4849925011199626,0.9203134240094618,0.5636444091796875,0.013297050001710886
U-Net,122104_sat_21.jpg,0.47500407099820874,0.6440715389710753,0.49376118392416696,0.9259477598403772,0.6556396484375,0.013297050001710886
U-Net,122104_sat_22.jpg,0.7200870195794054,0.8372681281618887,0.9506500725734227,0.7480498651308595,0.817413330078125,0.013231337499746587
U-Net,122104_sat_23.jpg,0.926879731657236,0.962052500142354,0.9643509458577951,0.9597649846623277,0.9288177490234375,0.013231337499746587
U-Net,122104_sat_24.jpg,0.6434934370795913,0.783080020353532,0.6512244034367928,0.9818857665954673,0.700775146484375,0.013231337499746587
U-Net,122104_sat_25.jpg,0.7028689501708655,0.8255114994026285,0.7058194471046415,0.9940877618919162,0.714752197265625,0.013231337499746587
U-Net,122104_sat_26.jpg,0.547968282058263,0.7079838629893043,0.5771043529685848,0.9156383281205573,0.5946502685546875,0.013231337499746587
U-Net,122104_sat_30.jpg,0.8197596590297118,0.900953766022931,0.9952736783112274,0.8229633291111866,0.821258544921875,0.013231337499746587
U-Net,122104_sat_31.jpg,0.8019047619047619,0.8900634249471459,0.8996281000226016,0.8806999899426733,0.8349609375,0.013231337499746587
U-Net,122104_sat_32.jpg,0.5384491504952089,0.699989532084162,0.6310078007045797,0.7859045678915615,0.73760986328125,0.013231337499746587
U-Net,122104_sat_34.jpg,0.9687606269514947,0.9841324675936467,0.998820660748721,0.9698700092850511,0.9691619873046875,0.013269187500554835
U-Net,122104_sat_40.jpg,0.2786509995421944,0.4358515335958945,0.3010799967023001,0.7890529348217501,0.567230224609375,0.013269187500554835
U-Net,122104_sat_41.jpg,0.5015171691152394,0.6680138987831296,0.5393844058882915,0.877205040091638,0.6515655517578125,0.013269187500554835
U-Net,122104_sat_42.jpg,0.6779357839191485,0.8080592718938223,0.8082574481243735,0.8078611928209063,0.7252655029296875,0.013269187500554835
U-Net,122104_sat_43.jpg,0.6727003263838007,0.8043285647442981,0.8004478085123247,0.8082471339108861,0.7000885009765625,0.013269187500554835
U-Net,122104_sat_50.jpg,0.159240955219376,0.2747331424108305,0.15932811172973482,0.9965765553063393,0.31988525390625,0.013269187500554835
U-Net,122104_sat_51.jpg,0.24965262932877297,0.3995552419441059,0.2542866474334549,0.9319700748129676,0.5715179443359375,0.013269187500554835
U-Net,122104_sat_52.jpg,0.1836547827781025,0.31031815264084794,0.19763102725366877,0.7219882055602359,0.3606109619140625,0.013269187500554835
U-Net,122104_sat_53.jpg,0.00042768672802545593,0.0008550077805708032,0.000427715996578272,0.8620689655172413,0.1084442138671875,0.013297237499500625
U-Net,122104_sat_54.jpg,0.13322503481023956,0.23512547061325437,0.13467472705946043,0.9252417555169848,0.2591094970703125,0.013297237499500625
U-Net,122104_sat_55.jpg,0.750610946313573,0.8575417032484636,0.8930602541830484,0.8247403529511104,0.752410888671875,0.013297237499500625
U-Net,122104_sat_56.jpg,0.6579381373901921,0.7936823727643679,0.8663357560716185,0.7322719610413935,0.689849853515625,0.013297237499500625
U-Net,122104_sat_57.jpg,0.8830211148261805,0.9378770188752675,0.9978434146509783,0.8847095175452014,0.883087158203125,0.013297237499500625
U-Net,122104_sat_60.jpg,0.21348675752121368,0.3518567568999311,0.2144344541477667,0.9797182683088723,0.25323486328125,0.013297237499500625
U-Net,122104_sat_61.jpg,0.5126809852519854,0.6778441591457989,0.6104865483686319,0.7619088441205887,0.61328125,0.013297237499500625
U-Net,122104_sat_62.jpg,0.6136378541448059,0.760564525142503,0.6301584361793477,0.9590273151232511,0.6404266357421875,0.013297237499500625
U-Net,122104_sat_63.jpg,0.18822768434670117,0.31682090364725096,0.19502154140737193,0.843827671913836,0.195709228515625,0.013297362500452437
U-Net,122104_sat_64.jpg,0.008519484060045324,0.016895031171332512,0.008528057308545113,0.8944543828264758,0.1121063232421875,0.013297362500452437
U-Net,122104_sat_65.jpg,0.7216092933693199,0.8382962338186218,0.9733659782840111,0.7361446559108621,0.730865478515625,0.013297362500452437
U-Net,122104_sat_70.jpg,0.6385188494121026,0.7793854182894532,0.7174252065893487,0.8530596585459428,0.654266357421875,0.013297362500452437
U-Net,122104_sat_71.jpg,0.8217441062027924,0.9021509699467283,0.9936894547467479,0.8260549445492614,0.821746826171875,0.013297362500452437
U-Net,122104_sat_73.jpg,0.7645003494060097,0.8665346534653465,0.8953839438361646,0.8394863837116109,0.7686004638671875,0.013297362500452437
U-Net,122104_sat_74.jpg,0.5641080582156219,0.7213159669532963,0.5816423642976105,0.9492705386364897,0.596466064453125,0.013297362500452437
U-Net,122104_sat_80.jpg,0.7137807436282849,0.8329895714864005,0.8154165487310123,0.8513367087610079,0.735595703125,0.013297362500452437
U-Net,122104_sat_81.jpg,0.5201649776981505,0.6843533239211834,0.674311704649925,0.6946985369257994,0.6076812744140625,0.013255087498691864
U-Net,122104_sat_84.jpg,0.6175075325341368,0.7635297148405763,0.756276130095982,0.7709237879909562,0.635833740234375,0.013255087498691864
U-Net,122104_sat_85.jpg,0.961882063504267,0.9805707299104168,0.9781405385120555,0.983013027012587,0.9621734619140625,0.013255087498691864
U-Net,122104_sat_86.jpg,0.8284391391961113,0.9061708661086106,0.9235676435786189,0.8894173602853745,0.8298187255859375,0.013255087498691864
U-Net,122104_sat_87.jpg,0.6962495093316204,0.8209281777254176,0.7357366416531543,0.9284320723292886,0.740234375,0.013255087498691864
U-Net,122104_sat_88.jpg,0.7585498287528193,0.862699272264341,0.7627679591425307,0.9927624961735252,0.77947998046875,0.013255087498691864
U-Net,122178_sat_01.jpg,0.28927158026723093,0.44873645660795963,0.29082707951702813,0.9818459901582657,0.4464569091796875,0.013255087498691864
U-Net,122178_sat_02.jpg,0.9590900461937607,0.9791178798107204,0.9941459095157666,0.9645374274122982,0.960540771484375,0.013255087498691864
U-Net,122178_sat_03.jpg,0.9457453321089685,0.9721162543752704,0.9686951341861049,0.975561624804635,0.9459075927734375,0.013266174999444047
U-Net,122178_sat_04.jpg,0.8712760371083493,0.9312105962247208,0.9909221213569039,0.8782863394148992,0.887786865234375,0.013266174999444047
U-Net,122178_sat_05.jpg,0.7060031688281204,0.8276692350027518,0.7584634458990901,0.9107724141411593,0.770660400390625,0.013266174999444047
U-Net,122178_sat_06.jpg,0.39693167275337893,0.5682907482096372,0.4050872833843017,0.9517269767615911,0.4103851318359375,0.013266174999444047
U-Net,122178_sat_07.jpg,0.7996333358796119,0.8886625068975763,0.8082399085827233,0.9868582310462507,0.7998809814453125,0.013266174999444047
U-Net,122178_sat_11.jpg,0.016744008037123857,0.03293652660800828,0.016744809109176157,0.9971509971509972,0.6863861083984375,0.013266174999444047
U-Net,122178_sat_12.jpg,0.3504540944821797,0.519016671376095,0.35100056563680004,0.9955771398837915,0.3506622314453125,0.013266174999444047
U-Net,122178_sat_13.jpg,0.5066652349322739,0.6725651102649209,0.5075996250134472,0.99637998129657,0.50927734375,0.013266174999444047
U-Net,122178_sat_14.jpg,0.36772882805816937,0.5377218356657024,0.36772882805816937,1.0,0.3684234619140625,0.013264762499602512
U-Net,122178_sat_15.jpg,0.0005241090146750524,0.0010476689366160294,0.0005241090146750524,1.0,0.0397491455078125,0.013264762499602512
U-Net,122178_sat_16.jpg,0.0037980693147649943,0.007567397130695255,0.0037980693147649943,1.0,0.039459228515625,0.013264762499602512
U-Net,122178_sat_17.jpg,0.400641275078992,0.5720826341582673,0.400641275078992,1.0,0.4124298095703125,0.013264762499602512
U-Net,122178_sat_18.jpg,0.4032260620177148,0.574712903262232,0.40332192215037405,0.9994109099477674,0.4253082275390625,0.013264762499602512
U-Net,126796_sat_30.jpg,0.41094470816340173,0.5825100101878835,0.6413962224773035,0.5335271906601275,0.7311248779296875,0.013264762499602512
U-Net,126796_sat_31.jpg,0.2234514583210081,0.3652804642166344,0.3596971572782248,0.3710398349624245,0.59942626953125,0.013264762499602512
U-Net,126796_sat_32.jpg,0.44486287351616866,0.6157855969176724,0.7711447492904446,0.512528688653441,0.6895904541015625,0.013264762499602512
U-Net,126796_sat_33.jpg,0.5330658981149712,0.6954246373497955,0.5507182231521346,0.9432804962095107,0.8170623779296875,0.013317412500327919
U-Net,126796_sat_34.jpg,0.5816358024691358,0.7354863889159918,0.6790379245113053,0.8021709056081728,0.83453369140625,0.013317412500327919
U-Net,126796_sat_35.jpg,0.24322689888727625,0.39128319875474266,0.5410641017017556,0.30644976951502917,0.61810302734375,0.013317412500327919
U-Net,126796_sat_36.jpg,0.05376791318486029,0.10204887150597439,0.07848981619473423,0.14581624282198524,0.6181488037109375,0.013317412500327919
U-Net,126796_sat_41.jpg,0.36309395917692755,0.5327497150617164,0.8826436319807152,0.3815122256182273,0.4119873046875,0.013317412500327919
U-Net,126796_sat_42.jpg,0.34422917243288126,0.5121584615067845,0.48669484229474835,0.540433667926824,0.6384735107421875,0.013317412500327919
U-Net,126796_sat_43.jpg,0.7993288590604026,0.8884744498321522,0.9235678921519893,0.8559503187999853,0.8220672607421875,0.013317412500327919
U-Net,126796_sat_46.jpg,0.2645212472406181,0.418373748670249,0.8568715083798882,0.27674930533001335,0.349273681640625,0.013317412500327919
U-Net,126796_sat_51.jpg,0.2627118644067797,0.4161073825503356,0.9997345719973457,0.26273018973214285,0.354827880859375,0.013287050001963507
U-Net,126796_sat_52.jpg,0.1975233390009945,0.3298864123446207,0.9686910006293267,0.1987924577037324,0.23663330078125,0.013287050001963507
U-Net,126796_sat_56.jpg,0.3758764906170805,0.5463811514774846,0.8998734459912157,0.3922828538512713,0.3874664306640625,0.013287050001963507
U-Net,126796_sat_57.jpg,0.001025524156791249,0.0020489470688673877,0.0016961929890689784,0.0025869502730669733,0.8662261962890625,0.013287050001963507
U-Net,126796_sat_60.jpg,0.8565785281936923,0.9227495796012217,1.0,0.8565785281936923,0.86260986328125,0.013287050001963507
U-Net,126796_sat_61.jpg,0.42547445255474453,0.5969583696041784,0.7992595639654463,0.4763811703170971,0.8798980712890625,0.013287050001963507
U-Net,126796_sat_62.jpg,0.4624196310750484,0.6324034787950928,0.5896462838321638,0.6818464086110536,0.7078399658203125,0.013287050001963507
U-Net,126796_sat_63.jpg,0.7361538710827364,0.8480283727658781,0.9985493549025211,0.7369419932520114,0.7515411376953125,0.013287050001963507
U-Net,126796_sat_66.jpg,0.4079746247376768,0.5795198543634088,0.960910085650681,0.41485982374118296,0.43609619140625,0.013432224997814046
U-Net,126796_sat_67.jpg,0.10262163438828531,0.18614115883045945,0.3113951266125179,0.13274606650033097,0.6521453857421875,0.013432224997814046
U-Net,126796_sat_68.jpg,0.31905425145225397,0.4837621365474259,0.3387800743065325,0.845669007743562,0.6941375732421875,0.013432224997814046
U-Net,126796_sat_70.jpg,0.6792573623559539,0.8089973313000381,0.9490161001788909,0.704983388704319,0.8394622802734375,0.013432224997814046
U-Net,126796_sat_71.jpg,0.616859468723222,0.76303411725737,0.662410858063032,0.899703171379472,0.9454193115234375,0.013432224997814046
U-Net,126796_sat_72.jpg,0.6927772126144456,0.8185096153846154,0.9738877118644068,0.7058891277641277,0.75115966796875,0.013432224997814046
U-Net,126796_sat_76.jpg,0.8087616482793445,0.894271115322144,0.9551302902164878,0.8407030380149515,0.809295654296875,0.013432224997814046
U-Net,126796_sat_77.jpg,0.2268774157923799,0.369845288326301,0.22796310423746446,0.9794398092967819,0.8290863037109375,0.013432224997814046
U-Net,126796_sat_78.jpg,0.255810147299509,0.4074025804769973,0.2816596837410461,0.7359623307828134,0.72247314453125,0.013350362500204938
U-Net,126796_sat_80.jpg,0.6781432303782972,0.8082066156241335,0.7861262083558064,0.8315632405863249,0.8627777099609375,0.013350362500204938
U-Net,126796_sat_81.jpg,0.24361547897847663,0.39178585840469893,0.24925832952989502,0.9149738219895288,0.7930145263671875,0.013350362500204938
U-Net,126796_sat_82.jpg,0.8208666141030475,0.9016219065638738,0.9844797105620194,0.8316286661920225,0.8405303955078125,0.013350362500204938
U-Net,126796_sat_87.jpg,0.3397112005950396,0.5071409426810124,0.5519439929991249,0.469065410631441,0.607177734375,0.013350362500204938
U-Net,126796_sat_88.jpg,0.8282263737981709,0.9060435684203776,0.8960822039452819,0.9162288950861491,0.865875244140625,0.013350362500204938
U-Net,133209_sat_00.jpg,0.9252203981184387,0.9611579006982032,0.9978665501948663,0.9270542333203278,0.9267425537109375,0.013350362500204938
U-Net,133209_sat_02.jpg,0.9744200244200244,0.9870443090813519,0.9941451261289318,0.9800442097507062,0.97442626953125,0.013350362500204938
U-Net,133209_sat_03.jpg,0.2820045355507137,0.4399431167840172,0.3167832167832168,0.7197820905686074,0.7536163330078125,0.013358487500227056
U-Net,133209_sat_04.jpg,0.8321997432071346,0.908415958786708,0.907393393620644,0.9094408312633914,0.8524322509765625,0.013358487500227056
U-Net,133209_sat_08.jpg,0.34069877242681773,0.5082405972672207,0.6083804063738302,0.43640762019957663,0.5738525390625,0.013358487500227056
U-Net,133209_sat_10.jpg,0.8062111571470849,0.8927097520762716,0.8413341826394116,0.9507678213070413,0.8401336669921875,0.013358487500227056
U-Net,133209_sat_12.jpg,0.858328530259366,0.9237640344891757,0.9454437719558133,0.9030562742561449,0.887481689453125,0.013358487500227056
U-Net,133209_sat_13.jpg,0.0,0.0,0.0,0.0,0.75347900390625,0.013358487500227056
U-Net,133209_sat_14.jpg,0.6857724377913466,0.8136002492600094,0.7102543179654562,0.9521422060164084,0.85394287109375,0.013358487500227056
U-Net,133209_sat_18.jpg,0.3438431445603577,0.5117310691387974,0.4259013556388809,0.6408854166666667,0.7850189208984375,0.013358487500227056
U-Net,133209_sat_20.jpg,0.5145840835433921,0.6795054683785069,0.5147818151252431,0.9992541140273181,0.69146728515625,0.0133724874976906
U-Net,133209_sat_23.jpg,0.2813715953307393,0.43917251850446004,0.33509036144578314,0.6370443783724259,0.7745513916015625,0.0133724874976906
U-Net,133209_sat_24.jpg,0.000838750262109457,0.0016760946993505132,0.0008389764487325463,0.7567567567567568,0.4910430908203125,0.0133724874976906
U-Net,133209_sat_25.jpg,0.5207081311997683,0.6848232353291275,0.5574698164764249,0.887592952574902,0.595977783203125,0.0133724874976906
U-Net,133209_sat_26.jpg,0.9720255173676821,0.9858143404403513,0.9904979627383285,0.9811748031981268,0.9720306396484375,0.0133724874976906
U-Net,133209_sat_27.jpg,0.9389857115396937,0.9685328839211216,0.9528446033810143,0.9847464175920171,0.9418792724609375,0.0133724874976906
U-Net,133209_sat_28.jpg,0.17204094382238455,0.2935749723235885,0.17277992277992277,0.975742709185064,0.7371063232421875,0.0133724874976906
U-Net,133209_sat_30.jpg,0.15942871679325507,0.2750125376128385,0.1777048649086564,0.6078703062214217,0.647064208984375,0.0133724874976906
U-Net,133209_sat_33.jpg,0.42898746465200693,0.600407596656526,0.4468870911009497,0.9146045172320706,0.7935638427734375,0.01339995000307681
U-Net,133209_sat_36.jpg,0.3875256592452234,0.5585852148579752,0.4005941499085923,0.9223541791942274,0.704071044921875,0.01339995000307681
U-Net,133209_sat_37.jpg,0.5745156861748106,0.7297681327908028,0.6956869747252409,0.7673605215796802,0.74462890625,0.01339995000307681
U-Net,133209_sat_40.jpg,0.27273389682308363,0.42857960725940347,0.5047195253505933,0.3724007561436673,0.5431060791015625,0.01339995000307681
U-Net,133209_sat_43.jpg,0.7657200200702459,0.8673175943712561,0.7936593788354726,0.9560467097679547,0.8218841552734375,0.01339995000307681
U-Net,133209_sat_50.jpg,0.5366909003052999,0.6985020867874907,0.8013314531203883,0.6190620962225432,0.678131103515625,0.01339995000307681
U-Net,133209_sat_51.jpg,0.69904831741882,0.8228704390005911,0.9571537705991487,0.7216298051606108,0.7119293212890625,0.01339995000307681
U-Net,133209_sat_52.jpg,0.9991302490234375,0.9995649353127505,0.9996183439179287,0.9995115324144037,0.9991302490234375,0.01339995000307681
U-Net,133209_sat_53.jpg,0.3619588588299477,0.5315268614514609,0.44039670454101754,0.670212133816626,0.696624755859375,0.01335196250147419
U-Net,133209_sat_60.jpg,0.027769742551345098,0.0540388404165494,0.028981132075471698,0.3991683991683992,0.897430419921875,0.01335196250147419
U-Net,133209_sat_61.jpg,0.06422751238216967,0.12070259720762648,0.06429428228708517,0.9840881272949816,0.821258544921875,0.01335196250147419
U-Net,133209_sat_62.jpg,0.48363609619769066,0.6519605413176027,0.4844555768380728,0.9965146234277921,0.785736083984375,0.01335196250147419
U-Net,13415_sat_00.jpg,0.8596903150560901,0.9245521236477063,0.9164826175869121,0.9327649938392887,0.8604888916015625,0.01335196250147419
U-Net,13415_sat_01.jpg,0.8002457652164445,0.8890405751019562,0.8133913043478261,0.9802042449415083,0.804046630859375,0.01335196250147419
U-Net,13415_sat_02.jpg,0.9372825489837027,0.9676260692849379,0.99396391293794,0.9426479841618195,0.937286376953125,0.01335196250147419
U-Net,13415_sat_03.jpg,0.9227915030456696,0.9598456219345501,0.9408278427540115,0.9796481092436975,0.923797607421875,0.01335196250147419
U-Net,13415_sat_05.jpg,0.523034599513279,0.686832196301288,0.6281546242407299,0.7576017655713585,0.6560821533203125,0.013348975000553764
U-Net,13415_sat_06.jpg,0.6805068820153385,0.809882886286362,0.7092906299629433,0.9437224863532312,0.8080291748046875,0.013348975000553764
U-Net,13415_sat_07.jpg,0.9656715278308009,0.9825360078308293,0.9967844138648508,0.9686892051285979,0.9656982421875,0.013348975000553764
U-Net,13415_sat_08.jpg,0.9195476179544864,0.9580878425244561,0.9260669204568223,0.992402470848611,0.9197845458984375,0.013348975000553764
U-Net,13415_sat_10.jpg,0.9278564453125,0.9625783575001583,0.998882975228333,0.928820186961569,0.9278564453125,0.013348975000553764
U-Net,13415_sat_12.jpg,0.9219607122061843,0.9593960025830935,0.9872672081384856,0.9330552367955836,0.9222869873046875,0.013348975000553764
U-Net,13415_sat_13.jpg,0.9270634569295821,0.9621514575411914,0.9566196739387257,0.9677475898334794,0.927093505859375,0.013348975000553764
U-Net,13415_sat_14.jpg,0.9254103535353535,0.9612603898552388,0.9887689713322091,0.9352410118990653,0.927886962890625,0.013348975000553764
U-Net,13415_sat_15.jpg,0.7812930740914914,0.8772201334583557,0.9862441660525669,0.7899008115419297,0.7942047119140625,0.013358550000702962
U-Net,13415_sat_16.jpg,0.4988186392474295,0.6656157405380158,0.552925770545869,0.8359976534428394,0.6504364013671875,0.013358550000702962
U-Net,13415_sat_17.jpg,0.7471876466874929,0.8553032619067471,0.8324226850599585,0.8794772138393537,0.7616729736328125,0.013358550000702962
U-Net,13415_sat_21.jpg,0.9269799783811691,0.9621064969859343,0.940314873003404,0.9849321173889194,0.930938720703125,0.013358550000702962
U-Net,13415_sat_22.jpg,0.9579084167877073,0.9785017609345839,0.9890599100165759,0.9681666460625541,0.9579925537109375,0.013358550000702962
U-Net,13415_sat_23.jpg,0.8771703166850481,0.9345665749009602,0.8802213438735178,0.9960639782445343,0.88104248046875,0.013358550000702962
U-Net,13415_sat_24.jpg,0.9306764009734306,0.9640936207685468,0.9894033632803502,0.9400464677756077,0.9365386962890625,0.013358550000702962
U-Net,13415_sat_26.jpg,0.8602325622555353,0.9248656105798962,0.9645373181718958,0.8883283985817159,0.8795013427734375,0.013358550000702962
U-Net,13415_sat_27.jpg,0.5991428504879697,0.7493299930086227,0.6840859528748471,0.8283312938751851,0.737396240234375,0.013315062500623753
U-Net,13415_sat_32.jpg,0.7432609466270055,0.8527248293666231,0.7631624756690035,0.9661037321954444,0.745819091796875,0.013315062500623753
U-Net,13415_sat_33.jpg,0.5639281915750798,0.7211689061083175,0.5746141215106733,0.9680756888347903,0.58709716796875,0.013315062500623753
U-Net,13415_sat_34.jpg,0.6687448321481726,0.8014944157607349,0.6752888918575913,0.9857160268129189,0.6943511962890625,0.013315062500623753
U-Net,13415_sat_35.jpg,0.9685444361349796,0.9840209023034401,0.9881810679082514,0.9798956178005621,0.9685516357421875,0.013315062500623753
U-Net,13415_sat_36.jpg,0.8294438768995019,0.9067716013297153,0.8511826759271393,0.970128633571682,0.8369598388671875,0.013315062500623753
U-Net,13415_sat_37.jpg,0.36601287064691934,0.5358849517626905,0.4106612312582049,0.7709819691269945,0.685821533203125,0.013315062500623753
U-Net,13415_sat_38.jpg,0.47338847149441254,0.6425847366842353,0.6928052236047801,0.5991529712596223,0.6181793212890625,0.013315062500623753
U-Net,13415_sat_43.jpg,0.8551466583676962,0.9219181184522861,0.8808886466731851,0.9669563993384241,0.8579559326171875,0.01331481249872013
U-Net,13415_sat_44.jpg,0.9728917041898801,0.9862596128553082,0.9930977532641551,0.9795149987705926,0.972900390625,0.01331481249872013
U-Net,13415_sat_45.jpg,0.959075927734375,0.9791105226263728,0.9993957896075812,0.9596323551864179,0.959075927734375,0.01331481249872013
U-Net,13415_sat_47.jpg,0.8949052053326187,0.9445382310568229,0.9684452821981369,0.9217830834785309,0.9042510986328125,0.01331481249872013
U-Net,13415_sat_48.jpg,0.4687633635268048,0.6383102617717901,0.502374802099825,0.8750997895347993,0.7914886474609375,0.01331481249872013
U-Net,13415_sat_51.jpg,0.918084202394747,0.9572929084640912,0.92431053523931,0.9927162164419719,0.919097900390625,0.01331481249872013
U-Net,13415_sat_54.jpg,0.509084445109743,0.6746931184128953,0.5741205765050961,0.817985027509696,0.59967041015625,0.01331481249872013
U-Net,13415_sat_58.jpg,0.8913700931724454,0.9425654940724231,0.99774320396649,0.8931708959564113,0.8914794921875,0.01331481249872013
U-Net,13415_sat_61.jpg,0.9362153418888194,0.9670570433302335,0.9822452050846915,0.9523314292810133,0.93621826171875,0.01333442499890225
U-Net,13415_sat_66.jpg,0.8726529548748514,0.9319964519887994,0.8825118163403106,0.9873601975199454,0.88067626953125,0.01333442499890225
U-Net,13415_sat_67.jpg,0.8880995725819218,0.9407338314975319,0.9002126123234917,0.9850749544566625,0.9137115478515625,0.01333442499890225
U-Net,13415_sat_68.jpg,0.8432616547826249,0.9149668497629225,0.8602630925788036,0.9771002298651169,0.8722076416015625,0.01333442499890225
U-Net,13415_sat_70.jpg,0.9463741131905877,0.9724483148198544,0.9582947323939084,0.9870262488281774,0.9490203857421875,0.01333442499890225
U-Net,13415_sat_71.jpg,0.9643621829947185,0.9818578176093012,0.9854302059867429,0.9783112369674347,0.9657135009765625,0.01333442499890225
U-Net,13415_sat_78.jpg,0.9099519137045942,0.9528532181102162,0.9224954297666299,0.9852770448548812,0.9154205322265625,0.01333442499890225
U-Net,13415_sat_80.jpg,0.9480955652240287,0.9733563200376146,0.9908106124662976,0.9565063376919404,0.9481201171875,0.01333442499890225
U-Net,134465_sat_04.jpg,0.09552455040786118,0.17439052437902483,0.0993481607651741,0.7128084606345476,0.561798095703125,0.013372600002185209
U-Net,134465_sat_05.jpg,0.006214626567528576,0.012352487040917614,0.006738057995427747,0.07407407407407407,0.8633575439453125,0.013372600002185209
U-Net,134465_sat_13.jpg,0.08346456692913386,0.15406976744186046,0.08721587987246734,0.6599221789883268,0.85791015625,0.013372600002185209
U-Net,134465_sat_14.jpg,0.8248761944618819,0.9040352402702264,0.9167635658914729,0.8916555142970237,0.8467559814453125,0.013372600002185209
U-Net,134465_sat_15.jpg,0.8469447448192728,0.9171305716589242,0.9178176928248968,0.9164444785452592,0.868255615234375,0.013372600002185209
U-Net,134465_sat_16.jpg,0.5472002457946079,0.7073425011170134,0.8956499874277093,0.5844613996226106,0.820098876953125,0.013372600002185209
U-Net,134465_sat_17.jpg,0.31622469347020243,0.48050259965337955,0.6819020291043246,0.3709443639201695,0.78045654296875,0.013372600002185209
U-Net,134465_sat_18.jpg,0.3291554599246907,0.4952851187826298,0.4233576642335766,0.596655453171469,0.619415283203125,0.013372600002185209
U-Net,134465_sat_23.jpg,0.6296020095768898,0.7727064717358317,0.6858938726643007,0.8846790205162144,0.8560028076171875,0.013407800001004944
U-Net,134465_sat_24.jpg,0.4795311329484863,0.6482204020848846,0.6086299952459521,0.693319741327132,0.639556884765625,0.013407800001004944
U-Net,134465_sat_33.jpg,0.4638892385147892,0.6337764173817344,0.5549933742922539,0.7386267986692854,0.6750335693359375,0.013407800001004944
U-Net,134465_sat_34.jpg,0.82648013603339,0.9049976725487707,0.94608224801812,0.8673328682899923,0.8287200927734375,0.013407800001004944
U-Net,134465_sat_35.jpg,0.8869946570307916,0.9401135861470727,0.9733283627613787,0.9090909090909091,0.888336181640625,0.013407800001004944
U-Net,134465_sat_41.jpg,0.12398064692340707,0.2206099317862288,0.13823331085637222,0.5459621993127147,0.3148345947265625,0.013407800001004944
U-Net,134465_sat_42.jpg,0.5614412358465725,0.7191320722898339,0.7335435779816514,0.7052759248029109,0.695037841796875,0.013407800001004944
U-Net,134465_sat_43.jpg,0.5126005817286258,0.6777738788686926,0.9135073779795687,0.5387481869909628,0.6497039794921875,0.013407800001004944
U-Net,134465_sat_44.jpg,0.6459055704980718,0.784863460061822,0.9531597446381178,0.6670794357335297,0.666534423828125,0.013393862500379328
U-Net,134465_sat_50.jpg,0.5223874146425793,0.6862739531582682,0.7823807366172568,0.6111953883495146,0.662750244140625,0.013393862500379328
U-Net,134465_sat_51.jpg,0.6626731316996803,0.7971177486007218,0.9893523778607369,0.6674331515669142,0.763275146484375,0.013393862500379328
U-Net,134465_sat_52.jpg,0.5682718099374122,0.7247108649617201,0.9873501997336884,0.572439526505404,0.63897705078125,0.013393862500379328
U-Net,134465_sat_53.jpg,0.37658298923653705,0.5471271869273827,0.9982139586004762,0.37683690052211194,0.44940185546875,0.013393862500379328
U-Net,134465_sat_54.jpg,0.422436245252306,0.5939615876103832,0.8037474836112115,0.4710206304071632,0.6751556396484375,0.013393862500379328
U-Net,134465_sat_58.jpg,0.7295097019036543,0.8436029021412139,0.9981365549297544,0.7305046047288497,0.73028564453125,0.013393862500379328
U-Net,134465_sat_60.jpg,0.5226594768242313,0.6865086840221527,0.9895731508634734,0.5255537609598523,0.6190948486328125,0.013393862500379328
U-Net,134465_sat_61.jpg,0.5995696525342684,0.7496637005888976,0.9943169803341086,0.6016313474610155,0.6166534423828125,0.013378837498748908
U-Net,134465_sat_62.jpg,0.4767071851333291,0.6456353567349753,0.9985003499183523,0.47704873660579233,0.498138427734375,0.013378837498748908
U-Net,134465_sat_63.jpg,0.5463477332636211,0.7066298498210813,0.9556089010821521,0.5605749027672225,0.6822509765625,0.013378837498748908
U-Net,134465_sat_64.jpg,0.4514739758955697,0.6220903486981323,0.9220017726869844,0.4694019230101704,0.749298095703125,0.013378837498748908
U-Net,134465_sat_65.jpg,0.5963681459828152,0.7471561587889953,0.9910498734028146,0.5995974421545751,0.6523590087890625,0.013378837498748908
U-Net,134465_sat_66.jpg,0.6453688959660298,0.7844671156095003,0.9616648953261326,0.6624104057067947,0.67376708984375,0.013378837498748908
U-Net,134465_sat_67.jpg,0.7379153001568516,0.8491959304233673,0.990105775275371,0.743397155697839,0.803680419921875,0.013378837498748908
U-Net,134465_sat_68.jpg,0.3969450678752751,0.568304476680705,0.6606585914267064,0.4986041164878476,0.57769775390625,0.013378837498748908
U-Net,134465_sat_71.jpg,0.65491043854231,0.7914753853618482,0.8764983053649665,0.7214888405008165,0.65899658203125,0.013382037501287414
U-Net,134465_sat_72.jpg,0.8120730658300865,0.8962917457835362,0.9996470392824516,0.8123059792144689,0.829986572265625,0.013382037501287414
U-Net,134465_sat_73.jpg,0.41068083407548445,0.5822448624172762,0.9962750502868212,0.411312398117676,0.41436767578125,0.013382037501287414
U-Net,134465_sat_74.jpg,0.2617112480218784,0.41485125607335516,0.9950347567030785,0.26205347527768375,0.2667694091796875,0.013382037501287414
U-Net,134465_sat_75.jpg,0.4719229990779679,0.6412332701827294,0.9449297550432276,0.4852696327814263,0.641693115234375,0.013382037501287414
U-Net,134465_sat_76.jpg,0.00867707916166066,0.017204870301746954,0.008997162433386394,0.19607843137254902,0.77337646484375,0.013382037501287414
U-Net,134465_sat_81.jpg,0.7888216514985468,0.8819455543125033,0.93741152488628,0.8326766702992707,0.797119140625,0.013382037501287414
U-Net,134465_sat_82.jpg,0.45530177442131764,0.6257145870688746,0.995101986044015,0.4563244207870527,0.458526611328125,0.013382037501287414
U-Net,134465_sat_83.jpg,0.600897408504014,0.7507007073807844,0.9985543635395268,0.6014206064309173,0.600982666015625,0.013347137501114048
U-Net,134465_sat_84.jpg,0.5830501816753413,0.7366161710152479,0.9175939663699307,0.6152666376505213,0.6760711669921875,0.013347137501114048
U-Net,134465_sat_85.jpg,0.7411392292507691,0.8513267828325128,0.8344679828601177,0.868880827287132,0.77789306640625,0.013347137501114048
U-Net,134465_sat_86.jpg,0.43628535127758694,0.607519043328692,0.5062796920220608,0.7593677054752447,0.6344146728515625,0.013347137501114048
U-Net,143794_sat_23.jpg,0.6419769394802891,0.7819560970003447,0.6444334994032848,0.9940971917828234,0.71051025390625,0.013347137501114048
U-Net,143794_sat_24.jpg,0.8105432828418507,0.8953591891706805,0.8263214443718794,0.9769845816623907,0.860107421875,0.013347137501114048
U-Net,143794_sat_25.jpg,0.3247682192082313,0.4903019479170993,0.3251080939660158,0.9967913535421769,0.62548828125,0.013347137501114048
U-Net,143794_sat_26.jpg,0.532586685780844,0.6950167200617356,0.5375377547883019,0.9829998346287415,0.60198974609375,0.013347137501114048
U-Net,143794_sat_27.jpg,0.054937104716562817,0.10415237926686281,0.054937104716562817,1.0,0.3820953369140625,0.013300062499183696
U-Net,143794_sat_33.jpg,0.6885683970605573,0.8155647094416906,0.7108172248027423,0.9565193656685864,0.758148193359375,0.013300062499183696
U-Net,143794_sat_35.jpg,0.9690160754791414,0.9842642602532744,0.9889120005367866,0.9796600029911761,0.9712371826171875,0.013300062499183696
U-Net,143794_sat_36.jpg,0.9866573033707865,0.9932838458819371,0.9950884540177678,0.9914857712663956,0.986663818359375,0.013300062499183696
U-Net,143794_sat_37.jpg,0.7094656607295636,0.830043769848853,0.7339437730322975,0.9551013570112247,0.7150115966796875,0.013300062499183696
U-Net,143794_sat_38.jpg,0.41073214926105583,0.5822964330630703,0.411625619490788,0.994743097458402,0.52362060546875,0.013300062499183696
U-Net,143794_sat_42.jpg,0.3717060214964518,0.5419616385308889,0.40016977170173795,0.8393777527879299,0.76898193359375,0.013300062499183696
U-Net,143794_sat_43.jpg,0.9337928192834266,0.9657630434572062,0.9493868535303527,0.9827141026904503,0.9460601806640625,0.013300062499183696
U-Net,143794_sat_51.jpg,0.45090006696340645,0.6215453113970788,0.4535081811338695,0.9874061933925645,0.78729248046875,0.013326137497642776
U-Net,143794_sat_52.jpg,0.8945400978885845,0.9443348271018661,0.9133324708089401,0.9775158375739952,0.898406982421875,0.013326137497642776
U-Net,143794_sat_60.jpg,0.47543643879607805,0.6444688856729378,0.4774181375323762,0.9913449209289072,0.5314178466796875,0.013326137497642776
U-Net,143794_sat_61.jpg,0.9641222546459837,0.9817334459353789,0.9699919648927622,0.9937626646403243,0.96435546875,0.013326137497642776
U-Net,143794_sat_70.jpg,0.9589577943450239,0.9790489586996445,0.9846739079176949,0.9734879094921365,0.9590911865234375,0.013326137497642776
U-Net,147716_sat_02.jpg,0.30129589632829373,0.46307053941908716,0.34275184275184273,0.7135549872122762,0.9901275634765625,0.013326137497642776
U-Net,147716_sat_03.jpg,0.7759018036072144,0.8738116060597512,0.8983699750565578,0.8505601933216169,0.9317474365234375,0.013326137497642776
U-Net,147716_sat_04.jpg,0.6029472297686672,0.7522982897642648,0.7752452191094489,0.7306707459013667,0.7792205810546875,0.013326137497642776
U-Net,147716_sat_05.jpg,0.8026816548030165,0.8905417688856744,0.9873645426961422,0.8110124080964164,0.8291168212890625,0.013286162502481602
U-Net,147716_sat_06.jpg,0.7884603353353353,0.8817196778227675,0.9822493277736644,0.7998571995239984,0.7936248779296875,0.013286162502481602
U-Net,147716_sat_07.jpg,0.5426481861313113,0.7035281161444553,0.7095218745767303,0.697634775197102,0.6631622314453125,0.013286162502481602
U-Net,147716_sat_08.jpg,0.04354906492960706,0.08346337780015102,0.04569507220813582,0.4811375507835171,0.7221832275390625,0.013286162502481602
U-Net,147716_sat_10.jpg,0.0030594405594405595,0.006100217864923747,0.0030594405594405595,1.0,0.9651947021484375,0.013286162502481602
U-Net,147716_sat_11.jpg,0.5602157788267026,0.7181260264499957,0.6527341294783156,0.7980787704130644,0.8507232666015625,0.013286162502481602
U-Net,147716_sat_12.jpg,0.4620178471603967,0.6320276432435494,0.6037771584729024,0.6630515525181994,0.603515625,0.013286162502481602
U-Net,147716_sat_13.jpg,0.2890202142936043,0.4484339517545739,0.37777938203869477,0.5515969221039317,0.8035736083984375,0.013286162502481602
U-Net,147716_sat_14.jpg,0.03534548478758057,0.06827766249414285,0.037082818294190356,0.4300168634064081,0.7876129150390625,0.013274375000037253
U-Net,147716_sat_15.jpg,0.06106951303701343,0.11510935388619188,0.07379363449691992,0.2615419604275642,0.7302093505859375,0.013274375000037253
U-Net,147716_sat_16.jpg,0.1890565896408374,0.31799426753598536,0.20576366526719114,0.6995565410199557,0.6696014404296875,0.013274375000037253
U-Net,147716_sat_20.jpg,0.7134197248538967,0.8327436815456645,0.8505095527619707,0.8157048289028617,0.759063720703125,0.013274375000037253
U-Net,147716_sat_21.jpg,0.3352505815182914,0.502153807170911,0.5249668874172185,0.4812408936376882,0.52032470703125,0.013274375000037253
U-Net,147716_sat_22.jpg,0.03172300401373374,0.06149519568783689,0.033267407069324004,0.40594059405940597,0.6944732666015625,0.013274375000037253
U-Net,147716_sat_30.jpg,0.47691361347122374,0.6458246563931695,0.628037667071689,0.6646485212173168,0.792388916015625,0.013274375000037253
U-Net,147716_sat_31.jpg,0.002397693030489583,0.004783915699647671,0.0023989366875222873,0.8222222222222222,0.5301971435546875,0.013274375000037253
U-Net,147716_sat_40.jpg,0.24271440466278102,0.39061976549413735,0.3149648838465694,0.5141093474426808,0.8057098388671875,0.013415099998383084
U-Net,147716_sat_41.jpg,0.0,0.0,0.0,0.0,0.7104644775390625,0.013415099998383084
U-Net,148381_sat_07.jpg,0.6729057179329896,0.8044753636976255,0.7088914892502227,0.9298526952418044,0.698944091796875,0.013415099998383084
U-Net,148381_sat_08.jpg,0.4093204857255436,0.58087637250915,0.4108731999352786,0.9908519401690874,0.49676513671875,0.013415099998383084
U-Net,148381_sat_17.jpg,0.9742885481040665,0.9869768520307609,0.9994834306466509,0.9747793960489756,0.9742889404296875,0.013415099998383084
U-Net,148381_sat_18.jpg,0.9373074130838106,0.9676393191432664,0.9469472243048538,0.9892559169078835,0.940704345703125,0.013415099998383084
U-Net,148381_sat_20.jpg,0.935036440352896,0.9664277331980082,0.9610023023307156,0.9719147714586457,0.935394287109375,0.013415099998383084
U-Net,148381_sat_21.jpg,0.8489361048850134,0.918296854761035,0.8533378599425944,0.9939605277348385,0.849853515625,0.013415099998383084
U-Net,148381_sat_23.jpg,0.40785648004948966,0.5794006503207664,0.41036972488485,0.9852062163777645,0.415771484375,0.013339100001758197
U-Net,148381_sat_24.jpg,0.938519063381145,0.9682845849802372,0.9423313638601674,0.9957078753983222,0.93878173828125,0.013339100001758197
U-Net,148381_sat_30.jpg,0.8063186183939287,0.8927756268280724,0.825413449213743,0.9721097201767305,0.80645751953125,0.013339100001758197
U-Net,148381_sat_31.jpg,0.5284744672049518,0.6915057837653615,0.5311927311927311,0.990409739569874,0.5303955078125,0.013339100001758197
U-Net,148381_sat_32.jpg,0.9668199385893891,0.9831300970873786,0.9813769576678555,0.9848895113600996,0.96685791015625,0.013339100001758197
U-Net,148381_sat_33.jpg,0.635118284479882,0.7768468990999119,0.6550793420766611,0.9542192200116101,0.6829833984375,0.013339100001758197
U-Net,148381_sat_40.jpg,0.6516556977768565,0.789093875502008,0.6810304365093692,0.9379195465168316,0.692291259765625,0.013339100001758197
U-Net,148381_sat_41.jpg,0.8401695148631488,0.9131436077785815,0.8402852159010925,0.9998361401911697,0.8405914306640625,0.013339100001758197
U-Net,148381_sat_43.jpg,0.8919426790515766,0.9428855207164141,0.9831436077057794,0.9057947405166396,0.8920745849609375,0.013315199998032767
U-Net,148381_sat_46.jpg,0.9783985558241287,0.9890813485926384,0.9898008140776624,0.9883629282766934,0.97845458984375,0.013315199998032767
U-Net,148381_sat_50.jpg,0.8286973960167169,0.9063253415483525,0.8356437171966656,0.9900687687467993,0.829254150390625,0.013315199998032767
U-Net,148381_sat_51.jpg,0.9719085693359375,0.9857541921056093,0.995234375,0.9764529134920513,0.9719085693359375,0.013315199998032767
U-Net,148381_sat_52.jpg,0.8914420062695925,0.9426056979962544,0.9571363659312364,0.9285096240184154,0.894317626953125,0.013315199998032767
U-Net,148381_sat_53.jpg,0.04997556207233626,0.09519376236471547,0.05039179931989552,0.8581619806966009,0.4068145751953125,0.013315199998032767
U-Net,148381_sat_54.jpg,0.4889556489424513,0.6567766464900925,0.5247004453720441,0.8777119700748129,0.5509490966796875,0.013315199998032767
U-Net,148381_sat_56.jpg,0.4264012572027239,0.5978699963275799,0.4317014153601379,0.9720128367788641,0.46533203125,0.013315199998032767
U-Net,148381_sat_60.jpg,0.986175537109375,0.9930396570533012,0.9912272629673936,0.994858690967305,0.986175537109375,0.013328525001270464
U-Net,148381_sat_61.jpg,0.7798410600245258,0.8763041571968002,0.7845766839710312,0.992319539577676,0.7890625,0.013328525001270464
U-Net,148381_sat_62.jpg,0.69467946359897,0.8198358197174205,0.7186272983585007,0.954224947747996,0.72137451171875,0.013328525001270464
U-Net,148381_sat_63.jpg,0.5682594879788956,0.7247008448981153,0.5728041901692184,0.986230099545628,0.6703643798828125,0.013328525001270464
U-Net,148381_sat_64.jpg,0.44216360856269116,0.6131947941792351,0.5625562337378109,0.6738516209839504,0.554656982421875,0.013328525001270464
U-Net,148381_sat_66.jpg,0.9217529296875,0.9592834910753986,0.9662960889386547,0.9523719434328146,0.9217529296875,0.013328525001270464
U-Net,148381_sat_70.jpg,0.990875244140625,0.9954167113754464,0.9995843915954745,0.9912836404158207,0.990875244140625,0.013328525001270464
U-Net,148381_sat_71.jpg,0.6926894120920741,0.818448330974017,0.7137987064708319,0.9590548147513965,0.6966705322265625,0.013328525001270464
U-Net,148381_sat_72.jpg,0.8504709576138147,0.9191940615058325,0.9066945606694561,0.9320430107526881,0.8546600341796875,0.013399537499935832
U-Net,148381_sat_74.jpg,0.744496728655687,0.8535375463035666,0.7453615565809428,0.9984439497741566,0.7580718994140625,0.013399537499935832
U-Net,148381_sat_75.jpg,0.5791594971244323,0.7335034848336115,0.5922139267994991,0.9633344506613722,0.58575439453125,0.013399537499935832
U-Net,148381_sat_77.jpg,0.811670075399127,0.8960462353724189,0.811670075399127,1.0,0.8117218017578125,0.013399537499935832
U-Net,148381_sat_81.jpg,0.3156210392902408,0.47980539967727176,0.32693317579099385,0.9012032932235592,0.340850830078125,0.013399537499935832
U-Net,148381_sat_82.jpg,0.738282624692069,0.8494391121499627,0.7523759842198784,0.9752556842194235,0.7503509521484375,0.013399537499935832
U-Net,148381_sat_84.jpg,0.951961666997299,0.9753897149647419,0.9796633060083545,0.9711532474002117,0.95196533203125,0.013399537499935832
U-Net,148381_sat_85.jpg,0.16510143438864228,0.2834112627717691,0.1684539516778021,0.8924251437636328,0.3054656982421875,0.013399537499935832
U-Net,148381_sat_86.jpg,0.9409313763882144,0.9695668665413079,0.9654451944712311,0.9737238819276718,0.9424591064453125,0.01334903750102967
U-Net,148381_sat_87.jpg,0.7655841443225597,0.867230425448013,0.7715288064239495,0.9900360144057623,0.7688140869140625,0.01334903750102967
U-Net,152569_sat_02.jpg,0.008370044052863436,0.016601135867190912,0.008442776735459663,0.49279538904899134,0.6908721923828125,0.01334903750102967
U-Net,152569_sat_03.jpg,0.7522396014841845,0.8586035846319434,0.8676171560977917,0.8497753693668658,0.815582275390625,0.01334903750102967
U-Net,152569_sat_04.jpg,0.8377850361732654,0.9117334396385622,0.9376654879652881,0.8871971423491571,0.83782958984375,0.01334903750102967
U-Net,152569_sat_05.jpg,0.7929312570975219,0.8845082642835452,0.8956283384874895,0.8736609361877175,0.7968902587890625,0.01334903750102967
U-Net,152569_sat_06.jpg,0.8175408394989379,0.899612071137085,0.8775161188866174,0.9228495234945114,0.8479766845703125,0.01334903750102967
U-Net,152569_sat_07.jpg,0.15303471010277292,0.2654468399986546,0.18721829482374153,0.4559741160157153,0.6667633056640625,0.01334903750102967
U-Net,152569_sat_13.jpg,0.24197002141327623,0.3896551724137931,0.2916881775942179,0.5867082035306335,0.94598388671875,0.013430800001515308
U-Net,152569_sat_14.jpg,0.7963362836058183,0.8866227230096562,0.9796537933852936,0.809728321189017,0.8690338134765625,0.013430800001515308
U-Net,152569_sat_15.jpg,0.9677334161876651,0.983602156904542,0.9746072970774141,0.9927645943232346,0.9683074951171875,0.013430800001515308
U-Net,152569_sat_16.jpg,0.3955871928166352,0.5669114690257995,0.404268163844366,0.9485127478753541,0.6877593994140625,0.013430800001515308
U-Net,152569_sat_25.jpg,0.8033633279244726,0.890961145194274,0.8810016824123205,0.9011483601945924,0.8983001708984375,0.013430800001515308
U-Net,152569_sat_26.jpg,0.773680630870756,0.872401285107265,0.7865779588480443,0.9792466438658942,0.8121337890625,0.013430800001515308
U-Net,152569_sat_35.jpg,0.49916805324459235,0.6659267480577137,0.526579739217653,0.9055627425614489,0.8392486572265625,0.013430800001515308
U-Net,152569_sat_36.jpg,0.22670199285796566,0.36961217015682224,0.2350412038695808,0.8646748681898067,0.795135498046875,0.013430800001515308
U-Net,15573_sat_00.jpg,0.43918887385074906,0.6103283340089177,0.7381942265453404,0.5202189115232594,0.6332855224609375,0.013381349999690428
U-Net,15573_sat_01.jpg,0.4180218690951894,0.5895845165800166,0.9184333208561609,0.4341392012096061,0.4266357421875,0.013381349999690428
U-Net,15573_sat_02.jpg,0.7472211194918619,0.8553251917069015,0.9629354888218141,0.7693486746643232,0.8056793212890625,0.013381349999690428
U-Net,15573_sat_03.jpg,0.7018441206558103,0.8248042369301751,0.8757373995239245,0.7794700156600239,0.83544921875,0.013381349999690428
U-Net,15573_sat_04.jpg,0.5665353603742229,0.7232972516354635,0.6894240131825331,0.7606710466509649,0.7850799560546875,0.013381349999690428
U-Net,15573_sat_06.jpg,0.07327016306743059,0.13653628990863362,0.07384786229872294,0.9035326086956522,0.8716583251953125,0.013381349999690428
U-Net,15573_sat_07.jpg,0.14090345944915658,0.24700329950298625,0.1460246913580247,0.8007040346601679,0.7248992919921875,0.013381349999690428
U-Net,15573_sat_10.jpg,0.12061310782241015,0.21526271106499387,0.17062957978166593,0.29151762902401634,0.8730621337890625,0.013381349999690428
U-Net,15573_sat_11.jpg,0.39841926232241714,0.5698137505067608,0.5017428919406997,0.6592539454806313,0.7247467041015625,0.013375787497352576
U-Net,15573_sat_12.jpg,0.5761264248050266,0.731066259327891,0.9243882668828208,0.6046191825306095,0.5903167724609375,0.013375787497352576
U-Net,15573_sat_13.jpg,0.32727951901526203,0.4931583955398904,0.7104683940224736,0.37764778325123155,0.4229278564453125,0.013375787497352576
U-Net,15573_sat_14.jpg,0.7796858597262661,0.876206163537412,0.9287905242791751,0.8292569887716194,0.8302764892578125,0.013375787497352576
U-Net,15573_sat_15.jpg,0.6015417331206805,0.7512033195020746,0.8928430521581314,0.6483497593399037,0.6569061279296875,0.013375787497352576
U-Net,15573_sat_16.jpg,0.30471274981861357,0.46709553480024774,0.9329058966074314,0.31154008260979515,0.3566131591796875,0.013375787497352576
U-Net,15573_sat_17.jpg,0.457043550080011,0.6273574321850754,0.8188039457459926,0.5084706828231781,0.5185089111328125,0.013375787497352576
U-Net,15573_sat_20.jpg,0.2656818410210029,0.41982405437164544,0.8280506138812328,0.2811954903212083,0.4425048828125,0.013375787497352576
U-Net,15573_sat_21.jpg,0.5554914899523778,0.714232759922569,0.857547885141595,0.6119606643767939,0.6823883056640625,0.013425737502984703
U-Net,15573_sat_22.jpg,0.17678608265144743,0.3004557672081337,0.19652207146952036,0.6377278928438547,0.6346435546875,0.013425737502984703
U-Net,15573_sat_23.jpg,0.7918548583984375,0.8838381687969957,0.9999614621269052,0.7918790246284372,0.7918548583984375,0.013425737502984703
U-Net,15573_sat_26.jpg,0.5812981264313051,0.7352163601726216,0.9807587583953531,0.5880039178495359,0.584320068359375,0.013425737502984703
U-Net,15573_sat_27.jpg,0.13291397483849032,0.2346408955851016,0.18582430119794638,0.3182447284865261,0.6108856201171875,0.013425737502984703
U-Net,15573_sat_31.jpg,0.37967029832867494,0.5503783023938479,0.49731022115959356,0.6161251504211793,0.8340606689453125,0.013425737502984703
U-Net,15573_sat_32.jpg,0.6114914425427873,0.7589136701562738,0.8862750442960338,0.6635576962324993,0.6847991943359375,0.013425737502984703
U-Net,15573_sat_36.jpg,0.5592485798642886,0.7173308824343628,0.909780349418572,0.5920848185723425,0.6104888916015625,0.013425737502984703
U-Net,15573_sat_37.jpg,0.4920859538784067,0.6595946468088096,0.5541521572330756,0.814593093874718,0.8521270751953125,0.013382375000219326
U-Net,15573_sat_38.jpg,0.36975533064753857,0.5398852223816356,0.37801999095886285,0.9441726257684104,0.80426025390625,0.013382375000219326
U-Net,15573_sat_40.jpg,0.10702993609149007,0.19336412250850754,0.1144439648971371,0.6229444009397024,0.797454833984375,0.013382375000219326
U-Net,15573_sat_41.jpg,0.5232569526047787,0.6870238822281508,0.5703079139761994,0.8638053669576463,0.702850341796875,0.013382375000219326
U-Net,15573_sat_42.jpg,0.1319223785746709,0.2330943906962755,0.13748854262144822,0.7651801875925621,0.533111572265625,0.013382375000219326
U-Net,15573_sat_43.jpg,0.6579417367836164,0.7936849916813291,0.7003591043514998,0.9157069075040738,0.7369842529296875,0.013382375000219326
U-Net,15573_sat_44.jpg,0.9726715087890625,0.98614645616912,0.9998745157090647,0.9727902575998046,0.9726715087890625,0.013382375000219326
U-Net,15573_sat_47.jpg,0.8053884903068234,0.8922051897760228,0.9999241921728419,0.8054376698317711,0.8054656982421875,0.013382375000219326
U-Net,15573_sat_48.jpg,0.8655169722980882,0.9279111207783625,0.9620608899297424,0.8961026370217167,0.8685150146484375,0.013402387499809265
U-Net,15573_sat_50.jpg,0.4505579068872643,0.6212201591511937,0.48568099225786066,0.8616931810217955,0.54241943359375,0.013402387499809265
U-Net,15573_sat_51.jpg,0.6348704183044132,0.7766614542611415,0.664448160535117,0.93447789275635,0.65130615234375,0.013402387499809265
U-Net,15573_sat_52.jpg,0.8695860451286795,0.9302444756628763,0.8853663869220808,0.9799151185733964,0.8795318603515625,0.013402387499809265
U-Net,15573_sat_54.jpg,0.900038714672861,0.9473898691878234,0.9180079291118447,0.9787148053347703,0.9015045166015625,0.013402387499809265
U-Net,15573_sat_56.jpg,0.8451009218054673,0.9160484522207268,0.8659514697500204,0.9722977760508331,0.8810272216796875,0.013402387499809265
U-Net,15573_sat_57.jpg,0.8278278618812723,0.9058050587206165,0.9117272386661671,0.8999593180221162,0.845550537109375,0.013402387499809265
U-Net,15573_sat_58.jpg,0.46907825222201505,0.6386021323404976,0.9216865630629255,0.4885501124759269,0.4786376953125,0.013402387499809265
U-Net,15573_sat_60.jpg,0.13348965071151359,0.23553748484200016,0.13351124049814006,0.9987900786448881,0.8364715576171875,0.013347824999073055
U-Net,15573_sat_61.jpg,0.6878709553896228,0.8150752913819017,0.8674211558774709,0.7686876521087962,0.800994873046875,0.013347824999073055
U-Net,15573_sat_62.jpg,0.8176647834274953,0.8996871049959593,0.9177534929928767,0.8823182751122762,0.852264404296875,0.013347824999073055
U-Net,15573_sat_63.jpg,0.8255115982744592,0.904416711517761,0.9976993153607807,0.8270860570637545,0.826568603515625,0.013347824999073055
U-Net,15573_sat_66.jpg,0.6048724232377108,0.7537950238031079,0.6228687759776063,0.9544110479285134,0.7072296142578125,0.013347824999073055
U-Net,15573_sat_67.jpg,0.455345880839908,0.6257562368295833,0.46939295821329324,0.9383313796442587,0.663970947265625,0.013347824999073055
U-Net,15573_sat_68.jpg,0.1891327548605633,0.3181020017949819,0.2091650844152512,0.6638436482084691,0.7333526611328125,0.013347824999073055
U-Net,15573_sat_71.jpg,0.2822802197802198,0.4402785216925549,0.32416657903039225,0.685990875709358,0.7608184814453125,0.013347824999073055
U-Net,15573_sat_72.jpg,0.399838023891476,0.5712632705603287,0.8007136195921015,0.4440247329960652,0.547698974609375,0.013388650000706548
U-Net,15573_sat_73.jpg,0.6530183838341002,0.7900921008748301,0.8655948733803648,0.7267042639042922,0.75030517578125,0.013388650000706548
U-Net,15573_sat_75.jpg,0.9347558217522187,0.9662778230129875,0.9645438012006502,0.9680180907769342,0.9361724853515625,0.013388650000706548
U-Net,15573_sat_76.jpg,0.1360855394819601,0.23956917811666414,0.1378551362622723,0.9138030332117489,0.538909912109375,0.013388650000706548
U-Net,15573_sat_77.jpg,0.16783415912067887,0.28742806983321956,0.22521971723347345,0.397116291604905,0.5540771484375,0.013388650000706548
U-Net,15573_sat_78.jpg,0.5749140105480395,0.7300893975131767,0.974679279512764,0.5836307768707906,0.5756988525390625,0.013388650000706548
U-Net,15573_sat_82.jpg,0.6071141709695926,0.755533342853063,0.6582892690513219,0.8864873921420793,0.8955078125,0.013388650000706548
U-Net,15573_sat_83.jpg,0.4813763284017504,0.649904172454416,0.5547018038839031,0.7845559517744948,0.6961822509765625,0.013388650000706548
U-Net,15573_sat_84.jpg,0.33442162843314144,0.5012233334764132,0.4663152430014776,0.5417807265809864,0.6453857421875,0.013400849999015918
U-Net,15573_sat_85.jpg,0.9061024225697639,0.9507384407477718,0.9928263024377132,0.9120738351365116,0.90655517578125,0.013400849999015918
U-Net,15573_sat_86.jpg,0.8768499531053778,0.9343847137642186,0.9405265311690083,0.9283225904172067,0.8817901611328125,0.013400849999015918
U-Net,15573_sat_87.jpg,0.7318880654794824,0.8451909566994508,0.9722303849544519,0.7475146859466787,0.7410888671875,0.013400849999015918
U-Net,156574_sat_00.jpg,0.9141361903144635,0.955142267243048,1.0,0.9141361903144635,0.915130615234375,0.013400849999015918
U-Net,156574_sat_01.jpg,0.9609225052589556,0.98007188216962,0.9999840212198201,0.9609372600804594,0.9611663818359375,0.013400849999015918
U-Net,156574_sat_02.jpg,0.795179601712265,0.8859053444611477,0.7953646390840974,0.999707516817783,0.798492431640625,0.013400849999015918
U-Net,156574_sat_03.jpg,0.7389062632068295,0.8498517474359597,0.7858507315099894,0.9252017462627332,0.81146240234375,0.013400849999015918
U-Net,156574_sat_04.jpg,0.8544642712697976,0.9215214167320945,0.9985631368990225,0.8555161410499377,0.86273193359375,0.013376399998378474
U-Net,156574_sat_10.jpg,0.8368652133086313,0.9111884826881096,0.90090705425933,0.92170728980322,0.90191650390625,0.013376399998378474
U-Net,156574_sat_11.jpg,0.9568921989396617,0.9779712949524271,0.9965491175600618,0.9600734572396542,0.95831298828125,0.013376399998378474
U-Net,156574_sat_12.jpg,0.8187353026447186,0.9003347561947608,0.8497776588986593,0.9572881355932203,0.9141387939453125,0.013376399998378474
U-Net,156574_sat_14.jpg,0.8983917350090531,0.9464766606822262,0.9245186511271053,0.9695030841730202,0.956329345703125,0.013376399998378474
U-Net,156574_sat_15.jpg,0.9530484941981353,0.9759598873549008,0.9881428422406898,0.964073684567629,0.957275390625,0.013376399998378474
U-Net,156574_sat_16.jpg,0.9529411764705882,0.9759036144578314,0.9931970558824976,0.9592020897649014,0.954345703125,0.013376399998378474
U-Net,156574_sat_17.jpg,0.8305991713425168,0.907461539746438,0.9803309453777722,0.8446755912122766,0.8309326171875,0.013376399998378474
U-Net,156574_sat_20.jpg,0.9883217324052591,0.994126570461706,0.9999686996259606,0.9883523078826878,0.9884796142578125,0.013357337502384325
U-Net,156574_sat_22.jpg,0.931114287659111,0.9643285160380684,0.9383317327479764,0.9918068445475638,0.938232421875,0.013357337502384325
U-Net,156574_sat_23.jpg,0.7884249270211956,0.8816975374352424,0.8206076618229855,0.9526146296580279,0.89825439453125,0.013357337502384325
U-Net,156574_sat_24.jpg,0.8878250999358437,0.9405798238046689,0.9727479182437547,0.9104711776911787,0.9653167724609375,0.013357337502384325
U-Net,156574_sat_25.jpg,0.4301728164409155,0.6015676028739386,0.5566972920696325,0.6543052003410059,0.90692138671875,0.013357337502384325
U-Net,156574_sat_26.jpg,0.8147389969293757,0.8979131415679639,0.922007722007722,0.8750458043239282,0.9751434326171875,0.013357337502384325
U-Net,156574_sat_27.jpg,0.8441342150379623,0.9154802379940501,0.977296786389414,0.8610185863699953,0.854339599609375,0.013357337502384325
U-Net,156574_sat_35.jpg,0.7936521419066225,0.884956590370955,0.8015040173848398,0.987807026817493,0.8887939453125,0.013357337502384325
U-Net,156574_sat_37.jpg,0.4601835108164222,0.6303091459499128,0.4644450452886305,0.9804509132420092,0.87701416015625,0.013389550000283634
U-Net,156574_sat_38.jpg,0.9539095704918733,0.9764111757247169,0.9765819740237023,0.97624043715847,0.967071533203125,0.013389550000283634
U-Net,156574_sat_40.jpg,0.8631404502140588,0.9265436216737084,0.9956809572697985,0.8663842895648826,0.8639068603515625,0.013389550000283634
U-Net,156574_sat_41.jpg,0.9261347705535998,0.9616510585989939,0.9916770911516971,0.9333898491342093,0.927642822265625,0.013389550000283634
U-Net,156574_sat_45.jpg,0.9824118804795133,0.9911279186259556,0.9978373859629993,0.9845080776747772,0.9850006103515625,0.013389550000283634
U-Net,156574_sat_46.jpg,0.5575617956540688,0.7159417972497601,0.5829319099075642,0.9275947793660658,0.891571044921875,0.013389550000283634
U-Net,156574_sat_47.jpg,0.10488472951380963,0.18985641979134388,0.11087874522421073,0.6598851124940163,0.6409759521484375,0.013389550000283634
U-Net,156574_sat_48.jpg,0.5594594594594594,0.7175043327556326,0.620910131428346,0.8496894409937888,0.81097412109375,0.013389550000283634
U-Net,156574_sat_50.jpg,0.974608077843849,0.987140778749433,0.9998415490168117,0.9747586313431683,0.97491455078125,0.013449674999719718
U-Net,156574_sat_51.jpg,0.8500631943058604,0.9189558463972386,0.8843292619632539,0.9564045952924447,0.8624267578125,0.013449674999719718
U-Net,156574_sat_52.jpg,0.8120625740259341,0.8962853553359817,0.9988458773224353,0.8128252501924558,0.813568115234375,0.013449674999719718
U-Net,156574_sat_53.jpg,0.8364644947745871,0.9109509028403592,0.9936289500509684,0.8409749183459666,0.837158203125,0.013449674999719718
U-Net,156574_sat_54.jpg,0.8586079433739677,0.9239258300115943,0.9503464605313555,0.898934505870922,0.8628387451171875,0.013449674999719718
U-Net,156574_sat_56.jpg,0.9790230023629262,0.9894003265186774,0.9982789988690564,0.980678195343445,0.9800872802734375,0.013449674999719718
U-Net,156574_sat_57.jpg,0.8514707945564233,0.9197777216468805,0.9614511274225062,0.8815668425894543,0.9515380859375,0.013449674999719718
U-Net,156574_sat_58.jpg,0.8435197225834417,0.9151187397131436,0.9131862975129047,0.9170593779453345,0.911865234375,0.013449674999719718
U-Net,156574_sat_60.jpg,0.9362896949535334,0.9670967080946039,1.0,0.9362896949535334,0.9362945556640625,0.013403475000814069
U-Net,156574_sat_61.jpg,0.8013349475897664,0.8897123199235919,0.9904700021659086,0.8075614063252529,0.8097076416015625,0.013403475000814069
U-Net,156574_sat_64.jpg,0.96075439453125,0.9799844357976654,0.9995078974521787,0.9612090680100756,0.96075439453125,0.013403475000814069
U-Net,156574_sat_67.jpg,0.9663253437065004,0.9828743211792087,0.9872399283098262,0.9785471537807986,0.973052978515625,0.013403475000814069
U-Net,156574_sat_68.jpg,0.7895748530076888,0.8824161243444746,0.9777373284794175,0.8040299366724237,0.9716033935546875,0.013403475000814069
U-Net,156574_sat_70.jpg,0.7730432386085252,0.8719959240421067,0.9520119168835087,0.8043876559338506,0.7738189697265625,0.013403475000814069
U-Net,156574_sat_71.jpg,0.7612441044425355,0.864439066137834,0.9572607765209417,0.788027247407805,0.7752227783203125,0.013403475000814069
U-Net,156574_sat_78.jpg,0.9556429585928111,0.97731843575419,1.0,0.9556429585928111,0.956634521484375,0.013403475000814069
U-Net,156574_sat_80.jpg,0.8635855630793504,0.9268000141108407,0.893711836443114,0.9624324571847239,0.87335205078125,0.013413937500445172
U-Net,162310_sat_00.jpg,0.49903846153846154,0.6658114175753689,0.5032049555615405,0.9836790565441719,0.570709228515625,0.013413937500445172
U-Net,162310_sat_01.jpg,0.06609418044077135,0.12399313616634702,0.06614542948220901,0.9884132603797876,0.3378753662109375,0.013413937500445172
U-Net,162310_sat_06.jpg,0.17076240709661952,0.2917114626529463,0.17867670116023832,0.7940356744704571,0.3666839599609375,0.013413937500445172
U-Net,162310_sat_07.jpg,0.7474032494362047,0.8554444999199269,0.7872388383181621,0.9365897933083048,0.7658538818359375,0.013413937500445172
U-Net,162310_sat_08.jpg,0.9701613272485844,0.9848547058869099,0.9919475655430712,0.9778625601895297,0.9701690673828125,0.013413937500445172
U-Net,162310_sat_11.jpg,0.7961895127297252,0.8865317463297413,0.888851243247313,0.8842243235652093,0.8155517578125,0.013413937500445172
U-Net,162310_sat_12.jpg,0.6612072920029223,0.7960563322662794,0.6639031047424088,0.9938963659115867,0.6957244873046875,0.013413937500445172
U-Net,162310_sat_13.jpg,0.45987632213547264,0.630020934188146,0.492533115122999,0.8739903802522915,0.654815673828125,0.013335424999240786
U-Net,162310_sat_17.jpg,0.2730277517929529,0.4289423406652623,0.2940162521546417,0.7927329792370835,0.4663848876953125,0.013335424999240786
U-Net,162310_sat_18.jpg,0.9237354805867926,0.9603560259802743,0.9669309392711243,0.9538699246563341,0.924560546875,0.013335424999240786
U-Net,162310_sat_23.jpg,0.975543395188163,0.9876203150629816,1.0,0.975543395188163,0.9755859375,0.013335424999240786
U-Net,162310_sat_24.jpg,0.28279245729148195,0.4409013409520299,0.2856801624268482,0.965489404641776,0.8148651123046875,0.013335424999240786
U-Net,162310_sat_25.jpg,0.3957675569587849,0.5670966558659901,0.40003450060376056,0.9737560361116943,0.8919525146484375,0.013335424999240786
U-Net,162310_sat_26.jpg,0.06574799900981929,0.12338376252342093,0.06576536423513099,0.996,0.1361846923828125,0.013335424999240786
U-Net,162310_sat_28.jpg,0.1148351943792232,0.2060128617363344,0.11703351904283496,0.8594232059020791,0.246429443359375,0.013335424999240786
U-Net,162310_sat_34.jpg,0.6851811571686036,0.8131839763979164,0.7039602854087187,0.9625256449430355,0.6908111572265625,0.013345675000891788
U-Net,162310_sat_35.jpg,0.8890178661552438,0.941248764327126,0.9170180644489562,0.966794731064764,0.8993377685546875,0.013345675000891788
U-Net,162310_sat_36.jpg,0.8651477926477545,0.9276989159337288,0.8890805589097809,0.9698244893769886,0.8651580810546875,0.013345675000891788
U-Net,162310_sat_37.jpg,0.24000289247234075,0.38710053650571496,0.244259640859582,0.9323033707865168,0.518890380859375,0.013345675000891788
U-Net,162310_sat_47.jpg,0.9467772622584198,0.9726611057292515,0.9692625751776928,0.9760835527108175,0.9513397216796875,0.013345675000891788
U-Net,162310_sat_48.jpg,0.03498370052727153,0.06760241829789033,0.03498370052727153,1.0,0.32696533203125,0.013345675000891788
U-Net,162310_sat_56.jpg,0.9972991943359375,0.9986477711142518,0.999755258126195,0.997542735042735,0.9972991943359375,0.013345675000891788
U-Net,162310_sat_58.jpg,0.8711579533847154,0.9311431478127093,0.8805337421393487,0.9879249521736841,0.8729705810546875,0.013345675000891788
U-Net,162310_sat_65.jpg,0.9144906386810321,0.9553357119688615,0.9350752428725634,0.9764936012200782,0.91595458984375,0.01332577500215848
U-Net,162310_sat_66.jpg,0.628205757679907,0.7716540181936975,0.6413795408214417,0.9683392618380887,0.6533660888671875,0.01332577500215848
U-Net,162310_sat_70.jpg,0.8485076498620516,0.9180461329715061,0.9767576151292046,0.8659925764751056,0.8525390625,0.01332577500215848
U-Net,162310_sat_80.jpg,0.849355914032531,0.9185424045072056,0.9531722906288185,0.8863405936440234,0.8627777099609375,0.01332577500215848
U-Net,170535_sat_00.jpg,0.7509483091166259,0.8577618256423437,0.9637169966996699,0.7727971947003656,0.7635650634765625,0.01332577500215848
U-Net,170535_sat_10.jpg,0.6699141910101918,0.8023336703366013,0.9985224518065335,0.6705789326800831,0.6748199462890625,0.01332577500215848
U-Net,170535_sat_14.jpg,0.7145834941712345,0.8335359538925661,0.9918134670609918,0.7188232918627588,0.7179412841796875,0.01332577500215848
U-Net,170535_sat_15.jpg,0.44945113039151663,0.6201673460630766,0.9997578943727735,0.44950005442642327,0.459716796875,0.01332577500215848
U-Net,170535_sat_16.jpg,0.5314553990610329,0.6940527283874923,1.0,0.5314553990610329,0.649749755859375,0.01329373749831575
U-Net,170535_sat_17.jpg,0.6712899185973701,0.8033195331672318,1.0,0.6712899185973701,0.8397979736328125,0.01329373749831575
U-Net,170535_sat_18.jpg,0.4605159920616606,0.6306209511771211,0.9587777457480542,0.4698182503060552,0.8216400146484375,0.01329373749831575
U-Net,170535_sat_20.jpg,0.8360344642884471,0.9106958290267729,1.0,0.8360344642884471,0.836517333984375,0.01329373749831575
U-Net,170535_sat_22.jpg,0.6903142268342056,0.8167880455305605,0.9896723926059561,0.6953231198794959,0.7408905029296875,0.01329373749831575
U-Net,170535_sat_23.jpg,0.036731817072840144,0.0708607886204372,0.8538122243226213,0.03696429058569987,0.457794189453125,0.01329373749831575
U-Net,170535_sat_24.jpg,0.08980098399893621,0.16480253792654656,0.6381102362204725,0.09461983934242481,0.6866607666015625,0.01329373749831575
U-Net,170535_sat_25.jpg,0.09697256385998108,0.17680034497628289,0.8167330677290837,0.09912959381044488,0.9126129150390625,0.01329373749831575
U-Net,170535_sat_30.jpg,0.43243121942462187,0.6037724025567114,0.9942214425755856,0.4335208098987627,0.807037353515625,0.013521587497962173
U-Net,170535_sat_31.jpg,0.16219806763285025,0.2791229346357685,0.79,0.1695065000631074,0.8941497802734375,0.013521587497962173
U-Net,170535_sat_32.jpg,0.0,0.0,0.0,0.0,0.9633331298828125,0.013521587497962173
U-Net,170535_sat_46.jpg,0.1012710127101271,0.18391660461653014,0.5811764705882353,0.1092436974789916,0.93310546875,0.013521587497962173
U-Net,170535_sat_47.jpg,0.22096219931271477,0.3619476498733465,0.9704614057783527,0.22245836010477932,0.7578582763671875,0.013521587497962173
U-Net,170535_sat_48.jpg,0.4904373248873188,0.6581119738455251,1.0,0.4904373248873188,0.617034912109375,0.013521587497962173
U-Net,170535_sat_52.jpg,0.0,0.0,0.0,0.0,0.9210662841796875,0.013521587497962173
U-Net,170535_sat_53.jpg,0.3892698447528663,0.5603948667324777,0.9792989235440243,0.39249958515404615,0.8301239013671875,0.013521587497962173
U-Net,170535_sat_54.jpg,0.606855406089942,0.7553329363550387,0.9989808209024368,0.6072313584140572,0.786834716796875,0.014105225000093924
U-Net,170535_sat_55.jpg,0.7195099244032324,0.8368778966517953,1.0,0.7195099244032324,0.7701416015625,0.014105225000093924
U-Net,170535_sat_56.jpg,0.8793942920137188,0.9358273521959803,1.0,0.8793942920137188,0.8798065185546875,0.014105225000093924
U-Net,170535_sat_57.jpg,0.8887372517197499,0.9410914629978616,0.9615691595498443,0.9214677706178175,0.9079437255859375,0.014105225000093924
U-Net,170535_sat_58.jpg,0.7231979601764715,0.8393672426381115,0.9750757678563351,0.7368187178479261,0.7482147216796875,0.014105225000093924
U-Net,170535_sat_60.jpg,0.49136748045316736,0.6589489001112728,0.9768430402233219,0.49715854052308683,0.756805419921875,0.014105225000093924
U-Net,170535_sat_61.jpg,0.6476828273164692,0.7861741550967434,0.9141382049245433,0.6896365760853282,0.8089447021484375,0.014105225000093924
U-Net,170535_sat_62.jpg,0.6759169450731042,0.8066234392583462,0.9587760197712044,0.6961484386562083,0.7246856689453125,0.014105225000093924
U-Net,170535_sat_63.jpg,0.7443841625303013,0.8534635644140924,0.853531342651419,0.853395796940342,0.8310546875,0.014108037499681814
U-Net,170535_sat_64.jpg,0.9757210912488703,0.9877113683410735,0.9981822170683549,0.9774579158162874,0.9758148193359375,0.014108037499681814
U-Net,170535_sat_67.jpg,0.9684646162304145,0.9839797050403805,0.9963706636500754,0.9718931510628189,0.9684906005859375,0.014108037499681814
U-Net,170535_sat_68.jpg,0.5171781035955015,0.6817632054797801,0.8265149095554717,0.5801573390942811,0.5944976806640625,0.014108037499681814
U-Net,170535_sat_70.jpg,0.45605715831516636,0.6264275488235358,0.920862384731549,0.47466048360384233,0.4784088134765625,0.014108037499681814
U-Net,170535_sat_71.jpg,0.4334971249346576,0.6048105955628164,0.7829305135951662,0.49271573543741237,0.5865936279296875,0.014108037499681814
U-Net,170535_sat_72.jpg,0.49198690059959815,0.65950565705621,0.9370254308786309,0.5088106808030236,0.5100250244140625,0.014108037499681814
U-Net,170535_sat_73.jpg,0.6843524746753142,0.8126000762485703,0.9833225687396199,0.6923889033264033,0.699981689453125,0.014108037499681814
U-Net,170535_sat_74.jpg,0.9243983040279337,0.9607141121389343,0.9892735007089832,0.9337574202081594,0.925994873046875,0.013744237501668977
U-Net,170535_sat_77.jpg,0.8459448320078157,0.9165440021169972,0.9999639112939606,0.8459706596241623,0.84600830078125,0.013744237501668977
U-Net,170535_sat_78.jpg,0.45370570942286864,0.6242057198812172,0.7263921918351169,0.5472240365774004,0.4612579345703125,0.013744237501668977
U-Net,170535_sat_80.jpg,0.3853986135181976,0.5563721657544957,0.9655359565807327,0.39077429983525536,0.567108154296875,0.013744237501668977
U-Net,170535_sat_81.jpg,0.6787631920014812,0.8086467409286423,0.9838749357010266,0.6863990263843598,0.68231201171875,0.013744237501668977
U-Net,170535_sat_87.jpg,0.7474712747670316,0.855489055025162,0.9998789756499008,0.747538906985161,0.78704833984375,0.013744237501668977
U-Net,170535_sat_88.jpg,0.4829021806644396,0.6512933718231732,0.996984715627491,0.48360848660098854,0.5299835205078125,0.013744237501668977
U-Net,172307_sat_03.jpg,0.5705527638190955,0.7265629999360081,0.6337352087519535,0.8512520617783775,0.869598388671875,0.013744237501668977
U-Net,172307_sat_04.jpg,0.3507410838351088,0.5193313330475783,0.3679990280646337,0.8820617355853232,0.9144439697265625,0.013780437500827247
U-Net,172307_sat_88.jpg,0.04964092226281971,0.09458648421558036,0.051924090669478125,0.5302826379542396,0.8849029541015625,0.013780437500827247
U-Net,174980_sat_00.jpg,0.9709930419921875,0.9852830743742791,0.9981491067087039,0.9727445045706075,0.9709930419921875,0.013780437500827247
U-Net,174980_sat_01.jpg,0.988616943359375,0.9942758927612295,0.9997376826577375,0.9888734565545872,0.988616943359375,0.013780437500827247
U-Net,174980_sat_05.jpg,0.8643814742415613,0.9272581670478093,0.8702484077420155,0.9922609371687044,0.8655548095703125,0.013780437500827247
U-Net,174980_sat_06.jpg,0.9866693031456489,0.9932899265956123,0.9953455899464743,0.9912427367689175,0.9876556396484375,0.013780437500827247
U-Net,174980_sat_08.jpg,0.8444166447195154,0.9156463070717167,0.9851365364673349,0.8553136149921637,0.85577392578125,0.013780437500827247
U-Net,174980_sat_11.jpg,0.986968994140625,0.9934417668832266,0.998656764810326,0.98828095158062,0.986968994140625,0.013780437500827247
U-Net,174980_sat_13.jpg,0.97955322265625,0.9896710140905868,0.999813107400947,0.9797326170563457,0.97955322265625,0.01359697500083712
U-Net,174980_sat_22.jpg,0.9901580810546875,0.9950547049307276,0.9999845897799421,0.9901731898985275,0.9901580810546875,0.01359697500083712
U-Net,174980_sat_23.jpg,0.7133431085043989,0.832691484809585,0.7152191313154412,0.9963364128703409,0.7315216064453125,0.01359697500083712
U-Net,174980_sat_24.jpg,0.9920167678698024,0.9959923870827982,0.9946995101296534,0.9972886292859025,0.992095947265625,0.01359697500083712
U-Net,174980_sat_26.jpg,0.9841544977351888,0.992013977599578,0.9863803982627223,0.9977122774443818,0.9852142333984375,0.01359697500083712
U-Net,174980_sat_27.jpg,0.9324649737302977,0.9650523930897763,0.9352582299524788,0.9968073014174913,0.9340972900390625,0.01359697500083712
U-Net,174980_sat_28.jpg,0.950653076171875,0.9747023576714279,0.9686708024317054,0.9808094960721652,0.950653076171875,0.01359697500083712
U-Net,174980_sat_32.jpg,0.977242527454065,0.9884902978618217,0.9960769051140343,0.981018383649438,0.977264404296875,0.01359697500083712
U-Net,174980_sat_33.jpg,0.9242965575404432,0.9606591602718877,0.967047423474299,0.9543547442250756,0.9246673583984375,0.013588387500931276
U-Net,174980_sat_34.jpg,0.90302120357887,0.9490395607580466,0.9998982153762638,0.9031042196549505,0.903411865234375,0.013588387500931276
U-Net,174980_sat_37.jpg,0.9578977888327662,0.9784962159887142,0.9700210161948325,0.9871208189838184,0.9579010009765625,0.013588387500931276
U-Net,174980_sat_38.jpg,0.9926300048828125,0.9963013730099779,0.9926451514457924,0.9999846281550712,0.9926300048828125,0.013588387500931276
U-Net,174980_sat_40.jpg,0.9599050468262227,0.9795424001592806,0.9824765771912599,0.9766256968453789,0.962371826171875,0.013588387500931276
U-Net,174980_sat_41.jpg,0.9307237310705769,0.9641190151575908,0.9402011543695546,0.9892855379449959,0.931732177734375,0.013588387500931276
U-Net,174980_sat_48.jpg,0.9823291259823768,0.9910858021576684,0.9838442946190052,0.9984347012215785,0.9830169677734375,0.013588387500931276
U-Net,174980_sat_50.jpg,0.8280566849832429,0.9059420222418687,0.862417831641241,0.9540928336208249,0.8457794189453125,0.013588387500931276
U-Net,174980_sat_51.jpg,0.7622660514686769,0.8650975836859621,0.7808900872112376,0.9696612726558786,0.7767181396484375,0.01351812500070082
U-Net,174980_sat_52.jpg,0.797362550044314,0.88725844435187,0.7998068728733024,0.9961818216528894,0.7976531982421875,0.01351812500070082
U-Net,174980_sat_62.jpg,0.8538818359375,0.9211825903733456,0.8767312151406906,0.9703821876950822,0.8538818359375,0.01351812500070082
U-Net,174980_sat_63.jpg,0.5515997851607458,0.7110078132726734,0.5519724819950553,0.998777404206841,0.55413818359375,0.01351812500070082
U-Net,174980_sat_70.jpg,0.7466073275456796,0.8549229306106336,0.7475679407518986,0.9982818589448099,0.753265380859375,0.01351812500070082
U-Net,174980_sat_71.jpg,0.7337099175710317,0.8464044764754839,0.787216522011232,0.9152162674478718,0.73529052734375,0.01351812500070082
U-Net,174980_sat_73.jpg,0.6595311382644654,0.7948403293645961,0.6628802674958204,0.9923976608187135,0.6658172607421875,0.01351812500070082
U-Net,174980_sat_80.jpg,0.9562236609051488,0.9776220173747434,0.9724378881987578,0.9828617166533264,0.9562530517578125,0.01351812500070082
U-Net,174980_sat_81.jpg,0.46060236321602877,0.6307019279386226,0.47025077856089165,0.9573545114789108,0.487335205078125,0.01354732500112732
U-Net,174980_sat_88.jpg,0.912447535118559,0.954219677521238,0.9251715636238006,0.9851509982943715,0.9137420654296875,0.01354732500112732
U-Net,176225_sat_10.jpg,0.012331477476648416,0.024362528975955637,0.012331477476648416,1.0,0.344940185546875,0.01354732500112732
U-Net,176225_sat_20.jpg,0.09271911384217335,0.1697034721322999,0.14412291450655104,0.20632421734436848,0.3151092529296875,0.01354732500112732
U-Net,176225_sat_27.jpg,0.2959780621572212,0.4567640005642545,0.3571980143408715,0.633287698024643,0.76495361328125,0.01354732500112732
U-Net,176225_sat_28.jpg,0.7566028253950527,0.8614386979878572,0.8811002373443444,0.8426354901899816,0.866973876953125,0.01354732500112732
U-Net,176225_sat_30.jpg,0.593972514666881,0.7452732204620396,0.8674851522336205,0.6532437687820399,0.6145477294921875,0.01354732500112732
U-Net,176225_sat_31.jpg,0.16810783980772748,0.287829315203292,0.19054246121047022,0.5881008956315116,0.51409912109375,0.01354732500112732
U-Net,176225_sat_37.jpg,0.5339169651147367,0.6961484581726363,0.6781454275894602,0.7151334257186511,0.7319183349609375,0.013500249999196967
U-Net,176225_sat_40.jpg,0.7750310383303736,0.8732591392422995,0.9551255979702903,0.804318752650292,0.7815704345703125,0.013500249999196967
U-Net,176225_sat_41.jpg,0.6092380691079873,0.7571758098485608,0.7432807608246205,0.771600269811745,0.63055419921875,0.013500249999196967
U-Net,176225_sat_47.jpg,0.46489425767827414,0.6347137416117526,0.6409523809523809,0.6285953777990659,0.5390167236328125,0.013500249999196967
U-Net,176225_sat_50.jpg,0.13197990967796397,0.2331841909023117,0.9961771264733992,0.1320467885646721,0.37237548828125,0.013500249999196967
U-Net,176225_sat_51.jpg,0.7855717574827321,0.879910599157569,0.9332944308691054,0.8323033890587394,0.786834716796875,0.013500249999196967
U-Net,176225_sat_52.jpg,0.489872431590223,0.6576031896467205,0.6468016714882674,0.6687716032969955,0.8401336669921875,0.013500249999196967
U-Net,176225_sat_53.jpg,0.18627948262744104,0.3140566541956173,0.22052642113690954,0.5453532978591759,0.7062530517578125,0.013500249999196967
U-Net,176225_sat_54.jpg,0.15988707814705505,0.27569421396172145,0.167570717711929,0.7771309771309771,0.7003021240234375,0.013503387497621588
U-Net,176225_sat_55.jpg,0.3905345305026433,0.5617041820047071,0.3980159069528778,0.9540795407954079,0.778350830078125,0.013503387497621588
U-Net,176225_sat_56.jpg,0.1876186859096088,0.31595778701630955,0.25781199034509755,0.40796944358418497,0.7388916015625,0.013503387497621588
U-Net,176225_sat_57.jpg,0.46621447859071624,0.6359430839051983,0.9440213499967455,0.47946971700608304,0.493255615234375,0.013503387497621588
U-Net,176225_sat_60.jpg,0.3862369301327499,0.5572451890973108,0.782099343955014,0.4328115422697911,0.554840087890625,0.013503387497621588
U-Net,176225_sat_61.jpg,0.8986884593606048,0.9466413038221592,0.989018947368421,0.9077460543197663,0.89898681640625,0.013503387497621588
U-Net,176225_sat_62.jpg,0.6801294921479821,0.8096155627605373,0.9024989673688558,0.7340668570468671,0.6864013671875,0.013503387497621588
U-Net,176225_sat_63.jpg,0.8323205179100376,0.9084879089378864,0.9860535788578767,0.8422353722787881,0.832427978515625,0.013503387497621588
U-Net,176225_sat_64.jpg,0.8811859704592303,0.9368408911152122,0.961980982031065,0.9129813405273469,0.883026123046875,0.013529337502404815
U-Net,176225_sat_65.jpg,0.8214196361556882,0.9019553977021869,0.9214377355464678,0.8832798478064529,0.8475189208984375,0.013529337502404815
U-Net,176225_sat_66.jpg,0.8433653787275733,0.9150279032686686,0.9257914902198023,0.9045117225980167,0.8438720703125,0.013529337502404815
U-Net,176225_sat_67.jpg,0.8529757452719308,0.9206550570868411,0.999874749498998,0.8530668946356059,0.85302734375,0.013529337502404815
U-Net,176225_sat_70.jpg,0.7626430242113914,0.8653403028700026,0.9922890278006251,0.7671897108154083,0.7708282470703125,0.013529337502404815
U-Net,176225_sat_72.jpg,0.6661728241036757,0.7996443279670535,0.9430634051571882,0.6940887820096191,0.673370361328125,0.013529337502404815
U-Net,176225_sat_73.jpg,0.8016704980842911,0.8899191044496806,0.9841953752657623,0.812125446359261,0.8025360107421875,0.013529337502404815
U-Net,176225_sat_74.jpg,0.649215719871026,0.7873023668750826,0.9466690894223999,0.6738613765339283,0.6563720703125,0.013529337502404815
U-Net,176225_sat_75.jpg,0.8393544866297653,0.9126620156484441,0.9577795569789165,0.8716038988374729,0.8427886962890625,0.013533787499909522
U-Net,176225_sat_77.jpg,0.6082046273121299,0.7563771636805344,0.9925778331257783,0.610983350197774,0.6082763671875,0.013533787499909522
U-Net,176225_sat_82.jpg,0.7025364042288748,0.8252820938029489,0.9696719401910329,0.718320023847252,0.704193115234375,0.013533787499909522
U-Net,176225_sat_83.jpg,0.7808873288429308,0.8769643269350285,0.9685060987567164,0.8012329656067488,0.788543701171875,0.013533787499909522
U-Net,176225_sat_84.jpg,0.8576694466202829,0.9233821960959396,0.976651450758172,0.8756232947596199,0.8585968017578125,0.013533787499909522
U-Net,176225_sat_87.jpg,0.7188511140758461,0.8364320890728714,0.9624086392379075,0.7396181760807826,0.720245361328125,0.013533787499909522
U-Net,182422_sat_01.jpg,0.6838708686098861,0.8122604664744315,0.9761591437469842,0.6954870769134607,0.686065673828125,0.013533787499909522
U-Net,182422_sat_02.jpg,0.6796525587307566,0.809277555882559,0.7070823333496596,0.9460043904197111,0.7923431396484375,0.013533787499909522
U-Net,182422_sat_05.jpg,0.803084446116231,0.8907896109314697,0.8538121613245087,0.9311149392703723,0.840240478515625,0.013723212498007342
U-Net,182422_sat_07.jpg,0.5781598928092898,0.7327012876751097,0.7323016001293033,0.733101411755188,0.7982330322265625,0.013723212498007342
U-Net,182422_sat_08.jpg,0.8452807742391846,0.9161541008172013,0.984201561125358,0.8569077071008327,0.8531494140625,0.013723212498007342
U-Net,182422_sat_11.jpg,0.9217388627197438,0.9592758731175905,1.0,0.9217388627197438,0.92242431640625,0.013723212498007342
U-Net,182422_sat_12.jpg,0.6644748693929022,0.7984198279127659,0.7456033959975743,0.8592894583576005,0.8294830322265625,0.013723212498007342
U-Net,182422_sat_14.jpg,0.13329995271078474,0.235242139368204,0.1350620067643743,0.9108534499144649,0.5245819091796875,0.013723212498007342
U-Net,182422_sat_15.jpg,0.1571465494959938,0.27161045342863527,0.16766632195794554,0.7146635321774905,0.80096435546875,0.013723212498007342
U-Net,182422_sat_16.jpg,0.6346800900781561,0.7765190191406947,0.7836953677047893,0.7694729065621687,0.7895965576171875,0.013723212498007342
U-Net,182422_sat_17.jpg,0.9025119799774135,0.9487582622088173,0.9996450244257002,0.9028013128768796,0.90252685546875,0.013986312500492204
U-Net,182422_sat_20.jpg,0.9341495645528507,0.9659538038557153,0.9878939924568966,0.9449669834111774,0.9368896484375,0.013986312500492204
U-Net,182422_sat_21.jpg,0.39078113817690247,0.5619592147894035,0.4643903360947491,0.7114317425083241,0.6492919921875,0.013986312500492204
U-Net,182422_sat_22.jpg,0.5815254365409328,0.7353981454927827,0.6535923649854153,0.8406119103988344,0.74658203125,0.013986312500492204
U-Net,182422_sat_23.jpg,0.5475140379940191,0.7076046155984985,0.7034191105337351,0.7118402282453637,0.6790771484375,0.013986312500492204
U-Net,182422_sat_24.jpg,0.7067334190703656,0.828170833445464,0.9242181556080566,0.7502072126245307,0.7077178955078125,0.013986312500492204
U-Net,182422_sat_25.jpg,0.40990883632246916,0.5814685684099313,0.5486263407631883,0.6184932122628787,0.6977691650390625,0.013986312500492204
U-Net,182422_sat_26.jpg,0.3531395217046356,0.5219558161449063,0.5552436959814666,0.49243352167213245,0.6516571044921875,0.013986312500492204
U-Net,182422_sat_27.jpg,0.7953677505140931,0.8860220980201345,0.9958186534515467,0.7980329191293961,0.7980499267578125,0.013620037498185411
U-Net,182422_sat_30.jpg,0.6774325848456885,0.8077017114914425,0.7638739016494528,0.8568649489884144,0.71197509765625,0.013620037498185411
U-Net,182422_sat_31.jpg,0.7886136004217185,0.8818155025051577,0.8430631796455929,0.9243020594965675,0.8347930908203125,0.013620037498185411
U-Net,182422_sat_35.jpg,0.6870361051704617,0.8144889170597118,1.0,0.6870361051704617,0.696319580078125,0.013620037498185411
U-Net,182422_sat_36.jpg,0.42046946626431086,0.5920147898287493,0.7261696371737747,0.4996988611476128,0.616119384765625,0.013620037498185411
U-Net,182422_sat_40.jpg,0.8570192345513905,0.9230052318315647,0.9094627874942606,0.9369570826524469,0.889068603515625,0.013620037498185411
U-Net,182422_sat_46.jpg,0.6039708958081715,0.7530945821854913,0.7452926208651399,0.7610616184112844,0.79486083984375,0.013620037498185411
U-Net,182422_sat_47.jpg,0.5080447030571719,0.673779367451432,0.8895177722436043,0.5422622685778505,0.5936279296875,0.013620037498185411
U-Net,182422_sat_51.jpg,0.9339360542755837,0.9658396431576107,0.9841010545383968,0.9482436181155129,0.934326171875,0.013789599997835467
U-Net,182422_sat_52.jpg,0.946771778653711,0.9726582119537921,0.9871764237355635,0.9585608439419017,0.94683837890625,0.013789599997835467
U-Net,182422_sat_56.jpg,0.8686859207470146,0.9297291868071162,0.9419216973212241,0.9178482895389192,0.9145965576171875,0.013789599997835467
U-Net,182422_sat_57.jpg,0.4171989540018005,0.5887655403974712,0.5044578063445988,0.7069078230551319,0.7925567626953125,0.013789599997835467
U-Net,182422_sat_58.jpg,0.7671503082029398,0.8682343597394094,0.921366742596811,0.8208958252998599,0.8126678466796875,0.013789599997835467
U-Net,182422_sat_60.jpg,0.546583197432795,0.7068267628150617,0.5615103312856912,0.9536192865446981,0.6054534912109375,0.013789599997835467
U-Net,182422_sat_61.jpg,0.5116714288101325,0.6769611690192221,0.5528434735511826,0.8729439265657516,0.5540618896484375,0.013789599997835467
U-Net,182422_sat_62.jpg,0.8822040161653012,0.937415932160909,0.8895054779534176,0.9907812941508901,0.8856964111328125,0.013789599997835467
U-Net,182422_sat_66.jpg,0.7685505858079729,0.8691304528977959,0.8426013195098964,0.8973844212458415,0.8562164306640625,0.013665687500179047
U-Net,182422_sat_67.jpg,0.14312224541869636,0.25040584415584416,0.14427123928293062,0.9472876151484135,0.830902099609375,0.013665687500179047
U-Net,182422_sat_70.jpg,0.8773836855174999,0.9346876637799796,0.9097062538459048,0.9610798419242811,0.8802032470703125,0.013665687500179047
U-Net,182422_sat_76.jpg,0.9149188697037688,0.9555693289975292,0.9804170949701204,0.9319499188499885,0.9201507568359375,0.013665687500179047
U-Net,182422_sat_77.jpg,0.4482559815508792,0.6190286624203821,0.4862718118706611,0.8514949074581097,0.853973388671875,0.013665687500179047
U-Net,182422_sat_87.jpg,0.632754922158741,0.7750764227642276,0.8056682351668559,0.7467228112389402,0.7361602783203125,0.013665687500179047
U-Net,192918_sat_00.jpg,0.8311070334489247,0.907764558015507,0.8533473838833804,0.9695947171728166,0.8342742919921875,0.013665687500179047
U-Net,192918_sat_01.jpg,0.9569981077946652,0.9780266051182883,0.9953023329630217,0.961340364216077,0.957000732421875,0.013665687500179047
U-Net,192918_sat_02.jpg,0.8898601672970385,0.9417206444112274,0.9157729827508237,0.9691815944208942,0.892913818359375,0.013677062499482417
U-Net,192918_sat_03.jpg,0.47341470258136925,0.642608902642228,0.5128322030356566,0.8603205965773287,0.54180908203125,0.013677062499482417
U-Net,192918_sat_04.jpg,0.5181734830872,0.6826274979240134,0.6971913206300253,0.6686596805543819,0.5509490966796875,0.013677062499482417
U-Net,192918_sat_06.jpg,0.17182237020403424,0.29325668219513,0.8801189885969262,0.17594005827667544,0.347198486328125,0.013677062499482417
U-Net,192918_sat_07.jpg,0.396885161731987,0.56824307767704,0.4722052535125229,0.7133189787757613,0.83868408203125,0.013677062499482417
U-Net,192918_sat_08.jpg,0.0061454285940845295,0.012215785947905584,0.006261361341143203,0.2491961414790997,0.6175079345703125,0.013677062499482417
U-Net,192918_sat_10.jpg,0.4202245279809491,0.5917719623929577,0.42433142680476116,0.9774867452718209,0.4799041748046875,0.013677062499482417
U-Net,192918_sat_11.jpg,0.9545232423187343,0.9767325572310337,0.9977333673860299,0.9565975941966882,0.954559326171875,0.013677062499482417
U-Net,192918_sat_13.jpg,0.3754214159576176,0.545900204260286,0.5958467810429761,0.503679506048749,0.6438140869140625,0.01370232499903068
U-Net,192918_sat_14.jpg,0.4637884637884638,0.6336823595236192,0.8334985431498002,0.5111446781859043,0.5104827880859375,0.01370232499903068
U-Net,192918_sat_15.jpg,0.47369484180178856,0.6428669333233649,0.8772956060399946,0.5073059450530001,0.5626678466796875,0.01370232499903068
U-Net,192918_sat_16.jpg,0.4373891671592571,0.6085883727977144,0.5084629294755877,0.7578158689090125,0.72406005859375,0.01370232499903068
U-Net,192918_sat_20.jpg,0.8549957275390625,0.92183040084232,0.9874526389990308,0.8643866469208935,0.8549957275390625,0.01370232499903068
U-Net,192918_sat_23.jpg,0.37693228978079824,0.5474957520835019,0.594726433750824,0.5072148720062967,0.658660888671875,0.01370232499903068
U-Net,192918_sat_24.jpg,0.17497019670176833,0.2978291656978588,0.4873746108612937,0.21443355451391002,0.4931182861328125,0.01370232499903068
U-Net,192918_sat_26.jpg,0.7415326877635176,0.8515862986365148,0.899609342064585,0.8084305702884276,0.8297576904296875,0.01370232499903068
U-Net,192918_sat_30.jpg,0.7495644328293198,0.8568583342965618,0.7756761107533805,0.9570200003972273,0.7543487548828125,0.013650024997332366
U-Net,192918_sat_31.jpg,0.8042012927054478,0.8914762404360398,0.9671669967241028,0.8267727747365756,0.8058624267578125,0.013650024997332366
U-Net,192918_sat_36.jpg,0.26589780554220727,0.4200936353283563,0.875065893516078,0.2763902763902764,0.300689697265625,0.013650024997332366
U-Net,192918_sat_37.jpg,0.2904343246090268,0.4501342208128601,0.8189763509653833,0.31035826388137244,0.4655303955078125,0.013650024997332366
U-Net,192918_sat_38.jpg,0.4905558916448209,0.6582187147688838,0.6003372681281619,0.7284523631282128,0.768707275390625,0.013650024997332366
U-Net,192918_sat_40.jpg,0.6135864913236324,0.7605250720961411,0.7796938654431832,0.7422761931657724,0.6211395263671875,0.013650024997332366
U-Net,192918_sat_48.jpg,0.19094465929393672,0.32066084314470183,0.608197666042357,0.2177265459796792,0.454132080078125,0.013650024997332366
U-Net,192918_sat_50.jpg,0.5038198124100407,0.6700534309394589,0.6646010682690703,0.67559599558836,0.521331787109375,0.013650024997332366
U-Net,192918_sat_58.jpg,0.15059102930857668,0.26176291222967585,0.6243007384202283,0.1655982905982906,0.2796173095703125,0.01347211249958491
U-Net,192918_sat_60.jpg,0.746551513671875,0.8548863378239067,0.9624471328808891,0.7689502883995788,0.746551513671875,0.01347211249958491
U-Net,192918_sat_67.jpg,0.0956729109793216,0.17463772266452832,0.9444014248102834,0.09621483456665457,0.1204833984375,0.01347211249958491
U-Net,192918_sat_68.jpg,0.0679689540654502,0.12728638563267589,0.5135325627290668,0.07264641952659182,0.2377471923828125,0.01347211249958491
U-Net,192918_sat_70.jpg,0.5959129553076983,0.7467988192285887,0.7660730758432599,0.7284706331045003,0.604736328125,0.01347211249958491
U-Net,192918_sat_71.jpg,0.2737322758952175,0.429811320754717,0.9144921718185468,0.2809224318658281,0.631103515625,0.01347211249958491
U-Net,192918_sat_72.jpg,0.1317177678517291,0.2327749401721613,0.5879115922417681,0.14511567837181857,0.344482421875,0.01347211249958491
U-Net,192918_sat_73.jpg,0.35075921575852487,0.5193512088111936,0.998688581919916,0.35092084850160515,0.3547515869140625,0.01347211249958491
U-Net,192918_sat_74.jpg,0.48109773172780734,0.6496502174324069,0.9997736898257412,0.4811501299186258,0.491058349609375,0.013505137500033015
U-Net,192918_sat_75.jpg,0.525256082436343,0.6887447799550273,0.9915026445851036,0.5276312349077934,0.526885986328125,0.013505137500033015
U-Net,192918_sat_76.jpg,0.49645885837273046,0.6635115367121907,0.7353277750531306,0.6044751047102829,0.5823211669921875,0.013505137500033015
U-Net,192918_sat_77.jpg,0.1591915191053122,0.27465956484598764,0.16234036234036234,0.8913894324853229,0.7797393798828125,0.013505137500033015
U-Net,192918_sat_80.jpg,0.33430196225471814,0.5010889164695689,0.5981439033935261,0.4311331399097357,0.6749114990234375,0.013505137500033015
U-Net,192918_sat_83.jpg,0.42238820495353024,0.5939140995159331,0.6585615658902967,0.5408242733871219,0.6377410888671875,0.013505137500033015
U-Net,192918_sat_84.jpg,0.4367342889737612,0.6079541531450666,0.8378931341295142,0.477041852905323,0.6534423828125,0.013505137500033015
U-Net,192918_sat_85.jpg,0.3725180825414835,0.5428242983169941,0.8395125848981223,0.4010803382260312,0.4599151611328125,0.013505137500033015
U-Net,192918_sat_86.jpg,0.006588235294117647,0.013090229079008883,0.00661573600063007,0.6131386861313869,0.806732177734375,0.01361900000119931
U-Net,195769_sat_06.jpg,0.49465775779782617,0.6619010341559887,0.532535552093347,0.8742857142857143,0.74957275390625,0.01361900000119931
U-Net,195769_sat_07.jpg,0.9580719655403966,0.9785870819880556,0.9873078026633361,0.9700190697288782,0.9609375,0.01361900000119931
U-Net,195769_sat_08.jpg,0.9132274605466222,0.9546459889151987,0.9864663810565185,0.9248143044398884,0.9202117919921875,0.01361900000119931
U-Net,195769_sat_17.jpg,0.29766824085005905,0.45877402479244855,0.3445507345404851,0.6862878530112283,0.9273834228515625,0.01361900000119931
U-Net,195769_sat_18.jpg,0.05073629501299344,0.09657284183252857,0.06278232907128091,0.20913032389696506,0.765899658203125,0.01361900000119931
U-Net,20187_sat_04.jpg,0.4529262086513995,0.6234676007005254,0.866481223922114,0.4869089488081282,0.632568359375,0.01361900000119931
U-Net,20187_sat_05.jpg,0.5960175145954962,0.7468809197204259,0.99825388510564,0.5966395324566897,0.881744384765625,0.01361900000119931
U-Net,20187_sat_14.jpg,0.21112409138110072,0.3486415518996838,0.38417478594626514,0.3191249325550596,0.629058837890625,0.01359666249845759
U-Net,20187_sat_15.jpg,0.5390218797012325,0.7004733159555494,0.999706299867835,0.5391072512736583,0.733489990234375,0.01359666249845759
U-Net,20187_sat_24.jpg,0.042757068708939784,0.08200772738348011,0.04636882503444204,0.35439229843561976,0.5975799560546875,0.01359666249845759
U-Net,20187_sat_25.jpg,0.4645985872632375,0.6344381201833476,0.963732353953862,0.4728661798659734,0.557037353515625,0.01359666249845759
U-Net,20187_sat_35.jpg,0.7326272725534803,0.8456836437461382,0.8931642855478127,0.8029963331587219,0.786590576171875,0.01359666249845759
U-Net,20187_sat_36.jpg,0.18341416763440127,0.30997460170861235,0.9223634489866025,0.18629015472143204,0.817596435546875,0.01359666249845759
U-Net,20187_sat_45.jpg,0.43239433517608966,0.6037364496040594,0.7321275405556591,0.5136577708006279,0.6067657470703125,0.01359666249845759
U-Net,20187_sat_46.jpg,0.23014973312550185,0.3741816576113042,1.0,0.23014973312550185,0.5026092529296875,0.01359666249845759
U-Net,20187_sat_55.jpg,0.28177486757699166,0.43966358633579067,0.7046528656060707,0.31950983943015815,0.5882720947265625,0.013664800000697142
U-Net,20187_sat_56.jpg,0.399429993071739,0.5708466947960619,0.9970129308650709,0.399908563501072,0.4180145263671875,0.013664800000697142
U-Net,20187_sat_57.jpg,0.1332086450540316,0.23509994498441225,0.6885069817400644,0.14175143741707208,0.9363555908203125,0.013664800000697142
U-Net,20187_sat_65.jpg,0.09923911867585013,0.1805596562018174,0.3413968490261754,0.12273659798412273,0.6188507080078125,0.013664800000697142
U-Net,20187_sat_67.jpg,0.3737760749255002,0.5441586612953208,0.9958991362010295,0.37435224663824207,0.7082061767578125,0.013664800000697142
U-Net,20187_sat_68.jpg,0.0350494586805826,0.06772518624426217,0.455005055611729,0.036585365853658534,0.8109588623046875,0.013664800000697142
U-Net,20187_sat_75.jpg,0.016356949283778552,0.03218741072278831,0.026028030186354537,0.04216566866267465,0.5347747802734375,0.013664800000697142
U-Net,20187_sat_77.jpg,0.4317660740986875,0.6031237670867274,1.0,0.4317660740986875,0.478118896484375,0.013664800000697142
U-Net,20187_sat_78.jpg,0.006107906345436036,0.012141652613827993,0.8503937007874016,0.0061144765894808354,0.731842041015625,0.013791925000987248
U-Net,20187_sat_85.jpg,0.059931066412881324,0.11308483789555426,0.07806218172071831,0.2051056338028169,0.721160888671875,0.013791925000987248
U-Net,20187_sat_86.jpg,0.5150840830339829,0.6799412505245489,0.9912820042213453,0.5174280285490747,0.53448486328125,0.013791925000987248
U-Net,20187_sat_88.jpg,0.3001228042073789,0.46168377823408624,0.7097222222222223,0.3421180766889836,0.79998779296875,0.013791925000987248
U-Net,202277_sat_01.jpg,0.5396372851825454,0.7009927472866622,0.5535786822650094,0.9554122265844083,0.822601318359375,0.013791925000987248
U-Net,202277_sat_02.jpg,0.6262909412806138,0.7702077474371768,0.8508150721539284,0.7035522899287332,0.768096923828125,0.013791925000987248
U-Net,202277_sat_03.jpg,0.7366991310253284,0.8483900496804984,0.9787958329915512,0.7486471649282409,0.7397003173828125,0.013791925000987248
U-Net,202277_sat_04.jpg,0.49016399828600365,0.6578658440947351,0.6818945428927545,0.6354729559113176,0.6005859375,0.013791925000987248
U-Net,202277_sat_05.jpg,0.694198904913574,0.8195010667286284,0.8028973509933774,0.8368060049178206,0.8696136474609375,0.013736724999034777
U-Net,202277_sat_06.jpg,0.7074742501312383,0.8286792612853296,0.9886421127188101,0.7132715260794977,0.75341796875,0.013736724999034777
U-Net,202277_sat_07.jpg,0.5732708274142122,0.7287630551904728,0.9963787001728348,0.5744677485685362,0.5874786376953125,0.013736724999034777
U-Net,202277_sat_08.jpg,0.45429748822605964,0.624765554371146,0.725259233733279,0.5487319269969188,0.5756683349609375,0.013736724999034777
U-Net,202277_sat_10.jpg,0.306470236910213,0.4691576252590516,0.3170621189652332,0.9017104029990628,0.734222412109375,0.013736724999034777
U-Net,202277_sat_11.jpg,0.6868726105534316,0.8143740152708763,0.6986711585251731,0.9760044156523254,0.76629638671875,0.013736724999034777
U-Net,202277_sat_12.jpg,0.6394755806862908,0.780097719319008,0.6847822860704639,0.9062377248801948,0.8015289306640625,0.013736724999034777
U-Net,202277_sat_13.jpg,0.46453095658510607,0.6343750598051786,0.546005600395322,0.756872773769294,0.7084808349609375,0.013736724999034777
U-Net,202277_sat_14.jpg,0.29519272412299696,0.45582826188724673,0.32649932937344317,0.7548172757475083,0.8758392333984375,0.013629137501993682
U-Net,202277_sat_15.jpg,0.0,0.0,0.0,0.0,0.8561553955078125,0.013629137501993682
U-Net,202277_sat_16.jpg,0.10521992689638178,0.19040541042696296,0.1356991525423729,0.3190138214419126,0.6675567626953125,0.013629137501993682
U-Net,202277_sat_17.jpg,0.6873661297344362,0.8147207859892464,0.8111462743002754,0.818326941017933,0.7260589599609375,0.013629137501993682
U-Net,202277_sat_21.jpg,0.26737720111214086,0.4219378427787934,0.2913528297917105,0.7646604086140254,0.71051025390625,0.013629137501993682
U-Net,202277_sat_22.jpg,0.4659784138901924,0.6357234314980794,0.9046841129716314,0.4900365864034715,0.496429443359375,0.013629137501993682
U-Net,202277_sat_23.jpg,0.4577762541423837,0.6280473465548326,0.5682753142111385,0.7018711892914711,0.6379852294921875,0.013629137501993682
U-Net,202277_sat_24.jpg,0.54895072283538,0.7088033398900084,0.7043079377742322,0.7133564964447318,0.77862548828125,0.013629137501993682
U-Net,202277_sat_25.jpg,0.34101404427517257,0.5085913092871344,0.43235249735928777,0.6174733847678979,0.57757568359375,0.013582324998424156
U-Net,202277_sat_26.jpg,0.4504355547390499,0.6211038515531818,0.9984389846613275,0.45075299128276625,0.4522552490234375,0.013582324998424156
U-Net,202277_sat_27.jpg,0.8220881514999162,0.9023582649644972,0.968814804574092,0.8444337332805426,0.8380126953125,0.013582324998424156
U-Net,202277_sat_28.jpg,0.9393441339907647,0.9687235158803826,0.9804754513520137,0.9572499601212314,0.9408721923828125,0.013582324998424156
U-Net,202277_sat_31.jpg,0.0,0.0,0.0,0.0,0.8720550537109375,0.013582324998424156
U-Net,202277_sat_32.jpg,0.3498040313549832,0.5183034325417402,0.7204695222405272,0.40473380995349484,0.5038604736328125,0.013582324998424156
U-Net,202277_sat_35.jpg,0.34475630483715375,0.5127416820386691,0.9756890275611024,0.34774348994532484,0.3470458984375,0.013582324998424156
U-Net,202277_sat_36.jpg,0.4073594733646502,0.5788989679953679,0.9914061284803235,0.4088030145113445,0.4340362548828125,0.013582324998424156
U-Net,202277_sat_37.jpg,0.19746927850103418,0.32981101402154034,0.299833733604286,0.3664484082185595,0.7987060546875,0.013535012501961319
U-Net,202277_sat_38.jpg,0.49422769522230775,0.6615159079202821,0.7041754533951919,0.6237298266586969,0.8696441650390625,0.013535012501961319
U-Net,202277_sat_42.jpg,0.03993816026797217,0.07680872150644202,0.0399845221204695,0.9717868338557993,0.88629150390625,0.013535012501961319
U-Net,202277_sat_43.jpg,0.6019324560596301,0.7515079100653715,0.9259385085782232,0.6323788162957521,0.6699676513671875,0.013535012501961319
U-Net,202277_sat_45.jpg,0.7595476356112092,0.8633442144319864,0.8889561586638831,0.8391667652043672,0.7943115234375,0.013535012501961319
U-Net,202277_sat_46.jpg,0.28825394563397344,0.44751106194690266,0.31625234521575984,0.7650340393343419,0.695159912109375,0.013535012501961319
U-Net,202277_sat_47.jpg,0.02696629213483146,0.0525164113785558,0.027040194884287456,0.9079754601226994,0.7555389404296875,0.013535012501961319
U-Net,202277_sat_53.jpg,0.3545583181726299,0.5235039546336367,0.35942622950819675,0.9632070291048874,0.902557373046875,0.013535012501961319
U-Net,202277_sat_54.jpg,0.4949697085994682,0.6621802512148162,0.5739898909622659,0.7823901551260941,0.7188873291015625,0.013589237500127638
U-Net,202277_sat_55.jpg,0.4284743823518896,0.5999048882436864,0.5050360318597497,0.7386587771203156,0.7560882568359375,0.013589237500127638
U-Net,202277_sat_56.jpg,0.793437279560215,0.88482300284823,0.8529850160822154,0.9191298712277044,0.87042236328125,0.013589237500127638
U-Net,202277_sat_57.jpg,0.7991035312124194,0.888335237354464,0.8918035187037896,0.8848938282366045,0.85980224609375,0.013589237500127638
U-Net,202277_sat_58.jpg,0.8425841437025836,0.9145678872601732,0.9167990468625894,0.9123475609756098,0.907867431640625,0.013589237500127638
U-Net,202277_sat_63.jpg,0.4722671671736457,0.6415509055741164,0.6190193417034272,0.6657846715328467,0.875579833984375,0.013589237500127638
U-Net,202277_sat_64.jpg,0.5197904730725159,0.6840291241221834,0.7545385419636916,0.6255713159968479,0.77618408203125,0.013589237500127638
U-Net,202277_sat_65.jpg,0.5752084261439573,0.7303267511741831,0.6186027411323854,0.8913022040333317,0.5926055908203125,0.013589237500127638
U-Net,202277_sat_66.jpg,0.7724866832984963,0.8716417342678624,0.8138774930292859,0.9382319220375072,0.7940521240234375,0.013650024997332366
U-Net,202277_sat_70.jpg,0.0,0.0,0.0,0.0,0.771240234375,0.013650024997332366
U-Net,202277_sat_71.jpg,0.047951427068891335,0.09151459854014599,0.049277783236710226,0.640485312899106,0.696136474609375,0.013650024997332366
U-Net,202277_sat_72.jpg,0.5875274745743769,0.7401792838034449,0.6672166518593731,0.8310586499446698,0.8310546875,0.013650024997332366
U-Net,202277_sat_73.jpg,0.736165271874863,0.8480359373619857,0.9696156509695291,0.7535487632588075,0.8162384033203125,0.013650024997332366
U-Net,202277_sat_74.jpg,0.8814984311890027,0.937017450109639,0.9812249150972523,0.8966216454490955,0.89569091796875,0.013650024997332366
U-Net,202277_sat_75.jpg,0.8368326520500433,0.9111691814886622,0.9406011242799214,0.8835232381357179,0.839202880859375,0.013650024997332366
U-Net,202277_sat_76.jpg,0.8892797135813325,0.9413955034700577,0.9402467168069599,0.9425471007256507,0.8924102783203125,0.013650024997332366
U-Net,202277_sat_78.jpg,0.9000123881197931,0.9473752842321453,0.9689255647245144,0.9267627642950538,0.9014739990234375,0.013511587498214794
U-Net,202277_sat_80.jpg,0.5182050996548269,0.6826549321598827,0.7844789805481577,0.6042272538429581,0.6698760986328125,0.013511587498214794
U-Net,202277_sat_81.jpg,0.9190344689912164,0.957809235677072,0.987805532211633,0.9295810196870268,0.9257354736328125,0.013511587498214794
U-Net,202277_sat_82.jpg,0.646757642623021,0.7854922010173152,0.8586217684366201,0.7238419487868035,0.7483978271484375,0.013511587498214794
U-Net,202277_sat_83.jpg,0.6562009419152276,0.7924170616113744,0.9409116488463702,0.6844044207941056,0.7593994140625,0.013511587498214794
U-Net,202277_sat_85.jpg,0.8117111749092681,0.8960712790767207,0.955838577989454,0.8433384609612427,0.84088134765625,0.013511587498214794
U-Net,202277_sat_86.jpg,0.7886825336310659,0.8818585957006272,0.8942568958419103,0.8697993833340008,0.8223876953125,0.013511587498214794
U-Net,202277_sat_87.jpg,0.88937039559215,0.9414463121334251,0.9949787027738338,0.8933801809645222,0.89093017578125,0.013511587498214794
U-Net,202277_sat_88.jpg,0.8993676022478448,0.947017945534577,0.9720153576275113,0.9232740191146881,0.89971923828125,0.013471825001033721
U-Net,204494_sat_03.jpg,0.08419043166588748,0.1553056164432786,0.10999134727948287,0.264116352969934,0.6413116455078125,0.013471825001033721
U-Net,204494_sat_04.jpg,0.7367540168324407,0.8484264434593464,0.908003300330033,0.7961862436049817,0.7480010986328125,0.013471825001033721
U-Net,204494_sat_06.jpg,0.8744020673350072,0.932993067574042,0.8899127061105723,0.980456628511539,0.8954315185546875,0.013471825001033721
U-Net,204494_sat_07.jpg,0.0934902607702557,0.1709942266964519,0.09368641912512717,0.9780949220046465,0.5639801025390625,0.013471825001033721
U-Net,204494_sat_10.jpg,0.051519743292628574,0.09799101466474527,0.051759648965702516,0.9174603174603174,0.8376312255859375,0.013471825001033721
U-Net,204494_sat_11.jpg,0.4658237502933584,0.6355794824584226,0.669096578459464,0.6052601486563751,0.7221527099609375,0.013471825001033721
U-Net,204494_sat_12.jpg,0.42206668461331387,0.5935961923305749,0.7171327757449033,0.5063670757589739,0.77069091796875,0.013471825001033721
U-Net,204494_sat_13.jpg,0.7231851337269886,0.839358603521432,0.9653421735905044,0.7424623339573861,0.7567901611328125,0.013489637502061669
U-Net,204494_sat_15.jpg,0.8933950664719895,0.9436964131703109,0.8963742554790955,0.9962935984231726,0.9153289794921875,0.013489637502061669
U-Net,204494_sat_16.jpg,0.06340318524727577,0.1192458065329802,0.06418001629106707,0.8396980461811723,0.573760986328125,0.013489637502061669
U-Net,204494_sat_20.jpg,0.43172251995307864,0.603081272993076,0.49106558878162365,0.7813020313020314,0.6230010986328125,0.013489637502061669
U-Net,204494_sat_21.jpg,0.7600155581485804,0.8636464088397791,0.8298825677942707,0.9002741366997628,0.81170654296875,0.013489637502061669
U-Net,204494_sat_22.jpg,0.7564213670643335,0.861321071638532,0.7896935396935397,0.9472383855176872,0.798431396484375,0.013489637502061669
U-Net,204494_sat_23.jpg,0.877450643186352,0.9347256572318402,0.926157197313487,0.9434541420118343,0.891265869140625,0.013489637502061669
U-Net,204494_sat_24.jpg,0.8570047460010547,0.9229968290027923,0.9375961538461538,0.908845185944636,0.9255218505859375,0.013489637502061669
U-Net,204494_sat_25.jpg,0.17096642096642098,0.29200909249868856,0.20154477431812695,0.5298223350253807,0.9382171630859375,0.013566962497861823
U-Net,208495_sat_06.jpg,0.13422760458917604,0.23668548366497227,0.13428985507246377,0.9965583996558399,0.5440216064453125,0.013566962497861823
U-Net,208495_sat_07.jpg,0.7351517530088959,0.8473630640479511,0.8283868114588964,0.8672290953985442,0.8146514892578125,0.013566962497861823
U-Net,208495_sat_08.jpg,0.3002160275850609,0.4617940730090263,0.4734342243186583,0.45071257055539965,0.4859466552734375,0.013566962497861823
U-Net,208495_sat_16.jpg,0.021039518305765104,0.041211956890124045,0.02143562262022282,0.532399299474606,0.7841644287109375,0.013566962497861823
U-Net,208495_sat_17.jpg,0.37597461468721666,0.5464848125452988,0.39556770849893486,0.88359375,0.6849212646484375,0.013566962497861823
U-Net,208495_sat_18.jpg,0.1763946711074105,0.2998902926708426,0.17888204002364266,0.9269306497484139,0.6981353759765625,0.013566962497861823
U-Net,208695_sat_71.jpg,0.0031044631697778493,0.006189710610932476,0.0031243659971596674,0.3276595744680851,0.622711181640625,0.013566962497861823
U-Net,208695_sat_72.jpg,0.5100811564798376,0.6755678716882899,0.5585254096084421,0.8546690746839477,0.764190673828125,0.01358027499736636
U-Net,208695_sat_73.jpg,0.8280703027225074,0.9059501721452171,0.921372351160444,0.8910357749282745,0.8553619384765625,0.01358027499736636
U-Net,208695_sat_74.jpg,0.5919089105494695,0.7436467082091575,0.671921664626683,0.8325144070367,0.855621337890625,0.01358027499736636
U-Net,208695_sat_81.jpg,0.06252692269458895,0.11769475456870206,0.06420551207893842,0.7051569506726457,0.56829833984375,0.01358027499736636
U-Net,208695_sat_82.jpg,0.8293310621910351,0.9067041820169224,0.8777949793254816,0.9375824175824176,0.859344482421875,0.01358027499736636
U-Net,208695_sat_84.jpg,0.8600788728479353,0.9247767773751261,0.8915361066090401,0.9605921844076215,0.877105712890625,0.01358027499736636
U-Net,208695_sat_85.jpg,0.1474700656624179,0.25703514204927963,0.1603932112250042,0.646680216802168,0.83160400390625,0.01358027499736636
U-Net,210473_sat_02.jpg,0.00103754008677608,0.002072929426175445,0.0010379316852236272,0.7333333333333333,0.676788330078125,0.01358027499736636
U-Net,210473_sat_03.jpg,0.0004658746797111577,0.0009313154831199069,0.000466889736207299,0.17647058823529413,0.8035736083984375,0.01354566250302014
U-Net,210473_sat_05.jpg,0.0,0.0,0.0,0.0,0.91937255859375,0.01354566250302014
U-Net,210473_sat_07.jpg,5.8014735742878694e-05,0.00011602274045712959,5.8055152394775034e-05,0.07692307692307693,0.73699951171875,0.01354566250302014
U-Net,210473_sat_10.jpg,0.27379603952661796,0.42988992119706865,0.33802681068569773,0.5903157894736842,0.7162933349609375,0.01354566250302014
U-Net,210473_sat_11.jpg,0.4049689871443917,0.5764810338874365,0.4272657478155961,0.885848556052452,0.73797607421875,0.01354566250302014
U-Net,210473_sat_12.jpg,0.00210213923581056,0.004195459032576505,0.0021023992085085334,0.9444444444444444,0.75372314453125,0.01354566250302014
U-Net,210473_sat_13.jpg,0.0,0.0,0.0,0.0,0.454925537109375,0.01354566250302014
U-Net,210473_sat_14.jpg,6.564695069914002e-05,0.0001312852829197847,6.564910553093715e-05,0.6666666666666666,0.53515625,0.01354566250302014
U-Net,210473_sat_15.jpg,0.004777070063694267,0.009508716323296355,0.004965517241379311,0.11180124223602485,0.942779541015625,0.013569362501584692
U-Net,210473_sat_16.jpg,0.2888905413444378,0.44827785149714416,0.2947200728265817,0.9359190556492412,0.8540802001953125,0.013569362501584692
U-Net,210473_sat_17.jpg,0.00625,0.012422360248447204,0.0063325775936205145,0.324,0.8034820556640625,0.013569362501584692
U-Net,210473_sat_20.jpg,0.689317714453584,0.8160900801026009,0.8055573436326574,0.8269018985947756,0.7418060302734375,0.013569362501584692
U-Net,210473_sat_21.jpg,0.014338869225882567,0.028272344994184486,0.014606637699916797,0.4388888888888889,0.668548583984375,0.013569362501584692
U-Net,210473_sat_24.jpg,0.00024878274158581225,0.0004974417282546902,0.00024878274158581225,1.0,0.570770263671875,0.013569362501584692
U-Net,210473_sat_25.jpg,0.0,0.0,0.0,0.0,0.6463165283203125,0.013569362501584692
U-Net,210473_sat_26.jpg,0.5898818012617534,0.7420448498669707,0.726763751153995,0.7579823580569015,0.7411041259765625,0.013569362501584692
U-Net,210473_sat_27.jpg,0.6860854878524101,0.8138205242799241,0.775311252055438,0.8563552038400415,0.8156585693359375,0.013609262499812758
U-Net,210473_sat_28.jpg,0.051245619020555085,0.09749504415209947,0.05148458317472402,0.9169491525423729,0.84716796875,0.013609262499812758
U-Net,210473_sat_30.jpg,0.8821792332720328,0.9374019409813887,0.9717185095732456,0.905426497277677,0.8983306884765625,0.013609262499812758
U-Net,210473_sat_31.jpg,0.8387572243124782,0.9123088281826811,0.8948108913349334,0.93050475493782,0.873138427734375,0.013609262499812758
U-Net,210473_sat_32.jpg,0.7452803066602779,0.8540522732264441,0.7770006993705665,0.9480677800804583,0.91888427734375,0.013609262499812758
U-Net,210473_sat_33.jpg,0.10204243821028372,0.18518785606115237,0.12531719695490923,0.35459817729908866,0.8275909423828125,0.013609262499812758
U-Net,210473_sat_34.jpg,0.5891118939464169,0.7414353843685738,0.6657848555488619,0.8364815058575754,0.7294769287109375,0.013609262499812758
U-Net,210473_sat_35.jpg,0.63316002310803,0.7753802617615847,0.688341323507861,0.8876170936479227,0.709320068359375,0.013609262499812758
U-Net,210473_sat_36.jpg,0.7030259250341119,0.8256197568102555,0.8303156697317281,0.8209766613553285,0.94354248046875,0.013521162498363992
U-Net,210473_sat_37.jpg,0.36498687664041995,0.5347844479483137,0.43859206459345235,0.6850246305418719,0.630828857421875,0.013521162498363992
U-Net,210473_sat_38.jpg,0.16326938449240608,0.28070778216801234,0.17275466511603318,0.7483398213876803,0.74444580078125,0.013521162498363992
U-Net,210473_sat_42.jpg,0.9247080565247177,0.9608813694003907,0.993410693503115,0.9304148499615286,0.927886962890625,0.013521162498363992
U-Net,210473_sat_43.jpg,0.7837480191468854,0.8787653981774053,0.7971089141812744,0.9790612244897959,0.7980194091796875,0.013521162498363992
U-Net,210473_sat_44.jpg,0.9402133068964966,0.9691855050725653,0.9878036488257232,0.9512562082409849,0.9429473876953125,0.013521162498363992
U-Net,210473_sat_45.jpg,0.8378966605748464,0.9117995353588313,0.928425470812393,0.895758587616781,0.8511199951171875,0.013521162498363992
U-Net,210473_sat_46.jpg,0.2201996007984032,0.3609239023751881,0.22069296631191487,0.9899497487437185,0.8509674072265625,0.013521162498363992
U-Net,210473_sat_47.jpg,0.7836922372038225,0.8787303334709416,0.9311001808037016,0.8319378821567538,0.7982940673828125,0.01357194999945932
U-Net,210473_sat_48.jpg,0.657314629258517,0.7932285368802902,0.952389731299258,0.6796474148138403,0.671234130859375,0.01357194999945932
U-Net,210473_sat_50.jpg,0.6889024343784526,0.815798971397636,0.7641242341009931,0.8749697585522814,0.875396728515625,0.01357194999945932
U-Net,210473_sat_51.jpg,0.8424423135567377,0.9144843313226424,0.9879010628787126,0.8512248146943526,0.85809326171875,0.01357194999945932
U-Net,210473_sat_53.jpg,0.9597463852161138,0.9794597836293766,0.9615456122954883,0.9980541305501504,0.9602813720703125,0.01357194999945932
U-Net,210473_sat_55.jpg,0.9770355224609375,0.9883843880000309,0.9890332246953244,0.9877364020609015,0.9770355224609375,0.01357194999945932
U-Net,210473_sat_56.jpg,0.9508968130289974,0.9748304540542234,0.9897274433101168,0.9603752623132946,0.950958251953125,0.01357194999945932
U-Net,210473_sat_57.jpg,0.8565169602784478,0.9227138546043597,0.9999821772296286,0.856530035875124,0.8565826416015625,0.01357194999945932
U-Net,210473_sat_58.jpg,0.32860544045387774,0.4946621930761019,0.542164646886753,0.4548131529131319,0.797760009765625,0.013519962500140537
U-Net,210473_sat_60.jpg,0.27265695500837955,0.428484602917342,0.3197883197883198,0.6491214609069286,0.6556396484375,0.013519962500140537
U-Net,210473_sat_61.jpg,0.7958352742266618,0.8863121085193867,0.8203627956606794,0.9637917345702227,0.819427490234375,0.013519962500140537
U-Net,210473_sat_63.jpg,0.9182182273991868,0.9573657619176641,0.955903181145467,0.958832825195141,0.918365478515625,0.013519962500140537
U-Net,210473_sat_64.jpg,0.8246572804742497,0.903903751459465,0.8516764719950256,0.9629549510572711,0.826690673828125,0.013519962500140537
U-Net,210473_sat_65.jpg,0.5519157648435215,0.711270260082925,0.5640787179274267,0.9624004760150738,0.5792236328125,0.013519962500140537
U-Net,210473_sat_66.jpg,0.40517844646606016,0.5766932270916335,0.41066895624906674,0.9680570221752904,0.50714111328125,0.013519962500140537
U-Net,210473_sat_67.jpg,0.9546051025390625,0.9767754123828036,0.9980696212628825,0.9563708629519223,0.9546051025390625,0.013519962500140537
U-Net,210473_sat_68.jpg,0.9254729165083947,0.9612941408561847,0.9666719568322488,0.9559758298673782,0.94012451171875,0.013590850001492072
U-Net,210473_sat_70.jpg,0.5897709242364141,0.7419571150097466,0.7373690409770008,0.7466026425634749,0.7475128173828125,0.013590850001492072
U-Net,210473_sat_73.jpg,0.8695851829174958,0.9302439823153758,0.8840509795988235,0.9815304341816549,0.8699951171875,0.013590850001492072
U-Net,210473_sat_75.jpg,0.6665806984061484,0.7999380996595481,0.6901345770435773,0.9512931246012661,0.7041015625,0.013590850001492072
U-Net,210473_sat_76.jpg,0.195218107974918,0.32666524489940996,0.19535089360110192,0.9965301873698821,0.2773590087890625,0.013590850001492072
U-Net,210473_sat_77.jpg,0.9176025390625,0.9570310013368133,0.9768204928284846,0.9380274220468265,0.9176025390625,0.013590850001492072
U-Net,210473_sat_78.jpg,0.8164345318443981,0.8989418748997188,0.8251682118383926,0.9872020773439674,0.8173980712890625,0.013590850001492072
U-Net,210473_sat_80.jpg,0.01091166548665195,0.021587772422032712,0.011025543912805622,0.5137254901960784,0.6376190185546875,0.013590850001492072
U-Net,210473_sat_81.jpg,0.3612436981233347,0.5307553652903735,0.3686496214714685,0.9473181521138089,0.491546630859375,0.013492475001839921
U-Net,210473_sat_82.jpg,0.9564199834796708,0.9777246108257297,0.9710057149956516,0.9845371376383706,0.9565277099609375,0.013492475001839921
U-Net,210473_sat_86.jpg,0.6144769145481904,0.7612086726184637,0.7867891620021092,0.7372391775303105,0.62860107421875,0.013492475001839921
U-Net,210473_sat_87.jpg,0.8873371291763226,0.9403059108613806,0.9251324063555051,0.9559854497354497,0.8879852294921875,0.013492475001839921
U-Net,210473_sat_88.jpg,0.8998565673828125,0.9472889509995261,0.9879217341776393,0.9098665432384478,0.8998565673828125,0.013492475001839921
U-Net,215525_sat_00.jpg,0.7865171952849678,0.8805033585579457,0.8236510562484093,0.9457859934972418,0.8927764892578125,0.013492475001839921
U-Net,215525_sat_01.jpg,0.7591491733234256,0.8630867522044459,0.7992059766877885,0.938066707986135,0.8021697998046875,0.013492475001839921
U-Net,215525_sat_02.jpg,0.9351763733092032,0.9665024709970251,0.9925651173188058,0.9417735042735043,0.9365997314453125,0.013492475001839921
U-Net,215525_sat_03.jpg,0.4326266086473475,0.603962827489046,0.4553054662379421,0.8967528978275888,0.5324554443359375,0.013575712499005022
U-Net,215525_sat_04.jpg,0.9262630648512855,0.9617202154294501,0.9462336633663366,0.9777221240096903,0.9274444580078125,0.013575712499005022
U-Net,215525_sat_10.jpg,0.9737703895455821,0.9867109109583629,0.9913476956293956,0.9821172991931552,0.974334716796875,0.013575712499005022
U-Net,215525_sat_11.jpg,0.9097892787733178,0.9527640445836906,0.9868207017893305,0.920979660124239,0.9100494384765625,0.013575712499005022
U-Net,215525_sat_13.jpg,0.8667292938781901,0.9286073741067534,0.9217730118556015,0.9355438383018996,0.8701171875,0.013575712499005022
U-Net,215525_sat_14.jpg,0.9824981689453125,0.9911718299018665,0.992493371971145,0.9898538025181017,0.9824981689453125,0.013575712499005022
U-Net,215525_sat_16.jpg,0.99444580078125,0.9972151666309637,0.9969710876548875,0.9974593651473874,0.99444580078125,0.013575712499005022
U-Net,215525_sat_17.jpg,0.989369014342666,0.9946561017183397,0.9997530444982945,0.9896108658121094,0.9893798828125,0.013575712499005022
U-Net,215525_sat_26.jpg,0.9608088558006469,0.9800127666277035,0.9877508731471734,0.9723949593656434,0.9632110595703125,0.013597150002169656
U-Net,215525_sat_27.jpg,0.8193514215418262,0.9007071551327442,0.9211309809646376,0.8811693800301349,0.8386688232421875,0.013597150002169656
U-Net,215525_sat_64.jpg,0.8794304550242974,0.9358478284453766,0.9292446902098781,0.942545481033635,0.8917236328125,0.013597150002169656
U-Net,215525_sat_74.jpg,0.8970611446068374,0.945737724012846,0.9933758629729966,0.9024595500087331,0.900482177734375,0.013597150002169656
U-Net,215525_sat_80.jpg,0.8195115241181146,0.9008038841801977,0.9012505462735738,0.9003576646012795,0.8198089599609375,0.013597150002169656
U-Net,215525_sat_81.jpg,0.5660049135550028,0.7228647990255785,0.5660221879721048,0.9999460829244622,0.5660247802734375,0.013597150002169656
U-Net,215525_sat_82.jpg,0.541001365927182,0.7021426169881102,0.541001365927182,1.0,0.5539093017578125,0.013597150002169656
U-Net,217085_sat_03.jpg,0.49701891447368424,0.664011536084598,0.5233137068144428,0.9081858822645479,0.6266937255859375,0.013597150002169656
U-Net,217085_sat_04.jpg,0.7631541306524449,0.8656692201606268,0.9067249332362224,0.8281703882741646,0.8231353759765625,0.013596724998933496
U-Net,217085_sat_05.jpg,0.23270453857136678,0.37755119948054683,0.25170227203594076,0.7550891478309701,0.4587860107421875,0.013596724998933496
U-Net,217085_sat_57.jpg,0.028015016424213984,0.05450312685443009,0.028046603401296628,0.961352657004831,0.6839447021484375,0.013596724998933496
U-Net,217085_sat_58.jpg,0.009547981629199903,0.018915359750987668,0.009623583871360702,0.5486111111111112,0.749908447265625,0.013596724998933496
U-Net,217085_sat_67.jpg,0.8243964589328472,0.9037470500409382,0.9718007146926304,0.8446009812305892,0.878021240234375,0.013596724998933496
U-Net,217085_sat_68.jpg,0.4626214223361379,0.6325921599004432,0.8417424216822682,0.5066927051548069,0.5585174560546875,0.013596724998933496
U-Net,217085_sat_76.jpg,0.08887751620607301,0.16324612251292495,0.09736861777678105,0.504747142026739,0.5925140380859375,0.013596724998933496
U-Net,217085_sat_77.jpg,0.760790074069444,0.8641462548810792,0.9987076657982727,0.7615397850807902,0.76641845703125,0.013596724998933496
U-Net,217085_sat_78.jpg,0.6431801234352441,0.7828479839332613,0.9905923174665233,0.6471330055552008,0.656829833984375,0.013519749998522457
U-Net,217085_sat_86.jpg,0.003362885967594008,0.006703229737964655,0.0033950617283950617,0.2619047619047619,0.801025390625,0.013519749998522457
U-Net,217085_sat_87.jpg,0.3864068564878735,0.5574220217963172,0.4729005929987885,0.6787315823190263,0.640594482421875,0.013519749998522457
U-Net,217085_sat_88.jpg,0.4028319541836712,0.5743124869408682,0.6869424792371578,0.4934132398022591,0.5958709716796875,0.013519749998522457
U-Net,225945_sat_78.jpg,0.0,0.0,0.0,0.0,0.4761810302734375,0.013519749998522457
U-Net,226788_sat_00.jpg,0.9243372809991642,0.9606811551447209,0.9663512265892904,0.9550772339177475,0.926788330078125,0.013519749998522457
U-Net,226788_sat_02.jpg,0.8559419422886199,0.9223800839730268,0.8620897415570001,0.9917373461012312,0.8603668212890625,0.013519749998522457
U-Net,226788_sat_03.jpg,0.6751629399378322,0.8060862902839631,0.6757049673858505,0.9988133028747738,0.752838134765625,0.013519749998522457
U-Net,226788_sat_04.jpg,0.6295587205229979,0.7726738688139382,0.6350148367952523,0.986535928581882,0.6368560791015625,0.013565562501753448
U-Net,226788_sat_05.jpg,0.3420181420909753,0.5097071810938155,0.3431256954016308,0.9906506208946637,0.393463134765625,0.013565562501753448
U-Net,226788_sat_06.jpg,0.7732686800312418,0.8721393308741214,0.8053347794404243,0.951029638375793,0.787384033203125,0.013565562501753448
U-Net,226788_sat_08.jpg,0.8800544164167118,0.9362010043241735,0.9021759220364614,0.9728931489970828,0.888336181640625,0.013565562501753448
U-Net,226788_sat_13.jpg,0.906302209021719,0.9508484066509238,0.9502084110482184,0.9514892649494917,0.9075775146484375,0.013565562501753448
U-Net,226788_sat_15.jpg,0.9773317954632833,0.9885359631657541,0.9893207964257359,0.9877523741432102,0.977508544921875,0.013565562501753448
U-Net,226788_sat_16.jpg,0.6759874390494075,0.8066736340611436,0.9622840712536783,0.6943850094015431,0.6866912841796875,0.013565562501753448
U-Net,226788_sat_18.jpg,0.8338059862519651,0.9093720846185526,0.9561674826348999,0.8669433671997693,0.8354644775390625,0.013565562501753448
U-Net,226788_sat_26.jpg,0.9589353612167301,0.9790372670807453,0.9733923564069441,0.9847480317470436,0.959625244140625,0.013594112500868505
U-Net,226788_sat_27.jpg,0.904284919309961,0.9497369959088252,0.9941443803530852,0.9091272378516624,0.90814208984375,0.013594112500868505
U-Net,226788_sat_30.jpg,0.9248504638671875,0.9609582471243866,0.9941770823081718,0.9298875439161719,0.9248504638671875,0.013594112500868505
U-Net,226788_sat_31.jpg,0.8686582582182308,0.9297133431411886,0.955029217270246,0.9057049544854423,0.8797149658203125,0.013594112500868505
U-Net,226788_sat_32.jpg,0.8424091510388296,0.9144647925395324,0.9719523800973228,0.8633978275086532,0.845489501953125,0.013594112500868505
U-Net,226788_sat_33.jpg,0.8782440122568945,0.9351756284334942,0.9988264997688561,0.8791511471407556,0.88116455078125,0.013594112500868505
U-Net,226788_sat_35.jpg,0.8682743677533535,0.9294934221010323,0.9718776613470582,0.8906515100101798,0.87847900390625,0.013594112500868505
U-Net,226788_sat_36.jpg,0.895064069792371,0.9446267111068566,0.9822992832838631,0.9097370053135319,0.9029083251953125,0.013594112500868505
U-Net,226788_sat_37.jpg,0.8334267040149393,0.9091464656752903,0.9387165857202953,0.8813824057450629,0.85028076171875,0.013556000001699431
U-Net,226788_sat_38.jpg,0.9081798843315828,0.9518807862810162,0.9919946267789719,0.9148850680551137,0.9156951904296875,0.013556000001699431
U-Net,226788_sat_40.jpg,0.7565757428153921,0.861421143847487,0.8194562206771805,0.9079161621644191,0.7864837646484375,0.013556000001699431
U-Net,226788_sat_41.jpg,0.8981297191419455,0.9463312334079542,0.9060732099886855,0.9903330314220024,0.9015960693359375,0.013556000001699431
U-Net,226788_sat_43.jpg,0.935062941357077,0.9664418881396272,0.9879006098352148,0.9458955803335715,0.935455322265625,0.013556000001699431
U-Net,226788_sat_45.jpg,0.9393531203600238,0.968728294500221,0.9919341803252191,0.9465833718957273,0.939544677734375,0.013556000001699431
U-Net,226788_sat_46.jpg,0.836250172254267,0.910823791757794,0.8905264040586152,0.9320680197476687,0.873077392578125,0.013556000001699431
U-Net,226788_sat_50.jpg,0.8970796043334903,0.945747982619491,0.9113312278686956,0.9828662847706043,0.8999786376953125,0.013556000001699431
U-Net,226788_sat_51.jpg,0.8350320578459018,0.9101007846436482,0.8557936033839746,0.9717674665884467,0.8402099609375,0.013613787497888552
U-Net,226788_sat_52.jpg,0.8797465179661244,0.9360267563288325,0.9696830077405086,0.9046284515663148,0.8902587890625,0.013613787497888552
U-Net,226788_sat_53.jpg,0.9015312949105506,0.9482161007010502,0.9902923191377402,0.909569681010633,0.9090423583984375,0.013613787497888552
U-Net,226788_sat_54.jpg,0.8629280610987928,0.9264212388210206,0.9179087365283192,0.9350931055195889,0.864166259765625,0.013613787497888552
U-Net,226788_sat_55.jpg,0.7948148148148149,0.8856789104416013,0.8502714053647134,0.9241634727186598,0.8309326171875,0.013613787497888552
U-Net,226788_sat_56.jpg,0.7974854221023693,0.8873345088602909,0.8368922047851813,0.944247475689909,0.8235321044921875,0.013613787497888552
U-Net,226788_sat_57.jpg,0.9183935390972265,0.9574610426694949,0.9785537989460343,0.9372584097370859,0.920440673828125,0.013613787497888552
U-Net,226788_sat_60.jpg,0.8156606851549756,0.8984725965858041,0.85092183198465,0.9516523296822228,0.824127197265625,0.013613787497888552
U-Net,226788_sat_61.jpg,0.931789330278354,0.9646904200926416,0.992284357689264,0.9385896516233665,0.932769775390625,0.013990487503178883
U-Net,226788_sat_62.jpg,0.9269906770594528,0.962112259384691,0.9904309345351818,0.9353679600271421,0.9271087646484375,0.013990487503178883
U-Net,226788_sat_64.jpg,0.9335490830636461,0.9656326712787324,0.9912781659603017,0.94128066876952,0.9342041015625,0.013990487503178883
U-Net,226788_sat_65.jpg,0.9401397705078125,0.9691464344981086,0.9998701741289495,0.9402545476742766,0.9401397705078125,0.013990487503178883
U-Net,226788_sat_66.jpg,0.9135353472824068,0.9548141857737878,0.99393827139706,0.9186535109561753,0.9147491455078125,0.013990487503178883
U-Net,226788_sat_67.jpg,0.9316698301004583,0.9646263720462062,0.9883283132530121,0.9420346387892027,0.93243408203125,0.013990487503178883
U-Net,226788_sat_68.jpg,0.8100671347622567,0.8950686073515776,0.9964769391040819,0.8123938355106705,0.8117828369140625,0.013990487503178883
U-Net,226788_sat_70.jpg,0.4768469860896445,0.6457635632953784,0.5118115461181154,0.8746881378997505,0.74176025390625,0.013990487503178883
U-Net,226788_sat_71.jpg,0.622619854974177,0.7674254115226338,0.6552651806302844,0.925911559348332,0.77923583984375,0.013724925000133226
U-Net,226788_sat_72.jpg,0.6868860209781638,0.8143834407731515,0.792428435789176,0.8375896822685344,0.7271575927734375,0.013724925000133226
U-Net,226788_sat_73.jpg,0.966978212428819,0.983211920008811,0.9819604638737861,0.9844665700422207,0.967437744140625,0.013724925000133226
U-Net,226788_sat_74.jpg,0.9130394969782064,0.9545432788193059,0.9955403201650748,0.9167892607576315,0.913055419921875,0.013724925000133226
U-Net,226788_sat_75.jpg,0.9270172119140625,0.9621265510060258,0.9991283754892609,0.9277675121787334,0.9270172119140625,0.013724925000133226
U-Net,226788_sat_76.jpg,0.880054636129729,0.9362011286452877,0.9058361942128494,0.9686724240411174,0.884765625,0.013724925000133226
U-Net,226788_sat_77.jpg,0.8635921788599749,0.9268038239871393,0.9658866095139644,0.8907608606321603,0.869384765625,0.013724925000133226
U-Net,226788_sat_78.jpg,0.872769142199194,0.9320627113433754,0.9348199256703832,0.9293217137744789,0.8752288818359375,0.013724925000133226
U-Net,226788_sat_80.jpg,0.736129546057871,0.8480122324159022,0.8078267624781511,0.8924050632911392,0.8179931640625,0.013715237499127397
U-Net,226788_sat_81.jpg,0.8424189097308323,0.9144705422654452,0.8663622902270484,0.9682357267628942,0.8797607421875,0.013715237499127397
U-Net,226788_sat_82.jpg,0.7511026817219478,0.8578625223546006,0.8123553965414431,0.9087707127037916,0.827789306640625,0.013715237499127397
U-Net,226788_sat_83.jpg,0.7404430251977463,0.8508672958295987,0.8409095646011797,0.8610636844801093,0.7841949462890625,0.013715237499127397
U-Net,226788_sat_84.jpg,0.7386857927194695,0.8497059052447825,0.7682255016285335,0.9505211572427175,0.7937469482421875,0.013715237499127397
U-Net,226788_sat_85.jpg,0.8633896260554885,0.9266871662081243,0.9158018197327268,0.9378343949044586,0.875579833984375,0.013715237499127397
U-Net,226788_sat_86.jpg,0.9483388274836791,0.9734845029070008,0.9801914051408815,0.966868760090942,0.9512176513671875,0.013715237499127397
U-Net,226788_sat_87.jpg,0.5524689139653561,0.7117294381814394,0.5857050329561474,0.9068546484190656,0.619964599609375,0.013715237499127397
U-Net,226788_sat_88.jpg,0.6787635925800504,0.8086470252036803,0.7155692185640619,0.9295596836111613,0.7394561767578125,0.01364997500058962
U-Net,242583_sat_01.jpg,0.651208561412141,0.7887659701270161,0.7159536582067348,0.8780649619903248,0.7404022216796875,0.01364997500058962
U-Net,242583_sat_07.jpg,0.7733406472846955,0.8721851026973522,0.8294614039806347,0.9195490122996646,0.779327392578125,0.01364997500058962
U-Net,242583_sat_08.jpg,0.4547747747747748,0.6252167451077533,0.47818426387283786,0.9028150373788317,0.53826904296875,0.01364997500058962
U-Net,242583_sat_10.jpg,0.0,0.0,0.0,0.0,0.680877685546875,0.01364997500058962
U-Net,242583_sat_11.jpg,0.829380620829707,0.9067337998295241,0.9480993242963147,0.8688269259990883,0.856414794921875,0.01364997500058962
U-Net,242583_sat_12.jpg,0.7196588010204081,0.8369785920246252,0.7988990955592135,0.8788698936874488,0.7317047119140625,0.01364997500058962
U-Net,242583_sat_13.jpg,0.769409900990099,0.8696796605010116,0.8861015835948333,0.8538553496712492,0.77789306640625,0.01364997500058962
U-Net,242583_sat_14.jpg,0.3022618793773681,0.4642105926065873,0.37668124770042105,0.6047320578873101,0.3509063720703125,0.013700300001801224
U-Net,242583_sat_15.jpg,0.5867108039037442,0.7395308615284834,0.7025178674114845,0.7806609156054589,0.63232421875,0.013700300001801224
U-Net,242583_sat_18.jpg,0.8130320432015189,0.8968755364806867,0.9489065678581807,0.8502538897207214,0.816680908203125,0.013700300001801224
U-Net,242583_sat_20.jpg,0.3069102990033223,0.4696730896334333,0.33861153874349387,0.7662574651625746,0.8408355712890625,0.013700300001801224
U-Net,242583_sat_21.jpg,0.7537151761620615,0.8595639547483854,0.8091973721793774,0.9166165934827826,0.80224609375,0.013700300001801224
U-Net,242583_sat_22.jpg,0.6919194699847676,0.8179106420366413,0.7370725890011925,0.9186647173489279,0.7438507080078125,0.013700300001801224
U-Net,242583_sat_23.jpg,0.914545818327331,0.9553658205227351,0.9610605327894703,0.9497381981382979,0.9348297119140625,0.013700300001801224
U-Net,242583_sat_24.jpg,0.7665703617348404,0.867862812984181,0.8514779018485502,0.8848906832055858,0.7891845703125,0.013700300001801224
U-Net,242583_sat_25.jpg,0.6926169281962062,0.8183977327159508,0.8037674455072918,0.8335704992681737,0.722320556640625,0.013699700000870507
U-Net,242583_sat_28.jpg,0.821746826171875,0.9021526090962392,0.9932863624626508,0.8263364635119377,0.821746826171875,0.013699700000870507
U-Net,242583_sat_32.jpg,0.4025283212036233,0.5740038402335877,0.48372515980636016,0.7057125019509911,0.5903778076171875,0.013699700000870507
U-Net,242583_sat_33.jpg,0.6947704611549647,0.8198991864437941,0.8098365617433414,0.8302150237363864,0.8206329345703125,0.013699700000870507
U-Net,242583_sat_34.jpg,0.6996420368722713,0.8232816342431399,0.7859649938402176,0.8643183967689988,0.77850341796875,0.013699700000870507
U-Net,242583_sat_38.jpg,0.13722317259235287,0.2413302435256332,0.6756203050307307,0.146901603642843,0.1457672119140625,0.013699700000870507
U-Net,242583_sat_42.jpg,0.0742157845191461,0.13817667844522968,0.08306144643828167,0.41068727944883215,0.5348052978515625,0.013699700000870507
U-Net,242583_sat_43.jpg,0.7383849290122959,0.8495068229012163,0.9552391277154652,0.7648482622775682,0.752288818359375,0.013699700000870507
U-Net,242583_sat_44.jpg,0.629337789112655,0.7725074485081393,0.7127831231697842,0.8431557367391663,0.678436279296875,0.014064275001146598
U-Net,242583_sat_52.jpg,0.29975005755253725,0.46124261477929734,0.3407480793315513,0.7135755108431848,0.3502044677734375,0.014064275001146598
U-Net,242583_sat_62.jpg,0.11499757980281762,0.20627413347956222,0.11567537093508956,0.9515177065767285,0.4699249267578125,0.014064275001146598
U-Net,242583_sat_63.jpg,0.49711514853916033,0.6640974129801976,0.9047392967855448,0.5245721132827048,0.49993896484375,0.014064275001146598
U-Net,242583_sat_64.jpg,0.6294819382078949,0.7726160363584017,0.9666795317123376,0.6434431142852249,0.662567138671875,0.014064275001146598
U-Net,242583_sat_65.jpg,0.5656513076412198,0.7225763551316151,0.8695400237300295,0.6181079967832415,0.630767822265625,0.014064275001146598
U-Net,242583_sat_66.jpg,0.7036159773597674,0.8260265068072659,0.9639470689873151,0.7226329257890247,0.705963134765625,0.014064275001146598
U-Net,242583_sat_72.jpg,0.18556377926179513,0.31303888075483977,0.1959720949180161,0.7774747474747474,0.484527587890625,0.014064275001146598
U-Net,242583_sat_74.jpg,0.7516949931097842,0.8582487203155157,0.8836450818609876,0.8342713813777071,0.793792724609375,0.013886099997762358
U-Net,242583_sat_76.jpg,0.09585011381544388,0.17493289019557715,0.14207111341811576,0.22757129791302902,0.606048583984375,0.013886099997762358
U-Net,242583_sat_77.jpg,0.2605528805025298,0.41339460570453535,0.5708777379103518,0.32401215805471123,0.5383758544921875,0.013886099997762358
U-Net,242583_sat_78.jpg,0.4258750783732947,0.5973525799457172,0.626247854009029,0.5710061744499522,0.5948028564453125,0.013886099997762358
U-Net,242583_sat_82.jpg,0.0004498931503767855,0.0008993816750983699,0.0004498931503767855,1.0,0.3219757080078125,0.013886099997762358
U-Net,242583_sat_83.jpg,0.278826686755497,0.4360664187621958,0.4087238594796052,0.46732954545454547,0.7662811279296875,0.013886099997762358
U-Net,242583_sat_84.jpg,0.39327697794214767,0.5645352419775324,0.5056465993037276,0.6389484978540773,0.8598175048828125,0.013886099997762358
U-Net,242583_sat_88.jpg,0.2735538279088154,0.4295913088463528,0.39697867864996655,0.4680419343929658,0.831756591796875,0.013886099997762358
U-Net,24813_sat_03.jpg,0.13841652953007863,0.24317378734339865,0.15603421622178706,0.550745725718443,0.856201171875,0.013638749998790445
U-Net,24813_sat_11.jpg,0.273348107276921,0.42933759545373823,0.3042537125597785,0.7290711700844391,0.7548370361328125,0.013638749998790445
U-Net,24813_sat_12.jpg,0.5008719737382027,0.6674413041249445,0.602108768035516,0.7486774515065553,0.8515167236328125,0.013638749998790445
U-Net,24813_sat_13.jpg,0.0216524830335021,0.04238717840573598,0.022959620766462963,0.27553118574366003,0.72283935546875,0.013638749998790445
U-Net,24813_sat_20.jpg,0.1760739311465421,0.29942663719259466,1.0,0.1760739311465421,0.381011962890625,0.013638749998790445
U-Net,24813_sat_21.jpg,0.44558249721293197,0.6164746710367764,0.7829973063423394,0.5083600519356634,0.6357574462890625,0.013638749998790445
U-Net,24813_sat_31.jpg,0.08596035099122522,0.15831213526859195,0.6851222276185851,0.08949605599847739,0.3133544921875,0.013638749998790445
U-Net,24813_sat_32.jpg,0.09925846511212365,0.18059167750325097,0.2088345864661654,0.159077892325315,0.846160888671875,0.013638749998790445
U-Net,24813_sat_40.jpg,0.09247848537005164,0.16930033242481055,0.2847225902177945,0.12046544997982153,0.1954498291015625,0.013551687501603737
U-Net,24813_sat_41.jpg,0.06036517704025018,0.11385733584489222,0.4839074882743005,0.0645189114590072,0.2893524169921875,0.013551687501603737
U-Net,24813_sat_42.jpg,0.06157462778900483,0.11600621600621601,0.100013397642015,0.13808731039585645,0.652801513671875,0.013551687501603737
U-Net,24813_sat_53.jpg,0.022206947602178395,0.043449024983189366,0.025225225225225224,0.15654118524040253,0.7178192138671875,0.013551687501603737
U-Net,24813_sat_63.jpg,0.743328901990251,0.8527695504177534,0.9660223346186589,0.7632849285799074,0.796722412109375,0.013551687501603737
U-Net,24813_sat_64.jpg,0.03711855927963982,0.07158016592706927,0.037137137137137136,0.9867021276595744,0.8531494140625,0.013551687501603737
U-Net,24813_sat_73.jpg,0.36992648185020677,0.5400676412220141,0.5985749690210657,0.4919794265926567,0.7489166259765625,0.013551687501603737
U-Net,24813_sat_74.jpg,0.47500428008902584,0.6440717311821716,0.4887264400211379,0.9441892121830866,0.7192535400390625,0.013551687501603737
U-Net,24813_sat_83.jpg,0.04114547721513896,0.07903886270570964,0.043177309753935765,0.466484268125855,0.63623046875,0.01355181249891757
U-Net,24813_sat_84.jpg,0.7309593538398403,0.8445713669917561,0.8836223419848017,0.8088259577278731,0.7799224853515625,0.01355181249891757
U-Net,24813_sat_85.jpg,0.12120942641173856,0.21621192893401014,0.12262708052181737,0.9129269926322839,0.69842529296875,0.01355181249891757
U-Net,255711_sat_00.jpg,0.43075955056179777,0.602141080089463,0.43406822340174994,0.9826122616362518,0.516845703125,0.01355181249891757
U-Net,255876_sat_00.jpg,0.8243206663196252,0.9037015054843459,0.881300089047195,0.9272714496521678,0.8712615966796875,0.01355181249891757
U-Net,255876_sat_01.jpg,0.9490811638591118,0.9738754665095266,0.9989844933750283,0.9499977006913255,0.9492645263671875,0.01355181249891757
U-Net,255876_sat_02.jpg,0.8465887327827912,0.9169218004563369,0.9953704537675859,0.8499353965421769,0.8472137451171875,0.01355181249891757
U-Net,255876_sat_03.jpg,0.7947442936565489,0.8856351252549352,0.8814799211015147,0.8898296893425351,0.818603515625,0.01355181249891757
U-Net,255876_sat_10.jpg,0.5466322080439348,0.7068677416659704,0.6361995713802309,0.7951971427228723,0.785858154296875,0.013663699999597156
U-Net,255876_sat_11.jpg,0.5878827558420628,0.7404611627390656,0.6494380772226549,0.8611582441903357,0.750274658203125,0.013663699999597156
U-Net,255876_sat_12.jpg,0.8925475739762877,0.9432233950146087,0.9504703635592021,0.9360861009038505,0.9012603759765625,0.013663699999597156
U-Net,255876_sat_13.jpg,0.9460566955138987,0.9722807127816713,0.9955110775022927,0.950109792239301,0.9461669921875,0.013663699999597156
U-Net,255876_sat_14.jpg,0.8584735812133072,0.9238480330216494,0.9934776700788115,0.863339368653074,0.862060546875,0.013663699999597156
U-Net,255876_sat_20.jpg,0.712733517927868,0.8322760201367003,0.8924143681565839,0.7797312065031922,0.7498779296875,0.013663699999597156
U-Net,255876_sat_21.jpg,0.03256084694582894,0.0630681417800014,0.03595099417553726,0.25666762259822196,0.59423828125,0.013663699999597156
U-Net,255876_sat_22.jpg,0.18195574049555513,0.3078892622819651,0.18678057304523896,0.8756827048114434,0.5380401611328125,0.013663699999597156
U-Net,255876_sat_23.jpg,0.6354368276544988,0.7770851394679987,0.6665014281330406,0.9316636969576981,0.7528228759765625,0.013603850002255058
U-Net,255876_sat_24.jpg,0.8425904788663143,0.9145716191746879,0.9075828935671187,0.9216688115864082,0.86322021484375,0.013603850002255058
U-Net,255876_sat_30.jpg,0.7401231945624469,0.8506560878852609,0.8868443154920974,0.8173054369751841,0.8133087158203125,0.013603850002255058
U-Net,255876_sat_31.jpg,0.002029495332160736,0.004050769646232784,0.002108419622358619,0.05142857142857143,0.662353515625,0.013603850002255058
U-Net,255876_sat_32.jpg,0.3227319156839075,0.48797781599915757,0.339404296875,0.8678986140591834,0.7774200439453125,0.013603850002255058
U-Net,255876_sat_34.jpg,0.0012414649286157666,0.0024798512089274642,0.0012667247248832239,0.05860805860805861,0.8035888671875,0.013603850002255058
U-Net,255876_sat_35.jpg,0.5737327188940092,0.7291361639824304,0.6263851738632021,0.8722121225557575,0.7769927978515625,0.013603850002255058
U-Net,255876_sat_36.jpg,0.6996907810834891,0.8233153805040496,0.8650137146065959,0.785452334725736,0.737701416015625,0.013603850002255058
U-Net,255876_sat_40.jpg,0.9633958139086262,0.9813566954599419,0.9934026223747244,0.9695994046078178,0.9652557373046875,0.013667062499735039
U-Net,255876_sat_41.jpg,0.8990616147308782,0.9468482831277562,0.9423937048790899,0.9513451738609112,0.9130096435546875,0.013667062499735039
U-Net,255876_sat_42.jpg,0.7460186243283328,0.8545368462095472,0.7601763991774645,0.9756431047092118,0.840606689453125,0.013667062499735039
U-Net,255876_sat_46.jpg,0.512164623372387,0.6773926799453512,0.5489002184996359,0.8844294230859503,0.726165771484375,0.013667062499735039
U-Net,255876_sat_47.jpg,0.806030665983129,0.8925990916597853,0.9935658068593095,0.8102600140548137,0.809478759765625,0.013667062499735039
U-Net,255876_sat_48.jpg,0.9276425373248369,0.9624632361684755,0.9881816701937164,0.9380495418231267,0.9277496337890625,0.013667062499735039
U-Net,255876_sat_50.jpg,0.8204243065554149,0.9013550342093728,0.8683558248416414,0.9369613883550925,0.842041015625,0.013667062499735039
U-Net,255876_sat_51.jpg,0.8621763279355393,0.9259878508834576,0.9241786439029299,0.9278041553018823,0.8655853271484375,0.013667062499735039
U-Net,255876_sat_52.jpg,0.19152667984189722,0.32148114361536706,0.19340434554843217,0.95175546280383,0.5006256103515625,0.01352657499955967
U-Net,255876_sat_53.jpg,0.005506662077781602,0.010953009632780793,0.005515882787490766,0.7671232876712328,0.6913604736328125,0.01352657499955967
U-Net,255876_sat_54.jpg,0.05226668880770508,0.09934114490866769,0.052541524079793005,0.9090252707581228,0.6516571044921875,0.01352657499955967
U-Net,255876_sat_55.jpg,0.008940545373267769,0.017722640673460344,0.008983380745620603,0.6521739130434783,0.797027587890625,0.01352657499955967
U-Net,255876_sat_56.jpg,0.13914981145011998,0.24430467362845706,0.1400862812769629,0.9541607898448519,0.6168365478515625,0.01352657499955967
U-Net,255876_sat_57.jpg,0.6052596555670899,0.7540956423691716,0.6437084217975938,0.9101789216667334,0.773712158203125,0.01352657499955967
U-Net,255876_sat_58.jpg,0.8488567198552394,0.9182504092817995,0.9292467270533575,0.9075112994847083,0.85980224609375,0.01352657499955967
U-Net,255876_sat_60.jpg,0.9424316831683168,0.9703627585306974,0.9574474933612296,0.9836312230287197,0.944549560546875,0.01352657499955967
U-Net,255876_sat_61.jpg,0.8035150014659413,0.8910544140889591,0.8804704790461912,0.9018958992266486,0.8159332275390625,0.013527362498280127
U-Net,255876_sat_62.jpg,0.4591665183251251,0.6293545151408355,0.5318198478878402,0.7706991567624991,0.582763671875,0.013527362498280127
U-Net,255876_sat_63.jpg,0.17684725761029904,0.3005441130387716,0.1791049843813663,0.9334631038754203,0.6253509521484375,0.013527362498280127
U-Net,255876_sat_64.jpg,0.6344296472790708,0.7763315457905972,0.672833517586806,0.9174588524842332,0.73779296875,0.013527362498280127
U-Net,255876_sat_65.jpg,0.3621446047414157,0.5317271066241368,0.36915204678362573,0.9501936912008855,0.7692718505859375,0.013527362498280127
U-Net,255876_sat_66.jpg,0.005831651126277676,0.011595680290529133,0.005881402488285668,0.4080717488789238,0.5265655517578125,0.013527362498280127
U-Net,255876_sat_68.jpg,0.24812331806807988,0.39759423524294063,0.25349089593633184,0.9213709677419355,0.5139923095703125,0.013527362498280127
U-Net,255876_sat_70.jpg,0.8305770610960954,0.9074483437466112,0.95526791829853,0.8641881156657134,0.8307037353515625,0.013527362498280127
U-Net,255876_sat_71.jpg,0.6567394578313253,0.7928095811649206,0.6762163209924404,0.9579855008787346,0.721771240234375,0.01358091249858262
U-Net,255876_sat_72.jpg,0.5500730780473546,0.709738251489779,0.8066931496670573,0.6335884716392449,0.647705078125,0.01358091249858262
U-Net,255876_sat_73.jpg,0.7431590897707732,0.8526577913992912,0.782082366996978,0.9372341769486672,0.7652587890625,0.01358091249858262
U-Net,255876_sat_74.jpg,0.8651594238393363,0.9277056028362974,0.9913528493501482,0.8717379233759023,0.8655853271484375,0.01358091249858262
U-Net,255876_sat_75.jpg,0.9095460006553319,0.9526306256494342,0.9426647045505999,0.9628095192215049,0.9241790771484375,0.01358091249858262
U-Net,255876_sat_76.jpg,0.17470535333932882,0.29744540253042145,0.17579538959801866,0.9657247514390371,0.4678955078125,0.01358091249858262
U-Net,255876_sat_77.jpg,0.00015749271596188677,0.0003149358318242658,0.00015749271596188677,1.0,0.612518310546875,0.01358091249858262
U-Net,255876_sat_78.jpg,0.0,0.0,0.0,0.0,0.4712677001953125,0.01358091249858262
U-Net,255876_sat_80.jpg,0.8588554821298827,0.9240691278977785,0.8934458681255398,0.9568661462850535,0.8755035400390625,0.013541424999857554
U-Net,255876_sat_81.jpg,0.53962511677831,0.7009824806021405,0.5689376951610537,0.9128446536650975,0.6465911865234375,0.013541424999857554
U-Net,255876_sat_82.jpg,0.6695683160252495,0.8020855566057871,0.6779081553765011,0.9819579932311367,0.7028656005859375,0.013541424999857554
U-Net,255876_sat_83.jpg,0.4190956197878714,0.5906516994964983,0.42394397919695326,0.9734367653972732,0.5620880126953125,0.013541424999857554
U-Net,255876_sat_84.jpg,0.8910714285714286,0.9423984891406988,0.9301179955730857,0.9550076041079271,0.895751953125,0.013541424999857554
U-Net,255876_sat_85.jpg,0.8938075660515664,0.9439264918716973,0.9237179276044926,0.965039055779223,0.8983154296875,0.013541424999857554
U-Net,255876_sat_86.jpg,0.9116287368813768,0.953771743742045,0.9820542391836165,0.9270726798851902,0.9168701171875,0.013541424999857554
U-Net,255876_sat_87.jpg,0.71047055847195,0.8307311165959492,0.7281315832117972,0.9669873243377021,0.7205963134765625,0.013541424999857554
U-Net,255876_sat_88.jpg,0.4465212698521475,0.6173725601667615,0.44826459358123216,0.9913655382274629,0.507049560546875,0.013555812500271713
U-Net,273002_sat_60.jpg,0.5110403243321509,0.6764085856650057,0.8395242814667988,0.5663662378647268,0.690826416015625,0.013555812500271713
U-Net,273002_sat_61.jpg,0.8062314128542152,0.8927221696141411,0.8131857884430077,0.9895039431132628,0.8081207275390625,0.013555812500271713
U-Net,273002_sat_62.jpg,0.7453001618924902,0.8540653099858022,0.96942349427362,0.7632420361692409,0.764739990234375,0.013555812500271713
U-Net,273002_sat_63.jpg,0.42167141288957477,0.5932051655065912,0.42216842138795535,0.9972158470973325,0.4453125,0.013555812500271713
U-Net,273002_sat_71.jpg,0.998382568359375,0.999190629629064,0.998382568359375,1.0,0.998382568359375,0.013555812500271713
U-Net,273002_sat_72.jpg,0.6989692671394799,0.8228156690748388,0.7332500049600222,0.9373066193253867,0.7571258544921875,0.013555812500271713
U-Net,273002_sat_73.jpg,0.072575086164451,0.13532868160117517,0.07257865970751884,0.9993220338983051,0.4251708984375,0.013555812500271713
U-Net,273002_sat_81.jpg,0.7320735076270168,0.8453145947945079,0.7519121638292623,0.9652132601351351,0.7957763671875,0.013561974999902304
U-Net,27460_sat_00.jpg,0.8321985032511349,0.9084152200478766,0.9975000919083857,0.8339377919842635,0.833038330078125,0.013561974999902304
U-Net,27460_sat_01.jpg,0.8439699995398703,0.9153836556456644,0.9950991916378827,0.8474926071956629,0.8447723388671875,0.013561974999902304
U-Net,27460_sat_02.jpg,0.7936725848000123,0.8849692987736709,0.95958597538232,0.8211196578468609,0.7958984375,0.013561974999902304
U-Net,27460_sat_03.jpg,0.5978511128165771,0.7483189241114313,0.6596518739219068,0.8645238193102881,0.78411865234375,0.013561974999902304
U-Net,27460_sat_04.jpg,0.7918986251653185,0.8838654308273258,0.9976750494052001,0.793362709148615,0.79351806640625,0.013561974999902304
U-Net,27460_sat_05.jpg,0.776470221973164,0.8741719533139393,0.9870587304100048,0.7844561867018934,0.7808837890625,0.013561974999902304
U-Net,27460_sat_10.jpg,0.6486491515331944,0.7868856159358952,0.7820049799232822,0.7918275564439196,0.7118682861328125,0.013561974999902304
U-Net,27460_sat_11.jpg,0.7616333023995757,0.8646899458157736,0.8622242233228276,0.8671698113207548,0.780517578125,0.01357694999751402
U-Net,27460_sat_12.jpg,0.5827784795221478,0.7363992966319491,0.6409465505062397,0.8652574698029244,0.70263671875,0.01357694999751402
U-Net,27460_sat_13.jpg,0.7060296351024093,0.8276874218073332,0.8132860520094563,0.8426080141079652,0.78143310546875,0.01357694999751402
U-Net,27460_sat_14.jpg,0.8343921866110373,0.9097206068594763,0.9746358752838234,0.8529126684113599,0.8401031494140625,0.01357694999751402
U-Net,27460_sat_15.jpg,0.6502934055562395,0.7880942908295205,0.7472532654312255,0.8336577410700194,0.869964599609375,0.01357694999751402
U-Net,27460_sat_16.jpg,0.7068212337033197,0.8282311231501583,0.8255345337595045,0.8309453869672082,0.73681640625,0.01357694999751402
U-Net,27460_sat_17.jpg,0.5172981878088962,0.6818675352877307,0.6206044634769002,0.7565505471338219,0.8927001953125,0.01357694999751402
U-Net,27460_sat_18.jpg,0.35141825878262184,0.520073273390852,0.36494946521440486,0.9045627006518144,0.4763031005859375,0.01357694999751402
U-Net,27460_sat_22.jpg,0.18166120218579235,0.30746749042748006,0.20948228058678228,0.5776742892889414,0.4287261962890625,0.013506837498425739
U-Net,27460_sat_23.jpg,0.6748212327603516,0.8058427007736784,0.918790478593658,0.7176244518534334,0.6787261962890625,0.013506837498425739
U-Net,27460_sat_24.jpg,0.8373797175945049,0.9114933724105775,0.9922954207606686,0.842859782575221,0.837799072265625,0.013506837498425739
U-Net,27460_sat_25.jpg,0.5500696259741529,0.7097353780201422,0.7997726707633289,0.6379193109700816,0.7189788818359375,0.013506837498425739
U-Net,27460_sat_26.jpg,0.5218099912100791,0.6857754834362177,0.6230185626516824,0.7625916608681689,0.6015472412109375,0.013506837498425739
U-Net,27460_sat_27.jpg,0.3884843901912067,0.5595804935735847,0.4335173710731249,0.7890210189126333,0.568115234375,0.013506837498425739
U-Net,27460_sat_28.jpg,0.4319773288234756,0.6033298434667144,0.47857967550487146,0.816046696369979,0.52593994140625,0.013506837498425739
U-Net,27460_sat_33.jpg,0.7812291567413053,0.8771798438001498,0.9707745436605821,0.8000455366000423,0.789794921875,0.013506837498425739
U-Net,27460_sat_34.jpg,0.6536663520839278,0.7905661879860908,0.7010403916768666,0.9063051548901466,0.75921630859375,0.013524337500712136
U-Net,27460_sat_35.jpg,0.9222408792550756,0.9595476708543113,0.9977375191980579,0.9241735884845426,0.922271728515625,0.013524337500712136
U-Net,27460_sat_36.jpg,0.8396178154755028,0.9128176607253384,0.9640015157256536,0.8667950050256393,0.8516998291015625,0.013524337500712136
U-Net,27460_sat_38.jpg,0.7843441466854725,0.8791399889336812,0.9942983153210426,0.7878878516442863,0.7900238037109375,0.013524337500712136
U-Net,27460_sat_42.jpg,0.8966465438224975,0.945507265697907,0.9696482892982876,0.9225391044193685,0.90020751953125,0.013524337500712136
U-Net,27460_sat_43.jpg,0.31875792141951836,0.4834214320038443,0.37298728813559323,0.6867563877511215,0.770355224609375,0.013524337500712136
U-Net,27460_sat_44.jpg,0.7906486095483042,0.883086279834375,0.795427439406497,0.9924586359967716,0.8410186767578125,0.013524337500712136
U-Net,27460_sat_48.jpg,0.8531921199170189,0.9207810790337514,0.978515205724508,0.8694802098235574,0.85638427734375,0.013524337500712136
U-Net,27460_sat_50.jpg,0.8952003052270125,0.9447025760369777,0.9944730774447308,0.8996763754045307,0.8952178955078125,0.013600574999145465
U-Net,27460_sat_51.jpg,0.7548863711654409,0.8603250712627187,0.8837479881324052,0.8381117016385604,0.774200439453125,0.013600574999145465
U-Net,27460_sat_52.jpg,0.8641288233013252,0.9271127751471326,0.884732147027229,0.9737579355899967,0.9091033935546875,0.013600574999145465
U-Net,27460_sat_53.jpg,0.8420567958386221,0.9142571474895963,0.8555136925683364,0.9816625562164515,0.903167724609375,0.013600574999145465
U-Net,27460_sat_57.jpg,0.6693897164824604,0.8019573978123201,0.7264340945873045,0.8950062034739454,0.695556640625,0.013600574999145465
U-Net,27460_sat_58.jpg,0.5522883730584287,0.7115796042075236,0.6394696787631179,0.8020194916105696,0.60504150390625,0.013600574999145465
U-Net,27460_sat_60.jpg,0.8555340798364296,0.9221432137876414,0.9347609822503796,0.9098615476089357,0.86199951171875,0.013600574999145465
U-Net,27460_sat_62.jpg,0.7775818146188517,0.8748759783926799,0.7924641347402057,0.976417996144855,0.896087646484375,0.013600574999145465
U-Net,27460_sat_63.jpg,0.9699675738077856,0.9847548626731129,0.9874695380148292,0.9820550723641239,0.9730072021484375,0.013544850000471342
U-Net,27460_sat_67.jpg,0.8323406098674134,0.9084998775720425,0.9548148936925425,0.8664701808635712,0.8346405029296875,0.013544850000471342
U-Net,27460_sat_68.jpg,0.7956897401360097,0.8862218481860261,0.865742064626823,0.9076940374020912,0.810211181640625,0.013544850000471342
U-Net,27460_sat_71.jpg,0.9196319580078125,0.9581336194904813,0.9818036685889291,0.935578012698117,0.9196319580078125,0.013544850000471342
U-Net,27460_sat_72.jpg,0.6546951912154487,0.7913181771375614,0.6621287839623183,0.9831409563882413,0.7216949462890625,0.013544850000471342
U-Net,27460_sat_78.jpg,0.7894923131376864,0.8823645760773285,0.99596194913609,0.7920275423401726,0.7912750244140625,0.013544850000471342
U-Net,27460_sat_80.jpg,0.8962101432075322,0.9452645809515067,0.9953427883516985,0.8999841093278246,0.8999176025390625,0.013544850000471342
U-Net,27460_sat_81.jpg,0.7523040771484375,0.8586455820757757,0.7899855792340971,0.9403765091838486,0.7523040771484375,0.013544850000471342
U-Net,27460_sat_82.jpg,0.8833580750912352,0.9380670481883195,0.8975003535012334,0.9824745459548707,0.8849029541015625,0.013671124997927109
U-Net,27460_sat_87.jpg,0.6751532768673049,0.8060794032291844,0.9695326744074465,0.6897881854955709,0.7032928466796875,0.013671124997927109
U-Net,27460_sat_88.jpg,0.6617766623069038,0.7964688364177834,0.9181011230444804,0.7032946391675119,0.7080078125,0.013671124997927109
U-Net,277900_sat_04.jpg,0.47925029333662694,0.6479637631243869,0.5943555181128897,0.7122011655118616,0.7426605224609375,0.013671124997927109
U-Net,277900_sat_05.jpg,0.537055242234525,0.698810592459605,0.9532249670921725,0.5515915894638017,0.590423583984375,0.013671124997927109
U-Net,277900_sat_06.jpg,0.29011925042589437,0.4497557110788327,0.2992093704245974,0.9052090715804394,0.8092498779296875,0.013671124997927109
U-Net,277900_sat_14.jpg,0.5171783442680423,0.6817634145938898,0.6447614885114885,0.723270880756435,0.7057952880859375,0.013671124997927109
U-Net,277900_sat_15.jpg,0.4038561076604555,0.5753525670568717,0.45893684287920006,0.7709028035074719,0.71881103515625,0.013671124997927109
U-Net,277900_sat_16.jpg,0.16280913126188967,0.280027266530334,0.1746004760285617,0.7068134893324157,0.838836669921875,0.013970187501399778
U-Net,277900_sat_24.jpg,0.1910828025477707,0.32085561497326204,0.23581350274577367,0.501833180568286,0.8585357666015625,0.013970187501399778
U-Net,277900_sat_25.jpg,0.2941473259334006,0.45458089668615986,0.3469721767594108,0.6589432042949986,0.8292236328125,0.013970187501399778
U-Net,277900_sat_33.jpg,0.00555019305019305,0.011039116870650349,0.00555019305019305,1.0,0.371185302734375,0.013970187501399778
U-Net,277900_sat_34.jpg,0.3429917850092339,0.5107876143961306,0.6318629751290474,0.42865101472343814,0.685150146484375,0.013970187501399778
U-Net,277900_sat_35.jpg,0.6654350812372697,0.7991126027475184,0.9912037254809728,0.6693880144220842,0.6766815185546875,0.013970187501399778
U-Net,277900_sat_36.jpg,0.39816843642901284,0.5695571807441935,0.7207362961456321,0.4708031621603667,0.673095703125,0.013970187501399778
U-Net,277900_sat_37.jpg,0.4720182324639149,0.6413211766729744,0.6884156099963068,0.6002576212966939,0.809112548828125,0.013970187501399778
U-Net,277900_sat_38.jpg,0.0328449208378405,0.06360087594020757,0.03290964627056853,0.943502824858757,0.8499298095703125,0.013818987499689683
U-Net,277900_sat_43.jpg,0.3531568005252216,0.5219746896858448,0.3710836447254958,0.8796674843281548,0.8195953369140625,0.013818987499689683
U-Net,277900_sat_44.jpg,0.6276303285365191,0.7712197512328881,0.938419770628235,0.6545901842445266,0.6651763916015625,0.013818987499689683
U-Net,277900_sat_45.jpg,0.5516285089205929,0.7110316751067421,0.9983270131608298,0.5521389137340776,0.555938720703125,0.013818987499689683
U-Net,277900_sat_46.jpg,0.5607791959767006,0.7185887631283777,0.9779085257548845,0.5679744672620007,0.578887939453125,0.013818987499689683
U-Net,277900_sat_47.jpg,0.5395012449116705,0.700877958617857,0.8412522339311025,0.6006512078144938,0.82220458984375,0.013818987499689683
U-Net,277900_sat_48.jpg,0.0056179775280898875,0.0111731843575419,0.0056315366049879325,0.7,0.9432830810546875,0.013818987499689683
U-Net,277900_sat_53.jpg,0.6497349364193895,0.7876840358725559,0.8832367764118506,0.7107876582518384,0.8457489013671875,0.013818987499689683
U-Net,277900_sat_54.jpg,0.7027644618861926,0.8254394281963388,0.8713084716533736,0.7841583060805942,0.8173980712890625,0.01375344999905792
U-Net,277900_sat_55.jpg,0.8294981717311815,0.9068040455555747,0.8807778558757573,0.934415169377175,0.9174652099609375,0.01375344999905792
U-Net,277900_sat_56.jpg,0.7529876661477667,0.859090660691841,0.8448021065642045,0.8738708691180966,0.842620849609375,0.01375344999905792
U-Net,277900_sat_57.jpg,0.016768435885392202,0.032983785282025224,0.01719984582771247,0.4006734006734007,0.6805877685546875,0.01375344999905792
U-Net,277900_sat_63.jpg,0.580298185140579,0.7344160622306317,0.7592371223647033,0.7111665309446255,0.845794677734375,0.01375344999905792
U-Net,277900_sat_64.jpg,0.6739301182648504,0.8052069927069927,0.9832045573598743,0.6817789683981111,0.778289794921875,0.01375344999905792
U-Net,277900_sat_65.jpg,0.6490826548606161,0.7872045139125885,0.9538512433147709,0.6701270529903935,0.8572845458984375,0.01375344999905792
U-Net,277900_sat_66.jpg,0.18618870639012108,0.31392763290883363,0.24662537716372876,0.4317486794551015,0.89642333984375,0.01375344999905792
U-Net,277900_sat_73.jpg,0.6265212229148115,0.7703818604863361,0.6665877151429023,0.9124608235166973,0.9232025146484375,0.013549499999498948
U-Net,277900_sat_74.jpg,0.7247198528181971,0.840391384877959,0.9986172247701136,0.7254478486522685,0.7488555908203125,0.013549499999498948
U-Net,277900_sat_75.jpg,0.7419927272727272,0.8518895810023213,0.9103433507031194,0.8004895960832313,0.8646697998046875,0.013549499999498948
U-Net,277900_sat_76.jpg,0.03359776014932338,0.06501128668171557,0.034139402560455195,0.6792452830188679,0.9683990478515625,0.013549499999498948
U-Net,277900_sat_83.jpg,0.6717637317140491,0.8036586976621318,0.7330502093310443,0.8893192531150655,0.81854248046875,0.013549499999498948
U-Net,277900_sat_84.jpg,0.4403295349553434,0.6114288768910033,0.997071027581157,0.44089983964475143,0.4454193115234375,0.013549499999498948
U-Net,277900_sat_85.jpg,0.12271150510695703,0.21859846371711797,0.1880954139280703,0.2609096496619545,0.7221527099609375,0.013549499999498948
U-Net,277994_sat_00.jpg,0.000270656923017438,0.0005411673753382296,0.00027086638548156174,0.25925925925925924,0.60546875,0.013549499999498948
U-Net,277994_sat_01.jpg,0.0,0.0,0.0,0.0,0.8218841552734375,0.013777587500953814
U-Net,277994_sat_02.jpg,0.2277632109721662,0.3710213971826358,0.26007600184246893,0.6470419710643174,0.7663116455078125,0.013777587500953814
U-Net,277994_sat_03.jpg,0.575634963194072,0.7306704619287769,0.6170891037366083,0.8954952222053694,0.8671722412109375,0.013777587500953814
U-Net,277994_sat_06.jpg,0.0,0.0,0.0,0.0,0.6568450927734375,0.013777587500953814
U-Net,277994_sat_07.jpg,0.0,0.0,0.0,0.0,0.79254150390625,0.013777587500953814
U-Net,277994_sat_08.jpg,0.0,0.0,0.0,0.0,0.76043701171875,0.013777587500953814
U-Net,277994_sat_12.jpg,0.001423257318453825,0.0028424690719984495,0.0014242708704237206,0.6666666666666666,0.5289459228515625,0.013777587500953814
U-Net,277994_sat_13.jpg,0.001048976343774868,0.002095754290876242,0.001048976343774868,1.0,0.5785980224609375,0.013777587500953814
U-Net,277994_sat_16.jpg,0.46826186158076405,0.6378451607761884,0.6788804071246819,0.6014879386788908,0.8613128662109375,0.013932674999523442
U-Net,277994_sat_17.jpg,0.5896115526698757,0.741830985915493,0.8244630893494459,0.6742536740232474,0.720306396484375,0.013932674999523442
U-Net,277994_sat_18.jpg,0.5500617320242225,0.7097288071306657,0.6943743506011578,0.7257776743464432,0.766448974609375,0.013932674999523442
U-Net,277994_sat_25.jpg,0.06413408736988771,0.12053760542226673,0.06490005805755993,0.8445763626551538,0.6515350341796875,0.013932674999523442
U-Net,277994_sat_26.jpg,0.5975882178511417,0.7481129507263593,0.9609320363659483,0.612468595510171,0.68939208984375,0.013932674999523442
U-Net,277994_sat_28.jpg,0.7057223371503967,0.8274762213988311,0.8087247069364594,0.847117941498514,0.724334716796875,0.013932674999523442
U-Net,277994_sat_35.jpg,0.4930596541849739,0.6604687934644159,0.6835151515151515,0.6389258703226355,0.6461334228515625,0.013932674999523442
U-Net,277994_sat_36.jpg,0.33482813197516337,0.5016797652889045,0.35867060818154156,0.8343530363553623,0.4998016357421875,0.013932674999523442
U-Net,277994_sat_37.jpg,0.6117415975556526,0.7591062965470549,0.7048026150364597,0.8224765258215962,0.67425537109375,0.013832562497555045
U-Net,277994_sat_38.jpg,0.7638705314603633,0.8661299316882755,0.9281245915108961,0.811898655602202,0.76556396484375,0.013832562497555045
U-Net,277994_sat_41.jpg,0.3391159853772017,0.5064773911748648,0.45488587731811697,0.5712686149367372,0.8482818603515625,0.013832562497555045
U-Net,277994_sat_42.jpg,0.4040324926712467,0.5755315418698799,0.5861251785482405,0.5653140459640553,0.5936279296875,0.013832562497555045
U-Net,277994_sat_43.jpg,0.40073489444045834,0.5721780702843661,0.6058444546709618,0.5420563496264925,0.579437255859375,0.013832562497555045
U-Net,277994_sat_44.jpg,0.4089060337959663,0.5804589149132466,0.6378650619746868,0.5325324232081912,0.569793701171875,0.013832562497555045
U-Net,277994_sat_45.jpg,0.527257519002073,0.6904631503750447,0.8056234718826406,0.6041085045210217,0.603302001953125,0.013832562497555045
U-Net,277994_sat_46.jpg,0.4950312197695893,0.662235294117647,0.5444697006335542,0.8450048787810553,0.6495361328125,0.013832562497555045
U-Net,277994_sat_47.jpg,0.7589745661703804,0.862973894867407,0.8846244407817283,0.842357794668281,0.8179473876953125,0.013671187502040993
U-Net,277994_sat_48.jpg,0.32644420523860784,0.4922094784678641,0.7947933956495151,0.3564907331217429,0.4271240234375,0.013671187502040993
U-Net,277994_sat_50.jpg,0.4759177188728155,0.644910909039404,0.8400738007380074,0.5233322605857202,0.617462158203125,0.013671187502040993
U-Net,277994_sat_51.jpg,0.40463751656255914,0.5761451076044038,0.5418208546661936,0.6151123644001957,0.5200653076171875,0.013671187502040993
U-Net,277994_sat_52.jpg,0.5628469535376645,0.7202841612399763,0.9066988239119831,0.597450136599825,0.6034698486328125,0.013671187502040993
U-Net,277994_sat_53.jpg,0.4530448717948718,0.6235800154406088,0.7113227893601726,0.5551067351117843,0.6354522705078125,0.013671187502040993
U-Net,277994_sat_54.jpg,0.6686312498982433,0.8014128345480979,0.9793017932086989,0.6782157779135634,0.6894378662109375,0.013671187502040993
U-Net,277994_sat_55.jpg,0.6548621101282482,0.7914400917397255,1.0,0.6548621101282482,0.6558837890625,0.013671187502040993
U-Net,277994_sat_56.jpg,0.5329898083358686,0.6953598848963696,0.7392921194218799,0.6563561008733931,0.6252288818359375,0.013551212497986853
U-Net,277994_sat_57.jpg,0.22213334486336908,0.36351736215527763,0.6649624644059021,0.2501278025268385,0.4509735107421875,0.013551212497986853
U-Net,277994_sat_58.jpg,0.13115811788561685,0.2319005907516806,0.18207408355191607,0.31927305362351355,0.7123260498046875,0.013551212497986853
U-Net,277994_sat_60.jpg,0.4254810653657575,0.596964878318584,0.5890238078995839,0.6051229939028664,0.644195556640625,0.013551212497986853
U-Net,277994_sat_61.jpg,0.5348070411799117,0.6969045969045969,0.776171241863696,0.6323279746808912,0.599578857421875,0.013551212497986853
U-Net,277994_sat_62.jpg,0.665294899902958,0.7990115143470707,0.8700996521575632,0.7386619844769449,0.7158050537109375,0.013551212497986853
U-Net,277994_sat_63.jpg,0.6680038484744713,0.8009619990810172,0.9014568020773733,0.7206262644032017,0.6893463134765625,0.013551212497986853
U-Net,277994_sat_64.jpg,0.618731270534715,0.76446446892983,0.9868985574015952,0.6238555488814868,0.677734375,0.013551212497986853
U-Net,277994_sat_65.jpg,0.5829401088929219,0.7365283191928457,0.9981085170773887,0.5835848013271191,0.5967559814453125,0.013525074999051867
U-Net,277994_sat_66.jpg,0.49829661173856693,0.6651508223867133,0.6408467473092675,0.6913710278213065,0.5865325927734375,0.013525074999051867
U-Net,277994_sat_67.jpg,0.5061957530432883,0.6721513482168745,0.8248899168260464,0.5671386196140791,0.72393798828125,0.013525074999051867
U-Net,277994_sat_68.jpg,0.48762573268688036,0.6555758239085492,0.627041362304006,0.6868311079400673,0.7839202880859375,0.013525074999051867
U-Net,277994_sat_70.jpg,0.5865107538108164,0.7393719234515255,0.6758096338001058,0.8161320316132031,0.8489227294921875,0.013525074999051867
U-Net,277994_sat_71.jpg,0.35071873807403636,0.5193068374458467,0.4444265334085597,0.6245327896704044,0.84423828125,0.013525074999051867
U-Net,277994_sat_72.jpg,0.8640753099242039,0.9270819749866636,0.9635543727360094,0.8932699776122812,0.9061431884765625,0.013525074999051867
U-Net,277994_sat_73.jpg,0.850318370949439,0.9191049327507048,0.9987042076229614,0.8512575341601186,0.8550872802734375,0.013525074999051867
U-Net,277994_sat_77.jpg,0.4721494882170912,0.6414423154660845,0.7322791041102633,0.570654519299928,0.593963623046875,0.013602624996565282
U-Net,277994_sat_78.jpg,0.6935411606574386,0.8190425798546326,0.9042026624035416,0.7485429233157721,0.80169677734375,0.013602624996565282
U-Net,277994_sat_80.jpg,0.6320839196622745,0.7745728170559649,0.8778537798703029,0.693035977277509,0.824462890625,0.013602624996565282
U-Net,277994_sat_81.jpg,0.5596363309028716,0.7176497749047674,0.6490239064620524,0.8025041951723247,0.77606201171875,0.013602624996565282
U-Net,277994_sat_82.jpg,0.8373154740356381,0.9114553116961305,0.9053604436229206,0.9176327970024245,0.8765716552734375,0.013602624996565282
U-Net,277994_sat_83.jpg,0.8271804530075502,0.9054173621943099,0.9888621012572476,0.8349596231493943,0.8417816162109375,0.013602624996565282
U-Net,277994_sat_87.jpg,0.30336885948793335,0.46551497264883357,0.378388289582251,0.6047670215883559,0.5661468505859375,0.013602624996565282
U-Net,277994_sat_88.jpg,0.6582242990654206,0.7938905483852787,0.879847091744953,0.7232342732743218,0.7209930419921875,0.013602624996565282
U-Net,280861_sat_03.jpg,0.9649530109561595,0.9821639556526665,0.99855194089286,0.9663051959426106,0.96636962890625,0.0135454374976689
U-Net,280861_sat_04.jpg,0.9154880624548833,0.955879684555796,0.9481378928423093,0.9637489445538981,0.9517669677734375,0.0135454374976689
U-Net,280861_sat_13.jpg,0.8181581770308487,0.8999856969176857,0.9653096055381901,0.8429425456737613,0.82928466796875,0.0135454374976689
U-Net,280861_sat_14.jpg,0.6279946761313221,0.7714947540536858,0.62898880773183,0.9974895397489539,0.7952880859375,0.0135454374976689
U-Net,280861_sat_23.jpg,0.8132635588818131,0.8970163823105,0.8256215941717612,0.9819275709075704,0.851898193359375,0.0135454374976689
U-Net,280861_sat_33.jpg,0.8552640686647747,0.9219863448121479,0.8730715783027534,0.9767074198988196,0.9042816162109375,0.0135454374976689
U-Net,280861_sat_42.jpg,0.9763036090479925,0.9880097415986493,0.9763036090479925,1.0,0.9764862060546875,0.0135454374976689
U-Net,280861_sat_43.jpg,0.5455180755274829,0.7059355489469749,0.5551877889323522,0.9690603514132926,0.7419891357421875,0.0135454374976689
U-Net,280861_sat_50.jpg,0.6346126449554093,0.7764685375631863,0.6370630970768263,0.9939753659407354,0.8043212890625,0.013640912497066893
U-Net,280861_sat_51.jpg,0.56418616729665,0.7213798192215458,0.5732672686759704,0.9726892846482937,0.76953125,0.013640912497066893
U-Net,280861_sat_52.jpg,0.1916336501300406,0.32163182049974504,0.19320214669051877,0.959357507909467,0.4925384521484375,0.013640912497066893
U-Net,291214_sat_01.jpg,0.04231211826148535,0.08118895966029724,0.045411362340870225,0.38270616493194554,0.5047454833984375,0.013640912497066893
U-Net,291214_sat_02.jpg,0.5824174002420385,0.7361109656061098,0.6379516978391139,0.8699700368967139,0.6156463623046875,0.013640912497066893
U-Net,291214_sat_03.jpg,0.6724775897570869,0.8041693280383608,0.7654460226271456,0.8470193638969599,0.6772003173828125,0.013640912497066893
U-Net,291214_sat_04.jpg,0.23936405122920654,0.38626915310606963,0.2883717264074724,0.5847985933503836,0.2904205322265625,0.013640912497066893
U-Net,291214_sat_05.jpg,0.2422761561167596,0.39005201045489346,0.2575393089983614,0.8034587774635632,0.294952392578125,0.013640912497066893
U-Net,291214_sat_08.jpg,0.2713984808833855,0.426929062703951,0.328023143683703,0.611226910084094,0.651641845703125,0.013523525001801318
U-Net,291214_sat_10.jpg,0.5546463776437937,0.7135338114438733,0.8340348983630149,0.6234569561358685,0.715972900390625,0.013523525001801318
U-Net,291214_sat_11.jpg,0.5410568097246341,0.7021893110109465,0.8237649191720804,0.6118841880821456,0.576568603515625,0.013523525001801318
U-Net,291214_sat_12.jpg,0.6710191026835141,0.8031255915697368,0.7488184189366751,0.8659258419321919,0.71435546875,0.013523525001801318
U-Net,291214_sat_13.jpg,0.7608380510582454,0.8641772031232398,1.0,0.7608380510582454,0.7608489990234375,0.013523525001801318
U-Net,291214_sat_15.jpg,0.8315186751233263,0.908010042613773,0.8783451818215655,0.9397487207056527,0.8540802001953125,0.013523525001801318
U-Net,291214_sat_16.jpg,0.12881493300914318,0.2282303843478651,0.13820652173913042,0.6546531085081735,0.4751434326171875,0.013523525001801318
U-Net,291214_sat_17.jpg,0.02749652737101066,0.053521402045735876,0.02794788051983398,0.6299846625766872,0.113311767578125,0.013523525001801318
U-Net,291214_sat_18.jpg,0.7235325547668117,0.8395925597874225,0.9728836521881928,0.7384239062694753,0.723663330078125,0.013532324999687262
U-Net,291214_sat_20.jpg,0.739040555467887,0.8499405642314638,0.9725065930186682,0.7548109467169519,0.7476654052734375,0.013532324999687262
U-Net,291214_sat_24.jpg,0.8885610571678916,0.9409926714261367,0.9090593099410925,0.9752512168315277,0.9049072265625,0.013532324999687262
U-Net,291214_sat_25.jpg,0.9375128117526478,0.9677487612632469,0.9641614841361864,0.9713628318584071,0.944183349609375,0.013532324999687262
U-Net,291214_sat_26.jpg,0.8486915559090283,0.918153764695176,0.9976627112549442,0.8503823578992536,0.8490447998046875,0.013532324999687262
U-Net,291214_sat_27.jpg,0.711839085770611,0.8316658869255407,0.8343683431418565,0.8289808802955841,0.714508056640625,0.013532324999687262
U-Net,291214_sat_33.jpg,0.8418514946962391,0.9141361256544502,0.9158143194335169,0.9124640710739482,0.849853515625,0.013532324999687262
U-Net,291214_sat_34.jpg,0.6499722320391781,0.7878583886661975,0.7939398922830243,0.7818693442921635,0.6826324462890625,0.013532324999687262
U-Net,291214_sat_35.jpg,0.4830223880597015,0.6514026921625362,0.486184139929177,0.9867153046224206,0.7040252685546875,0.013547725000535138
U-Net,291214_sat_36.jpg,0.8622506837435795,0.9260307339613856,0.8768343697003957,0.9810757476091686,0.9054718017578125,0.013547725000535138
U-Net,291214_sat_37.jpg,0.8362607191214082,0.910830047621486,0.8900564428966015,0.9325965228697859,0.8671417236328125,0.013547725000535138
U-Net,291214_sat_38.jpg,0.8891151284490961,0.9413032748078531,0.9022845335341715,0.9838492314171404,0.9110870361328125,0.013547725000535138
U-Net,291214_sat_40.jpg,0.8068352453600817,0.8930922146133901,0.8652867541279282,0.9227440294919057,0.852783203125,0.013547725000535138
U-Net,291214_sat_41.jpg,0.7399874326156696,0.8505664107047822,0.7440599903563174,0.992657660655265,0.76007080078125,0.013547725000535138
U-Net,291214_sat_42.jpg,0.6143496865359738,0.7611110426195554,0.6184112992086547,0.9894223988717226,0.7043304443359375,0.013547725000535138
U-Net,291214_sat_43.jpg,0.3460806608808651,0.5142049372500345,0.34624939056949827,0.9985939069300301,0.57000732421875,0.013547725000535138
U-Net,291214_sat_44.jpg,0.6689409067376674,0.801635221519338,0.6689903846153846,0.9998894508470829,0.7267913818359375,0.01352687499820604
U-Net,291214_sat_45.jpg,0.24302865463336906,0.3910266327771024,0.24304200895678216,0.9997739602169982,0.5795745849609375,0.01352687499820604
U-Net,291214_sat_48.jpg,0.23152361525184373,0.37599541313626805,0.23181461115475255,0.9946073474890462,0.5516204833984375,0.01352687499820604
U-Net,291214_sat_52.jpg,0.002151529122483479,0.004293819966262843,0.002151529122483479,1.0,0.3064727783203125,0.01352687499820604
U-Net,291214_sat_53.jpg,0.4239887618827695,0.595494533709915,0.4358396138705913,0.9397338565213682,0.5432586669921875,0.01352687499820604
U-Net,291214_sat_54.jpg,0.754822663907873,0.8602836963900766,0.7659971579460858,0.9810398218069213,0.8209991455078125,0.01352687499820604
U-Net,291214_sat_55.jpg,0.6574093744568261,0.7932975215278668,0.6587707075398669,0.9968664890034263,0.7293243408203125,0.01352687499820604
U-Net,291214_sat_56.jpg,0.8908472773546562,0.942273115363367,0.9601834223832627,0.9250187354553702,0.9123077392578125,0.01352687499820604
U-Net,291214_sat_57.jpg,0.9180552605665077,0.9572771748978236,0.9233144321889079,0.9938338698214958,0.93524169921875,0.013523687499400694
U-Net,291214_sat_58.jpg,0.6761839976467128,0.8068135701045288,0.7262979126760007,0.9074064936346591,0.7312469482421875,0.013523687499400694
U-Net,291214_sat_60.jpg,0.9457412666528133,0.9721141067021075,0.9490280577373091,0.9963513414901122,0.964141845703125,0.013523687499400694
U-Net,291214_sat_61.jpg,0.4444600991884581,0.6153996215446441,0.44666270212103193,0.9890268372209682,0.6991729736328125,0.013523687499400694
U-Net,291214_sat_62.jpg,0.7980888046791333,0.8877078847299217,0.7995246426567194,0.9977548456198891,0.8130035400390625,0.013523687499400694
U-Net,291214_sat_68.jpg,0.8013916015625,0.8897472385986311,0.9855877495871491,0.8108942687747036,0.8013916015625,0.013523687499400694
U-Net,291214_sat_70.jpg,0.6749749027481491,0.8059522583182717,0.6945749196971898,0.9598706223511042,0.6838226318359375,0.013523687499400694
U-Net,291214_sat_71.jpg,0.7063928735180455,0.8279369709997505,0.7063928735180455,1.0,0.726409912109375,0.013523687499400694
U-Net,291214_sat_72.jpg,0.936414684020903,0.967163378534672,0.9535613948107751,0.9811590259828594,0.940216064453125,0.013586049997684313
U-Net,291214_sat_78.jpg,0.46419790255406695,0.6340644276901988,0.5732906424292502,0.7092512139023767,0.511199951171875,0.013586049997684313
U-Net,291214_sat_80.jpg,0.4084346443541523,0.5799838082532298,0.4155895089468094,0.9595532749773619,0.4379425048828125,0.013586049997684313
U-Net,291214_sat_88.jpg,0.7913741683872448,0.8835386625003202,0.9221556886227545,0.8480259599783667,0.861236572265625,0.013586049997684313
U-Net,296279_sat_02.jpg,0.7945113056163384,0.8854904431415187,0.8492213538113708,0.9249957540760869,0.8280487060546875,0.013586049997684313
U-Net,296279_sat_04.jpg,0.5425146501494231,0.7034158801627847,0.5794297533924145,0.894907879155077,0.581878662109375,0.013586049997684313
U-Net,296279_sat_05.jpg,0.409799257920274,0.5813583112886681,0.42634016945126296,0.9135137427892772,0.526702880859375,0.013586049997684313
U-Net,296279_sat_06.jpg,0.9049090011623648,0.9500810806292526,0.9396193971859862,0.9607783469425707,0.90887451171875,0.013586049997684313
U-Net,296279_sat_12.jpg,0.5404764164373161,0.7017003449975358,0.6092081898119424,0.827304686365089,0.630584716796875,0.013523199999326607
U-Net,296279_sat_13.jpg,0.8037515095434513,0.8911998191445887,0.9798665417487238,0.8172481979970657,0.8090667724609375,0.013523199999326607
U-Net,296279_sat_14.jpg,0.878387451171875,0.9352569413981902,0.9588899623546657,0.91276082958077,0.878387451171875,0.013523199999326607
U-Net,296279_sat_15.jpg,0.1819121871153057,0.30782690812131985,0.18266473283449253,0.9778542438680078,0.239471435546875,0.013523199999326607
U-Net,296279_sat_16.jpg,0.930816650390625,0.964168866269421,0.9971720474049857,0.9332802961920352,0.930816650390625,0.013523199999326607
U-Net,296279_sat_17.jpg,0.8275367025003846,0.9056307338377084,0.8839153690282773,0.9284399447768062,0.8460235595703125,0.013523199999326607
U-Net,296279_sat_18.jpg,0.1861307341500492,0.3138452259791172,0.20003844120897601,0.7280517663518713,0.7222442626953125,0.013523199999326607
U-Net,296279_sat_20.jpg,0.4850894632206759,0.6532797858099063,0.598643382883533,0.7188908145580589,0.7984466552734375,0.013523199999326607
U-Net,296279_sat_21.jpg,0.24105472756893742,0.38846752236483856,0.25792497901736716,0.786572159873991,0.424224853515625,0.013488249998772517
U-Net,296279_sat_22.jpg,0.613658494363058,0.7605803786944161,0.6531622829241328,0.9102843936573153,0.727569580078125,0.013488249998772517
U-Net,296279_sat_23.jpg,0.4979492744293833,0.6648413039474492,0.6346014110587629,0.6981073693981744,0.5834808349609375,0.013488249998772517
U-Net,296279_sat_24.jpg,0.4428852941813378,0.613888430310216,0.5368401711420847,0.7167589542300413,0.6074371337890625,0.013488249998772517
U-Net,296279_sat_25.jpg,0.36588305091030443,0.5357457956103322,0.38511825774724845,0.879887645459004,0.4781036376953125,0.013488249998772517
U-Net,296279_sat_27.jpg,0.9047835064447504,0.9500119077926238,0.9980673994443774,0.9063714428983327,0.9071197509765625,0.013488249998772517
U-Net,296279_sat_28.jpg,0.6313043478260869,0.7739872068230277,0.7985125438642434,0.750923508841058,0.8641357421875,0.013488249998772517
U-Net,296279_sat_30.jpg,0.7192337499751604,0.83669105493718,0.8388143410044265,0.8345784910533112,0.7844085693359375,0.013488249998772517
U-Net,296279_sat_31.jpg,0.8500466628533582,0.9189461865165248,0.9369835739173719,0.901590139855674,0.9239959716796875,0.013536237500375137
U-Net,296279_sat_32.jpg,0.6053379549393414,0.754156410588591,0.6237142857142857,0.9535874194605221,0.826263427734375,0.013536237500375137
U-Net,296279_sat_33.jpg,0.458770252964867,0.6289821882951654,0.5288165326031148,0.7759605725765947,0.555023193359375,0.013536237500375137
U-Net,296279_sat_34.jpg,0.6736128338708344,0.8049804832254558,0.8258480504470893,0.7851414912483615,0.6988677978515625,0.013536237500375137
U-Net,296279_sat_35.jpg,0.8328736369467608,0.90881730214002,0.9066755114866281,0.9109692356263374,0.840972900390625,0.013536237500375137
U-Net,296279_sat_37.jpg,0.8051986481645875,0.8920886895004745,0.9620401555609311,0.8316202609017356,0.80914306640625,0.013536237500375137
U-Net,296279_sat_38.jpg,0.7191564770512139,0.836638766338185,0.8204682382435,0.853459516298633,0.7581787109375,0.013536237500375137
U-Net,296279_sat_40.jpg,0.7503608265568346,0.8573784503997184,0.9576341622301593,0.7761251092339062,0.7835845947265625,0.013536237500375137
U-Net,296279_sat_41.jpg,0.8570709511154063,0.9230352244760779,0.9279346049046322,0.9181873085716751,0.8916778564453125,0.013543762503104517
U-Net,296279_sat_43.jpg,0.65100062091035,0.7886134174212399,0.9415367611503834,0.6784244757101141,0.6655120849609375,0.013543762503104517
U-Net,296279_sat_44.jpg,0.6112841670964415,0.7587540169254996,0.7848704773004185,0.7343196292716775,0.7124786376953125,0.013543762503104517
U-Net,296279_sat_45.jpg,0.7601188149769406,0.8637130726733342,0.9826990318733957,0.7704289404046967,0.765869140625,0.013543762503104517
U-Net,296279_sat_46.jpg,0.6274659617059641,0.7710956498877966,0.9977402502733568,0.6283589398298342,0.6280059814453125,0.013543762503104517
U-Net,296279_sat_47.jpg,0.5785920596127224,0.7330482325556217,0.9023161598123617,0.6172555883747219,0.6237640380859375,0.013543762503104517
U-Net,296279_sat_48.jpg,0.6752102592618336,0.8061200145220684,0.9318895843825695,0.7102617533084741,0.7147979736328125,0.013543762503104517
U-Net,296279_sat_51.jpg,0.6766400884187258,0.8071381486015632,0.930113944655453,0.712883639690593,0.6875,0.013543762503104517
U-Net,296279_sat_52.jpg,0.7379777470455117,0.8492372797063052,0.873477055858336,0.8263065282421257,0.7455902099609375,0.013535250000131782
U-Net,296279_sat_53.jpg,0.8983751755211629,0.9464674708196508,0.9995879474633016,0.898707994381242,0.899505615234375,0.013535250000131782
U-Net,296279_sat_54.jpg,0.7418164523747048,0.8517733902023369,0.9733178404665075,0.7572150796839426,0.7597808837890625,0.013535250000131782
U-Net,296279_sat_55.jpg,0.938995361328125,0.9685380172183138,0.9999837501421862,0.9390096894789044,0.938995361328125,0.013535250000131782
U-Net,296279_sat_60.jpg,0.6192429703200518,0.7648549126603962,0.7682828824002143,0.7614573972714648,0.6501922607421875,0.013535250000131782
U-Net,296279_sat_61.jpg,0.5470511906720033,0.7072179562906084,0.6823113745156143,0.7340117704757234,0.621826171875,0.013535250000131782
U-Net,296279_sat_62.jpg,0.751680899739788,0.8582395342113397,0.7717492648640895,0.9665626192989154,0.7830352783203125,0.013535250000131782
U-Net,296279_sat_65.jpg,0.8813020026884008,0.9369064631080078,0.9573760189275614,0.9172938988754096,0.8935546875,0.013535250000131782
U-Net,296279_sat_67.jpg,0.7450705527142769,0.8539145326306683,0.9973194218199064,0.7465656160281542,0.7474822998046875,0.013732200000958983
U-Net,296279_sat_68.jpg,0.7900606596739542,0.8827194267459715,0.9879894117182253,0.7977223427331888,0.797210693359375,0.013732200000958983
U-Net,296279_sat_70.jpg,0.8783462173195518,0.9352335679340036,0.915331559224461,0.9560202692482227,0.8931427001953125,0.013732200000958983
U-Net,296279_sat_71.jpg,0.706257846245505,0.8278442180348926,0.87867637326274,0.7825717923327203,0.7893524169921875,0.013732200000958983
U-Net,296279_sat_72.jpg,0.8825730386841583,0.9376242202013483,0.9997750981782952,0.8827482968258332,0.8826751708984375,0.013732200000958983
U-Net,296279_sat_80.jpg,0.7649790610894751,0.8668420809675483,0.864933581443337,0.8687590214293646,0.7799224853515625,0.013732200000958983
U-Net,296279_sat_81.jpg,0.3407777451268489,0.5083284628872005,0.370145760187254,0.8111447889951038,0.5892333984375,0.013732200000958983
U-Net,296279_sat_82.jpg,0.5858098847053133,0.7388147726348329,0.7133544092524594,0.7661598160997111,0.608062744140625,0.013732200000958983
U-Net,296279_sat_83.jpg,0.7445752681543583,0.8535891592021342,0.8462629836576694,0.861043289194632,0.747100830078125,0.013792500001727603
U-Net,296279_sat_84.jpg,0.613742731527443,0.7606450762402777,0.8899514151307164,0.6641471790051221,0.66754150390625,0.013792500001727603
U-Net,296279_sat_85.jpg,0.8415249109123916,0.9139435539815254,0.9580893328740383,0.8736867823112632,0.85614013671875,0.013792500001727603
U-Net,296279_sat_86.jpg,0.9307103223735498,0.9641118210103793,0.9998522094684468,0.9308383782792148,0.9308319091796875,0.013792500001727603
U-Net,296279_sat_87.jpg,0.8529205322265625,0.9206228949297143,0.9914331323164243,0.8592532242940372,0.8529205322265625,0.013792500001727603
U-Net,299287_sat_13.jpg,0.14724153653254302,0.25668794555254726,0.15440934763768938,0.7603001765744556,0.5433807373046875,0.013792500001727603
U-Net,299287_sat_14.jpg,0.6615549789746802,0.7963082622555354,0.7161314066555612,0.896701430996847,0.711395263671875,0.013792500001727603
U-Net,299287_sat_15.jpg,0.8682638148881108,0.9294873753577576,0.9244499371935654,0.9345800135182188,0.8943634033203125,0.013792500001727603
U-Net,299287_sat_16.jpg,0.7783716786737935,0.8753757024001394,0.828177372383098,0.9282788778369723,0.8690338134765625,0.013726200002565747
U-Net,299287_sat_17.jpg,0.2682632847709884,0.423040370232635,0.3007814795228862,0.7127541074909496,0.7869415283203125,0.013726200002565747
U-Net,299287_sat_20.jpg,0.002844972327591568,0.005673802843102299,0.00289031035299692,0.1535234899328859,0.0212860107421875,0.013726200002565747
U-Net,299287_sat_21.jpg,0.23361461836177908,0.3787481355757856,0.24238035679020473,0.8659454374412041,0.4470672607421875,0.013726200002565747
U-Net,299287_sat_22.jpg,0.6478353087960075,0.7862864757635871,0.8608375609270864,0.7236189308211161,0.7846527099609375,0.013726200002565747
U-Net,299287_sat_23.jpg,0.5582801552947476,0.7165337418920661,0.9972896488500936,0.5591284916201117,0.6979217529296875,0.013726200002565747
U-Net,299287_sat_27.jpg,0.96118590883094,0.9802088669950739,0.9993892639022822,0.9617508313355503,0.9616851806640625,0.013726200002565747
U-Net,299287_sat_28.jpg,0.5136210023079459,0.6786652689474902,0.5548629816789474,0.8735805411467825,0.6398468017578125,0.013726200002565747
U-Net,299287_sat_30.jpg,0.7447545427165947,0.8537069535947525,0.8979604188101434,0.8136104408861592,0.844818115234375,0.013713575001020217
U-Net,299287_sat_31.jpg,0.5559560734344874,0.7146166693604871,0.7122375557106804,0.7170117303638035,0.838348388671875,0.013713575001020217
U-Net,299287_sat_32.jpg,0.5228513891733224,0.6866742124550335,0.9391802826400172,0.5411750158976896,0.5733795166015625,0.013713575001020217
U-Net,299287_sat_36.jpg,0.6912360453969137,0.8174329624516589,0.9912856445962127,0.6954621116659666,0.6952972412109375,0.013713575001020217
U-Net,299287_sat_37.jpg,0.5829755853459401,0.7365566351657128,0.6712457544881125,0.8159466234149219,0.758392333984375,0.013713575001020217
U-Net,299287_sat_38.jpg,0.18996789030634384,0.3192823803967328,0.1915470773538677,0.9584063047285464,0.572723388671875,0.013713575001020217
U-Net,299287_sat_40.jpg,0.7148463712711227,0.83371476681173,0.9955819881053526,0.7171212337569614,0.7860260009765625,0.013713575001020217
U-Net,299287_sat_41.jpg,0.77953090859872,0.8761083101529903,0.9814494729410619,0.7911883034049652,0.826019287109375,0.013713575001020217
U-Net,299287_sat_42.jpg,0.7712096436855915,0.8708281895765123,0.8358784131890777,0.9088281425050414,0.8163909912109375,0.013623037502838997
U-Net,299287_sat_43.jpg,0.8999408025922233,0.9473356236829806,0.9993599280351521,0.9004598238640792,0.9019927978515625,0.013623037502838997
U-Net,299287_sat_47.jpg,0.678569092930482,0.8085089804028519,0.9697422836982172,0.6932469224473433,0.70001220703125,0.013623037502838997
U-Net,299287_sat_48.jpg,0.7028975265017667,0.825531208499336,0.77656611925149,0.8810866676509671,0.80755615234375,0.013623037502838997
U-Net,299287_sat_58.jpg,0.7758375990687142,0.8737708892700317,0.9862158436714505,0.7843428073965403,0.7855072021484375,0.013623037502838997
U-Net,299287_sat_68.jpg,0.42891857195256144,0.6003401178647443,0.9775680100316974,0.4331820707538433,0.4298248291015625,0.013623037502838997
U-Net,316446_sat_07.jpg,0.8030242919921875,0.8907526044531706,0.8109686565784202,0.9879479622294393,0.8030242919921875,0.013623037502838997
U-Net,316446_sat_08.jpg,0.96923828125,0.9843788742871312,0.9764345994804237,0.9924534787431839,0.96923828125,0.013623037502838997
U-Net,316446_sat_10.jpg,0.299411686938128,0.46084191784306244,0.299411686938128,1.0,0.353118896484375,0.013671824999619275
U-Net,316446_sat_11.jpg,0.3086321462473589,0.4716866342193935,0.3104908892072147,0.9809723100880822,0.31097412109375,0.013671824999619275
U-Net,316446_sat_12.jpg,0.691009521484375,0.8172745483748715,0.6924041343037123,0.9970936633052975,0.691009521484375,0.013671824999619275
U-Net,316446_sat_13.jpg,0.9572906494140625,0.97817935185113,0.9789501607215304,0.9774097558695686,0.9572906494140625,0.013671824999619275
U-Net,316446_sat_16.jpg,0.9497222900390625,0.9742128865132222,0.9500702161436073,0.9996145507106722,0.9497222900390625,0.013671824999619275
U-Net,316446_sat_17.jpg,0.835740237535493,0.9105212387319962,0.859475328508407,0.9680134382459553,0.8358154296875,0.013671824999619275
U-Net,316446_sat_23.jpg,0.06990288254518982,0.1306714538031676,0.07000480866179595,0.9795962665509008,0.083740234375,0.013671824999619275
U-Net,316446_sat_24.jpg,0.2538617855123837,0.40492786118151686,0.2538656643442122,0.9999398170438132,0.254852294921875,0.013671824999619275
U-Net,316446_sat_25.jpg,0.465825141950058,0.635580777841412,0.4670727414640119,0.9942985599791491,0.4659881591796875,0.01371159999689553
U-Net,316446_sat_26.jpg,0.5693942516185585,0.7256229606185022,0.5708779179129791,0.9954563785455034,0.5727386474609375,0.01371159999689553
U-Net,316446_sat_27.jpg,0.9208526611328125,0.9587957262580927,0.9995031385084218,0.9212743870790462,0.9208526611328125,0.01371159999689553
U-Net,316446_sat_37.jpg,0.4687776621682481,0.6383235179056662,0.4697625198418874,0.9955476402493322,0.4780426025390625,0.01371159999689553
U-Net,316446_sat_38.jpg,0.939422607421875,0.9687652436625702,0.9886943953749799,0.9496236426456071,0.939422607421875,0.01371159999689553
U-Net,316446_sat_48.jpg,0.18655821391229474,0.3144526947349324,0.18848549812803903,0.9480387560556337,0.1927642822265625,0.01371159999689553
U-Net,325354_sat_55.jpg,0.2521330050922335,0.40272559555070764,0.26654188948306595,0.82344842777686,0.3232269287109375,0.01371159999689553
U-Net,325354_sat_56.jpg,0.49252574823233136,0.6599896166825301,0.5101153653235245,0.9345708509465172,0.52032470703125,0.01371159999689553
U-Net,325354_sat_57.jpg,0.6645095367847411,0.7984448536934725,0.9270335283461527,0.701183764235495,0.759521484375,0.01377285000125994
U-Net,325354_sat_58.jpg,0.550095184375661,0.7097566522629065,0.7813720580871307,0.6501666666666667,0.9026336669921875,0.01377285000125994
U-Net,325354_sat_62.jpg,0.3534375696589498,0.5222813044092043,0.42025747822794396,0.6897216007954263,0.690185546875,0.01377285000125994
U-Net,325354_sat_63.jpg,0.8000092182890856,0.8888945791616522,0.9345286168093468,0.847509765625,0.867584228515625,0.01377285000125994
U-Net,325354_sat_64.jpg,0.9446802865481561,0.9715533119585238,0.978047384685819,0.9651449095303711,0.961822509765625,0.01377285000125994
U-Net,325354_sat_65.jpg,0.8253420319229795,0.9043149365858737,0.9571748631872773,0.8569878329496876,0.831695556640625,0.01377285000125994
U-Net,325354_sat_67.jpg,0.9319004416665337,0.9647499649232851,0.970380209198074,0.9591846782531633,0.9348297119140625,0.01377285000125994
U-Net,325354_sat_68.jpg,0.0,0.0,0.0,0.0,0.790069580078125,0.01377285000125994
U-Net,325354_sat_72.jpg,0.6059124502558272,0.754602095723591,0.7505457618365766,0.7587025128728377,0.68267822265625,0.013754675001109717
U-Net,325354_sat_75.jpg,0.6252658508769227,0.769432090804783,0.99176200254229,0.6285302638305783,0.6289825439453125,0.013754675001109717
U-Net,325354_sat_76.jpg,0.5989727380482023,0.7491969360019768,0.7044609665427509,0.8,0.7676849365234375,0.013754675001109717
U-Net,325354_sat_77.jpg,0.567568754942448,0.7241388974524257,0.6300414533040721,0.8512783342119136,0.699615478515625,0.013754675001109717
U-Net,325354_sat_82.jpg,0.6591106395292756,0.7945348837209303,0.77128860393715,0.8192259735277192,0.730377197265625,0.013754675001109717
U-Net,325354_sat_85.jpg,0.9033523920474578,0.9492224307194227,0.990686884308913,0.911089467093363,0.9037933349609375,0.013754675001109717
U-Net,325354_sat_86.jpg,0.6588466972045036,0.7943430798214147,0.8668957359319551,0.7329967612878644,0.756805419921875,0.013754675001109717
U-Net,325354_sat_87.jpg,0.07899342509815051,0.14642058655911622,0.08149919476843492,0.7198275862068966,0.7028961181640625,0.013754675001109717
U-Net,331533_sat_06.jpg,0.23249506903353057,0.37727545509101823,0.7887613109269257,0.24793250155361155,0.4774932861328125,0.013707250000152271
U-Net,331533_sat_16.jpg,0.14581495511390172,0.2545174584484398,0.329367637578386,0.20738772648437212,0.497650146484375,0.013707250000152271
U-Net,331533_sat_26.jpg,0.11304248384698953,0.20312339463680262,0.12960959779722686,0.4693175074183976,0.526611328125,0.013707250000152271
U-Net,331533_sat_36.jpg,0.05658909703766124,0.10711656441717791,0.05835366465024565,0.6517357222844344,0.55584716796875,0.013707250000152271
U-Net,331533_sat_46.jpg,0.0006613756613756613,0.0013218770654329147,0.0006613756613756613,1.0,0.72332763671875,0.013707250000152271
U-Net,331533_sat_47.jpg,0.5923926456071076,0.7440283616497801,0.9570634703082559,0.6085661316135575,0.596771240234375,0.013707250000152271
U-Net,331533_sat_57.jpg,0.19646056455786917,0.3284029083406818,1.0,0.19646056455786917,0.3840789794921875,0.013707250000152271
U-Net,331533_sat_67.jpg,0.24578391632887955,0.39458514933017336,0.6804045161737203,0.27786263860601945,0.5400543212890625,0.013707250000152271
U-Net,331533_sat_68.jpg,0.9603125097464367,0.9797545084999244,0.998929388291401,0.9613019044645644,0.9611663818359375,0.013653362500917865
U-Net,331533_sat_77.jpg,0.22871806634744962,0.372287301068745,0.2500313440320963,0.7284931506849315,0.58953857421875,0.013653362500917865
U-Net,331533_sat_78.jpg,0.9101553166069295,0.952964723542657,0.9729246487867178,0.9338073057121844,0.9139404296875,0.013653362500917865
U-Net,331533_sat_88.jpg,0.793719806763285,0.8849986533800162,0.9071834796532494,0.863872969136127,0.804534912109375,0.013653362500917865
U-Net,334677_sat_02.jpg,0.7226181940871326,0.838976618925205,0.7492893689596362,0.9530537323395261,0.799285888671875,0.013653362500917865
U-Net,334677_sat_03.jpg,0.7788077581289219,0.8756514070392046,0.7993705743509048,0.9680264120006205,0.8106689453125,0.013653362500917865
U-Net,334677_sat_04.jpg,0.8724554861413789,0.9318838205753796,0.8985054280061844,0.9678378281580172,0.8794403076171875,0.013653362500917865
U-Net,334677_sat_05.jpg,0.8205513006278893,0.9014316711041207,0.8353498990253754,0.9788665733805252,0.8412628173828125,0.013653362500917865
U-Net,334677_sat_06.jpg,0.7343810169988814,0.8468508474217866,0.7661316549652785,0.9465822066748606,0.7789764404296875,0.013698974998987978
U-Net,334677_sat_07.jpg,0.6341799709724238,0.7761445890137217,0.6453733106860645,0.9733793717977278,0.69232177734375,0.013698974998987978
U-Net,334677_sat_08.jpg,0.7486604968339016,0.8562674094707521,0.8832229856339787,0.8309084498766013,0.81890869140625,0.013698974998987978
U-Net,334677_sat_10.jpg,0.9396742691335683,0.9688990405108696,0.9436489535029452,0.9955375588794314,0.9409942626953125,0.013698974998987978
U-Net,334677_sat_11.jpg,0.9732884571253729,0.9864634373255597,0.9782722352072826,0.9947929697272955,0.973358154296875,0.013698974998987978
U-Net,334677_sat_12.jpg,0.9642153794482695,0.9817817226531532,0.9650993994774079,0.9990509182366061,0.9642333984375,0.013698974998987978
U-Net,334677_sat_13.jpg,0.17315970141121342,0.2952022664994659,0.1744955387783116,0.9576615940937171,0.536895751953125,0.013698974998987978
U-Net,334677_sat_14.jpg,0.7813356568461943,0.8772469734643134,0.8158573107396034,0.9486269669854983,0.816192626953125,0.013698974998987978
U-Net,334677_sat_15.jpg,0.510855491546415,0.6762466621126498,0.5336678885774214,0.9227848959392584,0.6022491455078125,0.01385141250284505
U-Net,334677_sat_16.jpg,0.9110477657935285,0.9534536834721472,0.9724355706132921,0.9351986587371884,0.9119110107421875,0.01385141250284505
U-Net,334677_sat_17.jpg,0.6915563198624247,0.8176568663332113,0.7005801292660406,0.9817152064057808,0.726318359375,0.01385141250284505
U-Net,334677_sat_18.jpg,0.9009923032885949,0.9479178866005253,0.9230844425617882,0.974124443374654,0.904998779296875,0.01385141250284505
U-Net,334677_sat_20.jpg,0.26272189349112424,0.41611996251171507,0.2728613569321534,0.8760852407261247,0.8574066162109375,0.01385141250284505
U-Net,334677_sat_21.jpg,0.016919631749191342,0.03327624174210913,0.017899447222953408,0.2361111111111111,0.9397125244140625,0.01385141250284505
U-Net,334677_sat_22.jpg,0.929888809717136,0.9636708654250706,0.9318498837595484,0.9977419412193518,0.9354400634765625,0.01385141250284505
U-Net,334677_sat_23.jpg,0.7301194360944557,0.844010443282015,0.7413936633857304,0.9795971185782686,0.7438201904296875,0.01385141250284505
U-Net,334677_sat_24.jpg,0.9543359930723078,0.976634515718095,0.966607671464595,0.9868715619802993,0.9549407958984375,0.014301049999630777
U-Net,334677_sat_25.jpg,0.9273316288450238,0.9622958653988761,0.9377709972699534,0.9881379450385813,0.93017578125,0.014301049999630777
U-Net,334677_sat_26.jpg,0.979306592039801,0.9895451224972311,0.9993178068282778,0.9799617281453709,0.9796905517578125,0.014301049999630777
U-Net,334677_sat_27.jpg,0.8284644555855508,0.9061860109500919,0.8483676693213981,0.9724616632400928,0.8371124267578125,0.014301049999630777
U-Net,334677_sat_28.jpg,0.8246214574274524,0.9038822316493992,0.8620939792052873,0.9499280626654114,0.826446533203125,0.014301049999630777
U-Net,334677_sat_30.jpg,0.7729499803072075,0.871936590307274,0.7864298651962749,0.9783055173376404,0.78009033203125,0.014301049999630777
U-Net,334677_sat_31.jpg,0.9544863255230781,0.9767132295158212,0.996514710213699,0.9576833563970311,0.9556884765625,0.014301049999630777
U-Net,334677_sat_33.jpg,0.7972080309784908,0.887162773854789,0.8023120630086293,0.9920832574054952,0.809814453125,0.014301049999630777
U-Net,334677_sat_36.jpg,0.8359244816271839,0.9106305733080069,0.8900676788000732,0.9321660504588035,0.8542633056640625,0.013648224998178193
U-Net,334677_sat_37.jpg,0.9432363825427409,0.9707891340615065,0.9974288902184635,0.9455353721161953,0.943359375,0.013648224998178193
U-Net,334677_sat_38.jpg,0.9607146154556366,0.9799637416711794,0.992291554086271,0.967938481573929,0.9610443115234375,0.013648224998178193
U-Net,334677_sat_40.jpg,0.638070090352248,0.7790510236531313,0.6508125538190945,0.9702283404348301,0.6925506591796875,0.013648224998178193
U-Net,334677_sat_42.jpg,0.9611491192768473,0.9801897365471737,0.9690689472205749,0.9915687276443536,0.961700439453125,0.013648224998178193
U-Net,334677_sat_43.jpg,0.8491446345256609,0.9184188393608074,0.8583133524937676,0.9875762779990499,0.8534698486328125,0.013648224998178193
U-Net,334677_sat_44.jpg,0.938932360127424,0.9685045022052431,0.9426202785152066,0.995850418238478,0.9397430419921875,0.013648224998178193
U-Net,334677_sat_45.jpg,0.8998420720151611,0.9472809190510233,0.9270141871664714,0.9684536152564843,0.903228759765625,0.013648224998178193
U-Net,334677_sat_46.jpg,0.91619873046875,0.9562669214843128,0.9998501323830616,0.9163245684984815,0.91619873046875,0.013712412499444326
U-Net,334677_sat_48.jpg,0.8324252251065861,0.9085502793797948,0.8710983256390822,0.9493673262493899,0.84466552734375,0.013712412499444326
U-Net,334677_sat_50.jpg,0.5383566464326559,0.6999113601921483,0.5409980992794943,0.9910121457489879,0.679718017578125,0.013712412499444326
U-Net,334677_sat_51.jpg,0.9076900183528711,0.9516116451000616,0.9230588156169083,0.9819872998837313,0.9148101806640625,0.013712412499444326
U-Net,334677_sat_52.jpg,0.888824462890625,0.941140355129013,0.9024431809379212,0.9833049173686254,0.888824462890625,0.013712412499444326
U-Net,334677_sat_54.jpg,0.6701383392953243,0.8024944084309489,0.6744297183637059,0.9905942910622367,0.6820068359375,0.013712412499444326
U-Net,334677_sat_55.jpg,0.5257926127445851,0.6892058702509943,0.5308005140754564,0.9823726825453716,0.5850830078125,0.013712412499444326
U-Net,334677_sat_56.jpg,0.6838688524590164,0.8122590443553098,0.6931755869792792,0.9807452686023275,0.70574951171875,0.013712412499444326
U-Net,334677_sat_57.jpg,0.9711099062814654,0.985343235490589,0.9949372311891952,0.9759324989102683,0.9715423583984375,0.013642562502354849
U-Net,334677_sat_58.jpg,0.6177001806140879,0.763676963155936,0.6676036542515812,0.8920498017667107,0.7577667236328125,0.013642562502354849
U-Net,334677_sat_60.jpg,0.5694583377673725,0.7256749976268291,0.6118594068009787,0.89151006264161,0.6913299560546875,0.013642562502354849
U-Net,334677_sat_61.jpg,0.6821558660712448,0.8110495345053278,0.7083511411231729,0.9485763342395193,0.7643280029296875,0.013642562502354849
U-Net,334677_sat_62.jpg,0.9755488486816908,0.9876231097324545,0.9848583271467458,0.9904034591097147,0.97564697265625,0.013642562502354849
U-Net,334677_sat_63.jpg,0.856976,0.9229801569864123,0.8616218650966009,0.9937474488849308,0.8636016845703125,0.013642562502354849
U-Net,334677_sat_64.jpg,0.6924674793979432,0.8182933944991047,0.6986411969834917,0.9873995484231227,0.724395751953125,0.013642562502354849
U-Net,334677_sat_65.jpg,0.15579227696404793,0.2695852534562212,0.15678222529610097,0.9610492845786963,0.40020751953125,0.013642562502354849
U-Net,334677_sat_66.jpg,0.8595070088282758,0.9244461082939115,0.9320751479797547,0.9169409421574088,0.864501953125,0.013549049999710405
U-Net,334677_sat_67.jpg,0.8177315892082259,0.8997275440038057,0.8732538616521155,0.9278565694407278,0.8231048583984375,0.013549049999710405
U-Net,334677_sat_68.jpg,0.8720389068715075,0.9316461358474984,0.9106671375477188,0.9536145108743507,0.878753662109375,0.013549049999710405
U-Net,334677_sat_70.jpg,0.9091572483759011,0.9524173549866687,0.9398873923603445,0.9652859140557088,0.922119140625,0.013549049999710405
U-Net,334677_sat_71.jpg,0.96661376953125,0.9830234939945998,0.9978891654327211,0.9685942325922755,0.96661376953125,0.013549049999710405
U-Net,334677_sat_73.jpg,0.7370888362820832,0.8486484063298516,0.7967106038415568,0.9078301235325712,0.7424163818359375,0.013549049999710405
U-Net,334677_sat_74.jpg,0.87354173943416,0.9325030993950354,0.8873179471714179,0.9825371257955527,0.8895111083984375,0.013549049999710405
U-Net,334677_sat_75.jpg,0.76627607332134,0.8676741817381012,0.8016004882845614,0.9456189123782476,0.7799530029296875,0.013549049999710405
U-Net,334677_sat_76.jpg,0.8600904120467944,0.924783447596371,0.987774932472726,0.8693444065389543,0.8602142333984375,0.013582212501205504
U-Net,334677_sat_78.jpg,0.8223989818644607,0.902545479939942,0.9458777033702931,0.8630095823177857,0.82965087890625,0.013582212501205504
U-Net,334677_sat_84.jpg,0.6480345122540816,0.786433181387372,0.6585038641044536,0.9760537739812352,0.711181640625,0.013582212501205504
U-Net,334677_sat_85.jpg,0.970036525722776,0.9847903965809817,0.9722032636346715,0.9977077363896848,0.970458984375,0.013582212501205504
U-Net,334677_sat_86.jpg,0.8800956625720187,0.9362243422954611,0.8858598805764842,0.9926608397120387,0.8821868896484375,0.013582212501205504
U-Net,334677_sat_87.jpg,0.9489281788200806,0.9737949187995018,0.9684008787921282,0.9792493855171109,0.9489593505859375,0.013582212501205504
U-Net,33573_sat_02.jpg,0.7567729083665339,0.8615489284499377,0.9311274509803922,0.8016459168600971,0.9813690185546875,0.013582212501205504
U-Net,33573_sat_03.jpg,0.5201872598365536,0.6843726080068355,0.8847924146184295,0.557980900409277,0.7294464111328125,0.013582212501205504
U-Net,33573_sat_04.jpg,0.0313230735765947,0.0607434748220406,0.06471910112359551,0.05722801788375559,0.7281951904296875,0.013632375001179753
U-Net,33573_sat_05.jpg,0.1482243448444771,0.2581801117699757,0.2951619196254389,0.22943361892486164,0.7346649169921875,0.013632375001179753
U-Net,33573_sat_06.jpg,0.28459391200319023,0.44308774834437087,0.3504665247994762,0.6022503516174402,0.917877197265625,0.013632375001179753
U-Net,33573_sat_13.jpg,0.47700560257480035,0.6459089955288687,0.8464337084355699,0.5221975727521858,0.6652679443359375,0.013632375001179753
U-Net,33573_sat_14.jpg,0.13272751614954648,0.23435029918002512,0.8656406898057193,0.13551936845342857,0.2092437744140625,0.013632375001179753
U-Net,33573_sat_15.jpg,0.2589794080383447,0.41141166628272124,0.9978239134270422,0.25912575984360203,0.2592620849609375,0.013632375001179753
U-Net,33573_sat_16.jpg,0.47067886677357484,0.6400838108269905,0.9774396813477423,0.4758483668441548,0.48626708984375,0.013632375001179753
U-Net,33573_sat_17.jpg,0.49106644332774985,0.6586781501591462,0.7229757501027538,0.6048830811554333,0.9721832275390625,0.013632375001179753
U-Net,33573_sat_22.jpg,0.5756479103432174,0.7306808920500852,0.724294947121034,0.7371804455075497,0.9445343017578125,0.013682500000868458
U-Net,33573_sat_23.jpg,0.2713615769811621,0.4268834010628321,0.36165254237288136,0.5208237986270023,0.720245361328125,0.013682500000868458
U-Net,33573_sat_24.jpg,0.48312555654496886,0.65149650265678,0.8125655234386701,0.5437189958410583,0.8228607177734375,0.013682500000868458
U-Net,33573_sat_25.jpg,0.5376256152987245,0.6992932609207041,0.9969670457859434,0.5385063717845723,0.5513763427734375,0.013682500000868458
U-Net,33573_sat_26.jpg,0.24926330748813977,0.39905647751605994,0.9128970531955607,0.2553360022264563,0.451873779296875,0.013682500000868458
U-Net,33573_sat_27.jpg,0.016276834347965397,0.03203228450721988,0.09844961240310078,0.01912794638150463,0.7657623291015625,0.013682500000868458
U-Net,33573_sat_33.jpg,0.0,0.0,0.0,0.0,0.9495086669921875,0.013682500000868458
U-Net,33573_sat_34.jpg,0.4501458069457127,0.6208283398671569,0.8413345078176613,0.4919045932983552,0.7151641845703125,0.013682500000868458
U-Net,33573_sat_35.jpg,0.5682493490580487,0.7246925999355412,0.9210545914947493,0.5973434229592658,0.5698699951171875,0.01359843750105938
U-Net,33573_sat_36.jpg,0.26576354679802955,0.41992605565285074,0.413885692366705,0.42614533965244866,0.81805419921875,0.01359843750105938
U-Net,33573_sat_44.jpg,0.49051089871415804,0.6581782114271215,0.8166103829202679,0.5512325168070473,0.7738800048828125,0.01359843750105938
U-Net,33573_sat_46.jpg,0.3184925122724166,0.4831161486438721,0.7375881421787307,0.35919268369599494,0.6652984619140625,0.01359843750105938
U-Net,33573_sat_54.jpg,0.43947191765495636,0.610601585574382,0.6951392166116093,0.5443961932920632,0.8853302001953125,0.01359843750105938
U-Net,33573_sat_56.jpg,0.49978213507625274,0.6664729808251016,0.9682502462130095,0.5081091723475992,0.6846923828125,0.01359843750105938
U-Net,33573_sat_57.jpg,0.46148417566907335,0.6315281182675878,0.5120775856876092,0.8236604980137584,0.8486328125,0.01359843750105938
U-Net,33573_sat_64.jpg,0.28802861350725856,0.44723946422737665,0.3909194745859509,0.5225190839694657,0.9483642578125,0.01359843750105938
U-Net,33573_sat_65.jpg,0.3832842021658444,0.5541655164798763,0.9997211266483407,0.38332518636196994,0.3838958740234375,0.013613425002404256
U-Net,33573_sat_67.jpg,0.6142100759439513,0.7610038929843452,0.8318183464310288,0.7013006839276991,0.7798614501953125,0.013613425002404256
U-Net,33573_sat_74.jpg,0.11530270763614238,0.2067648663393344,0.11944531988654271,0.768762677484787,0.95562744140625,0.013613425002404256
U-Net,33573_sat_75.jpg,0.6129717093650112,0.7600526479244,0.9977092716260288,0.613835606621599,0.7524261474609375,0.013613425002404256
U-Net,33573_sat_77.jpg,0.5213201599011993,0.6853523323257031,0.982362127568362,0.5262458580755225,0.5505218505859375,0.013613425002404256
U-Net,33573_sat_78.jpg,0.10867931617508923,0.19605185122426502,0.11286703736220856,0.7454896907216495,0.710418701171875,0.013613425002404256
U-Net,33573_sat_85.jpg,0.6973183335814389,0.8216706551564281,0.9741532976827094,0.7104630251554612,0.7828216552734375,0.013613425002404256
U-Net,33573_sat_87.jpg,0.06536331466112319,0.12270614871306006,0.9930086788813887,0.06539340826824157,0.101287841796875,0.013613425002404256
U-Net,33573_sat_88.jpg,0.3415654798655416,0.5092043362650849,0.553406691119262,0.4715408656122739,0.853546142578125,0.013728249999985565
U-Net,338661_sat_04.jpg,0.9231633894338112,0.9600467589034076,0.9278926515198415,0.9945093225399775,0.923858642578125,0.013728249999985565
U-Net,338661_sat_05.jpg,0.9745324803149606,0.9871020001246184,0.9746523932570444,0.9998737692501893,0.9747314453125,0.013728249999985565
U-Net,338661_sat_14.jpg,0.9776423702472726,0.9886948064578875,0.9776724575684368,0.9999685227737731,0.9778289794921875,0.013728249999985565
U-Net,338661_sat_15.jpg,0.5536884127200764,0.7127406089754148,0.5571291241803138,0.9889691318523935,0.6008148193359375,0.013728249999985565
U-Net,338661_sat_16.jpg,0.7345200632505128,0.846943288593633,0.7482376957672802,0.9756483041154574,0.7412567138671875,0.013728249999985565
U-Net,338661_sat_25.jpg,0.9762574827023245,0.9879861214920183,0.9802507298643311,0.9958445678033306,0.9766998291015625,0.013728249999985565
U-Net,338661_sat_26.jpg,0.8218058079019493,0.9021881523677516,0.823212770879926,0.9979246129683643,0.8234100341796875,0.013728249999985565
U-Net,338661_sat_75.jpg,0.892763398852399,0.9433438953793064,0.9952365560300097,0.8965945316331535,0.8927764892578125,0.013679550000233576
U-Net,338661_sat_76.jpg,0.9917449951171875,0.9958553906734798,0.995161611367151,0.9965501379944802,0.9917449951171875,0.013679550000233576
U-Net,338661_sat_85.jpg,0.9464519783153977,0.9724894206067459,0.9842151319332256,0.9610398146474523,0.9495086669921875,0.013679550000233576
U-Net,338661_sat_86.jpg,0.3696872037914692,0.5398125977495121,0.39216120015283445,0.8657876043331557,0.4926605224609375,0.013679550000233576
U-Net,338661_sat_87.jpg,0.8381922120698665,0.9119745003445899,0.8629538451505616,0.9668998776099227,0.844085693359375,0.013679550000233576
U-Net,338798_sat_18.jpg,0.06810293611832026,0.1275212974618695,0.2308915509381957,0.08808541616112595,0.5452423095703125,0.013679550000233576
U-Net,338798_sat_28.jpg,0.11845753899480069,0.21182304176028513,0.23836094158674803,0.19060234244283325,0.8447723388671875,0.013679550000233576
U-Net,340898_sat_26.jpg,0.39292023372740864,0.5641676015804107,0.6073144477408176,0.5267448480018218,0.45465087890625,0.013679550000233576
U-Net,340898_sat_27.jpg,0.47482552342971085,0.6439073854994085,0.7165605095541401,0.5846308079464779,0.5177459716796875,0.013936937499238411
U-Net,340898_sat_30.jpg,0.91644287109375,0.9563998853466671,0.9313793905559432,0.9828017869123399,0.91644287109375,0.013936937499238411
U-Net,340898_sat_38.jpg,0.8455719844357976,0.9163251193307359,0.9835258336652305,0.8577202399747395,0.848602294921875,0.013936937499238411
U-Net,340898_sat_40.jpg,0.7234527950813041,0.8395388572823372,0.7529469217297589,0.9486358043026265,0.73919677734375,0.013936937499238411
U-Net,340898_sat_47.jpg,0.8906131901001881,0.9421421523595659,0.8926084714073883,0.9974963976945245,0.896209716796875,0.013936937499238411
U-Net,340898_sat_48.jpg,0.250886855862584,0.40113437068547336,0.2529887978913678,0.9679452548172159,0.510223388671875,0.013936937499238411
U-Net,340898_sat_50.jpg,0.7027448386639581,0.8254258920148715,0.7278940414634544,0.9531386830133065,0.71197509765625,0.013936937499238411
U-Net,340898_sat_53.jpg,0.8504881706607903,0.9192041150493707,0.9604092142326369,0.8813892633415272,0.850921630859375,0.013936937499238411
U-Net,340898_sat_54.jpg,0.5808810269357509,0.7348826597807714,0.6394398224179314,0.8638158857087133,0.6099090576171875,0.013793587499094428
U-Net,340898_sat_55.jpg,0.447611246698539,0.6184136075474312,0.6390539605260017,0.5990648351156651,0.4957733154296875,0.013793587499094428
U-Net,340898_sat_56.jpg,0.911407470703125,0.953650631456261,0.9598727240586884,0.9475086850997002,0.911407470703125,0.013793587499094428
U-Net,340898_sat_57.jpg,0.30461507114476855,0.46698076372439284,0.3048687229161356,0.9972761131802769,0.375091552734375,0.013793587499094428
U-Net,340898_sat_58.jpg,0.4645676338446668,0.6344092592366263,0.4906145441485038,0.8974412171507608,0.5435638427734375,0.013793587499094428
U-Net,340898_sat_60.jpg,0.7874762447738503,0.8811040113973442,0.863468711579737,0.8994746895893028,0.8293609619140625,0.013793587499094428
U-Net,340898_sat_62.jpg,0.9263659789837517,0.9617756844651639,0.947926041716009,0.976036027248045,0.92718505859375,0.013793587499094428
U-Net,340898_sat_63.jpg,0.5099151961624122,0.6754222984951849,0.5171807124239791,0.9731883761801611,0.6508026123046875,0.013793587499094428
U-Net,340898_sat_64.jpg,0.5390478956060909,0.7004952830188679,0.5921842288904396,0.8572954250252561,0.612457275390625,0.013958287498098798
U-Net,340898_sat_65.jpg,0.8616377201565558,0.9256771184074372,0.9190202856956493,0.9324310909632375,0.861907958984375,0.013958287498098798
U-Net,340898_sat_66.jpg,0.590072523865822,0.7421957363695886,0.5901245897010553,0.9998505008222455,0.6455230712890625,0.013958287498098798
U-Net,340898_sat_67.jpg,0.2567259252453795,0.40856310845223154,0.2580456497314269,0.9804678362573099,0.2593231201171875,0.013958287498098798
U-Net,340898_sat_70.jpg,0.6974072995130883,0.8217324147399907,0.7205727431040785,0.9559339436981261,0.778106689453125,0.013958287498098798
U-Net,340898_sat_71.jpg,0.9169692307692308,0.9566864361211207,0.9526420100374005,0.9607653497106565,0.9176483154296875,0.013958287498098798
U-Net,340898_sat_72.jpg,0.3842886226607157,0.5552145937919819,0.39612171596916745,0.92787257172567,0.5200653076171875,0.013958287498098798
U-Net,340898_sat_73.jpg,0.649652715939448,0.7876236127304919,0.6696159776782437,0.956122876913399,0.6998291015625,0.013958287498098798
U-Net,340898_sat_74.jpg,0.6125777762154181,0.7597497438580428,0.6228576534715397,0.9737643541672487,0.663665771484375,0.013907487500546267
U-Net,340898_sat_75.jpg,0.1390686001115449,0.24417949910642153,0.13918892517234643,0.9938222399362295,0.5289154052734375,0.013907487500546267
U-Net,340898_sat_77.jpg,0.5746799431009957,0.7299006323396567,0.5811241377176973,0.9810690132386349,0.5756988525390625,0.013907487500546267
U-Net,340898_sat_80.jpg,0.2149988960576994,0.3539079693904335,0.21687701064093046,0.9612811231764835,0.5117340087890625,0.013907487500546267
U-Net,340898_sat_81.jpg,0.8048092946471679,0.891849678560642,0.857977751950855,0.9285059743059922,0.8087615966796875,0.013907487500546267
U-Net,340898_sat_82.jpg,0.43205326128907756,0.6034038997965206,0.4419026941675713,0.9509429153924567,0.5509185791015625,0.013907487500546267
U-Net,340898_sat_83.jpg,0.3770282230307798,0.5475969435121045,0.38143940147641126,0.9702399028241725,0.5166778564453125,0.013907487500546267
U-Net,340898_sat_85.jpg,0.25989644505467235,0.4125679472702923,0.260482467047998,0.9914179339938158,0.31732177734375,0.013907487500546267
U-Net,340898_sat_86.jpg,0.8067725739748813,0.8930538193857901,0.8499927649243533,0.9407106888022918,0.806793212890625,0.013865824999811593
U-Net,340898_sat_87.jpg,0.9559478759765625,0.9774778640246519,0.9999042374910223,0.9560354036319243,0.9559478759765625,0.013865824999811593
U-Net,34359_sat_40.jpg,0.4195642605633803,0.5911169676769242,0.477161807032912,0.7765784114052953,0.7585296630859375,0.013865824999811593
U-Net,34359_sat_41.jpg,0.4700371405917456,0.6394901565582729,0.5798007875839704,0.7128797468354431,0.6124420166015625,0.013865824999811593
U-Net,34359_sat_42.jpg,0.005228820876906841,0.01040324504891434,0.005255038086973291,0.5117370892018779,0.6835784912109375,0.013865824999811593
U-Net,34359_sat_50.jpg,0.8651561963611397,0.9277037473312228,0.9661491278512555,0.8922009416929232,0.880126953125,0.013865824999811593
U-Net,34359_sat_51.jpg,0.29804349167815336,0.4592195771388722,0.923562412342216,0.30558133648329394,0.4793701171875,0.013865824999811593
U-Net,34359_sat_52.jpg,0.0459547166996158,0.08787133126493349,0.0497235339225895,0.37745098039215685,0.6097259521484375,0.013865824999811593
U-Net,34359_sat_60.jpg,0.632716560193307,0.7750476422170863,0.6455698340059778,0.9694925569954099,0.661376953125,0.013883749998058192
U-Net,34359_sat_61.jpg,0.7747031267022552,0.8730509515039901,0.9701227830832196,0.7936383928571429,0.77911376953125,0.013883749998058192
U-Net,34359_sat_62.jpg,0.5188301003499501,0.683197021484375,0.5554397717404789,0.8872815187665967,0.683197021484375,0.013883749998058192
U-Net,34359_sat_66.jpg,0.004322438765450823,0.008607671398369073,0.011471120949889314,0.00688821752265861,0.799652099609375,0.013883749998058192
U-Net,34359_sat_67.jpg,0.3737016513046142,0.5440797875575196,0.7257584770969661,0.4351491569390402,0.6568145751953125,0.013883749998058192
U-Net,34359_sat_71.jpg,0.06947798625301876,0.1299287823519194,0.07134000953743443,0.7269193391642371,0.235687255859375,0.013883749998058192
U-Net,34359_sat_72.jpg,0.745039107127164,0.8538938801821039,0.8182098944158125,0.8928323188070013,0.778656005859375,0.013883749998058192
U-Net,34359_sat_73.jpg,0.4280880617946264,0.5995261402250834,0.5897451623784845,0.6096370264701221,0.60797119140625,0.013883749998058192
U-Net,34359_sat_74.jpg,0.041376843276759806,0.07946564885496184,0.04184251778608465,0.7880393641180924,0.631988525390625,0.01384972500090953
U-Net,34359_sat_76.jpg,0.4900653594771242,0.6577769979822792,0.6142209600786412,0.7079818708296614,0.8214263916015625,0.01384972500090953
U-Net,34359_sat_77.jpg,0.5350846396898326,0.6971402434173892,0.9518572825024438,0.5499686225290241,0.535247802734375,0.01384972500090953
U-Net,34359_sat_78.jpg,0.4604044604044604,0.6305163711660412,0.6829906542056075,0.585530005608525,0.738616943359375,0.01384972500090953
U-Net,34359_sat_81.jpg,0.05553891575028882,0.10523328874295675,0.058875558478670084,0.4949475691134414,0.326385498046875,0.01384972500090953
U-Net,34359_sat_82.jpg,0.4088961371194679,0.5804489434621757,0.7471660628725021,0.4745592874373724,0.435882568359375,0.01384972500090953
U-Net,34359_sat_83.jpg,0.48750462642614617,0.6554663666457518,0.872803226735811,0.5247886640798226,0.5140380859375,0.01384972500090953
U-Net,34359_sat_84.jpg,0.8253557340095802,0.9043231613780861,0.9089093165774571,0.8997830552729088,0.8486785888671875,0.01384972500090953
U-Net,34359_sat_85.jpg,0.12536335288832515,0.22279622411121025,0.12907438646133754,0.813443072702332,0.7474822998046875,0.013857624999218388
U-Net,34359_sat_86.jpg,0.5310724835264713,0.6937261158312619,0.7482791740035217,0.6465869008921779,0.8740386962890625,0.013857624999218388
U-Net,345134_sat_00.jpg,0.8659121427201227,0.9281381720982831,0.8822868311751771,0.9790164289974516,0.87200927734375,0.013857624999218388
U-Net,345134_sat_05.jpg,0.881484659262437,0.9370096693831018,0.977534227265519,0.8997113295060166,0.8861846923828125,0.013857624999218388
U-Net,345134_sat_06.jpg,0.8423007183206639,0.9144009009435301,0.914599977282193,0.9142019112498817,0.8619842529296875,0.013857624999218388
U-Net,345134_sat_13.jpg,0.925423155564438,0.9612672963758454,0.9803110495887957,0.9429493405181867,0.9259796142578125,0.013857624999218388
U-Net,345134_sat_14.jpg,0.9323438941864042,0.964987543875009,0.9708058420344629,0.9592385714511765,0.9328765869140625,0.013857624999218388
U-Net,345134_sat_15.jpg,0.7165430608712223,0.8348675628417322,0.9143783564697537,0.7680784420536565,0.7276458740234375,0.013857624999218388
U-Net,345134_sat_16.jpg,0.4970916883514465,0.6640764787076325,0.5127361717804326,0.9421691407572168,0.6992034912109375,0.013844474997313228
U-Net,345134_sat_17.jpg,0.8024757997768901,0.8904150611910798,0.8241250600539561,0.9683022145028224,0.832489013671875,0.013844474997313228
U-Net,345134_sat_18.jpg,0.9174395819725669,0.9569423627197166,0.9664734316137134,0.9475974431195291,0.9228515625,0.013844474997313228
U-Net,345134_sat_21.jpg,0.9023662266531278,0.9486777193691872,0.9568962704343003,0.9405991404195266,0.903167724609375,0.013844474997313228
U-Net,345134_sat_23.jpg,0.9381985842026825,0.9681139918783189,0.9710461622507511,0.9651994761554924,0.9392547607421875,0.013844474997313228
U-Net,345134_sat_24.jpg,0.9312029902418848,0.96437608573219,0.9663921655909192,0.9623684002216417,0.9314727783203125,0.013844474997313228
U-Net,345134_sat_27.jpg,0.8485190006031937,0.918052776656677,0.8969862737859516,0.9401326087338856,0.8543853759765625,0.013844474997313228
U-Net,345134_sat_28.jpg,0.9025317756689164,0.9487692002953199,0.9383604338456607,0.95941147549939,0.913177490234375,0.013844474997313228
U-Net,345134_sat_31.jpg,0.9463091433471043,0.9724140140653285,0.9628965736040609,0.9821214768792674,0.94744873046875,0.013879537502361927
U-Net,345134_sat_32.jpg,0.9492807899845611,0.9739805520702635,0.9921238457360131,0.9564889258540492,0.949371337890625,0.013879537502361927
U-Net,345134_sat_34.jpg,0.9896087646484375,0.9947772468958748,0.9997533566616824,0.9898504273504274,0.9896087646484375,0.013879537502361927
U-Net,345134_sat_35.jpg,0.8710216969924341,0.9310653087482141,0.8902540341907653,0.9757981191881338,0.8740997314453125,0.013879537502361927
U-Net,345134_sat_38.jpg,0.7518896865808533,0.8583756070261586,0.9035249406175772,0.8175237702240333,0.760589599609375,0.013879537502361927
U-Net,345134_sat_48.jpg,0.8265958290381413,0.905067027853025,0.9462094256045313,0.8673533914664182,0.833160400390625,0.013879537502361927
U-Net,345134_sat_58.jpg,0.9398193359375,0.9689761500220251,0.9549739518729844,0.9833950696129774,0.9398193359375,0.013879537502361927
U-Net,345134_sat_68.jpg,0.7549897422032793,0.860392199507032,0.7754365332157266,0.9662534855793694,0.764923095703125,0.013879537502361927
U-Net,345134_sat_78.jpg,0.9524871669518455,0.9756654825433092,0.9709400112128574,0.9804371756565498,0.952545166015625,0.013825937501678709
U-Net,345134_sat_80.jpg,0.8730621337890625,0.9322297622054043,0.9992664908573324,0.8736220111765963,0.8730621337890625,0.013825937501678709
U-Net,345134_sat_81.jpg,0.4655914306640625,0.6353632000333164,0.9988542621448213,0.4658402161799057,0.4655914306640625,0.013825937501678709
U-Net,3484_sat_01.jpg,0.9051465001816801,0.9502119654266616,0.9323092103024736,0.9688157406261602,0.9123687744140625,0.013825937501678709
U-Net,3484_sat_02.jpg,0.7555815160955348,0.8607763401109058,0.8991350015446401,0.8255566586299815,0.7988739013671875,0.013825937501678709
U-Net,3484_sat_05.jpg,0.9402610861316797,0.96921088904204,0.9902476807435703,0.9490493141902722,0.945465087890625,0.013825937501678709
U-Net,3484_sat_10.jpg,0.9414228648132874,0.9698277298323947,0.9781552990203491,0.9616407579336891,0.944732666015625,0.013825937501678709
U-Net,3484_sat_11.jpg,0.7846568661125232,0.8793363934678637,0.9323334353637384,0.8320403554778555,0.8086700439453125,0.013825937501678709
U-Net,3484_sat_13.jpg,0.910491943359375,0.9531492101017524,0.9901269393511989,0.9188340185707027,0.910491943359375,0.013670787498995196
U-Net,3484_sat_20.jpg,0.7385753321398285,0.8496328211798498,0.8919041929794618,0.811187001966263,0.7459869384765625,0.013670787498995196
U-Net,3484_sat_21.jpg,0.757430652409732,0.8619750103609125,0.8923231401186673,0.8336232773911857,0.7611541748046875,0.013670787498995196
U-Net,3484_sat_22.jpg,0.6326083291181925,0.7749664360218941,0.7333463636525169,0.8215949357009197,0.6342620849609375,0.013670787498995196
U-Net,3484_sat_23.jpg,0.20500173671413685,0.3402513547791998,0.20573061907417736,0.9830113257828115,0.6507568359375,0.013670787498995196
U-Net,3484_sat_24.jpg,0.7982970795404403,0.8878367079864772,0.9366095910110636,0.843891989012318,0.811676025390625,0.013670787498995196
U-Net,3484_sat_25.jpg,0.39905488132316613,0.5704635131193098,0.4148912412345348,0.9126995824121837,0.5731048583984375,0.013670787498995196
U-Net,3484_sat_26.jpg,0.31377390012994244,0.47766803724584234,0.37272326350606394,0.6648703929512646,0.4359283447265625,0.013670787498995196
U-Net,3484_sat_27.jpg,0.8854775059194949,0.9392607476244297,0.8988286945793075,0.9835016480819132,0.8892974853515625,0.01362283749767812
U-Net,3484_sat_31.jpg,0.6718991893196611,0.803755625472938,0.7633086858677358,0.8487288937485543,0.699249267578125,0.01362283749767812
U-Net,3484_sat_32.jpg,0.18686818533892077,0.3148929049531459,0.19210273790808305,0.872739078007606,0.375274658203125,0.01362283749767812
U-Net,3484_sat_33.jpg,0.5162087757739199,0.6809204431763441,0.5362437259250613,0.9325078656246828,0.8686065673828125,0.01362283749767812
U-Net,3484_sat_34.jpg,0.7075930464083321,0.8287607494029666,0.7191586239103362,0.977777189872748,0.7669525146484375,0.01362283749767812
U-Net,3484_sat_37.jpg,0.5926311613607061,0.7442164585733412,0.6548971614364519,0.8617473861314746,0.6239471435546875,0.01362283749767812
U-Net,3484_sat_41.jpg,0.6973587360276622,0.8216987030799331,0.767126125108274,0.8846304177885869,0.730224609375,0.01362283749767812
U-Net,3484_sat_42.jpg,0.7207294974962493,0.8377022635399092,0.7459315574018431,0.9552215680198327,0.7812957763671875,0.01362283749767812
U-Net,3484_sat_43.jpg,0.4703159233868118,0.6397481193068474,0.473545632449742,0.9857058213597986,0.7712860107421875,0.013781450001260964
U-Net,3484_sat_44.jpg,0.5548514496005744,0.7137034856199416,0.6568483689299756,0.7813337378027201,0.6216278076171875,0.013781450001260964
U-Net,3484_sat_46.jpg,0.03308488689801305,0.06405066479552365,0.03308488689801305,1.0,0.2062225341796875,0.013781450001260964
U-Net,3484_sat_47.jpg,0.931261207411835,0.9644073042401733,0.948931784107946,0.9803959533375285,0.9315643310546875,0.013781450001260964
U-Net,3484_sat_48.jpg,0.8715701633292489,0.9313785616018299,0.9278413500437576,0.9349428462088817,0.8736572265625,0.013781450001260964
U-Net,3484_sat_51.jpg,0.8221798569356862,0.9024135063355659,0.8943758087101406,0.9105969826030462,0.8334808349609375,0.013781450001260964
U-Net,3484_sat_52.jpg,0.7741282776207107,0.872685799990626,0.8163987138263665,0.937309125079706,0.8756561279296875,0.013781450001260964
U-Net,3484_sat_53.jpg,0.5217513462889253,0.6857248361387205,0.5981318445351085,0.8033744321868916,0.688323974609375,0.013781450001260964
U-Net,3484_sat_54.jpg,0.5765365530336958,0.7313963661981433,0.6486355757991051,0.8383651566855088,0.6392974853515625,0.013614575000246987
U-Net,3484_sat_56.jpg,0.04456474374015352,0.08532691536301644,0.04464705487272483,0.9602744673167208,0.1301422119140625,0.013614575000246987
U-Net,3484_sat_57.jpg,0.7125475047309239,0.832149184489781,0.8855221472857671,0.78484436099292,0.71954345703125,0.013614575000246987
U-Net,3484_sat_58.jpg,0.7115931721194879,0.8314980261790983,0.7475622968580715,0.9366661985676169,0.75250244140625,0.013614575000246987
U-Net,3484_sat_61.jpg,0.762962036400025,0.865545622250603,0.9516714124117487,0.7937148248153811,0.7686767578125,0.013614575000246987
U-Net,3484_sat_62.jpg,0.6605581910564211,0.7955857188433539,0.7114771106211905,0.9022464888333388,0.784912109375,0.013614575000246987
U-Net,3484_sat_63.jpg,0.73388671875,0.8465221064488876,0.9976146522577835,0.7351767780987756,0.73388671875,0.013614575000246987
U-Net,3484_sat_64.jpg,0.6096527648324832,0.7574959993262023,0.6588224521563959,0.8909334059783551,0.648529052734375,0.013614575000246987
U-Net,3484_sat_65.jpg,0.3300139972005599,0.49625642721832997,0.3481636183363922,0.8635864162000941,0.488739013671875,0.013708775000850437
U-Net,3484_sat_66.jpg,0.15502526431998642,0.268436144401147,0.16709764525504017,0.6821111630079402,0.3927001953125,0.013708775000850437
U-Net,3484_sat_67.jpg,0.8114646904969486,0.8959210684634822,0.9191370568015649,0.8738489871086557,0.8284149169921875,0.013708775000850437
U-Net,3484_sat_68.jpg,0.7932242802008816,0.8846905420129852,0.9205427082942919,0.851526340423319,0.8046112060546875,0.013708775000850437
U-Net,3484_sat_73.jpg,0.8677260005811552,0.9291791197543501,0.9861132836261883,0.8784603951198365,0.8680267333984375,0.013708775000850437
U-Net,3484_sat_74.jpg,0.8060197400566794,0.8925923921865699,0.8556164525666073,0.9329085527928064,0.818267822265625,0.013708775000850437
U-Net,3484_sat_76.jpg,0.6672042113848264,0.8003869074090545,0.760864969983935,0.8442396097194859,0.726043701171875,0.013708775000850437
U-Net,3484_sat_77.jpg,0.5225813642443157,0.6864412983324305,0.5533969123270855,0.9037045603484831,0.6732025146484375,0.013708775000850437
U-Net,3484_sat_78.jpg,0.6621109720483939,0.7967109094194895,0.7066251113089937,0.9131225260057074,0.6910400390625,0.013520437500119442
U-Net,3484_sat_82.jpg,0.7880300429860335,0.8814505618373314,0.9591222690686086,0.815416449426486,0.794586181640625,0.013520437500119442
U-Net,3484_sat_84.jpg,0.6918793749558085,0.8178826282741112,0.6960256068284876,0.9914635999797355,0.7340240478515625,0.013520437500119442
U-Net,3484_sat_85.jpg,0.6385391856640581,0.7794005675918876,0.708800201435226,0.8656211562115621,0.708221435546875,0.013520437500119442
U-Net,3484_sat_86.jpg,0.9565732087227414,0.9778046683437888,0.9939629359876992,0.9621633477995206,0.95745849609375,0.013520437500119442
U-Net,3484_sat_88.jpg,0.8273738513622441,0.9055332062954337,0.9134303919125761,0.8977714025819543,0.83660888671875,0.013520437500119442
U-Net,351271_sat_10.jpg,0.6018260965222447,0.751425011527632,0.922306247290593,0.633966262188157,0.6133880615234375,0.013520437500119442
U-Net,351271_sat_11.jpg,0.939178466796875,0.9686354122405301,0.9992207539205819,0.9398668458343513,0.939178466796875,0.013520437500119442
U-Net,351271_sat_12.jpg,0.9220531427409643,0.9594460446874644,0.9547692307692308,0.964168901681167,0.9239501953125,0.01357997499871999
U-Net,351271_sat_16.jpg,0.8373254731616506,0.9114612357937755,0.9848012115240754,0.8482876766152734,0.839996337890625,0.01357997499871999
U-Net,351271_sat_17.jpg,0.32678338610542,0.4925949322664421,0.34626011446615357,0.8531485533673717,0.6690826416015625,0.01357997499871999
U-Net,351271_sat_18.jpg,0.871528069144919,0.9313545262969107,0.9346315827364026,0.9281003699533537,0.8831939697265625,0.01357997499871999
U-Net,351271_sat_20.jpg,0.5459544204857877,0.7063007980716942,0.6745837895505208,0.7411474398519432,0.6950836181640625,0.01357997499871999
U-Net,351271_sat_21.jpg,0.4708074033794534,0.6402026564425578,0.6089346183902058,0.6748556581986144,0.59906005859375,0.01357997499871999
U-Net,351271_sat_22.jpg,0.4828019504876219,0.6512022058358524,0.5121660068042099,0.8938541666666666,0.5792083740234375,0.01357997499871999
U-Net,351271_sat_23.jpg,0.9414370935329208,0.9698352799263201,0.9713791245571356,0.9682963348740317,0.9435272216796875,0.01357997499871999
U-Net,351271_sat_25.jpg,0.6319809164895963,0.7744954736958471,0.8895629355830817,0.6857870007830854,0.7198638916015625,0.01333307499953662
U-Net,351271_sat_26.jpg,0.9081732437462541,0.9518771387479129,0.9988377539160754,0.90913397015868,0.911163330078125,0.01333307499953662
U-Net,351271_sat_27.jpg,0.14437269372693726,0.2523176138653769,0.14768973902943633,0.8653764355593364,0.6320343017578125,0.01333307499953662
U-Net,351271_sat_28.jpg,0.8176753331876775,0.8996934911953843,0.9670185670517885,0.8411327479090077,0.8217315673828125,0.01333307499953662
U-Net,351271_sat_30.jpg,0.8199339207048458,0.9010590015128593,0.9256850461479604,0.8777092590913212,0.870269775390625,0.01333307499953662
U-Net,351271_sat_31.jpg,0.00634853899516502,0.012616978609625669,0.0064494084482979545,0.2887189292543021,0.639373779296875,0.01333307499953662
U-Net,351271_sat_32.jpg,0.11289073643884745,0.20287838283224083,0.11289073643884745,1.0,0.335723876953125,0.01333307499953662
U-Net,351271_sat_33.jpg,0.7393780812738325,0.8501637329272879,0.8379502386807465,0.8627385274131993,0.7507476806640625,0.01333307499953662
U-Net,351271_sat_35.jpg,0.7115845099496325,0.831492112499397,0.9737412998282563,0.725506372804876,0.7335052490234375,0.013296237499162089
U-Net,351271_sat_36.jpg,0.7076968136763732,0.8288319191189746,0.9957272372359346,0.709852490954634,0.710662841796875,0.013296237499162089
U-Net,351271_sat_37.jpg,0.5281185066023192,0.6912009825423283,0.7092287958233005,0.6740669447117955,0.5703125,0.013296237499162089
U-Net,351271_sat_38.jpg,0.8920667069565359,0.9429548162088434,0.9228000811030008,0.9640096021463621,0.899169921875,0.013296237499162089
U-Net,351271_sat_40.jpg,0.8697828442369028,0.9303570699857172,1.0,0.8697828442369028,0.8697967529296875,0.013296237499162089
U-Net,351271_sat_41.jpg,0.6215343443354148,0.7666002838689802,0.6303856106255542,0.97790815180777,0.6763153076171875,0.013296237499162089
U-Net,351271_sat_42.jpg,0.6257285050094952,0.7697822890862587,0.644770580296896,0.9549292959576275,0.651153564453125,0.013296237499162089
U-Net,351271_sat_45.jpg,0.8377479364297155,0.9117114701347456,0.9777665941729424,0.8540165465705898,0.8392333984375,0.013296237499162089
U-Net,351271_sat_46.jpg,0.4403052469972004,0.6114054613286516,0.5251932243556944,0.7314804395934136,0.621734619140625,0.013288387497595977
U-Net,351271_sat_47.jpg,0.675530962649524,0.8063485279690733,0.8805634519920235,0.7436710561676969,0.6957855224609375,0.013288387497595977
U-Net,351271_sat_48.jpg,0.8229627185747278,0.9028848590147319,0.8823071662697196,0.9244453229233582,0.8771820068359375,0.013288387497595977
U-Net,351271_sat_50.jpg,0.8875729185080431,0.9404382843229069,0.8992477911326913,0.9855834242093784,0.91265869140625,0.013288387497595977
U-Net,351271_sat_51.jpg,0.5978180776158507,0.7482930453607983,0.607428820997026,0.974216144096064,0.7001800537109375,0.013288387497595977
U-Net,351271_sat_52.jpg,0.43140448361755124,0.6027708988688842,0.4314251497005988,0.9998889752414788,0.456634521484375,0.013288387497595977
U-Net,351271_sat_53.jpg,0.7060147957542618,0.8276772247360482,0.807183133120863,0.8492391023987619,0.74896240234375,0.013288387497595977
U-Net,351271_sat_54.jpg,0.7065765274845038,0.828063103066346,0.930315463778839,0.7460622842347526,0.7370758056640625,0.013288387497595977
U-Net,351271_sat_55.jpg,0.628622668579627,0.7719684623177554,0.8291229066136815,0.722185594198121,0.68402099609375,0.013450487498630537
U-Net,351271_sat_56.jpg,0.6986095877153364,0.8225664010939444,0.9569799814397455,0.7212609702076638,0.7148895263671875,0.013450487498630537
U-Net,351271_sat_57.jpg,0.6359295781580717,0.7774534877889775,0.8203445794352962,0.7388246058826894,0.6614227294921875,0.013450487498630537
U-Net,351271_sat_58.jpg,0.9564923245437412,0.9777624093330369,0.9973964894599815,0.9588864128152956,0.9587860107421875,0.013450487498630537
U-Net,351271_sat_60.jpg,0.8628890333423176,0.9263987472127185,0.9126811108129863,0.9405350292054055,0.8680419921875,0.013450487498630537
U-Net,351271_sat_63.jpg,0.8527684174730269,0.9205342766324888,0.9929446914202408,0.85796709278094,0.8546600341796875,0.013450487498630537
U-Net,351271_sat_64.jpg,0.7576086292244698,0.8620902476551431,0.9960829215379052,0.7598725040991771,0.7579193115234375,0.013450487498630537
U-Net,351271_sat_65.jpg,0.898750232011384,0.9466755730787403,0.9943698126123043,0.9033471697526546,0.900115966796875,0.013450487498630537
U-Net,351271_sat_67.jpg,0.6828876468422638,0.8115665334208381,0.7973738715854469,0.8262735887260063,0.710845947265625,0.013434175001748372
U-Net,351271_sat_68.jpg,0.7706799790139748,0.8704904196670677,0.8275291064904913,0.9181566785362527,0.7799072265625,0.013434175001748372
U-Net,351271_sat_74.jpg,0.9018676603087824,0.9484021198008672,0.9984614864407926,0.903122706141424,0.901947021484375,0.013434175001748372
U-Net,351271_sat_75.jpg,0.8631719532554257,0.926561771979499,0.9743154879680404,0.883270410167928,0.87493896484375,0.013434175001748372
U-Net,351271_sat_76.jpg,0.8703901738519356,0.9307043910088866,0.9429659053293611,0.9187576598077791,0.87054443359375,0.013434175001748372
U-Net,351271_sat_77.jpg,0.7948888202594194,0.8857248552526304,0.9911049500375441,0.8006003297147656,0.7973175048828125,0.013434175001748372
U-Net,351271_sat_78.jpg,0.9000686760778329,0.9474064673659861,0.9524401666612835,0.9424256951102589,0.90008544921875,0.013434175001748372
U-Net,351271_sat_80.jpg,0.7419680513263096,0.8518733173795991,0.8708573831275563,0.8336992717824862,0.758209228515625,0.013434175001748372
U-Net,351271_sat_82.jpg,0.7847546675877616,0.8793978038991994,0.9104272999536002,0.8504137115839243,0.8193359375,0.013431874998786952
U-Net,351271_sat_84.jpg,0.9307426227500918,0.9641291509112385,0.9606793048973143,0.967603863350677,0.9309539794921875,0.013431874998786952
U-Net,351271_sat_85.jpg,0.7364484989922563,0.8482238309050368,0.7806701900371078,0.9285762054437237,0.7725372314453125,0.013431874998786952
U-Net,351271_sat_86.jpg,0.8220398325923755,0.9023291564628282,0.9998019370555963,0.8221737218430868,0.833251953125,0.013431874998786952
U-Net,351271_sat_87.jpg,0.801505935064329,0.8898177013618425,0.9913220834696272,0.807169267406154,0.8053131103515625,0.013431874998786952
U-Net,352808_sat_02.jpg,0.833773133180714,0.9093525454094955,0.9875804682163483,0.8426081274393797,0.8548583984375,0.013431874998786952
U-Net,352808_sat_03.jpg,0.19073061630218688,0.3203589690076177,0.26554796297898103,0.40368178829717294,0.801239013671875,0.013431874998786952
U-Net,352808_sat_04.jpg,0.6768294028105628,0.8072728229551763,0.8970235658733408,0.733848398593537,0.7764739990234375,0.013431874998786952
U-Net,352808_sat_13.jpg,0.8732923925303923,0.9323610088981067,0.9783940324703817,0.8904650085461894,0.8765869140625,0.01345605000096839
U-Net,352808_sat_14.jpg,0.6782884818937037,0.8083097622505925,0.7302771302771303,0.9050135878287292,0.69390869140625,0.01345605000096839
U-Net,352808_sat_15.jpg,0.9799490229396771,0.9898729831788534,0.9835803770776482,0.9962466235316288,0.980194091796875,0.01345605000096839
U-Net,352808_sat_18.jpg,0.9096704484062669,0.952698879710309,0.9125298070669846,0.9965672348484849,0.91070556640625,0.01345605000096839
U-Net,352808_sat_25.jpg,0.8265044423411596,0.9050122443521359,0.8501907947425449,0.967390915913233,0.8265838623046875,0.01345605000096839
U-Net,352808_sat_26.jpg,0.6665847154717552,0.7999409922382098,0.7938334722190942,0.8061432198156576,0.730987548828125,0.01345605000096839
U-Net,352808_sat_27.jpg,0.9198301198701279,0.958241159308775,0.9693043619263824,0.9474276476368593,0.920501708984375,0.01345605000096839
U-Net,352808_sat_28.jpg,0.5448752100323757,0.705397052776783,0.5459715834428384,0.9963280752369891,0.6610870361328125,0.01345605000096839
U-Net,352808_sat_33.jpg,0.9770965576171875,0.9884156176922305,0.9929138497798177,0.9839579587885493,0.9770965576171875,0.013521574997866992
U-Net,352808_sat_34.jpg,0.8722622688778569,0.9317735911012601,0.9029897054845741,0.9624529389817861,0.8731842041015625,0.013521574997866992
U-Net,352808_sat_35.jpg,0.7042205634629948,0.8264429834504647,0.7163203068506933,0.9765757270525707,0.7079620361328125,0.013521574997866992
U-Net,352808_sat_36.jpg,0.4385137834598482,0.6096761650835972,0.4607634613231837,0.900804289544236,0.6783294677734375,0.013521574997866992
U-Net,352808_sat_37.jpg,0.11760540942400963,0.21045962811618993,0.11949640287769785,0.8814009020960467,0.6196746826171875,0.013521574997866992
U-Net,352808_sat_40.jpg,0.4988018742654802,0.6656008146639512,0.4996941989541604,0.9964327093115434,0.498931884765625,0.013521574997866992
U-Net,352808_sat_41.jpg,0.37822242449855337,0.5488554209762828,0.3827201105281337,0.969864954984995,0.4163055419921875,0.013521574997866992
U-Net,352808_sat_42.jpg,0.1486711747130052,0.2588576748261322,0.1487132699930787,0.9980996621621622,0.1739501953125,0.013521574997866992
U-Net,352808_sat_43.jpg,0.018357077043022186,0.03605233853006681,0.01840959573522879,0.8654970760233918,0.1546630859375,0.013527687500754837
U-Net,361129_sat_03.jpg,0.9548187255859375,0.9768872306047099,0.9912871287128713,0.9628997014741637,0.9548187255859375,0.013527687500754837
U-Net,361129_sat_05.jpg,0.937039600153787,0.967496586109435,0.9983942060331973,0.9384539559813329,0.937530517578125,0.013527687500754837
U-Net,361129_sat_06.jpg,0.899238908483386,0.946946594729846,0.9167676003028009,0.9791801423027167,0.91717529296875,0.013527687500754837
U-Net,361129_sat_07.jpg,0.9533298027273931,0.9761073643542211,0.98412861121077,0.9682158164551643,0.95697021484375,0.013527687500754837
U-Net,361129_sat_15.jpg,0.9405695862439548,0.9693747577116908,0.9418854928971158,0.9985168282943525,0.9409332275390625,0.013527687500754837
U-Net,361129_sat_16.jpg,0.7042437388283023,0.8264589422079759,0.75117823479006,0.9185090108968986,0.775299072265625,0.013527687500754837
U-Net,361129_sat_20.jpg,0.9888729637677809,0.994405355980535,0.9980556851765437,0.9907816312034835,0.988983154296875,0.013527687500754837
U-Net,361129_sat_24.jpg,0.9645233154296875,0.981941326788197,0.988227753111125,0.9757343747588102,0.9645233154296875,0.013547800001106225
U-Net,361129_sat_25.jpg,0.44830927427328454,0.6190794773419259,0.4656670432371367,0.9232366834989412,0.5742950439453125,0.013547800001106225
U-Net,361129_sat_26.jpg,0.7868447171343499,0.8807085580399523,0.8042311452127562,0.9732595254570211,0.81976318359375,0.013547800001106225
U-Net,361129_sat_34.jpg,0.917633056640625,0.9570475993443354,0.9925891692937429,0.9239633106457511,0.917633056640625,0.013547800001106225
U-Net,361129_sat_35.jpg,0.767073656751567,0.8681852664383983,0.8092189500640204,0.9364205311926402,0.803802490234375,0.013547800001106225
U-Net,361129_sat_36.jpg,0.8785048777814315,0.9353234992064233,0.970267063751483,0.9028093811251042,0.915435791015625,0.013547800001106225
U-Net,361129_sat_40.jpg,0.9276099934380051,0.9624457194098257,0.9683067412914543,0.9566552225009903,0.9309844970703125,0.013547800001106225
U-Net,361129_sat_41.jpg,0.7097945063047054,0.8302687880764681,0.8035870984311795,0.858783165599268,0.7657623291015625,0.013547800001106225
U-Net,361129_sat_42.jpg,0.9406487772802705,0.969416813895141,0.9719966350664898,0.9668506509180439,0.9421539306640625,0.01346094999826164
U-Net,361129_sat_43.jpg,0.9047243224472401,0.9499792823402669,0.9160753100626519,0.9864892774775395,0.90789794921875,0.01346094999826164
U-Net,361129_sat_46.jpg,0.9414242856230983,0.9698284837525344,0.9901535156424831,0.950321097961726,0.9579925537109375,0.01346094999826164
U-Net,361129_sat_47.jpg,0.8301389422812895,0.9071867966991748,0.8505035728351995,0.9719650205761317,0.905609130859375,0.01346094999826164
U-Net,361129_sat_48.jpg,0.8930273251363132,0.9434912146046366,0.965328559606843,0.922620008393324,0.8955230712890625,0.01346094999826164
U-Net,361129_sat_50.jpg,0.7257058669196149,0.8410539487995135,0.7669731032570442,0.9309755592377796,0.7926177978515625,0.01346094999826164
U-Net,361129_sat_51.jpg,0.8378960810918669,0.9117991922525731,0.9114231762637554,0.9121755186271315,0.87603759765625,0.01346094999826164
U-Net,361129_sat_52.jpg,0.8339950415229113,0.9094845107436923,0.9351659246874939,0.8851759163845134,0.8538970947265625,0.01346094999826164
U-Net,361129_sat_54.jpg,0.9118353883609519,0.9538848312068158,0.9539553685871102,0.953814304257102,0.9143524169921875,0.013445362499624025
U-Net,361129_sat_57.jpg,0.732198593366349,0.8453979770799798,0.8143862247731901,0.878865078175733,0.9018096923828125,0.013445362499624025
U-Net,361129_sat_58.jpg,0.5582631812140009,0.7165197611600796,0.5695076132094127,0.9658410386623868,0.756591796875,0.013445362499624025
U-Net,361129_sat_60.jpg,0.8785376386622492,0.9353420667023489,0.9127337488869101,0.9590988429633095,0.8875579833984375,0.013445362499624025
U-Net,361129_sat_61.jpg,0.7299420849420849,0.8438919329100222,0.748154890282752,0.9677262489762489,0.7865447998046875,0.013445362499624025
U-Net,361129_sat_62.jpg,0.8344052198016102,0.9097283531409168,0.8407154624617557,0.9910848053269213,0.837738037109375,0.013445362499624025
U-Net,361129_sat_64.jpg,0.997100830078125,0.9985483106920737,0.9999540926410504,0.997146475821342,0.997100830078125,0.013445362499624025
U-Net,361129_sat_66.jpg,0.9796905517578125,0.9897410995753078,0.99172085695309,0.9877692307692307,0.9796905517578125,0.013445362499624025
U-Net,361129_sat_67.jpg,0.6728627099355106,0.8044446276902779,0.6904959920726205,0.9634348072982248,0.71051025390625,0.013388225001108367
U-Net,361129_sat_68.jpg,0.6859582712904325,0.8137310192919545,0.6893592471063354,0.9928591830905455,0.7328948974609375,0.013388225001108367
U-Net,361129_sat_70.jpg,0.86289426312906,0.9264017611817396,0.9988946672223531,0.863718977187265,0.8663482666015625,0.013388225001108367
U-Net,361129_sat_72.jpg,0.8187040176440574,0.9003158399623526,0.8585088022091819,0.9464030898609183,0.8319244384765625,0.013388225001108367
U-Net,361129_sat_73.jpg,0.8574032396107395,0.9232278929269313,0.9411283728536386,0.9059956456204991,0.8627166748046875,0.013388225001108367
U-Net,361129_sat_74.jpg,0.9134172790962568,0.9547496921609081,0.984825544227987,0.9264563913463212,0.9153289794921875,0.013388225001108367
U-Net,361129_sat_75.jpg,0.7927554934222317,0.8843989002749313,0.9252379458215668,0.8470126388356951,0.8235626220703125,0.013388225001108367
U-Net,361129_sat_76.jpg,0.9146007695053746,0.9553958026890965,0.9190665045738087,0.9947153857768383,0.934295654296875,0.013388225001108367
U-Net,361129_sat_78.jpg,0.9806976318359375,0.9902547628402166,0.9973774053382992,0.9832331298667524,0.9806976318359375,0.013448312500258908
U-Net,361129_sat_84.jpg,0.8522895125553914,0.9202551834130781,0.9679287144429012,0.8770573525325662,0.85809326171875,0.013448312500258908
U-Net,361129_sat_85.jpg,0.9557501930773011,0.9773745097511286,0.9744447824764223,0.980321906956647,0.9615325927734375,0.013448312500258908
U-Net,361129_sat_86.jpg,0.9460080413555428,0.9722550177095631,0.9998195242001641,0.9461696115268764,0.946929931640625,0.013448312500258908
U-Net,392711_sat_00.jpg,0.9575686480312409,0.9783244628424995,0.9972992958878565,0.960058187220477,0.9580535888671875,0.013448312500258908
U-Net,392711_sat_01.jpg,0.8224938186598229,0.9026025879908296,0.9880254154447703,0.8307753102031139,0.8269195556640625,0.013448312500258908
U-Net,392711_sat_02.jpg,0.8585785394745132,0.9239088058310027,0.9942177553216716,0.8628872670856618,0.863006591796875,0.013448312500258908
U-Net,392711_sat_03.jpg,0.8978541575697087,0.9461782445068941,0.972336688509086,0.9213903914476843,0.900054931640625,0.013448312500258908
U-Net,392711_sat_04.jpg,0.8237383616305454,0.9033514663737924,0.9771676783427076,0.8399042680494615,0.828125,0.013496787498297635
U-Net,392711_sat_07.jpg,0.7306336403403533,0.8443539098161341,0.9102929678517224,0.7873224869724332,0.777313232421875,0.013496787498297635
U-Net,392711_sat_08.jpg,0.8752007769601434,0.9334475408856397,0.9424778761061947,0.9245886113413047,0.898040771484375,0.013496787498297635
U-Net,392711_sat_10.jpg,0.9390501441277573,0.9685671584838463,0.993606367536005,0.9447589212326112,0.939666748046875,0.013496787498297635
U-Net,392711_sat_11.jpg,0.8843172331544424,0.9386075949367089,0.9781067365296887,0.9021748314378897,0.8934326171875,0.013496787498297635
U-Net,392711_sat_12.jpg,0.9420336735188989,0.9701517397604811,0.9741595584545911,0.966176763320284,0.9453125,0.013496787498297635
U-Net,392711_sat_13.jpg,0.8307842391573935,0.9075719807810412,0.91614397199329,0.8991589119541875,0.843841552734375,0.013496787498297635
U-Net,392711_sat_14.jpg,0.783765044711906,0.878776100064783,0.8881144238517324,0.8696321136206726,0.8144073486328125,0.013496787498297635
U-Net,392711_sat_17.jpg,0.8309763351050367,0.9076865923090879,0.9969255878389919,0.8331113014241761,0.8369598388671875,0.013452424998831702
U-Net,392711_sat_20.jpg,0.9583981930836615,0.9787572276857379,1.0,0.9583981930836615,0.958404541015625,0.013452424998831702
U-Net,392711_sat_21.jpg,0.6486285762511604,0.7868704759759606,0.8457796852646638,0.7356330640529882,0.6823577880859375,0.013452424998831702
U-Net,392711_sat_22.jpg,0.8971351342332271,0.9457788409952419,0.9444912872400225,0.947069909992426,0.9059295654296875,0.013452424998831702
U-Net,392711_sat_30.jpg,0.8001516156543164,0.8889824709164605,0.8678165841626556,0.9112066329742271,0.806915283203125,0.013452424998831702
U-Net,392711_sat_31.jpg,0.8044373712787868,0.891621271076524,0.9228538698360421,0.8624335084139039,0.808746337890625,0.013452424998831702
U-Net,392711_sat_33.jpg,0.6219014747411359,0.7668794737860322,0.7138822012852837,0.8283765948086229,0.6506500244140625,0.013452424998831702
U-Net,392711_sat_34.jpg,0.44324388979705753,0.6142328305431239,0.4757564086104335,0.8664172706725898,0.5738525390625,0.013452424998831702
U-Net,392711_sat_38.jpg,0.879791259765625,0.9360520804584639,0.9990296981668226,0.880543677458766,0.879791259765625,0.01343946249835426
U-Net,392711_sat_40.jpg,0.49466736034336994,0.6619096308221115,0.5105547538342786,0.9408163265306122,0.7628631591796875,0.01343946249835426
U-Net,392711_sat_41.jpg,0.6390753514497786,0.779799843716166,0.8481956334739688,0.7216114024847101,0.6431121826171875,0.01343946249835426
U-Net,392711_sat_42.jpg,0.7491864910119104,0.8566113388841728,0.9095755902038625,0.8094758580669386,0.757720947265625,0.01343946249835426
U-Net,392711_sat_43.jpg,0.20084483734703654,0.334505893019039,0.2307961767502377,0.6074815595363541,0.439971923828125,0.01343946249835426
U-Net,392711_sat_44.jpg,0.5711677383504009,0.7270614389652384,0.6704717530576587,0.7940843749137765,0.6702880859375,0.01343946249835426
U-Net,392711_sat_50.jpg,0.7383907833817852,0.8495106974110319,0.9889781623403379,0.7445175098483203,0.740478515625,0.01343946249835426
U-Net,392711_sat_52.jpg,0.8021607241345748,0.8902210700655289,0.946230386528894,0.8404718199741654,0.81390380859375,0.01343946249835426
U-Net,392711_sat_53.jpg,0.6561395581519196,0.7923723033149495,0.7563339409948286,0.8320168617500204,0.67486572265625,0.013274375000037253
U-Net,392711_sat_54.jpg,0.7897099677741971,0.8825004967216372,0.9683599498555622,0.8106264543505042,0.855621337890625,0.013274375000037253
U-Net,392711_sat_55.jpg,0.8729192269020222,0.9321482895403979,0.9693567396563488,0.8976907169117647,0.930572509765625,0.013274375000037253
U-Net,392711_sat_56.jpg,0.9918755163866704,0.9959211890770826,1.0,0.9918755163866704,0.9918975830078125,0.013274375000037253
U-Net,392711_sat_60.jpg,0.8528854672654508,0.9206024682401629,0.9978732530292741,0.854438612331094,0.8530426025390625,0.013274375000037253
U-Net,392711_sat_61.jpg,0.8232660751380859,0.9030673979668442,0.9775891081535872,0.8391025325389401,0.8325347900390625,0.013274375000037253
U-Net,392711_sat_62.jpg,0.8755070911628209,0.9336217338639903,0.9757659058849062,0.8949673224297515,0.8829345703125,0.013274375000037253
U-Net,392711_sat_64.jpg,0.9108985181016694,0.9533719446353195,0.9550997471199775,0.9516503821495562,0.9492645263671875,0.013274375000037253
U-Net,392711_sat_65.jpg,0.9323749746912331,0.9650041911148366,0.9658137583892618,0.9641959798994975,0.994903564453125,0.01330188750216621
U-Net,392711_sat_66.jpg,0.7910034400326511,0.8833075608366566,0.982972865268268,0.8019921967368172,0.8906097412109375,0.01330188750216621
U-Net,392711_sat_67.jpg,0.9155387114239307,0.9559072922555116,0.9998200514138817,0.9156895983425154,0.94525146484375,0.01330188750216621
U-Net,392711_sat_70.jpg,0.9260075816454392,0.9615824885323934,0.9905327451645741,0.9342764326521468,0.9288177490234375,0.01330188750216621
U-Net,392711_sat_71.jpg,0.9599151611328125,0.9795476663163222,0.9983495469188898,0.961440885193789,0.9599151611328125,0.01330188750216621
U-Net,392711_sat_72.jpg,0.8734806987975238,0.9324683188443407,0.9851403713993274,0.8851427914538617,0.8808746337890625,0.01330188750216621
U-Net,392711_sat_73.jpg,0.9135471600242068,0.9548206379325924,0.9749773947703493,0.9354804440588538,0.9237060546875,0.01330188750216621
U-Net,392711_sat_74.jpg,0.8932090077410274,0.9435926029179444,0.9143404443425728,0.974778328562452,0.8981170654296875,0.01330188750216621
U-Net,392711_sat_75.jpg,0.9028440609315841,0.9489417230433214,1.0,0.9028440609315841,0.9158172607421875,0.0133045000002312
U-Net,392711_sat_76.jpg,0.7986294392739732,0.8880422190758142,1.0,0.7986294392739732,0.9336395263671875,0.0133045000002312
U-Net,392711_sat_77.jpg,0.9159356392891232,0.9561235988375542,0.9963658838071694,0.9190058146163493,0.9435577392578125,0.0133045000002312
U-Net,392711_sat_80.jpg,0.9557575183817728,0.9773783400025816,0.9686105825351392,0.9863062769681674,0.95721435546875,0.0133045000002312
U-Net,392711_sat_81.jpg,0.8887530562347188,0.9411003236245955,0.999258495650444,0.8893395786051154,0.89447021484375,0.0133045000002312
U-Net,392711_sat_82.jpg,0.9317612942612943,0.9646753944488777,0.9992961435212466,0.9323731997495304,0.9317779541015625,0.0133045000002312
U-Net,392711_sat_84.jpg,0.9329631417994527,0.9653191223614639,0.9945438635622738,0.9377628939364525,0.9364471435546875,0.0133045000002312
U-Net,392711_sat_88.jpg,0.948944091796875,0.973803297684105,0.9995017759277415,0.949393176093428,0.948944091796875,0.0133045000002312
U-Net,400179_sat_00.jpg,0.6440589246990204,0.7834985900118258,0.8812755798090041,0.7052513783503467,0.7821044921875,0.013403300003119512
U-Net,400179_sat_01.jpg,0.8691705115013111,0.9300066592674806,0.995513904993632,0.8725882235329401,0.8797149658203125,0.013403300003119512
U-Net,400179_sat_02.jpg,0.7318360833842602,0.8451562944157461,0.9872220568366575,0.738834618680377,0.7589569091796875,0.013403300003119512
U-Net,400179_sat_03.jpg,0.9029974797576278,0.9490264589027586,0.9745182384599063,0.9248343279756892,0.9171905517578125,0.013403300003119512
U-Net,400179_sat_04.jpg,0.7788547904191617,0.875681134417538,0.7994084431298736,0.9680435389338543,0.9098358154296875,0.013403300003119512
U-Net,400179_sat_11.jpg,0.2673465306938612,0.42189965288734615,0.28738267536003437,0.7931579988135258,0.832275390625,0.013403300003119512
U-Net,400179_sat_12.jpg,0.27609796141743054,0.4327222043529538,0.2800444074382459,0.9514380009429514,0.838531494140625,0.013403300003119512
U-Net,400179_sat_13.jpg,0.7273707238197901,0.8421709524071729,0.8424647473560517,0.8418773622986312,0.8687896728515625,0.013403300003119512
U-Net,400179_sat_14.jpg,0.22985936481326255,0.37379780386217343,0.25407937406702014,0.7068595159673493,0.747650146484375,0.013353737500438001
U-Net,400179_sat_32.jpg,0.1819591339498311,0.30789412040290465,0.21226018991021253,0.560368349249659,0.7745819091796875,0.013353737500438001
U-Net,400179_sat_33.jpg,0.0327614136004496,0.06344430217669654,0.033991905055909995,0.475071907957814,0.553558349609375,0.013353737500438001
U-Net,400179_sat_34.jpg,0.021173515162390095,0.04146898611843261,0.021177315147164394,0.9915966386554622,0.7502899169921875,0.013353737500438001
U-Net,400179_sat_35.jpg,0.24363174433375676,0.39180689210257513,0.26482558139534884,0.752737037802107,0.8273773193359375,0.013353737500438001
U-Net,400179_sat_42.jpg,0.6417154657840392,0.7817621008736408,0.9219264377159114,0.6785927964580591,0.8067474365234375,0.013353737500438001
U-Net,400179_sat_43.jpg,0.6430732002419842,0.7827687776141384,0.8620649705732425,0.7168317213209511,0.684906005859375,0.013353737500438001
U-Net,400179_sat_44.jpg,0.5542132495611198,0.7131752991008398,0.6317771282618427,0.8186501978981848,0.7055206298828125,0.013353737500438001
U-Net,400179_sat_45.jpg,0.7864134070344682,0.8804383172873206,0.8679256280235472,0.893317069268917,0.8148651123046875,0.01336478750090464
U-Net,400179_sat_46.jpg,0.530229280003524,0.6930063186378226,0.8314855110005872,0.5940677129602211,0.6745452880859375,0.01336478750090464
U-Net,400179_sat_47.jpg,0.6161641753230301,0.7625019595547892,0.723852610274421,0.8055113937466879,0.768829345703125,0.01336478750090464
U-Net,400179_sat_48.jpg,0.6540694780848734,0.7908609484072856,0.6954911092294666,0.9165426817928213,0.840911865234375,0.01336478750090464
U-Net,400179_sat_52.jpg,0.18041912246234446,0.3056865464632455,0.1813295304958315,0.9729252501471454,0.8854217529296875,0.01336478750090464
U-Net,400179_sat_53.jpg,0.5620032161727544,0.7195929052563461,0.7826476422035958,0.6659407665505227,0.709075927734375,0.01336478750090464
U-Net,400179_sat_54.jpg,0.889404296875,0.9414653055950382,0.9993142230146757,0.8899474777085623,0.889404296875,0.01336478750090464
U-Net,400179_sat_56.jpg,0.5256805419921875,0.6891095842459519,0.990085067249109,0.5284625178322161,0.5256805419921875,0.01336478750090464
U-Net,400179_sat_57.jpg,0.27218314557480794,0.427899310758166,0.3001555536870428,0.7449394824707847,0.417388916015625,0.013413162501819897
U-Net,400179_sat_58.jpg,0.709049986562752,0.8297592137592138,0.7398047703335028,0.9446172436169975,0.735687255859375,0.013413162501819897
U-Net,400179_sat_63.jpg,0.0024085637823371988,0.004805553083563229,0.0024168643422996018,0.4122137404580153,0.658721923828125,0.013413162501819897
U-Net,400179_sat_64.jpg,0.5539448754155794,0.7129530579615123,0.6332836095387948,0.8155526315789474,0.6192169189453125,0.013413162501819897
U-Net,400179_sat_65.jpg,0.7790228871889995,0.8757873693462357,0.9979184667347419,0.7802908164048705,0.7800445556640625,0.013413162501819897
U-Net,400179_sat_66.jpg,0.6562543904837728,0.7924560312164226,0.9157825944886178,0.6984034688418919,0.66400146484375,0.013413162501819897
U-Net,400179_sat_67.jpg,0.2651397432895549,0.4191469672751746,0.28433811947862214,0.7970309700537497,0.4732208251953125,0.013413162501819897
U-Net,400179_sat_68.jpg,0.6781522720433343,0.8082130368510715,0.7754645560908465,0.8438494663920614,0.7715301513671875,0.013413162501819897
U-Net,400179_sat_75.jpg,0.25996885470246806,0.41265917602996255,0.32396354013525436,0.5682310469314079,0.760711669921875,0.013321900001756148
U-Net,400179_sat_76.jpg,0.24357995418558856,0.3917399172699069,0.7194919278252612,0.2691385435168739,0.712799072265625,0.013321900001756148
U-Net,400179_sat_77.jpg,0.37735164785348385,0.5479379916400618,0.5283737463501333,0.5690067673798619,0.7904205322265625,0.013321900001756148
U-Net,406425_sat_07.jpg,0.892131249897307,0.9429908733294545,0.9659834898946769,0.9210673633140511,0.8998260498046875,0.013321900001756148
U-Net,406425_sat_08.jpg,0.9424265528932726,0.9703600390856627,0.9843104032531346,0.9567995783717904,0.9458465576171875,0.013321900001756148
U-Net,406425_sat_17.jpg,0.9603706082010824,0.9797847449695836,0.995499064946591,0.9645588280458217,0.96044921875,0.013321900001756148
U-Net,406425_sat_18.jpg,0.9458023720489817,0.9721463861235061,0.995893536121673,0.94950536525634,0.9484710693359375,0.013321900001756148
U-Net,406425_sat_20.jpg,0.5387141814489258,0.7002134482723064,0.5575571466106148,0.9409694315882826,0.5563812255859375,0.013321900001756148
U-Net,406425_sat_21.jpg,0.9660168920986596,0.9827147426668016,0.9793230750139604,0.9861299845368071,0.9661102294921875,0.01340139999956591
U-Net,406425_sat_23.jpg,0.9688415974596971,0.9841742461249777,1.0,0.9688415974596971,0.9688568115234375,0.01340139999956591
U-Net,406425_sat_24.jpg,0.7070825332896237,0.8284104833842384,0.7176241325770778,0.9796478934163855,0.71368408203125,0.01340139999956591
U-Net,406425_sat_27.jpg,0.7301524762617706,0.844032518844078,0.795160044623702,0.899306061047217,0.790985107421875,0.01340139999956591
U-Net,406425_sat_28.jpg,0.853017921594975,0.9206796239301825,0.8872600802847346,0.9567152670685546,0.8564605712890625,0.01340139999956591
U-Net,406425_sat_31.jpg,0.27694380597606405,0.43376036546005264,0.2805504705013328,0.9556394267585603,0.303985595703125,0.01340139999956591
U-Net,406425_sat_32.jpg,0.9207224129701767,0.9587251200410424,0.9662616339193382,0.9513052608135409,0.9214324951171875,0.01340139999956591
U-Net,406425_sat_34.jpg,0.9189557609091917,0.9577664890761162,0.9336811930299224,0.9831272998592528,0.9219818115234375,0.01340139999956591
U-Net,406425_sat_42.jpg,0.24784362826933778,0.3972350744188639,0.25237732641532823,0.9324174026823684,0.34002685546875,0.013344299997697817
U-Net,406425_sat_43.jpg,0.9072847682119205,0.9513888888888888,0.9369957135653051,0.9662311492459699,0.90728759765625,0.013344299997697817
U-Net,406425_sat_45.jpg,0.8546097595947044,0.9216060199979383,0.860808447133206,0.991644329420464,0.860748291015625,0.013344299997697817
U-Net,406425_sat_46.jpg,0.9712982177734375,0.9854401622404038,0.9982749157061084,0.9729312505731667,0.9712982177734375,0.013344299997697817
U-Net,406425_sat_50.jpg,0.25241475619690446,0.4030849284519606,0.2587864325890574,0.9111257801248199,0.3138427734375,0.013344299997697817
U-Net,406425_sat_51.jpg,0.017001925519275676,0.03343538511118273,0.017031929738159732,0.9061135371179039,0.26776123046875,0.013344299997697817
U-Net,406425_sat_53.jpg,0.2584070796460177,0.41068917018284107,0.25845495152425846,0.9992837246319141,0.450164794921875,0.013344299997697817
U-Net,406425_sat_54.jpg,0.8847651180898002,0.938859818231892,0.9113253239401182,0.9681099863018275,0.88482666015625,0.013344299997697817
U-Net,406425_sat_55.jpg,0.9190518080995319,0.9578186521287133,0.9464531262638518,0.9694604626499636,0.9213714599609375,0.013271837502543349
U-Net,406425_sat_56.jpg,0.68668430335097,0.8142416479322424,0.7095862948788044,0.955108549000368,0.7289276123046875,0.013271837502543349
U-Net,406425_sat_61.jpg,0.9294418989436172,0.9634308236516405,0.954997221041619,0.972014708084455,0.9323272705078125,0.013271837502543349
U-Net,406425_sat_62.jpg,0.627424341797058,0.7710642217680417,0.6407725184996172,0.9678654879194469,0.6359405517578125,0.013271837502543349
U-Net,406425_sat_63.jpg,0.12236894619028614,0.218054761058116,0.12310592835695831,0.9533594700554279,0.2282562255859375,0.013271837502543349
U-Net,406425_sat_64.jpg,0.10434221146085552,0.1889671704621861,0.10434558016400852,0.9996906897618311,0.153350830078125,0.013271837502543349
U-Net,406425_sat_65.jpg,0.7634977388124276,0.8658902384831877,0.7856230890703222,0.9644256547741803,0.778961181640625,0.013271837502543349
U-Net,406425_sat_73.jpg,0.7893608489110988,0.8822824634745507,0.7906412692527537,0.9979525778020435,0.7916107177734375,0.013271837502543349
U-Net,406425_sat_74.jpg,0.012963248324216041,0.025594706117248855,0.012963248324216041,1.0,0.2180938720703125,0.013465924999763956
U-Net,406425_sat_75.jpg,0.028301575245203263,0.055045282291733576,0.02830204256864979,0.9994169096209913,0.10205078125,0.013465924999763956
U-Net,406425_sat_76.jpg,0.571632068374974,0.7274375216408334,0.5839887502657096,0.9643059643059643,0.59161376953125,0.013465924999763956
U-Net,406425_sat_77.jpg,0.8859929297940957,0.9395506375422357,0.9100942855322673,0.9709775534825237,0.8878021240234375,0.013465924999763956
U-Net,406425_sat_78.jpg,0.8052730233844452,0.8921343342014332,0.834014926085642,0.9589607538194127,0.806610107421875,0.013465924999763956
U-Net,406425_sat_83.jpg,0.8609680741503605,0.9252905368013282,0.8804054498782334,0.9749981777097456,0.8681640625,0.013465924999763956
U-Net,406425_sat_84.jpg,0.6821434775056453,0.8110407781827945,0.7059193615070734,0.9529483135161368,0.7207794189453125,0.013465924999763956
U-Net,417313_sat_03.jpg,0.44396646008020413,0.614926277519693,0.5151874101023776,0.7625547902316844,0.650909423828125,0.013465924999763956
U-Net,417313_sat_04.jpg,0.2722493069496224,0.4279810654444361,0.3216261998870695,0.6394252357431522,0.8838348388671875,0.013399225001194282
U-Net,417313_sat_05.jpg,0.9592402606405102,0.9791961505802435,0.9931103774938999,0.9656664340544313,0.959625244140625,0.013399225001194282
U-Net,417313_sat_13.jpg,0.5899921184579008,0.74213212959838,0.7156689245540164,0.7706275325813164,0.626922607421875,0.013399225001194282
U-Net,417313_sat_14.jpg,0.6327210797150549,0.7750510329975998,0.6960314262691378,0.874310440811782,0.6939697265625,0.013399225001194282
U-Net,417313_sat_15.jpg,0.8694231337825431,0.9301512515503908,0.985448452244466,0.880730184753137,0.8719635009765625,0.013399225001194282
U-Net,417313_sat_18.jpg,0.8737125227434538,0.9326003985543959,0.993594703035319,0.8786615538831167,0.878204345703125,0.013399225001194282
U-Net,417313_sat_26.jpg,0.8356766659033662,0.9104835088069457,0.9840724827871358,0.8471347436512481,0.83575439453125,0.013399225001194282
U-Net,417313_sat_27.jpg,0.9450863955677313,0.9717680383979856,0.9652967751012177,0.978326652830368,0.94525146484375,0.013399225001194282
U-Net,417313_sat_28.jpg,0.9532031454380376,0.9760409690762262,0.9950841794113867,0.9577129427771851,0.9535980224609375,0.013452849998429883
U-Net,417313_sat_30.jpg,0.858004806463159,0.9235765198007541,0.9319115850272132,0.9153892313567181,0.8728790283203125,0.013452849998429883
U-Net,417313_sat_31.jpg,0.779189352692075,0.8758925535532132,0.9329663279455287,0.8253991504321078,0.8050689697265625,0.013452849998429883
U-Net,417313_sat_34.jpg,0.6845934722174555,0.8127699453997229,0.9618342695951974,0.7037095835317775,0.71954345703125,0.013452849998429883
U-Net,417313_sat_35.jpg,0.5827378276572988,0.7363668416516493,0.6991965182457315,0.7777111175472713,0.589263916015625,0.013452849998429883
U-Net,417313_sat_36.jpg,0.10493399697035274,0.1899371315536928,0.11803510138506852,0.48596913209059933,0.3688812255859375,0.013452849998429883
U-Net,417313_sat_37.jpg,0.5123036411513666,0.6775142599819874,0.5150277276980305,0.9897811499495636,0.67218017578125,0.013452849998429883
U-Net,417313_sat_40.jpg,0.692530649014923,0.818337498842914,0.7785557023337737,0.8624036679348356,0.76043701171875,0.013452849998429883
U-Net,417313_sat_41.jpg,0.838012348200399,0.9118680285482286,0.9570303389131097,0.8707760619021189,0.8426666259765625,0.013366537499678088
U-Net,417313_sat_42.jpg,0.8128349744484606,0.8967556185810666,0.9136937599607698,0.880434048872688,0.8166961669921875,0.013366537499678088
U-Net,417313_sat_43.jpg,0.40561374314800314,0.5771340030293006,0.4541344731218149,0.7915094790124636,0.6293792724609375,0.013366537499678088
U-Net,417313_sat_44.jpg,0.7803338171262699,0.8766151714017854,0.9030442998110435,0.8516890420181379,0.81524658203125,0.013366537499678088
U-Net,417313_sat_45.jpg,0.5509275804931935,0.7104491369197251,0.6254541430758165,0.8221775073335111,0.57818603515625,0.013366537499678088
U-Net,417313_sat_46.jpg,0.2095314406424708,0.34646712537075236,0.22120967431845273,0.798750433877126,0.3376617431640625,0.013366537499678088
U-Net,417313_sat_47.jpg,0.6155954334392347,0.7620663201910298,0.6774305088652823,0.8708697584827382,0.6639862060546875,0.013366537499678088
U-Net,417313_sat_52.jpg,0.8369679300291545,0.9112493651599797,0.9273807985527845,0.8956695370023712,0.95733642578125,0.013366537499678088
U-Net,417313_sat_53.jpg,0.931609979066239,0.9645942909412689,0.9921256621602275,0.9385496478600728,0.9456634521484375,0.013483012498909375
U-Net,417313_sat_54.jpg,0.5063137641675695,0.6722553776136705,0.5375135172248064,0.8971494055292938,0.534088134765625,0.013483012498909375
U-Net,417313_sat_55.jpg,0.6042575744192209,0.7533174024601086,0.746404800872886,0.7603592388404766,0.6581878662109375,0.013483012498909375
U-Net,417313_sat_56.jpg,0.8343346374842437,0.9096864011994217,0.9851360754600278,0.8449716502536556,0.8455810546875,0.013483012498909375
U-Net,417313_sat_57.jpg,0.8785386176690525,0.9353426215524595,0.9986815626951634,0.8795587538769462,0.8785552978515625,0.013483012498909375
U-Net,417313_sat_62.jpg,0.5635812602601339,0.7208851558714262,0.9558109651627641,0.5786584838793327,0.68359375,0.013483012498909375
U-Net,417313_sat_63.jpg,0.7751427402225384,0.8733300400680608,0.9140795551163913,0.8360586825843878,0.8239288330078125,0.013483012498909375
U-Net,417313_sat_64.jpg,0.08732532483451827,0.1606240981240981,0.088474913065077,0.8704789833822092,0.43194580078125,0.013483012498909375
U-Net,417313_sat_65.jpg,0.01861241839987855,0.03654465243829737,0.01877086076492023,0.6879910213243546,0.506805419921875,0.013508674997865455
U-Net,417313_sat_66.jpg,0.6800626698882513,0.8095682168016809,0.8157918572528418,0.8034388171539439,0.7413787841796875,0.013508674997865455
U-Net,417313_sat_73.jpg,0.6466448285927415,0.78540899332296,0.9233334105170538,0.6833347613743467,0.667510986328125,0.013508674997865455
U-Net,417313_sat_74.jpg,0.2914142160484705,0.45131021856047604,0.310341726618705,0.8269334451566525,0.4878387451171875,0.013508674997865455
U-Net,417313_sat_75.jpg,0.19148327412317304,0.3214199951973105,0.19148327412317304,1.0,0.482574462890625,0.013508674997865455
U-Net,417313_sat_76.jpg,0.6372506047176091,0.7784399075882721,0.8338431472512533,0.7299403090540566,0.6590423583984375,0.013508674997865455
U-Net,417313_sat_80.jpg,0.8772147820884533,0.9345918117185584,0.9965841161400513,0.8798602883476173,0.87786865234375,0.013508674997865455
U-Net,417313_sat_81.jpg,0.9794467128503923,0.989616650442683,0.9988926666458716,0.9805113288426209,0.9794921875,0.013508674997865455
U-Net,417313_sat_82.jpg,0.8148003323720612,0.897950389183657,0.9604009832539561,0.8431256849026385,0.8265533447265625,0.013471662499796366
U-Net,417313_sat_83.jpg,0.789094434122304,0.8821160236959977,0.9594915820285641,0.816288670131867,0.800811767578125,0.013471662499796366
U-Net,417313_sat_84.jpg,0.6099818511796733,0.7577499718182843,0.7010521924538796,0.8244256084598403,0.7048797607421875,0.013471662499796366
U-Net,417313_sat_85.jpg,0.47204018842670653,0.6413414418137805,0.7283943994420901,0.5728751344851591,0.5365447998046875,0.013471662499796366
U-Net,427037_sat_76.jpg,0.3916229901394688,0.5628291468513613,0.42229033957565015,0.8435706084959816,0.7910003662109375,0.013471662499796366
U-Net,427037_sat_85.jpg,0.44809021267477367,0.6188705769195199,0.5078319470584663,0.7920553004119123,0.6855926513671875,0.013471662499796366
U-Net,427037_sat_86.jpg,0.796862635572313,0.8869488627532253,0.7995173970576789,0.9958503810280972,0.80023193359375,0.013471662499796366
U-Net,427037_sat_87.jpg,0.5133338388817269,0.6784145384088593,0.6570679781279322,0.7011946688764588,0.7062225341796875,0.013471662499796366
U-Net,427037_sat_88.jpg,0.9631666211933595,0.9812377724799282,0.9718351615772309,0.9908241034609323,0.9732208251953125,0.013423424999928102
U-Net,428327_sat_00.jpg,0.6611817501869858,0.7960378208014408,0.7533696651640539,0.8438292848350876,0.737335205078125,0.013423424999928102
U-Net,428327_sat_01.jpg,0.8244568384250396,0.9037833299874072,0.9316689556563129,0.8775184732337462,0.839111328125,0.013423424999928102
U-Net,428327_sat_04.jpg,0.814296777456419,0.8976445172305655,0.9887353674918442,0.821921960246307,0.820709228515625,0.013423424999928102
U-Net,428327_sat_05.jpg,0.3848106621535858,0.5557592422853651,0.5139143946885153,0.6050224513553967,0.64501953125,0.013423424999928102
U-Net,428327_sat_06.jpg,0.13549972549737263,0.23866095685407746,0.16827922077922078,0.4102422035776476,0.49542236328125,0.013423424999928102
U-Net,428327_sat_07.jpg,0.4426115817110021,0.613625437813337,0.5492377673961151,0.6951143612883149,0.82830810546875,0.013423424999928102
U-Net,428327_sat_08.jpg,0.7490728729492561,0.8565370654753595,1.0,0.7490728729492561,0.749114990234375,0.013423424999928102
U-Net,428327_sat_10.jpg,0.3978690496648909,0.5692508175358364,0.4406211936662607,0.803944718383221,0.7326812744140625,0.013482087499141926
U-Net,428327_sat_11.jpg,0.6652989858957921,0.7990144611034116,0.8981839926982029,0.7195663136661624,0.7809295654296875,0.013482087499141926
U-Net,428327_sat_13.jpg,0.8853841349156777,0.9392082160013252,0.9969406055491086,0.8877963235524379,0.88800048828125,0.013482087499141926
U-Net,428327_sat_16.jpg,0.8883378097912343,0.9408674710479316,0.9989703282936624,0.8891519520987352,0.8883514404296875,0.013482087499141926
U-Net,428327_sat_17.jpg,0.6859351988217968,0.81371478488753,0.995413865265595,0.6881098217858352,0.6876220703125,0.013482087499141926
U-Net,428327_sat_20.jpg,0.7916469887681977,0.8837086699902584,0.8367116628325882,0.9362993904364086,0.8451690673828125,0.013482087499141926
U-Net,428327_sat_21.jpg,0.8534805246362207,0.9209490073317407,0.9990170145839291,0.854197866682967,0.85357666015625,0.013482087499141926
U-Net,428327_sat_23.jpg,0.9096077138101071,0.9526644736842105,0.9959763395006535,0.9129626126978122,0.91217041015625,0.013482087499141926
U-Net,428327_sat_24.jpg,0.8614641944736141,0.9255769700337636,0.993241533846543,0.8665436945245866,0.8651275634765625,0.01340806249936577
U-Net,428327_sat_31.jpg,0.8611380104851905,0.9253886661104682,0.9423899141238808,0.9089899719779349,0.8730926513671875,0.01340806249936577
U-Net,428327_sat_32.jpg,0.889007904262392,0.9412431808849696,0.9689223461213317,0.9151015131929131,0.908294677734375,0.01340806249936577
U-Net,428327_sat_33.jpg,0.7602386588410779,0.8637904354874364,0.9822775263951734,0.7708114150447133,0.77435302734375,0.01340806249936577
U-Net,428327_sat_34.jpg,0.6612207290215291,0.7960660705347601,0.6998144800684997,0.9230165950371741,0.7699737548828125,0.01340806249936577
U-Net,428327_sat_40.jpg,0.9772848743987173,0.9885119610758211,0.9947467741112868,0.9823548175881,0.979248046875,0.01340806249936577
U-Net,428327_sat_42.jpg,0.8668849048522304,0.9286966781927534,1.0,0.8668849048522304,0.867218017578125,0.01340806249936577
U-Net,428327_sat_43.jpg,0.8837476892896217,0.9382866870274871,0.996236284766522,0.8867081779813388,0.9059600830078125,0.01340806249936577
U-Net,428327_sat_44.jpg,0.8944189852700491,0.9442673370828257,0.9789517053597019,0.9119566124322069,0.9015655517578125,0.01348191249780939
U-Net,428327_sat_50.jpg,0.8865167857215128,0.9398451075880119,0.958957184134489,0.9214799545664886,0.9144287109375,0.01348191249780939
U-Net,428327_sat_51.jpg,0.9836530976693072,0.991759193001085,0.9837431881668728,0.9999069074660212,0.9836578369140625,0.01348191249780939
U-Net,428327_sat_52.jpg,0.7678202916201495,0.8686632858099703,0.9072049565304287,0.8332629646626893,0.790557861328125,0.01348191249780939
U-Net,428327_sat_53.jpg,0.17482736974262397,0.29762222815923056,0.17773759506461734,0.9143638850889193,0.759307861328125,0.01348191249780939
U-Net,428327_sat_54.jpg,0.8562985002613486,0.9225870732975221,0.9867031134173462,0.8662951513179303,0.945465087890625,0.01348191249780939
U-Net,428327_sat_60.jpg,0.7036021459592949,0.8260169754166375,0.8868471330742975,0.7729960332310456,0.7344512939453125,0.01348191249780939
U-Net,428327_sat_61.jpg,0.93499755859375,0.9664069646405703,0.9995106514859883,0.9354257625255702,0.93499755859375,0.01348191249780939
U-Net,428327_sat_62.jpg,0.8685190934492394,0.9296336296419374,0.9474218948437897,0.9125010193264291,0.870758056640625,0.013489249999111053
U-Net,428327_sat_63.jpg,0.8301219670429479,0.9071766603449193,0.9269918316338543,0.8881908893709327,0.840179443359375,0.013489249999111053
U-Net,428327_sat_64.jpg,0.9723816355810617,0.9859974540825605,0.9998323610272917,0.972540195023318,0.974151611328125,0.013489249999111053
U-Net,428327_sat_67.jpg,0.8879210315579598,0.9406336565096953,0.9758073206652538,0.9079074897229371,0.895355224609375,0.013489249999111053
U-Net,428327_sat_70.jpg,0.8491882972080992,0.9184443774495026,0.9164881711631488,0.9204089524822352,0.8968048095703125,0.013489249999111053
U-Net,428327_sat_76.jpg,0.8711231418608919,0.9311232621435402,0.9883400135339129,0.8801687372519933,0.8714141845703125,0.013489249999111053
U-Net,428327_sat_77.jpg,0.9177503198328772,0.957111371946328,0.9777103029466565,0.9373625101308325,0.9225006103515625,0.013489249999111053
U-Net,428597_sat_04.jpg,0.7864324060517326,0.8804502240192329,0.8412864153701577,0.9234383954154728,0.866455078125,0.013489249999111053
U-Net,428597_sat_05.jpg,0.828142987867875,0.9059936704772977,0.9952110677545228,0.8314563452077529,0.911163330078125,0.01348567500099307
U-Net,428597_sat_13.jpg,0.018853478801799214,0.03700920533533721,0.01931561917835082,0.4407158836689038,0.84356689453125,0.01348567500099307
U-Net,428597_sat_14.jpg,0.5610785757913268,0.7188345090277218,0.8730886422721047,0.6109024762351837,0.6271820068359375,0.01348567500099307
U-Net,428597_sat_15.jpg,0.40792955021127036,0.5794743780327041,0.9934602808232352,0.4090279152643041,0.7712249755859375,0.01348567500099307
U-Net,428597_sat_20.jpg,0.3989966683261211,0.5704040293441367,0.45172339041838283,0.7736689685898864,0.760528564453125,0.01348567500099307
U-Net,428597_sat_21.jpg,0.3491596013684367,0.5175956958899277,0.3928702928870293,0.7583511016346838,0.666168212890625,0.01348567500099307
U-Net,428597_sat_22.jpg,0.5698420926708669,0.7259865120591336,0.7963943379402586,0.6670167331793041,0.6707916259765625,0.01348567500099307
U-Net,428597_sat_23.jpg,0.5702215845687869,0.7262944162436549,0.8021778132163859,0.6635269384558308,0.6297607421875,0.01348567500099307
U-Net,428597_sat_24.jpg,0.6887884821565324,0.8157190665783912,0.9812139989526968,0.6979931397352124,0.6899566650390625,0.013427337500615977
U-Net,428597_sat_25.jpg,0.13999435506632796,0.24560534785838078,1.0,0.13999435506632796,0.81402587890625,0.013427337500615977
U-Net,428597_sat_34.jpg,0.7094264185760418,0.8300169119499119,1.0,0.7094264185760418,0.711669921875,0.013427337500615977
U-Net,428597_sat_35.jpg,0.005810575246949448,0.011554015020219527,1.0,0.005810575246949448,0.947784423828125,0.013427337500615977
U-Net,428597_sat_44.jpg,0.6519276100676754,0.7892931943197772,1.0,0.6519276100676754,0.720611572265625,0.013427337500615977
U-Net,428597_sat_54.jpg,0.4105769873637762,0.5821404872499762,1.0,0.4105769873637762,0.73095703125,0.013427337500615977
U-Net,428597_sat_63.jpg,0.27791495198902605,0.43495062258480033,1.0,0.27791495198902605,0.357421875,0.013427337500615977
U-Net,428597_sat_64.jpg,0.005813953488372093,0.011560693641618497,1.0,0.005813953488372093,0.9504241943359375,0.013427337500615977
U-Net,428597_sat_72.jpg,0.705560461742257,0.8273649367100312,1.0,0.705560461742257,0.7151031494140625,0.013431400002446026
U-Net,428597_sat_73.jpg,0.13104891446507977,0.23172987974098058,1.0,0.13104891446507977,0.7972412109375,0.013431400002446026
U-Net,428597_sat_81.jpg,0.6636420308928448,0.7978183029394621,1.0,0.6636420308928448,0.70361328125,0.013431400002446026
U-Net,428597_sat_82.jpg,0.11388835480356342,0.204487917146145,1.0,0.11388835480356342,0.789031982421875,0.013431400002446026
U-Net,428597_sat_85.jpg,0.04468282142305911,0.08554332569993352,0.052317701274058014,0.23441295546558705,0.8111114501953125,0.013431400002446026
U-Net,434243_sat_30.jpg,0.7543193653574731,0.8599567219663763,0.8143224925130037,0.9110092282372304,0.9229736328125,0.013431400002446026
U-Net,434243_sat_31.jpg,0.43423350017460133,0.6055269244815972,0.47084437712987504,0.8481300443332954,0.8516693115234375,0.013431400002446026
U-Net,434243_sat_40.jpg,0.3042346169658764,0.46653357150362507,0.33595641646489105,0.7631488484015125,0.845062255859375,0.013431400002446026
U-Net,434243_sat_41.jpg,0.69375171569145,0.8191893879891785,0.9407823148731459,0.7254300161187043,0.7787017822265625,0.013415862500551157
U-Net,434243_sat_42.jpg,0.3195633208365754,0.4843470802658852,0.8281192716607602,0.3422647608465074,0.559661865234375,0.013415862500551157
U-Net,434243_sat_43.jpg,0.40168014934660856,0.5731409544950056,0.5145476285372659,0.6467935871743486,0.9706573486328125,0.013415862500551157
U-Net,434243_sat_44.jpg,0.0022271714922048997,0.0044444444444444444,0.0027114967462039045,0.012315270935960592,0.9658203125,0.013415862500551157
U-Net,434243_sat_50.jpg,0.2977314664061652,0.45884911341585816,0.4476905500244818,0.4705781437639389,0.901275634765625,0.013415862500551157
U-Net,434243_sat_51.jpg,0.9081275061495434,0.9518520153635601,0.997317100247937,0.9103514668378119,0.9167938232421875,0.013415862500551157
U-Net,434243_sat_53.jpg,0.5426203830023748,0.7035047494267933,0.9831098091271113,0.5477265192665698,0.7237548828125,0.013415862500551157
U-Net,434243_sat_54.jpg,0.699896683323845,0.8234579079892336,0.9640450743494424,0.7186559570460499,0.7828216552734375,0.013415862500551157
U-Net,434243_sat_55.jpg,0.3806322127446061,0.5513882831806949,0.44670827935461077,0.7201442946648946,0.90582275390625,0.013603312498162268
U-Net,434243_sat_60.jpg,0.7244140191542756,0.8401857223470711,0.9483941622153186,0.754140897135139,0.7536773681640625,0.013603312498162268
U-Net,434243_sat_64.jpg,0.6045302057056666,0.7535292306196211,0.9403721682847896,0.6286270586008275,0.7679595947265625,0.013603312498162268
U-Net,434243_sat_65.jpg,0.6203703703703703,0.7657142857142857,0.7334602570204665,0.8009355509355509,0.9856109619140625,0.013603312498162268
U-Net,434243_sat_70.jpg,0.6191696989745286,0.7647990193574749,0.9695674695674695,0.6314413426667791,0.6486663818359375,0.013603312498162268
U-Net,434243_sat_71.jpg,0.8000763067531477,0.8889359898261976,0.999332825009531,0.8005038937242327,0.80010986328125,0.013603312498162268
U-Net,434243_sat_72.jpg,0.752040554884521,0.85847391236225,0.9976208395037751,0.753391757113523,0.7932586669921875,0.013603312498162268
U-Net,434243_sat_73.jpg,0.5405543797364648,0.7017660484389195,0.7635741151509307,0.6492148743388955,0.7946319580078125,0.013603312498162268
U-Net,434243_sat_74.jpg,0.5725807712146552,0.7282052301483962,0.9999454059070808,0.5725986713559984,0.5827484130859375,0.01325712499965448
U-Net,434243_sat_75.jpg,0.622922415452737,0.7676551996836695,0.9913869408320283,0.6263119408121128,0.73101806640625,0.01325712499965448
U-Net,434243_sat_76.jpg,0.22298237476808905,0.3646534559590405,0.2611352525801195,0.6041470311027333,0.8977508544921875,0.01325712499965448
U-Net,434243_sat_80.jpg,0.46370985751931754,0.6336089835525311,0.5535590509197548,0.7407248858447488,0.8167877197265625,0.01325712499965448
U-Net,434243_sat_81.jpg,0.0845006189328295,0.15583323320917938,0.10102032868603474,0.3406882059364329,0.78558349609375,0.01325712499965448
U-Net,434243_sat_82.jpg,0.5305370223487146,0.6932691135227411,0.8490256103934891,0.5858018649219515,0.846466064453125,0.01325712499965448
U-Net,434243_sat_83.jpg,0.16327005939210434,0.28070877965762336,0.173450451565013,0.7355718782791185,0.8903656005859375,0.01325712499965448
U-Net,434243_sat_84.jpg,0.6841693718456034,0.8124709821742617,0.9386560905042098,0.7161920825478718,0.7966156005859375,0.01325712499965448
U-Net,434243_sat_85.jpg,0.22925148169888848,0.3729936227240519,0.36792682185619646,0.3782019242783956,0.37890625,0.013434000000415836
U-Net,439854_sat_30.jpg,0.010129611838667812,0.020056063538677168,0.010145172180958811,0.8684971098265896,0.103851318359375,0.013434000000415836
U-Net,439854_sat_40.jpg,0.13583628198149156,0.2391828543186209,0.13631630162008979,0.9747314453125,0.2248687744140625,0.013434000000415836
U-Net,439854_sat_50.jpg,0.5653341905264849,0.7223175650898424,0.6514963088402614,0.8104140609571456,0.7111358642578125,0.013434000000415836
U-Net,439854_sat_51.jpg,0.17874325703455315,0.3032776747062461,0.21192739844425237,0.5330434782608696,0.484283447265625,0.013434000000415836
U-Net,439854_sat_52.jpg,0.0848388143660753,0.15640814698476804,0.08601590348231423,0.8611034861377985,0.4836578369140625,0.013434000000415836
U-Net,439854_sat_53.jpg,0.012782417582417582,0.025242179091003784,0.012798845111087637,0.90875,0.14324951171875,0.013434000000415836
U-Net,439854_sat_54.jpg,0.184043321299639,0.3108726141837917,0.18660777471387785,0.9305183743003164,0.4826812744140625,0.013434000000415836
U-Net,439854_sat_62.jpg,0.9228024341287794,0.9598515351858296,0.9835308499439709,0.93728561258171,0.926055908203125,0.013275975001306506
U-Net,439854_sat_63.jpg,0.8406532526134922,0.913429241949696,0.8987124463519314,0.9286360491724762,0.8485870361328125,0.013275975001306506
U-Net,439854_sat_64.jpg,0.913582722715002,0.9548400619115182,0.9598541329011345,0.9498781035478283,0.914520263671875,0.013275975001306506
U-Net,439854_sat_65.jpg,0.0485329542313312,0.09257306417595661,0.04869833973927171,0.9346007604562737,0.632354736328125,0.013275975001306506
U-Net,439854_sat_74.jpg,0.936947392532641,0.9674474341892606,0.9999348109517601,0.9370046272964677,0.9369964599609375,0.013275975001306506
U-Net,439854_sat_75.jpg,0.7822113774460552,0.8777986577181208,0.8653774899871199,0.8905815917055544,0.7916259765625,0.013275975001306506
U-Net,439854_sat_76.jpg,0.7330380511375075,0.845957249070632,0.8130861991960697,0.8815980629539951,0.79766845703125,0.013275975001306506
U-Net,439854_sat_77.jpg,0.3466626028649802,0.5148470034401593,0.3948620031244576,0.7395799466805384,0.67291259765625,0.013275975001306506
U-Net,439854_sat_87.jpg,0.6134060654227552,0.7603864626132127,0.673235136688936,0.8734567901234568,0.6734161376953125,0.013446000000840286
U-Net,443271_sat_47.jpg,0.5003756221241431,0.6670004694101079,0.7167260743829443,0.6237270279761208,0.8376312255859375,0.013446000000840286
U-Net,443271_sat_48.jpg,0.38067342199704457,0.5514315202018272,0.3813846099615778,0.9951253161646355,0.4628143310546875,0.013446000000840286
U-Net,443271_sat_56.jpg,0.538638322321172,0.7001493651979089,0.7921419518377694,0.6273001003680161,0.926483154296875,0.013446000000840286
U-Net,443271_sat_57.jpg,0.47729090036782346,0.64617050067659,0.9520847290011804,0.48903781870616764,0.5012664794921875,0.013446000000840286
U-Net,443271_sat_65.jpg,0.0,0.0,0.0,0.0,0.980377197265625,0.013446000000840286
U-Net,443271_sat_66.jpg,0.798062257348863,0.8876914623919183,0.9045102738380545,0.8714867038894673,0.8222198486328125,0.013446000000840286
U-Net,443271_sat_74.jpg,0.4448063078505314,0.6157314034879582,0.5625406460004335,0.6800314465408805,0.9505767822265625,0.013446000000840286
U-Net,443271_sat_75.jpg,0.8386472471031933,0.9122437688082804,0.94421320222365,0.882368297394664,0.9007720947265625,0.01341558750209515
U-Net,443271_sat_84.jpg,0.5973538021805777,0.7479292331669024,0.635561005518087,0.90856501770501,0.73345947265625,0.01341558750209515
U-Net,443271_sat_87.jpg,0.952911376953125,0.97588798774866,0.953027713343914,0.9998719139261584,0.952911376953125,0.01341558750209515
U-Net,443271_sat_88.jpg,0.4219148096314637,0.5934459740816919,0.4219223799185402,0.9999574757611839,0.5083770751953125,0.01341558750209515
U-Net,454655_sat_01.jpg,0.30045282861376016,0.4620741667870152,0.6468976052477872,0.3593929409415406,0.4884796142578125,0.01341558750209515
U-Net,454655_sat_04.jpg,0.17250213492741248,0.2942461762563729,0.9025051858943673,0.1757777294340678,0.58599853515625,0.01341558750209515
U-Net,454655_sat_11.jpg,0.24555091551557984,0.39428483004074893,0.336325237592397,0.47638040633179607,0.8208160400390625,0.01341558750209515
U-Net,454655_sat_12.jpg,0.9049502800142722,0.9501038315892341,0.9848559031588189,0.9177207224214965,0.9065093994140625,0.01341558750209515
U-Net,454655_sat_14.jpg,0.1973506717746722,0.3296455690498186,0.9095996020890326,0.20129887999119403,0.5460357666015625,0.013391362499532988
U-Net,454655_sat_22.jpg,0.6545981873111782,0.7912473159117136,0.8075134168157424,0.7756235860133451,0.7819366455078125,0.013391362499532988
U-Net,454655_sat_24.jpg,0.2386507010736306,0.385339790897909,0.9762391664232155,0.24004501592318558,0.511993408203125,0.013391362499532988
U-Net,454655_sat_32.jpg,0.40111851499286055,0.5725690021231422,0.5626773493573693,0.5828146611341632,0.7696075439453125,0.013391362499532988
U-Net,454655_sat_34.jpg,0.13214362900984902,0.23343969020153263,0.9935004642525533,0.13225796483421404,0.5710906982421875,0.013391362499532988
U-Net,454655_sat_42.jpg,0.040874906711062635,0.07853951795267773,0.04775638875846804,0.22098075729360644,0.7450714111328125,0.013391362499532988
U-Net,454655_sat_43.jpg,0.6413273355936755,0.7814740200640167,0.9866752743705617,0.6469303443838678,0.6739349365234375,0.013391362499532988
U-Net,454655_sat_44.jpg,0.24355674198366542,0.39170989752370244,0.8692298967902915,0.25282047898660687,0.6367950439453125,0.013391362499532988
U-Net,454655_sat_53.jpg,0.33223691830163765,0.49876551796084434,0.7098737936154417,0.38443807124286367,0.56011962890625,0.013261249998322455
U-Net,454655_sat_54.jpg,0.3941065195960888,0.5653893932154802,0.9037145650048876,0.411380259754707,0.6529998779296875,0.013261249998322455
U-Net,454655_sat_63.jpg,0.3321569936573036,0.49867544927328705,0.43976512185882055,0.5758101851851852,0.5726318359375,0.013261249998322455
U-Net,454655_sat_64.jpg,0.5446775087784144,0.7052313582388658,0.9967448742337772,0.5456480988637152,0.699249267578125,0.013261249998322455
U-Net,454655_sat_73.jpg,0.011306532663316583,0.02236024844720497,0.011977043999001912,0.16802800466744458,0.807861328125,0.013261249998322455
U-Net,454655_sat_74.jpg,0.48629509139601346,0.6543721959537083,0.888976507310662,0.5177389107887788,0.5638885498046875,0.013261249998322455
U-Net,454655_sat_84.jpg,0.621623252539475,0.7666679070690532,0.8659978703132881,0.6877795829345915,0.7129669189453125,0.013261249998322455
U-Net,454655_sat_85.jpg,0.0,0.0,0.0,0.0,0.986541748046875,0.013261249998322455
U-Net,457982_sat_02.jpg,0.30925414364640885,0.47241270176178923,0.4444929722861907,0.5040749245801251,0.6184539794921875,0.013413150001724716
U-Net,457982_sat_03.jpg,0.618564216588602,0.7643369478318639,0.901125743415463,0.6636034803011047,0.6806488037109375,0.013413150001724716
U-Net,457982_sat_04.jpg,0.8892364501953125,0.9413712614991964,0.9312697753204001,0.951694292479791,0.8892364501953125,0.013413150001724716
U-Net,457982_sat_05.jpg,0.27921858694984963,0.4365455439724565,0.27925287003499294,0.9995605120035159,0.2833099365234375,0.013413150001724716
U-Net,457982_sat_10.jpg,0.07849829351535836,0.14556962025316456,0.0821207221773107,0.6402310924369747,0.781646728515625,0.013413150001724716
U-Net,457982_sat_11.jpg,0.4786953291142484,0.6474563349043526,0.5949621043245653,0.7101102242493349,0.689544677734375,0.013413150001724716
U-Net,457982_sat_12.jpg,0.8862420300535068,0.9396906822486263,0.9385189583510052,0.9408653355556311,0.8916473388671875,0.013413150001724716
U-Net,457982_sat_13.jpg,0.7596896857151584,0.8634359704238553,0.7633149713829771,0.9937870827256927,0.7598876953125,0.013413150001724716
U-Net,457982_sat_14.jpg,0.10565110565110565,0.19111111111111112,0.10566239316239316,0.998989898989899,0.10577392578125,0.013327287499123486
U-Net,457982_sat_20.jpg,0.8752698571699971,0.9334868299871063,0.985780976463723,0.8864614308203603,0.889801025390625,0.013327287499123486
U-Net,457982_sat_21.jpg,0.7430031301786043,0.8525551300673445,0.7610926866070447,0.9690026414792283,0.7444305419921875,0.013327287499123486
U-Net,457982_sat_22.jpg,0.31371416980042754,0.477598821740783,0.3138855929557235,0.9982621648460774,0.328887939453125,0.013327287499123486
U-Net,457982_sat_23.jpg,0.002705910277711844,0.0053972161727109174,0.002705910277711844,1.0,0.038330078125,0.013327287499123486
U-Net,457982_sat_30.jpg,0.277257157629419,0.43414461367201335,0.27727507755946224,0.9997669540899558,0.31744384765625,0.013327287499123486
U-Net,463855_sat_08.jpg,0.41764511327931203,0.5892096821230679,0.7860866858610225,0.47119735062269696,0.57012939453125,0.013327287499123486
U-Net,463855_sat_18.jpg,0.10207330176290341,0.1852386798584531,0.14518593988792663,0.25580931484990527,0.65570068359375,0.013327287499123486
U-Net,463855_sat_28.jpg,0.037668798862828715,0.07260273972602739,0.04046144711171431,0.3530717986676536,0.62811279296875,0.013360749999264954
U-Net,463855_sat_37.jpg,0.106637188955266,0.19272294482699992,0.12637975248076708,0.4056907659269864,0.710205078125,0.013360749999264954
U-Net,463855_sat_38.jpg,0.5205815318737482,0.6847137374242046,0.7527338093573676,0.6279680079980005,0.576324462890625,0.013360749999264954
U-Net,463855_sat_47.jpg,0.10780956358321153,0.19463555312611916,0.11500679393223888,0.6327205882352941,0.3480377197265625,0.013360749999264954
U-Net,463855_sat_48.jpg,0.36502012203037776,0.534820133621817,0.4914572864321608,0.5865755710858455,0.402923583984375,0.013360749999264954
U-Net,463855_sat_58.jpg,0.04789456766313083,0.09141104294478528,0.0498169916238474,0.5537949921752738,0.141265869140625,0.013360749999264954
U-Net,491696_sat_03.jpg,0.18989683386695128,0.31918201387227935,0.1921249640080622,0.9424435028248588,0.826263427734375,0.013360749999264954
U-Net,491696_sat_04.jpg,0.5516719823759576,0.7110677883494734,0.5748351177730193,0.9319299025189547,0.583892822265625,0.013360749999264954
U-Net,491696_sat_12.jpg,0.04869449695978744,0.09286688754628727,0.050308821200443436,0.6027830487033523,0.715911865234375,0.013445662498270394
U-Net,491696_sat_13.jpg,0.909861064046086,0.9528034066713982,0.9956033478122682,0.9135316418780985,0.914764404296875,0.013445662498270394
U-Net,491696_sat_22.jpg,0.034741502213551434,0.06715010877447426,0.035405674084270096,0.6493688639551192,0.8037109375,0.013445662498270394
U-Net,491696_sat_23.jpg,0.7839409229124202,0.8788866411927774,0.9188321225057278,0.8422696512233212,0.80267333984375,0.013445662498270394
U-Net,491696_sat_32.jpg,0.35082374883431766,0.5194219440353461,0.5239554317548747,0.514966234714364,0.840667724609375,0.013445662498270394
U-Net,491696_sat_33.jpg,0.8605484051482932,0.9250481231953802,0.949845583693638,0.9015124868097081,0.866912841796875,0.013445662498270394
U-Net,491696_sat_41.jpg,0.2720089077260156,0.4276839667927938,0.397491077052278,0.4628407285172962,0.69073486328125,0.013445662498270394
U-Net,491696_sat_42.jpg,0.7732424214502902,0.8721226292543518,0.9936260483473113,0.7770969982251716,0.774688720703125,0.013445662498270394
U-Net,491696_sat_51.jpg,0.3571210734980177,0.5262921348314606,0.6883174136664217,0.4260118235561619,0.614013671875,0.013363350000872742
U-Net,491696_sat_61.jpg,0.06528223955943094,0.12256327409800753,0.0713703355283788,0.43352380952380953,0.751373291015625,0.013363350000872742
U-Net,491696_sat_62.jpg,0.3986672532055982,0.5700673298697668,0.9079069422284888,0.4154682061295526,0.43682861328125,0.013363350000872742
U-Net,491696_sat_71.jpg,0.007074136955291454,0.014048890137679123,0.0075041272699984994,0.10989010989010989,0.78582763671875,0.013363350000872742
U-Net,491696_sat_72.jpg,0.2137370156123655,0.3521965843721574,0.9813651292303298,0.21460802223367215,0.2284698486328125,0.013363350000872742
U-Net,491696_sat_81.jpg,0.13139339274848777,0.2322682695349573,0.19765250632638776,0.2815831863158702,0.62969970703125,0.013363350000872742
U-Net,495406_sat_00.jpg,0.0,0.0,0.0,0.0,0.9991302490234375,0.013363350000872742
U-Net,496948_sat_07.jpg,0.17762616162804376,0.30166816501847965,0.18240019327172796,0.8715728715728716,0.57330322265625,0.013363350000872742
U-Net,496948_sat_08.jpg,0.7104064386317908,0.8306872829595611,0.8630035197497067,0.8007039314936774,0.7254791259765625,0.01340472499941825
U-Net,496948_sat_18.jpg,0.777648147403146,0.8749179622966031,0.7934650986187222,0.9750069355123452,0.831329345703125,0.01340472499941825
U-Net,496948_sat_28.jpg,0.8168158071690891,0.8991729419635867,0.8510644031258421,0.9530462596940161,0.8919219970703125,0.01340472499941825
U-Net,496948_sat_38.jpg,0.7883485639686684,0.8816497855643763,0.8703249981984579,0.8932731777670944,0.9010467529296875,0.01340472499941825
U-Net,496948_sat_48.jpg,0.46738276133088813,0.6370291019460811,0.4901233550372263,0.9096935393401663,0.689788818359375,0.01340472499941825
U-Net,496948_sat_58.jpg,0.21292702279599407,0.3510961810466761,0.237888734486559,0.6698826069356362,0.439971923828125,0.01340472499941825
U-Net,496948_sat_68.jpg,0.36002816483842276,0.5294422191340363,0.4091559973045822,0.7499035121574682,0.7364959716796875,0.01340472499941825
U-Net,496948_sat_78.jpg,0.44837926249008725,0.6191462058345453,0.4786381312663686,0.876428986630498,0.6603546142578125,0.01340472499941825
U-Net,496948_sat_88.jpg,0.5735982267465726,0.7290275459098498,0.5953983809118023,0.939997309296381,0.762237548828125,0.013474312498146901
U-Net,498049_sat_00.jpg,0.9020344912237633,0.9484943573692999,0.9258571001118128,0.972266322683072,0.9025726318359375,0.013474312498146901
U-Net,498049_sat_01.jpg,0.9857635498046875,0.9928307425137738,0.9865613976146481,0.9991802771591191,0.9857635498046875,0.013474312498146901
U-Net,498049_sat_02.jpg,0.9136146117328554,0.9548574787538233,0.9280886254914492,0.9832163814682588,0.9308624267578125,0.013474312498146901
U-Net,498049_sat_03.jpg,0.005427117188937266,0.01079564514653411,0.005453873174339065,0.5252225519287834,0.5050506591796875,0.013474312498146901
U-Net,498049_sat_04.jpg,0.0022391264339611068,0.004468247895944912,0.0022492682175319673,0.33181818181818185,0.5036468505859375,0.013474312498146901
U-Net,498049_sat_06.jpg,0.04569683509161577,0.08739977698720332,0.04758738327213854,0.5349366265843354,0.475494384765625,0.013474312498146901
U-Net,498049_sat_07.jpg,0.2862796018054783,0.44512810652309764,0.35693636048259647,0.5912021962586989,0.647735595703125,0.013474312498146901
U-Net,498049_sat_08.jpg,0.8446796620755399,0.9158009159434752,0.9034208768414022,0.9285249692852497,0.9279022216796875,0.01343987499785726
U-Net,498049_sat_11.jpg,0.4097720590559894,0.5813309413017884,0.4189034145080232,0.9494908797890265,0.4302520751953125,0.01343987499785726
U-Net,498049_sat_12.jpg,0.22775633495552944,0.37101227413137966,0.2283502986455792,0.9887083849348001,0.297821044921875,0.01343987499785726
U-Net,498049_sat_15.jpg,0.11030687196179625,0.19869618885974386,0.1173054587688734,0.6489857628827013,0.366058349609375,0.01343987499785726
U-Net,498049_sat_16.jpg,0.1858817628988778,0.3134912243603299,0.1970405156945706,0.7664799655320982,0.405548095703125,0.01343987499785726
U-Net,498049_sat_17.jpg,0.06427503736920777,0.12078651685393259,0.06975666280417149,0.4499252615844544,0.86627197265625,0.01343987499785726
U-Net,498049_sat_18.jpg,0.6921494968329266,0.8180713325014989,0.8915339243457069,0.7557937601053956,0.8286895751953125,0.01343987499785726
U-Net,498049_sat_21.jpg,0.04777724783316613,0.09119733785395868,0.04777724783316613,1.0,0.116546630859375,0.01343987499785726
U-Net,498049_sat_22.jpg,0.022428862194197232,0.043873687497560404,0.02242930975994253,0.9991111111111111,0.252471923828125,0.013471637499606004
U-Net,498049_sat_24.jpg,0.03068687847534667,0.05954646191041168,0.031495690063465,0.5444126074498568,0.3589630126953125,0.013471637499606004
U-Net,498049_sat_25.jpg,0.8485640132500085,0.9180791221377571,0.9530905394779741,0.8855488239486814,0.8646697998046875,0.013471637499606004
U-Net,498049_sat_27.jpg,0.9528829638034007,0.9758730875992512,0.9870233742491512,0.9649719136984553,0.954376220703125,0.013471637499606004
U-Net,498049_sat_28.jpg,0.9611129014931786,0.980170902716915,1.0,0.9611129014931786,0.961334228515625,0.013471637499606004
U-Net,498049_sat_31.jpg,0.3340610317497983,0.5008182141586623,0.3355793220716068,0.9866373872821567,0.357666015625,0.013471637499606004
U-Net,498049_sat_32.jpg,0.21683197149562328,0.35638769620609556,0.23117523513834354,0.7775184275184275,0.3023834228515625,0.013471637499606004
U-Net,498049_sat_33.jpg,0.08315464089782505,0.15354158632214937,0.09036983233460444,0.5101657269776183,0.4976348876953125,0.013471637499606004
U-Net,498049_sat_34.jpg,0.7618369779897155,0.8648211923205106,0.8632606153473931,0.8663874218418017,0.7957611083984375,0.013403624998318264
U-Net,498049_sat_37.jpg,0.9418129101175035,0.9700346570056662,0.9997732095705562,0.942014164478906,0.9418182373046875,0.013403624998318264
U-Net,498049_sat_38.jpg,0.944028883859934,0.9712087013702525,0.965904270361991,0.9765717145001608,0.9505615234375,0.013403624998318264
U-Net,498049_sat_40.jpg,0.3901872867232759,0.5613449215795407,0.39472944765574824,0.9713537808070332,0.5309906005859375,0.013403624998318264
U-Net,498049_sat_41.jpg,0.9443900163284348,0.9713997792600413,0.950182279035564,0.9935864923675987,0.9454345703125,0.013403624998318264
U-Net,498049_sat_42.jpg,0.4046585007001932,0.5761663785161721,0.440125706132994,0.8339300065755827,0.4875335693359375,0.013403624998318264
U-Net,498049_sat_43.jpg,0.01461473923516198,0.02880845047880712,0.014642082429501085,0.8866995073891626,0.4444427490234375,0.013403624998318264
U-Net,498049_sat_44.jpg,0.8645024826572499,0.9273277892611642,0.9154723714432148,0.9394942922819184,0.8846588134765625,0.013403624998318264
U-Net,498049_sat_48.jpg,0.8812264115690744,0.9368637460645366,0.8978337013629788,0.979441387187208,0.9029998779296875,0.013460287500492996
U-Net,498049_sat_50.jpg,0.6996174278824361,0.8232645963793085,0.7433822679459022,0.9223818516482203,0.7472076416015625,0.013460287500492996
U-Net,498049_sat_51.jpg,0.6919410099806346,0.8179256911428069,0.8045147508804341,0.8317913209574405,0.71600341796875,0.013460287500492996
U-Net,498049_sat_52.jpg,0.44260444926749865,0.6136185833784679,0.4530267688548262,0.9505896611196569,0.608123779296875,0.013460287500492996
U-Net,498049_sat_53.jpg,0.486959826910707,0.6549737499262639,0.5502874512654464,0.8088485260550726,0.7322540283203125,0.013460287500492996
U-Net,498049_sat_58.jpg,0.8023170692892836,0.8903173397849082,0.8531059106215205,0.9309230570378714,0.810455322265625,0.013460287500492996
U-Net,498049_sat_60.jpg,0.09448131731851274,0.17265039763308643,0.10397027976446208,0.5086547972304649,0.3983612060546875,0.013460287500492996
U-Net,498049_sat_63.jpg,0.5641430828903893,0.7213445995591476,0.5940099833610649,0.9181669394435352,0.768524169921875,0.013460287500492996
U-Net,498049_sat_68.jpg,0.8505172962152252,0.9192211258492398,0.864951768488746,0.9807563695985158,0.878082275390625,0.013473449998855358
U-Net,498049_sat_73.jpg,0.0,0.0,0.0,0.0,0.31744384765625,0.013473449998855358
U-Net,498049_sat_74.jpg,0.6090714468302658,0.7570471131410416,0.6782848501023041,0.8565041563693552,0.6266326904296875,0.013473449998855358
U-Net,498049_sat_84.jpg,0.2591561982274694,0.4116347099625717,0.27995551848762856,0.7771935748396122,0.2971954345703125,0.013473449998855358
U-Net,499418_sat_00.jpg,0.7888278010245248,0.8819493978936769,0.8719070828580318,0.8922257359339516,0.828277587890625,0.013473449998855358
U-Net,499418_sat_04.jpg,0.7835148505539568,0.8786188130820423,0.7837212365237352,0.9996640107516559,0.8243865966796875,0.013473449998855358
U-Net,499418_sat_05.jpg,0.9318303319128137,0.9647123937537063,0.950678655467423,0.9791666666666666,0.9319000244140625,0.013473449998855358
U-Net,499418_sat_07.jpg,0.9477237772992926,0.9731603509132114,0.9994647549226328,0.9482050256205087,0.9481353759765625,0.013473449998855358
U-Net,499418_sat_20.jpg,0.9816276997757227,0.9907286821705427,0.998952617674186,0.9826390490689056,0.98175048828125,0.013437087502097711
U-Net,499418_sat_26.jpg,0.8651729498029487,0.9277133789596855,0.8881259771448834,0.970994572495947,0.8689727783203125,0.013437087502097711
U-Net,499418_sat_27.jpg,0.916096974814478,0.95621149331774,0.9863626827050843,0.9278489548213081,0.9211578369140625,0.013437087502097711
U-Net,499418_sat_36.jpg,0.5095584806857717,0.6751092948108725,0.5391650853889943,0.9027195323421019,0.58270263671875,0.013437087502097711
U-Net,499418_sat_37.jpg,0.3701725051996248,0.5403297815346152,0.37472649960781074,0.9682133333333334,0.5286865234375,0.013437087502097711
U-Net,499418_sat_38.jpg,0.958251953125,0.978680962473507,0.9778123783573375,0.9795510910764144,0.958251953125,0.013437087502097711
U-Net,499418_sat_44.jpg,0.930694580078125,0.9641033746937485,0.9999836052135421,0.9307087815671016,0.930694580078125,0.013437087502097711
U-Net,499418_sat_45.jpg,0.9650956015422142,0.9822378115189955,0.9654602414949387,0.9996088083323825,0.966156005859375,0.013437087502097711
U-Net,499418_sat_46.jpg,0.9091949462890625,0.9524380399773019,0.984599368772411,0.9223113119930655,0.9091949462890625,0.01349570000093081
U-Net,499418_sat_47.jpg,0.6139535731205131,0.7608069814963252,0.6250579702079507,0.9718777040669166,0.6767120361328125,0.01349570000093081
U-Net,499418_sat_48.jpg,0.724287838920032,0.8401008492569002,0.7759053863594583,0.915877034358047,0.77935791015625,0.01349570000093081
U-Net,499418_sat_53.jpg,0.6352517985611511,0.7769467663880334,0.6851201675945143,0.8971981608961821,0.6905517578125,0.01349570000093081
U-Net,499418_sat_54.jpg,0.7288502368120202,0.8431617976997379,0.7614639764535256,0.9444973544973545,0.797332763671875,0.01349570000093081
U-Net,499418_sat_55.jpg,0.891020145735105,0.9423698078993596,0.9333433109460648,0.9515726029487498,0.906890869140625,0.01349570000093081
U-Net,499418_sat_56.jpg,0.916669777163973,0.9565234325553316,0.9848020050125313,0.9298235650461911,0.9318695068359375,0.01349570000093081
U-Net,499418_sat_58.jpg,0.8619246861924686,0.9258426966292135,0.8767599039820222,0.9807468911275733,0.874114990234375,0.01349570000093081
U-Net,499418_sat_60.jpg,0.9748107210171549,0.9872447122578558,0.9942653264039361,0.9803225495550487,0.9759368896484375,0.013414062501396984
U-Net,499418_sat_62.jpg,0.8383026123046875,0.9120398422909317,0.8686969308856316,0.9599350013978194,0.8383026123046875,0.013414062501396984
U-Net,499418_sat_63.jpg,0.38425529213875403,0.5551798058074353,0.39237450173380434,0.9489008189976096,0.4079132080078125,0.013414062501396984
U-Net,499418_sat_67.jpg,0.9345640962101383,0.9661753756734903,0.9959233524237072,0.9381529850746269,0.9355316162109375,0.013414062501396984
U-Net,499418_sat_68.jpg,0.9370440085248044,0.9674989359053638,0.999950198376467,0.9370877411325451,0.9382476806640625,0.013414062501396984
U-Net,499418_sat_72.jpg,0.6350886330239393,0.7768247178740444,0.6566466651280868,0.9508466079982176,0.700653076171875,0.013414062501396984
U-Net,499418_sat_73.jpg,0.7111299391511977,0.831181692144259,0.728594201297369,0.9673924432615939,0.7138671875,0.013414062501396984
U-Net,499418_sat_77.jpg,0.9223664749383731,0.9596156476542197,0.9646460306275029,0.9546374568401,0.92791748046875,0.013414062501396984
U-Net,499418_sat_78.jpg,0.9044227642276422,0.9498130154881235,0.9914441552885815,0.9115372009177319,0.910308837890625,0.013260437499411637
U-Net,499418_sat_80.jpg,0.955086921102384,0.9770275794836316,0.9973356018169269,0.9575300879910006,0.955413818359375,0.013260437499411637
U-Net,499418_sat_82.jpg,0.48507112709082384,0.6532631578947369,0.5342324246771879,0.8405417607223477,0.69842529296875,0.013260437499411637
U-Net,499418_sat_83.jpg,0.8906805930948127,0.9421798651213504,0.9482223269877912,0.9362139257166704,0.8907623291015625,0.013260437499411637
U-Net,518833_sat_03.jpg,0.496491997368998,0.6635411325177643,0.598006205849343,0.7452077334430276,0.859832763671875,0.013260437499411637
U-Net,518833_sat_05.jpg,0.7931358155430936,0.8846355180328309,0.89454111132224,0.874946898895497,0.8688507080078125,0.013260437499411637
U-Net,518833_sat_13.jpg,0.1057589837588985,0.1912875867386276,0.10613449691991786,0.967628705148206,0.679901123046875,0.013260437499411637
U-Net,518833_sat_14.jpg,0.9838965238480194,0.9918829052027643,0.9890617127439986,0.9947202379979404,0.98480224609375,0.013260437499411637
U-Net,518833_sat_15.jpg,0.7950405549335008,0.8858190448660409,0.836191296854804,0.9417092579413858,0.8854827880859375,0.013312237500940682
U-Net,518833_sat_24.jpg,0.7235128679303436,0.8395793050262096,0.7565972362112727,0.9430063521554646,0.7809906005859375,0.013312237500940682
U-Net,518833_sat_25.jpg,0.440137656221699,0.6112438686957615,0.47794659979347986,0.8476497776227435,0.81134033203125,0.013312237500940682
U-Net,518833_sat_34.jpg,0.1746156557577072,0.2973153897647792,0.18448493182078607,0.7654819921549982,0.5355072021484375,0.013312237500940682
U-Net,518833_sat_62.jpg,0.17516155563388555,0.29810634085864546,0.17836376253260272,0.9070333414456072,0.4644012451171875,0.013312237500940682
U-Net,518833_sat_63.jpg,0.9511167633733407,0.9749460219171385,0.9734311699721784,0.9764655960308134,0.9530792236328125,0.013312237500940682
U-Net,518833_sat_64.jpg,0.6469434164177108,0.7856291964479098,0.6802156586966713,0.9297065231321286,0.75836181640625,0.013312237500940682
U-Net,518833_sat_65.jpg,0.625028545329984,0.7692523889825745,0.7622539918306721,0.7763804841149773,0.924835205078125,0.013312237500940682
U-Net,518833_sat_66.jpg,0.5887959660558357,0.7411851221117003,0.6233318143350043,0.9139938907980145,0.6938934326171875,0.013338737498997943
U-Net,518833_sat_67.jpg,0.38854022739757954,0.5596384169953603,0.44863908965093036,0.7436199700512951,0.4395294189453125,0.013338737498997943
U-Net,518833_sat_70.jpg,0.7744385806081215,0.8728829378165482,0.7966020850841529,0.965319828250578,0.8441314697265625,0.013338737498997943
U-Net,518833_sat_71.jpg,0.8235258383282035,0.9032236571796609,0.8367246168089703,0.9812053657595059,0.8670196533203125,0.013338737498997943
U-Net,518833_sat_72.jpg,0.9414114978626886,0.9698216981810338,0.947811270376616,0.9928786986603857,0.948760986328125,0.013338737498997943
U-Net,518833_sat_74.jpg,0.9882591657502208,0.9940949175781372,0.9993734630264869,0.9888718401760667,0.988433837890625,0.013338737498997943
U-Net,518833_sat_77.jpg,0.8705444665709566,0.9307925923480672,0.8721466130528921,0.9978942525481314,0.872039794921875,0.013338737498997943
U-Net,518833_sat_78.jpg,0.17221010396930278,0.29382122434565283,0.17328057162082058,0.9653695108889683,0.2066802978515625,0.013338737498997943
U-Net,524056_sat_02.jpg,0.9203941796905073,0.9585471456061578,0.9951884656366542,0.9245081662954714,0.921112060546875,0.013396537498920225
U-Net,524056_sat_03.jpg,0.9459178770170353,0.9722073970223918,0.9924053926590883,0.9528151641008026,0.9467620849609375,0.013396537498920225
U-Net,524056_sat_04.jpg,0.6999877838083105,0.8235209575920583,0.9144172898048514,0.7490615720768671,0.7376861572265625,0.013396537498920225
U-Net,524056_sat_05.jpg,0.7572281996264337,0.8618438968682742,0.9878964857516866,0.7643191025241508,0.7600250244140625,0.013396537498920225
U-Net,524056_sat_13.jpg,0.7628916851714779,0.8655003498950314,0.9448794835555216,0.7984248410316,0.765380859375,0.013396537498920225
U-Net,524056_sat_14.jpg,0.7042093990691544,0.8264352953971458,0.8020405769907353,0.8523605364175681,0.7808380126953125,0.013396537498920225
U-Net,524056_sat_15.jpg,0.9369756277129315,0.9674624856475432,0.9981699346405228,0.9385880003072905,0.9373016357421875,0.013396537498920225
U-Net,524056_sat_20.jpg,0.5579337600111915,0.7162483724689085,0.9152873002667891,0.5883133885272804,0.6142578125,0.013396537498920225
U-Net,524056_sat_23.jpg,0.7986656260998638,0.8880645902280906,0.968725058930527,0.8198039708469465,0.7992401123046875,0.01342642499730573
U-Net,524056_sat_24.jpg,0.8323140047998762,0.9084840290687849,0.9676519297235023,0.8561349302414474,0.834747314453125,0.01342642499730573
U-Net,524056_sat_30.jpg,0.46588088154478785,0.6356326593929366,0.5965785003639893,0.680158247108947,0.569915771484375,0.01342642499730573
U-Net,524056_sat_33.jpg,0.7430679099441752,0.8525977739650697,0.9997936485008564,0.7431818879037948,0.7443695068359375,0.01342642499730573
U-Net,524056_sat_34.jpg,0.5227870870017988,0.6866187551289384,0.6449510639788839,0.7340422703708627,0.61541748046875,0.01342642499730573
U-Net,524056_sat_35.jpg,0.7232069149711067,0.8393732739671983,0.8905521227825394,0.7937571063104036,0.73907470703125,0.01342642499730573
U-Net,524056_sat_40.jpg,0.5017686225551394,0.6682369241427087,0.6111251900658895,0.737123643588568,0.6346282958984375,0.01342642499730573
U-Net,524056_sat_41.jpg,0.46218885003085786,0.6321876275025676,0.512547337683077,0.8246889109128951,0.6010894775390625,0.01342642499730573
U-Net,524056_sat_42.jpg,0.6779280018376924,0.8080537437782971,0.9752395789076146,0.6898008247491527,0.7004852294921875,0.013329100002010819
U-Net,524056_sat_44.jpg,0.8364950457795058,0.9109690197116247,0.9574181739879414,0.86881828988292,0.8408660888671875,0.013329100002010819
U-Net,524056_sat_46.jpg,0.799072265625,0.8883159180350115,0.8066916216091317,0.9883178892936003,0.799072265625,0.013329100002010819
U-Net,524056_sat_50.jpg,0.7460712618640112,0.8545713776510426,0.9954741737252948,0.748610503965528,0.7509765625,0.013329100002010819
U-Net,524056_sat_51.jpg,0.19795514377257606,0.3304884073525153,0.22769953051643194,0.6024470529780759,0.4003143310546875,0.013329100002010819
U-Net,524056_sat_52.jpg,0.32511987750332433,0.49070258928707183,0.35886316632196946,0.775668140742165,0.4888763427734375,0.013329100002010819
U-Net,524056_sat_53.jpg,0.7081524133157133,0.8291442939112335,0.9070629722921915,0.7635533993757634,0.7169342041015625,0.013329100002010819
U-Net,524056_sat_55.jpg,0.9257951753019763,0.9614679558606808,0.9396329147273206,0.9843419382141346,0.9345703125,0.013329100002010819
U-Net,524056_sat_56.jpg,0.760453988025104,0.8639294104791564,0.7786340358479417,0.9702110688428028,0.847991943359375,0.013429412501864135
U-Net,524056_sat_61.jpg,0.42903238499980323,0.6004515915849763,0.5324900490830504,0.6882989804614753,0.55718994140625,0.013429412501864135
U-Net,524056_sat_62.jpg,0.09888888888888889,0.17997977755308392,0.10146755609460278,0.7955496386458729,0.4183807373046875,0.013429412501864135
U-Net,524056_sat_63.jpg,0.7779955441646984,0.8751377884135254,0.8905848513902205,0.8602174436480154,0.7977752685546875,0.013429412501864135
U-Net,524056_sat_65.jpg,0.9576422231922014,0.9783628610447886,0.9866399340428721,0.9702235079508393,0.9644622802734375,0.013429412501864135
U-Net,524056_sat_66.jpg,0.8443960826985855,0.9156342182890855,0.9225237763859894,0.9088468020681578,0.9105377197265625,0.013429412501864135
U-Net,524056_sat_67.jpg,0.9552864167470394,0.9771319521938123,0.9792541208123309,0.9750189617054239,0.95684814453125,0.013429412501864135
U-Net,524056_sat_68.jpg,0.9239615299440033,0.9604781754351347,0.9638937936269576,0.9570866786826151,0.9266510009765625,0.013429412501864135
U-Net,524056_sat_71.jpg,0.5693047586905163,0.7255502865683839,0.7841255084253341,0.6751180661170255,0.6105499267578125,0.013531562501157168
U-Net,524056_sat_72.jpg,0.47580831675840696,0.6448104558775133,0.5399737532808399,0.8001633542063709,0.6541595458984375,0.013531562501157168
U-Net,524056_sat_73.jpg,0.4177474946705716,0.5893115611079103,0.5491161450831479,0.6358563803978651,0.5540618896484375,0.013531562501157168
U-Net,524056_sat_76.jpg,0.9234130599261924,0.9601817510396096,0.9997993814260637,0.9235841917499343,0.92431640625,0.013531562501157168
U-Net,524056_sat_77.jpg,0.938292615077482,0.96816405095778,0.9428905003864305,0.9948297997848642,0.9424591064453125,0.013531562501157168
U-Net,524056_sat_78.jpg,0.8778009111335573,0.9349243638439414,0.9088638934539944,0.9625234510973983,0.9095458984375,0.013531562501157168
U-Net,524056_sat_82.jpg,0.7667324792996312,0.867966699297428,0.9996009258520233,0.7669672520170859,0.7674407958984375,0.013531562501157168
U-Net,524056_sat_83.jpg,0.8321091932917126,0.9083620084856179,0.9966095482452121,0.8344714349287216,0.83258056640625,0.013531562501157168
U-Net,524056_sat_86.jpg,0.8572973311811443,0.9231664922879611,0.8751259778279022,0.9767877868047495,0.861053466796875,0.013454087500576861
U-Net,524056_sat_87.jpg,0.45817402527823103,0.6284215976084306,0.4643712205356041,0.9716971387253382,0.6605072021484375,0.013454087500576861
U-Net,524056_sat_88.jpg,0.549100360587923,0.7089280650345023,0.5851864856429463,0.8990350035962599,0.624114990234375,0.013454087500576861
U-Net,524518_sat_00.jpg,0.8894170858909863,0.941472470565245,0.9950602409638554,0.8933615600951881,0.89031982421875,0.013454087500576861
U-Net,524518_sat_01.jpg,0.7567168953017273,0.8615126288425162,0.9689199335623763,0.7755417956656346,0.7910919189453125,0.013454087500576861
U-Net,524518_sat_07.jpg,0.749789835689721,0.8570055904961565,0.7882980603898504,0.9388337065319324,0.750213623046875,0.013454087500576861
U-Net,524518_sat_08.jpg,0.5501140521424963,0.7097723569206459,0.56581847956163,0.9519696929557315,0.5515899658203125,0.013454087500576861
U-Net,524518_sat_10.jpg,0.7071252757088514,0.8284398172421541,0.9874785170635895,0.7135231029755665,0.72039794921875,0.013454087500576861
U-Net,524518_sat_11.jpg,0.8085375224109963,0.8941340861240406,0.9029920479032781,0.8854482216986425,0.8289031982421875,0.013357299998460803
U-Net,524518_sat_16.jpg,0.5573679332715478,0.7157819566769816,0.5880627371220715,0.9143708568995925,0.6356201171875,0.013357299998460803
U-Net,524518_sat_17.jpg,0.30776929601357084,0.4706782716978195,0.31821450495483644,0.9036258591493177,0.3773345947265625,0.013357299998460803
U-Net,524518_sat_18.jpg,0.8508920783443026,0.9194399698392569,0.900474967692127,0.9392210065645514,0.856536865234375,0.013357299998460803
U-Net,524518_sat_20.jpg,0.6880810158629692,0.8152227403744756,0.7142153239714215,0.9495059774005131,0.759368896484375,0.013357299998460803
U-Net,524518_sat_21.jpg,0.7863575279198011,0.8804032962376889,0.904082828677476,0.8579325221611783,0.7889556884765625,0.013357299998460803
U-Net,524518_sat_24.jpg,0.9188764549331452,0.9577234142102801,0.9863357885316996,0.9307242611237415,0.92279052734375,0.013357299998460803
U-Net,524518_sat_25.jpg,0.7067067847343477,0.8281525462434346,0.73076799071447,0.9554834222119175,0.7129364013671875,0.013357299998460803
U-Net,524518_sat_26.jpg,0.7811052444041333,0.8771017286689885,0.8102382312422297,0.9559934188356096,0.7937774658203125,0.013322350001544692
U-Net,524518_sat_27.jpg,0.8841705322265625,0.9385249552562742,0.9391866703405352,0.9378641719539039,0.8841705322265625,0.013322350001544692
U-Net,524518_sat_31.jpg,0.09244587897756912,0.16924569126315003,0.09342668863261944,0.8980205859065716,0.1504974365234375,0.013322350001544692
U-Net,524518_sat_32.jpg,0.5792960406154227,0.7336129841618316,0.6366915042019666,0.8653410404624278,0.58526611328125,0.013322350001544692
U-Net,524518_sat_33.jpg,0.7656293990030306,0.867259459358058,0.8608643837402007,0.8737502598703483,0.7840576171875,0.013322350001544692
U-Net,524518_sat_34.jpg,0.8329160282521768,0.9088425387893245,0.9528043775649795,0.8687585266030013,0.863555908203125,0.013322350001544692
U-Net,524518_sat_35.jpg,0.6358643781390327,0.7774047612215814,0.691732906673929,0.8872974979258548,0.6448822021484375,0.013322350001544692
U-Net,524518_sat_36.jpg,0.9754098360655737,0.9875518672199171,0.984786734281181,0.9903325720364171,0.97564697265625,0.013322350001544692
U-Net,524518_sat_38.jpg,0.949371337890625,0.9740282104669913,0.9926767394738102,0.9560674278162792,0.949371337890625,0.01328510000166716
U-Net,524518_sat_41.jpg,0.16712267752608806,0.2863840806869293,0.1688606008004243,0.941988702591231,0.201080322265625,0.01328510000166716
U-Net,524518_sat_42.jpg,0.5969933011372488,0.747646594024056,0.6298548676057264,0.9196304295656348,0.6052703857421875,0.01328510000166716
U-Net,524518_sat_43.jpg,0.5856089955589152,0.7386549864425971,0.5924574596902683,0.9806429494448693,0.5984954833984375,0.01328510000166716
U-Net,524518_sat_44.jpg,0.8531802204443879,0.9207741492511694,0.9568335057614784,0.887333961920831,0.8591461181640625,0.01328510000166716
U-Net,524518_sat_45.jpg,0.944091796875,0.9712419942232827,0.9876133316306985,0.9554045707226683,0.944091796875,0.01328510000166716
U-Net,524518_sat_47.jpg,0.9853057861328125,0.9925985135540201,0.9988862247660298,0.9863894659660272,0.9853057861328125,0.01328510000166716
U-Net,524518_sat_48.jpg,0.78125,0.8771929824561403,0.8013021159384,0.9689629068887207,0.78125,0.01328510000166716
U-Net,524518_sat_50.jpg,0.7696418380229321,0.8698278052498876,0.7973161817400028,0.9568479896796388,0.7967529296875,0.01345792499705567
U-Net,524518_sat_51.jpg,0.20300952245594087,0.33750276895813336,0.20424687650812376,0.9710231135282121,0.3154754638671875,0.01345792499705567
U-Net,524518_sat_52.jpg,0.0013566154382836876,0.0027095550523524746,0.0013566154382836876,1.0,0.2137298583984375,0.01345792499705567
U-Net,524518_sat_54.jpg,0.05842356552135732,0.11039732565398634,0.05843103815817523,0.9978157990535129,0.3259429931640625,0.01345792499705567
U-Net,524518_sat_55.jpg,0.3695090016366612,0.5396225964123953,0.3751827971284233,0.9606825241479086,0.4121856689453125,0.01345792499705567
U-Net,524518_sat_56.jpg,0.7344893719034681,0.8469228855492181,0.8594109396914446,0.8347925597616799,0.7465057373046875,0.01345792499705567
U-Net,524518_sat_58.jpg,0.9240573958174324,0.9605299694553533,0.9924583982293631,0.9305918524212144,0.9240875244140625,0.01345792499705567
U-Net,524518_sat_60.jpg,0.9327986725663717,0.9652310774073544,0.9976994117067078,0.9348093859703147,0.933258056640625,0.01345792499705567
U-Net,524518_sat_61.jpg,0.887451171875,0.9403699392057948,0.9326192232449247,0.948250562493886,0.887451171875,0.013375924998399569
U-Net,524518_sat_62.jpg,0.7419762018379693,0.8518786893358312,0.767299702319362,0.9574138444731354,0.744232177734375,0.013375924998399569
U-Net,524518_sat_63.jpg,0.1553760408718442,0.26896185376078563,0.1553760408718442,1.0,0.2230377197265625,0.013375924998399569
U-Net,524518_sat_64.jpg,0.02848716401903613,0.05539624608967675,0.02848716401903613,1.0,0.1153564453125,0.013375924998399569
U-Net,524518_sat_65.jpg,0.052946030698135006,0.10056741590645475,0.052946030698135006,1.0,0.124420166015625,0.013375924998399569
U-Net,524518_sat_66.jpg,0.5265671177477057,0.6898709026624416,0.6270119093923061,0.7667376336292807,0.5355682373046875,0.013375924998399569
U-Net,524518_sat_67.jpg,0.827254955863038,0.9054619917255213,0.9952595314653192,0.830527445568844,0.8274078369140625,0.013375924998399569
U-Net,524518_sat_68.jpg,0.8920802202123477,0.942962365636093,0.9796010018136281,0.9089656056672116,0.8953094482421875,0.013375924998399569
U-Net,524518_sat_73.jpg,0.9216754406042572,0.9592415255246671,0.9500157282164202,0.9686482672354346,0.9216766357421875,0.013462387498293538
U-Net,524518_sat_74.jpg,0.725188705619234,0.8407065305461028,0.7318441317047265,0.987615059013236,0.7450103759765625,0.013462387498293538
U-Net,524518_sat_75.jpg,0.5965335709079128,0.7472859722814066,0.6442679449274855,0.8895195768218159,0.61993408203125,0.013462387498293538
U-Net,524518_sat_76.jpg,0.4008383040464292,0.5722834718162358,0.42260559190957764,0.8861327916176628,0.432891845703125,0.013462387498293538
U-Net,524518_sat_77.jpg,0.5378915807974636,0.6995182072829131,0.5979847515420865,0.8425825955517167,0.590789794921875,0.013462387498293538
U-Net,524518_sat_78.jpg,0.5116092007363064,0.6769067037791263,0.5407871286319266,0.9046004047918604,0.5182342529296875,0.013462387498293538
U-Net,524518_sat_84.jpg,0.9008615188257818,0.9478455004784047,0.9387062989377088,0.957164409336701,0.905181884765625,0.013462387498293538
U-Net,524518_sat_85.jpg,0.8916112762877291,0.9427003184687168,0.9900439036194558,0.8996780020419383,0.8937530517578125,0.013462387498293538
U-Net,524518_sat_86.jpg,0.6863653985537782,0.8140174118164463,0.7125358717715405,0.9492062752045503,0.7160797119140625,0.013524812500691041
U-Net,524518_sat_87.jpg,0.04125235837030238,0.0792360430950049,0.04143193690463997,0.9049217002237137,0.139312744140625,0.013524812500691041
U-Net,524518_sat_88.jpg,0.0,0.0,0.0,0.0,0.4921875,0.013524812500691041
U-Net,525105_sat_28.jpg,0.02318932655654384,0.04532753803166718,0.024017108076986347,0.4022038567493113,0.906158447265625,0.013524812500691041
U-Net,525105_sat_37.jpg,0.0005205194235932278,0.0010404972481585938,0.0005393130854385467,0.01471727343144849,0.4433135986328125,0.013524812500691041
U-Net,525105_sat_38.jpg,0.7785722240784052,0.8755025109894927,0.874899879855827,0.8761059728801665,0.8483123779296875,0.013524812500691041
U-Net,525105_sat_47.jpg,0.5675384141240699,0.7241142022553962,0.6213786454567366,0.8675505602853586,0.7002410888671875,0.013524812500691041
U-Net,525105_sat_48.jpg,0.34284002585568113,0.5106193131787496,0.3458003371179595,0.9756382071874019,0.3639678955078125,0.013524812500691041
U-Net,525105_sat_57.jpg,0.08700797755764005,0.16008710028630185,0.0873833421377003,0.9529524723955833,0.364349365234375,0.013472687500325264
U-Net,528163_sat_50.jpg,0.6499050323273795,0.787809018814391,0.6638772390545996,0.9686320484959396,0.7215576171875,0.013472687500325264
U-Net,528163_sat_60.jpg,0.9563715277777778,0.9776992909563659,0.9758201658045773,0.9795856672890548,0.9616546630859375,0.013472687500325264
U-Net,528163_sat_70.jpg,0.9280601076731941,0.9626879410862228,0.932030182401521,0.9954311821816105,0.9443359375,0.013472687500325264
U-Net,528163_sat_80.jpg,0.7353624858442771,0.8475030339111121,0.7438004903339898,0.9848073648361004,0.7967529296875,0.013472687500325264
U-Net,533952_sat_06.jpg,0.363309902200489,0.5329821218404976,0.5835071787949442,0.4905095935630287,0.8728485107421875,0.013472687500325264
U-Net,533952_sat_07.jpg,0.32200381833337816,0.4871450654950777,0.45241603385091994,0.5276492619519718,0.615264892578125,0.013472687500325264
U-Net,533952_sat_08.jpg,0.4301135654561338,0.6015096644705267,0.5168328709604859,0.7193696514297642,0.721282958984375,0.013472687500325264
U-Net,533952_sat_13.jpg,0.32794181502388187,0.4939099158015205,0.6084592145015105,0.41565767749036875,0.9055328369140625,0.013478662498528138
U-Net,533952_sat_14.jpg,0.11793788947829222,0.2109918459483116,0.22773606484013723,0.1965412178689439,0.477325439453125,0.013478662498528138
U-Net,533952_sat_15.jpg,0.1991264069887441,0.3321191257705548,0.2415077863484209,0.5315523095649946,0.490814208984375,0.013478662498528138
U-Net,533952_sat_16.jpg,0.5294385551629368,0.6923305985398461,0.9955114575950862,0.5307054137871322,0.5428009033203125,0.013478662498528138
U-Net,533952_sat_17.jpg,0.534155257687621,0.6963509788347428,0.9959238222519211,0.5353255989368197,0.60333251953125,0.013478662498528138
U-Net,533952_sat_18.jpg,0.6262875380821122,0.7702051739518287,0.9140376879102265,0.665484815785417,0.960693359375,0.013478662498528138
U-Net,533952_sat_22.jpg,0.05587364264560711,0.10583395661929694,0.06008492569002123,0.44357366771159873,0.781097412109375,0.013478662498528138
U-Net,533952_sat_23.jpg,0.45812269435715264,0.6283733133433284,0.9437474869320467,0.4709836657703576,0.576385498046875,0.013478662498528138
U-Net,533952_sat_24.jpg,0.48287321063394684,0.6512670229270815,0.954191002367798,0.49433277178979734,0.506103515625,0.0134776500017324
U-Net,533952_sat_26.jpg,0.7563492461052947,0.8612743140722149,1.0,0.7563492461052947,0.77734375,0.0134776500017324
U-Net,533952_sat_27.jpg,0.6052926351162139,0.7541212385521151,0.9988447319778189,0.6057166876839007,0.9569854736328125,0.0134776500017324
U-Net,533952_sat_32.jpg,0.029777070063694268,0.05783207051182929,0.038249130701574964,0.1185044359949303,0.9070281982421875,0.0134776500017324
U-Net,533952_sat_33.jpg,0.41582081202046034,0.5873918627132757,0.8866308793456033,0.4391710806761348,0.5538787841796875,0.0134776500017324
U-Net,533952_sat_34.jpg,0.21564707857110157,0.35478566497207054,0.9945109078114004,0.21590405622183179,0.2156829833984375,0.0134776500017324
U-Net,533952_sat_36.jpg,0.2517516218721038,0.40223893857726706,1.0,0.2517516218721038,0.6920166015625,0.0134776500017324
U-Net,533952_sat_42.jpg,0.2940996637114032,0.4545239782660052,0.3631559078897697,0.6073232323232324,0.7181396484375,0.0134776500017324
U-Net,533952_sat_43.jpg,0.6215577439570278,0.7666180822401837,0.9851296895397015,0.627444601091711,0.677490234375,0.013484962499205722
U-Net,533952_sat_45.jpg,0.4181747421677369,0.5897365532381997,1.0,0.4181747421677369,0.4525146484375,0.013484962499205722
U-Net,533952_sat_46.jpg,0.23268959020254357,0.3775315246465418,0.9959677419354839,0.23290900518623292,0.9751434326171875,0.013484962499205722
U-Net,533952_sat_52.jpg,0.7875125017859694,0.8811267065255619,0.8764748910727348,0.8858281636720131,0.88653564453125,0.013484962499205722
U-Net,533952_sat_53.jpg,0.5976297175335321,0.7481454694723262,0.9184584373200231,0.6311155082859263,0.6067962646484375,0.013484962499205722
U-Net,533952_sat_55.jpg,0.4066428476908826,0.5781749764816557,1.0,0.4066428476908826,0.5894775390625,0.013484962499205722
U-Net,533952_sat_62.jpg,0.6916757701551235,0.8177403523273234,0.8560612206268083,0.7827032907261354,0.78466796875,0.013484962499205722
U-Net,533952_sat_63.jpg,0.7207534497496642,0.8377184422957509,0.933309614168248,0.7598892787022434,0.720855712890625,0.013484962499205722
U-Net,533952_sat_65.jpg,0.6105918101577196,0.7582204333920293,1.0,0.6105918101577196,0.794677734375,0.013295150001795264
U-Net,533952_sat_72.jpg,0.4773556316291599,0.646229819563153,0.8181206117149178,0.534028126569563,0.5736846923828125,0.013295150001795264
U-Net,533952_sat_73.jpg,0.820944053768125,0.9016686175166392,0.9321144674085851,0.8731487763308127,0.8243865966796875,0.013295150001795264
U-Net,533952_sat_75.jpg,0.6017753973567408,0.751385491810892,0.9980671163020234,0.6024775333896033,0.75494384765625,0.013295150001795264
U-Net,533952_sat_82.jpg,0.3808354857301428,0.5516015335147167,0.8608443908323281,0.4058185292177513,0.557403564453125,0.013295150001795264
U-Net,533952_sat_83.jpg,0.6086114030478192,0.7566916433573573,0.9744951619688683,0.6184627707505924,0.636322021484375,0.013295150001795264
U-Net,533952_sat_84.jpg,0.47600309837335397,0.6449892942608841,0.9878789827347845,0.4787994951147679,0.48388671875,0.013295150001795264
U-Net,533952_sat_85.jpg,0.6293602640368386,0.772524380185338,0.9988394705476444,0.6298208140500772,0.713836669921875,0.013295150001795264
U-Net,534154_sat_00.jpg,0.25787466362069966,0.4100164683791729,0.26486379001789623,0.9071715589457195,0.4150848388671875,0.013467900000250665
U-Net,534154_sat_02.jpg,0.6472603270557235,0.785862824988473,0.6659755669675609,0.9583897546533244,0.6527557373046875,0.013467900000250665
U-Net,534154_sat_03.jpg,0.805747664361361,0.8924255368164409,0.823650312727015,0.9737327188940093,0.8289947509765625,0.013467900000250665
U-Net,534154_sat_04.jpg,0.962005615234375,0.9806349255727862,0.9843093784640364,0.9769878043111063,0.962005615234375,0.013467900000250665
U-Net,534154_sat_07.jpg,0.9294468163528581,0.9634334654631708,0.97955748345014,0.9478316706081346,0.929901123046875,0.013467900000250665
U-Net,534154_sat_08.jpg,0.3439948382339386,0.5118990467046156,0.3610390029183664,0.879324563125859,0.348419189453125,0.013467900000250665
U-Net,534154_sat_10.jpg,0.9586056978399645,0.9788654233949758,0.9966258693956804,0.9617268971448757,0.958740234375,0.013467900000250665
U-Net,534154_sat_11.jpg,0.8269389873951625,0.9052726917544265,0.8407554016163615,0.9805147341694237,0.83721923828125,0.013467900000250665
U-Net,534154_sat_12.jpg,0.06608465196040221,0.12397636874122601,0.06644200626959247,0.9247382198952879,0.085906982421875,0.013517112500267103
U-Net,534154_sat_13.jpg,0.3356094726136859,0.5025562928315023,0.3356094726136859,1.0,0.3719940185546875,0.013517112500267103
U-Net,534154_sat_14.jpg,0.5654690454657568,0.7224276290912146,0.573628023352794,0.9754637771600386,0.596771240234375,0.013517112500267103
U-Net,534154_sat_22.jpg,0.9349517822265625,0.9663825122822512,0.9977690929815991,0.9369103503111669,0.9349517822265625,0.013517112500267103
U-Net,534154_sat_23.jpg,0.8786897456241196,0.9354282660782928,0.8843314593009044,0.9927919357494375,0.88568115234375,0.013517112500267103
U-Net,534154_sat_24.jpg,0.3968756215307285,0.5682332992479646,0.4231570018507094,0.864683868426236,0.4910125732421875,0.013517112500267103
U-Net,534154_sat_31.jpg,0.934726783185221,0.9662623077418109,0.9767596929482175,0.9559881573920794,0.936004638671875,0.013517112500267103
U-Net,534154_sat_33.jpg,0.9886932373046875,0.9943144762182443,0.9991672963345618,0.9895085672398521,0.9886932373046875,0.013517112500267103
U-Net,534154_sat_35.jpg,0.9646148681640625,0.9819887691937276,0.9982945124358468,0.9662071284465367,0.9646148681640625,0.013562199997977586
U-Net,534154_sat_36.jpg,0.9553514206366162,0.977165956516989,0.9807324790876907,0.9736252799203782,0.955352783203125,0.013562199997977586
U-Net,534154_sat_41.jpg,0.98748779296875,0.9937045112551055,0.9980260317068657,0.9894202544031311,0.98748779296875,0.013562199997977586
U-Net,534154_sat_45.jpg,0.9456735419852093,0.9720783282279922,0.9652975744931599,0.9789550189776306,0.946868896484375,0.013562199997977586
U-Net,534154_sat_46.jpg,0.7378570901306563,0.8491573839079971,0.7538273001508295,0.9720891784785198,0.7832489013671875,0.013562199997977586
U-Net,534154_sat_47.jpg,0.875162461345404,0.9334257477802608,0.9101395912469996,0.9579347559480009,0.9149932861328125,0.013562199997977586
U-Net,534154_sat_48.jpg,0.9625939131542086,0.9809404856526465,0.9791298997781843,0.982757780125132,0.964141845703125,0.013562199997977586
U-Net,534154_sat_50.jpg,0.948117425760893,0.9733678403811604,0.9693095838587642,0.977460221582871,0.9486541748046875,0.013562199997977586
U-Net,534154_sat_56.jpg,0.5735094917450284,0.7289558718950008,0.5800226338674132,0.9807963472772443,0.6685028076171875,0.013423524997051572
U-Net,534154_sat_57.jpg,0.2354366132195178,0.3811391223155929,0.259757339216019,0.7154709044169199,0.69659423828125,0.013423524997051572
U-Net,534154_sat_58.jpg,0.2915403806107091,0.45146150284957137,0.2960202650365315,0.9506521446819954,0.4756927490234375,0.013423524997051572
U-Net,534154_sat_66.jpg,0.7210096039368203,0.8378914356869437,0.8221558512082542,0.8542411134098176,0.7318267822265625,0.013423524997051572
U-Net,534154_sat_67.jpg,0.4795790908058594,0.6482642175548108,0.5750856727866918,0.7427817675509307,0.580413818359375,0.013423524997051572
U-Net,534154_sat_68.jpg,0.7364832673446253,0.8482468920887812,0.8558419243986254,0.8407854758242995,0.7552490234375,0.013423524997051572
U-Net,534154_sat_71.jpg,0.9418088116730164,0.9700324831274983,0.9899963441789358,0.9508578724762589,0.9438323974609375,0.013423524997051572
U-Net,534154_sat_72.jpg,0.8708338573764306,0.9309579831932773,0.9876085367375684,0.8804539602307949,0.8746337890625,0.013423524997051572
U-Net,534154_sat_81.jpg,0.9200957307187524,0.9583852679827912,0.9991113793739416,0.9208493015205835,0.9210357666015625,0.013403312499576714
U-Net,534154_sat_82.jpg,0.9434986150033208,0.9709280034673023,0.9682486908818885,0.9736221854470688,0.94677734375,0.013403312499576714
U-Net,541060_sat_00.jpg,0.11338887972281801,0.20368243618715964,0.11341694859311824,0.9978221415607985,0.344024658203125,0.013403312499576714
U-Net,544537_sat_61.jpg,0.021796916533758637,0.04266389177939646,0.021823988644428673,0.9461538461538461,0.83154296875,0.013403312499576714
U-Net,544537_sat_62.jpg,0.2615012930447802,0.41458743560003236,0.27327359362776477,0.8585632890179868,0.6688385009765625,0.013403312499576714
U-Net,544537_sat_70.jpg,0.036680741692674865,0.0707657434299072,0.037183161499236984,0.7307973664959766,0.59967041015625,0.013403312499576714
U-Net,544537_sat_71.jpg,0.598459366305386,0.7487952198480223,0.8696032584100166,0.6574589416058394,0.7049102783203125,0.013403312499576714
U-Net,544537_sat_72.jpg,0.6526678642520756,0.7898354876615746,0.9998512458162886,0.6527312454479243,0.890838623046875,0.013403312499576714
U-Net,544537_sat_80.jpg,0.40970410371538946,0.5812625538020086,0.4682508494949261,0.7661787510874087,0.554656982421875,0.013425274999463
U-Net,544537_sat_81.jpg,0.30567566088336706,0.4682260228034876,1.0,0.30567566088336706,0.806427001953125,0.013425274999463
U-Net,560353_sat_72.jpg,0.00013354700854700856,0.00026705835224996664,0.00013369579749543205,0.10714285714285714,0.314544677734375,0.013425274999463
U-Net,560353_sat_73.jpg,0.5959799227442001,0.7468514036435311,0.6808656818962556,0.826999614841443,0.7334747314453125,0.013425274999463
U-Net,560353_sat_74.jpg,0.6625336376332731,0.7970168213575921,0.7222964943553178,0.8889803007450067,0.697662353515625,0.013425274999463
U-Net,560353_sat_75.jpg,0.6772272548247341,0.8075557475906896,0.6983510681504346,0.9572449729440844,0.6873779296875,0.013425274999463
U-Net,560353_sat_76.jpg,0.14996047101901552,0.2608097839852372,0.15430394108706355,0.8419577152201846,0.376556396484375,0.013425274999463
U-Net,560353_sat_81.jpg,0.004917334572346769,0.00978654542652385,0.004927828651249418,0.6978021978021978,0.60784912109375,0.013425274999463
U-Net,560353_sat_82.jpg,0.6857123318117317,0.8135579468351606,0.6990379252649191,0.9729519928195425,0.7194976806640625,0.013391299999057082
U-Net,560353_sat_86.jpg,0.7329330771693884,0.8458873419007936,0.7842226980728051,0.9180771699021338,0.7454681396484375,0.013391299999057082
U-Net,560353_sat_87.jpg,0.08264526882970888,0.15267284900998962,0.08280898003573371,0.9766376546037563,0.6389007568359375,0.013391299999057082
U-Net,563092_sat_44.jpg,0.9723890480150297,0.9860012648048531,0.9964336999573937,0.9757850166893312,0.9726409912109375,0.013391299999057082
U-Net,563092_sat_45.jpg,0.9012544175236398,0.9480629306808002,0.9624636621729595,0.9340867843590167,0.9053497314453125,0.013391299999057082
U-Net,563092_sat_46.jpg,0.9219287107862872,0.9593786758189523,0.9889544057802508,0.9315205657336859,0.923065185546875,0.013391299999057082
U-Net,563092_sat_47.jpg,0.6673881673881674,0.8005192557334487,0.7777648020553545,0.8246452539560685,0.74676513671875,0.013391299999057082
U-Net,563092_sat_48.jpg,0.7693683914284566,0.8696531430713823,0.923910681955341,0.8214147744344765,0.8249359130859375,0.013391299999057082
U-Net,563092_sat_53.jpg,0.9664423385066154,0.9829348357507043,0.9960522797691134,0.9701583994607678,0.9664459228515625,0.0133743875012442
U-Net,563092_sat_54.jpg,0.8679441820369606,0.9293041948292936,0.890904398480994,0.971163314108876,0.8878021240234375,0.0133743875012442
U-Net,563092_sat_55.jpg,0.13262487315368135,0.23419028894253502,0.13476355512273366,0.8931283219438116,0.5304718017578125,0.0133743875012442
U-Net,563092_sat_56.jpg,0.2923930464800888,0.45248316257417054,0.3042619249223822,0.8822916666666667,0.5621185302734375,0.0133743875012442
U-Net,563092_sat_57.jpg,0.9247471600440972,0.9609024803267258,0.9856274372903292,0.9373876427241072,0.928131103515625,0.0133743875012442
U-Net,563092_sat_58.jpg,0.9942828239477637,0.9971332170223886,0.9998304562268804,0.994450491330809,0.9943084716796875,0.0133743875012442
U-Net,563092_sat_65.jpg,0.8115570387283745,0.8959773513927536,0.838858429250935,0.9614432260346657,0.8362884521484375,0.0133743875012442
U-Net,563092_sat_66.jpg,0.7379609890219362,0.8492261836524132,0.7826188011071904,0.928225947923715,0.79931640625,0.0133743875012442
U-Net,563092_sat_70.jpg,0.8198286563778755,0.9009954354819694,0.9294886274782367,0.8741971858606657,0.82061767578125,0.013384637499257224
U-Net,563092_sat_73.jpg,0.917664548380246,0.9570647266283884,0.9510853001930175,0.9631198134558673,0.923095703125,0.013384637499257224
U-Net,563092_sat_75.jpg,0.9925384521484375,0.9962552552782521,0.9926899246100784,0.9998462886391933,0.9925384521484375,0.013384637499257224
U-Net,563092_sat_76.jpg,0.6125799774181407,0.759751436823526,0.6663084638215127,0.8836783169324737,0.748687744140625,0.013384637499257224
U-Net,563092_sat_77.jpg,0.8090462073740081,0.8944450441079786,0.8593732322660934,0.9325012787723785,0.8358612060546875,0.013384637499257224
U-Net,563092_sat_86.jpg,0.7876594471252759,0.8812186777430189,0.7896088798890014,0.9968753698662564,0.8267669677734375,0.013384637499257224
U-Net,563092_sat_87.jpg,0.8578402167855015,0.9234811573513743,0.8933453417392174,0.9557211373758137,0.8871307373046875,0.013384637499257224
U-Net,565914_sat_02.jpg,0.9370696734255575,0.9675126158662352,0.9532522610804993,0.982206111166286,0.9391937255859375,0.013384637499257224
U-Net,565914_sat_11.jpg,0.9774415236216832,0.98859208926846,0.9992596209889574,0.9781499128772109,0.9776611328125,0.01326705000246875
U-Net,565914_sat_18.jpg,0.8239629072373875,0.9034864732916954,0.8302855905195087,0.9908426260985156,0.825042724609375,0.01326705000246875
U-Net,565914_sat_21.jpg,0.9581655732182672,0.9786359093664498,0.9827092655962095,0.9745961820851688,0.960205078125,0.01326705000246875
U-Net,565914_sat_27.jpg,0.9406280517578125,0.9694058074712417,0.960711280117196,0.9782591446480997,0.9406280517578125,0.01326705000246875
U-Net,565914_sat_28.jpg,0.6338739901084386,0.7759153936545241,0.6452515713436943,0.9729353796826744,0.6362762451171875,0.01326705000246875
U-Net,565914_sat_32.jpg,0.3157252300724347,0.47992578215597953,0.32346601286755633,0.9295441649328542,0.3498992919921875,0.01326705000246875
U-Net,565914_sat_33.jpg,0.9200463141644153,0.9583584597695605,0.9485277733566767,0.9683950537040347,0.9209747314453125,0.01326705000246875
U-Net,565914_sat_42.jpg,0.8517416310733505,0.9199357154158097,0.9576961753181455,0.8850399756460994,0.8532867431640625,0.01326705000246875
U-Net,565914_sat_50.jpg,0.8575700418641027,0.923324582693546,0.9447889037184707,0.9028138772742683,0.8582763671875,0.013451012498990167
U-Net,565914_sat_51.jpg,0.5024495699643841,0.6688405121994141,0.5032322382665857,0.9969141517003024,0.5118560791015625,0.013451012498990167
U-Net,565914_sat_60.jpg,0.789940690234904,0.8826445418493007,0.9770867430441899,0.8048501958793954,0.794097900390625,0.013451012498990167
U-Net,565914_sat_61.jpg,0.9450066394981456,0.9717258751795089,0.9852171283993444,0.9585991205796742,0.9450225830078125,0.013451012498990167
U-Net,565914_sat_62.jpg,0.8900503290747194,0.9418271200327735,0.9627948271240954,0.9217532155114347,0.89166259765625,0.013451012498990167
U-Net,565914_sat_67.jpg,0.97467041015625,0.9871727505949989,0.9984057019600487,0.9761897484488187,0.97467041015625,0.013451012498990167
U-Net,565914_sat_68.jpg,0.927482272242735,0.962376967715046,0.954269455747711,0.9706234236564703,0.928375244140625,0.013451012498990167
U-Net,565914_sat_70.jpg,0.8650136466669751,0.9276217878757813,0.959529959119443,0.897767464191406,0.866424560546875,0.013451012498990167
U-Net,565914_sat_71.jpg,0.8457074428887251,0.9164046513949194,0.9949786865110902,0.8493323876776959,0.846649169921875,0.013267912498122314
U-Net,565914_sat_72.jpg,0.7383471212501045,0.8494818005268522,0.8510527633834832,0.8479166266817649,0.7611083984375,0.013267912498122314
U-Net,565914_sat_73.jpg,0.9695047880480224,0.9845163047396288,0.993468912670956,0.9757236079577029,0.9705047607421875,0.013267912498122314
U-Net,565914_sat_75.jpg,0.8057842846205528,0.8924479977849306,0.9886509594923605,0.813307259221877,0.810333251953125,0.013267912498122314
U-Net,565914_sat_77.jpg,0.8813984745680372,0.9369609750219483,0.9745219508701568,0.9021879661859771,0.88824462890625,0.013267912498122314
U-Net,565914_sat_78.jpg,0.9590142592394051,0.9790783856894907,0.9895693401817464,0.9688075381782736,0.95916748046875,0.013267912498122314
U-Net,565914_sat_80.jpg,0.05320202464788732,0.10102909679778509,0.05385786425070548,0.8137447405329593,0.2122344970703125,0.013267912498122314
U-Net,565914_sat_81.jpg,0.40430455912983104,0.5758075148319051,0.43138845773952306,0.8655860702151755,0.45013427734375,0.013267912498122314
U-Net,565914_sat_82.jpg,0.8378158491746851,0.9117516856228292,0.88162465631637,0.9440105773468488,0.841827392578125,0.013370750002650311
U-Net,565914_sat_83.jpg,0.9023046398046398,0.948643682956378,0.9981933610238747,0.9037805940715148,0.9023284912109375,0.013370750002650311
U-Net,565914_sat_84.jpg,0.879461090886462,0.9358651744917555,0.983746345538076,0.8924286435968679,0.88177490234375,0.013370750002650311
U-Net,565914_sat_85.jpg,0.9498784179445189,0.9742950218874071,0.9955616428856257,0.95391796933402,0.953765869140625,0.013370750002650311
U-Net,565914_sat_86.jpg,0.8778447069185159,0.9349492039296812,0.9710845888861825,0.9014066310298606,0.8814849853515625,0.013370750002650311
U-Net,565914_sat_87.jpg,0.8644942494839281,0.9273230525899565,0.977130476649013,0.8823470394461816,0.8737945556640625,0.013370750002650311
U-Net,565914_sat_88.jpg,0.8586477750422884,0.9239488907711438,0.8982112510730742,0.95120503163324,0.8712158203125,0.013370750002650311
U-Net,570332_sat_03.jpg,0.9760339668005218,0.9878716491709489,0.9975166644883022,0.9784113635198195,0.9857025146484375,0.013370750002650311
U-Net,570332_sat_04.jpg,0.8084046031945668,0.894052804075494,0.9523641953586576,0.8424700176944754,0.8140411376953125,0.013444987500406569
U-Net,570332_sat_05.jpg,0.9185359542329815,0.9575384315382366,0.9352283909468939,0.9809389046112869,0.920257568359375,0.013444987500406569
U-Net,570332_sat_06.jpg,0.944326592903472,0.9713662265898495,0.9454520451663178,0.9987410217093051,0.9443359375,0.013444987500406569
U-Net,570332_sat_07.jpg,0.99822998046875,0.9991142062982986,0.9988396237938195,0.9993889398105713,0.99822998046875,0.013444987500406569
U-Net,570332_sat_13.jpg,0.867683638763389,0.9291548319584687,0.9572412634408602,0.9026695888674712,0.9204559326171875,0.013444987500406569
U-Net,570332_sat_14.jpg,0.8468458462905375,0.9170725840399302,0.8915149490562886,0.9441388215732404,0.8527069091796875,0.013444987500406569
U-Net,570332_sat_15.jpg,0.9531998225295657,0.9760392270516265,0.95404639767246,0.9990699464417434,0.9533233642578125,0.013444987500406569
U-Net,570332_sat_16.jpg,0.999908447265625,0.9999542215372408,0.9999847400466955,0.9999237048905165,0.999908447265625,0.013444987500406569
U-Net,570332_sat_17.jpg,0.9994659423828125,0.9997328998679762,0.9997710482935466,0.999694754353566,0.9994659423828125,0.013425299999653362
U-Net,570332_sat_23.jpg,0.9412985402156283,0.9697617555629278,0.9672778077356733,0.9722584936805538,0.9624481201171875,0.013425299999653362
U-Net,570332_sat_24.jpg,0.7709320695102686,0.8706512042818911,0.944286918537819,0.8076689881196231,0.7765350341796875,0.013425299999653362
U-Net,570332_sat_25.jpg,0.8831608187588261,0.9379558133977206,0.9252454965207778,0.9510202035393793,0.8851165771484375,0.013425299999653362
U-Net,570332_sat_26.jpg,0.842193603515625,0.9143377785140396,0.8427980271495976,0.9991491826722905,0.842193603515625,0.013425299999653362
U-Net,570332_sat_27.jpg,0.9376220703125,0.9678069678069678,0.9376506851405377,0.9999674532139952,0.9376220703125,0.013425299999653362
U-Net,570332_sat_28.jpg,0.9501190185546875,0.9744215706986534,0.950191512413972,0.9999197070914697,0.9501190185546875,0.013425299999653362
U-Net,570332_sat_33.jpg,0.9561703096539163,0.9775941337368329,0.9876238351412528,0.9677660953478323,0.97650146484375,0.013425299999653362
U-Net,570332_sat_34.jpg,0.9670225348605578,0.9832348310428584,0.9817202262457737,0.9847541165470134,0.9676666259765625,0.01342101249974803
U-Net,570332_sat_35.jpg,0.907626325639426,0.9515766410229158,0.93310779393609,0.9707913525055047,0.9096221923828125,0.01342101249974803
U-Net,570332_sat_36.jpg,0.9481290001090054,0.9733739398735441,0.9513140214368301,0.9964812359863178,0.9491729736328125,0.01342101249974803
U-Net,570332_sat_37.jpg,0.9473571319135897,0.9729670191339376,0.9500353378606766,0.9970331194169435,0.94757080078125,0.01342101249974803
U-Net,570332_sat_43.jpg,0.9094299608760832,0.9525669749717547,1.0,0.9094299608760832,0.9622039794921875,0.01342101249974803
U-Net,570332_sat_44.jpg,0.834944719433779,0.9100489083850148,0.9768184442199451,0.8518233017650946,0.836669921875,0.01342101249974803
U-Net,570332_sat_53.jpg,0.708121174715836,0.8291228809731715,0.9745186862967158,0.7214798511764398,0.9134063720703125,0.01342101249974803
U-Net,570332_sat_63.jpg,0.3297334244702666,0.4959391384805181,0.685519397470513,0.38849963759362166,0.850372314453125,0.01342101249974803
U-Net,570332_sat_68.jpg,0.8975585838433706,0.9460140956759598,0.9780393890823339,0.9160196017531146,0.9075469970703125,0.013442712497635512
U-Net,570332_sat_73.jpg,0.0,0.0,0.0,0.0,0.8915863037109375,0.013442712497635512
U-Net,570332_sat_74.jpg,0.7422705721694567,0.8520726734713648,1.0,0.7422705721694567,0.7436981201171875,0.013442712497635512
U-Net,570332_sat_77.jpg,0.9225642189932538,0.9597226556898603,1.0,0.9225642189932538,0.9271392822265625,0.013442712497635512
U-Net,570332_sat_78.jpg,0.8278656889231957,0.9058277027027027,0.9602327837051406,0.8572570438952908,0.95916748046875,0.013442712497635512
U-Net,570332_sat_84.jpg,0.4190832169555574,0.5906393817476627,1.0,0.4190832169555574,0.568389892578125,0.013442712497635512
U-Net,570332_sat_86.jpg,0.8643555182601703,0.9272432320921205,0.9939688794177959,0.8689126728879984,0.8816070556640625,0.013442712497635512
U-Net,570332_sat_87.jpg,0.6735974188922746,0.8049694762771769,0.9666881028938906,0.6896045508762272,0.944427490234375,0.013442712497635512
U-Net,575902_sat_20.jpg,0.40820534977807454,0.5797525905471179,0.4131467530660518,0.9715340749742919,0.5402069091796875,0.013267037502373569
U-Net,575902_sat_30.jpg,0.5430033092456271,0.703826499906991,0.546110611129035,0.9896301310849899,0.5869903564453125,0.013267037502373569
U-Net,575902_sat_40.jpg,0.5989123667923976,0.7491497085533021,0.599450197012737,0.9985041821845045,0.6657562255859375,0.013267037502373569
U-Net,575902_sat_50.jpg,0.6689044904982102,0.8016090726660161,0.669295211743909,0.9991280203767869,0.671142578125,0.013267037502373569
U-Net,575902_sat_51.jpg,0.04312783858238404,0.08268945950286398,0.04312944417557053,0.9991375592927986,0.2155914306640625,0.013267037502373569
U-Net,575902_sat_61.jpg,0.6298777228384338,0.7729140830779637,0.6354184220282431,0.9863454445577965,0.6619110107421875,0.013267037502373569
U-Net,575902_sat_62.jpg,0.4449278965688712,0.6158478878086553,0.4577214110625599,0.9408929588572931,0.591217041015625,0.013267037502373569
U-Net,575902_sat_63.jpg,0.5919836028239581,0.7437056534676127,0.6774916597164303,0.8242643328259767,0.863311767578125,0.013267037502373569
U-Net,575902_sat_64.jpg,0.12594683735360707,0.2237172008043095,0.13339648894283432,0.6928044280442804,0.5228424072265625,0.013420637500530574
U-Net,575902_sat_74.jpg,0.9920077314843223,0.9959878325824959,0.9945250142257355,0.9974549605133267,0.9920501708984375,0.013420637500530574
U-Net,575902_sat_75.jpg,0.9089812305927494,0.952320762536262,0.957199983338193,0.9474910320372737,0.929779052734375,0.013420637500530574
U-Net,575902_sat_76.jpg,0.6699818284843393,0.8023821781251462,0.6745421281451026,0.9900101053847264,0.742279052734375,0.013420637500530574
U-Net,575902_sat_77.jpg,0.7764134673065387,0.8741359842129146,0.7834632263922519,0.9885433324581713,0.8180084228515625,0.013420637500530574
U-Net,575902_sat_78.jpg,0.1762849577423918,0.2997317216072034,0.1808775912761919,0.8741007194244604,0.306976318359375,0.013420637500530574
U-Net,584712_sat_50.jpg,0.6845779047211743,0.812758973986998,0.6878558602802376,0.9930869449614464,0.6848907470703125,0.013420637500530574
U-Net,584712_sat_51.jpg,0.14809030462347303,0.2579767532694924,0.1481452835442255,0.9975002603895428,0.1593475341796875,0.013420637500530574
U-Net,584712_sat_60.jpg,0.99273681640625,0.996355171674477,0.9945731101429336,0.9981436308126601,0.99273681640625,0.013515362501493655
U-Net,584712_sat_61.jpg,0.3620592206487267,0.5316350642614258,0.3620876446482124,0.9997832307292118,0.3799896240234375,0.013515362501493655
U-Net,584712_sat_70.jpg,0.30642055640395727,0.46909941044927833,0.30658849711846675,0.9982155410155193,0.3624267578125,0.013515362501493655
U-Net,586222_sat_01.jpg,0.6422083704363313,0.7821277518707298,0.8520189967629894,0.7228336039449155,0.693450927734375,0.013515362501493655
U-Net,586222_sat_11.jpg,0.42771190420286453,0.5991571590091479,0.4592524896004034,0.8616448885472713,0.7024688720703125,0.013515362501493655
U-Net,586222_sat_12.jpg,0.7721818705404281,0.8714476582529881,0.8017607973421927,0.9544016451791505,0.78271484375,0.013515362501493655
U-Net,586222_sat_22.jpg,0.4695862811442633,0.6390727610475916,0.5115821220625811,0.8511987733482018,0.579010009765625,0.013515362501493655
U-Net,586222_sat_30.jpg,0.7839294659853722,0.87887944106844,0.9233855740181269,0.8384663194667695,0.8354644775390625,0.013515362501493655
U-Net,586222_sat_31.jpg,0.5650526173315737,0.7220876935051457,0.6769773381440791,0.7736391012277044,0.803863525390625,0.013445737498841481
U-Net,586222_sat_32.jpg,0.6670085470085471,0.8002461033634126,0.7086630516565914,0.9190134921436022,0.79193115234375,0.013445737498841481
U-Net,586222_sat_42.jpg,0.9701223792229987,0.9848346371311285,0.9917788559037799,0.9779869860168905,0.970123291015625,0.013445737498841481
U-Net,603617_sat_80.jpg,0.7444077799282927,0.8534790872795729,0.8089335585973865,0.9032164924640527,0.7541656494140625,0.013445737498841481
U-Net,603617_sat_81.jpg,0.5406702123702904,0.7018636539204326,0.5845430053480236,0.8781032920567804,0.62310791015625,0.013445737498841481
U-Net,605764_sat_01.jpg,0.79112,0.8833802313636161,0.9982234066178104,0.7922354675382939,0.8007965087890625,0.013445737498841481
U-Net,605764_sat_02.jpg,0.5425459496255957,0.703442188879082,0.7160826594788859,0.6912402428447528,0.9794921875,0.013445737498841481
U-Net,605764_sat_10.jpg,0.6123528512459868,0.7595767276037321,0.974715888350814,0.6222367215050255,0.61309814453125,0.013445737498841481
U-Net,605764_sat_11.jpg,0.41737058696123025,0.5889364303178484,0.9857553220792508,0.41990311604284347,0.466400146484375,0.013455674998112954
U-Net,605764_sat_12.jpg,0.23806542494913133,0.3845764854614412,0.40673886883273164,0.364704471885865,0.8514404296875,0.013455674998112954
U-Net,605764_sat_20.jpg,0.38235812336819847,0.553196913165396,0.9836004779760188,0.38481131010913544,0.41162109375,0.013455674998112954
U-Net,605764_sat_21.jpg,0.37302561323536443,0.5433629345870334,0.9775698592372917,0.3762459005851714,0.3997650146484375,0.013455674998112954
U-Net,605764_sat_22.jpg,0.14539730512529908,0.25388099740533887,0.24684653867533246,0.2613281426825404,0.48223876953125,0.013455674998112954
U-Net,605764_sat_30.jpg,0.2525672371638142,0.4032793285184462,0.4608007137281142,0.35852494577006505,0.44024658203125,0.013455674998112954
U-Net,605764_sat_31.jpg,0.14233343959196684,0.24919771173433794,0.39530765825586545,0.1819478402607987,0.5894622802734375,0.013455674998112954
U-Net,605764_sat_32.jpg,0.04179119859837164,0.0802295098184696,0.04653431260041313,0.2907852276801721,0.7162628173828125,0.013455674998112954
U-Net,605764_sat_40.jpg,0.18070170208960562,0.30609204978666466,0.21912955465587045,0.5074926747593135,0.5806121826171875,0.01345815000240691
U-Net,605764_sat_41.jpg,0.8620467638088783,0.9259131194380243,0.8784640088402369,0.978780708335738,0.875762939453125,0.01345815000240691
U-Net,605764_sat_42.jpg,0.80611722893837,0.892652166783441,0.9071352825329495,0.8786242516727315,0.8901214599609375,0.01345815000240691
U-Net,605764_sat_43.jpg,0.0035904419957905162,0.007155193683691093,0.003956883613044072,0.03732303732303732,0.877197265625,0.01345815000240691
U-Net,605764_sat_44.jpg,0.0,0.0,0.0,0.0,0.7235870361328125,0.01345815000240691
U-Net,605764_sat_50.jpg,0.2956796520616367,0.45640857536222385,0.9851692516698743,0.29700165531835016,0.3674163818359375,0.01345815000240691
U-Net,605764_sat_51.jpg,0.5045492637375794,0.670698229560374,0.9901327381651591,0.50709902538804,0.6211090087890625,0.01345815000240691
U-Net,605764_sat_52.jpg,0.4106086106737608,0.5821722731121546,0.9967053241960991,0.411166684788518,0.5030517578125,0.01345815000240691
U-Net,605764_sat_53.jpg,0.5785624146900512,0.7330244395862564,0.9452977067115506,0.5986037464360894,0.75030517578125,0.01343040000210749
U-Net,605764_sat_54.jpg,0.2617425917735515,0.41489063376332025,0.7868285764935296,0.2817200888606792,0.617950439453125,0.01343040000210749
U-Net,605764_sat_55.jpg,0.05821547188118073,0.11002574320273653,0.0599354541263255,0.669815371404036,0.6149139404296875,0.01343040000210749
U-Net,605764_sat_58.jpg,0.000774764803541782,0.0015483300154833,0.0007939208347510491,0.03111111111111111,0.7244873046875,0.01343040000210749
U-Net,605764_sat_60.jpg,0.2892181210927464,0.44867213136533324,0.9009710809945577,0.2987139344407295,0.3667755126953125,0.01343040000210749
U-Net,605764_sat_61.jpg,0.21209034809178598,0.34995798527013,0.8826829572372522,0.21824234764649672,0.598663330078125,0.01343040000210749
U-Net,605764_sat_62.jpg,0.34879230326230565,0.5171920130604044,0.9600895188362552,0.3539238939878313,0.7066802978515625,0.01343040000210749
U-Net,605764_sat_63.jpg,0.45439308966673114,0.6248559524864817,0.9753701397537013,0.45966742745353767,0.870849609375,0.01343040000210749
U-Net,605764_sat_64.jpg,0.672809731033398,0.8044067637241228,0.959009042672446,0.6927312478069584,0.8095550537109375,0.013491800000338117
U-Net,605764_sat_65.jpg,0.3275390122359217,0.4934529369261407,0.6941345629431306,0.38278558538852736,0.5614166259765625,0.013491800000338117
U-Net,605764_sat_66.jpg,0.5131468731485076,0.678251242168935,0.7087189616252821,0.6502951532725766,0.636383056640625,0.013491800000338117
U-Net,605764_sat_67.jpg,0.4429477020602219,0.613948380010983,0.6898242337324484,0.5531101246189228,0.6031036376953125,0.013491800000338117
U-Net,605764_sat_68.jpg,0.5908063955509211,0.7427759873272519,0.7781402002861231,0.7104864412978734,0.71258544921875,0.013491800000338117
U-Net,605764_sat_70.jpg,0.4616295127244032,0.6316641921986773,0.9737377473645275,0.4674494484274077,0.6252288818359375,0.013491800000338117
U-Net,605764_sat_71.jpg,0.8756620806822346,0.9337098507250624,0.994683467665645,0.879779774754422,0.8860931396484375,0.013491800000338117
U-Net,605764_sat_72.jpg,0.7500633673404727,0.8571842383974074,0.99833424703749,0.75100325164565,0.7592620849609375,0.013491800000338117
U-Net,605764_sat_75.jpg,0.36734543715394663,0.5373118265104327,0.9232120567703759,0.37892300102462906,0.4752044677734375,0.013452312497975072
U-Net,605764_sat_76.jpg,0.5393371890204719,0.7007395038167938,0.9995746490854955,0.5394609981176255,0.54058837890625,0.013452312497975072
U-Net,605764_sat_77.jpg,0.5837632239486287,0.7371849719975109,0.9996308308941804,0.5838891028109356,0.587554931640625,0.013452312497975072
U-Net,605764_sat_78.jpg,0.6222011880671062,0.7671073016639505,0.9528641407577727,0.6419599259134534,0.8233795166015625,0.013452312497975072
U-Net,605764_sat_81.jpg,0.96905925473427,0.98428653419579,0.9931135943907096,0.9756150061500615,0.969085693359375,0.013452312497975072
U-Net,605764_sat_82.jpg,0.9549044664439347,0.9769321036755846,0.982199980996421,0.9717204317921883,0.9553070068359375,0.013452312497975072
U-Net,605764_sat_83.jpg,0.8230255045752483,0.9029226442632872,0.9605028969591396,0.851855583543241,0.83355712890625,0.013452312497975072
U-Net,605764_sat_84.jpg,0.7253573993080489,0.8408198783613783,0.9644988390512771,0.7452548625083837,0.7432098388671875,0.013452312497975072
U-Net,605764_sat_85.jpg,0.10992731255600915,0.19808020095092851,0.9616724738675958,0.11041104110411042,0.181610107421875,0.013487687498127343
U-Net,605764_sat_86.jpg,0.6293785824765717,0.7725381801937627,0.9853637690965421,0.6353178885495833,0.751373291015625,0.013487687498127343
U-Net,605764_sat_87.jpg,0.4795766662466927,0.648262002486503,0.9392952324548416,0.4949161357430763,0.6848602294921875,0.013487687498127343
U-Net,605764_sat_88.jpg,0.7081025962820613,0.8291101457527805,0.9960060901608597,0.7101189352463658,0.7160797119140625,0.013487687498127343
U-Net,612214_sat_05.jpg,0.4180907483794932,0.589653023062539,0.5424311926605505,0.6458807464724624,0.7890472412109375,0.013487687498127343
U-Net,612214_sat_06.jpg,0.5892111786766108,0.7415140122123564,0.9459808824029663,0.6097261505404635,0.70416259765625,0.013487687498127343
U-Net,612214_sat_07.jpg,0.9593955818863643,0.9792770696795464,0.9997372957885231,0.9596375098502758,0.9606781005859375,0.013487687498127343
U-Net,612214_sat_08.jpg,0.8980710110068654,0.946298642989619,0.9878749649565461,0.9080805965822153,0.9023590087890625,0.013487687498127343
U-Net,612214_sat_16.jpg,0.06349264170187964,0.11940400753553691,0.06528334394546612,0.6983173076923077,0.6077117919921875,0.01350122499934514
U-Net,612214_sat_17.jpg,0.4231565603211494,0.594673238516583,0.4797355561943087,0.7820382663022257,0.7917022705078125,0.01350122499934514
U-Net,612214_sat_18.jpg,0.38273288935248334,0.5535890442755179,0.420857596611964,0.8086116290896762,0.765228271484375,0.01350122499934514
U-Net,612214_sat_27.jpg,0.2913096695226438,0.45118483412322274,0.3123359580052493,0.8122866894197952,0.9204864501953125,0.01350122499934514
U-Net,612214_sat_28.jpg,0.8090244611487188,0.8944317542671518,0.8816700610997963,0.9075683104661185,0.8596649169921875,0.01350122499934514
U-Net,612214_sat_37.jpg,0.5719346120542625,0.7276824464178406,0.9516678309465596,0.5890444276294454,0.751068115234375,0.01350122499934514
U-Net,612214_sat_38.jpg,0.8226518209086483,0.9026977193027804,0.9999427338843606,0.8226905801426013,0.8276824951171875,0.01350122499934514
U-Net,612214_sat_47.jpg,0.2524292809328439,0.4031034482758621,0.45699765441751367,0.3605798889574337,0.841522216796875,0.01350122499934514
U-Net,612214_sat_55.jpg,0.007418721361553567,0.01472817847086853,0.0076818798011748755,0.17801047120418848,0.861175537109375,0.01334443749874481
U-Net,612214_sat_56.jpg,0.3784100418410042,0.5490529383195726,0.6426947129050596,0.4792284866468843,0.88665771484375,0.01334443749874481
U-Net,612214_sat_57.jpg,0.5555013355249641,0.7142408982085363,0.8797640837909294,0.6011395219566426,0.7359161376953125,0.01334443749874481
U-Net,612214_sat_64.jpg,0.17951009251471825,0.304380765631267,0.350544036132211,0.2689611719303773,0.7618255615234375,0.01334443749874481
U-Net,612214_sat_65.jpg,0.8276154304905992,0.9056778758630165,0.9956010346064531,0.8306529101362526,0.8323974609375,0.01334443749874481
U-Net,612214_sat_66.jpg,0.8265911739003787,0.9050642373742911,0.984880694143167,0.8372148770998138,0.8546600341796875,0.01334443749874481
U-Net,612214_sat_67.jpg,0.7837750922446769,0.8787824156221238,0.9985336927223719,0.7846782119497069,0.8050689697265625,0.01334443749874481
U-Net,612214_sat_74.jpg,0.4040438150313417,0.57554302893649,0.7094574562703825,0.48415568650261753,0.5691375732421875,0.01334443749874481
U-Net,612214_sat_76.jpg,0.6798030349355518,0.809384220408476,0.9953583714245323,0.6819649372033707,0.696380615234375,0.013395612499152776
U-Net,612214_sat_77.jpg,0.6709634064390005,0.8030856975723896,1.0,0.6709634064390005,0.6712646484375,0.013395612499152776
U-Net,612214_sat_84.jpg,0.0017102202763715968,0.0034146008331626034,0.0017102202763715968,1.0,0.7773284912109375,0.013395612499152776
U-Net,612214_sat_85.jpg,0.3481918391026881,0.5165315929140071,0.49885710327630395,0.5355044984757231,0.794281005859375,0.013395612499152776
U-Net,612214_sat_86.jpg,0.6683288217694828,0.8011955593509821,0.920489776696362,0.7092745471589706,0.8223876953125,0.013395612499152776
U-Net,612214_sat_87.jpg,0.8096842688330872,0.8948348424945798,0.9994302318956185,0.8100581878636741,0.8112640380859375,0.013395612499152776
U-Net,619800_sat_58.jpg,0.2443294428539969,0.39270860985753475,0.3082800777993887,0.5408237874725811,0.8952789306640625,0.013395612499152776
U-Net,619800_sat_64.jpg,0.06485093340763444,0.12180283901354091,0.07471310488724821,0.3294409058740269,0.7951507568359375,0.013395612499152776
U-Net,619800_sat_65.jpg,0.30246972442071135,0.46445567025404494,0.38015340364333655,0.5968015051740357,0.6651458740234375,0.01327643750119023
U-Net,619800_sat_66.jpg,0.6381882497693018,0.7791390883913064,0.8509758348429436,0.718486667436223,0.7846221923828125,0.01327643750119023
U-Net,619800_sat_67.jpg,0.6729891956782713,0.8045350172215844,0.879625513219488,0.7412565837318466,0.7506103515625,0.01327643750119023
U-Net,619800_sat_68.jpg,0.7442487850847207,0.8533745775819147,0.9978199474805529,0.7454609390905221,0.7888031005859375,0.01327643750119023
U-Net,619800_sat_74.jpg,0.07383204915634449,0.13751135331516803,0.13977104874446086,0.13532356095816947,0.8551025390625,0.01327643750119023
U-Net,619800_sat_75.jpg,0.5901823968662014,0.7422826438392018,0.7646872224337014,0.7211535585006132,0.7445831298828125,0.01327643750119023
U-Net,619800_sat_76.jpg,0.5797098860266533,0.7339447466328919,0.8869301410298458,0.6259717212245134,0.6410064697265625,0.01327643750119023
U-Net,619800_sat_77.jpg,0.713197257712683,0.8325921075368566,0.9998689355381288,0.7132639386667498,0.7191314697265625,0.01327643750119023
U-Net,619800_sat_87.jpg,0.16538602268569338,0.28383045525902667,0.17853263552878443,0.6919249904324531,0.86077880859375,0.013398874998529209
U-Net,619800_sat_88.jpg,0.6909009993122143,0.8171986409532469,0.8731465385008692,0.7679888469149128,0.8834228515625,0.013398874998529209
U-Net,621206_sat_58.jpg,0.3954409153104894,0.566761245097221,0.40260240678167053,0.956953642384106,0.683135986328125,0.013398874998529209
U-Net,621206_sat_65.jpg,0.09242370204310389,0.16920852572174805,0.09243312101910828,0.998898678414097,0.7281951904296875,0.013398874998529209
U-Net,621206_sat_66.jpg,0.5276237738921413,0.6907771179127963,0.5340842196146148,0.9775878169671719,0.8140869140625,0.013398874998529209
U-Net,621206_sat_67.jpg,0.17781600236514633,0.30194190265385756,0.18009091651468548,0.9336720293536551,0.5332183837890625,0.013398874998529209
U-Net,621206_sat_68.jpg,0.644614339109752,0.7839094233590215,0.6918041754034097,0.904306790285292,0.680816650390625,0.013398874998529209
U-Net,621206_sat_72.jpg,0.0,0.0,0.0,0.0,0.7258148193359375,0.013398874998529209
U-Net,621206_sat_73.jpg,0.5755474090954127,0.730599924537794,0.5983519313304722,0.9378935471718423,0.80389404296875,0.013315299998794217
U-Net,621206_sat_74.jpg,0.7492199258470688,0.8566331937755113,0.7589149592830848,0.9832349753101288,0.7915191650390625,0.013315299998794217
U-Net,621206_sat_75.jpg,0.8740895560200139,0.9328151402500845,0.966473502687372,0.9014222497999707,0.878662109375,0.013315299998794217
U-Net,621206_sat_77.jpg,0.8089583715386026,0.8943913627493221,0.9138856758109904,0.8757113552143991,0.8092498779296875,0.013315299998794217
U-Net,621206_sat_78.jpg,0.9121559492429351,0.9540602058154073,0.9181359618677403,0.9929101676536826,0.91253662109375,0.013315299998794217
U-Net,621206_sat_81.jpg,0.08406932177970339,0.15509953116593653,0.0925009167583425,0.47979077508321444,0.8322601318359375,0.013315299998794217
U-Net,621206_sat_82.jpg,0.7936763337468983,0.8849716292893812,0.8583558714384553,0.9132908003926118,0.8376007080078125,0.013315299998794217
U-Net,624916_sat_00.jpg,0.48807763995115366,0.6559841057314387,0.5189521640091116,0.8913494268163856,0.6353912353515625,0.013315299998794217
U-Net,624916_sat_10.jpg,0.7634046321788183,0.8658303582151474,0.7800137700403266,0.9728642229746307,0.8124847412109375,0.013404400000581518
U-Net,624916_sat_25.jpg,0.8294686508605496,0.9067864054083488,0.8409521737779297,0.9838038281860652,0.8302154541015625,0.013404400000581518
U-Net,624916_sat_26.jpg,0.7257586688565859,0.8410894083324438,0.7406055669554048,0.9731203819951839,0.727386474609375,0.013404400000581518
U-Net,624916_sat_27.jpg,0.6308997620004327,0.7736830634233244,0.6380288514136567,0.9825976026572956,0.6355743408203125,0.013404400000581518
U-Net,624916_sat_35.jpg,0.8568914866270886,0.9229311381932943,0.8568914866270886,1.0,0.8572845458984375,0.013404400000581518
U-Net,624916_sat_36.jpg,0.19222052634013229,0.3224580051984327,0.19242522455782943,0.9944962909787031,0.2005157470703125,0.013404400000581518
U-Net,624916_sat_37.jpg,0.8987363023106743,0.9466678455738733,0.8987363023106743,1.0,0.8987579345703125,0.013404400000581518
U-Net,624916_sat_42.jpg,0.98486328125,0.9923739237392374,0.9886194801415289,0.9961569922676833,0.98486328125,0.013404400000581518
U-Net,624916_sat_43.jpg,0.9580841064453125,0.9785934151568284,0.9626671163988716,0.9950555458709054,0.9580841064453125,0.013449987502099248
U-Net,624916_sat_45.jpg,0.8927063103054965,0.943312024105216,0.8938912211384121,0.998517318069755,0.8937835693359375,0.013449987502099248
U-Net,624916_sat_46.jpg,7.744733581164808e-05,0.0001548826763726477,7.744733581164808e-05,1.0,0.0149688720703125,0.013449987502099248
U-Net,624916_sat_47.jpg,0.4073346631885837,0.5788739151293122,0.4073346631885837,1.0,0.41064453125,0.013449987502099248
U-Net,624916_sat_48.jpg,0.9079132080078125,0.9517342866511512,0.9605456453305351,0.9430831167184429,0.9079132080078125,0.013449987502099248
U-Net,624916_sat_52.jpg,0.9698028564453125,0.9846699666132168,0.9754439277437574,0.9940721971971972,0.9698028564453125,0.013449987502099248
U-Net,624916_sat_53.jpg,0.6826492795521998,0.8113981776807011,0.7026385349562354,0.9599930798840881,0.6851043701171875,0.013449987502099248
U-Net,624916_sat_55.jpg,0.8026856027461803,0.8905441986371698,0.8294269022117123,0.9613849812568019,0.821075439453125,0.013449987502099248
U-Net,624916_sat_56.jpg,0.3686303714032197,0.5386850666265325,0.3686303714032197,1.0,0.3919830322265625,0.013536699996620882
U-Net,624916_sat_57.jpg,0.4741099088925176,0.6432490630888047,0.4742836205975299,0.9992280724325368,0.47418212890625,0.013536699996620882
U-Net,624916_sat_58.jpg,0.8304751367631692,0.9073875083948959,0.9064895419245542,0.9082872556763751,0.8316650390625,0.013536699996620882
U-Net,624916_sat_62.jpg,0.8398747261563146,0.9129694692973997,0.8692854291417166,0.961276310213307,0.8416290283203125,0.013536699996620882
U-Net,624916_sat_63.jpg,0.9784698486328125,0.9891177763552649,0.9787685450882228,0.9996882064073583,0.9784698486328125,0.013536699996620882
U-Net,624916_sat_64.jpg,0.9632729757430817,0.9812929609327417,0.9822175069673169,0.9803701537829337,0.9639129638671875,0.013536699996620882
U-Net,624916_sat_65.jpg,0.6547111591805573,0.7913298409189216,0.7265041740941421,0.8688576494427558,0.6687469482421875,0.013536699996620882
U-Net,624916_sat_68.jpg,0.930590788227024,0.9640476831256827,0.9348480196499847,0.9951302415269471,0.930694580078125,0.013536699996620882
U-Net,624916_sat_72.jpg,0.684942002114586,0.8130155236856704,0.7978438582086889,0.8287753777695374,0.6862640380859375,0.013500025001121685
U-Net,624916_sat_73.jpg,0.32464062235751734,0.49015652529172943,0.37589096890420615,0.7042336194878568,0.390655517578125,0.013500025001121685
U-Net,624916_sat_74.jpg,0.35697773894683194,0.5261364703357433,0.3717421384839926,0.8998807011103973,0.4609527587890625,0.013500025001121685
U-Net,624916_sat_75.jpg,0.5983508699320291,0.7487102878199382,0.603703584735963,0.98539820688932,0.614990234375,0.013500025001121685
U-Net,624916_sat_76.jpg,0.3066920449694037,0.4694174823366051,0.3149616368286445,0.9211412085270075,0.4052886962890625,0.013500025001121685
U-Net,624916_sat_77.jpg,0.5253972565530355,0.6888661354226951,0.526353385376805,0.9965545000805023,0.57342529296875,0.013500025001121685
U-Net,624916_sat_78.jpg,0.8643774392546897,0.9272558453616949,0.8704733830964041,0.9919633020895414,0.868499755859375,0.013500025001121685
U-Net,624916_sat_84.jpg,0.9151153564453125,0.9556764853516481,0.9786716710182768,0.9337370969499759,0.9151153564453125,0.013500025001121685
U-Net,624916_sat_85.jpg,0.9878387451171875,0.9938821723277682,0.9930360621539123,0.9947297255769645,0.9878387451171875,0.013483187500241911
U-Net,624916_sat_86.jpg,0.9524078369140625,0.9756238618867865,0.9715161797438012,0.9797664270241422,0.9524078369140625,0.013483187500241911
U-Net,624916_sat_87.jpg,0.8562084292153957,0.9225347926873795,0.8652225850123437,0.9879783209660993,0.8607940673828125,0.013483187500241911
U-Net,624916_sat_88.jpg,0.7447781181215078,0.8537224422820746,0.7527614424842092,0.9859602649006622,0.7469940185546875,0.013483187500241911
U-Net,626208_sat_00.jpg,0.9241342807192006,0.9605715047847687,0.9627704904336202,0.958382541293102,0.927825927734375,0.013483187500241911
U-Net,626208_sat_01.jpg,0.9174219380470544,0.9569327646073281,0.9497911311053985,0.9641826099721094,0.9188079833984375,0.013483187500241911
U-Net,626208_sat_02.jpg,0.41573522720528594,0.5873064669386843,0.4472799250808786,0.8549633848657445,0.549346923828125,0.013483187500241911
U-Net,626208_sat_03.jpg,0.021119499783816144,0.04136538336264738,0.021119499783816144,1.0,0.101806640625,0.013483187500241911
U-Net,626208_sat_04.jpg,0.0010344487865751536,0.002066759616173214,0.0010344487865751536,1.0,0.0716705322265625,0.013467787499394035
U-Net,626208_sat_05.jpg,0.0006610259122157589,0.001321178491214163,0.0006611023882323775,0.851063829787234,0.0772705078125,0.013467787499394035
U-Net,626208_sat_06.jpg,0.00022395048658332994,0.00044780068798469335,0.00022414214687423587,0.20754716981132076,0.2506866455078125,0.013467787499394035
U-Net,626208_sat_13.jpg,0.8022925019547822,0.8903022135248398,0.840332473687879,0.9465905075962784,0.81866455078125,0.013467787499394035
U-Net,626208_sat_14.jpg,0.6135100470286448,0.7604663487016429,0.6216468392815488,0.9791109011704193,0.8206787109375,0.013467787499394035
U-Net,626208_sat_15.jpg,0.08659512288602501,0.15938802054628426,0.08661794656762908,0.9969663541092113,0.4181671142578125,0.013467787499394035
U-Net,626208_sat_16.jpg,5.32264073949222e-05,0.00010644714899052621,5.32264073949222e-05,1.0,0.1400146484375,0.013467787499394035
U-Net,626208_sat_18.jpg,0.0006373008434864105,0.0012737898995953843,0.0006373008434864105,1.0,0.18646240234375,0.013467787499394035
U-Net,626208_sat_24.jpg,0.9041602321119379,0.9496682231506512,0.9444996659551239,0.9548936590830464,0.90625,0.013420137500361307
U-Net,626208_sat_25.jpg,0.09185795409101816,0.1682598981796872,0.09231944053695591,0.9483897605284889,0.306976318359375,0.013420137500361307
U-Net,626208_sat_28.jpg,0.00030386611191622647,0.0006075476107021848,0.0003039371551482278,0.5652173913043478,0.3473968505859375,0.013420137500361307
U-Net,626208_sat_30.jpg,0.7996913969013729,0.888698360483631,0.9873447250247857,0.8079731471023369,0.805877685546875,0.013420137500361307
U-Net,626208_sat_31.jpg,0.7777180698898389,0.874962214833123,0.9466707708882434,0.8133522868146581,0.785400390625,0.013420137500361307
U-Net,626208_sat_34.jpg,0.9831390380859375,0.9914978417598314,0.9974456622701096,0.985620535099662,0.9831390380859375,0.013420137500361307
U-Net,626208_sat_35.jpg,0.5203778763603868,0.6845375540534867,0.5534153585065762,0.8970867376413304,0.5413818359375,0.013420137500361307
U-Net,626208_sat_36.jpg,0.3198446588884032,0.4846701568013043,0.3198446588884032,1.0,0.3826751708984375,0.013420137500361307
U-Net,626208_sat_37.jpg,0.1433459307298714,0.2507481364600903,0.1433459307298714,1.0,0.159515380859375,0.013455512500513578
U-Net,626208_sat_40.jpg,0.0010326164364050706,0.002063102479280048,0.0010451957038852446,0.07901907356948229,0.143829345703125,0.013455512500513578
U-Net,626208_sat_41.jpg,0.24001020431828196,0.38711004713099423,0.24738251183248075,0.8895478769124978,0.499969482421875,0.013455512500513578
U-Net,626208_sat_47.jpg,0.738258702468044,0.8494232779273154,0.793090940495725,0.9143699219372312,0.7516021728515625,0.013455512500513578
U-Net,626208_sat_50.jpg,0.0002525465106490445,0.000504965494024575,0.0002525465106490445,1.0,0.275146484375,0.013455512500513578
U-Net,626208_sat_51.jpg,0.1514170701191318,0.26300994496019653,0.1579738933030647,0.7848583110108558,0.5239410400390625,0.013455512500513578
U-Net,626208_sat_52.jpg,0.9279022216796875,0.9626029901778436,0.9996054902605408,0.9282421541091709,0.9279022216796875,0.013455512500513578
U-Net,626208_sat_53.jpg,0.7753536479420394,0.8734638857343342,0.871524643021649,0.8754117777695525,0.7908782958984375,0.013455512500513578
U-Net,626208_sat_54.jpg,0.7282525260437064,0.8427617088005221,0.9270899808551372,0.7724953887568753,0.7353057861328125,0.013471399997797562
U-Net,626208_sat_57.jpg,0.37304228506537546,0.5433806214462121,0.38164391519024105,0.9430246002950441,0.3934478759765625,0.013471399997797562
U-Net,626208_sat_58.jpg,0.7427534729421522,0.8523907534531784,0.7654487179487179,0.9616138297586772,0.8106842041015625,0.013471399997797562
U-Net,626208_sat_60.jpg,0.24481370626483642,0.3933338860790979,0.2734609176850357,0.7003247711839385,0.4417572021484375,0.013471399997797562
U-Net,626208_sat_61.jpg,0.3480688115126954,0.5163962084726526,0.354938011301341,0.9473269555430501,0.518890380859375,0.013471399997797562
U-Net,626208_sat_62.jpg,0.13265656604205625,0.23423969810303583,0.14135827572183815,0.6830418549813323,0.306427001953125,0.013471399997797562
U-Net,626208_sat_63.jpg,0.18932120599629443,0.3183685030448945,0.1937054350401758,0.8932154564418396,0.4124755859375,0.013471399997797562
U-Net,626208_sat_64.jpg,0.8661084567229608,0.9282509316140372,0.9631578024444561,0.8957857655424359,0.8704376220703125,0.013471399997797562
U-Net,626208_sat_66.jpg,0.688873291015625,0.8157785367087693,0.7147425748844278,0.9500820741613705,0.688873291015625,0.013446812499751104
U-Net,626208_sat_67.jpg,0.5562407461114588,0.7148517959079584,0.5731519345706196,0.949627351852817,0.556396484375,0.013446812499751104
U-Net,626208_sat_70.jpg,0.8222623420282638,0.9024631888217006,0.8671360808836804,0.9407909966700501,0.82574462890625,0.013446812499751104
U-Net,626208_sat_71.jpg,0.7229831595829992,0.839222549056112,0.8762537905295078,0.8051943412403544,0.7364501953125,0.013446812499751104
U-Net,626208_sat_72.jpg,0.633412383027817,0.7755694637917165,0.7129202135334006,0.8502903850290385,0.8254547119140625,0.013446812499751104
U-Net,626208_sat_73.jpg,0.6758359221030832,0.8065657421341652,0.7478976065058682,0.8752216983172557,0.7038421630859375,0.013446812499751104
U-Net,626208_sat_75.jpg,0.8338335369045542,0.9093884696994206,0.877002697792215,0.9442578248498261,0.8546905517578125,0.013446812499751104
U-Net,626208_sat_76.jpg,0.7349514238974393,0.8472299728673967,0.7410125218796284,0.9889932162271441,0.757720947265625,0.013446812499751104
U-Net,626208_sat_80.jpg,0.8965602535363686,0.9454592880607113,0.9802575977823603,0.9130469008296991,0.8979034423828125,0.01329542500025127
U-Net,626208_sat_81.jpg,0.5684654722311626,0.7248683280512551,0.7371374249344989,0.713000964363408,0.631744384765625,0.01329542500025127
U-Net,626208_sat_82.jpg,0.6977313340066816,0.8219573027023317,0.854797258709309,0.7915473095059715,0.8812713623046875,0.01329542500025127
U-Net,626208_sat_83.jpg,0.8218261413383364,0.9022004050667674,0.9830375343644219,0.833647883526557,0.82611083984375,0.01329542500025127
U-Net,626208_sat_85.jpg,0.9456845366147492,0.9720841367841916,0.9639498982527542,0.9803568242640499,0.95184326171875,0.01329542500025127
U-Net,626208_sat_86.jpg,0.9387247420792382,0.9683940393441074,0.9954362285769772,0.9427822568284234,0.9387359619140625,0.01329542500025127
U-Net,626208_sat_87.jpg,0.9338987118969517,0.9658196741657634,0.9604713161965572,0.9712279300417686,0.9369659423828125,0.01329542500025127
U-Net,628479_sat_30.jpg,0.1640392059962112,0.2818448127025459,0.7986205790360092,0.1711172973158745,0.2256622314453125,0.01329542500025127
U-Net,628479_sat_31.jpg,0.0773283743995041,0.14355581127733028,0.4702556249263753,0.08470728032762535,0.273193359375,0.013284512500831624
U-Net,628479_sat_32.jpg,0.12774465099964924,0.22654889275939288,0.24367723805700522,0.21167034755317912,0.810272216796875,0.013284512500831624
U-Net,628479_sat_42.jpg,0.12189072107322527,0.21729517640830817,0.7919645897173987,0.1259225841378688,0.232940673828125,0.013284512500831624
U-Net,628479_sat_43.jpg,0.0019396133704015,0.0038717171065367493,0.0019396133704015,1.0,0.7644500732421875,0.013284512500831624
U-Net,628479_sat_53.jpg,0.13636022514071294,0.23999471668207634,0.17094740803462227,0.40261466873476626,0.82440185546875,0.013284512500831624
U-Net,628479_sat_62.jpg,0.12947763568110962,0.22926994141505183,0.8014966522252855,0.13376717281272596,0.1649169921875,0.013284512500831624
U-Net,628479_sat_63.jpg,0.08049792531120332,0.1490015360983103,0.08319039451114923,0.7132352941176471,0.932373046875,0.013284512500831624
U-Net,628479_sat_72.jpg,0.1556149946105633,0.26931979134279893,0.2744490600577343,0.2643787303309821,0.354522705078125,0.013284512500831624
U-Net,628479_sat_80.jpg,0.6603580037954557,0.7954405041393797,0.7773350238483366,0.8144095135682207,0.696868896484375,0.01346075000037672
U-Net,628479_sat_81.jpg,0.6998244865044353,0.8234079365965284,0.9962633652222848,0.7016662174802226,0.7103271484375,0.01346075000037672
U-Net,628479_sat_82.jpg,0.018957345971563982,0.037209302325581395,0.026554013277006638,0.062146892655367235,0.791534423828125,0.01346075000037672
U-Net,632489_sat_00.jpg,0.027329664072879106,0.053205246628486975,0.0274861614811987,0.8275862068965517,0.9217987060546875,0.01346075000037672
U-Net,632489_sat_01.jpg,0.5361826775847147,0.6980715059588299,0.558316869432602,0.9311520897161686,0.787384033203125,0.01346075000037672
U-Net,632489_sat_02.jpg,0.9630914729634292,0.9811987736970531,0.9929246402963103,0.9697466260608778,0.96331787109375,0.01346075000037672
U-Net,632489_sat_08.jpg,0.674291192987262,0.8054646596858639,0.6931728179946143,0.9611714460036608,0.709716796875,0.01346075000037672
U-Net,632489_sat_12.jpg,0.46173800259403375,0.6317657497781721,0.5171266576074224,0.8117093262724331,0.8036956787109375,0.01346075000037672
U-Net,632489_sat_13.jpg,0.7382895708109248,0.8494437097341697,0.8317137494357195,0.8679460478032331,0.8106536865234375,0.013412724998488557
U-Net,632489_sat_18.jpg,0.8884003932698907,0.9409025717597596,0.9784256440639876,0.90615125541617,0.908203125,0.013412724998488557
U-Net,632489_sat_22.jpg,0.32146044851054334,0.4865229963906537,0.35491023311674313,0.7732823403113258,0.6287994384765625,0.013412724998488557
U-Net,632489_sat_23.jpg,0.6655378326386663,0.7991866886437191,0.905307056995666,0.7153349127719147,0.7453155517578125,0.013412724998488557
U-Net,632489_sat_32.jpg,0.4949761690068273,0.6621860324845978,0.717196540782679,0.6150132045775869,0.6410675048828125,0.013412724998488557
U-Net,632489_sat_42.jpg,0.09274276682014981,0.16974308983994213,0.09651004791532575,0.703780964797914,0.5971221923828125,0.013412724998488557
U-Net,632489_sat_43.jpg,0.630016844880621,0.7730188149396237,0.7751171382231032,0.7709318217462415,0.6916656494140625,0.013412724998488557
U-Net,632489_sat_53.jpg,0.3137416120733098,0.47763062262779615,0.48872087258304414,0.4670325331648768,0.605194091796875,0.013412724998488557
U-Net,632489_sat_63.jpg,0.08621997471554994,0.15875232774674117,0.10728668512459098,0.3051181102362205,0.724273681640625,0.013541762498789467
U-Net,632489_sat_64.jpg,0.5140649332728814,0.6790526905099795,0.9525166191832859,0.5275850209391248,0.6238555908203125,0.013541762498789467
U-Net,632489_sat_74.jpg,0.3390935082408342,0.506452321893937,0.44612235866799427,0.585651005736693,0.7601470947265625,0.013541762498789467
U-Net,632489_sat_75.jpg,0.4838130841121495,0.6521213342739091,0.8738100060765647,0.520155942285278,0.57861328125,0.013541762498789467
U-Net,632489_sat_83.jpg,0.0,0.0,0.0,0.0,0.62701416015625,0.013541762498789467
U-Net,632489_sat_84.jpg,0.6749223277438688,0.8059147777353873,0.8870547350130321,0.7383747559241135,0.7748870849609375,0.013541762498789467
U-Net,632489_sat_85.jpg,0.8045222697154116,0.8916734176323483,0.9979107948834184,0.8058796377353685,0.812286376953125,0.013541762498789467
U-Net,634717_sat_28.jpg,0.02118234804329725,0.04148592674733375,0.032756489493201486,0.0565584704313028,0.5515594482421875,0.013541762498789467
U-Net,634717_sat_38.jpg,0.01815243738217075,0.035657602370119564,0.02083977490569538,0.12339802270230685,0.72186279296875,0.013314724998053862
U-Net,634717_sat_45.jpg,0.0,0.0,0.0,0.0,0.815765380859375,0.013314724998053862
U-Net,634717_sat_46.jpg,0.0,0.0,0.0,0.0,0.580078125,0.013314724998053862
U-Net,634717_sat_48.jpg,0.043030582449669584,0.08251068218653308,0.07221147646679561,0.09623646674686372,0.61993408203125,0.013314724998053862
U-Net,634717_sat_52.jpg,0.01550712489522213,0.03054065208419315,0.017574414186193793,0.11647429171038824,0.784942626953125,0.013314724998053862
U-Net,634717_sat_53.jpg,0.03796635654543746,0.07315527387958352,0.040668411516005636,0.36363636363636365,0.8437957763671875,0.013314724998053862
U-Net,634717_sat_54.jpg,0.3712480749284973,0.5414747071901717,0.4801235671896594,0.620802018184685,0.6947479248046875,0.013314724998053862
U-Net,634717_sat_55.jpg,0.30603854192985275,0.46865162413605105,0.6959155959469341,0.3532811878562906,0.5389862060546875,0.013314724998053862
U-Net,634717_sat_56.jpg,0.45169621666899346,0.6223012934557869,0.9897522178036097,0.45381864085840523,0.52056884765625,0.013259087500046007
U-Net,634717_sat_57.jpg,0.13517522075055188,0.2381574549542706,0.21511691733450433,0.26672565167086365,0.6174163818359375,0.013259087500046007
U-Net,634717_sat_58.jpg,0.020626950739584746,0.04042015689403005,0.020856201975850714,0.6523605150214592,0.8898773193359375,0.013259087500046007
U-Net,634717_sat_62.jpg,0.6421335606333803,0.7820722699141546,0.9463690389911581,0.6663831524512639,0.83343505859375,0.013259087500046007
U-Net,634717_sat_63.jpg,0.7325116317035344,0.8456065959952885,0.9590680773752271,0.7561509942703067,0.79998779296875,0.013259087500046007
U-Net,634717_sat_64.jpg,0.8354845732769346,0.9103694854654365,0.9649406397614814,0.8616403643828586,0.8385772705078125,0.013259087500046007
U-Net,634717_sat_65.jpg,0.8985593961430478,0.946569696969697,0.987206715210356,0.909145943932197,0.89910888671875,0.013259087500046007
U-Net,634717_sat_66.jpg,0.5039008229133269,0.670125071063104,0.9943361552134486,0.5053513190733567,0.504180908203125,0.013259087500046007
U-Net,634717_sat_67.jpg,0.2015660467731523,0.33550556345107285,0.541694649653011,0.24300778307808185,0.41497802734375,0.013434849999612197
U-Net,634717_sat_71.jpg,0.5667892156862745,0.7235041063746578,0.6140059741121805,0.880533079485959,0.827392578125,0.013434849999612197
U-Net,634717_sat_72.jpg,0.8830876168409694,0.9379145281858098,0.9802698798576612,0.8990677459486534,0.8875885009765625,0.013434849999612197
U-Net,634717_sat_73.jpg,0.6490620220370197,0.7871893395922849,0.9493243243243243,0.6723574869854819,0.656890869140625,0.013434849999612197
U-Net,634717_sat_74.jpg,0.7492115263311743,0.8566277034574351,0.992095505846881,0.7537106684620266,0.7512664794921875,0.013434849999612197
U-Net,634717_sat_77.jpg,0.20961650203370133,0.3465834033865738,0.6620953352026511,0.23472744360902256,0.2527923583984375,0.013434849999612197
U-Net,634717_sat_78.jpg,0.374351529229578,0.5447682361723405,0.6144631906713691,0.48927288367150734,0.5068206787109375,0.013434849999612197
U-Net,634717_sat_80.jpg,0.8191491676640191,0.900584935226498,0.8669537781257917,0.9369306585693663,0.8731842041015625,0.013434849999612197
U-Net,634717_sat_81.jpg,0.8537047936694788,0.9210795554771565,0.9524469656895829,0.8917123486517411,0.86346435546875,0.013452074999804609
U-Net,634717_sat_82.jpg,0.9403779776185243,0.9692729854341826,0.978168118368727,0.9605381733095129,0.94122314453125,0.013452074999804609
U-Net,6399_sat_32.jpg,0.002077178729689808,0.0041457460039614905,0.002080251479289941,0.5844155844155844,0.340240478515625,0.013452074999804609
U-Net,6399_sat_41.jpg,0.4252907189351276,0.5967775041050903,0.5648647335956093,0.6325121009408822,0.76019287109375,0.013452074999804609
U-Net,6399_sat_42.jpg,0.8753864637565079,0.9335531429645259,0.9132476561324933,0.9547821225145893,0.8813018798828125,0.013452074999804609
U-Net,6399_sat_43.jpg,0.6290418034109861,0.7722844215462862,0.6651874608863856,0.9204849629979531,0.8947906494140625,0.013452074999804609
U-Net,6399_sat_50.jpg,0.11476833976833976,0.20590527318382543,0.2841778202676864,0.16143923964697895,0.720123291015625,0.013452074999804609
U-Net,6399_sat_51.jpg,0.7836375178543088,0.8786959345831813,0.9860609086370444,0.7924155860829375,0.7919769287109375,0.013452074999804609
U-Net,6399_sat_53.jpg,0.8615286216821234,0.9256141556433602,0.968136080498323,0.8866703236423478,0.9801788330078125,0.013360124998143874
U-Net,6399_sat_61.jpg,0.37724268177525966,0.5478231059307508,0.8136456211812627,0.4129198966408269,0.9798736572265625,0.013360124998143874
U-Net,6399_sat_62.jpg,0.8388597563379726,0.9123694761894552,0.9546800682042538,0.8736500636471892,0.9376373291015625,0.013360124998143874
U-Net,6399_sat_63.jpg,0.40024783147459725,0.5716814159292035,0.5306681270536692,0.6195652173913043,0.9556884765625,0.013360124998143874
U-Net,6399_sat_84.jpg,0.009134727513021846,0.018104079195716653,0.009783513738551207,0.12107161257083977,0.6110382080078125,0.013360124998143874
U-Net,6399_sat_85.jpg,0.4619603954259506,0.6319738850262846,0.6007011605415861,0.6666815742397137,0.735076904296875,0.013360124998143874
U-Net,6399_sat_86.jpg,0.7270137524557957,0.8419316307377283,0.9987854251012146,0.7276570642021434,0.83038330078125,0.013360124998143874
U-Net,6399_sat_87.jpg,0.5999588717140213,0.7499678677006126,0.7789693841224635,0.7230483271375465,0.8218994140625,0.013360124998143874
U-Net,6399_sat_88.jpg,0.5767905949305477,0.7316007550843534,0.8175932068462253,0.6619757648676521,0.6550445556640625,0.013429550002911128
U-Net,644103_sat_05.jpg,0.682473462198118,0.8112739695834251,0.7746908708234675,0.8514834306864842,0.895477294921875,0.013429550002911128
U-Net,644103_sat_06.jpg,0.9726715087890625,0.98614645616912,0.992263628156035,0.9801042451452205,0.9726715087890625,0.013429550002911128
U-Net,644103_sat_07.jpg,0.9698302469135802,0.9846840847663442,0.9919031535086335,0.9775693375021388,0.9701690673828125,0.013429550002911128
U-Net,644103_sat_14.jpg,0.917877197265625,0.957180364388575,0.9867944027953215,0.9292919930172561,0.917877197265625,0.013429550002911128
U-Net,644103_sat_15.jpg,0.19591459659207555,0.3276397782088476,0.19608366894057697,0.9956181533646322,0.4023590087890625,0.013429550002911128
U-Net,644103_sat_16.jpg,0.9470456129481918,0.9728026982523407,0.956886433702133,0.9892574017149328,0.9478302001953125,0.013429550002911128
U-Net,644103_sat_17.jpg,0.9052101100945883,0.9502470150650704,0.9851161848833089,0.9177619167400327,0.9067230224609375,0.013429550002911128
U-Net,644103_sat_24.jpg,0.868743896484375,0.9297623907895811,0.8742801861150781,0.9927636052939023,0.868743896484375,0.01328194999950938
U-Net,644103_sat_26.jpg,0.8451409379119844,0.9160719601922341,0.8537432222468846,0.9882182378741443,0.8494415283203125,0.01328194999950938
U-Net,644103_sat_27.jpg,0.8402041933717672,0.9131640895049574,0.9386187417921457,0.8890536073339468,0.8485870361328125,0.01328194999950938
U-Net,644103_sat_34.jpg,0.9122467041015625,0.9541098459156885,0.9490134450846865,0.9592612797638149,0.9122467041015625,0.01328194999950938
U-Net,644103_sat_35.jpg,0.13653174795202377,0.24026033271494177,0.1365388271487582,0.9996203973174744,0.237640380859375,0.01328194999950938
U-Net,644103_sat_36.jpg,0.60125732421875,0.7509815132456642,0.7985894369907989,0.7087305298751754,0.60125732421875,0.01328194999950938
U-Net,644103_sat_45.jpg,0.5513819138396365,0.7108267911606346,0.5554523084335691,0.9868839427662957,0.5992584228515625,0.01328194999950938
U-Net,644103_sat_46.jpg,0.46397820845987664,0.6338594465118269,0.5526487534729344,0.7430491137463334,0.4775390625,0.01328194999950938
U-Net,644103_sat_47.jpg,0.8087741103899093,0.8942787335844447,0.9971998864818844,0.8106150320665632,0.809844970703125,0.013464899999235058
U-Net,644103_sat_55.jpg,0.84720441921504,0.9172827981594535,0.9127361204728164,0.921875,0.8472137451171875,0.013464899999235058
U-Net,644103_sat_56.jpg,0.28637328730505446,0.44524134655346437,0.287757858546169,0.9834758432565703,0.2871246337890625,0.013464899999235058
U-Net,644103_sat_57.jpg,0.8469288321469272,0.9171212419294261,0.9347758718121661,0.9001211185030455,0.85858154296875,0.013464899999235058
U-Net,644103_sat_58.jpg,0.9705818227122657,0.9850713241395661,0.9755956294417832,0.9947328938757921,0.9711761474609375,0.013464899999235058
U-Net,644103_sat_65.jpg,0.890655517578125,0.942165835391345,0.9890538159143283,0.8995222684543073,0.890655517578125,0.013464899999235058
U-Net,644103_sat_66.jpg,0.07342962611239603,0.13681311625119505,0.07345550379995097,0.9952252439277559,0.0769500732421875,0.013464899999235058
U-Net,644103_sat_67.jpg,0.7766576696692791,0.8742907347073251,0.8183453545546437,0.9384467278335528,0.7904052734375,0.013464899999235058
U-Net,644103_sat_68.jpg,0.8878896059316216,0.9406160224008145,0.9583371927159556,0.9235383379451932,0.90032958984375,0.01340745000197785
U-Net,644103_sat_75.jpg,0.6468855861079745,0.785586553874378,0.7007918271535549,0.8937260193110427,0.6468963623046875,0.01340745000197785
U-Net,644103_sat_76.jpg,0.0009155413138017853,0.001829407729247656,0.0009155413138017853,1.0,0.0009307861328125,0.01340745000197785
U-Net,644103_sat_77.jpg,0.7643585205078125,0.8664435392505341,0.7871431040714028,0.963512213887286,0.7643585205078125,0.01340745000197785
U-Net,644103_sat_85.jpg,0.89739990234375,0.9459259497539164,0.9420772730185173,0.9498062015503876,0.89739990234375,0.01340745000197785
U-Net,644103_sat_86.jpg,0.009672041857164079,0.019158779199973844,0.009673319136994669,0.9865319865319865,0.0844573974609375,0.01340745000197785
U-Net,644150_sat_28.jpg,0.4858375539298443,0.6539578336068678,0.500386398763524,0.9435336976320583,0.9581756591796875,0.01340745000197785
U-Net,644150_sat_36.jpg,0.007874015748031496,0.015625,0.03773584905660377,0.009852216748768473,0.99615478515625,0.01340745000197785
U-Net,644150_sat_37.jpg,0.4585306862843898,0.6287569957852553,0.4892604639909675,0.8795244768762384,0.67205810546875,0.013397149999946123
U-Net,644150_sat_38.jpg,0.8635948617845224,0.9268053690141321,0.8969898134371066,0.9586711869145813,0.8677825927734375,0.013397149999946123
U-Net,644150_sat_45.jpg,0.0720404984423676,0.13439883763167454,0.08344609833107804,0.3451492537313433,0.85455322265625,0.013397149999946123
U-Net,644150_sat_46.jpg,0.6305492851768246,0.7734194739270881,0.9028480419711449,0.6764468465939003,0.8276824951171875,0.013397149999946123
U-Net,644150_sat_47.jpg,0.7167340650876179,0.8349971957375211,0.8740679856748664,0.7992698770601815,0.8204345703125,0.013397149999946123
U-Net,644150_sat_56.jpg,0.14799310514651565,0.2578292578292578,0.19706533322403474,0.3727709722437587,0.788818359375,0.013397149999946123
U-Net,644150_sat_57.jpg,0.41601012943162635,0.5875807252856433,0.5452031221191076,0.6371014076414824,0.8099822998046875,0.013397149999946123
U-Net,644150_sat_58.jpg,0.590890759013793,0.7428426567517323,0.7746836335436568,0.7135157949417227,0.767822265625,0.013397149999946123
U-Net,650253_sat_03.jpg,0.0,0.0,0.0,0.0,0.889984130859375,0.013411437499598833
U-Net,650253_sat_04.jpg,0.5582368531175896,0.7164980753737356,0.8197180213702933,0.6363660456364455,0.710052490234375,0.013411437499598833
U-Net,650253_sat_10.jpg,0.0,0.0,0.0,0.0,0.8052978515625,0.013411437499598833
U-Net,650253_sat_11.jpg,0.06715591248961507,0.1258596081484365,0.06998556998556998,0.6241956241956242,0.8972015380859375,0.013411437499598833
U-Net,650253_sat_12.jpg,0.0010517704803085194,0.002101330842867149,0.0010617589807113785,0.1005586592178771,0.7391357421875,0.013411437499598833
U-Net,650253_sat_14.jpg,0.27196437746189417,0.42762892150262555,0.2867806405008428,0.8403598518257188,0.8054046630859375,0.013411437499598833
U-Net,650253_sat_15.jpg,0.4344817592290693,0.6057682594201435,0.9249219141634212,0.4503651964926116,0.52362060546875,0.013411437499598833
U-Net,650253_sat_16.jpg,0.2387233541396773,0.3854344932496672,0.7352194414218354,0.26117768328823604,0.9013671875,0.013411437499598833
U-Net,650253_sat_20.jpg,0.0020620918776492153,0.004115696810334972,0.0020668274199104374,0.47368421052631576,0.8670806884765625,0.013543437500629807
U-Net,650253_sat_21.jpg,0.2364876194734783,0.3825151432962662,0.41800039517881843,0.35258333333333336,0.79156494140625,0.013543437500629807
U-Net,650253_sat_22.jpg,0.5148321794759443,0.6797217361121155,0.8233707077785564,0.5787503386449278,0.6620941162109375,0.013543437500629807
U-Net,650253_sat_23.jpg,0.17141571685662868,0.29266419152477274,0.20633631194151097,0.5031917235307066,0.831390380859375,0.013543437500629807
U-Net,650253_sat_25.jpg,0.7478607056239418,0.8557440569693162,0.8201641030788146,0.8945510276690659,0.83184814453125,0.013543437500629807
U-Net,650253_sat_26.jpg,0.471997115256875,0.6413016851252562,0.9853407290015848,0.47533495154909117,0.5754852294921875,0.013543437500629807
U-Net,650253_sat_27.jpg,0.45553822152886114,0.6259378349410504,0.7732444095723813,0.5257752584194731,0.8562164306640625,0.013543437500629807
U-Net,650253_sat_28.jpg,0.04121964991530209,0.07917570498915401,0.04358208955223881,0.4319526627218935,0.974090576171875,0.013543437500629807
U-Net,650253_sat_30.jpg,0.1108546367361071,0.1995844155844156,0.41490280777537797,0.1313953488372093,0.764892578125,0.013310325000929879
U-Net,650253_sat_31.jpg,0.1675394955049315,0.2869958509326057,0.41732797043156866,0.2186965933690327,0.7089385986328125,0.013310325000929879
U-Net,650253_sat_32.jpg,0.6206655457708379,0.7659390889014431,0.8722627737226277,0.6827195986156636,0.6522979736328125,0.013310325000929879
U-Net,650253_sat_33.jpg,0.5698661135206486,0.726006006006006,0.994971565399581,0.571512077709963,0.6171417236328125,0.013310325000929879
U-Net,650253_sat_34.jpg,0.706483345360629,0.8279991097262408,0.7888799355358582,0.871200412158681,0.882080078125,0.013310325000929879
U-Net,650253_sat_35.jpg,0.313506159776283,0.4773577305943955,0.6425030978934325,0.37974915316305047,0.5842132568359375,0.013310325000929879
U-Net,650253_sat_37.jpg,0.2540245566166439,0.4051348999129678,0.9875210582142634,0.2548426052652765,0.290802001953125,0.013310325000929879
U-Net,650253_sat_38.jpg,0.36054794520547945,0.5300040273862263,0.7370560902754729,0.4137690104106016,0.5192108154296875,0.013310325000929879
U-Net,650253_sat_40.jpg,0.23681169272603672,0.3829389617170968,0.712008175779254,0.2618976016840839,0.6573944091796875,0.013301825001690304
U-Net,650253_sat_43.jpg,0.5361030749500433,0.6980040385212799,0.695035186760498,0.7009983620622416,0.762664794921875,0.013301825001690304
U-Net,650253_sat_44.jpg,0.48247383444338726,0.6509036763195728,0.7651958713104364,0.5663167299530936,0.792510986328125,0.013301825001690304
U-Net,650253_sat_45.jpg,0.6451868923518369,0.7843326437272129,1.0,0.6451868923518369,0.6452789306640625,0.013301825001690304
U-Net,650253_sat_48.jpg,0.40559578540281366,0.577115824641689,0.6639963821952323,0.5103403758782492,0.5403289794921875,0.013301825001690304
U-Net,650253_sat_50.jpg,0.5618117177789982,0.7194359107228782,0.7525262302063572,0.6891331324233292,0.7686767578125,0.013301825001690304
U-Net,650253_sat_51.jpg,0.37119074929472673,0.5414137303444456,0.9972099608561672,0.3715766443744472,0.3809967041015625,0.013301825001690304
U-Net,650253_sat_53.jpg,0.487565576687971,0.655521456436931,0.949233225874484,0.5006196968252455,0.4947357177734375,0.013301825001690304
U-Net,650253_sat_54.jpg,0.2899853381781093,0.44959478157738686,0.31146867511126325,0.8078494050790268,0.830047607421875,0.013372850000450853
U-Net,650253_sat_55.jpg,0.7562971075178767,0.8612405091149177,0.8235417908877275,0.9025562175667884,0.884552001953125,0.013372850000450853
U-Net,650253_sat_56.jpg,0.720762034537879,0.8377242408552371,0.7633916180960311,0.9280942097449049,0.83740234375,0.013372850000450853
U-Net,650253_sat_57.jpg,0.7941835705480219,0.885286860926325,0.864593924112408,0.9069946031271998,0.8318634033203125,0.013372850000450853
U-Net,650253_sat_58.jpg,0.7692533515999609,0.8695796460176991,0.9015425196398876,0.8398055659419903,0.78411865234375,0.013372850000450853
U-Net,650253_sat_62.jpg,0.5880465302847975,0.7405910583480677,0.9007285175107522,0.6287990196078431,0.6709136962890625,0.013372850000450853
U-Net,650253_sat_63.jpg,0.46617544093621843,0.6359067652075042,0.6988903329001299,0.5833368100463098,0.7556915283203125,0.013372850000450853
U-Net,650253_sat_64.jpg,0.6223128525689892,0.7671921622066113,0.6660004079135223,0.9046431737588653,0.8488006591796875,0.013372850000450853
U-Net,650253_sat_65.jpg,0.7716525314829092,0.8711104663813738,0.8700016557662058,0.872222106944992,0.8101959228515625,0.013456812499498483
U-Net,650253_sat_66.jpg,0.780097695932218,0.8764661599358896,0.9679253379103196,0.8007987574883515,0.844757080078125,0.013456812499498483
U-Net,650253_sat_67.jpg,0.6660385485086681,0.799547584423978,0.9652777777777778,0.6823873352087815,0.7160491943359375,0.013456812499498483
U-Net,650253_sat_68.jpg,0.8740280175376953,0.9327800965175427,0.9886298837068652,0.8829030416197281,0.874176025390625,0.013456812499498483
U-Net,650253_sat_72.jpg,0.6482008238128546,0.7865556362401803,0.9573242120245173,0.667488315513157,0.6546478271484375,0.013456812499498483
U-Net,650253_sat_73.jpg,0.2546540843175658,0.40593512985067565,0.7705938697318008,0.2755431874130365,0.4251251220703125,0.013456812499498483
U-Net,650253_sat_74.jpg,0.5722762185577518,0.7279588812743101,0.6943597897619364,0.764974940392195,0.820709228515625,0.013456812499498483
U-Net,650253_sat_75.jpg,0.4188296943231441,0.5903875510907569,0.49736569176519396,0.7262099460900115,0.74615478515625,0.013456812499498483
U-Net,650253_sat_76.jpg,0.7700312174817898,0.8700764256319812,0.9112458824615953,0.8324661810613944,0.8651123046875,0.013471250000293367
U-Net,650253_sat_78.jpg,0.971832275390625,0.9857149490040704,0.9995762512359339,0.9722328229708895,0.971832275390625,0.013471250000293367
U-Net,650253_sat_84.jpg,0.20537249283667622,0.34076187080287634,0.9031343518664356,0.20999816883354697,0.32293701171875,0.013471250000293367
U-Net,650253_sat_85.jpg,0.6586697131251587,0.7942144333052729,0.8279878729854795,0.7630882352941176,0.83587646484375,0.013471250000293367
U-Net,650253_sat_86.jpg,0.6760196039093176,0.8066965354492288,0.8157357772782293,0.7978554273923485,0.8275146484375,0.013471250000293367
U-Net,651312_sat_00.jpg,0.5346142862970669,0.6967409218990909,0.5472159007871057,0.9587036833827134,0.65185546875,0.013471250000293367
U-Net,651312_sat_01.jpg,0.6977544493882091,0.8219733420691632,0.7387927861612072,0.9262609016658206,0.734649658203125,0.013471250000293367
U-Net,651312_sat_02.jpg,0.9351106953539133,0.9664673939315812,0.9744281258123213,0.9586356807211585,0.936492919921875,0.013471250000293367
U-Net,651312_sat_10.jpg,0.9064329487486733,0.9509203555715183,0.9597448027114712,0.9422567040945247,0.916595458984375,0.013499087497621076
U-Net,651312_sat_11.jpg,0.6018764596923573,0.7514642668610644,0.6450457448644916,0.8999337708471311,0.698272705078125,0.013499087497621076
U-Net,651312_sat_12.jpg,0.38695228417974825,0.5579893246415382,0.391506860811548,0.9708131730919307,0.5489044189453125,0.013499087497621076
U-Net,651312_sat_17.jpg,0.878816508416395,0.9355000921906167,0.9846856860565641,0.8909944283912579,0.882568359375,0.013499087497621076
U-Net,651312_sat_20.jpg,0.9045991393780328,0.9499102679143699,0.9283700826860436,0.9724737532808398,0.90460205078125,0.013499087497621076
U-Net,651312_sat_21.jpg,0.06714929031522544,0.1258479782062924,0.06717609489051095,0.9940928270042194,0.2508697509765625,0.013499087497621076
U-Net,651312_sat_22.jpg,0.6432054939950899,0.7828667763656003,0.6605959418709645,0.9606808384123681,0.6717987060546875,0.013499087497621076
U-Net,651312_sat_25.jpg,0.9070960922048694,0.9512851459478789,0.9144865756815291,0.9911694021648005,0.9168548583984375,0.013499087497621076
U-Net,651312_sat_30.jpg,0.3057640859343332,0.4683297530205009,0.3081624315712068,0.975178405212535,0.3466644287109375,0.01343008749972796
U-Net,651312_sat_31.jpg,0.21343811394891946,0.35179068713166245,0.21672172483682034,0.9337183718371838,0.2363739013671875,0.01343008749972796
U-Net,651312_sat_32.jpg,0.894151948587217,0.9441185003707167,0.9922584361024529,0.9004334993543627,0.894195556640625,0.01343008749972796
U-Net,651312_sat_34.jpg,0.7712720372184133,0.8708679649565413,0.7846122709510688,0.9784309538138966,0.771942138671875,0.01343008749972796
U-Net,651312_sat_35.jpg,0.9270604031036798,0.9621498128554531,0.9392309760688357,0.9862151434123333,0.9287109375,0.01343008749972796
U-Net,651312_sat_40.jpg,0.886577720127243,0.9398793494364457,0.9004830766335205,0.9828805231712119,0.8879241943359375,0.01343008749972796
U-Net,651312_sat_41.jpg,0.8646169605165135,0.9273936457995189,0.8984453117440248,0.9582695450245119,0.8668975830078125,0.01343008749972796
U-Net,651312_sat_42.jpg,0.7456119858586803,0.8542700117768817,0.8160464997357969,0.8962502574086901,0.750762939453125,0.01343008749972796
U-Net,651312_sat_43.jpg,0.848228409946092,0.9178826657802892,0.8627778732444972,0.9805066841834289,0.849212646484375,0.013521324999601347
U-Net,651312_sat_44.jpg,0.15091048201989288,0.2622453863745147,0.15103528546924774,0.9945542557482856,0.1533203125,0.013521324999601347
U-Net,651312_sat_45.jpg,0.12014837456617951,0.2145222495416495,0.12083706929678494,0.9547122074636306,0.1566925048828125,0.013521324999601347
U-Net,651312_sat_46.jpg,0.3688953534331473,0.538967938649173,0.38296021533613445,0.9094558777673839,0.390899658203125,0.013521324999601347
U-Net,651312_sat_47.jpg,0.5100722158874953,0.6755600302038761,0.5182968040938496,0.9698283649503162,0.5279541015625,0.013521324999601347
U-Net,651312_sat_48.jpg,0.6353363899456963,0.7770100315162602,0.6599061064577141,0.944641864287959,0.6577606201171875,0.013521324999601347
U-Net,651312_sat_52.jpg,0.8066455844095151,0.8929760118647283,0.8648183716075156,0.9230289309969875,0.81060791015625,0.013521324999601347
U-Net,651312_sat_53.jpg,0.5309090909090909,0.6935866983372921,0.5852932193036041,0.8510520179870094,0.586639404296875,0.013521324999601347
U-Net,651312_sat_54.jpg,0.6859174790019006,0.8137023164478708,0.7100336358443866,0.9528189405552717,0.68731689453125,0.01343436249953811
U-Net,651312_sat_55.jpg,0.20662933786840795,0.3424901606212105,0.20662933786840795,1.0,0.245452880859375,0.01343436249953811
U-Net,651312_sat_56.jpg,0.17691223907159542,0.30063794597148935,0.17691223907159542,1.0,0.3225250244140625,0.01343436249953811
U-Net,651312_sat_57.jpg,0.00010003668011604255,0.00020005334755934917,0.00010006170471790938,0.2857142857142857,0.08489990234375,0.01343436249953811
U-Net,651312_sat_58.jpg,0.4545168793612875,0.6249729869905346,0.45974818771461273,0.9755768452300634,0.47039794921875,0.01343436249953811
U-Net,651312_sat_67.jpg,0.8880926130099228,0.9407299270072993,0.8906019656019656,0.9968374011687865,0.88848876953125,0.01343436249953811
U-Net,651312_sat_68.jpg,0.9138512739874509,0.9549867185692749,0.9398207024319783,0.9706502351224258,0.9138946533203125,0.01343436249953811
U-Net,651312_sat_70.jpg,0.9613162560371706,0.9802766413403468,1.0,0.9613162560371706,0.9613800048828125,0.01343436249953811
U-Net,651312_sat_80.jpg,0.29002127549167145,0.4496379726468222,0.3016189962223422,0.8829383886255924,0.58245849609375,0.013579162499809172
U-Net,651312_sat_81.jpg,0.7457907941867988,0.8543873603528689,0.7918342045302238,0.9276713511815969,0.754180908203125,0.013579162499809172
U-Net,651312_sat_84.jpg,0.880828925691494,0.9366390676575265,0.8927027312032058,0.9851241272304112,0.8951416015625,0.013579162499809172
U-Net,651312_sat_85.jpg,0.9825364661479683,0.9911913177133316,0.9836776411558832,0.9988206620017297,0.9827728271484375,0.013579162499809172
U-Net,652883_sat_04.jpg,0.6478219118288957,0.7862766081437608,0.983356302342839,0.6550037954348862,0.6922149658203125,0.013579162499809172
U-Net,652883_sat_05.jpg,0.39324597745447537,0.5645033020988209,0.4755330304089479,0.6944279030199915,0.8078155517578125,0.013579162499809172
U-Net,652883_sat_06.jpg,0.658800420516793,0.7943094447872713,0.964870340356564,0.6749907877207404,0.8118133544921875,0.013579162499809172
U-Net,652883_sat_07.jpg,0.5324049866527231,0.6948619866027334,0.8017737991628331,0.613107688407175,0.7407379150390625,0.013579162499809172
U-Net,652883_sat_08.jpg,0.22731045358343363,0.3704204635750393,0.36552000266924695,0.3754541092604017,0.4317779541015625,0.013516349998099031
U-Net,652883_sat_15.jpg,0.24996522464876894,0.399955486312041,0.35000584316933503,0.4665351264343943,0.588623046875,0.013516349998099031
U-Net,652883_sat_23.jpg,0.8705291714740092,0.9307838495648985,0.9966441755024812,0.8730883502736513,0.873291015625,0.013516349998099031
U-Net,652883_sat_24.jpg,0.532916283348666,0.6952973089756823,0.6099225067385444,0.8084631273376877,0.8063201904296875,0.013516349998099031
U-Net,652883_sat_25.jpg,0.0,0.0,0.0,0.0,0.901763916015625,0.013516349998099031
U-Net,652883_sat_34.jpg,0.6983288437900463,0.8223717642710852,0.9186046511627907,0.7443896183546598,0.8239898681640625,0.013516349998099031
U-Net,652883_sat_42.jpg,0.91461181640625,0.9554018298319997,0.9971718516053901,0.9169904843496619,0.91461181640625,0.013516349998099031
U-Net,652883_sat_43.jpg,0.9312018313620756,0.9643754642727316,0.9874099846265879,0.942391153258066,0.93121337890625,0.013516349998099031
U-Net,652883_sat_44.jpg,0.5164884234968408,0.6811636877594889,0.6073247571541087,0.7754424778761062,0.6695556640625,0.013445062500977656
U-Net,652883_sat_50.jpg,0.7251944924672759,0.8407104191831074,1.0,0.7251944924672759,0.7283477783203125,0.013445062500977656
U-Net,652883_sat_51.jpg,0.494086770566698,0.6613896599583623,0.9980365207147065,0.4945675088379334,0.52349853515625,0.013445062500977656
U-Net,652883_sat_52.jpg,0.956572841616803,0.9778044765523214,0.9956941752200579,0.960546282245827,0.9565887451171875,0.013445062500977656
U-Net,652883_sat_53.jpg,0.96893310546875,0.9842214575777303,0.9976276884887905,0.9711707578190717,0.96893310546875,0.013445062500977656
U-Net,652883_sat_54.jpg,0.5027112748107223,0.6690723404255319,0.8298779715407676,0.5604699575099096,0.703338623046875,0.013445062500977656
U-Net,652883_sat_60.jpg,0.474997956681651,0.6440659182339056,0.9683095071478557,0.48249867162592985,0.5099334716796875,0.013445062500977656
U-Net,652883_sat_61.jpg,0.5601936825912913,0.7181078719161046,0.9950012419274714,0.5617747081302809,0.6160888671875,0.013445062500977656
U-Net,652883_sat_63.jpg,0.5495834580072128,0.7093305690214132,0.9775076328394162,0.5566224320530815,0.5635833740234375,0.013426787500065984
U-Net,652883_sat_64.jpg,0.029546358933545562,0.057396849937192,0.051963957658997466,0.06409841372612496,0.702301025390625,0.013426787500065984
U-Net,652883_sat_70.jpg,0.3518834432200655,0.5205825176494663,0.9723944619043574,0.35543412453234396,0.3565216064453125,0.013426787500065984
U-Net,652883_sat_71.jpg,0.7070104410824632,0.8283610036200225,1.0,0.7070104410824632,0.7272491455078125,0.013426787500065984
U-Net,652883_sat_72.jpg,0.7141809515079293,0.8332620320855615,0.9860569114265826,0.7214668251199975,0.71453857421875,0.013426787500065984
U-Net,652883_sat_73.jpg,0.36556322934031915,0.5354028601325427,0.8509262253430037,0.3905769597760862,0.51220703125,0.013426787500065984
U-Net,652883_sat_81.jpg,0.5092206198220313,0.6748126988645028,0.9942783536037385,0.5107171982950961,0.5118865966796875,0.013426787500065984
U-Net,652883_sat_82.jpg,0.22877884762341433,0.3723678155200935,0.9791980113822202,0.22989617889175573,0.2300262451171875,0.013426787500065984
U-Net,652883_sat_83.jpg,0.4796032007919485,0.6482862439541139,0.8376557884878612,0.5287510515904595,0.6149749755859375,0.013422100000752835
U-Net,652883_sat_84.jpg,0.0096964586846543,0.019206680584551147,0.01079609463011641,0.08692365835222977,0.8207855224609375,0.013422100000752835
U-Net,665914_sat_20.jpg,0.0,0.0,0.0,0.0,0.9469757080078125,0.013422100000752835
U-Net,665914_sat_21.jpg,0.4116832779623477,0.5832516179643067,0.45053779730343885,0.8268001112037809,0.87030029296875,0.013422100000752835
U-Net,665914_sat_30.jpg,0.5786880660915212,0.733125281074967,0.944253317419083,0.5991579979061323,0.7011871337890625,0.013422100000752835
U-Net,665914_sat_31.jpg,0.503280578555707,0.6695763728142343,0.9235296380351579,0.525165693286961,0.638427734375,0.013422100000752835
U-Net,665914_sat_40.jpg,0.7599237420848369,0.863587124729186,0.8694399002882294,0.8578126200906925,0.7847900390625,0.013422100000752835
U-Net,665914_sat_41.jpg,0.4660455181557045,0.6357858775653746,0.6703747847967156,0.604591166423811,0.557525634765625,0.013422100000752835
U-Net,665914_sat_60.jpg,0.5966275271475237,0.7473596903511197,0.7529805013927576,0.7418221734357848,0.860565185546875,0.013416812500508968
U-Net,665914_sat_61.jpg,0.7836285726907276,0.8786903110758867,0.8808063755306735,0.8765843895930621,0.85052490234375,0.013416812500508968
U-Net,665914_sat_62.jpg,0.40747260235080346,0.5790131923992415,0.480032109171182,0.7294165480788778,0.681549072265625,0.013416812500508968
U-Net,665914_sat_63.jpg,0.07060255629945222,0.1318931210915293,0.08255248487723876,0.32783796514366464,0.72039794921875,0.013416812500508968
U-Net,665914_sat_64.jpg,0.2202511231424951,0.36099310865666007,0.2641613705443493,0.5698956780923994,0.8967132568359375,0.013416812500508968
U-Net,665914_sat_71.jpg,0.6766892475991386,0.8071731223517942,0.8845355741376122,0.742254710963226,0.686126708984375,0.013416812500508968
U-Net,665914_sat_72.jpg,0.5166260792561435,0.6812833912358042,0.5287054238977752,0.9576493762311228,0.666839599609375,0.013416812500508968
U-Net,665914_sat_73.jpg,0.3934207427180655,0.5646833446022087,0.4206770625642748,0.8585992717926751,0.5284423828125,0.013416812500508968
U-Net,665914_sat_74.jpg,0.46907760500949836,0.6386015325670498,0.4823818826423558,0.9444680549652925,0.76971435546875,0.0134570000009262
U-Net,665914_sat_75.jpg,0.45372840078858867,0.6242271947668621,0.48566285998013903,0.8734233731443242,0.8562469482421875,0.0134570000009262
U-Net,665914_sat_83.jpg,0.797776675245744,0.8875147689149914,0.9558618639817206,0.8282894948649432,0.8009796142578125,0.0134570000009262
U-Net,665914_sat_84.jpg,0.2507462088583505,0.40095457748734703,0.2616211019145556,0.8577987938596491,0.429290771484375,0.0134570000009262
U-Net,665914_sat_85.jpg,0.6709514047992282,0.8030771007129868,0.7233373199521606,0.9025759148715287,0.79180908203125,0.0134570000009262
U-Net,665914_sat_86.jpg,0.3895135663651919,0.5606473744392647,0.44316206632830424,0.7628964691801317,0.847564697265625,0.0134570000009262
U-Net,668465_sat_03.jpg,0.09245252655294496,0.16925683140605435,1.0,0.09245252655294496,0.8278961181640625,0.0134570000009262
U-Net,668465_sat_04.jpg,0.7440276806419553,0.8532292106373998,0.9991843594750242,0.7444798438334469,0.78778076171875,0.0134570000009262
U-Net,668465_sat_06.jpg,0.235210226979845,0.380842421544625,0.9676940477873603,0.237071802154411,0.320831298828125,0.013486550000379793
U-Net,668465_sat_07.jpg,0.043367517930156176,0.08312989849672363,0.06542292330249254,0.11397868404826918,0.564453125,0.013486550000379793
U-Net,668465_sat_11.jpg,0.0,0.0,0.0,0.0,0.877044677734375,0.013486550000379793
U-Net,668465_sat_12.jpg,0.6357617627047679,0.7773280647586748,1.0,0.6357617627047679,0.7876129150390625,0.013486550000379793
U-Net,668465_sat_13.jpg,0.8415729640987517,0.913971893055684,1.0,0.8415729640987517,0.8439178466796875,0.013486550000379793
U-Net,668465_sat_15.jpg,0.49016126336898397,0.6578633808542551,0.930191072702767,0.5088807442909501,0.6275787353515625,0.013486550000379793
U-Net,668465_sat_16.jpg,0.1015163742938453,0.18432113523310067,0.1130130508795158,0.4994775339602926,0.6772308349609375,0.013486550000379793
U-Net,668465_sat_20.jpg,0.6188315260097438,0.7645409865906195,1.0,0.6188315260097438,0.7039337158203125,0.013486550000379793
U-Net,668465_sat_21.jpg,0.6701360596510109,0.8024927739013569,0.9998853053172455,0.6701875768757688,0.672607421875,0.013563575001171557
U-Net,668465_sat_23.jpg,0.7272330339321357,0.8420786537142032,0.9970070121429793,0.7288241545289742,0.73309326171875,0.013563575001171557
U-Net,668465_sat_24.jpg,0.5360633251414528,0.6979703458411624,0.764331988754431,0.6422115713796644,0.7522735595703125,0.013563575001171557
U-Net,668465_sat_25.jpg,0.018064210775420052,0.035487370215403685,0.018122823678379234,0.8481481481481481,0.81005859375,0.013563575001171557
U-Net,668465_sat_32.jpg,0.5599177155608243,0.7178810907465355,0.9867281105990784,0.5641665202880731,0.61480712890625,0.013563575001171557
U-Net,668465_sat_33.jpg,0.335032050005972,0.5019086245973995,0.4190737051792829,0.6255575379125781,0.745147705078125,0.013563575001171557
U-Net,668465_sat_41.jpg,0.6555416702576919,0.7919361765815948,0.964097851574878,0.6719450517900131,0.7560577392578125,0.013563575001171557
U-Net,668465_sat_42.jpg,0.14331075359864523,0.25069431586743196,0.20649687357023028,0.31896348645465256,0.876495361328125,0.013563575001171557
U-Net,668465_sat_50.jpg,0.7629692459231695,0.8655502615119581,0.8063443409866404,0.9341395598137416,0.8678131103515625,0.013401775002421346
U-Net,668465_sat_51.jpg,0.04006616430803161,0.07704541438416682,0.04025110782865583,0.897119341563786,0.9203033447265625,0.013401775002421346
U-Net,679507_sat_00.jpg,0.4397997402646289,0.6109179324949672,0.8804446119065561,0.46773289563233117,0.54583740234375,0.013401775002421346
U-Net,679507_sat_07.jpg,0.6356755811920993,0.777263643844107,0.8200924568722516,0.7386862203444914,0.6819610595703125,0.013401775002421346
U-Net,679507_sat_10.jpg,0.7591397461782521,0.8630806595411086,0.9257809923714467,0.8083346130221131,0.7961273193359375,0.013401775002421346
U-Net,679507_sat_17.jpg,0.49692004726270184,0.6639232979361588,0.8613326051338067,0.5401304861551107,0.5127410888671875,0.013401775002421346
U-Net,679507_sat_18.jpg,0.22325581395348837,0.3650190114068441,0.2460276781137878,0.7069219440353461,0.770660400390625,0.013401775002421346
U-Net,679507_sat_38.jpg,0.3049051252868631,0.4673215230415076,0.8323316695528166,0.3248583639797237,0.4315338134765625,0.013401775002421346
U-Net,679507_sat_48.jpg,0.4320322507723608,0.6033834091925596,0.507075263111347,0.7448522247482949,0.7699737548828125,0.013483574999554548
U-Net,679507_sat_58.jpg,0.19547009555267195,0.32701795934477995,0.24789308332917767,0.4803362643733694,0.68780517578125,0.013483574999554548
U-Net,679507_sat_68.jpg,0.26454040247143695,0.4183977071106865,0.4510623271143547,0.39014457340663816,0.6748809814453125,0.013483574999554548
U-Net,679507_sat_76.jpg,0.7272285463279687,0.8420756452572913,0.8870092563038621,0.8014749809447295,0.7773284912109375,0.013483574999554548
U-Net,679507_sat_77.jpg,0.25913597394511234,0.4116091975883908,0.8738593232657675,0.2692058911334461,0.5279388427734375,0.013483574999554548
U-Net,679507_sat_78.jpg,0.13427842596077447,0.23676448901341984,0.17161028272139384,0.38167122310709617,0.684112548828125,0.013483574999554548
U-Net,679507_sat_85.jpg,0.8191028692317863,0.9005569537446735,0.8786277812250687,0.9236087815423609,0.8329925537109375,0.013483574999554548
U-Net,679507_sat_86.jpg,0.5960023299304087,0.7468689973107953,0.6614609914599707,0.8576028938197539,0.798919677734375,0.013483574999554548
U-Net,679507_sat_87.jpg,0.0034321979018261885,0.006840916424653114,0.003452543808220963,0.3680555555555556,0.7651824951171875,0.013568012502219062
U-Net,688544_sat_35.jpg,0.42254065616865544,0.5940647873034278,0.5058311736393928,0.7195839185393258,0.658111572265625,0.013568012502219062
U-Net,688544_sat_36.jpg,0.013437791843934834,0.026519223877540573,0.016001482762881502,0.07738273080370481,0.7098541259765625,0.013568012502219062
U-Net,688544_sat_42.jpg,0.02384240750163553,0.0465743698970536,0.02590837282780411,0.23017543859649123,0.7950897216796875,0.013568012502219062
U-Net,688544_sat_43.jpg,0.04778846931349559,0.09121778052168544,0.0516112129944983,0.3921698739216987,0.8203125,0.013568012502219062
U-Net,688544_sat_44.jpg,0.2292783893122589,0.3730292361855197,0.4054908485856905,0.3453798185941043,0.875,0.013568012502219062
U-Net,688544_sat_45.jpg,0.443591122033638,0.6145661541735383,0.9946273591403775,0.44465657669864045,0.4472503662109375,0.013568012502219062
U-Net,688544_sat_46.jpg,0.43441297970424475,0.6057014065695563,0.6351540616246498,0.578859194256083,0.711700439453125,0.013568012502219062
U-Net,688544_sat_52.jpg,0.5133301321530721,0.6784113013367914,0.7853834605679241,0.5970859640602234,0.6443023681640625,0.01339523749993532
U-Net,688544_sat_53.jpg,0.7107969662073621,0.8309542046746977,0.8995878982812343,0.7720508949751995,0.777740478515625,0.01339523749993532
U-Net,688544_sat_54.jpg,0.040952505560643726,0.07868275515334339,0.044428672817601135,0.34357848518111966,0.77630615234375,0.01339523749993532
U-Net,688544_sat_55.jpg,0.7018354965056447,0.8247982815574288,0.99201059464623,0.7058251077436396,0.70379638671875,0.01339523749993532
U-Net,688544_sat_56.jpg,0.6647521561937257,0.7986199672071416,0.7195559841598785,0.8972036738557577,0.730133056640625,0.01339523749993532
U-Net,688544_sat_62.jpg,0.2876371742112483,0.4467674279246288,0.32094206780439277,0.7348753668900863,0.3660736083984375,0.01339523749993532
U-Net,688544_sat_63.jpg,0.714605142799065,0.8335506816834618,0.8498730811072163,0.8178434337559614,0.742919921875,0.01339523749993532
U-Net,688544_sat_64.jpg,0.5104807368646531,0.6759182350438605,0.6088098974489982,0.7596539162112933,0.7559051513671875,0.01339523749993532
U-Net,688544_sat_65.jpg,0.6795417097750699,0.8091989687663982,0.9686740406937048,0.6948106646815679,0.744781494140625,0.013508162497601006
U-Net,688544_sat_66.jpg,0.7987351126540293,0.8881075451687798,0.9304690784600292,0.8494352450926637,0.8213043212890625,0.013508162497601006
U-Net,688544_sat_67.jpg,0.028500619578686492,0.05542168674698795,0.028911235737768323,0.6674107142857143,0.533447265625,0.013508162497601006
U-Net,688544_sat_72.jpg,0.039427570093457945,0.07586400674346727,0.04038720430796846,0.6239683063717398,0.297393798828125,0.013508162497601006
U-Net,688544_sat_73.jpg,0.27481983045001546,0.4311508558083901,0.3349336283185841,0.604930871893231,0.39044189453125,0.013508162497601006
U-Net,688544_sat_74.jpg,0.5925699371992497,0.7441681817017899,0.7941088067327923,0.7001373196174324,0.695098876953125,0.013508162497601006
U-Net,688544_sat_75.jpg,0.4514947094476595,0.6221100311408889,0.6850418246999532,0.5697679443412126,0.755584716796875,0.013508162497601006
U-Net,688544_sat_77.jpg,0.40143547226694987,0.5728918387053402,0.41618568967660585,0.9188754705144291,0.4668121337890625,0.013508162497601006
U-Net,688544_sat_82.jpg,0.637521656628991,0.7786421071723666,0.7618005441854963,0.7962451570356937,0.664794921875,0.013266387501062127
U-Net,688544_sat_83.jpg,0.45921054989159843,0.6293958742632613,0.5393194587655984,0.7555942097349568,0.539459228515625,0.013266387501062127
U-Net,688544_sat_84.jpg,0.773820230438988,0.8724900270727904,0.9051607780865423,0.842095544106513,0.7966156005859375,0.013266387501062127
U-Net,688544_sat_85.jpg,0.3456980550016929,0.5137824993010903,0.643037088873338,0.4277932960893855,0.734619140625,0.013266387501062127
U-Net,688544_sat_86.jpg,0.8562135762948371,0.9225377803818389,0.9685918566321556,0.8806644293885477,0.8930816650390625,0.013266387501062127
U-Net,688544_sat_87.jpg,0.4064075541691257,0.5779371036004173,0.41624067421939764,0.9450652864368898,0.4628448486328125,0.013266387501062127
U-Net,691384_sat_00.jpg,0.05195975371677429,0.09878658101356175,0.055653852340357086,0.43908629441624364,0.9036712646484375,0.013266387501062127
U-Net,691384_sat_02.jpg,0.4305045559635523,0.6018919047392689,0.712549240292628,0.5209842001316656,0.744415283203125,0.013266387501062127
U-Net,691384_sat_03.jpg,0.4616250281341436,0.6316599938404681,0.8730631704410012,0.49483690407257286,0.635009765625,0.013516587503545452
U-Net,691384_sat_04.jpg,0.1527903540961731,0.2650791682169581,0.2795117698343505,0.25206384149697303,0.7287445068359375,0.013516587503545452
U-Net,691384_sat_07.jpg,0.0562429696287964,0.10649627263045794,0.0623075795337927,0.3662214562688496,0.7823638916015625,0.013516587503545452
U-Net,691384_sat_08.jpg,0.18721096004728954,0.3153794335588554,0.19647483852132977,0.7988130563798219,0.6433258056640625,0.013516587503545452
U-Net,691384_sat_10.jpg,0.841301184784868,0.9138115933848846,0.9441150743512489,0.8853929307107571,0.860198974609375,0.013516587503545452
U-Net,691384_sat_11.jpg,0.5311755275358551,0.6938140245627936,0.6530470914127424,0.7400096583363516,0.83489990234375,0.013516587503545452
U-Net,691384_sat_12.jpg,0.364465206185567,0.5342242580218639,0.8307387281539139,0.3937010614233513,0.6989898681640625,0.013516587503545452
U-Net,691384_sat_13.jpg,0.6031223746849622,0.7524346041311848,0.8187606918836723,0.6960491233740002,0.826995849609375,0.013516587503545452
U-Net,691384_sat_14.jpg,0.5576822831823809,0.7160411198142707,0.965671894392418,0.5689617922254907,0.5856781005859375,0.013293550000526011
U-Net,691384_sat_15.jpg,0.42343762967881154,0.5949507317357589,0.7375496928080955,0.4985586553964919,0.787994384765625,0.013293550000526011
U-Net,691384_sat_17.jpg,0.16917032586087358,0.2893852540027673,0.20805798337241527,0.47509329871815675,0.78057861328125,0.013293550000526011
U-Net,691384_sat_18.jpg,0.5334541500543675,0.695754939964073,0.7382994732881866,0.6578465114200152,0.8035888671875,0.013293550000526011
U-Net,691384_sat_21.jpg,0.5909262759924385,0.7428707224334601,0.7440246530039585,0.74172036565263,0.686309814453125,0.013293550000526011
U-Net,691384_sat_22.jpg,0.671082166229332,0.8031707593930909,0.9461344743821176,0.6977401594214808,0.6824951171875,0.013293550000526011
U-Net,691384_sat_23.jpg,0.6160318340196389,0.7624006174276299,0.7126465738365702,0.8196233372843409,0.7040557861328125,0.013293550000526011
U-Net,691384_sat_24.jpg,0.4384032372021324,0.6095693138940365,0.9366680389735145,0.451795465828231,0.466339111328125,0.013293550000526011
U-Net,691384_sat_25.jpg,0.42257438551099613,0.5940981221297685,0.5631653808025516,0.6286264132788069,0.727569580078125,0.013458387500577373
U-Net,691384_sat_26.jpg,0.0161804745235317,0.03184567097910128,0.016473942658007286,0.4759725400457666,0.8070220947265625,0.013458387500577373
U-Net,691384_sat_27.jpg,0.006278449223041909,0.012478552487911403,0.006278449223041909,1.0,0.9033966064453125,0.013458387500577373
U-Net,691384_sat_28.jpg,0.48699895205658894,0.6550091395599797,0.7772841312983483,0.5659752616555661,0.7609710693359375,0.013458387500577373
U-Net,691384_sat_31.jpg,0.7751243946680867,0.873318396160084,0.9183721755589731,0.8324784186162892,0.7938079833984375,0.013458387500577373
U-Net,691384_sat_32.jpg,0.5762968312099173,0.7312034380828761,0.6065837812403858,0.9202679699082972,0.6239776611328125,0.013458387500577373
U-Net,691384_sat_33.jpg,0.45033982404202977,0.6210128365460635,0.4735296051910472,0.9019206680584552,0.5977020263671875,0.013458387500577373
U-Net,691384_sat_34.jpg,0.7192951164698748,0.8367325767163931,0.8433644234388724,0.8302042160737813,0.759857177734375,0.013458387500577373
U-Net,691384_sat_35.jpg,0.5526978723404256,0.7119194045230813,0.8317792919719248,0.6222524576969511,0.5990142822265625,0.013230187501903856
U-Net,691384_sat_36.jpg,0.5172461623820973,0.6818223373457261,0.6143665220495359,0.7659181158428043,0.8406829833984375,0.013230187501903856
U-Net,691384_sat_37.jpg,0.6085816303887354,0.7566686314099751,0.8248031496062992,0.698931955610129,0.7039337158203125,0.013230187501903856
U-Net,691384_sat_40.jpg,0.6925142829239709,0.8183260725310868,0.8351933099732045,0.8021266366901388,0.807830810546875,0.013230187501903856
U-Net,691384_sat_41.jpg,0.9170692127707751,0.9567408486471057,0.9741241080734386,0.9399671211681656,0.9329376220703125,0.013230187501903856
U-Net,691384_sat_42.jpg,0.8581744749596123,0.9236748072091183,0.9845244273111424,0.8699091132399902,0.8660430908203125,0.013230187501903856
U-Net,691384_sat_43.jpg,0.4352499746476017,0.606514519889776,0.5795561957059909,0.6361031518624641,0.490142822265625,0.013230187501903856
U-Net,691384_sat_44.jpg,0.48046361378504293,0.6490718303527374,0.80935192780968,0.5417803078838023,0.5116424560546875,0.013230187501903856
U-Net,691384_sat_45.jpg,0.6835822386494181,0.8120568427922983,0.7728928420160949,0.8554017313041032,0.806671142578125,0.013465262498357333
U-Net,691384_sat_46.jpg,0.758845944474687,0.8628907458991024,0.8793739034439253,0.847014146017279,0.78369140625,0.013465262498357333
U-Net,691384_sat_47.jpg,0.6386158382994409,0.7794576658824411,0.9575340257467241,0.6572300202326757,0.6409759521484375,0.013465262498357333
U-Net,691384_sat_50.jpg,0.8364371904861547,0.9109347107751908,0.879759372019661,0.9444006930225233,0.928436279296875,0.013465262498357333
U-Net,691384_sat_51.jpg,0.31717673188098117,0.48160087284268993,0.3349198137609933,0.8568781434748081,0.680999755859375,0.013465262498357333
U-Net,691384_sat_52.jpg,0.5707766328700932,0.7267444917705211,0.6566026082618714,0.8136645962732919,0.682830810546875,0.013465262498357333
U-Net,691384_sat_53.jpg,0.3866677435856016,0.5576934278225415,0.5166187050359712,0.6058637418266188,0.6523895263671875,0.013465262498357333
U-Net,691384_sat_54.jpg,0.4375384324298756,0.6087328485406864,0.876071411658853,0.4664061515189714,0.637115478515625,0.013465262498357333
U-Net,691384_sat_55.jpg,0.8325066137566137,0.9085987548497699,0.9164126131865131,0.9009170208007157,0.8763427734375,0.013377675000810996
U-Net,691384_sat_56.jpg,0.8326276731690043,0.9086708504507229,0.9326710816777042,0.8858748177633626,0.8341217041015625,0.013377675000810996
U-Net,691384_sat_57.jpg,0.830305113343436,0.9072860118133087,0.9274732561995009,0.8879588324728919,0.834259033203125,0.013377675000810996
U-Net,691384_sat_61.jpg,0.8151084994159086,0.898137493905412,0.9344967532467533,0.8645015956448282,0.840606689453125,0.013377675000810996
U-Net,691384_sat_62.jpg,0.2911416847694907,0.45098332460928736,0.31925255412630354,0.7677912157861235,0.77593994140625,0.013377675000810996
U-Net,691384_sat_63.jpg,0.30977011494252876,0.4730144800351031,0.33041422191085035,0.8321570357300397,0.8717193603515625,0.013377675000810996
U-Net,691384_sat_64.jpg,0.16354002577688673,0.2811076923076923,0.19816068020128405,0.48348856900931414,0.9108734130859375,0.013377675000810996
U-Net,691384_sat_65.jpg,0.7051715309779826,0.8270974716233259,0.9279489713412991,0.7460185619876494,0.736419677734375,0.013377675000810996
U-Net,691384_sat_66.jpg,0.6647336524168124,0.7986066136787361,0.7175124307931022,0.9003672891406319,0.68682861328125,0.013454412499413593
U-Net,691384_sat_67.jpg,0.7713318432816197,0.8709060882151008,0.8516730783189373,0.8910278315677563,0.787689208984375,0.013454412499413593
U-Net,691384_sat_70.jpg,0.9121182358168467,0.954039576352029,0.9491563919532771,0.9589732662394073,0.9139862060546875,0.013454412499413593
U-Net,691384_sat_72.jpg,0.6375576916403511,0.7786689835662595,0.9729908645571296,0.64904440597732,0.6812591552734375,0.013454412499413593
U-Net,691384_sat_73.jpg,0.5735041935584448,0.7289515921295103,0.9987511538252701,0.5739157566302652,0.582550048828125,0.013454412499413593
U-Net,691384_sat_74.jpg,0.8661599324354359,0.9282804944858634,0.9673832100481556,0.8922161172161173,0.908111572265625,0.013454412499413593
U-Net,691384_sat_75.jpg,0.1280919634609463,0.2270948958238559,0.12977019860663408,0.9082969432314411,0.740753173828125,0.013454412499413593
U-Net,691384_sat_76.jpg,0.41340542679107184,0.5849778399813389,0.5277801161713949,0.6560799497697781,0.728515625,0.013454412499413593
U-Net,691384_sat_77.jpg,0.6549216446343968,0.7914835687330457,0.9424539321557129,0.6822025124240751,0.6821441650390625,0.01361283750156872
U-Net,691384_sat_80.jpg,0.9462025316455697,0.9723577235772358,0.9671385711606976,0.9776335118229635,0.9463043212890625,0.01361283750156872
U-Net,691384_sat_82.jpg,0.6864421566916769,0.8140713916192447,0.8786741713570981,0.7583175912718301,0.725799560546875,0.01361283750156872
U-Net,691384_sat_84.jpg,0.702037947997189,0.8249380677126342,0.724903016940638,0.9570023212114513,0.831787109375,0.01361283750156872
U-Net,691384_sat_85.jpg,0.8279392266394244,0.905871721087303,0.8773291567819057,0.9363339150954991,0.87921142578125,0.01361283750156872
U-Net,691384_sat_86.jpg,0.773616066559681,0.872360237534699,0.8257059234376559,0.9246024356634762,0.778289794921875,0.01361283750156872
U-Net,691384_sat_87.jpg,0.8360878829659606,0.9107275209674274,0.9675500942829317,0.8602089128792764,0.860321044921875,0.01361283750156872
U-Net,691384_sat_88.jpg,0.7275852585258525,0.8423147337419407,0.9649606747976747,0.7473295785589434,0.7581787109375,0.01361283750156872
U-Net,698628_sat_05.jpg,0.9664711477488903,0.9829497359829095,0.9827199896835759,0.9831795897303574,0.9677276611328125,0.013432612500764662
U-Net,698628_sat_06.jpg,0.8971401559914913,0.9457816315343599,0.9999648746904582,0.8971684288483053,0.900390625,0.013432612500764662
U-Net,698628_sat_27.jpg,0.8432725330077082,0.9149732531756678,0.964878270285375,0.8699766943814563,0.84332275390625,0.013432612500764662
U-Net,698628_sat_28.jpg,0.640544345377757,0.7808924485125858,0.7772286247893226,0.7845909780659401,0.707794189453125,0.013432612500764662
U-Net,698628_sat_34.jpg,0.9763263154630865,0.9880213685606031,0.9988104678826328,0.9774628649479256,0.9766998291015625,0.013432612500764662
U-Net,698628_sat_35.jpg,0.9398866086401022,0.9690119045658867,0.9976774937275378,0.9419475655430711,0.94256591796875,0.013432612500764662
U-Net,698628_sat_37.jpg,0.6727320458759249,0.8043512378859811,0.8383976770816293,0.7729620692255486,0.695648193359375,0.013432612500764662
U-Net,698628_sat_38.jpg,0.7017189243382222,0.8247177771865141,0.8940417816968149,0.7653709125542347,0.718536376953125,0.013432612500764662
U-Net,698628_sat_53.jpg,0.9101096037403235,0.9529396658266858,0.9843488352814391,0.9234729588900468,0.9105224609375,0.013307087501743808
U-Net,698628_sat_70.jpg,0.8802342142744105,0.9363027303639363,0.939671920666295,0.932957614183398,0.884521484375,0.013307087501743808
U-Net,698628_sat_71.jpg,0.8296200901481005,0.9068768916731189,0.9036330481133399,0.9101441085052274,0.8385009765625,0.013307087501743808
U-Net,698628_sat_80.jpg,0.8799534552976922,0.9361438740070837,0.9332076441854487,0.9390986391624554,0.88665771484375,0.013307087501743808
U-Net,698628_sat_82.jpg,0.9261240821082001,0.9616452965943189,0.9898576133440383,0.9349965950597412,0.9264678955078125,0.013307087501743808
U-Net,698628_sat_83.jpg,0.8545622610766435,0.9215784004798392,0.8725524699257743,0.9764415244983083,0.8583526611328125,0.013307087501743808
U-Net,698628_sat_84.jpg,0.9710133854898845,0.9852935476118488,0.9898749162733461,0.9807543908386579,0.9710540771484375,0.013307087501743808
U-Net,71125_sat_00.jpg,0.8094588449295134,0.894697160090475,0.8184816388659859,0.9865642260573744,0.8145904541015625,0.013307087501743808
U-Net,71125_sat_01.jpg,0.4062655550024888,0.5777935092803576,0.40674006821048697,0.9971366395601878,0.417572021484375,0.013428637499600882
U-Net,71125_sat_02.jpg,0.8603120801270306,0.9249115665241335,0.8752524154214173,0.9805446793700513,0.8603973388671875,0.013428637499600882
U-Net,71125_sat_05.jpg,0.9125315651675472,0.9542656255062696,0.9494817608846333,0.9590979402426117,0.913848876953125,0.013428637499600882
U-Net,71125_sat_06.jpg,0.8520474488137797,0.9201140601008994,0.8553833605220228,0.9954437588989083,0.8610687255859375,0.013428637499600882
U-Net,71125_sat_07.jpg,0.7696316620426432,0.8698213063777079,0.7708605204575113,0.9979329808800731,0.7706756591796875,0.013428637499600882
U-Net,71125_sat_11.jpg,0.8345675242384915,0.9098248096209063,0.9230145730255492,0.8970066955494289,0.8346710205078125,0.013428637499600882
U-Net,71125_sat_12.jpg,0.9957733154296875,0.9978821820405979,0.9970055763501642,0.9987603305785124,0.9957733154296875,0.013428637499600882
U-Net,71125_sat_26.jpg,0.7939136342808387,0.8851191262606245,0.7980242364563315,0.9935537451554219,0.8009796142578125,0.013428637499600882
U-Net,71125_sat_27.jpg,0.5346279993095114,0.6967525674626832,0.559154344725487,0.9241764144187157,0.5886383056640625,0.013413587501418078
U-Net,71125_sat_28.jpg,0.8895643523708768,0.9415549687468663,0.911808500307513,0.9733077640717321,0.893280029296875,0.013413587501418078
U-Net,71125_sat_36.jpg,0.7779647998954129,0.8751183374847196,0.7828260404847648,0.9920810236318927,0.7926788330078125,0.013413587501418078
U-Net,71125_sat_37.jpg,0.07418557974370851,0.13812432626661875,0.07418557974370851,1.0,0.634002685546875,0.013413587501418078
U-Net,71125_sat_38.jpg,0.03501085296245679,0.06765311274224242,0.03518338988528034,0.877139979859013,0.6336822509765625,0.013413587501418078
U-Net,71125_sat_47.jpg,0.8380029733217885,0.911862478445594,0.8380166639438,0.9999805053025577,0.84869384765625,0.013413587501418078
U-Net,71125_sat_48.jpg,0.06050131858565686,0.1140994688556253,0.060694012791205405,0.950140731805388,0.440093994140625,0.013413587501418078
U-Net,71125_sat_50.jpg,0.8341109058458841,0.9095534007101884,0.8457362372214109,0.9837875766304749,0.83831787109375,0.013413587501418078
U-Net,71125_sat_58.jpg,0.8197421168630582,0.9009431713062303,0.8498893466956944,0.9585227272727272,0.8415069580078125,0.013869262500520563
U-Net,71125_sat_62.jpg,0.7720240720902388,0.8713471608538331,0.7767844405345,0.9921245495404301,0.7791900634765625,0.013869262500520563
U-Net,71125_sat_70.jpg,0.8709125123395854,0.9310029267488354,0.9868565935506424,0.8811329588014981,0.8722991943359375,0.013869262500520563
U-Net,71125_sat_71.jpg,0.8779754638671875,0.935023359739996,0.9999304867664182,0.8780290545077214,0.8779754638671875,0.013869262500520563
U-Net,71125_sat_72.jpg,0.8324938997685041,0.9085911826213137,0.886946522905661,0.9313186813186813,0.8365936279296875,0.013869262500520563
U-Net,71125_sat_80.jpg,0.08378662923319881,0.15461831134137458,0.08492663405958203,0.8619133574007221,0.36260986328125,0.013869262500520563
U-Net,71125_sat_81.jpg,0.9387568414034761,0.9684111192860113,0.9679466683719146,0.9688760161300647,0.939727783203125,0.013869262500520563
U-Net,713813_sat_00.jpg,0.8435287077362944,0.9151240273031388,0.9593171635442463,0.8748232941419853,0.8563690185546875,0.013869262500520563
U-Net,713813_sat_01.jpg,0.8499518390353538,0.9188907744523295,0.9205594837911982,0.917228103946102,0.87164306640625,0.013934124999650521
U-Net,713813_sat_02.jpg,0.4463708394056653,0.6172287593810803,0.47096147048427006,0.895276172557452,0.495697021484375,0.013934124999650521
U-Net,713813_sat_10.jpg,0.7730929797341608,0.8720275682892505,0.9594259284991167,0.7992228193468376,0.783538818359375,0.013934124999650521
U-Net,713813_sat_11.jpg,0.7093091537132988,0.829936646828805,0.9686541818010284,0.7259726715101377,0.7431793212890625,0.013934124999650521
U-Net,713813_sat_12.jpg,0.19316217427492158,0.323781927452243,0.20892990079811638,0.7190609545373294,0.2308349609375,0.013934124999650521
U-Net,713813_sat_20.jpg,0.7201278351794967,0.8372957177387351,0.9848301614580018,0.7282054500101972,0.7247314453125,0.013934124999650521
U-Net,713813_sat_21.jpg,0.566566535567186,0.7233226584430474,0.9985808634899842,0.5670230900356423,0.5728759765625,0.013934124999650521
U-Net,713813_sat_22.jpg,0.7365992414664981,0.8483238088304881,0.855062095280025,0.8416908936600517,0.74566650390625,0.013934124999650521
U-Net,713813_sat_23.jpg,0.4191369757754681,0.5906927702259839,0.5093750767945346,0.7029061684017769,0.561676025390625,0.013923074999183882
U-Net,713813_sat_24.jpg,0.06689668391796051,0.12540424002874595,0.06765532616070563,0.8564417177914111,0.8514404296875,0.013923074999183882
U-Net,713813_sat_30.jpg,0.653051836812385,0.7901165859041405,0.9899968740231322,0.6573896659641055,0.6662445068359375,0.013923074999183882
U-Net,713813_sat_31.jpg,0.8646914183073784,0.9274364753523432,0.9683051145351221,0.8898779612347452,0.8816070556640625,0.013923074999183882
U-Net,713813_sat_32.jpg,0.8596377066479072,0.9245216996567018,0.9656446323442254,0.8867582228188894,0.8782196044921875,0.013923074999183882
U-Net,713813_sat_33.jpg,0.9495518486244242,0.974123206104433,0.9768990634755463,0.9713630792250999,0.950531005859375,0.013923074999183882
U-Net,713813_sat_34.jpg,0.2053846972438012,0.34077867043347754,0.2122356218613687,0.8641791044776119,0.6581878662109375,0.013923074999183882
U-Net,713813_sat_40.jpg,0.7854474195084429,0.8798325964980664,0.8649711588883062,0.8952136431001733,0.8212432861328125,0.013923074999183882
U-Net,713813_sat_41.jpg,0.8454644079112076,0.9162619493357209,0.9541173811497023,0.8812957775883367,0.8587188720703125,0.013816587503242772
U-Net,713813_sat_42.jpg,0.6680723540178731,0.8010112419988167,0.7370765606129601,0.8770908919568393,0.7177581787109375,0.013816587503242772
U-Net,713813_sat_43.jpg,0.14085748178274868,0.2469326520305398,0.14166652463654492,0.9610359579142097,0.226409912109375,0.013816587503242772
U-Net,713813_sat_48.jpg,0.09786840106342574,0.17828803701541587,0.11417889781224037,0.4065673996647273,0.4200897216796875,0.013816587503242772
U-Net,713813_sat_50.jpg,0.8868525759167715,0.9400337760737596,0.9048857644991213,0.9780226042359198,0.8997650146484375,0.013816587503242772
U-Net,713813_sat_51.jpg,0.987755850746725,0.9938402147081216,0.9997215174206324,0.9880277059983792,0.9877777099609375,0.013816587503242772
U-Net,713813_sat_52.jpg,0.884937203967455,0.9389566953263173,0.9460136553695242,0.9320042410442703,0.89361572265625,0.013816587503242772
U-Net,713813_sat_53.jpg,0.23248899755501223,0.3772674612369269,0.24948051130281468,0.7734252993232691,0.4012603759765625,0.013816587503242772
U-Net,713813_sat_57.jpg,0.01010123990444773,0.02000045046059596,0.010161345691726742,0.6306818181818182,0.3360748291015625,0.013934662500105333
U-Net,713813_sat_58.jpg,0.5921960243305951,0.7438732609316385,0.6891236135434909,0.808073245341947,0.6030731201171875,0.013934662500105333
U-Net,713813_sat_60.jpg,0.9116173404288426,0.9537655064630612,0.9918399133202411,0.9185062084535307,0.913330078125,0.013934662500105333
U-Net,713813_sat_61.jpg,0.9606525023898362,0.9799314271334655,0.9966886887527394,0.9637283259346336,0.9610595703125,0.013934662500105333
U-Net,713813_sat_62.jpg,0.9360513510052504,0.9669695491488148,0.979579871348164,0.9546797707867369,0.9390411376953125,0.013934662500105333
U-Net,713813_sat_63.jpg,0.8837342497136311,0.9382791121921557,0.9573886503890529,0.9199175005236783,0.8853912353515625,0.013934662500105333
U-Net,713813_sat_64.jpg,0.2826727808712742,0.440755873340143,0.29837299166158227,0.8430640156303874,0.431915283203125,0.013934662500105333
U-Net,713813_sat_67.jpg,0.002814669071432475,0.005613537891380767,0.0028527904722337625,0.17398648648648649,0.4431915283203125,0.013934662500105333
U-Net,713813_sat_68.jpg,0.5708932879360789,0.7268390441544862,0.7927159555259907,0.6710711556252765,0.6173095703125,0.013888800000131596
U-Net,713813_sat_70.jpg,0.8314837905236908,0.9079892432855635,0.9738235186740171,0.850492618690814,0.83502197265625,0.013888800000131596
U-Net,713813_sat_71.jpg,0.8783921617110713,0.9352596115083054,0.9978231483594614,0.8800786572525703,0.8799285888671875,0.013888800000131596
U-Net,713813_sat_72.jpg,0.9678476862942882,0.9836611776766835,0.9754113984370036,0.9920516962843295,0.9688720703125,0.013888800000131596
U-Net,713813_sat_74.jpg,0.805908638739322,0.8925242633557751,0.9605352303523035,0.8335075284972401,0.81243896484375,0.013888800000131596
U-Net,713813_sat_75.jpg,0.3587336287158667,0.5280411423317819,0.40852208317588745,0.7464159525646753,0.498687744140625,0.013888800000131596
U-Net,713813_sat_76.jpg,0.02333390735319442,0.045603702145561635,0.023338931231968306,0.9908592321755028,0.653839111328125,0.013888800000131596
U-Net,713813_sat_78.jpg,0.21552531786749946,0.35462086177787566,0.38168602354428377,0.33113989992460074,0.731689453125,0.013888800000131596
U-Net,713813_sat_80.jpg,0.5762738552623291,0.731184943959403,0.9274003496946507,0.6034991672575565,0.589385986328125,0.013882349998311838
U-Net,713813_sat_81.jpg,0.8821509566550612,0.93738597697053,0.9790141618958152,0.8991535080579521,0.8874053955078125,0.013882349998311838
U-Net,713813_sat_82.jpg,0.930840534171249,0.9641816791160149,0.9879771215127816,0.9415055062054061,0.932830810546875,0.013882349998311838
U-Net,713813_sat_83.jpg,0.8661163779012749,0.9282554809098792,0.9816595342633246,0.8803621864097027,0.8750152587890625,0.013882349998311838
U-Net,713813_sat_84.jpg,0.8801798759899319,0.9362719888984123,0.9970271210013908,0.8824959606062938,0.8808746337890625,0.013882349998311838
U-Net,713813_sat_85.jpg,0.9043264533463605,0.9497599025180173,0.9888985342726453,0.9136013818843597,0.9043731689453125,0.013882349998311838
U-Net,713813_sat_86.jpg,0.5366082134292566,0.69843205150089,0.5698086181514344,0.9020534139581758,0.622589111328125,0.013882349998311838
U-Net,714414_sat_08.jpg,0.0,0.0,0.0,0.0,0.2150421142578125,0.013882349998311838
U-Net,715846_sat_05.jpg,0.8973522669579532,0.9458994859153788,0.9364985067916894,0.9554911211585086,0.898193359375,0.013644725000631297
U-Net,715846_sat_06.jpg,0.8325852645720742,0.9086455955614056,0.8409560524286815,0.9881858375009059,0.832672119140625,0.013644725000631297
U-Net,715846_sat_08.jpg,0.5373539330248608,0.6990633991062501,0.5418841542501028,0.9846803862957002,0.5499267578125,0.013644725000631297
U-Net,715846_sat_10.jpg,0.4940828860046718,0.6613861796193907,0.5056119299023255,0.9558854338131865,0.5009765625,0.013644725000631297
U-Net,715846_sat_11.jpg,0.49140506467708384,0.6589826953329837,0.5682529346862735,0.784189900906073,0.50384521484375,0.013644725000631297
U-Net,715846_sat_14.jpg,0.9224022937397464,0.9596350324211802,0.9681208863713169,0.9512966476913346,0.9227752685546875,0.013644725000631297
U-Net,715846_sat_15.jpg,0.2953774225171556,0.45604843404354406,0.3248016805329058,0.765288179746011,0.572265625,0.013644725000631297
U-Net,715846_sat_16.jpg,0.27358944402446567,0.42963522555579536,0.27564797932005447,0.9734289673159997,0.516143798828125,0.013644725000631297
U-Net,715846_sat_20.jpg,0.6977806988047566,0.8219915555595567,0.7042390398914016,0.9870278684625862,0.6982879638671875,0.013774999999441206
U-Net,715846_sat_21.jpg,0.732460773057788,0.845572707271169,0.7539748822111217,0.9625040231734793,0.7333221435546875,0.013774999999441206
U-Net,715846_sat_25.jpg,0.5693994965839626,0.725627219612785,0.5753997093023255,0.982015503875969,0.634552001953125,0.013774999999441206
U-Net,715846_sat_26.jpg,0.44966099737706,0.6203671040203922,0.4538385974259503,0.9799396031061259,0.4909515380859375,0.013774999999441206
U-Net,715846_sat_35.jpg,0.7796478271484375,0.8761821471135461,0.7826213488136995,0.9951503583670925,0.7796478271484375,0.013774999999441206
U-Net,715846_sat_36.jpg,0.6404834300807765,0.7808471799672362,0.643021230014955,0.9938757029835097,0.6427764892578125,0.013774999999441206
U-Net,715846_sat_48.jpg,0.9493911719939118,0.9740386492289674,0.9853221878496676,0.9630106143454487,0.963470458984375,0.013774999999441206
U-Net,715846_sat_56.jpg,0.865462596131438,0.9278798705760366,0.9418940854215279,0.9142765700780423,0.9119110107421875,0.013774999999441206
U-Net,715846_sat_57.jpg,0.83316195935155,0.9089889249570364,0.8751895941536058,0.9455037489448334,0.883636474609375,0.013600462498288834
U-Net,715846_sat_58.jpg,0.9064759799180139,0.9509440344031987,0.9205313501251199,0.9834349390365781,0.9380340576171875,0.013600462498288834
U-Net,715846_sat_66.jpg,0.6909579367516119,0.8172384678934898,0.9994226712556901,0.6912338360414043,0.6928253173828125,0.013600462498288834
U-Net,715846_sat_78.jpg,0.7829778615607522,0.8782810807032261,0.9431204023419907,0.8217836352933482,0.787445068359375,0.013600462498288834
U-Net,71619_sat_00.jpg,0.8855739876270009,0.9393150239004917,0.9715404653470611,0.9091587483209791,0.89190673828125,0.013600462498288834
U-Net,71619_sat_01.jpg,0.9480240878932287,0.9733186502005821,0.998628014333215,0.9492604639744692,0.9482421875,0.013600462498288834
U-Net,71619_sat_07.jpg,0.7658538818359375,0.8674034581385502,0.9903903074312325,0.7715875724453873,0.7658538818359375,0.013600462498288834
U-Net,71619_sat_08.jpg,0.21560730655163116,0.3547318371477287,0.26949323897384053,0.5188354081343011,0.2897186279296875,0.013600462498288834
U-Net,71619_sat_18.jpg,0.9525909423828125,0.9757199234165592,0.9999839820599071,0.9526054779888609,0.9525909423828125,0.01373518749824143
U-Net,71619_sat_20.jpg,0.782838918391015,0.8781936610375494,0.9440396010452321,0.8209342145268919,0.7828521728515625,0.01373518749824143
U-Net,71619_sat_24.jpg,0.9574602295455245,0.9782678749675786,0.9886885376122011,0.9680645863796161,0.9578094482421875,0.01373518749824143
U-Net,71619_sat_25.jpg,0.7737142857142857,0.8724226804123711,0.9469512511008652,0.8087695234724127,0.83685302734375,0.01373518749824143
U-Net,71619_sat_26.jpg,0.9573535715986854,0.9782121998702141,0.9908143814907322,0.9659265667051135,0.959014892578125,0.01373518749824143
U-Net,71619_sat_27.jpg,0.9305267333984375,0.9640133102537959,0.9780440082114447,0.9503794785481634,0.9305267333984375,0.01373518749824143
U-Net,71619_sat_28.jpg,0.6764241806646725,0.8069845191525241,0.6819386909693455,0.9881864239921243,0.6996002197265625,0.01373518749824143
U-Net,71619_sat_30.jpg,0.7552731673582296,0.8605762127554789,0.9169237873349705,0.81075312720389,0.7840118408203125,0.01373518749824143
U-Net,71619_sat_34.jpg,0.5652850499798616,0.7222774535374683,0.5679782204808418,0.991681654676259,0.6376800537109375,0.013655237497005146
U-Net,71619_sat_35.jpg,0.584315318976026,0.7376250320595025,0.6613429216489674,0.8337989563017237,0.656585693359375,0.013655237497005146
U-Net,71619_sat_36.jpg,0.7862021361621739,0.880305896231212,0.8258032511638556,0.9425112146683506,0.820404052734375,0.013655237497005146
U-Net,71619_sat_37.jpg,0.2220029488488148,0.36334273834273834,0.22582431528184777,0.9291749738915789,0.476654052734375,0.013655237497005146
U-Net,71619_sat_40.jpg,0.8842630229504096,0.9385770587015142,0.9925071944970871,0.8902057069109338,0.8870391845703125,0.013655237497005146
U-Net,71619_sat_43.jpg,0.9289398193359375,0.9631610172843412,0.9967581904808684,0.9317548746518106,0.9289398193359375,0.013655237497005146
U-Net,71619_sat_44.jpg,0.4355511308137351,0.606806851340565,0.4358622504605436,0.9983638320775027,0.5414886474609375,0.013655237497005146
U-Net,71619_sat_45.jpg,0.09990863755757737,0.1816671569730216,0.09990863755757737,1.0,0.2784271240234375,0.013655237497005146
U-Net,71619_sat_46.jpg,0.021553553742394944,0.04219759926131117,0.021558637607321445,0.9891774891774892,0.683441162109375,0.013764587500190828
U-Net,71619_sat_48.jpg,0.1399536875072884,0.24554276027357222,0.13998400373246242,0.9984549560256715,0.212249755859375,0.013764587500190828
U-Net,71619_sat_52.jpg,0.8887176513671875,0.9410804740707228,0.9811991441904345,0.9041136293076685,0.8887176513671875,0.013764587500190828
U-Net,71619_sat_53.jpg,0.43215301928548844,0.6035011810415241,0.434529675429952,0.9875018060973848,0.451873779296875,0.013764587500190828
U-Net,71619_sat_55.jpg,0.05686032138442522,0.10760233918128655,0.05686032138442522,1.0,0.5343017578125,0.013764587500190828
U-Net,71619_sat_56.jpg,0.7013541586519966,0.8244657998869418,0.7026245808764019,0.9974286026917606,0.8815460205078125,0.013764587500190828
U-Net,71619_sat_57.jpg,0.9133229882509422,0.9546981809755533,0.9210028544898029,0.9909526540731558,0.9224395751953125,0.013764587500190828
U-Net,71619_sat_58.jpg,0.9579010009765625,0.9784978918737774,0.9998248072880168,0.9580618084700496,0.9579010009765625,0.013764587500190828
U-Net,71619_sat_60.jpg,0.9956050441048577,0.9977976825083074,0.9960381579765086,0.9995634345229742,0.9956817626953125,0.01368345000082627
U-Net,71619_sat_61.jpg,0.9201317670458077,0.9584048166251254,0.9736270963498849,0.9436511983681795,0.9411773681640625,0.01368345000082627
U-Net,71619_sat_62.jpg,0.5360082304526749,0.6979236436704621,0.552855940575945,0.9462049098196392,0.8004302978515625,0.01368345000082627
U-Net,71619_sat_63.jpg,0.1263466164627131,0.2243476645928127,0.126890756302521,0.967173738991193,0.745086669921875,0.01368345000082627
U-Net,71619_sat_64.jpg,0.9230072180733057,0.9599623021676253,0.937210482898661,0.9838462563282707,0.96240234375,0.01368345000082627
U-Net,71619_sat_65.jpg,0.970085127530981,0.9848154417030142,0.978002973881562,0.9917234823652812,0.971527099609375,0.01368345000082627
U-Net,71619_sat_70.jpg,0.4669350835585461,0.6366131518592323,0.4788732394366197,0.9493159901323167,0.8525238037109375,0.01368345000082627
U-Net,71619_sat_71.jpg,0.4516223042549058,0.622231145017734,0.4570613970407511,0.974326731635754,0.827728271484375,0.01368345000082627
U-Net,71619_sat_72.jpg,0.8848895224518888,0.9389298544148232,0.9538260602335586,0.9244917715392061,0.9260711669921875,0.013687700000446057
U-Net,71619_sat_73.jpg,0.963734390875422,0.9815323246906059,0.9869103358002316,0.9762126091431227,0.9662322998046875,0.013687700000446057
U-Net,71619_sat_78.jpg,0.7898156145555597,0.8825664589496653,0.8197373036598199,0.9558262134157426,0.829193115234375,0.013687700000446057
U-Net,71619_sat_80.jpg,0.9538910085666978,0.9764014516515299,0.9858269473997471,0.9671544834130141,0.9804534912109375,0.013687700000446057
U-Net,71619_sat_81.jpg,0.9922648127270449,0.996117390005816,0.9986132560118504,0.9936339688911189,0.992462158203125,0.013687700000446057
U-Net,725646_sat_02.jpg,0.25042969574525825,0.4005498215491463,0.27804747396966756,0.7160100008621433,0.620697021484375,0.013687700000446057
U-Net,725646_sat_03.jpg,0.7600864782373701,0.8636921965317919,0.809556059733839,0.9255875179062294,0.884857177734375,0.013687700000446057
U-Net,725646_sat_11.jpg,0.25751816026195945,0.40956571189129326,0.30119739390737804,0.6397381954184198,0.6989898681640625,0.013687700000446057
U-Net,725646_sat_12.jpg,0.7824524140184625,0.8779504101929511,0.9911420174676104,0.7879625516231469,0.7968292236328125,0.013377600000239909
U-Net,725646_sat_13.jpg,0.644939043756566,0.7841494749662107,0.7236690608037721,0.855661080678098,0.7782440185546875,0.013377600000239909
U-Net,725646_sat_21.jpg,0.46146975977282617,0.6315146196997712,0.5114856461151864,0.8251504852381147,0.64117431640625,0.013377600000239909
U-Net,725646_sat_22.jpg,0.49073060222767606,0.658375968795907,0.6558841340331045,0.6608868097223635,0.794189453125,0.013377600000239909
U-Net,725646_sat_31.jpg,0.28737296394264233,0.4464486547279176,0.32008063265622577,0.737688514044743,0.609466552734375,0.013377600000239909
U-Net,72807_sat_00.jpg,0.008622216972775055,0.017097019731834417,0.008891595615103533,0.22154779969650987,0.7438507080078125,0.013377600000239909
U-Net,72807_sat_02.jpg,0.5653678455256419,0.7223450349279334,0.6219735038830516,0.861345423871784,0.808349609375,0.013377600000239909
U-Net,72807_sat_03.jpg,0.46292412091301666,0.6328750948806612,0.5514808554420518,0.7424557237558128,0.73431396484375,0.013377600000239909
U-Net,72807_sat_04.jpg,0.8954364590302475,0.9448340563084612,0.9877260103707444,0.9055122315991881,0.9093780517578125,0.01352073750240379
U-Net,72807_sat_05.jpg,0.7290013725687121,0.843262919433849,0.8845919486533697,0.8056233814280429,0.8764801025390625,0.01352073750240379
U-Net,72807_sat_06.jpg,0.8605199429057142,0.9250316785766621,0.9359801835118445,0.9143363495390487,0.8672943115234375,0.01352073750240379
U-Net,72807_sat_10.jpg,0.0018202656239466055,0.0036339165545087484,0.0018228463408047528,0.5625,0.774078369140625,0.01352073750240379
U-Net,72807_sat_11.jpg,0.0015717926932880203,0.003138652076175934,0.0015828877005347594,0.18316831683168316,0.6413726806640625,0.01352073750240379
U-Net,72807_sat_12.jpg,0.30126017327382515,0.4630283466155553,0.31412537640295646,0.8803222094361335,0.9187774658203125,0.01352073750240379
U-Net,72807_sat_13.jpg,0.8644845823770083,0.9273174909013059,0.9515074962930419,0.9043269481705726,0.9171142578125,0.01352073750240379
U-Net,72807_sat_15.jpg,0.6943253104596082,0.8195891381345927,0.9971501459401071,0.695705855942531,0.7085418701171875,0.01352073750240379
U-Net,72807_sat_16.jpg,0.8753130112517111,0.9335113722348333,0.9678806785668137,0.9014992606856711,0.8860321044921875,0.013694312499865191
U-Net,72807_sat_20.jpg,0.002674606378683892,0.005334943882429916,0.002678120262758969,0.6708860759493671,0.6984405517578125,0.013694312499865191
U-Net,72807_sat_21.jpg,0.00010024057738572574,0.00020046106043900973,0.00010047894966004622,0.04054054054054054,0.5433807373046875,0.013694312499865191
U-Net,72807_sat_23.jpg,0.8179293318932264,0.8998472245798675,0.8787255909558068,0.922009253139458,0.90997314453125,0.013694312499865191
U-Net,72807_sat_30.jpg,6.99154023631406e-05,0.00013982102908277405,7.039279177812192e-05,0.01020408163265306,0.781768798828125,0.013694312499865191
U-Net,72807_sat_33.jpg,0.4649431646715622,0.6347593215683581,0.6868776935651657,0.5899923410773551,0.837677001953125,0.013694312499865191
U-Net,72807_sat_43.jpg,0.3541921290637986,0.5231046931407942,0.4113906081426381,0.7181088314005353,0.798431396484375,0.013694312499865191
U-Net,72807_sat_44.jpg,0.39235880398671097,0.5635886423287998,0.8803771102828327,0.41445439907518267,0.5255584716796875,0.013694312499865191
U-Net,72807_sat_45.jpg,0.978306529985266,0.9890343232022312,0.9991995389344263,0.9790738532973583,0.9788818359375,0.01366697500270675
U-Net,72807_sat_55.jpg,0.7197392581711348,0.8370330034060455,0.99735375690186,0.7211163441018471,0.7671051025390625,0.01366697500270675
U-Net,72807_sat_64.jpg,0.014615609470914937,0.02881014116969173,0.015051173991571343,0.33557046979865773,0.897125244140625,0.01366697500270675
U-Net,72807_sat_65.jpg,0.5520326654469186,0.7113673284549806,0.6635110491310877,0.7666635679092684,0.6936492919921875,0.01366697500270675
U-Net,72807_sat_66.jpg,0.8567211695978735,0.9228323386687309,0.901118371858643,0.9456186138546304,0.8585357666015625,0.01366697500270675
U-Net,72807_sat_75.jpg,0.00435264324153213,0.008667559687967851,0.00435264324153213,1.0,0.616058349609375,0.01366697500270675
U-Net,72807_sat_76.jpg,0.7387156977949817,0.849725689751133,0.7559060687508842,0.9701343500363108,0.82696533203125,0.01366697500270675
U-Net,72807_sat_77.jpg,0.901796853179406,0.9483629670243596,0.9529909484454939,0.9437797178267987,0.919525146484375,0.01366697500270675
U-Net,72807_sat_78.jpg,0.8031246973756415,0.8908143719006785,0.8131383282947954,0.984897967262435,0.813873291015625,0.013735562497458886
U-Net,72807_sat_87.jpg,0.3182836155155424,0.4828757814623539,0.33023515196579606,0.8979024513520344,0.883880615234375,0.013735562497458886
U-Net,72807_sat_88.jpg,0.8707766964961257,0.9309253190154103,0.9085860510698536,0.9543907809327729,0.9244232177734375,0.013735562497458886
U-Net,736869_sat_04.jpg,0.5129430970149254,0.678073217726397,0.532760082354366,0.9323866044934295,0.9362640380859375,0.013735562497458886
U-Net,736869_sat_05.jpg,0.780822176839876,0.8769232402815974,0.946457631391964,0.8169067025401598,0.8231353759765625,0.013735562497458886
U-Net,736869_sat_08.jpg,0.9059560142214391,0.9506578404344883,0.9890257097222938,0.9151556565544202,0.908782958984375,0.013735562497458886
U-Net,736869_sat_15.jpg,0.8310349496160765,0.9077215591000317,0.8559674880968983,0.9661367571335417,0.86669921875,0.013735562497458886
U-Net,736869_sat_16.jpg,0.9580367984997771,0.9785687370470388,0.9955753625966391,0.9621333744983019,0.958343505859375,0.013735562497458886
U-Net,736869_sat_18.jpg,0.9711098353788149,0.9853431989924433,0.9964655872379042,0.9744663625465133,0.971588134765625,0.013635487499414012
U-Net,736869_sat_25.jpg,0.33606514315734176,0.5030670022019503,0.3649901577611046,0.8091834798557966,0.61431884765625,0.013635487499414012
U-Net,736869_sat_26.jpg,0.5503808569754475,0.7099943920220418,0.61484375,0.8399873074482201,0.63702392578125,0.013635487499414012
U-Net,736869_sat_27.jpg,0.8260524354279418,0.9047411995421188,0.8408075077105771,0.9791978794514233,0.8361968994140625,0.013635487499414012
U-Net,736869_sat_28.jpg,0.9629188268977792,0.9811091663118722,0.9687208071246185,0.993818483851388,0.96343994140625,0.013635487499414012
U-Net,736869_sat_30.jpg,0.376605389070763,0.5471508277691393,0.3883406907296806,0.9257195914577531,0.9244537353515625,0.013635487499414012
U-Net,736869_sat_31.jpg,0.06670382757339278,0.12506531963072637,0.06735459662288931,0.8734793187347932,0.9233551025390625,0.013635487499414012
U-Net,736869_sat_38.jpg,0.22959698401741624,0.37345079241697976,0.23269831019265957,0.945136612021858,0.7786102294921875,0.013635487499414012
U-Net,736869_sat_40.jpg,0.685070954859873,0.8131063595679175,0.9582554051021172,0.7061450255430188,0.7304534912109375,0.013749699999607401
U-Net,736869_sat_41.jpg,0.58,0.7341772151898734,0.9656100877076058,0.5922334859385219,0.5997772216796875,0.013749699999607401
U-Net,736869_sat_42.jpg,0.7228334481857283,0.8391216794019475,0.8141041081225746,0.8657255884110766,0.822021484375,0.013749699999607401
U-Net,736869_sat_43.jpg,0.33510771022207436,0.5019935210565661,0.4719087963143716,0.5361753094086856,0.634063720703125,0.013749699999607401
U-Net,736869_sat_44.jpg,0.35350019338084976,0.5223496754704657,0.36187782805429863,0.9385360129089042,0.642913818359375,0.013749699999607401
U-Net,736869_sat_45.jpg,0.04618238021638331,0.08828743647323012,0.0475493316359007,0.6163366336633663,0.76458740234375,0.013749699999607401
U-Net,736869_sat_50.jpg,0.9643928627822517,0.9818737189019734,0.9937519321824305,0.9702761096813142,0.9655914306640625,0.013749699999607401
U-Net,736869_sat_51.jpg,0.8592861090341667,0.924318322886342,0.9614964897602852,0.8899082568807339,0.8679046630859375,0.013749699999607401
U-Net,736869_sat_52.jpg,0.9279456955464844,0.9626263827762579,0.9898884467349468,0.9368256957199524,0.9280853271484375,0.013678112500201678
U-Net,736869_sat_55.jpg,0.9464466844173958,0.9724866260086473,0.9953330999883327,0.9506654355578197,0.9484405517578125,0.013678112500201678
U-Net,736869_sat_56.jpg,0.8790504668334655,0.9356326318524292,0.9964490765293181,0.8818128022527394,0.909271240234375,0.013678112500201678
U-Net,736869_sat_57.jpg,0.5941029737380532,0.745375905478585,0.917063251708921,0.6278360286712873,0.779022216796875,0.013678112500201678
U-Net,736869_sat_58.jpg,0.7616829644879053,0.8647219503644518,0.7723963362125206,0.9821156015661291,0.8586883544921875,0.013678112500201678
U-Net,736869_sat_60.jpg,0.8384591657140783,0.9121324871944179,0.8627062952729445,0.9675663225779434,0.8641510009765625,0.013678112500201678
U-Net,736869_sat_61.jpg,0.8005540614975861,0.8892307969156297,0.9519360431516085,0.8342759703533622,0.8121490478515625,0.013678112500201678
U-Net,736869_sat_62.jpg,0.734450286564439,0.8468969012876373,0.9249276102878555,0.7810078564622548,0.7603302001953125,0.013678112500201678
U-Net,736869_sat_70.jpg,0.37271310475674213,0.5430313201865884,0.3802758477652183,0.949344149119779,0.7174835205078125,0.013741212500463007
U-Net,736869_sat_71.jpg,0.8178871510841175,0.8998216975089584,0.8501103933273366,0.9557079556527974,0.823394775390625,0.013741212500463007
U-Net,736869_sat_72.jpg,0.9606416227478858,0.9799257667513186,1.0,0.9606416227478858,0.9608001708984375,0.013741212500463007
U-Net,736869_sat_73.jpg,0.8610978373129037,0.9253654698306207,0.9994811329194324,0.8614829436802172,0.8625030517578125,0.013741212500463007
U-Net,736869_sat_81.jpg,0.30952571863849576,0.4727294992881963,0.31456393749872674,0.9508004926108374,0.4744110107421875,0.013741212500463007
U-Net,736869_sat_82.jpg,0.890714451173103,0.9421988080965424,0.8911125457284269,0.9994987003341997,0.8992156982421875,0.013741212500463007
U-Net,736869_sat_83.jpg,0.9149315414221717,0.9555762403314689,0.9875036178218158,0.925648718521592,0.9177093505859375,0.013741212500463007
U-Net,736869_sat_84.jpg,0.7825712748789672,0.8780252278351137,0.825625891814762,0.9375264679346725,0.7841339111328125,0.013741212500463007
U-Net,736869_sat_85.jpg,0.6532362759643917,0.7902515635078666,0.6623156839086763,0.9794457060759142,0.6576385498046875,0.013815862501360243
U-Net,736869_sat_86.jpg,0.7851561298261805,0.8796498151706548,0.9434586521755203,0.8239253603654502,0.7868804931640625,0.013815862501360243
U-Net,736869_sat_88.jpg,0.7920940203895923,0.8839871249806358,0.9917542097945311,0.7973451327433628,0.7943115234375,0.013815862501360243
U-Net,739122_sat_01.jpg,0.918930060000916,0.9577525300744701,0.9902438221841993,0.9273256709703264,0.918975830078125,0.013815862501360243
U-Net,739122_sat_02.jpg,0.7286528003299054,0.8430296704935143,0.7517083676779495,0.9596076168493941,0.83935546875,0.013815862501360243
U-Net,739122_sat_03.jpg,0.3749062904654808,0.5453554079508278,0.4748996417317736,0.6403585355916419,0.7200927734375,0.013815862501360243
U-Net,739122_sat_04.jpg,0.7174582504795256,0.8354884321400029,0.9425731129349209,0.7502530224683952,0.7550048828125,0.013815862501360243
U-Net,739122_sat_06.jpg,0.321826280623608,0.4869418702611626,0.3619651731243182,0.7437323592893906,0.7119293212890625,0.013815862501360243
U-Net,739122_sat_13.jpg,0.8570413067330129,0.9230180326368258,0.9998377472101534,0.8571605205403233,0.8588409423828125,0.013766525000391994
U-Net,739122_sat_14.jpg,0.7657119703141327,0.8673124305522006,0.8158187725795824,0.9257444888487818,0.832366943359375,0.013766525000391994
U-Net,739122_sat_15.jpg,0.35607211666483923,0.5251521837062364,0.9934446289659995,0.35691070951939835,0.3727264404296875,0.013766525000391994
U-Net,739122_sat_16.jpg,0.3643918522198636,0.5341454533417194,0.4158119878369324,0.7466222468998704,0.7852630615234375,0.013766525000391994
U-Net,739122_sat_25.jpg,0.5674686841126132,0.7240574435257349,0.9766796520625434,0.5752632406097753,0.57427978515625,0.013766525000391994
U-Net,739122_sat_26.jpg,0.4382477163343483,0.6094189635861994,0.8430261119298643,0.477187653740027,0.56365966796875,0.013766525000391994
U-Net,739122_sat_27.jpg,0.4021994627266622,0.5736694007064599,0.8858278635481187,0.4241887644428704,0.782684326171875,0.013766525000391994
U-Net,739122_sat_28.jpg,0.14019424503830608,0.24591291466059997,0.36003098373353987,0.18672665916760406,0.7825164794921875,0.013766525000391994
U-Net,739122_sat_30.jpg,0.8985282562065963,0.9465524184527272,0.9499741787727058,0.9431552196883568,0.927093505859375,0.013755462499830173
U-Net,739122_sat_31.jpg,0.7467379462362868,0.8550085579182501,0.9002688007819659,0.814081316981549,0.84747314453125,0.013755462499830173
U-Net,739122_sat_38.jpg,0.5479624954922466,0.7079790331974374,0.9394126738794436,0.5680373831775701,0.5792083740234375,0.013755462499830173
U-Net,739122_sat_40.jpg,0.4288347037142047,0.6002579620994146,0.4361554876290443,0.9623337787109499,0.6926116943359375,0.013755462499830173
U-Net,739122_sat_41.jpg,0.7139509947976649,0.833105493639797,0.7620702810393795,0.9187448896156991,0.780181884765625,0.013755462499830173
U-Net,739122_sat_48.jpg,0.799040503582833,0.8882962912636201,0.9983582773365913,0.8000917922435554,0.7993011474609375,0.013755462499830173
U-Net,739122_sat_50.jpg,0.3761649580615098,0.5466858545670025,0.49918837442992964,0.6041725137992329,0.836578369140625,0.013755462499830173
U-Net,739122_sat_51.jpg,0.849658227364723,0.9187191609719842,0.8764328199472171,0.96529284164859,0.879852294921875,0.013755462499830173
U-Net,739122_sat_57.jpg,0.6971618564475217,0.821562014016521,0.9556902546753124,0.7204491516418122,0.730377197265625,0.013740950002102181
U-Net,739122_sat_58.jpg,0.3293271419466448,0.49547945205479454,0.33933764893517215,0.9177873636132962,0.887603759765625,0.013740950002102181
U-Net,739122_sat_60.jpg,0.6005535784895215,0.7504323336133208,0.9341000645776315,0.6271238928917976,0.69171142578125,0.013740950002102181
U-Net,739122_sat_61.jpg,0.6485634197617379,0.7868225292242296,0.6924803591470258,0.9109251968503937,0.846954345703125,0.013740950002102181
U-Net,739122_sat_67.jpg,0.6754157868100034,0.8062664708394529,0.9091378905332393,0.7243089476540715,0.7162017822265625,0.013740950002102181
U-Net,739122_sat_68.jpg,0.06621604706471398,0.12420756046020193,0.06664147140337616,0.9120689655172414,0.88616943359375,0.013740950002102181
U-Net,739122_sat_70.jpg,0.0006532211970278435,0.0013055895552835576,0.0006542896867588124,0.2857142857142857,0.8132476806640625,0.013740950002102181
U-Net,739122_sat_71.jpg,0.5701031149764277,0.7261983108478666,0.6129189039066839,0.8908436490850377,0.695281982421875,0.013740950002102181
U-Net,739122_sat_72.jpg,0.44220119616467835,0.6132309380142622,0.9428195526768546,0.45438730550994194,0.462066650390625,0.013825087502482347
U-Net,739122_sat_73.jpg,0.5813870405930425,0.7352874731729357,0.9630506343159374,0.5946513805467376,0.71392822265625,0.013825087502482347
U-Net,739122_sat_74.jpg,0.9618497542010132,0.9805539411377993,0.9774341830338488,0.9836936781938789,0.9688568115234375,0.013825087502482347
U-Net,739122_sat_75.jpg,0.6246071561029886,0.7689331587105146,0.6858575899172633,0.8749077188089575,0.7065582275390625,0.013825087502482347
U-Net,739122_sat_77.jpg,0.6282273186210876,0.7716702839172609,0.8354806739345887,0.7169153955887194,0.7640228271484375,0.013825087502482347
U-Net,739122_sat_78.jpg,0.49942987457240595,0.6661596958174905,0.584,0.7752212389380531,0.9263153076171875,0.013825087502482347
U-Net,739122_sat_81.jpg,0.6642098752705906,0.798228498869584,0.7653067284280539,0.8341100323624595,0.9005889892578125,0.013825087502482347
U-Net,739122_sat_82.jpg,0.6040079690612915,0.7531234017681011,0.7888775510204081,0.7204696892036718,0.8453216552734375,0.013825087502482347
U-Net,739122_sat_83.jpg,0.3592797783933518,0.5286325657224373,0.7550574879930141,0.4066786862114917,0.85882568359375,0.013780562501779059
U-Net,739122_sat_84.jpg,0.7268660425813934,0.8418325737586951,0.7856023637910193,0.9067328062832636,0.899383544921875,0.013780562501779059
U-Net,739122_sat_85.jpg,0.6832350191793186,0.8118117926425248,0.9524365858590398,0.7073703882928132,0.700103759765625,0.013780562501779059
U-Net,739122_sat_87.jpg,0.1913111564561287,0.3211774781413691,0.7800890092879257,0.20221703909913977,0.4799346923828125,0.013780562501779059
U-Net,739122_sat_88.jpg,0.5726098776619846,0.7282287689980552,0.9435370975268316,0.5929271010497918,0.654571533203125,0.013780562501779059
U-Net,739760_sat_00.jpg,0.953236528755533,0.9760584698493933,0.9903443126474232,0.9621789164770667,0.9563140869140625,0.013780562501779059
U-Net,739760_sat_04.jpg,0.9436352218597314,0.9710003309744835,1.0,0.9436352218597314,0.94384765625,0.013780562501779059
U-Net,739760_sat_22.jpg,0.8662006533919804,0.9283038796686585,0.9919739152244795,0.872314224272612,0.8881378173828125,0.013780562501779059
U-Net,739760_sat_27.jpg,0.9514007568359375,0.975095201232338,0.9653949772396495,0.9849923381937095,0.9514007568359375,0.013774762497632764
U-Net,739760_sat_30.jpg,0.8982091917591125,0.9463753475208095,0.9907353995140454,0.9058174844174525,0.9019927978515625,0.013774762497632764
U-Net,739760_sat_31.jpg,0.9445385657959586,0.9714783572927805,0.9957944987497158,0.9483214523187308,0.9450531005859375,0.013774762497632764
U-Net,739760_sat_32.jpg,0.6793384308510638,0.809054825842085,0.9962945808244558,0.6810591921077189,0.7056427001953125,0.013774762497632764
U-Net,739760_sat_33.jpg,0.6767806916924624,0.8072381737761452,0.9801784170042328,0.6861717380914449,0.686126708984375,0.013774762497632764
U-Net,739760_sat_35.jpg,0.6878008400527332,0.8150260667381156,0.9775802340022224,0.6988240791215637,0.689239501953125,0.013774762497632764
U-Net,739760_sat_36.jpg,0.7102502157031924,0.8305804720055696,0.7252687224669604,0.9716707193276517,0.7437896728515625,0.013774762497632764
U-Net,739760_sat_37.jpg,0.09478542871360181,0.17315800197482878,0.09565036708685414,0.9129069575276814,0.1950225830078125,0.013774762497632764
U-Net,739760_sat_38.jpg,0.8388708241748261,0.912376022444383,0.8644353344190487,0.9659464095216181,0.864654541015625,0.013761962502030656
U-Net,739760_sat_41.jpg,0.6921650085079638,0.8180821669610907,1.0,0.6921650085079638,0.6935882568359375,0.013761962502030656
U-Net,739760_sat_42.jpg,0.6423252067270545,0.7822143922483259,0.9225320520388166,0.6789462709390421,0.6680145263671875,0.013761962502030656
U-Net,739760_sat_43.jpg,0.7456331517252766,0.8542839037954092,0.9696624871178289,0.763443041398313,0.7649078369140625,0.013761962502030656
U-Net,739760_sat_44.jpg,0.961166443210113,0.9801987450252704,0.9941558119954436,0.9666281421554465,0.9628753662109375,0.013761962502030656
U-Net,739760_sat_45.jpg,0.9444397958329847,0.9714261124021,0.9719949708065655,0.9708579194550052,0.9493408203125,0.013761962502030656
U-Net,739760_sat_46.jpg,0.11501050982978198,0.20629493411203725,0.11582683048314793,0.9422589903764984,0.3447113037109375,0.013761962502030656
U-Net,739760_sat_47.jpg,0.6506046133523016,0.7883227855894014,0.7024399877122921,0.8981315228369431,0.7376708984375,0.013761962502030656
U-Net,739760_sat_48.jpg,0.5161177873589579,0.6808412798296142,0.5356245239908606,0.9340881923230177,0.597564697265625,0.01370943750225706
U-Net,739760_sat_50.jpg,0.7074768142269815,0.8286810202424616,0.76800124549158,0.8997720018239854,0.813262939453125,0.01370943750225706
U-Net,739760_sat_51.jpg,0.565567539804828,0.7225080048291428,0.8385062897870915,0.6347036174578655,0.677337646484375,0.01370943750225706
U-Net,739760_sat_52.jpg,0.5121415909282759,0.6773725344250093,0.5415030346304891,0.9042627186009539,0.735443115234375,0.01370943750225706
U-Net,739760_sat_53.jpg,0.2390546299883766,0.38586616635397125,0.2404145885286783,0.9768841038632046,0.7003173828125,0.01370943750225706
U-Net,739760_sat_54.jpg,0.44581887532116654,0.6167008647222629,0.5463014054334773,0.7079284963196635,0.680755615234375,0.01370943750225706
U-Net,739760_sat_55.jpg,0.8636160790910027,0.9268175873565547,0.8806819176307913,0.978054232675673,0.878753662109375,0.01370943750225706
U-Net,739760_sat_56.jpg,0.7635467189156201,0.8659217368339571,0.9438565841456393,0.7998755005215519,0.7753448486328125,0.01370943750225706
U-Net,739760_sat_57.jpg,0.8990023401896785,0.9468154105590868,0.9985464370607248,0.9001803690628517,0.89990234375,0.013662825000210432
U-Net,739760_sat_58.jpg,0.9013780371212871,0.9481313232017616,0.9950504958602493,0.9054376262542637,0.9087066650390625,0.013662825000210432
U-Net,739760_sat_65.jpg,0.7094298711789465,0.830019275010881,0.753476925855685,0.9238712177836835,0.7914276123046875,0.013662825000210432
U-Net,739760_sat_67.jpg,0.9280002553748424,0.9626557390620473,0.9975465385605216,0.9301231802911534,0.9311676025390625,0.013662825000210432
U-Net,739760_sat_68.jpg,0.7886926061245244,0.8818648921832885,0.9669583689302454,0.8105367062147986,0.82879638671875,0.013662825000210432
U-Net,739760_sat_70.jpg,0.6451133407655146,0.7842782922972668,0.9361013750337018,0.6748299319727891,0.970855712890625,0.013662825000210432
U-Net,739760_sat_75.jpg,0.8054862842892768,0.8922651933701657,0.9708163661043242,0.8254740313272877,0.963104248046875,0.013662825000210432
U-Net,739760_sat_76.jpg,0.8475362214243184,0.9174772452048908,0.9957813957432375,0.8505903230479501,0.871063232421875,0.013662825000210432
U-Net,739760_sat_78.jpg,0.8357679202423018,0.9105376676720545,0.9937167079300773,0.8402080657183183,0.8411407470703125,0.013741837497946108
U-Net,739760_sat_80.jpg,0.8999685643851029,0.9473510049113518,0.9974694221847322,0.9020280914714027,0.907745361328125,0.013741837497946108
U-Net,739760_sat_81.jpg,0.6228690400115438,0.7676146684110915,0.9185032069793598,0.6593061313550076,0.7208404541015625,0.013741837497946108
U-Net,739760_sat_82.jpg,0.9039194248417983,0.9495353774405736,0.935470598319904,0.9640295395922406,0.9114990234375,0.013741837497946108
U-Net,739760_sat_83.jpg,0.7396527117031398,0.8503452519313598,0.7644879179544816,0.9579271647045879,0.7661895751953125,0.013741837497946108
U-Net,739760_sat_84.jpg,0.6004420729074927,0.7503452740612861,0.6045238012448277,0.9888800409533018,0.646942138671875,0.013741837497946108
U-Net,739760_sat_86.jpg,0.7832512315270936,0.8784530386740331,0.8379201311628997,0.9231066959102051,0.90936279296875,0.013741837497946108
U-Net,739760_sat_87.jpg,0.6142963885429639,0.7610701391674638,0.9883258087783506,0.6187863785374992,0.6455535888671875,0.013741837497946108
U-Net,739760_sat_88.jpg,0.6931347562918126,0.818759113787102,0.9816815936111174,0.7022172734314485,0.7060394287109375,0.013682025000889553
U-Net,740937_sat_04.jpg,0.0,0.0,0.0,0.0,0.8131103515625,0.013682025000889553
U-Net,740937_sat_05.jpg,0.4508959665674666,0.6215414157283756,0.7223574761614932,0.5454197303921569,0.7353515625,0.013682025000889553
U-Net,740937_sat_06.jpg,0.7843594344843778,0.8791495920899282,0.9552491830065359,0.81428024235671,0.803802490234375,0.013682025000889553
U-Net,740937_sat_07.jpg,0.9843343236041775,0.992105324083006,0.9902025725949318,0.9940154022206414,0.9843902587890625,0.013682025000889553
U-Net,740937_sat_08.jpg,0.7010351840242206,0.8242453661255236,0.7316205218223889,0.9437228546139437,0.70166015625,0.013682025000889553
U-Net,740937_sat_12.jpg,0.0,0.0,0.0,0.0,0.9788970947265625,0.013682025000889553
U-Net,740937_sat_13.jpg,0.4359797396784263,0.6072226893341263,0.6164640239840107,0.5982543338586496,0.7077484130859375,0.013682025000889553
U-Net,740937_sat_14.jpg,0.8848450852938265,0.9389048385967369,0.9527142248117095,0.9254900607399227,0.89349365234375,0.013724100001127226
U-Net,740937_sat_17.jpg,0.8474578857421875,0.9174313442081354,0.847574282356891,0.9998379779650033,0.8474578857421875,0.013724100001127226
U-Net,740937_sat_18.jpg,0.1846109491623154,0.3116819902650081,0.189084108469905,0.8864108282703992,0.22320556640625,0.013724100001127226
U-Net,740937_sat_22.jpg,0.67094065265175,0.8030693987688675,0.773546898859612,0.8349347734605134,0.8218231201171875,0.013724100001127226
U-Net,740937_sat_26.jpg,0.9566766576951309,0.9778587115380106,0.9827358698042665,0.9730297232980262,0.9567718505859375,0.013724100001127226
U-Net,740937_sat_27.jpg,0.1462587144955419,0.2551931996607049,0.15021459227467812,0.8474169962843102,0.3702850341796875,0.013724100001127226
U-Net,740937_sat_32.jpg,0.7354210854647536,0.8475419500481689,0.7354210854647536,1.0,0.8382110595703125,0.013724100001127226
U-Net,740937_sat_37.jpg,0.8815566030249646,0.9370503142001603,0.8851105870355026,0.9954658685639528,0.8861236572265625,0.013724100001127226
U-Net,740937_sat_38.jpg,0.11991856124872752,0.2141558598957702,0.13343905754417762,0.5420245398773006,0.604248046875,0.013624337501823902
U-Net,740937_sat_42.jpg,0.29050865233350814,0.4502234863876473,0.3028646402799038,0.8768597657486547,0.8967742919921875,0.013624337501823902
U-Net,740937_sat_43.jpg,0.8130631445630541,0.8968944595241897,0.9071053693984659,0.8869108707665587,0.84234619140625,0.013624337501823902
U-Net,740937_sat_48.jpg,0.9073367077236685,0.9514174440720949,0.9919732567802372,0.9140475444641676,0.91815185546875,0.013624337501823902
U-Net,740937_sat_53.jpg,0.5299803560849365,0.6927936740849433,0.5460181824022615,0.9474887117453593,0.769989013671875,0.013624337501823902
U-Net,740937_sat_60.jpg,0.06364562118126273,0.11967448539971279,0.0998801438274071,0.14925373134328357,0.943878173828125,0.013624337501823902
U-Net,740937_sat_61.jpg,0.3559506531204644,0.5250200695745251,0.42344453351421346,0.6907060953530477,0.8104095458984375,0.013624337501823902
U-Net,740937_sat_63.jpg,0.06916117980836144,0.12937465578531016,0.06948104329120731,0.9375907111756169,0.7346649169921875,0.013624337501823902
U-Net,740937_sat_64.jpg,0.884677258729259,0.9388103502938762,0.884677258729259,1.0,0.8851470947265625,0.013399550000031013
U-Net,740937_sat_70.jpg,0.9335274223353439,0.9656210835715123,0.9762807657247038,0.9551916662207238,0.9418182373046875,0.013399550000031013
U-Net,740937_sat_71.jpg,0.9854609386943892,0.9926772362919557,0.998853299862086,0.9865770784865924,0.9854888916015625,0.013399550000031013
U-Net,740937_sat_72.jpg,0.7758224678352474,0.8737612930204515,0.8081891123664232,0.9509133628262388,0.8019256591796875,0.013399550000031013
U-Net,740937_sat_73.jpg,0.4518898427918386,0.6224850253417293,0.4939971966603693,0.8413077322262584,0.699951171875,0.013399550000031013
U-Net,740937_sat_74.jpg,0.5656944957876919,0.722611591609504,0.5795873617063689,0.9593493252383938,0.659393310546875,0.013399550000031013
U-Net,740937_sat_83.jpg,0.98550368927273,0.9926989253127101,0.9975001940843102,0.9879436550409054,0.9855804443359375,0.013399550000031013
U-Net,740937_sat_84.jpg,0.9170982834431283,0.9567566685167651,0.9933728813559322,0.9227438755589142,0.919158935546875,0.013399550000031013
U-Net,749375_sat_00.jpg,0.8350302419354839,0.9100997061004752,0.8610856043937005,0.9650304842530387,0.8501739501953125,0.013381425000261515
U-Net,749375_sat_01.jpg,0.780152224824356,0.8765005755632297,0.8732430801069242,0.8797824651631512,0.7822723388671875,0.013381425000261515
U-Net,749375_sat_02.jpg,0.9051704398003266,0.9502251566481307,0.9388656659699791,0.961862894591701,0.90521240234375,0.013381425000261515
U-Net,749375_sat_03.jpg,0.7551161292302028,0.8604742633883697,0.7979088993353866,0.9336861473093192,0.7564239501953125,0.013381425000261515
U-Net,749375_sat_05.jpg,0.9025947315596361,0.9488039849871145,0.972159211738853,0.9265446069655102,0.90966796875,0.013381425000261515
U-Net,749375_sat_11.jpg,0.794759521823742,0.8856445804128102,0.8491441725763933,0.9254238659814672,0.81976318359375,0.013381425000261515
U-Net,749375_sat_12.jpg,0.8653790864043025,0.9278318736513808,0.983451854699212,0.8781664035147937,0.8785400390625,0.013381425000261515
U-Net,749375_sat_13.jpg,0.9643091477836271,0.9818303283591365,1.0,0.9643091477836271,0.9643096923828125,0.013381425000261515
U-Net,749375_sat_21.jpg,0.887426201963837,0.9403559207141282,0.9997742389246826,0.8876040703052729,0.8885650634765625,0.013294774998939829
U-Net,749375_sat_25.jpg,0.6345612860013395,0.776430093427307,0.6403081914030819,0.986053288925895,0.6669921875,0.013294774998939829
U-Net,749375_sat_26.jpg,0.734698242933537,0.8470617249154453,0.7516256096036014,0.9702582728006457,0.73504638671875,0.013294774998939829
U-Net,749375_sat_28.jpg,0.9835535403767084,0.9917085880020319,0.9933362876885453,0.9900862139480099,0.98455810546875,0.013294774998939829
U-Net,749375_sat_31.jpg,0.9091437131240255,0.9524099279423539,0.9881051267568196,0.9192037832658486,0.9093017578125,0.013294774998939829
U-Net,749375_sat_33.jpg,0.9109005206365891,0.9533730414528703,0.978493675129232,0.9295099550848026,0.9172210693359375,0.013294774998939829
U-Net,749375_sat_35.jpg,0.17452229299363056,0.29718004338394793,0.17452229299363056,1.0,0.5155029296875,0.013294774998939829
U-Net,749375_sat_36.jpg,0.0005334109203762972,0.0010662530897106576,0.0005478087649402391,0.019891500904159132,0.6855010986328125,0.013294774998939829
U-Net,749375_sat_37.jpg,0.3856137440124167,0.5565963035207323,0.4258777633289987,0.8030987014434599,0.6496734619140625,0.013417737500276417
U-Net,749375_sat_38.jpg,0.9863735984499571,0.9931400610838383,0.9967581447600706,0.9895481486202281,0.986907958984375,0.013417737500276417
U-Net,749375_sat_45.jpg,0.379321187823045,0.5500113986093697,0.3835270740188773,0.971901908454605,0.518096923828125,0.013417737500276417
U-Net,749375_sat_47.jpg,0.35713759032591064,0.5263100703594035,0.35757922518964214,0.996553675222468,0.467864990234375,0.013417737500276417
U-Net,749375_sat_53.jpg,0.8727381722380855,0.9320450505850343,0.942308674990206,0.9220025999133362,0.8769073486328125,0.013417737500276417
U-Net,749375_sat_54.jpg,0.8878367036691001,0.9405863356121293,0.9240226778297844,0.9577546592869711,0.8919219970703125,0.013417737500276417
U-Net,749375_sat_55.jpg,0.13579962057119419,0.23912601855404825,0.13589020010261674,0.9951155363516814,0.4856414794921875,0.013417737500276417
U-Net,749375_sat_56.jpg,0.33375338373938207,0.5004724078804633,0.33375338373938207,1.0,0.3465423583984375,0.013417737500276417
U-Net,749375_sat_57.jpg,0.6010673342996442,0.7508332990411917,0.6093476046554344,0.9778921135139481,0.63043212890625,0.013358650001464412
U-Net,749375_sat_64.jpg,0.8929531301212718,0.9434498043425563,0.9776788918395177,0.9115364025695931,0.90032958984375,0.013358650001464412
U-Net,749375_sat_65.jpg,0.21965662291708038,0.3601942034992155,0.22603897672171958,0.8860971524288107,0.3404541015625,0.013358650001464412
U-Net,749375_sat_66.jpg,0.7803502762787993,0.8766255569773035,0.780589898989899,0.9996067718034687,0.7925567626953125,0.013358650001464412
U-Net,749375_sat_67.jpg,0.9805838782657204,0.9901967687673591,0.9985010098459984,0.9820295162867207,0.9808807373046875,0.013358650001464412
U-Net,749375_sat_68.jpg,0.7642074434828392,0.8663464677080904,0.8214310979060555,0.9164578441625066,0.7813262939453125,0.013358650001464412
U-Net,749375_sat_76.jpg,0.8995981471824289,0.9471457408155026,0.9978902953586498,0.9013123520914651,0.900115966796875,0.013358650001464412
U-Net,749375_sat_77.jpg,0.6346566963480428,0.7765015097860217,0.697509281620589,0.8756702943638709,0.6600494384765625,0.013358650001464412
U-Net,749375_sat_84.jpg,0.9644925633620091,0.9819253901489838,0.9645521523562393,0.9999359508102222,0.9649200439453125,0.013471162499627098
U-Net,749375_sat_85.jpg,0.7182947338560979,0.8360553282313126,0.8703017209633467,0.8044020875879283,0.7878570556640625,0.013471162499627098
U-Net,749375_sat_86.jpg,0.5005258924704572,0.6671339628087247,0.5974006793678924,0.7552982914760527,0.6304473876953125,0.013471162499627098
U-Net,749375_sat_87.jpg,0.0008580113747793685,0.001714551644744899,0.0008629404078009813,0.13059701492537312,0.3780975341796875,0.013471162499627098
U-Net,749523_sat_00.jpg,0.4580353486027535,0.628291144027053,0.9178635689257868,0.47761169513797636,0.4750213623046875,0.013471162499627098
U-Net,749523_sat_01.jpg,0.4753257007500987,0.6443671394166444,0.8558617672790901,0.5166870234047469,0.7363739013671875,0.013471162499627098
U-Net,749523_sat_11.jpg,0.12168132284259688,0.21696237668329646,0.4397810218978102,0.14400239008116317,0.6814727783203125,0.013471162499627098
U-Net,749523_sat_20.jpg,0.2884019792816204,0.44768943841956205,0.8483690245562595,0.30407611755432945,0.3899688720703125,0.013471162499627098
U-Net,749523_sat_21.jpg,0.008701787394167451,0.01725343903007694,0.009102091020910209,0.16517857142857142,0.9356842041015625,0.013465975000144681
U-Net,749523_sat_30.jpg,0.583009739639697,0.7365838946416005,0.8582607065879486,0.6451237981192548,0.8000946044921875,0.013465975000144681
U-Net,749523_sat_40.jpg,0.6631113189560588,0.7974346772798062,0.8177583568085531,0.7780967054304468,0.714202880859375,0.013465975000144681
U-Net,749523_sat_41.jpg,0.04177545691906005,0.08020050125313283,0.04488078541374474,0.3764705882352941,0.9552001953125,0.013465975000144681
U-Net,749523_sat_51.jpg,0.37002708059968176,0.54017484156257,0.6753630573248408,0.45008149959250204,0.6556854248046875,0.013465975000144681
U-Net,749523_sat_60.jpg,0.5836054104477612,0.7370591267211546,0.8805418719211823,0.633784981638597,0.673065185546875,0.013465975000144681
U-Net,749523_sat_61.jpg,0.2446580795373465,0.39313299541395125,0.2579074462610348,0.8264620068501839,0.693084716796875,0.013465975000144681
U-Net,749523_sat_70.jpg,0.19236296448367893,0.3226584022038568,0.317842605156038,0.3276223776223776,0.819915771484375,0.013465975000144681
U-Net,749523_sat_72.jpg,0.006861385024933448,0.01362925448722723,0.006888763410502541,0.6332179930795848,0.5958251953125,0.013476687501679407
U-Net,749523_sat_73.jpg,0.45012755895712775,0.6208109847672173,0.5369456299870106,0.735723366386982,0.730316162109375,0.013476687501679407
U-Net,749523_sat_74.jpg,0.18178571428571427,0.3076458144454518,0.19701954712599187,0.7015851137146796,0.930084228515625,0.013476687501679407
U-Net,749523_sat_80.jpg,0.6866904449033226,0.8142459654980523,0.9736862118792303,0.6996748367352515,0.8217315673828125,0.013476687501679407
U-Net,749523_sat_81.jpg,0.12451161834258688,0.22145012343421414,0.1604398516163222,0.3573325464738861,0.8700714111328125,0.013476687501679407
U-Net,749523_sat_83.jpg,0.2637958532695375,0.4174659262998486,0.32133143375210466,0.5956782713085234,0.47174072265625,0.013476687501679407
U-Net,749523_sat_84.jpg,0.564609761341647,0.7217259859832349,0.7173121282020153,0.7261944999231833,0.7219085693359375,0.013476687501679407
U-Net,749523_sat_85.jpg,0.19008548688218532,0.3194484580770342,0.2682706975454167,0.3947556371798796,0.7484588623046875,0.013476687501679407
U-Net,749523_sat_86.jpg,0.09803460966251663,0.1785637880624688,0.11959117394211481,0.3522791221159257,0.8242340087890625,0.013466362499457318
U-Net,749523_sat_87.jpg,0.3988017225238719,0.5702047918618659,0.7781674704077159,0.4499556381765178,0.7550201416015625,0.013466362499457318
U-Net,749523_sat_88.jpg,0.08179884087741178,0.1512274515122745,0.09383942097290018,0.3893156424581006,0.80902099609375,0.013466362499457318
U-Net,753408_sat_00.jpg,0.354701079799842,0.523659551304483,0.9839275277615429,0.3567682119205298,0.626129150390625,0.013466362499457318
U-Net,753408_sat_10.jpg,0.6909855453350854,0.8172577787448323,0.9081447026043705,0.742907734619297,0.7308807373046875,0.013466362499457318
U-Net,753408_sat_20.jpg,0.8088084566078723,0.8942997293640054,0.9804361532470423,0.8220760643094817,0.809295654296875,0.013466362499457318
U-Net,753408_sat_21.jpg,0.1414651122324691,0.24786585365853658,0.18758652514997692,0.36522911051212936,0.924713134765625,0.013466362499457318
U-Net,753408_sat_30.jpg,0.8864528644670597,0.9398091849143454,0.8999062206939669,0.9834150340751875,0.8874664306640625,0.013466362499457318
U-Net,753408_sat_31.jpg,0.0003660768761439902,0.0007318858258111735,0.0003929787791459261,0.005319148936170213,0.875,0.013366812498134095
U-Net,753408_sat_40.jpg,0.8873336182684088,0.9403039395679497,0.8873607082888109,0.9999655961330054,0.8873748779296875,0.013366812498134095
U-Net,753408_sat_50.jpg,0.8612213134765625,0.9254367626683719,0.8612870244617051,0.9999114197640222,0.8612213134765625,0.013366812498134095
U-Net,753408_sat_60.jpg,0.8331451416015625,0.9089789157378659,0.8331705679494613,0.9999633719758988,0.8331451416015625,0.013366812498134095
U-Net,753408_sat_70.jpg,0.8546172330930313,0.9216103655714947,0.9118288520769167,0.9316040142881442,0.8578338623046875,0.013366812498134095
U-Net,753408_sat_71.jpg,0.18416917915835068,0.3110521408592125,0.18416917915835068,1.0,0.70684814453125,0.013366812498134095
U-Net,753408_sat_81.jpg,0.8845680181887079,0.938748837560007,0.8845680181887079,1.0,0.925628662109375,0.013366812498134095
U-Net,767012_sat_00.jpg,0.31530604165017023,0.4794413340557462,0.5322462073113681,0.4361684648666411,0.736114501953125,0.013366812498134095
U-Net,767012_sat_01.jpg,0.6541636980847408,0.7909298201165442,0.8453290008123476,0.743108783622947,0.87408447265625,0.013478837499860674
U-Net,767012_sat_02.jpg,0.28722769678604665,0.4462733322211718,0.42577724330633465,0.4688424988315937,0.5441741943359375,0.013478837499860674
U-Net,767012_sat_03.jpg,0.6156070680389835,0.7620752350213528,0.7108300686246155,0.8212831885290722,0.7424163818359375,0.013478837499860674
U-Net,767012_sat_04.jpg,0.6367903298399022,0.7780963978473504,0.8210910296799867,0.7393803658081374,0.9138031005859375,0.013478837499860674
U-Net,767012_sat_05.jpg,0.7758810301528158,0.8737984324164448,0.9756042186951766,0.7912321521233324,0.791656494140625,0.013478837499860674
U-Net,767012_sat_06.jpg,0.7314772878646596,0.8449169885061009,0.8668582073059072,0.8240590671708986,0.8462066650390625,0.013478837499860674
U-Net,767012_sat_14.jpg,0.009265858873841768,0.018361581920903956,0.01015228426395939,0.0959409594095941,0.9151611328125,0.013478837499860674
U-Net,767012_sat_15.jpg,0.5112211826576163,0.6765669890341116,0.8734719465050674,0.5521067230220579,0.756072998046875,0.013478837499860674
U-Net,767012_sat_16.jpg,0.6073784722222222,0.7557379705135822,0.8224024447578749,0.6990708362473773,0.861968994140625,0.013481050002155825
U-Net,767012_sat_17.jpg,0.04636445822032804,0.08862009380399902,0.046641548655320254,0.8864197530864197,0.774658203125,0.013481050002155825
U-Net,767012_sat_18.jpg,0.6305439330543933,0.7734154477803439,0.6398131932282545,0.9775399335117165,0.8922119140625,0.013481050002155825
U-Net,767012_sat_26.jpg,0.035051382139727555,0.06772877703378742,0.03531300160513644,0.8255159474671669,0.4455108642578125,0.013481050002155825
U-Net,767012_sat_27.jpg,0.7289838318380905,0.8432511842092872,0.8385840044952239,0.8479706055038921,0.7460174560546875,0.013481050002155825
U-Net,767012_sat_37.jpg,0.2606729204556332,0.41354568060591107,0.2638169048195689,0.9562812746905451,0.5285797119140625,0.013481050002155825
U-Net,767012_sat_47.jpg,0.3165151215655268,0.4808378063886491,0.38002847988608046,0.6544395626851947,0.7889556884765625,0.013481050002155825
U-Net,767012_sat_57.jpg,0.10432819707527725,0.18894418769996446,0.1790768194070081,0.19996237772761474,0.860748291015625,0.013481050002155825
U-Net,767012_sat_58.jpg,0.4017817018689365,0.5732443237534888,0.5769435165502581,0.569592265027732,0.654693603515625,0.01352187500015134
U-Net,76759_sat_03.jpg,0.9851830375535989,0.9925362235289596,0.9938884527163288,0.9911876688774257,0.9851837158203125,0.01352187500015134
U-Net,76759_sat_04.jpg,0.8069477692119201,0.8931611449553534,0.8236844636844637,0.9754380368657295,0.843719482421875,0.01352187500015134
U-Net,76759_sat_05.jpg,0.9353670427636162,0.9666042896214193,0.9921201674464417,0.942367965570473,0.936279296875,0.01352187500015134
U-Net,76759_sat_08.jpg,0.964992104069922,0.9821842052914262,0.9930330968126015,0.9715698003904036,0.9658355712890625,0.01352187500015134
U-Net,76759_sat_13.jpg,0.9440046040658879,0.9711958522027172,0.9829138729634308,0.9597539376304637,0.945068359375,0.01352187500015134
U-Net,76759_sat_14.jpg,0.9343512218013609,0.9660616037776719,0.9569493794737113,0.9753490325063858,0.9402313232421875,0.01352187500015134
U-Net,76759_sat_15.jpg,0.9437502976804737,0.9710612508269965,0.9897106323465752,0.9531017011656432,0.9459381103515625,0.01352187500015134
U-Net,76759_sat_18.jpg,0.9769455161381387,0.9883383311913941,0.9901764425369576,0.9865070315469403,0.977569580078125,0.013376937498833286
U-Net,76759_sat_50.jpg,0.9910763996288278,0.9955182029314215,0.9986597889946859,0.9923963205005111,0.9911956787109375,0.013376937498833286
U-Net,76759_sat_51.jpg,0.9346455929409483,0.9662189254210104,0.9727324102853914,0.9597920898554189,0.948577880859375,0.013376937498833286
U-Net,76759_sat_60.jpg,0.8646927127676347,0.9274372199205209,0.9457003431448623,0.9098661180881596,0.869049072265625,0.013376937498833286
U-Net,76759_sat_70.jpg,0.9322961505349896,0.9649619705311396,0.9760824078544986,0.9540920675875523,0.93280029296875,0.013376937498833286
U-Net,76759_sat_73.jpg,0.862643291681654,0.9262571051946634,0.9762313505477586,0.8811501597444089,0.8659820556640625,0.013376937498833286
U-Net,76759_sat_74.jpg,0.948749405756874,0.9737007774874878,0.9988053147349898,0.9498272817993398,0.949005126953125,0.013376937498833286
U-Net,76759_sat_84.jpg,0.8489049628290135,0.9182786350793306,0.9755772646536413,0.8673372706313363,0.850830078125,0.013376937498833286
U-Net,76759_sat_87.jpg,0.758707253149768,0.8628010736760838,0.9022210540149822,0.8266815757784277,0.7667999267578125,0.013433037500362843
U-Net,772452_sat_00.jpg,0.4338392802497093,0.6051435279052396,0.9928914101621319,0.4351910119257747,0.435394287109375,0.013433037500362843
U-Net,772452_sat_01.jpg,0.2927033417732114,0.4528546222704243,0.5835871333806166,0.3699746085484554,0.4842376708984375,0.013433037500362843
U-Net,772452_sat_02.jpg,0.5192408651826963,0.6835530521623443,0.6673076274331208,0.7006091945880852,0.7205352783203125,0.013433037500362843
U-Net,772452_sat_03.jpg,0.8615135635018496,0.9256054647071,0.9086217056468819,0.9432362309363596,0.89031982421875,0.013433037500362843
U-Net,772452_sat_04.jpg,0.8310079493569571,0.9077054522333492,0.8767825269178359,0.9408893374250819,0.858245849609375,0.013433037500362843
U-Net,772452_sat_10.jpg,0.4655101873823746,0.6352875488553881,0.48899776517105037,0.9064690885914596,0.8006591796875,0.013433037500362843
U-Net,772452_sat_11.jpg,0.4962089062411588,0.6632882669944219,0.5709124051951434,0.7913282800938459,0.7282867431640625,0.013433037500362843
U-Net,772452_sat_12.jpg,0.6109691260143644,0.7585112788920283,0.7182866918150715,0.8035083415112856,0.681793212890625,0.013455462500132853
U-Net,772452_sat_13.jpg,0.9737670514165793,0.986709197235513,0.9822783186053599,0.9911802307704756,0.974822998046875,0.013455462500132853
U-Net,772452_sat_14.jpg,0.8849975058197539,0.9389906385418619,0.911658280697998,0.9680125494475514,0.9155731201171875,0.013455462500132853
U-Net,772452_sat_23.jpg,0.313986013986014,0.47791378392762107,0.3187505546188659,0.9545575338825405,0.8802490234375,0.013455462500132853
U-Net,772452_sat_24.jpg,0.5821743781759828,0.7359168321852682,0.6086115706330529,0.9305664410402565,0.7139434814453125,0.013455462500132853
U-Net,772452_sat_25.jpg,0.0943514382332067,0.17243352535001716,0.10184308954080483,0.5619094977623074,0.6689910888671875,0.013455462500132853
U-Net,772452_sat_35.jpg,0.0,0.0,0.0,0.0,0.7694854736328125,0.013455462500132853
U-Net,772567_sat_00.jpg,0.10194144838212635,0.18502153364282117,0.10332333833083458,0.8840192410475681,0.7776641845703125,0.013455462500132853
U-Net,772567_sat_10.jpg,0.6593292668225764,0.7946937114959898,0.8221447253705318,0.7690166193301651,0.784393310546875,0.013453537500026869
U-Net,772567_sat_20.jpg,0.8538684816334702,0.9211748191340028,0.8909474475728967,0.9535252827826709,0.88861083984375,0.013453537500026869
U-Net,772567_sat_30.jpg,0.7615965106618665,0.8646662343532001,0.8909632089416243,0.8398770781241053,0.789825439453125,0.013453537500026869
U-Net,772567_sat_40.jpg,0.575978561701006,0.7309472041032503,0.7717346518335394,0.6942546994969553,0.7054443359375,0.013453537500026869
U-Net,772567_sat_41.jpg,0.27386252578998804,0.42997186940584775,0.2994538114462123,0.7621637957086733,0.795928955078125,0.013453537500026869
U-Net,772567_sat_50.jpg,0.4717952572437897,0.6411153384572172,0.9415735393384834,0.4860240030971738,0.571075439453125,0.013453537500026869
U-Net,772567_sat_51.jpg,0.09165009940357853,0.1679111272992169,0.17335714957224782,0.1627968570671846,0.72113037109375,0.013453537500026869
U-Net,772567_sat_60.jpg,0.8283239938869078,0.9061019782669267,0.9768454779844301,0.8449130707774914,0.8765869140625,0.013453537500026869
U-Net,772567_sat_61.jpg,0.6213718627283592,0.7664766818917745,0.8084131611828405,0.7286765441986185,0.7292938232421875,0.013527750001230743
U-Net,772567_sat_62.jpg,0.5047042253521127,0.6708351273939008,0.6148804008373657,0.73799324491309,0.7317047119140625,0.013527750001230743
U-Net,772567_sat_63.jpg,0.05403178910641597,0.10252402188405131,0.0903199675982179,0.11854135658090581,0.7021331787109375,0.013527750001230743
U-Net,772567_sat_73.jpg,8.676036786395974e-05,0.00017350568231109568,9.076469253460405e-05,0.001962708537782139,0.648284912109375,0.013527750001230743
U-Net,774779_sat_18.jpg,0.9802875374798186,0.9900456564276174,0.9998118089861209,0.9804684496255172,0.980438232421875,0.013527750001230743
U-Net,774779_sat_26.jpg,0.895721435546875,0.9449926753489271,0.920902359437751,0.9703772274936358,0.895721435546875,0.013527750001230743
U-Net,774779_sat_27.jpg,0.4688568115234375,0.6383968918483737,0.4750985697719366,0.9727428137267317,0.4688568115234375,0.013527750001230743
U-Net,774779_sat_28.jpg,0.9879499530617584,0.9939384555835108,0.9925476978261542,0.9953331162689738,0.9880523681640625,0.013527750001230743
U-Net,774779_sat_30.jpg,0.7150052549128477,0.8338228152533358,0.7371358478994173,0.959702962391206,0.78070068359375,0.013449199999740813
U-Net,774779_sat_31.jpg,0.6588708926742995,0.7943606649365225,0.6954118976273518,0.9261391514834321,0.7763214111328125,0.013449199999740813
U-Net,774779_sat_37.jpg,0.9362216039379949,0.9670603840323395,0.9645928492676012,0.9695405756261279,0.93634033203125,0.013449199999740813
U-Net,774779_sat_38.jpg,0.989013671875,0.9944764944151221,0.9992445849071148,0.9897536915723731,0.989013671875,0.013449199999740813
U-Net,774779_sat_40.jpg,0.9848175048828125,0.9923506845945094,0.9992877823710654,0.985509238051611,0.9848175048828125,0.013449199999740813
U-Net,774779_sat_41.jpg,0.9454650412577676,0.9719681630943238,0.9603683774834437,0.9838515901060071,0.95098876953125,0.013449199999740813
U-Net,774779_sat_42.jpg,0.9996337890625,0.9998168609974971,0.9997710867276085,0.9998626394591047,0.9996337890625,0.013449199999740813
U-Net,774779_sat_52.jpg,0.9330410031540888,0.9653607984845349,0.9939683007982167,0.9383539387562474,0.93359375,0.013449199999740813
U-Net,774779_sat_53.jpg,0.9493988762281446,0.9740427039386815,0.985451998110226,0.9628945734706548,0.9508056640625,0.013337050000700401
U-Net,774779_sat_62.jpg,0.7568376797654323,0.861590901063191,0.9708650918426237,0.7744265417890309,0.760833740234375,0.013337050000700401
U-Net,774779_sat_63.jpg,0.7069936675646363,0.8283494906847574,0.9440564340940413,0.7379087473297913,0.744415283203125,0.013337050000700401
U-Net,774779_sat_65.jpg,0.9857022964827955,0.9927996741794933,1.0,0.9857022964827955,0.9857025146484375,0.013337050000700401
U-Net,774779_sat_66.jpg,0.9494793734159822,0.9740850673913555,0.9807752964925561,0.9674854929292614,0.9495086669921875,0.013337050000700401
U-Net,774779_sat_74.jpg,0.8498953311342299,0.9188577503064802,0.897596516204673,0.9411506445154719,0.8555755615234375,0.013337050000700401
U-Net,774779_sat_75.jpg,0.4377257636815401,0.6089141263778556,0.4751694281375371,0.8474411836041718,0.5890960693359375,0.013337050000700401
U-Net,774779_sat_76.jpg,0.26215210978581505,0.41540493852250787,0.28932375526380977,0.7362449347140928,0.64886474609375,0.013337050000700401
U-Net,774779_sat_77.jpg,0.4034696800891294,0.5749603084599683,0.41989316327798254,0.9116245617189607,0.771240234375,0.013382687502598856
U-Net,774779_sat_78.jpg,0.8240635429679488,0.9035469692323418,0.9148055388818744,0.8925621503725993,0.85601806640625,0.013382687502598856
U-Net,774779_sat_85.jpg,0.603400288387378,0.7526508417860504,0.8198095585220283,0.6956622593365809,0.639068603515625,0.013382687502598856
U-Net,774779_sat_86.jpg,0.2314876738233056,0.3759480159547574,0.27733878543404983,0.5833672342651247,0.4915008544921875,0.013382687502598856
U-Net,774779_sat_87.jpg,0.10542207101849883,0.19073632376702315,0.10651370628168771,0.9113970588235294,0.67901611328125,0.013382687502598856
U-Net,774779_sat_88.jpg,0.14103815959067298,0.24721024166495517,0.1475503616230131,0.7616536595654925,0.6644287109375,0.013382687502598856
U-Net,777185_sat_58.jpg,0.001515995987069446,0.0030274024441822676,0.0015320836337418889,0.1261595547309833,0.3166046142578125,0.013382687502598856
U-Net,777185_sat_68.jpg,0.35365698267074414,0.5225208264696193,0.8000288246739209,0.3879512178075969,0.690399169921875,0.013382687502598856
U-Net,777185_sat_78.jpg,0.24180720582598697,0.3894440371927929,0.31577300882187326,0.507950885668277,0.7585296630859375,0.013520112497644732
U-Net,777185_sat_87.jpg,0.17300613496932515,0.29497907949790797,0.18093655334904074,0.7978664192949907,0.372650146484375,0.013520112497644732
U-Net,777185_sat_88.jpg,0.41471053566239385,0.5862832363345886,0.685397155740548,0.5122131163885068,0.446807861328125,0.013520112497644732
U-Net,778804_sat_11.jpg,0.9487152099609375,0.9736827681249071,0.999887427229745,0.9488165545025866,0.9487152099609375,0.013520112497644732
U-Net,778804_sat_12.jpg,0.9638519287109375,0.9815932806539086,0.9981669642716053,0.9655609905227759,0.9638519287109375,0.013520112497644732
U-Net,778804_sat_20.jpg,0.8804520436009312,0.9364259477895841,0.8942110455193147,0.9828241975733586,0.881683349609375,0.013520112497644732
U-Net,778804_sat_21.jpg,0.3231403937080874,0.4884446053415235,0.32675541389331586,0.966896296638772,0.3315887451171875,0.013520112497644732
U-Net,778804_sat_22.jpg,0.5882032949953373,0.7407153691833439,0.6204098360655738,0.918902513050868,0.5957183837890625,0.013520112497644732
U-Net,778804_sat_23.jpg,0.9527435302734375,0.9757999609298691,0.9999199282557171,0.9528162243823534,0.9527435302734375,0.01370150000002468
U-Net,778804_sat_30.jpg,0.9454120451003758,0.971940157851337,0.9819731183648857,0.9621101402406791,0.9454803466796875,0.01370150000002468
U-Net,778804_sat_31.jpg,0.4856930278699197,0.6538268925799182,0.4924561513798956,0.9725015518311607,0.49371337890625,0.01370150000002468
U-Net,778804_sat_32.jpg,0.13721352019785654,0.24131531636026213,0.13728368993219947,0.9962887585298695,0.2015380859375,0.01370150000002468
U-Net,778804_sat_33.jpg,0.02116194418671044,0.041446793639699456,0.021182732322420475,0.9556809024979855,0.162933349609375,0.01370150000002468
U-Net,778804_sat_34.jpg,0.20111907456305797,0.3348861554566867,0.20213998357099228,0.9755031510469607,0.4183197021484375,0.01370150000002468
U-Net,778804_sat_35.jpg,0.6365460421179729,0.7779140039276531,0.6782389889511125,0.9119330467299229,0.6876678466796875,0.01370150000002468
U-Net,778804_sat_36.jpg,0.8040770987828155,0.8913999288891973,0.8042029166927458,0.9998054663943197,0.8089141845703125,0.01370150000002468
U-Net,778804_sat_37.jpg,0.9499216806412973,0.9743177790903721,0.9746017740944398,0.9740339495480742,0.9502410888671875,0.013538125000195578
U-Net,778804_sat_42.jpg,0.9980316162109375,0.9990148385175229,0.9980620746482742,0.9999694231680656,0.9980316162109375,0.013538125000195578
U-Net,778804_sat_43.jpg,0.45500464828013637,0.6254339445828807,0.45563296147460863,0.9969784416907147,0.463287353515625,0.013538125000195578
U-Net,778804_sat_47.jpg,0.059386009058882736,0.11211401425178147,0.059415911379657606,0.9915966386554622,0.4581451416015625,0.013538125000195578
U-Net,778804_sat_48.jpg,0.44375953126254114,0.6147277599261722,0.4482713887267302,0.9778217961869053,0.4712677001953125,0.013538125000195578
U-Net,778804_sat_53.jpg,0.9962919445165032,0.9981425284544767,0.9965808834752877,0.9997090753188688,0.9962921142578125,0.013538125000195578
U-Net,778804_sat_54.jpg,0.7207721886525936,0.8377310993350906,0.7222798905350571,0.9971122739214452,0.7285308837890625,0.013538125000195578
U-Net,778804_sat_57.jpg,0.5013782204417656,0.6678906269124378,0.5065914070333098,0.9798879471340325,0.585968017578125,0.013538125000195578
U-Net,778804_sat_58.jpg,0.6584178286591857,0.7940312957097307,0.670374384761634,0.9736258064516129,0.7013397216796875,0.01348588749897317
U-Net,778804_sat_64.jpg,0.8577747427560412,0.9234432173230188,0.8589879083646763,0.9983562138728324,0.86016845703125,0.01348588749897317
U-Net,778804_sat_65.jpg,0.6016622193517684,0.7512972611606906,0.60183611016661,0.9995200045176046,0.6423797607421875,0.01348588749897317
U-Net,778804_sat_66.jpg,0.41974885285520663,0.5913001472211998,0.41986540785991966,0.9993390871627401,0.457794189453125,0.01348588749897317
U-Net,778804_sat_67.jpg,0.9557851939691682,0.9773928107405804,0.9689617486338797,0.9859718802128843,0.9561920166015625,0.01348588749897317
U-Net,778804_sat_72.jpg,0.872966570975889,0.9321752822540118,0.8795757729025732,0.9914659350057012,0.876434326171875,0.01348588749897317
U-Net,778804_sat_82.jpg,0.8522429966179568,0.9202280674556009,0.9064255052004683,0.9344574857002921,0.858673095703125,0.01348588749897317
U-Net,778804_sat_88.jpg,0.9944898114935511,0.9972372942319907,0.9988348919208953,0.9956447989730894,0.9944915771484375,0.01348588749897317
U-Net,7791_sat_88.jpg,0.06898980310500046,0.12907476367802923,0.0699559088368627,0.8332100591715976,0.53607177734375,0.013411837499006651
U-Net,784140_sat_00.jpg,0.8916249368309827,0.9427079538554949,0.988422232030693,0.901035299215401,0.8920135498046875,0.013411837499006651
U-Net,784140_sat_01.jpg,0.3925443026352034,0.5637799844390816,0.4029254316519641,0.9384081829755476,0.4952545166015625,0.013411837499006651
U-Net,784140_sat_02.jpg,0.9619140625,0.9805873568939771,0.9965065364126398,0.965168797366608,0.9619140625,0.013411837499006651
U-Net,784140_sat_10.jpg,0.8123321533203125,0.8964495297752856,0.9990054419215613,0.8129896308965686,0.8123321533203125,0.013411837499006651
U-Net,784140_sat_11.jpg,0.5707379724932661,0.7267131532922979,0.6342299839435447,0.8507724625734571,0.6328125,0.013411837499006651
U-Net,784140_sat_12.jpg,0.9758730352883616,0.98778921303103,0.9953527540390493,0.9803397536325377,0.975921630859375,0.013411837499006651
U-Net,784140_sat_21.jpg,0.6660010859474892,0.7995205904307326,0.6710196590548124,0.9888949572182778,0.7090301513671875,0.013411837499006651
U-Net,784140_sat_22.jpg,0.43934253318097916,0.6104766906457247,0.4447924823805795,0.9728677644127837,0.5133514404296875,0.01339566250317148
U-Net,784140_sat_32.jpg,0.28450040724679154,0.4429744134633511,0.2857079694926495,0.9853613906678865,0.5040435791015625,0.01339566250317148
U-Net,784140_sat_33.jpg,0.7822626035217496,0.877830912207886,0.8450006948304614,0.9133153092260899,0.79339599609375,0.01339566250317148
U-Net,784140_sat_40.jpg,0.8528808821245535,0.9205997971619435,0.8720583097786389,0.9748637565902757,0.8554534912109375,0.01339566250317148
U-Net,784140_sat_41.jpg,0.9710992392119644,0.9853377444356429,0.9874850178229535,0.9831997892224478,0.97119140625,0.01339566250317148
U-Net,784140_sat_50.jpg,0.25115116845562696,0.4014721398784103,0.25115116845562696,1.0,0.272918701171875,0.01339566250317148
U-Net,784140_sat_51.jpg,0.4078301192655841,0.5793740504405955,0.417722628248944,0.9451185661035768,0.4719390869140625,0.01339566250317148
U-Net,784140_sat_52.jpg,0.884093910019001,0.9384817872587731,0.8985483527813691,0.9821297604779707,0.890167236328125,0.01339566250317148
U-Net,784140_sat_53.jpg,0.9658397851161321,0.982623093121574,0.9823072843850937,0.9829391049864123,0.967010498046875,0.013506487499398645
U-Net,784140_sat_56.jpg,0.78173828125,0.8775006851192108,0.7996129294064397,0.9721995559519517,0.78173828125,0.013506487499398645
U-Net,784140_sat_57.jpg,0.9030611465162839,0.9490616191386331,0.9347612870566646,0.9638062927139571,0.9032135009765625,0.013506487499398645
U-Net,784140_sat_61.jpg,0.8138431569687068,0.8973688313038056,0.813894300257651,0.9999227948272534,0.819183349609375,0.013506487499398645
U-Net,784140_sat_62.jpg,0.43539777060245655,0.6066580003391172,0.4368721814304088,0.9923082612232823,0.4690399169921875,0.013506487499398645
U-Net,784140_sat_63.jpg,0.7941847297318851,0.8852875811183216,0.7974024726154635,0.9949446509211526,0.8031005859375,0.013506487499398645
U-Net,784140_sat_65.jpg,0.8502432081580306,0.9190610233391661,0.902933262465535,0.9357753946258586,0.8538970947265625,0.013506487499398645
U-Net,784140_sat_66.jpg,0.05721177489988525,0.1082314371788056,0.05845896147403685,0.7283840190816935,0.385711669921875,0.013506487499398645
U-Net,784140_sat_67.jpg,0.04949741917957077,0.09432594740111824,0.04950010867202782,0.9989035087719298,0.46612548828125,0.013533574998291442
U-Net,784140_sat_68.jpg,0.4699670787005404,0.6394253116416649,0.5008025682182986,0.8841625522218002,0.47918701171875,0.013533574998291442
U-Net,784140_sat_74.jpg,0.9329709839137114,0.9653233200890713,0.9644221877126555,0.9662261380323054,0.9394073486328125,0.013533574998291442
U-Net,784140_sat_75.jpg,0.8737842262382435,0.9326412443896255,0.9309029974522511,0.9343859950227409,0.8800048828125,0.013533574998291442
U-Net,784140_sat_76.jpg,0.6332382973080494,0.775438952603268,0.6593144869006938,0.9412141519660984,0.662384033203125,0.013533574998291442
U-Net,784140_sat_77.jpg,0.5992116562258042,0.7493838028169014,0.6185199985468812,0.9504828895215766,0.6524658203125,0.013533574998291442
U-Net,784140_sat_78.jpg,0.25915623551228556,0.4116347569955817,0.27611520839365705,0.8084077195432104,0.292877197265625,0.013533574998291442
U-Net,784140_sat_82.jpg,0.8408597775969623,0.9135511436885336,0.8998621290182135,0.9276630760023937,0.85675048828125,0.013533574998291442
U-Net,784140_sat_85.jpg,0.9337890833625807,0.9657610453967979,0.9337890833625807,1.0,0.9337921142578125,0.01349423750070855
U-Net,784140_sat_86.jpg,0.8936016923171255,0.9438116748022763,0.9450893291397815,0.9425374702905464,0.8940887451171875,0.01349423750070855
U-Net,784140_sat_87.jpg,0.7884472969637126,0.881711525189786,0.8340922815779594,0.9350972534811806,0.790771484375,0.01349423750070855
U-Net,784140_sat_88.jpg,0.681383907316299,0.8105036623121649,0.8384891805327709,0.7843259042747533,0.69366455078125,0.01349423750070855
U-Net,784518_sat_58.jpg,0.0,0.0,0.0,0.0,0.8535614013671875,0.01349423750070855
U-Net,784518_sat_60.jpg,0.852438105177712,0.9203417947353595,0.9821193970028279,0.8658761631787664,0.8834991455078125,0.01349423750070855
U-Net,784518_sat_61.jpg,0.8120856660446103,0.8962994203438704,0.9209868580182214,0.8729009456490592,0.8386688232421875,0.01349423750070855
U-Net,784518_sat_62.jpg,0.7175688084778994,0.8355633904574747,0.7851672822072562,0.8928725835340622,0.82635498046875,0.01349423750070855
U-Net,784518_sat_63.jpg,0.4443699357362392,0.6153131891515456,0.4908641975308642,0.8242977091323728,0.696563720703125,0.013305450000189012
U-Net,784518_sat_64.jpg,0.16147638884842835,0.2780536744419363,0.18737112530845418,0.538835423349859,0.560791015625,0.013305450000189012
U-Net,784518_sat_65.jpg,0.2606618366947327,0.4135317324718089,0.27882037533512066,0.8000961654044957,0.7119293212890625,0.013305450000189012
U-Net,784518_sat_66.jpg,0.00034784337109918504,0.0006954448363220903,0.00034838003284726025,0.18421052631578946,0.6930389404296875,0.013305450000189012
U-Net,784518_sat_67.jpg,0.04068807921797639,0.07819457151570601,0.040833227162695884,0.9196556671449068,0.7693939208984375,0.013305450000189012
U-Net,784518_sat_68.jpg,0.6512269636345718,0.788779468815279,0.7844720128212738,0.7931344895877093,0.78399658203125,0.013305450000189012
U-Net,784518_sat_72.jpg,0.897638056666722,0.9460582364620781,0.9345083808536374,0.9578971606709531,0.9058990478515625,0.013305450000189012
U-Net,784518_sat_73.jpg,0.9718106806539677,0.985703840828835,0.9916584503184813,0.9798203157618024,0.971954345703125,0.013305450000189012
U-Net,784518_sat_74.jpg,0.8121899475203778,0.8963629321878741,0.8355815938033346,0.9666805893074119,0.820343017578125,0.013297674999193987
U-Net,784518_sat_76.jpg,0.6634173986965146,0.7976559572075909,0.8489067768954639,0.7522411078623527,0.818756103515625,0.013297674999193987
U-Net,784518_sat_77.jpg,0.4553592053592054,0.6257688186976708,0.4722405222495059,0.9272107243650047,0.8560943603515625,0.013297674999193987
U-Net,784518_sat_78.jpg,0.706608291951929,0.8280849158933214,0.8030991183542613,0.8546753385222305,0.8476409912109375,0.013297674999193987
U-Net,784518_sat_83.jpg,0.8555370187401804,0.9221449209577598,0.9145845237476841,0.9298313558426927,0.8639068603515625,0.013297674999193987
U-Net,784518_sat_84.jpg,0.7430831981915573,0.8526078376092473,0.819004116415108,0.8890870604837129,0.76068115234375,0.013297674999193987
U-Net,784518_sat_86.jpg,0.5942186666666667,0.7454669539268557,0.7322099839646697,0.759212821631051,0.7097625732421875,0.013297674999193987
U-Net,784518_sat_87.jpg,0.05727183392703599,0.10833890034563885,0.058766070078144696,0.6925362049758633,0.5315704345703125,0.013297674999193987
U-Net,784518_sat_88.jpg,0.49662711113299524,0.6636617864780392,0.6128326649653664,0.7236851546243811,0.8440093994140625,0.013643962498463225
U-Net,7906_sat_00.jpg,0.6836474490480664,0.8121028537590816,0.8034293954620221,0.8209656252158497,0.74822998046875,0.013643962498463225
U-Net,7906_sat_06.jpg,0.942003719200372,0.9701358549284816,0.9648153186858037,0.9755153974449354,0.9467010498046875,0.013643962498463225
U-Net,7906_sat_07.jpg,0.8422535211267606,0.9143730886850153,0.9080957955012813,0.920737770649559,0.91796875,0.013643962498463225
U-Net,7906_sat_08.jpg,0.9411746608005415,0.9696960091292357,0.9713587146349982,0.9680389861080345,0.941650390625,0.013643962498463225
U-Net,7906_sat_10.jpg,0.551944069667607,0.7112937643246661,1.0,0.551944069667607,0.5540771484375,0.013643962498463225
U-Net,7906_sat_16.jpg,0.8786149003147954,0.9353858528084364,0.9433953760872504,0.9275111879126235,0.9117431640625,0.013643962498463225
U-Net,7906_sat_17.jpg,0.6999959172008329,0.8235265862913684,0.8179476170030056,0.8291821831019974,0.88787841796875,0.013643962498463225
U-Net,7906_sat_18.jpg,0.8479462679670611,0.9177174495445616,0.9452354672553348,0.8917563346060395,0.859405517578125,0.013438699999824166
U-Net,7906_sat_20.jpg,0.7105531048523923,0.8307875421543345,0.9859179043787185,0.7178384442782348,0.713653564453125,0.013438699999824166
U-Net,7906_sat_26.jpg,0.893082559489263,0.9435220402962339,0.9030737629754613,0.9877635353352991,0.9100494384765625,0.013438699999824166
U-Net,7906_sat_27.jpg,0.2803126858696576,0.43788160339792936,0.2836385521451294,0.9598487052662206,0.74151611328125,0.013438699999824166
U-Net,7906_sat_28.jpg,0.8406044766117142,0.9134004478345561,0.8759427374301676,0.9542048609790422,0.9274139404296875,0.013438699999824166
U-Net,7906_sat_37.jpg,0.9156378272188593,0.9559613139903285,0.9543381275802371,0.9575900314024186,0.919403076171875,0.013438699999824166
U-Net,7906_sat_38.jpg,0.29142050504522404,0.4513177604145581,0.29395633372007174,0.9712493465760585,0.586395263671875,0.013438699999824166
U-Net,7906_sat_40.jpg,0.7679561452687971,0.8687502202177513,0.9598629657024954,0.7934352373290426,0.77264404296875,0.013438699999824166
U-Net,7906_sat_47.jpg,0.9384443969596141,0.9682448446099698,1.0,0.9384443969596141,0.9384613037109375,0.013593550000223331
U-Net,7906_sat_50.jpg,0.7014107759267597,0.8245049177435716,0.8189066059225513,0.830180300204281,0.75714111328125,0.013593550000223331
U-Net,7906_sat_51.jpg,0.681516330408034,0.8105973377524777,0.9315854563442988,0.7174231890131241,0.7314300537109375,0.013593550000223331
U-Net,7906_sat_55.jpg,0.5914712764433409,0.7433012272331743,0.9909857051418818,0.5946707209730335,0.6083831787109375,0.013593550000223331
U-Net,7906_sat_56.jpg,0.6412554570710411,0.7814206549118388,0.923351667976284,0.6773094859658009,0.668975830078125,0.013593550000223331
U-Net,7906_sat_57.jpg,0.7971995716992011,0.8871575358160937,0.9972181582146757,0.7989763909526169,0.8121490478515625,0.013593550000223331
U-Net,7906_sat_60.jpg,0.9048530312308635,0.9500502310628893,0.9909132060288028,0.9124239711012998,0.9051666259765625,0.013593550000223331
U-Net,7906_sat_61.jpg,0.7391875284095691,0.850037751921476,0.8462694909700673,0.8538397215253875,0.76361083984375,0.013593550000223331
U-Net,7906_sat_64.jpg,0.5217618185672586,0.6857338805602289,0.9897608809973087,0.524593389296957,0.5525054931640625,0.013661662498634541
U-Net,7906_sat_66.jpg,0.8309554119066906,0.9076741099242431,0.9904232679120359,0.8376860385660239,0.8439788818359375,0.013661662498634541
U-Net,7906_sat_67.jpg,0.801500377404994,0.8898142764305503,0.9801450503908825,0.8147284029876455,0.803375244140625,0.013661662498634541
U-Net,7906_sat_70.jpg,0.7564809880568008,0.8613597223089758,0.9733397866376268,0.7724871959026889,0.7629241943359375,0.013661662498634541
U-Net,7906_sat_77.jpg,0.9175558609614107,0.9570056128652993,0.9771419174477882,0.9376824630339756,0.9185333251953125,0.013661662498634541
U-Net,7906_sat_78.jpg,0.9335573091647785,0.965637071877677,0.9955839221437142,0.9374391966107014,0.93511962890625,0.013661662498634541
U-Net,7906_sat_80.jpg,0.8377166031707017,0.9116929147022437,0.9996700274977085,0.8379483081840253,0.83880615234375,0.013661662498634541
U-Net,7906_sat_83.jpg,0.9288492679587986,0.9631123420460447,0.9907758605338605,0.9369516528299345,0.934967041015625,0.013661662498634541
U-Net,7906_sat_84.jpg,0.8376621366436554,0.9116606583336141,0.9968685529030357,0.8398721211744987,0.8399658203125,0.013755575000686804
U-Net,7906_sat_86.jpg,0.9875961814756873,0.9937593870224164,0.9948860621070067,0.9926352608946795,0.9881439208984375,0.013755575000686804
U-Net,7906_sat_87.jpg,0.7384062224831229,0.8495209151154447,0.8056200464334321,0.8984821428571429,0.891204833984375,0.013755575000686804
U-Net,7906_sat_88.jpg,0.7677527151211362,0.8686200378071833,0.7729184188393609,0.9913700107874865,0.95758056640625,0.013755575000686804
U-Net,794214_sat_50.jpg,0.017538239769360135,0.034471903037934834,1.0,0.017538239769360135,0.6256103515625,0.013755575000686804
U-Net,794214_sat_60.jpg,0.014958806332814458,0.029476676766543225,1.0,0.014958806332814458,0.208221435546875,0.013755575000686804
U-Net,794214_sat_62.jpg,0.04878787878787879,0.09303669459693731,0.6909871244635193,0.04987608426270136,0.9521026611328125,0.013755575000686804
U-Net,794214_sat_70.jpg,0.2085538752362949,0.34512962890548626,1.0,0.2085538752362949,0.2333831787109375,0.013755575000686804
U-Net,794214_sat_71.jpg,0.22759572408395295,0.37079914766530764,1.0,0.22759572408395295,0.4277801513671875,0.013740675000008196
U-Net,794214_sat_72.jpg,0.20605934509138632,0.34170680892286054,1.0,0.20605934509138632,0.2430572509765625,0.013740675000008196
U-Net,794214_sat_73.jpg,0.07189021691013722,0.13413727595605848,0.8453930244664237,0.07284797918629166,0.680084228515625,0.013740675000008196
U-Net,794214_sat_83.jpg,0.29341504288108305,0.45370593839314066,0.9973194840006702,0.2936466177776316,0.3437652587890625,0.013740675000008196
U-Net,794214_sat_84.jpg,0.020327436545434566,0.039844927848373894,0.4048140043763676,0.02095367538792615,0.86395263671875,0.013740675000008196
U-Net,810368_sat_04.jpg,0.9500836107334302,0.9744029491905755,0.9618536801468262,0.9872840067558789,0.951263427734375,0.013740675000008196
U-Net,810368_sat_23.jpg,0.7897465163836972,0.8825233173013047,0.7979050547760907,0.9872183580048749,0.865081787109375,0.013740675000008196
U-Net,810368_sat_24.jpg,0.8755631702519195,0.9336536184321819,0.9088543810825498,0.9598441766230152,0.88031005859375,0.013740675000008196
U-Net,810368_sat_33.jpg,0.7047103220382066,0.8267801431455313,0.8658706515471843,0.7910667251975417,0.769561767578125,0.013728112498938572
U-Net,810368_sat_34.jpg,0.7392195121951219,0.8500588994222247,0.9523430462743784,0.7676150274377375,0.755279541015625,0.013728112498938572
U-Net,810368_sat_40.jpg,0.9631533847472151,0.981230903535574,0.9914939197278054,0.9711781768808245,0.9632568359375,0.013728112498938572
U-Net,810368_sat_44.jpg,0.9035968083780077,0.9493573475235366,0.9851334590617938,0.9160886669931904,0.905609130859375,0.013728112498938572
U-Net,810368_sat_50.jpg,0.36091331106770014,0.5303986787880659,0.3657845996636366,0.9644140098787607,0.5357513427734375,0.013728112498938572
U-Net,810368_sat_51.jpg,0.8333195384793657,0.9090827005209979,0.8449994964246148,0.9836834391792868,0.8463592529296875,0.013728112498938572
U-Net,810368_sat_60.jpg,0.87982177734375,0.9360693529010682,0.9970431083674846,0.8821234605675821,0.87982177734375,0.013728112498938572
U-Net,810368_sat_61.jpg,0.9456566677385273,0.9720694132924094,0.9942045783830774,0.9508984248695089,0.9458465576171875,0.013728112498938572
U-Net,810368_sat_63.jpg,0.9539342629482072,0.9764241111252708,0.960677062926103,0.9926960014251704,0.954833984375,0.013951387500128476
U-Net,810368_sat_64.jpg,0.9404716360353191,0.9693227342986026,0.9585880958322935,0.9803005168123524,0.940643310546875,0.013951387500128476
U-Net,810368_sat_68.jpg,0.7887144349536042,0.8818785375028987,0.8683569568011907,0.8958278804376276,0.7901458740234375,0.013951387500128476
U-Net,810368_sat_72.jpg,0.9657339013700309,0.9825682923786953,0.9906309931776024,0.9746357759287327,0.96588134765625,0.013951387500128476
U-Net,810368_sat_73.jpg,0.4740557329336895,0.6431991984322277,0.4900424347201329,0.9356138545953361,0.6305084228515625,0.013951387500128476
U-Net,810368_sat_74.jpg,0.620481604153612,0.765799010076012,0.6366558894848997,0.960666370994567,0.676544189453125,0.013951387500128476
U-Net,810368_sat_75.jpg,0.968777821163608,0.9841413396165044,0.9758653241032096,0.9925589284857019,0.9694976806640625,0.013951387500128476
U-Net,810368_sat_78.jpg,0.7922818121764245,0.884104058629409,0.9187792841745204,0.8519509697029768,0.7936859130859375,0.013951387500128476
U-Net,810368_sat_83.jpg,0.9610896136600946,0.9801587923015488,0.9652843108527013,0.9954988627868878,0.961334228515625,0.013800625001749722
U-Net,810368_sat_84.jpg,0.7230610658035117,0.8392750322709289,0.7319421563243639,0.9834960769363209,0.7663116455078125,0.013800625001749722
U-Net,810368_sat_85.jpg,0.46225964979245193,0.6322538543111184,0.47029270423765834,0.9643656994973374,0.6560516357421875,0.013800625001749722
U-Net,810368_sat_86.jpg,0.8964451058201058,0.9453952588123491,0.9232039777274508,0.9686796498123995,0.9044342041015625,0.013800625001749722
U-Net,810749_sat_00.jpg,0.8131569010006923,0.8969514999522723,0.828965096881817,0.9770858147580965,0.8188018798828125,0.013800625001749722
U-Net,810749_sat_01.jpg,0.9040374755859375,0.949600506479248,0.9578523620137743,0.9414896152807132,0.9040374755859375,0.013800625001749722
U-Net,810749_sat_02.jpg,0.8864195053428987,0.9397904366789,0.9370160862648047,0.942581264670318,0.8963623046875,0.013800625001749722
U-Net,810749_sat_03.jpg,0.9312183376071049,0.9643843158210067,0.980426694761795,0.948858476588016,0.9328765869140625,0.013800625001749722
U-Net,810749_sat_05.jpg,0.7413975648491266,0.8514971880224959,0.7673052887496362,0.9564419403717694,0.761474609375,0.013784475002466934
U-Net,810749_sat_10.jpg,0.7163546890086274,0.8347396882428729,0.7226114549624556,0.9880573932468425,0.8610382080078125,0.013784475002466934
U-Net,810749_sat_11.jpg,0.6671367614088378,0.800338372774006,0.6679942791969151,0.9980794719900458,0.719085693359375,0.013784475002466934
U-Net,810749_sat_12.jpg,0.9025208282283754,0.9487631513278112,0.9206530229651617,0.9786439045452281,0.9028778076171875,0.013784475002466934
U-Net,810749_sat_13.jpg,0.989990234375,0.9949699423383634,0.99168500855955,0.9982767109798129,0.989990234375,0.013784475002466934
U-Net,810749_sat_15.jpg,0.6551959236400172,0.7916838294274503,0.6890708732734546,0.9302053084721585,0.706756591796875,0.013784475002466934
U-Net,810749_sat_17.jpg,0.5043696563484357,0.6705395236071097,0.5718582169709989,0.810380912515697,0.6806793212890625,0.013784475002466934
U-Net,810749_sat_18.jpg,0.6515897181702308,0.7890455008306984,0.7389034990865838,0.8464882020146267,0.6996917724609375,0.013784475002466934
U-Net,810749_sat_21.jpg,0.7000883924625336,0.8235905798385857,0.705631036507583,0.9889046538024971,0.7722015380859375,0.013810525000735652
U-Net,810749_sat_22.jpg,0.384721622788088,0.5556663757636205,0.3852803374768763,0.9962448030756851,0.4561767578125,0.013810525000735652
U-Net,810749_sat_23.jpg,0.819016146430834,0.9005045370684137,0.8248917860899857,0.9913780596489047,0.838714599609375,0.013810525000735652
U-Net,810749_sat_25.jpg,0.8945588000638264,0.9443452481218205,0.9208607095926412,0.9690589780820024,0.899169921875,0.013810525000735652
U-Net,810749_sat_26.jpg,0.28990927699577973,0.44950335991223084,0.2912044675720269,0.9848901098901099,0.5712432861328125,0.013810525000735652
U-Net,810749_sat_27.jpg,0.824292056231923,0.9036843124060947,0.8758710645749205,0.9333219093315055,0.8405609130859375,0.013810525000735652
U-Net,810749_sat_31.jpg,0.8829443330962695,0.9378337081738115,0.9558522458835675,0.9204819277108434,0.889495849609375,0.013810525000735652
U-Net,810749_sat_32.jpg,0.6314016005549912,0.7740602931126129,0.6438930719086361,0.9701907336201318,0.7729949951171875,0.013810525000735652
U-Net,810749_sat_33.jpg,0.6507456670697299,0.7884263215724576,0.6592150257745113,0.9806392832738592,0.7884521484375,0.01370160000078613
U-Net,810749_sat_34.jpg,0.6608595257788806,0.7958042393368125,0.6687767024152063,0.9824017623853681,0.6996917724609375,0.01370160000078613
U-Net,810749_sat_35.jpg,0.779785143103309,0.8762688531534121,0.8091074172370443,0.9555892833575294,0.8751983642578125,0.01370160000078613
U-Net,810749_sat_36.jpg,0.9100145137880987,0.952887537993921,0.9441810300970677,0.9617561096946707,0.92999267578125,0.01370160000078613
U-Net,810749_sat_40.jpg,0.7706372473383737,0.8704631606465949,0.8764279572534087,0.8645790056778839,0.7731781005859375,0.01370160000078613
U-Net,810749_sat_43.jpg,0.7098542925318576,0.8303096885299445,0.7108286731062532,0.9980726675708473,0.825592041015625,0.01370160000078613
U-Net,810749_sat_44.jpg,0.6342869118725768,0.7762246729930752,0.6347525167785235,0.9988448844884489,0.946746826171875,0.01370160000078613
U-Net,810749_sat_45.jpg,0.20006383884238899,0.33342199367556224,0.20016322475338869,0.997524314765694,0.6558380126953125,0.01370160000078613
U-Net,810749_sat_46.jpg,0.5046444661186197,0.6707823375981974,0.5118837302428568,0.9727394807520143,0.6745147705078125,0.013584487500338582
U-Net,810749_sat_47.jpg,0.6986802959798611,0.8226154122507634,0.6989202182456408,0.9995089212637093,0.7589111328125,0.013584487500338582
U-Net,810749_sat_48.jpg,0.45194274028629855,0.6225352112676056,0.45442634883086164,0.988051434223541,0.53790283203125,0.013584487500338582
U-Net,810749_sat_50.jpg,0.6739707937287901,0.8052360247307685,0.9819674698525628,0.682416779389586,0.676025390625,0.013584487500338582
U-Net,810749_sat_51.jpg,0.5582172787774218,0.7164819520104403,0.6917452560039709,0.7430534194606787,0.5624237060546875,0.013584487500338582
U-Net,810749_sat_52.jpg,0.8617837796597239,0.9257614005179818,0.9597423784114468,0.894104423265681,0.861785888671875,0.013584487500338582
U-Net,810749_sat_53.jpg,0.6356558416846378,0.7772488875531988,0.636432914728436,0.9980828602728812,0.6493988037109375,0.013584487500338582
U-Net,810749_sat_54.jpg,0.9504074799418788,0.9745732517086128,0.976059170829819,0.9730918499353169,0.95208740234375,0.013584487500338582
U-Net,810749_sat_55.jpg,0.9801983290388069,0.9900001577262189,0.9933216224342845,0.986700831591027,0.98065185546875,0.013660062501003267
U-Net,810749_sat_56.jpg,0.9165559040884683,0.9564614339015493,0.9236765966566652,0.9916592366763496,0.9521026611328125,0.013660062501003267
U-Net,810749_sat_57.jpg,0.5637524846036039,0.7210252135861638,0.5750132943366126,0.9664283320299408,0.79571533203125,0.013660062501003267
U-Net,810749_sat_60.jpg,0.7710454775837442,0.8707235216067851,0.9994823604364099,0.7713535024507168,0.7725372314453125,0.013660062501003267
U-Net,810749_sat_61.jpg,0.8118749904578696,0.8961710876672622,0.8760048761201897,0.9172876561098461,0.811981201171875,0.013660062501003267
U-Net,810749_sat_62.jpg,0.858599487879299,0.923920934530095,0.9322268096157688,0.9157617583567738,0.859283447265625,0.013660062501003267
U-Net,810749_sat_67.jpg,0.970269442743417,0.9849104104181883,0.9934167215273206,0.9765485362095532,0.970367431640625,0.013660062501003267
U-Net,810749_sat_68.jpg,0.8270885432119697,0.9053623003491352,0.836233126205271,0.9869509141946742,0.8755035400390625,0.013660062501003267
U-Net,810749_sat_70.jpg,0.8790444654683065,0.9356292324346097,0.9621850189851571,0.9104999265054141,0.8829498291015625,0.013723250001930865
U-Net,810749_sat_71.jpg,0.5766183912057232,0.7314622161228916,0.6312270782396088,0.8695400484159562,0.6297607421875,0.013723250001930865
U-Net,810749_sat_72.jpg,0.7734679719417251,0.87226607322925,0.946694090120009,0.8086879432624113,0.775787353515625,0.013723250001930865
U-Net,810749_sat_76.jpg,0.8399608968496736,0.9130203780828492,0.9039724423478305,0.9222512681128058,0.845123291015625,0.013723250001930865
U-Net,810749_sat_80.jpg,0.34727734561041435,0.5155246568078713,0.3516598344184551,0.9653574580759047,0.6235809326171875,0.013723250001930865
U-Net,810749_sat_81.jpg,0.490984196633643,0.6586041592421856,0.5024645231454683,0.955534058309427,0.5468597412109375,0.013723250001930865
U-Net,810749_sat_86.jpg,0.30785669186808917,0.4707804666707928,0.32307169554875975,0.8673204104903078,0.3476409912109375,0.013723250001930865
U-Net,810749_sat_87.jpg,0.46176489008580196,0.6317909168808912,0.6654332129963899,0.6013866231647634,0.4754638671875,0.013723250001930865
U-Net,825816_sat_00.jpg,0.3176200564971751,0.4821117513064451,0.3230189130955231,0.9500088012673825,0.4692230224609375,0.01362868749856716
U-Net,825816_sat_02.jpg,0.6628903539208882,0.7972748802804411,0.7739942470526273,0.8219994406557236,0.7035064697265625,0.01362868749856716
U-Net,825816_sat_03.jpg,0.5086473131562693,0.6743091095189355,0.5747910890513214,0.8155035347839243,0.563018798828125,0.01362868749856716
U-Net,825816_sat_04.jpg,0.5007571168988492,0.667339319947533,0.5049454557793123,0.9837057112638815,0.5472259521484375,0.01362868749856716
U-Net,825816_sat_05.jpg,0.8312490004797697,0.9078492332413456,0.9005353523103311,0.9152828892919403,0.8389892578125,0.01362868749856716
U-Net,825816_sat_10.jpg,0.7836814600287993,0.878723558651718,0.8207018078923737,0.9455734504636408,0.795989990234375,0.01362868749856716
U-Net,825816_sat_13.jpg,0.8564910888671875,0.9226988419209811,0.8942186678561757,0.9530528389024722,0.8564910888671875,0.01362868749856716
U-Net,825816_sat_14.jpg,0.03150905001606512,0.06109311404601711,0.03150905001606512,1.0,0.310089111328125,0.01362868749856716
U-Net,825816_sat_15.jpg,0.6014799803488087,0.7511551661330215,0.7591017418767317,0.7433732425099141,0.603912353515625,0.013460587502777344
U-Net,825816_sat_18.jpg,0.7887117552334943,0.8818768624132374,0.9665127476517483,0.8108703210105458,0.7997894287109375,0.013460587502777344
U-Net,825816_sat_20.jpg,0.9323423480348794,0.9649867157163294,0.9749896753944,0.9551869234503965,0.9346466064453125,0.013460587502777344
U-Net,825816_sat_21.jpg,0.935089111328125,0.9664558658865461,0.9963418797860406,0.9383105449311755,0.935089111328125,0.013460587502777344
U-Net,825816_sat_22.jpg,0.7894163424124514,0.8823171262068366,0.8213499157922011,0.9530609944003908,0.793548583984375,0.013460587502777344
U-Net,825816_sat_23.jpg,0.4489909276059989,0.6197291081012011,0.5028685974977535,0.8073465764066141,0.59130859375,0.013460587502777344
U-Net,825816_sat_25.jpg,0.03247576844182077,0.06290853390357462,0.03269849277921423,0.8266241530490235,0.0571746826171875,0.013460587502777344
U-Net,825816_sat_26.jpg,0.7491321170227409,0.8565757951982094,0.7628755197707557,0.9765165560273509,0.74969482421875,0.013460587502777344
U-Net,825816_sat_27.jpg,0.6661790070222989,0.7996487822912334,0.6754047682243283,0.9799075793956418,0.6692352294921875,0.013504837497748667
U-Net,825816_sat_28.jpg,0.31329305726631085,0.47711065787318935,0.3195278071347385,0.9413699917753495,0.4640655517578125,0.013504837497748667
U-Net,825816_sat_30.jpg,0.7182438960486024,0.8360208905154011,0.754857585405731,0.9367404907844435,0.737457275390625,0.013504837497748667
U-Net,825816_sat_31.jpg,0.5093281589347385,0.674907118004364,0.5099272830968846,0.997698504027618,0.5794219970703125,0.013504837497748667
U-Net,825816_sat_32.jpg,0.025388740980823398,0.04952022577610536,0.026751229824775378,0.3326592517694641,0.6145782470703125,0.013504837497748667
U-Net,825816_sat_33.jpg,0.5310838070786723,0.6937357767397293,0.6006055829773114,0.8210478566568383,0.8049163818359375,0.013504837497748667
U-Net,825816_sat_34.jpg,0.5918142479365334,0.7435719949154889,0.6410807291666667,0.8850705575695839,0.6891021728515625,0.013504837497748667
U-Net,825816_sat_35.jpg,0.22574927113702625,0.36834494044221183,0.2281061463046757,0.9562339458605019,0.49346923828125,0.013504837497748667
U-Net,825816_sat_36.jpg,0.023665537061653967,0.04623685413808871,0.023893236550603002,0.7129159616469262,0.2042999267578125,0.013666912502230844
U-Net,825816_sat_37.jpg,0.0021298641492056183,0.00425067493825033,0.0021298641492056183,1.0,0.2064666748046875,0.013666912502230844
U-Net,825816_sat_40.jpg,0.7922755380523024,0.8841001522715445,0.8995489311629732,0.8691730463124384,0.816497802734375,0.013666912502230844
U-Net,825816_sat_41.jpg,0.7795403230475308,0.8761142559698094,0.8896205430880701,0.8630119426581494,0.82568359375,0.013666912502230844
U-Net,825816_sat_42.jpg,0.8008172719723788,0.8893931488065624,0.916289536192024,0.8640307445654737,0.8609161376953125,0.013666912502230844
U-Net,825816_sat_43.jpg,0.9029269687917116,0.9489875161788652,0.9915369581908285,0.9099396288052268,0.9067840576171875,0.013666912502230844
U-Net,825816_sat_45.jpg,0.7331181778938064,0.8460106035985815,0.7521828995655292,0.9665826489958533,0.8018951416015625,0.013666912502230844
U-Net,825816_sat_46.jpg,0.8786214762913476,0.9353895794120963,0.945716991721622,0.9252852852852853,0.8863372802734375,0.013666912502230844
U-Net,825816_sat_47.jpg,0.7632915592536819,0.8657576283944184,0.7690230668346748,0.9903301652482035,0.858489990234375,0.018515300002036383
U-Net,825816_sat_48.jpg,0.7572565931331896,0.8618622870357261,0.7681985487432959,0.9815377173416463,0.82135009765625,0.018515300002036383
U-Net,825816_sat_50.jpg,0.9609486970056558,0.9800855050139888,0.980578707343922,0.9795927985672542,0.961334228515625,0.018515300002036383
U-Net,825816_sat_56.jpg,0.8922537061942525,0.9430592771714267,0.9627214197551456,0.9241841995708842,0.893646240234375,0.018515300002036383
U-Net,825816_sat_57.jpg,0.7729533869680034,0.8719387578371264,0.7963302752293578,0.963410900183711,0.8307647705078125,0.018515300002036383
U-Net,825816_sat_58.jpg,0.8909507369539238,0.9423309867808929,0.9946633065263314,0.8952301534356237,0.899749755859375,0.018515300002036383
U-Net,825816_sat_60.jpg,0.9611878904971877,0.9802098974346752,0.999675903419219,0.9614875079877184,0.9619903564453125,0.018515300002036383
U-Net,825816_sat_66.jpg,0.8788908040150055,0.9355421849283652,0.9211192774284955,0.9504239456180104,0.8906402587890625,0.018515300002036383
U-Net,825816_sat_67.jpg,0.768957325722489,0.8693904760064537,0.851788046873521,0.8877357746034251,0.7937164306640625,0.013608025001303758
U-Net,825816_sat_70.jpg,0.9902535899786129,0.995102930566003,0.9954849806499171,0.9947211736181444,0.990264892578125,0.013608025001303758
U-Net,825816_sat_73.jpg,0.9428921380999771,0.9706067769897557,0.9924740540192097,0.9496823340735258,0.943084716796875,0.013608025001303758
U-Net,825816_sat_74.jpg,0.7876549542617766,0.881215865941024,0.855307376668709,0.9087429969225913,0.8105010986328125,0.013608025001303758
U-Net,825816_sat_75.jpg,0.40398797096174843,0.5754863707058856,0.46375250115437894,0.7581509040583774,0.52520751953125,0.013608025001303758
U-Net,825816_sat_76.jpg,0.6686554848537742,0.8014302423994598,0.749626414288764,0.8609255286546124,0.6813812255859375,0.013608025001303758
U-Net,825816_sat_77.jpg,0.8848778110422614,0.9389232616123372,0.9380743255710964,0.939773735581189,0.899078369140625,0.013608025001303758
U-Net,825816_sat_78.jpg,0.910031405874746,0.9528967985298384,0.9823957068005874,0.9251178037287441,0.9182586669921875,0.013608025001303758
U-Net,825816_sat_85.jpg,0.8823984650855328,0.9375256954912978,0.9004738556714601,0.9777575302819166,0.888702392578125,0.013643887497892138
U-Net,825816_sat_86.jpg,0.6372263257262099,0.7784217926541842,0.7205430711610487,0.8464110517169318,0.6657562255859375,0.013643887497892138
U-Net,825816_sat_88.jpg,0.8408983928451348,0.9135739333722969,0.858520845133275,0.9761714252258933,0.8555908203125,0.013643887497892138
U-Net,827126_sat_01.jpg,0.9452972412109375,0.9718794857514884,0.9936962658796356,0.9510001074559047,0.9452972412109375,0.013643887497892138
U-Net,827126_sat_02.jpg,0.8446442914967004,0.9157801267054866,0.8665912579785086,0.9708890779730978,0.8494873046875,0.013643887497892138
U-Net,827126_sat_04.jpg,0.9054031401910935,0.9503533620714935,0.9469747146140959,0.953756204751908,0.9225006103515625,0.013643887497892138
U-Net,827126_sat_05.jpg,0.19789745481372187,0.3304080061585835,0.20046707146193368,0.9391684901531728,0.867279052734375,0.013643887497892138
U-Net,827126_sat_10.jpg,0.8885847158547445,0.9410059378274537,0.9643656148765951,0.9187511722679762,0.89691162109375,0.013643887497892138
U-Net,827126_sat_11.jpg,0.97735595703125,0.9885483223755286,0.9999375546396903,0.9774156137459562,0.97735595703125,0.013550237501476659
U-Net,827126_sat_12.jpg,0.8854262850107726,0.9392319307839856,0.9672511473866483,0.912790328721919,0.8863983154296875,0.013550237501476659
U-Net,827126_sat_13.jpg,0.7816696142005634,0.8774574230489968,0.8904952896185058,0.8647958259357224,0.7965545654296875,0.013550237501476659
U-Net,827126_sat_14.jpg,0.10799967248014411,0.19494531480934083,0.11027967058233351,0.839325485205218,0.66754150390625,0.013550237501476659
U-Net,827126_sat_21.jpg,0.9117968786109356,0.953863759076147,0.9819153172285638,0.927370449880126,0.9126434326171875,0.013550237501476659
U-Net,827126_sat_22.jpg,0.5653410437502963,0.7223231589147286,0.6322848559816222,0.8422626053387317,0.580230712890625,0.013550237501476659
U-Net,827126_sat_23.jpg,0.058513817997884764,0.1105584395838311,0.059757214304163045,0.7376811594202899,0.3751678466796875,0.013550237501476659
U-Net,827126_sat_32.jpg,0.6978557140453534,0.8220436027306761,0.7856586618399175,0.8619622693790843,0.753387451171875,0.013550237501476659
U-Net,827126_sat_33.jpg,0.5664246888857102,0.7232070496649811,0.5809036564345179,0.9578508148640885,0.6299896240234375,0.013641462501254864
U-Net,827126_sat_34.jpg,0.610702645342227,0.7583058823529412,0.6320372355725231,0.9476222213510017,0.764892578125,0.013641462501254864
U-Net,827126_sat_35.jpg,0.09574078462632225,0.17475079137256444,0.09636150743744308,0.9369597301286106,0.3595428466796875,0.013641462501254864
U-Net,827126_sat_42.jpg,0.8173030282031737,0.8994680749652056,0.9567245295262816,0.8486778197517539,0.839080810546875,0.013641462501254864
U-Net,827126_sat_43.jpg,0.7233964479671217,0.8395009155559341,0.8646301616192628,0.8157911071568972,0.76995849609375,0.013641462501254864
U-Net,827126_sat_44.jpg,0.8126150447907718,0.8966217588518042,0.8602074711897119,0.9362553019592001,0.8368988037109375,0.013641462501254864
U-Net,827126_sat_45.jpg,0.5097966522698204,0.6753182973394394,0.5365615732792258,0.910873381247309,0.5964813232421875,0.013641462501254864
U-Net,827126_sat_46.jpg,0.03299894403379092,0.0638895987733197,0.033108197589723214,0.9090909090909091,0.77642822265625,0.013641462501254864
U-Net,827126_sat_53.jpg,0.8581608746583366,0.9236669293406882,0.9872905942910623,0.8677469770502592,0.866973876953125,0.01364966250184807
U-Net,827126_sat_54.jpg,0.8462548984681154,0.9167259614804809,0.9384212735488012,0.896011127351596,0.8946380615234375,0.01364966250184807
U-Net,827126_sat_55.jpg,0.35405291894162116,0.5229528535980149,0.38006071353430915,0.8380277022996885,0.647979736328125,0.01364966250184807
U-Net,827126_sat_62.jpg,0.9511484166348722,0.9749626512526496,0.9938605303863879,0.9567700337734111,0.9511566162109375,0.01364966250184807
U-Net,827126_sat_63.jpg,0.8101867016049787,0.8951415905184112,0.8174832686110881,0.9891032690192942,0.823150634765625,0.01364966250184807
U-Net,827126_sat_64.jpg,0.6961658953930315,0.8208700543783987,0.7088933510379894,0.9748585935064357,0.708465576171875,0.01364966250184807
U-Net,827126_sat_65.jpg,0.8868431640782168,0.9400284888134495,0.9592813745800185,0.9215332129239414,0.8927154541015625,0.01364966250184807
U-Net,827126_sat_66.jpg,0.35012195925901507,0.51865234375,0.3801990120982175,0.8156965135923822,0.849578857421875,0.01364966250184807
U-Net,827126_sat_71.jpg,0.8318474531125143,0.9082060317840464,0.8656611772378934,0.9551489637305699,0.83624267578125,0.013589112499175826
U-Net,827126_sat_73.jpg,0.8603443039593357,0.9249301885981871,0.954241645244216,0.8973657885961988,0.8666839599609375,0.013589112499175826
U-Net,827126_sat_74.jpg,0.7938661774377791,0.8850896320166721,0.8436580341377281,0.9308007630179796,0.818267822265625,0.013589112499175826
U-Net,827126_sat_75.jpg,0.9534752459280761,0.9761835968134726,0.9988005946347727,0.9545682042009074,0.9559783935546875,0.013589112499175826
U-Net,827126_sat_76.jpg,0.9419191519658255,0.9700910061186746,0.9892984147030476,0.9516152235418232,0.9439849853515625,0.013589112499175826
U-Net,827126_sat_77.jpg,0.8828144675410217,0.9377604461410242,0.9440059660679884,0.9315970234688037,0.9076995849609375,0.013589112499175826
U-Net,827126_sat_78.jpg,0.8097757722181179,0.8948907203301008,0.8786913660491821,0.9116985882564518,0.8546295166015625,0.013589112499175826
U-Net,827126_sat_80.jpg,0.840958908875822,0.9136096463873297,0.9106322055609977,0.916606621411506,0.860504150390625,0.013589112499175826
U-Net,827126_sat_81.jpg,0.8124511428660768,0.8965219791594783,0.8492980535080982,0.9493067353537568,0.81695556640625,0.013582949999545235
U-Net,827126_sat_83.jpg,0.913709888822069,0.9549095128358016,0.9286453109327983,0.9827025771999072,0.91461181640625,0.013582949999545235
U-Net,827126_sat_84.jpg,0.8753793686054879,0.9335491082600644,0.8765724132529177,0.9984476205770569,0.878448486328125,0.013582949999545235
U-Net,830444_sat_02.jpg,0.17256577163005155,0.2943387497831493,0.23225041065887936,0.40173638516179955,0.8137969970703125,0.013582949999545235
U-Net,830444_sat_03.jpg,0.7449303530936184,0.8538224482976274,0.9915488099344602,0.749690291452044,0.75970458984375,0.013582949999545235
U-Net,830444_sat_04.jpg,0.6142713183681979,0.7610508981713683,0.9701984028978349,0.6260846467150699,0.6612396240234375,0.013582949999545235
U-Net,830444_sat_05.jpg,0.8684470820969338,0.9295923769190048,0.9987509479412946,0.8693913212309484,0.8964996337890625,0.013582949999545235
U-Net,830444_sat_13.jpg,0.23874305422494732,0.3854601701469451,0.3873976577883719,0.38354196593474243,0.4543914794921875,0.013582949999545235
U-Net,830444_sat_14.jpg,0.7898697677366203,0.8826002673205102,0.9952091027048607,0.7928846337351697,0.7976226806640625,0.013743075000093086
U-Net,830444_sat_15.jpg,0.8239682232125557,0.9034896690922611,0.9696727853152434,0.845763723150358,0.8613739013671875,0.013743075000093086
U-Net,830444_sat_24.jpg,0.46992629269116076,0.6393875598086124,0.5661349360567581,0.7344139285400241,0.5687408447265625,0.013743075000093086
U-Net,830444_sat_25.jpg,0.7823286116906409,0.8778724715063149,1.0,0.7823286116906409,0.818511962890625,0.013743075000093086
U-Net,830444_sat_34.jpg,0.4061733672298589,0.5777002703870214,0.45887555917039446,0.7795673388315557,0.5972442626953125,0.013743075000093086
U-Net,830444_sat_35.jpg,0.9624485760755175,0.9808650150723555,0.9958259090609121,0.9663470005283297,0.9640655517578125,0.013743075000093086
U-Net,830444_sat_36.jpg,0.0,0.0,0.0,0.0,0.999755859375,0.013743075000093086
U-Net,830444_sat_43.jpg,0.12405016371162043,0.22071997801593846,0.12875921769798013,0.7723076923076924,0.567291259765625,0.013743075000093086
U-Net,830444_sat_44.jpg,0.904562724970004,0.9498901906570186,0.9339952165459332,0.9663355408388521,0.9126129150390625,0.013795462498819688
U-Net,830444_sat_45.jpg,0.9349810527607738,0.9663981478544924,0.9929613034623218,0.9412191694080217,0.935333251953125,0.013795462498819688
U-Net,830444_sat_46.jpg,0.0,0.0,0.0,0.0,0.999725341796875,0.013795462498819688
U-Net,830444_sat_53.jpg,0.1677406523468576,0.28729093572231496,0.17262270252568668,0.8557224025974026,0.6807403564453125,0.013795462498819688
U-Net,830444_sat_54.jpg,0.7497454215036581,0.8569765776090538,0.8572068279926203,0.8567464508852647,0.756256103515625,0.013795462498819688
U-Net,830444_sat_55.jpg,0.924624318029544,0.9608361583794044,0.9893319223022565,0.9339359662267769,0.9279022216796875,0.013795462498819688
U-Net,830444_sat_63.jpg,0.03986625514403292,0.07667573583972298,0.042237620678916225,0.41523153463451973,0.6012725830078125,0.013795462498819688
U-Net,830444_sat_64.jpg,0.8173780646054294,0.8995135140281229,0.9618454271520482,0.8447686998193945,0.8389434814453125,0.013795462498819688
U-Net,830444_sat_65.jpg,0.9665109034267912,0.982970297029703,0.9959338719169654,0.9703398665554629,0.9704742431640625,0.01375898750120541
U-Net,830444_sat_73.jpg,0.025265078815719096,0.049284969005094215,0.025265078815719096,1.0,0.52728271484375,0.01375898750120541
U-Net,830444_sat_74.jpg,0.9633734121532976,0.9813450729138006,0.9826660579057576,0.9800276347192564,0.9637908935546875,0.01375898750120541
U-Net,830444_sat_75.jpg,0.9533947614414621,0.9761414131549392,0.9999599823922526,0.9534311387526947,0.9627227783203125,0.01375898750120541
U-Net,830444_sat_83.jpg,0.016397675919948354,0.032266260162601625,0.016469977953572818,0.7888198757763976,0.651275634765625,0.01375898750120541
U-Net,830444_sat_84.jpg,0.9537214625997649,0.9763126227120147,0.9607204624421558,0.9924192432119232,0.954345703125,0.01375898750120541
U-Net,830444_sat_85.jpg,0.8523618690313779,0.920297360123363,0.9998249693696397,0.8524890736595245,0.894317626953125,0.01375898750120541
U-Net,838669_sat_08.jpg,0.3550498753117207,0.5240395675178284,0.4054823780704877,0.7405721716514955,0.9684295654296875,0.01375898750120541
U-Net,838669_sat_18.jpg,0.14035087719298245,0.24615384615384617,0.2,0.32,0.9932708740234375,0.013795987499179319
U-Net,838669_sat_25.jpg,0.14783987316686484,0.2575966850828729,0.1842885375494071,0.42775229357798167,0.93438720703125,0.013795987499179319
U-Net,838669_sat_35.jpg,0.3616636528028933,0.5312084993359893,0.9009009009009009,0.3766478342749529,0.7576141357421875,0.013795987499179319
U-Net,838669_sat_36.jpg,0.2030729359496483,0.33759039852284967,0.7059202059202059,0.221840242669363,0.5401763916015625,0.013795987499179319
U-Net,838669_sat_37.jpg,0.1546218487394958,0.2678311499272198,0.1947347532742426,0.42877949315467523,0.877197265625,0.013795987499179319
U-Net,838669_sat_44.jpg,0.004346626190147647,0.008655629594009754,0.004390243902439025,0.30434782608695654,0.7798004150390625,0.013795987499179319
U-Net,838669_sat_45.jpg,0.5170128393555364,0.6816195960149894,0.9090199902486592,0.5452259102207925,0.7342376708984375,0.013795987499179319
U-Net,838669_sat_46.jpg,0.4490869846071434,0.6198206034248437,0.9799566816791007,0.45325022261798753,0.4664459228515625,0.013795987499179319
U-Net,838669_sat_47.jpg,0.21644467213114754,0.355864392503685,0.43392673741869225,0.30160618679357526,0.8599700927734375,0.013730737500736723
U-Net,838669_sat_54.jpg,0.012842304060434372,0.025358940891292186,0.014795474325500435,0.08865710560625815,0.9202423095703125,0.013730737500736723
U-Net,838669_sat_55.jpg,0.647565088806553,0.7860874125168915,0.9675537460900651,0.6619395380434783,0.67633056640625,0.013730737500736723
U-Net,838669_sat_56.jpg,0.7058063898986034,0.8275339969157437,0.8934972148219908,0.7706407645307849,0.9061431884765625,0.013730737500736723
U-Net,838669_sat_64.jpg,0.8050559552358113,0.8920011071132024,0.9084451460142068,0.8761418007829491,0.9702301025390625,0.013730737500736723
U-Net,838669_sat_65.jpg,0.8841389930369576,0.9385071868947995,0.9872163869472582,0.8943785980358957,0.894378662109375,0.013730737500736723
U-Net,838669_sat_66.jpg,0.534808886899099,0.6969061639714864,0.8066939602414215,0.613421914115155,0.7463226318359375,0.013730737500736723
U-Net,838669_sat_67.jpg,0.6034335009140768,0.7526766786026046,0.6589413269284756,0.8775027000083078,0.7881622314453125,0.013730737500736723
U-Net,838669_sat_68.jpg,0.1905889783672825,0.320159151193634,0.2004983388704319,0.7940789473684211,0.921783447265625,0.013551874999393476
U-Net,838669_sat_74.jpg,0.5511094943615861,0.7106003752345216,0.5663551401869159,0.9534298300818125,0.96234130859375,0.013551874999393476
U-Net,838669_sat_75.jpg,0.6466759352881699,0.7854319376750969,0.867607783288821,0.7174758983347941,0.829376220703125,0.013551874999393476
U-Net,838669_sat_76.jpg,0.34492815015152006,0.5129317132854426,0.9963761295180723,0.3453614133537789,0.3864898681640625,0.013551874999393476
U-Net,838669_sat_78.jpg,0.560324578261798,0.7182154098809361,0.6102325581395349,0.8726305287662122,0.811492919921875,0.013551874999393476
U-Net,838669_sat_85.jpg,0.8294408634387648,0.9067698005604627,0.8375514652458222,0.9884597520454464,0.9131927490234375,0.013551874999393476
U-Net,838669_sat_88.jpg,0.7079462405549362,0.8290029554149366,0.9897822227994978,0.7131582231095582,0.712188720703125,0.013551874999393476
U-Net,839641_sat_08.jpg,0.8510715660692133,0.9195447455081172,0.8742008480348001,0.9698498586331286,0.8937530517578125,0.013551874999393476
U-Net,839641_sat_18.jpg,0.6589693688979018,0.7944322315434588,0.8625495023011881,0.7362862259255198,0.6818084716796875,0.013728674999583745
U-Net,839641_sat_28.jpg,0.4710867952522255,0.6404609119905196,0.6575629708250278,0.6242258920672368,0.5648345947265625,0.013728674999583745
U-Net,839641_sat_34.jpg,0.48328248454979267,0.6516391713429813,0.7107291594763121,0.6016204740665719,0.496063232421875,0.013728674999583745
U-Net,839641_sat_35.jpg,0.6196647190868132,0.7651765353463867,0.6770983734887361,0.8795959413346591,0.635467529296875,0.013728674999583745
U-Net,839641_sat_36.jpg,0.9399036550660583,0.9690209641200479,0.9772704731047708,0.9609095637474807,0.94232177734375,0.013728674999583745
U-Net,839641_sat_38.jpg,0.5908422801635992,0.7428043465161588,0.6873211166040962,0.8080318126201713,0.8046112060546875,0.013728674999583745
U-Net,839641_sat_44.jpg,0.3982506152947217,0.5696412516303866,0.4371622934888241,0.8173262109815037,0.4814300537109375,0.013728674999583745
U-Net,839641_sat_46.jpg,0.027865216769208757,0.05421959283104228,0.028258424928356368,0.6669520547945206,0.170623779296875,0.013728674999583745
U-Net,839641_sat_47.jpg,0.4542234696605186,0.624695556270392,0.471577243293247,0.9250555731978406,0.6261444091796875,0.013839149996783817
U-Net,839641_sat_48.jpg,0.19580385340416676,0.327484901218139,0.19896512264291755,0.9249450676535215,0.4987640380859375,0.013839149996783817
U-Net,839641_sat_53.jpg,0.7140070592606353,0.8331436622771365,0.7924088734949695,0.8782934576449349,0.7650909423828125,0.013839149996783817
U-Net,839641_sat_54.jpg,0.25947644361630223,0.4120385814779897,0.2721489883507051,0.8478481466006088,0.3814544677734375,0.013839149996783817
U-Net,839641_sat_63.jpg,0.8472634492879298,0.9173173968385798,0.9259185012392477,0.9088746176275916,0.8602447509765625,0.013839149996783817
U-Net,839641_sat_64.jpg,0.0962867538255314,0.1756597961063296,0.1013003663003663,0.660496775734416,0.2078857421875,0.013839149996783817
U-Net,839641_sat_73.jpg,0.6846202134337728,0.8127887911760322,0.9272683104579132,0.7234699873012262,0.731689453125,0.013839149996783817
U-Net,839641_sat_81.jpg,0.9490605895720642,0.9738646347371274,0.9746889535361504,0.9730417090539166,0.9514312744140625,0.013839149996783817
U-Net,839641_sat_82.jpg,0.5903327495621716,0.7424015505241829,0.8693678590771929,0.647794753531277,0.64306640625,0.013745012500294251
U-Net,839641_sat_83.jpg,0.5006704272239689,0.667262335741685,0.5834478299523155,0.7791969489817946,0.6704254150390625,0.013745012500294251
U-Net,841621_sat_43.jpg,0.020153714773697696,0.039511133433785366,0.029364190618389945,0.060373497058071116,0.824920654296875,0.013745012500294251
U-Net,841621_sat_50.jpg,0.00026939655172413793,0.0005386479935362241,0.00031298904538341156,0.0019305019305019305,0.9433746337890625,0.013745012500294251
U-Net,841621_sat_52.jpg,0.12646894236149972,0.2245404868355688,0.16923406076166025,0.33354417035631456,0.8332672119140625,0.013745012500294251
U-Net,841621_sat_53.jpg,0.2913650063698226,0.4512512030798845,0.6877658794190993,0.33578027644489006,0.652008056640625,0.013745012500294251
U-Net,841621_sat_60.jpg,0.12246719813984389,0.2182107385281225,0.6389039315498755,0.13157425168398984,0.3550262451171875,0.013745012500294251
U-Net,841621_sat_61.jpg,0.493858820353624,0.661185399349476,0.9709433461589492,0.5012672100828824,0.7711181640625,0.013745012500294251
U-Net,841621_sat_62.jpg,0.3450047755491882,0.5130164320915765,0.9915454295909965,0.34602268373055406,0.4767913818359375,0.013768999997409992
U-Net,841621_sat_63.jpg,0.5949913455007559,0.7460747008805307,0.9509402248135308,0.6138336347197106,0.7179412841796875,0.013768999997409992
U-Net,841621_sat_71.jpg,0.4879316678912564,0.6558522523857141,0.8628552866655839,0.5289537615994265,0.5746307373046875,0.013768999997409992
U-Net,841621_sat_72.jpg,0.34982966218500505,0.5183315672863886,0.7494150417827298,0.39617140332793405,0.6185150146484375,0.013768999997409992
U-Net,841621_sat_73.jpg,0.0,0.0,0.0,0.0,0.969146728515625,0.013768999997409992
U-Net,841621_sat_80.jpg,0.14992961051149695,0.2607631095694756,0.23170643266371746,0.2981522956326988,0.7235870361328125,0.013768999997409992
U-Net,841621_sat_81.jpg,0.011276681433749497,0.022301871764237355,0.012706336150660844,0.09109394062627084,0.7003173828125,0.013768999997409992
U-Net,848728_sat_50.jpg,0.2684922295277944,0.42332498895597115,0.4083522727272727,0.43943748089269336,0.7012176513671875,0.013768999997409992
U-Net,848728_sat_51.jpg,0.5103095332278481,0.6757681415639477,0.979639297579497,0.5157800044978635,0.6977691650390625,0.013680399999429937
U-Net,848728_sat_52.jpg,0.4534904521264702,0.6240019691398858,0.7076166218903737,0.5580595454295306,0.6270599365234375,0.013680399999429937
U-Net,848728_sat_53.jpg,0.5300881563817554,0.6928857715430862,0.781245586781528,0.6224822774839653,0.7755126953125,0.013680399999429937
U-Net,848728_sat_54.jpg,0.4155832265152902,0.5871547765345062,0.5900936037441498,0.5842450765864332,0.9026031494140625,0.013680399999429937
U-Net,848728_sat_55.jpg,0.5472327520849128,0.7073696589572717,0.7562866722548198,0.6643961708394698,0.954437255859375,0.013680399999429937
U-Net,848728_sat_56.jpg,0.21926605504587157,0.35966892400300976,0.27764869888475835,0.5104656129859034,0.9350738525390625,0.013680399999429937
U-Net,848728_sat_57.jpg,0.12073657474600871,0.21545932820720357,0.14586301369863014,0.4120743034055728,0.8520965576171875,0.013680399999429937
U-Net,848728_sat_66.jpg,0.4766375112576514,0.6455714521998015,0.9999039323683874,0.4766593393173353,0.476837158203125,0.013680399999429937
U-Net,848728_sat_67.jpg,0.45703966642382154,0.6273537734845422,0.9660561580551096,0.46449895237645134,0.46551513671875,0.01365508749950095
U-Net,848728_sat_68.jpg,0.3263396338519811,0.4920906011143153,0.95532123056854,0.3313975412927068,0.446380615234375,0.01365508749950095
U-Net,848728_sat_76.jpg,0.19715738688225323,0.3293758849798497,0.5650224215246636,0.23243658724058416,0.436309814453125,0.01365508749950095
U-Net,848728_sat_77.jpg,0.22831318229839184,0.37175076452599387,0.6092881196648132,0.26747344174373433,0.5987548828125,0.01365508749950095
U-Net,848728_sat_80.jpg,0.6129993750300466,0.7600739151168335,0.9810473943372999,0.620345744680851,0.631500244140625,0.01365508749950095
U-Net,848728_sat_86.jpg,0.4458744161909704,0.6167540018663412,0.8573709419904204,0.48159635290161057,0.7555999755859375,0.01365508749950095
U-Net,848728_sat_87.jpg,0.3281947972321976,0.49419678185175414,0.8841434638980651,0.342943437671609,0.5318603515625,0.01365508749950095
U-Net,848728_sat_88.jpg,0.37038852800588307,0.5405598783650837,0.7670537470651692,0.4173312618677715,0.68646240234375,0.01365508749950095
U-Net,849797_sat_48.jpg,0.027629911280101394,0.053774050320670945,0.05124588622472966,0.05656460819927348,0.765869140625,0.013609512498078402
U-Net,849797_sat_58.jpg,0.04312711044410655,0.08268812115475627,0.23600605143721634,0.050125083197539645,0.2606048583984375,0.013609512498078402
U-Net,849797_sat_67.jpg,0.04635186140603362,0.08859708309544817,0.054342289570864635,0.2396798652064027,0.464111328125,0.013609512498078402
U-Net,849797_sat_68.jpg,0.2032754857517896,0.3378702353015792,0.9825156768720029,0.20401348039215686,0.2035064697265625,0.013609512498078402
U-Net,849797_sat_77.jpg,0.12814070351758794,0.22717149220489977,0.17727978699800312,0.31614349775784756,0.502288818359375,0.013609512498078402
U-Net,849797_sat_78.jpg,0.15014482660377657,0.2610885570769972,0.9774343122102009,0.15066709021601016,0.1807098388671875,0.013609512498078402
U-Net,849797_sat_88.jpg,0.022872140982377203,0.04472140762463343,0.02381350733366795,0.3665236051502146,0.44329833984375,0.013609512498078402
U-Net,850510_sat_00.jpg,0.9116795744347962,0.9537995662315342,0.9818855842952229,0.9272756206238065,0.9138641357421875,0.013609512498078402
U-Net,850510_sat_02.jpg,0.9813402363672784,0.9905822517050713,0.9932161626873353,0.9879622735170017,0.9815216064453125,0.013729924998187926
U-Net,850510_sat_03.jpg,0.9735778914542913,0.9866120771517972,0.9964467084885933,0.9769696782845956,0.9737548828125,0.013729924998187926
U-Net,850510_sat_11.jpg,0.8391131588305323,0.912519335530298,0.8396843815270364,0.999189940534271,0.841217041015625,0.013729924998187926
U-Net,850510_sat_12.jpg,0.8337805890997381,0.9093569798435567,0.8684035402941372,0.9543642812739972,0.841217041015625,0.013729924998187926
U-Net,850510_sat_13.jpg,0.9949269012590509,0.9974570001849454,0.9992434535573123,0.9956769230769231,0.994964599609375,0.013729924998187926
U-Net,850510_sat_20.jpg,0.9637043383441078,0.9815167380612407,0.9974364762027602,0.9660971953276282,0.964447021484375,0.013729924998187926
U-Net,850510_sat_22.jpg,0.9098364641242159,0.9527899181058259,0.9747864138362159,0.9317642372234302,0.9151153564453125,0.013729924998187926
U-Net,850510_sat_23.jpg,0.8659484308789267,0.9281590172039587,0.9867260579064588,0.8761549170991014,0.8691864013671875,0.013729924998187926
U-Net,850510_sat_24.jpg,0.9956357199536104,0.997813087828228,0.9963046665037869,0.9993260836268953,0.995635986328125,0.013684524998097913
U-Net,850510_sat_25.jpg,0.9543463896614779,0.9766399597430474,0.9660589845694375,0.9874552826138803,0.9546661376953125,0.013684524998097913
U-Net,850510_sat_26.jpg,0.9843045142021591,0.9920901828900229,0.9891049488854847,0.9950934910125965,0.9846038818359375,0.013684524998097913
U-Net,850510_sat_27.jpg,0.9828934506353861,0.9913729356667488,0.9987738821374804,0.9840808649243803,0.98291015625,0.013684524998097913
U-Net,850510_sat_30.jpg,0.9066022799240026,0.9510135275408774,0.9489410360942627,0.9530950914629072,0.9099884033203125,0.013684524998097913
U-Net,850510_sat_31.jpg,0.9804899064500247,0.9901488548432207,0.9958119764970621,0.9845497806068846,0.98065185546875,0.013684524998097913
U-Net,850510_sat_32.jpg,0.9591156452038017,0.9791312192844311,0.9764343777128877,0.9818429990794527,0.9597625732421875,0.013684524998097913
U-Net,850510_sat_34.jpg,0.929986665620833,0.9637234103083063,0.9402379064234734,0.9884122246861297,0.9319000244140625,0.013684524998097913
U-Net,850510_sat_35.jpg,0.7675740680004373,0.8685056902523504,0.7904496911991765,0.9636666666666667,0.772918701171875,0.013593774998298613
U-Net,850510_sat_36.jpg,0.9904929040134289,0.995223747862953,0.9980932170810844,0.9923707305140201,0.9904937744140625,0.013593774998298613
U-Net,850510_sat_37.jpg,0.9845491582750403,0.9922144323507767,0.9944562634905353,0.9899826861241652,0.9846649169921875,0.013593774998298613
U-Net,850510_sat_40.jpg,0.9453358842225446,0.9718999087916882,0.968818683490663,0.9750007956462239,0.9459381103515625,0.013593774998298613
U-Net,850510_sat_41.jpg,0.9248386129393753,0.9609518499081606,0.953306759944684,0.9687205515234678,0.927337646484375,0.013593774998298613
U-Net,850510_sat_42.jpg,0.9654685750226272,0.9824309452635358,0.9989682703449152,0.9664322348822211,0.9656524658203125,0.013593774998298613
U-Net,850510_sat_46.jpg,0.9181451119539948,0.9573260190087389,0.9531612206662221,0.9615273729057885,0.9183349609375,0.013593774998298613
U-Net,850510_sat_50.jpg,0.5571663861287578,0.7156157377811356,0.5609227237113026,0.9881235154394299,0.6266632080078125,0.013593774998298613
U-Net,850510_sat_51.jpg,0.9763942891392214,0.9880561733099019,0.9942099744925903,0.9819780831233867,0.9765625,0.013334000002942048
U-Net,850510_sat_52.jpg,0.9516993784497619,0.9752520177627954,0.977485745845584,0.9730284753326973,0.953399658203125,0.013334000002942048
U-Net,850510_sat_54.jpg,0.9548258401104803,0.9768909541900844,1.0,0.9548258401104803,0.955078125,0.013334000002942048
U-Net,850510_sat_55.jpg,0.9561919240494547,0.977605430524496,0.9931522299561742,0.9625378681407915,0.9569091796875,0.013334000002942048
U-Net,850510_sat_58.jpg,0.9297144602229348,0.963577233199079,1.0,0.9297144602229348,0.9297637939453125,0.013334000002942048
U-Net,850510_sat_60.jpg,0.6262607938466004,0.7701849496910068,0.6361157177077575,0.9758593396653098,0.685638427734375,0.013334000002942048
U-Net,850510_sat_64.jpg,0.9596266617543213,0.9793974336879377,0.991970548097369,0.9671390556346309,0.959869384765625,0.013334000002942048
U-Net,850510_sat_70.jpg,0.8526639212405894,0.9204733912771667,0.9364510087982757,0.905031843871122,0.8602447509765625,0.013334000002942048
U-Net,850510_sat_71.jpg,0.9505767822265625,0.9746622546603773,0.9983653584192055,0.952058562826665,0.9505767822265625,0.013488624997989973
U-Net,850510_sat_72.jpg,0.8608832227773229,0.9252415328807959,0.8821827272104651,0.9727193777375018,0.872955322265625,0.013488624997989973
U-Net,850510_sat_74.jpg,0.8602797555289522,0.9248928855696117,0.9818776743015354,0.8741596773160893,0.864654541015625,0.013488624997989973
U-Net,850510_sat_75.jpg,0.9422051838162296,0.9702426825624008,0.9486237121328618,0.9928700186699285,0.9422607421875,0.013488624997989973
U-Net,850510_sat_76.jpg,0.9215076288144072,0.9591506325509498,0.9291039483016786,0.9912056499075164,0.9233856201171875,0.013488624997989973
U-Net,850510_sat_77.jpg,0.9841855392314108,0.9920297469889258,0.99873046875,0.9854183394893207,0.984954833984375,0.013488624997989973
U-Net,850510_sat_82.jpg,0.8116737219146858,0.8960484573975718,0.8387254159726779,0.961781842034186,0.8235015869140625,0.013488624997989973
U-Net,850510_sat_83.jpg,0.9229126332933837,0.959911144494075,0.9912697626827739,0.9304757331185227,0.9234466552734375,0.013488624997989973
U-Net,850510_sat_84.jpg,0.9145516205460148,0.9553689863793717,0.9957847881434521,0.9181059275265441,0.915802001953125,0.013584700001956662
U-Net,850510_sat_85.jpg,0.9463448368923524,0.9724328587151511,0.9921484022705972,0.9534856055198667,0.9514617919921875,0.013584700001956662
U-Net,850510_sat_86.jpg,0.891884452464331,0.9428529858708655,0.9370812513054516,0.9486962603900646,0.892120361328125,0.013584700001956662
U-Net,850510_sat_87.jpg,0.9168361581920904,0.9566140061306295,0.9329807155294195,0.9814757214446173,0.92138671875,0.013584700001956662
U-Net,850510_sat_88.jpg,0.9824178174263718,0.9911309399970719,0.997502869373701,0.9848399001577263,0.9824371337890625,0.013584700001956662
U-Net,855_sat_01.jpg,0.9563341306692932,0.9776797487473329,1.0,0.9563341306692932,0.9573822021484375,0.013584700001956662
U-Net,855_sat_02.jpg,0.2792501616031028,0.43658413340070745,1.0,0.2792501616031028,0.965972900390625,0.013584700001956662
U-Net,855_sat_12.jpg,0.7968558093834439,0.8869446343130554,0.9994608333975198,0.797198500952264,0.94952392578125,0.013584700001956662
U-Net,855_sat_22.jpg,0.7887399243296594,0.8818944706288079,0.9849527526705012,0.7983599050909544,0.9216156005859375,0.013629749999381602
U-Net,855_sat_32.jpg,0.8167558727326791,0.8991366258848562,0.9992723965438836,0.8172418922939602,0.924774169921875,0.013629749999381602
U-Net,855_sat_41.jpg,0.8814269364486385,0.9369770564807695,0.9981171292334026,0.8828949645267348,0.9162139892578125,0.013629749999381602
U-Net,855_sat_42.jpg,0.2323682256867112,0.37710843373493974,1.0,0.2323682256867112,0.96844482421875,0.013629749999381602
U-Net,855_sat_50.jpg,0.8525718339836822,0.9204197303921569,0.9916380140283317,0.8587456230199376,0.904876708984375,0.013629749999381602
U-Net,855_sat_51.jpg,0.6531531531531531,0.7901907356948229,0.9707112970711297,0.6662837449741528,0.9906005859375,0.013629749999381602
U-Net,855_sat_60.jpg,0.26108374384236455,0.4140625,0.8983050847457628,0.26903553299492383,0.99542236328125,0.013629749999381602
U-Net,858771_sat_00.jpg,0.9704768735509482,0.9850172682332228,0.9930534220856801,0.97711013334229,0.972991943359375,0.013629749999381602
U-Net,858771_sat_06.jpg,0.9750231267345051,0.9873536299765808,1.0,0.9750231267345051,0.97528076171875,0.013544012501370162
U-Net,858771_sat_07.jpg,0.9771194080890353,0.9884273090348753,0.9995706721366217,0.9775296624006717,0.9775390625,0.013544012501370162
U-Net,858771_sat_11.jpg,0.8148473709445421,0.8979789529302981,0.999901941557168,0.8149124910093503,0.8232269287109375,0.013544012501370162
U-Net,858771_sat_12.jpg,0.8545454545454545,0.9215686274509803,1.0,0.8545454545454545,0.857421875,0.013544012501370162
U-Net,858771_sat_14.jpg,0.9626877371209983,0.980989200587897,0.9888085538075071,0.9732925456879745,0.96368408203125,0.013544012501370162
U-Net,858771_sat_20.jpg,0.6722591554899783,0.8040131259356195,0.7288446329714573,0.8964693918157097,0.6983489990234375,0.013544012501370162
U-Net,858771_sat_22.jpg,0.9682358915957463,0.9838616354168296,0.9971155522449562,0.9709554454681544,0.968505859375,0.013544012501370162
U-Net,858771_sat_23.jpg,0.9029407655769768,0.9489951362760393,0.9610780669144982,0.9372122530360704,0.915191650390625,0.013544012501370162
U-Net,858771_sat_30.jpg,0.8005759656373044,0.8892443095050918,0.8511355970317067,0.9309255335250491,0.8129730224609375,0.013756412499787984
U-Net,858771_sat_40.jpg,0.7060375979536319,0.827692893521824,0.8128549725371041,0.8430825919371652,0.779052734375,0.013756412499787984
U-Net,858771_sat_41.jpg,0.7252831110161473,0.8407699656770815,0.9976906281491434,0.7265027823640923,0.725341796875,0.013756412499787984
U-Net,858771_sat_50.jpg,0.9111121326346112,0.9534889314721423,0.9877242524916944,0.9215473552066705,0.9114837646484375,0.013756412499787984
U-Net,858771_sat_60.jpg,0.9398565526562332,0.9689959305179485,0.9904507566561463,0.9484508919576572,0.94024658203125,0.013756412499787984
U-Net,858771_sat_78.jpg,0.9482627015144114,0.9734443930762661,0.9919513246778134,0.9556153846153846,0.9482879638671875,0.013756412499787984
U-Net,858771_sat_80.jpg,0.9505540683558489,0.9746503147765445,0.9940107091125108,0.956029678792812,0.9515228271484375,0.013756412499787984
U-Net,858771_sat_82.jpg,0.8589271882261813,0.9241106307620188,0.9906197654941373,0.8659703240921515,0.866607666015625,0.013756412499787984
U-Net,858771_sat_83.jpg,0.8505587232676521,0.9192453204249202,0.9992098410703062,0.8511312009545225,0.850830078125,0.01373165000040899
U-Net,861353_sat_02.jpg,0.9564294492235504,0.9777295568752855,0.9974533954727031,0.9587706386791245,0.958343505859375,0.01373165000040899
U-Net,861353_sat_03.jpg,0.9716541810083013,0.9856233312795235,0.990897671937643,0.9804048417576057,0.974365234375,0.01373165000040899
U-Net,861353_sat_04.jpg,0.8155533190757748,0.898407455740204,0.8313101089976491,0.9772870028391246,0.8657684326171875,0.01373165000040899
U-Net,861353_sat_14.jpg,0.995517484879187,0.9977537079204875,0.9999691605501758,0.9955480503530857,0.99554443359375,0.01373165000040899
U-Net,861353_sat_15.jpg,0.9300810680219761,0.9637740957432013,0.9382582322357019,0.9907165595989249,0.9403839111328125,0.01373165000040899
U-Net,861353_sat_16.jpg,0.2566280233797268,0.4084391221668294,0.26976475779897485,0.8405076679005817,0.64874267578125,0.01373165000040899
U-Net,861353_sat_25.jpg,0.9514108023651237,0.9751004772670183,0.9918239596308007,0.958931604137718,0.975799560546875,0.01373165000040899
U-Net,861353_sat_35.jpg,0.6945468767460051,0.8197434798377791,0.7742759265026472,0.8708841249824857,0.9165802001953125,0.013484425002388889
U-Net,861353_sat_44.jpg,0.9491476451892517,0.9739104654610139,0.9491476451892517,1.0,0.95166015625,0.013484425002388889
U-Net,861353_sat_45.jpg,0.23329685439290626,0.37833041341493934,0.23330994808474814,0.9997594997594997,0.5830841064453125,0.013484425002388889
U-Net,861353_sat_53.jpg,0.9050093405127078,0.9501363812411929,0.9050519639549123,0.999947964546511,0.9076690673828125,0.013484425002388889
U-Net,861353_sat_54.jpg,0.30288396595974604,0.46494388429537853,0.306684903402291,0.9606898029134533,0.6850128173828125,0.013484425002388889
U-Net,861353_sat_63.jpg,0.8201886646563056,0.9012128034663665,0.826435012952611,0.9908689661614628,0.858062744140625,0.013484425002388889
U-Net,861353_sat_72.jpg,0.756681569796324,0.86148973474351,0.7622860574517065,0.9903771131339402,0.775787353515625,0.013484425002388889
U-Net,861353_sat_73.jpg,0.4867283254380029,0.6547643131701396,0.5040295892544286,0.9341222310412006,0.79168701171875,0.013484425002388889
U-Net,861353_sat_80.jpg,0.9440033503760448,0.9711951887258202,0.9778749864430064,0.9646060303478773,0.9510345458984375,0.013654437501827488
U-Net,861353_sat_81.jpg,0.8358321242409587,0.9105757691069285,0.9536480686695279,0.8712261244608749,0.906768798828125,0.013654437501827488
U-Net,861353_sat_82.jpg,0.32443666593743165,0.4899240171787248,0.3345615882087532,0.9146792763157895,0.858642578125,0.013654437501827488
U-Net,866782_sat_00.jpg,0.8705462817793354,0.9307936299242362,0.9892923893867142,0.8788269066645977,0.871490478515625,0.013654437501827488
U-Net,866782_sat_01.jpg,0.4763345035556756,0.6452934648732364,0.5156801216208314,0.8619364086525931,0.5561676025390625,0.013654437501827488
U-Net,866782_sat_02.jpg,0.9845428466796875,0.9922112272122652,0.999969004261914,0.9845728934598834,0.9845428466796875,0.013654437501827488
U-Net,866782_sat_07.jpg,0.9551287160277357,0.977049447637683,0.9857695155054701,0.9684823016001293,0.9570465087890625,0.013654437501827488
U-Net,866782_sat_08.jpg,0.9820253669309694,0.9909311791014749,0.9899047677941994,0.9919597211463982,0.98211669921875,0.013654437501827488
U-Net,866782_sat_10.jpg,0.8455247540850337,0.9162973861103525,0.9262775412785209,0.9065300003486386,0.8550262451171875,0.013546562498959247
U-Net,866782_sat_11.jpg,0.779619408796939,0.8761642011130666,0.8716448987317812,0.8807306110739218,0.8013763427734375,0.013546562498959247
U-Net,866782_sat_12.jpg,0.7348784533911823,0.8471814863510568,0.9864043163619235,0.7423981178593874,0.7463836669921875,0.013546562498959247
U-Net,866782_sat_13.jpg,0.8285968722171012,0.9062652187657527,1.0,0.8285968722171012,0.8325958251953125,0.013546562498959247
U-Net,866782_sat_14.jpg,0.8869611657892729,0.9400947744658829,0.9995700921722382,0.8872996489085636,0.886962890625,0.013546562498959247
U-Net,866782_sat_16.jpg,0.8519815130437453,0.9200756131129056,0.9981291935744995,0.8533442012826231,0.8529052734375,0.013546562498959247
U-Net,866782_sat_17.jpg,0.888897920697111,0.9411815333769408,0.9832401230016724,0.9025734990673335,0.895721435546875,0.013546562498959247
U-Net,866782_sat_18.jpg,0.8318061289564663,0.9081814017407238,0.9489202021749119,0.8707965845602446,0.847076416015625,0.013546562498959247
U-Net,866782_sat_20.jpg,0.8647757255936676,0.9274849663954722,0.9639199621868599,0.8937040463553586,0.868621826171875,0.014624412498960737
U-Net,866782_sat_21.jpg,0.7818267328338361,0.8775564070591876,0.9714659949622166,0.8002025030707433,0.7947235107421875,0.014624412498960737
U-Net,866782_sat_22.jpg,0.4337147779008244,0.6050223999725365,0.5296309652602477,0.7054396989953168,0.6488800048828125,0.014624412498960737
U-Net,866782_sat_23.jpg,0.5576908498218482,0.7160481810439226,0.7466632834306014,0.6878447872837775,0.8219451904296875,0.014624412498960737
U-Net,866782_sat_24.jpg,0.8444976806640625,0.9156939469395521,0.9993860488632875,0.8449360324875577,0.8444976806640625,0.014624412498960737
U-Net,866782_sat_25.jpg,0.72056596106247,0.8375917894104007,0.9123438888629029,0.7741615399880929,0.7691650390625,0.014624412498960737
U-Net,866782_sat_26.jpg,0.7549591363131873,0.8603723251348212,0.8702286525086647,0.8507367655084591,0.8147125244140625,0.014624412498960737
U-Net,866782_sat_27.jpg,0.92069588793493,0.9587107399129514,0.9671950495888785,0.9503739859068117,0.925018310546875,0.014624412498960737
U-Net,866782_sat_30.jpg,0.0018445853036858169,0.0036823781467595074,0.0019580618747552423,0.030846887268648347,0.545867919921875,0.013838099999702536
U-Net,866782_sat_31.jpg,0.09531552241316475,0.17404212843285302,0.10076462568905221,0.6380183899418277,0.5075836181640625,0.013838099999702536
U-Net,866782_sat_32.jpg,0.37014902791436566,0.5403047703180212,0.4567561260210035,0.661260896006487,0.74591064453125,0.013838099999702536
U-Net,866782_sat_33.jpg,0.4119507814384902,0.5835200303778242,0.720406919506821,0.49034749034749037,0.665283203125,0.013838099999702536
U-Net,866782_sat_34.jpg,0.7793788656402159,0.876012276744444,0.9714988722575354,0.7976162418773779,0.79534912109375,0.013838099999702536
U-Net,866782_sat_35.jpg,0.5488039794201556,0.7086810038099436,0.6113872816668025,0.8428009736004494,0.7176513671875,0.013838099999702536
U-Net,866782_sat_36.jpg,0.7469971401334604,0.8551784350103678,0.9462853830547773,0.7800740652251822,0.8987579345703125,0.013838099999702536
U-Net,866782_sat_46.jpg,0.16850842542127106,0.2884162779750952,0.18601313683280896,0.6416603198781416,0.7462615966796875,0.013838099999702536
U-Net,866782_sat_47.jpg,0.554413710347374,0.713341250989707,0.6244455225949542,0.8317485228951256,0.779022216796875,0.013800437496684026
U-Net,866782_sat_48.jpg,0.7119392185238784,0.8317342237626273,0.9436381074168798,0.7435574476660705,0.8177642822265625,0.013800437496684026
U-Net,866782_sat_50.jpg,0.7083855548106911,0.8293040792998141,0.8220809092139089,0.8366553065510001,0.8473358154296875,0.013800437496684026
U-Net,866782_sat_51.jpg,0.4001396648044693,0.571571072319202,0.5624665357844012,0.5809752050880266,0.8558197021484375,0.013800437496684026
U-Net,866782_sat_52.jpg,0.0,0.0,0.0,0.0,0.9008941650390625,0.013800437496684026
U-Net,866782_sat_58.jpg,0.004122497055359246,0.008211143695014663,0.004297642436149313,0.09186351706036745,0.8709869384765625,0.013800437496684026
U-Net,866782_sat_60.jpg,0.834894595392335,0.910019134056928,0.9768257661129085,0.8517655635856473,0.83782958984375,0.013800437496684026
U-Net,866782_sat_61.jpg,0.6041844307595137,0.7532605592905023,0.8784177781859087,0.6593203983871524,0.6175079345703125,0.013800437496684026
U-Net,866782_sat_62.jpg,0.2191032193083896,0.3594498248190817,0.23455064592775993,0.7688833616965571,0.3611602783203125,0.013765499999863096
U-Net,866782_sat_63.jpg,0.018979297270514228,0.03725158562367865,0.019015756529246707,0.9082474226804124,0.305145263671875,0.013765499999863096
U-Net,866782_sat_64.jpg,0.6699393662632874,0.8023517258142927,0.6886147908626264,0.9610933178046295,0.801483154296875,0.013765499999863096
U-Net,866782_sat_65.jpg,0.6702251488243706,0.8025566484807455,0.8907009634933263,0.7302869981156689,0.84869384765625,0.013765499999863096
U-Net,866782_sat_66.jpg,0.4841353025250119,0.6524139702105803,0.6300843253968254,0.6763844515441959,0.83477783203125,0.013765499999863096
U-Net,866782_sat_67.jpg,0.06941064437625648,0.1298110220639161,0.0893854748603352,0.23699421965317918,0.8657989501953125,0.013765499999863096
U-Net,866782_sat_68.jpg,0.06265984654731457,0.11793020457280386,0.06781645906526136,0.45177304964539006,0.8545989990234375,0.013765499999863096
U-Net,866782_sat_70.jpg,0.8433531822751528,0.9150207246060647,0.986146528493661,0.8534646026702563,0.845458984375,0.013765499999863096
U-Net,866782_sat_71.jpg,0.893274295747767,0.9436290322580645,0.9054539263936608,0.9851648536692149,0.893341064453125,0.013860737501090625
U-Net,866782_sat_73.jpg,0.48190449497249765,0.6503853610099768,0.5403865797124224,0.8166112562336737,0.5487060546875,0.013860737501090625
U-Net,866782_sat_74.jpg,0.7589057241668088,0.8629293926782817,0.9218755887118044,0.8110683859846852,0.762786865234375,0.013860737501090625
U-Net,866782_sat_75.jpg,0.7047158145428454,0.826783923198166,0.9999133542727174,0.7047588512801722,0.704864501953125,0.013860737501090625
U-Net,866782_sat_76.jpg,0.7268790358623453,0.8418412879734409,0.9649338161582683,0.7466006046887119,0.729583740234375,0.013860737501090625
U-Net,866782_sat_77.jpg,0.6543966952734726,0.791100099683529,0.7320747281878593,0.860478335929934,0.6706390380859375,0.013860737501090625
U-Net,866782_sat_78.jpg,0.8141699953848847,0.8975674798459609,0.9009262846476244,0.8942336264005174,0.8218231201171875,0.013860737501090625
U-Net,866782_sat_81.jpg,0.8955005040168617,0.9448697081527082,0.9967021385101825,0.8981617647058824,0.895599365234375,0.013860737501090625
U-Net,866782_sat_82.jpg,0.6305814994882293,0.7734437066606511,0.7849535147618005,0.7622665584038975,0.6475372314453125,0.013882112500141375
U-Net,866782_sat_83.jpg,0.7598066275237951,0.8635114968204328,0.8571482487922706,0.869969929708299,0.7808990478515625,0.013882112500141375
U-Net,866782_sat_84.jpg,0.4936185160610437,0.6609700010452597,0.5615148958842072,0.8032391235312798,0.60406494140625,0.013882112500141375
U-Net,866782_sat_85.jpg,0.0702607889859677,0.13129657688858654,0.07633395656551129,0.46896399381488846,0.5713348388671875,0.013882112500141375
U-Net,866782_sat_86.jpg,0.9100503763863084,0.9529071982992038,0.9459820006371455,0.9599345375196994,0.9283447265625,0.013882112500141375
U-Net,866782_sat_87.jpg,0.8576507568359375,0.9233713642673501,0.9978518676324386,0.8592371780172743,0.8576507568359375,0.013882112500141375
U-Net,866782_sat_88.jpg,0.823419189359382,0.9031595084273212,0.9926309942603222,0.8284835653907373,0.8245697021484375,0.013882112500141375
U-Net,868003_sat_20.jpg,0.8083410811528755,0.8940139551964745,0.8800679644993945,0.9084090527454894,0.8238525390625,0.013882112500141375
U-Net,868003_sat_21.jpg,0.21181480474766695,0.3495827974997757,0.2272797977833949,0.7568635068635069,0.3363037109375,0.013796387498587137
U-Net,868003_sat_31.jpg,0.7382548178150666,0.8494207066177218,0.7753414020695126,0.9391510591314305,0.7515106201171875,0.013796387498587137
U-Net,868003_sat_40.jpg,0.7878499400606446,0.8813378823436606,0.7965989911053278,0.9862511861938075,0.816375732421875,0.013796387498587137
U-Net,868003_sat_41.jpg,0.024472998020797335,0.04777675559644281,0.024489154353976736,0.97375,0.52618408203125,0.013796387498587137
U-Net,868003_sat_50.jpg,0.024258598458724398,0.04736811288717138,0.024344738346724445,0.8727076591154261,0.50347900390625,0.013796387498587137
U-Net,870705_sat_01.jpg,0.7494750921504891,0.856799957328023,0.7549111758623931,0.9904834333634794,0.75421142578125,0.013796387498587137
U-Net,870705_sat_02.jpg,0.6679885760913913,0.800951020488034,0.6684249203886666,0.9990236996900247,0.6895751953125,0.013796387498587137
U-Net,870705_sat_03.jpg,0.7228678567001363,0.8391448640578485,0.7435488755359334,0.9629484374354952,0.7270965576171875,0.013796387498587137
U-Net,870705_sat_10.jpg,0.972584046644337,0.9861015030501227,0.9940565813455899,0.9782727371983841,0.9730224609375,0.013782012498268159
U-Net,870705_sat_11.jpg,0.8939789975695878,0.9440220812551451,0.896954174590516,0.9963033627474362,0.8941650390625,0.013782012498268159
U-Net,870705_sat_12.jpg,0.9144865825266512,0.9553334986759259,0.9144865825266512,1.0,0.9148101806640625,0.013782012498268159
U-Net,870705_sat_13.jpg,0.9269077536009807,0.9620675944333996,0.9749811956015617,0.9494916022812494,0.9344940185546875,0.013782012498268159
U-Net,870705_sat_14.jpg,0.9293214154836448,0.963366091337022,0.9705799151343706,0.9562587097303058,0.93231201171875,0.013782012498268159
U-Net,870705_sat_21.jpg,0.9786903883972468,0.9892304466996404,0.9973852320410848,0.9812079296375595,0.9788360595703125,0.013782012498268159
U-Net,870705_sat_22.jpg,0.8795727033612496,0.9359283647696152,0.9834906085921008,0.8927541928721174,0.8861236572265625,0.013782012498268159
U-Net,870705_sat_23.jpg,0.963770664790714,0.9815511373813361,0.976751394916305,0.9863982845247226,0.9638519287109375,0.013782012498268159
U-Net,870705_sat_24.jpg,0.9484612652178125,0.973549007259107,0.9687644303713965,0.9783810792804797,0.9512939453125,0.013738450001255842
U-Net,870705_sat_26.jpg,0.953319958898077,0.9761022044088177,0.9891186624246937,0.9634238807938287,0.956329345703125,0.013738450001255842
U-Net,870705_sat_30.jpg,0.9123457362185874,0.9541640080445195,0.9955169043044461,0.916109620484824,0.9134063720703125,0.013738450001255842
U-Net,870705_sat_36.jpg,0.8725288431555971,0.9319256644241657,0.9757135136077549,0.8918992143050664,0.875244140625,0.013738450001255842
U-Net,870705_sat_40.jpg,0.9279004047964561,0.9626020125188178,0.9948085552389375,0.9324154233437711,0.927978515625,0.013738450001255842
U-Net,870705_sat_41.jpg,0.9003101028235678,0.947540195135358,0.9573744316012357,0.9379059407624035,0.90679931640625,0.013738450001255842
U-Net,870705_sat_51.jpg,0.7868371154199033,0.8807037962550919,0.8953852578826478,0.866496025865553,0.8404693603515625,0.013738450001255842
U-Net,870705_sat_53.jpg,0.7568480416460089,0.8615976153941126,0.9897078487783135,0.7628521456680617,0.760528564453125,0.013738450001255842
U-Net,870705_sat_54.jpg,0.828217255556586,0.9060381123078745,0.9817335702900276,0.8411798872859139,0.830413818359375,0.013850950002961326
U-Net,870705_sat_61.jpg,0.9501951768935244,0.974461621228184,0.9840374536622779,0.9650703607358887,0.95074462890625,0.013850950002961326
U-Net,870705_sat_71.jpg,0.924277869837866,0.9606490666711693,0.9851601731601731,0.9373280392770648,0.9288787841796875,0.013850950002961326
U-Net,873132_sat_03.jpg,0.8786534567767662,0.9354077023702765,0.9080134809206638,0.9645062775704106,0.8802032470703125,0.013850950002961326
U-Net,873132_sat_06.jpg,0.933438936991526,0.9655737444120969,0.9948858327732883,0.9379394538795568,0.9339599609375,0.013850950002961326
U-Net,873132_sat_07.jpg,0.834157990585163,0.9095813936061596,0.9638886683077901,0.8610672672779187,0.8527069091796875,0.013850950002961326
U-Net,873132_sat_08.jpg,0.9259982862039418,0.9615774768201313,0.9426378227494766,0.9812938142457593,0.934112548828125,0.013850950002961326
U-Net,873132_sat_15.jpg,0.796069096014161,0.8864570943075616,0.999865836128414,0.7961541396413583,0.79608154296875,0.013850950002961326
U-Net,873132_sat_16.jpg,0.8756268980477223,0.9336898494675389,0.9754862158295635,0.8953279982965736,0.8906402587890625,0.013748787499935133
U-Net,873132_sat_25.jpg,0.966400146484375,0.9829130131139908,0.9895473649672671,0.9763670279186644,0.966400146484375,0.013748787499935133
U-Net,873132_sat_26.jpg,0.8738942130482861,0.9327038922082074,0.8827334781259696,0.9886713116605563,0.8747100830078125,0.013748787499935133
U-Net,873132_sat_46.jpg,0.9834136962890625,0.9916374966342271,0.9982497444317091,0.9851122693853843,0.9834136962890625,0.013748787499935133
U-Net,873132_sat_47.jpg,0.9398809802727145,0.9690089132587744,0.953946638342396,0.9845544684053797,0.9412689208984375,0.013748787499935133
U-Net,873132_sat_52.jpg,0.9602508544921875,0.9797224189869772,0.9999841098328355,0.9602655069810025,0.9602508544921875,0.013748787499935133
U-Net,873132_sat_56.jpg,0.979156494140625,0.9894684902780133,0.9975283309238446,0.9815378497024948,0.979156494140625,0.013748787499935133
U-Net,873132_sat_57.jpg,0.8539542392145881,0.9212247218964353,0.8835279079676183,0.9622816624283036,0.864715576171875,0.013748787499935133
U-Net,873132_sat_62.jpg,0.9491075471992754,0.9738893562472459,0.9713911264544176,0.9764004690989124,0.9502716064453125,0.013989287501317449
U-Net,873132_sat_63.jpg,0.9035074189468488,0.9493080089456455,0.9852162066703668,0.9159252599484012,0.904541015625,0.013989287501317449
U-Net,873132_sat_65.jpg,0.8677206690269809,0.9291760630127137,0.9068725179029968,0.9526043324565665,0.86773681640625,0.013989287501317449
U-Net,873132_sat_66.jpg,0.9638519287109375,0.9815932806539086,0.9993987817419508,0.9644111270573147,0.9638519287109375,0.013989287501317449
U-Net,873132_sat_73.jpg,0.9588457899716177,0.9789905819850278,0.9951223374772349,0.9633735013644865,0.9588470458984375,0.013989287501317449
U-Net,873132_sat_81.jpg,0.8435567799204163,0.9151405469126168,0.933776068578786,0.8972342953883219,0.844024658203125,0.013989287501317449
U-Net,873132_sat_87.jpg,0.982465846049821,0.9911553815743576,0.9879313275539691,0.994400547502022,0.9825897216796875,0.013989287501317449
U-Net,873132_sat_88.jpg,0.9107316696283706,0.9532805512199461,0.9547862430948176,0.9517796008009819,0.9118499755859375,0.013989287501317449
U-Net,875328_sat_00.jpg,0.7234575825653722,0.8395420808541203,0.8240864857336838,0.8555884904569115,0.7238922119140625,0.01370640000095591
U-Net,875328_sat_01.jpg,0.762261475384568,0.8650946366721478,0.8183548178914796,0.917496892450975,0.7646484375,0.01370640000095591
U-Net,875328_sat_03.jpg,0.5317927730085845,0.6943403603662311,0.537344293711231,0.9809427361443565,0.5705718994140625,0.01370640000095591
U-Net,875328_sat_05.jpg,0.354578960959692,0.5235264553473943,0.37095981923568133,0.8892552251987047,0.5804901123046875,0.01370640000095591
U-Net,875328_sat_06.jpg,0.5454200682648356,0.7058534821244059,0.5784905260929396,0.9051310079830401,0.652496337890625,0.01370640000095591
U-Net,875328_sat_07.jpg,0.9574132974493853,0.9782433773153031,0.9913705744505669,0.9654592835885337,0.9575042724609375,0.01370640000095591
U-Net,875328_sat_12.jpg,0.9924468994140625,0.9962091333083162,0.9974542610455933,0.9949671102952424,0.9924468994140625,0.01370640000095591
U-Net,875328_sat_13.jpg,0.06529485409778177,0.12258550549947266,0.06717526998910135,0.6999311768754302,0.5557098388671875,0.01370640000095591
U-Net,875328_sat_16.jpg,0.5250052952389918,0.6885291439682711,0.5410098462433913,0.946658179503501,0.6920318603515625,0.01372674999947776
U-Net,875328_sat_23.jpg,0.43057243070997914,0.6019582391872186,0.4356761772210624,0.9735137096356191,0.6209869384765625,0.01372674999947776
U-Net,875328_sat_24.jpg,9.134644662322636e-05,0.00018267620642411326,9.162823371308145e-05,0.028846153846153848,0.4989166259765625,0.01372674999947776
U-Net,875328_sat_25.jpg,0.6077687834014461,0.7560400347065221,0.805546875,0.7122659973750259,0.6953887939453125,0.01372674999947776
U-Net,875328_sat_26.jpg,0.8470530930345835,0.9171940928270043,0.8849038823972861,0.9519300948828157,0.870635986328125,0.01372674999947776
U-Net,875328_sat_28.jpg,0.9864759547059093,0.993191941104521,0.9935205848403232,0.9928635147190009,0.9864959716796875,0.01372674999947776
U-Net,875328_sat_30.jpg,0.8654567248586181,0.9278764962228867,0.9983690545834885,0.866682056017236,0.8664093017578125,0.01372674999947776
U-Net,875328_sat_32.jpg,0.8402099687280618,0.9131675004551878,0.8971820907727954,0.9297328790099045,0.8471832275390625,0.01372674999947776
U-Net,875328_sat_33.jpg,0.8862967766425205,0.9397214559419099,0.9705393328483841,0.910800487606664,0.8903045654296875,0.013576925000961637
U-Net,875328_sat_34.jpg,0.39555399504048805,0.5668773783690285,0.5807771620054131,0.5536273726887401,0.5797119140625,0.013576925000961637
U-Net,875328_sat_35.jpg,0.8968234772443262,0.9456056275170281,0.9391687949849082,0.9521313018916374,0.9218902587890625,0.013576925000961637
U-Net,875328_sat_36.jpg,0.912261638762205,0.9541180142615906,0.9944446298088152,0.9169345782891599,0.9125213623046875,0.013576925000961637
U-Net,875328_sat_38.jpg,0.966803068147597,0.9831213747883417,0.9980250525738319,0.968656266084518,0.971405029296875,0.013576925000961637
U-Net,875328_sat_42.jpg,0.7918072813797609,0.8838085318751898,0.808852031900359,0.9740764124050585,0.7957305908203125,0.013576925000961637
U-Net,875328_sat_43.jpg,0.7487640449438202,0.8563351323567207,0.8635518695931936,0.8492380165579793,0.7526397705078125,0.013576925000961637
U-Net,875328_sat_44.jpg,0.7138345140165236,0.8330261856421469,0.9199494078417845,0.7611111111111111,0.7552947998046875,0.013576925000961637
U-Net,875328_sat_45.jpg,0.8503680586179992,0.9191339578711937,0.9352161017739559,0.903595566369289,0.865386962890625,0.013504262500646291
U-Net,875328_sat_46.jpg,0.8235894766347656,0.9032619316871795,0.9428145771258308,0.8668942698784009,0.8655548095703125,0.013504262500646291
U-Net,875328_sat_50.jpg,0.8364476434442332,0.9109409096743828,0.9910252113357911,0.8428320321778651,0.8412017822265625,0.013504262500646291
U-Net,875328_sat_51.jpg,0.7329211510571713,0.8458793991983439,0.9934405197922487,0.7364852426827023,0.7330474853515625,0.013504262500646291
U-Net,875328_sat_53.jpg,0.908113926146713,0.9518445557185132,0.9575534292498953,0.9462033506444211,0.9153289794921875,0.013504262500646291
U-Net,875328_sat_54.jpg,0.8935377160695149,0.9437759897640314,0.9996525002606248,0.8938153458963165,0.8954010009765625,0.013504262500646291
U-Net,875328_sat_55.jpg,0.76696764278069,0.8681173601727163,0.9675252735078244,0.787233443195583,0.8704376220703125,0.013504262500646291
U-Net,875328_sat_56.jpg,0.9010660538728683,0.9479587014214563,0.9760073362903074,0.9214771622934889,0.912628173828125,0.013504262500646291
U-Net,875328_sat_57.jpg,0.996978759765625,0.9984870944572642,0.9994187469407734,0.9975571773183914,0.996978759765625,0.013326762498763856
U-Net,875328_sat_60.jpg,0.6516277699811147,0.7890733999811176,0.8934977312142162,0.7065033625126799,0.6931915283203125,0.013326762498763856
U-Net,875328_sat_61.jpg,0.9083655896990284,0.9519827800314595,0.9764278314623915,0.9287318073885021,0.9114990234375,0.013326762498763856
U-Net,875328_sat_62.jpg,0.8997687712762541,0.9472403009044037,0.982277149618722,0.9146168285317882,0.904754638671875,0.013326762498763856
U-Net,875328_sat_63.jpg,0.17666075711753051,0.3002747496233271,0.18529862174578868,0.791219056515647,0.8795318603515625,0.013326762498763856
U-Net,875328_sat_64.jpg,0.8085703230798994,0.8941541423757822,0.9449468686411937,0.8485432950969445,0.87921142578125,0.013326762498763856
U-Net,875328_sat_67.jpg,0.7977192451306893,0.887479229352854,0.8117105830646321,0.9788493449240905,0.847076416015625,0.013326762498763856
U-Net,875328_sat_68.jpg,0.8109534619750284,0.895609389200539,0.868922740125878,0.9239871964822658,0.898345947265625,0.013326762498763856
U-Net,875328_sat_70.jpg,0.6897164478622528,0.8163694550465536,0.9999111663853603,0.6897587131367292,0.6909332275390625,0.013362512498133583
U-Net,875328_sat_72.jpg,0.8603833558081294,0.9249527557016749,0.8952867774186274,0.9566521191999786,0.911529541015625,0.013362512498133583
U-Net,875328_sat_73.jpg,0.6836476217281171,0.812102975593447,0.7053528216048786,0.9569271175311884,0.94854736328125,0.013362512498133583
U-Net,875328_sat_74.jpg,0.9216571731581739,0.9592316319809154,0.9958783084429986,0.9251863044747416,0.93011474609375,0.013362512498133583
U-Net,875328_sat_75.jpg,0.7912839964490356,0.8834824606457078,0.9267296786389414,0.8440916682449767,0.8026885986328125,0.013362512498133583
U-Net,875328_sat_76.jpg,0.8681349187988711,0.9294135129780068,0.8984963606180565,0.9625341997264022,0.869537353515625,0.013362512498133583
U-Net,875328_sat_77.jpg,0.6029583652412237,0.7523069573307184,0.6244000166951876,0.9461168732608146,0.699371337890625,0.013362512498133583
U-Net,875328_sat_78.jpg,0.9972837283117914,0.9986400171143913,0.9972989470471539,0.9999846987177525,0.997283935546875,0.013362512498133583
U-Net,875328_sat_80.jpg,0.5940960680639994,0.7453704704077443,0.8915970947814624,0.6403497373257346,0.640380859375,0.013295687498612097
U-Net,875328_sat_82.jpg,0.8883611432347597,0.9408805581680191,0.9916094232631045,0.8950894714939659,0.9587554931640625,0.013295687498612097
U-Net,875328_sat_83.jpg,0.9552409443417618,0.9771081636829642,0.9927915082382763,0.9619126196826372,0.9641571044921875,0.013295687498612097
U-Net,875328_sat_85.jpg,0.789639588928738,0.8824565502615073,0.9793162597734163,0.8030322854993295,0.8004150390625,0.013295687498612097
U-Net,875328_sat_86.jpg,0.7838275014878454,0.8788153572406241,0.8866429607125595,0.8711247540872397,0.783843994140625,0.013295687498612097
U-Net,875328_sat_87.jpg,0.9242401123046875,0.9606286724765477,0.9302586312814842,0.9930486105418477,0.9242401123046875,0.013295687498612097
U-Net,876248_sat_08.jpg,0.005662891405729514,0.011262007287181186,0.0056685561853951315,0.85,0.9544525146484375,0.013295687498612097
U-Net,876248_sat_18.jpg,0.022627737226277374,0.04425410421127766,0.025833333333333333,0.15422885572139303,0.8978424072265625,0.013295687498612097
U-Net,876248_sat_27.jpg,0.6522400280734589,0.7895221238938053,0.8118811881188119,0.768361581920904,0.9546356201171875,0.013463087499985704
U-Net,876248_sat_28.jpg,0.5662387822333296,0.7230554991441586,0.6267571985414309,0.8543173482329551,0.70867919921875,0.013463087499985704
U-Net,876248_sat_32.jpg,0.5610120394677288,0.7187799008379483,0.6559936491135221,0.7948569962806208,0.704010009765625,0.013463087499985704
U-Net,876248_sat_33.jpg,0.6060996989844861,0.7547472916752481,0.7909436242769576,0.7217189223255082,0.81829833984375,0.013463087499985704
U-Net,876248_sat_37.jpg,0.46041501663234596,0.6305262701201787,0.601133355393779,0.662941337469209,0.7401123046875,0.013463087499985704
U-Net,876248_sat_42.jpg,0.5934027995731592,0.7448245976875653,0.7587992133884497,0.7313554077054,0.8023223876953125,0.013463087499985704
U-Net,876248_sat_43.jpg,0.9375494965493835,0.9677683055004087,0.9989323414440943,0.9384899127986928,0.9410400390625,0.013463087499985704
U-Net,876248_sat_44.jpg,0.7987145126067103,0.8880948110539314,0.9743581981109227,0.8158635199878324,0.8762359619140625,0.013463087499985704
U-Net,876248_sat_45.jpg,0.7948354143019296,0.885691699604743,0.8796608233883401,0.8918058409794785,0.8786468505859375,0.013504124999599298
U-Net,876248_sat_46.jpg,0.4340291828330675,0.6053282430077185,0.4913235611123087,0.7882246141875243,0.6371917724609375,0.013504124999599298
U-Net,876248_sat_47.jpg,0.814053747875889,0.897496834180443,0.8515141540487162,0.9487292331389592,0.819671630859375,0.013504124999599298
U-Net,876248_sat_52.jpg,0.7184297430967922,0.8361467740916841,0.7563412006659485,0.9347804159690142,0.7228851318359375,0.013504124999599298
U-Net,876248_sat_58.jpg,0.8281707763671875,0.9060102995551327,0.8282718837748748,0.9998526242101579,0.8281707763671875,0.013504124999599298
U-Net,876248_sat_62.jpg,0.32384390843447536,0.4892478733651313,0.32811867625540925,0.9613262188169837,0.3284454345703125,0.013504124999599298
U-Net,876248_sat_63.jpg,0.73211669921875,0.845343387716269,0.73211669921875,1.0,0.73211669921875,0.013504124999599298
U-Net,876248_sat_64.jpg,0.7006072998046875,0.8239495383621502,0.7006072998046875,1.0,0.7006072998046875,0.013504124999599298
U-Net,876248_sat_65.jpg,0.6401288470933073,0.7805836086936287,0.6401386196052089,0.9999761518649242,0.6403045654296875,0.013405150002654409
U-Net,876248_sat_66.jpg,0.9145965576171875,0.9553935046822076,0.9147082163350019,0.9998665487847599,0.9145965576171875,0.013405150002654409
U-Net,876248_sat_67.jpg,0.46780910661401776,0.6374249955338847,0.4678596220593907,0.9997692510548524,0.4735260009765625,0.013405150002654409
U-Net,876248_sat_68.jpg,0.021260601702809145,0.04163599705571735,0.021260601702809145,1.0,0.08612060546875,0.013405150002654409
U-Net,877160_sat_00.jpg,0.8672546359113523,0.9289088046505994,0.9125737673710261,0.9458392936417895,0.910430908203125,0.013405150002654409
U-Net,877160_sat_01.jpg,0.8562062309569767,0.922533516672396,0.9994599828684221,0.8566025088576079,0.862457275390625,0.013405150002654409
U-Net,877160_sat_10.jpg,0.9818604504048583,0.9908472114717077,0.9893866233207439,0.9923121184029665,0.9824981689453125,0.013405150002654409
U-Net,877160_sat_11.jpg,0.8033033956692913,0.8909242866158386,0.9014565787657048,0.8806352631756414,0.804840087890625,0.013405150002654409
U-Net,877160_sat_12.jpg,0.9314117431640625,0.9644880191503986,0.9467537301858113,0.9828993768416985,0.9314117431640625,0.013462899998557987
U-Net,877160_sat_27.jpg,0.8783398354260237,0.9352299502574396,0.9921676819671524,0.8844725418021557,0.886749267578125,0.013462899998557987
U-Net,877160_sat_28.jpg,0.8900694792188283,0.9418378414180804,0.9961470428553915,0.893144274857107,0.8928070068359375,0.013462899998557987
U-Net,877160_sat_30.jpg,0.94598388671875,0.9722422607659255,0.976284211520897,0.9682336404810246,0.94598388671875,0.013462899998557987
U-Net,877160_sat_37.jpg,0.9650304681997735,0.9822040765442872,0.9984317825405122,0.9664954381660661,0.96514892578125,0.013462899998557987
U-Net,877160_sat_38.jpg,0.9948700672250892,0.9974284376415319,0.9954798277737769,0.9993846911149397,0.9948883056640625,0.013462899998557987
U-Net,877160_sat_40.jpg,0.05375722543352601,0.102029621503017,0.05548819215890063,0.632791922739245,0.2256622314453125,0.013462899998557987
U-Net,877160_sat_41.jpg,0.8593375015788809,0.9243480549918056,0.8751165707302955,0.9794489733484497,0.8640594482421875,0.013462899998557987
U-Net,877160_sat_42.jpg,0.9631383571897771,0.9812231049965372,0.9712093904524238,0.9914454648383444,0.9631805419921875,0.01340232499933336
U-Net,877160_sat_43.jpg,0.8945679935214602,0.9443503707235273,0.9498470442331542,0.9389169486261626,0.896697998046875,0.01340232499933336
U-Net,877160_sat_45.jpg,0.9266251842148354,0.9619153655903926,0.9830623306233063,0.9416590398535651,0.9316253662109375,0.01340232499933336
U-Net,877160_sat_46.jpg,0.988433837890625,0.9941832803843025,0.9932838567222767,0.9950843343881532,0.988433837890625,0.01340232499933336
U-Net,877160_sat_47.jpg,0.9330367558991429,0.9653585251824612,0.9584864657569269,0.9723298374155063,0.9343109130859375,0.01340232499933336
U-Net,877160_sat_48.jpg,0.3776092529296875,0.5482095189570573,0.37919463087248323,0.9890491986731146,0.3776092529296875,0.01340232499933336
U-Net,877160_sat_50.jpg,0.2141753748296229,0.35279149827870077,0.21721500322550916,0.9386698526483472,0.6041259765625,0.01340232499933336
U-Net,877160_sat_51.jpg,0.946865037194474,0.972707423580786,0.9814413031142561,0.9641276191100764,0.94964599609375,0.01340232499933336
U-Net,877160_sat_52.jpg,0.7736596572660993,0.8723879512021042,0.7792128066488797,0.9908725154626794,0.8526763916015625,0.013450462498440174
U-Net,877160_sat_53.jpg,0.7293242890686147,0.8434789167986724,0.899416850995375,0.794091538543479,0.7467041015625,0.013450462498440174
U-Net,877160_sat_55.jpg,0.9513481828839391,0.9750675878642235,0.9531566339540993,0.998009612117093,0.951873779296875,0.013450462498440174
U-Net,877160_sat_56.jpg,0.8486125366898961,0.9181075210161798,0.8552502631483431,0.9909371911600816,0.8717193603515625,0.013450462498440174
U-Net,877160_sat_57.jpg,0.9445821854912764,0.9715014284702382,0.9523802175758044,0.9914061747036335,0.9447479248046875,0.013450462498440174
U-Net,877160_sat_60.jpg,0.6500647836227001,0.7879263772850054,0.667926939666649,0.9604870204456697,0.7939453125,0.013450462498440174
U-Net,877160_sat_61.jpg,0.02780220854099482,0.05410030900879487,0.028259250062080955,0.6322222222222222,0.6963958740234375,0.013450462498440174
U-Net,877160_sat_62.jpg,0.7411010765423743,0.8513016119823618,0.915145342004231,0.7957848837209303,0.8132171630859375,0.013450462498440174
U-Net,877160_sat_63.jpg,0.8867645263671875,0.939984310680868,0.9997935554905638,0.8869269275380014,0.8867645263671875,0.01357746249777847
U-Net,877160_sat_65.jpg,0.686687881198621,0.8142441631947174,0.7831988053155895,0.8478523338858535,0.7115478515625,0.01357746249777847
U-Net,877160_sat_66.jpg,0.8181692030158657,0.8999923677716437,0.8784266984505363,0.9226435762349382,0.880035400390625,0.01357746249777847
U-Net,877160_sat_67.jpg,0.9144896379740305,0.9553351659210549,0.9544263354394027,0.9562457288781786,0.92413330078125,0.01357746249777847
U-Net,877160_sat_68.jpg,0.9197483893877136,0.9581968079484199,0.968967667230783,0.9476627698311758,0.927581787109375,0.01357746249777847
U-Net,877160_sat_70.jpg,0.8065189956046825,0.8928984390055887,0.8746932225788182,0.9118775831529227,0.86431884765625,0.01357746249777847
U-Net,877160_sat_71.jpg,0.527176615287991,0.6903937763460023,0.6035774209012464,0.8063805940276999,0.72430419921875,0.01357746249777847
U-Net,877160_sat_76.jpg,0.978538022935486,0.9891526082310657,0.9977300563403283,0.9807213830521534,0.97955322265625,0.01357746249777847
U-Net,877160_sat_77.jpg,0.7993484999737298,0.8884865827663737,0.8076085994868619,0.9873664171678276,0.8251800537109375,0.013571775001764763
U-Net,877160_sat_78.jpg,0.7768448569972751,0.874409326101864,0.8075815849473756,0.953294910830796,0.8462982177734375,0.013571775001764763
U-Net,877160_sat_80.jpg,0.9770461862308073,0.988389844441139,0.9831023205108239,0.9937345528391291,0.9773712158203125,0.013571775001764763
U-Net,877160_sat_81.jpg,0.937666908507124,0.9678308530639559,0.9927922332635983,0.9440938762822505,0.938385009765625,0.013571775001764763
U-Net,877160_sat_82.jpg,0.8285675048828125,0.906247653062076,0.998620715021333,0.8295168115366401,0.8285675048828125,0.013571775001764763
U-Net,877160_sat_84.jpg,0.9852294921875,0.992559798315194,0.9863130881094953,0.9988861386138614,0.9852294921875,0.013571775001764763
U-Net,877160_sat_85.jpg,0.6522783957472373,0.7895502324863923,0.6543392504930966,0.995194711404922,0.70855712890625,0.013571775001764763
U-Net,877160_sat_86.jpg,0.8002610711711186,0.8890500205623255,0.8378549281984334,0.9469085711651067,0.84356689453125,0.013571775001764763
U-Net,877160_sat_87.jpg,0.9887109921715191,0.9943234548041824,0.9889543559528022,0.9997511702772897,0.988800048828125,0.013529012499930104
U-Net,880610_sat_10.jpg,0.541526978303498,0.7025851456709069,0.8050592439345495,0.6232527664531159,0.889404296875,0.013529012499930104
U-Net,880610_sat_11.jpg,0.06835871404399323,0.12796959138422553,0.06986166007905138,0.7606239913932221,0.7059478759765625,0.013529012499930104
U-Net,880610_sat_12.jpg,0.0,0.0,0.0,0.0,0.54364013671875,0.013529012499930104
U-Net,880610_sat_20.jpg,0.3596631854192283,0.5290474718683105,0.9984876636563972,0.3598592207306818,0.3722381591796875,0.013529012499930104
U-Net,880610_sat_21.jpg,0.3130173523821203,0.47679088446810497,0.6170675692010154,0.3884788067879157,0.6580810546875,0.013529012499930104
U-Net,880610_sat_30.jpg,0.27097052790672566,0.42639938843115605,0.5606182435450728,0.34403355355135834,0.4847869873046875,0.013529012499930104
U-Net,880610_sat_31.jpg,0.42486857142857143,0.5963617697070808,0.5131687924465794,0.7117475876857099,0.8080291748046875,0.013529012499930104
U-Net,880610_sat_33.jpg,0.35838212968987204,0.5276602538516804,0.7308712958867758,0.41286695815115554,0.9097137451171875,0.013486637501046062
U-Net,880610_sat_40.jpg,0.34066340689837454,0.5082012459585207,0.38956053920087047,0.7307517859167706,0.619354248046875,0.013486637501046062
U-Net,880610_sat_41.jpg,0.005519072236970798,0.010977558535399152,0.006374051960626109,0.03951975987993997,0.7827911376953125,0.013486637501046062
U-Net,880610_sat_42.jpg,0.3423501406621943,0.5100757697888119,0.45729151611504554,0.576635684344815,0.81451416015625,0.013486637501046062
U-Net,880610_sat_43.jpg,0.6479555704647956,0.7863750480627869,0.9813706672688269,0.6560247556511567,0.711761474609375,0.013486637501046062
U-Net,880610_sat_44.jpg,0.3338613721969937,0.5005938085561215,0.5540690541566863,0.4565322037161837,0.7112579345703125,0.013486637501046062
U-Net,880610_sat_45.jpg,0.2264667625111248,0.36929946971811334,0.35148488551240503,0.38901628741106603,0.655181884765625,0.013486637501046062
U-Net,880610_sat_46.jpg,0.19133703239663505,0.3212139423076923,0.2170558375634518,0.6175621028307337,0.86212158203125,0.013486637501046062
U-Net,880610_sat_50.jpg,0.458066591110975,0.6283205361175593,0.9748060752232579,0.46355450163512657,0.4600677490234375,0.013524149999284418
U-Net,880610_sat_51.jpg,0.5140293561346193,0.6790216504744108,0.976539763615846,0.5204564518937056,0.5256195068359375,0.013524149999284418
U-Net,880610_sat_53.jpg,0.6161249413685874,0.762471917359103,0.9388003599978824,0.6419069338111527,0.6628265380859375,0.013524149999284418
U-Net,880610_sat_54.jpg,0.7141247711589916,0.8332237923102201,0.8979535048442994,0.7771987826505813,0.783172607421875,0.013524149999284418
U-Net,880610_sat_55.jpg,0.5754224807169067,0.7304992632262767,0.8913808437415414,0.6188124127563621,0.7404632568359375,0.013524149999284418
U-Net,880610_sat_56.jpg,0.24927208984491056,0.3990677321156773,0.30591409611317727,0.573792914785939,0.807220458984375,0.013524149999284418
U-Net,880610_sat_61.jpg,0.5881552286823504,0.7406772563036259,0.9241499987848446,0.6179873886758109,0.5937042236328125,0.013524149999284418
U-Net,880610_sat_62.jpg,0.42209952700393866,0.593628672239576,0.49141541038525965,0.7495289496375307,0.5096893310546875,0.013524149999284418
U-Net,880610_sat_63.jpg,0.47853218353163773,0.6473070912648119,0.9552222545031959,0.48951296223921986,0.5626373291015625,0.01345073750053416
U-Net,880610_sat_64.jpg,0.6214012595591543,0.7664990462979019,0.7307412550419891,0.8059364060676779,0.794525146484375,0.01345073750053416
U-Net,880610_sat_65.jpg,0.33158775576310534,0.4980336509223596,0.34955324113596264,0.8658020862700874,0.8110809326171875,0.01345073750053416
U-Net,880610_sat_70.jpg,0.7528971379552367,0.8590317385462731,0.9873391830807307,0.7602368653143505,0.7582550048828125,0.01345073750053416
U-Net,880610_sat_74.jpg,0.502281632455617,0.6686917041441712,0.9801453698750826,0.5074446942299548,0.5290069580078125,0.01345073750053416
U-Net,880610_sat_75.jpg,0.41128563118091915,0.5828524319868096,0.4710977844411128,0.7641178059983789,0.938232421875,0.01345073750053416
U-Net,880610_sat_77.jpg,0.08602085537252531,0.1584147393615541,0.08694058347334657,0.890488110137672,0.5385894775390625,0.01345073750053416
U-Net,880610_sat_78.jpg,0.0031776294884016524,0.0063351282863477985,0.0032162958992227285,0.20905923344947736,0.712799072265625,0.01345073750053416
U-Net,880610_sat_80.jpg,0.13341836734693877,0.23542651361692551,0.14279213687659265,0.6702263989747971,0.8444976806640625,0.013450025002384791
U-Net,880610_sat_81.jpg,0.2282565635466561,0.3716757073742853,0.4753975397539754,0.3051075915852308,0.6730194091796875,0.013450025002384791
U-Net,880610_sat_82.jpg,0.2623289874833392,0.4156269721831157,0.9891969959560948,0.26308269059398337,0.265289306640625,0.013450025002384791
U-Net,880610_sat_84.jpg,0.24435290991230402,0.39273892151628403,0.8692980382888206,0.2536726670804883,0.3057861328125,0.013450025002384791
U-Net,880610_sat_85.jpg,0.7028221626801745,0.8254792286400129,0.942707240293809,0.7341818701861197,0.7681427001953125,0.013450025002384791
U-Net,880610_sat_86.jpg,0.7893033215477316,0.8822465280676853,0.9661884829520055,0.811724338073371,0.8063201904296875,0.013450025002384791
U-Net,880610_sat_87.jpg,0.8878563144723188,0.9405973406620054,0.9973943601611382,0.8899204649739981,0.8878631591796875,0.013450025002384791
U-Net,880610_sat_88.jpg,0.7244806232520975,0.8402305175060091,0.9454509906152242,0.7560848491165894,0.7474517822265625,0.013450025002384791
U-Net,882451_sat_00.jpg,0.6840595274624118,0.8123935244654586,1.0,0.6840595274624118,0.6857757568359375,0.013558249997004168
U-Net,882451_sat_01.jpg,0.6652857882613431,0.7990049431166297,0.9945279342284388,0.6677300261658123,0.7139739990234375,0.013558249997004168
U-Net,882451_sat_02.jpg,0.5888826971301198,0.7412538360368259,0.981615512636916,0.5954499565656328,0.729827880859375,0.013558249997004168
U-Net,882451_sat_03.jpg,0.4587388912399492,0.6289527125036264,0.9019553459991679,0.482814935787989,0.76580810546875,0.013558249997004168
U-Net,882451_sat_04.jpg,0.5339715873996294,0.696194886249245,0.9995664113311172,0.5340952969341262,0.8157958984375,0.013558249997004168
U-Net,882451_sat_05.jpg,0.5002523128679562,0.6668909070523601,0.9986568166554735,0.5005891264096953,0.81866455078125,0.013558249997004168
U-Net,882451_sat_06.jpg,0.4787126081283526,0.6474721396124057,0.9990922844175492,0.4789209050473796,0.8354034423828125,0.013558249997004168
U-Net,882451_sat_07.jpg,0.21882474626672702,0.3590749973480429,0.9513771781899943,0.22129968619246862,0.81561279296875,0.013558249997004168
U-Net,882451_sat_08.jpg,0.173645848220666,0.2959084266926449,0.9942716857610474,0.17381974248927037,0.911773681640625,0.013506650000636
U-Net,882451_sat_10.jpg,0.004958246346555324,0.009867566865749156,0.3275862068965517,0.005009227524387028,0.9418182373046875,0.013506650000636
U-Net,882451_sat_24.jpg,0.1550925925925926,0.2685370741482966,1.0,0.1550925925925926,0.9944305419921875,0.013506650000636
U-Net,882451_sat_25.jpg,0.055708661417322836,0.1055379451799366,0.4137426900584795,0.06048300918999786,0.9268035888671875,0.013506650000636
U-Net,882451_sat_26.jpg,0.057281361297981795,0.10835594647702816,0.6024973985431842,0.059531153608883405,0.8545989990234375,0.013506650000636
U-Net,882451_sat_27.jpg,0.3348452661193087,0.5016989978063573,0.9631709331131296,0.33918808886820984,0.8232269287109375,0.013506650000636
U-Net,882451_sat_28.jpg,0.5367595683564941,0.6985602424854761,0.8989728253803146,0.5712161269001983,0.817901611328125,0.013506650000636
U-Net,882451_sat_30.jpg,0.0017089522807940056,0.0034120734908136482,0.013197969543147208,0.0019593067068575734,0.76824951171875,0.013506650000636
U-Net,882451_sat_31.jpg,0.44666901205744075,0.6175137620763602,0.996859386152748,0.4472984658745156,0.7360076904296875,0.01331472500169184
U-Net,882451_sat_32.jpg,0.7258253918070547,0.8411342135221073,0.9984777881329605,0.7266294395587005,0.8147430419921875,0.01331472500169184
U-Net,882451_sat_33.jpg,0.6771565046361337,0.8075054447981236,1.0,0.6771565046361337,0.719482421875,0.01331472500169184
U-Net,882451_sat_34.jpg,0.7795562134739634,0.8761242916312844,0.994863822418136,0.7827063012850286,0.7818603515625,0.01331472500169184
U-Net,882451_sat_38.jpg,0.8982041617838026,0.9463725555629714,0.9643130387473009,0.9290874244434616,0.90191650390625,0.01331472500169184
U-Net,882451_sat_40.jpg,0.5010264916977352,0.6675784797522786,0.9862597394199993,0.5045483113360458,0.5364227294921875,0.01331472500169184
U-Net,882451_sat_41.jpg,0.8350357115428922,0.9101029547166652,0.9952038369304557,0.8384096972687877,0.83612060546875,0.01331472500169184
U-Net,882451_sat_48.jpg,0.8124627265081428,0.89652903160488,0.9796441412372084,0.8264142726042525,0.8128662109375,0.01331472500169184
U-Net,882451_sat_50.jpg,0.47833862314520936,0.6471299818001504,0.9998989660862829,0.4783617439499887,0.5059356689453125,0.013378650000959169
U-Net,882451_sat_56.jpg,0.6476904376012966,0.7861797614656338,0.9999759395601752,0.6477005314258107,0.6550445556640625,0.013378650000959169
U-Net,882451_sat_58.jpg,0.9043631894300199,0.949780162155621,0.9640517523747134,0.9359249542888942,0.9050140380859375,0.013378650000959169
U-Net,882451_sat_66.jpg,0.7902578257323882,0.8828424759535365,0.9684424969249692,0.8111458098580213,0.795928955078125,0.013378650000959169
U-Net,882451_sat_67.jpg,0.6532316129724098,0.7902481513741915,0.999390629760705,0.6534919005072719,0.65460205078125,0.013378650000959169
U-Net,882451_sat_68.jpg,0.6991224773988196,0.8229218160530766,0.8830722841108971,0.770443085767179,0.79229736328125,0.013378650000959169
U-Net,882451_sat_75.jpg,0.5766640909592671,0.7314989848071134,0.8942580455834882,0.6188630709607541,0.5903778076171875,0.013378650000959169
U-Net,882451_sat_76.jpg,0.46490300466744455,0.6347218937857045,0.9825446979038225,0.46877470355731227,0.5521697998046875,0.013378650000959169
U-Net,882451_sat_77.jpg,0.33978486755451487,0.5072230262978236,0.6435451458665373,0.4185595817559041,0.7246551513671875,0.013426087498373818
U-Net,882451_sat_80.jpg,0.6703959958781098,0.802679122234952,0.878792426938828,0.7386994448850119,0.6925201416015625,0.013426087498373818
U-Net,882451_sat_81.jpg,0.7519833948339484,0.8584366690361478,0.8542310715221378,0.8626838818922637,0.7538604736328125,0.013426087498373818
U-Net,882451_sat_82.jpg,0.7223561727453075,0.8387999929119487,0.846343643840515,0.8313896304622734,0.722381591796875,0.013426087498373818
U-Net,882451_sat_83.jpg,0.6797855007355617,0.8093717923364504,0.8588616196338636,0.7652746861365862,0.6911163330078125,0.013426087498373818
U-Net,882451_sat_84.jpg,0.6774432379072063,0.8077092835074298,0.8705626149650083,0.7533206483954773,0.7008514404296875,0.013426087498373818
U-Net,882451_sat_85.jpg,0.43737973500467314,0.6085792422880529,0.8623380846566582,0.47021100537856847,0.6876983642578125,0.013426087498373818
U-Net,882451_sat_86.jpg,0.0016548300351651383,0.003304192193845942,0.0019375151368370065,0.011214953271028037,0.7790679931640625,0.013426087498373818
U-Net,888343_sat_00.jpg,0.9711456298828125,0.9853616243874873,0.9896440733311564,0.9811160783104671,0.9711456298828125,0.013455262498609954
U-Net,888343_sat_01.jpg,0.9541531905761891,0.9765387843466392,0.9986043153926366,0.9554273084479371,0.9543609619140625,0.013455262498609954
U-Net,888343_sat_02.jpg,0.8667050671726498,0.9285934692247654,0.9444331628791375,0.9132763268293553,0.87994384765625,0.013455262498609954
U-Net,888343_sat_03.jpg,0.9222029979635896,0.9595271664237182,0.9922079633626015,0.9289305654091736,0.9224700927734375,0.013455262498609954
U-Net,888343_sat_04.jpg,0.8400146495551724,0.91305213222976,0.9159691831539012,0.9101536019576396,0.84002685546875,0.013455262498609954
U-Net,888343_sat_05.jpg,0.18388486570721424,0.3106465350367789,0.1849927761212382,0.9684583199227551,0.184906005859375,0.013455262498609954
U-Net,888343_sat_06.jpg,0.4330977854428351,0.604421819421074,0.43505657253242574,0.9897112165178571,0.4332275390625,0.013455262498609954
U-Net,888343_sat_08.jpg,0.9583436036480157,0.9787287602265576,0.9959494724708218,0.9620934440681111,0.958740234375,0.013455262498609954
U-Net,888343_sat_10.jpg,0.6620986760254768,0.7967020076193455,0.6813291804406397,0.9591134064988165,0.7223358154296875,0.013498362499376526
U-Net,888343_sat_11.jpg,0.8764957264957265,0.9341835572762469,0.9692477333986768,0.9015678166159257,0.8809356689453125,0.013498362499376526
U-Net,888343_sat_14.jpg,0.3661249713893339,0.536005093321717,0.3709475441769862,0.965708765998551,0.3661346435546875,0.013498362499376526
U-Net,888343_sat_16.jpg,0.8013274540230768,0.889707701099426,0.826914844703756,0.962820749492339,0.8026885986328125,0.013498362499376526
U-Net,888343_sat_20.jpg,0.8534905348107751,0.9209548349788674,0.8846556005750882,0.9603603923168331,0.8581695556640625,0.013498362499376526
U-Net,888343_sat_21.jpg,0.8368272939986088,0.9111660053536231,0.9042469591362581,0.9181917532568911,0.8425140380859375,0.013498362499376526
U-Net,888343_sat_22.jpg,0.9381775429810364,0.9681027895288288,0.9998698192114299,0.9382921540481935,0.9382171630859375,0.013498362499376526
U-Net,888343_sat_23.jpg,0.8280995138328028,0.9059676539124559,0.8555068385576861,0.962754303599374,0.8343658447265625,0.013498362499376526
U-Net,888343_sat_24.jpg,0.018136573897378747,0.03562699614640656,0.018153479416888236,0.9511609287429944,0.0186309814453125,0.01345188750201487
U-Net,888343_sat_25.jpg,0.2440194542906603,0.39230810008481765,0.24586787155932824,0.9701120797011208,0.300323486328125,0.01345188750201487
U-Net,888343_sat_26.jpg,0.7516367798550172,0.8582107757719384,0.79320674493888,0.9348201575400968,0.751678466796875,0.01345188750201487
U-Net,888343_sat_30.jpg,0.7105324298160697,0.8307734099989813,0.7978216917759082,0.866564344746163,0.7718658447265625,0.01345188750201487
U-Net,888343_sat_31.jpg,0.5089997638810687,0.6746187455615604,0.5863129485114128,0.7942410157578506,0.5875091552734375,0.01345188750201487
U-Net,888343_sat_32.jpg,0.3777143738433066,0.548320291947924,0.5172552166934189,0.583355167567825,0.3843231201171875,0.01345188750201487
U-Net,888343_sat_33.jpg,0.35674239679828873,0.5258808122163028,0.3571860372730884,0.9965304548959136,0.4310150146484375,0.01345188750201487
U-Net,888343_sat_34.jpg,0.1087114777966513,0.1961041803458087,0.10883648613630474,0.9895449860108968,0.1593170166015625,0.01345188750201487
U-Net,888343_sat_35.jpg,0.742209411031474,0.852032374904977,0.9237317716413279,0.7906617756900759,0.7475433349609375,0.013334237501112511
U-Net,888343_sat_36.jpg,0.7367324746136528,0.848412159480744,0.9601005967944751,0.7600012639828099,0.7377166748046875,0.013334237501112511
U-Net,888343_sat_40.jpg,0.16526901800500335,0.2836581346476573,0.17343316694398225,0.7783124533311209,0.2770233154296875,0.013334237501112511
U-Net,888343_sat_41.jpg,0.7206166701194668,0.8376260472583154,0.8781662879744172,0.8006636871079739,0.7530670166015625,0.013334237501112511
U-Net,888343_sat_42.jpg,0.8858147109090323,0.9394504197944632,0.9402865015660031,0.9386158235525259,0.891937255859375,0.013334237501112511
U-Net,888343_sat_43.jpg,0.833865761814119,0.9094076340563032,0.9748442277177909,0.8522033324875243,0.8468475341796875,0.013334237501112511
U-Net,888343_sat_44.jpg,0.882354736328125,0.9375010132779948,0.9954381918025167,0.8859370930428521,0.882354736328125,0.013334237501112511
U-Net,888343_sat_50.jpg,0.7440016109295373,0.8532120684601788,0.9587416914509271,0.7686103821289125,0.7478179931640625,0.013334237501112511
U-Net,888343_sat_51.jpg,0.7587316334606518,0.8628168380274112,0.9531827515400411,0.788101365358496,0.7860260009765625,0.013498987500497606
U-Net,888343_sat_52.jpg,0.6473893576410568,0.7859579214085392,0.9742557246785322,0.6586569872958258,0.6983795166015625,0.013498987500497606
U-Net,888343_sat_53.jpg,0.3955236447696759,0.5668462103842821,0.5518154634771465,0.582718722511672,0.3975067138671875,0.013498987500497606
U-Net,888343_sat_54.jpg,0.7373308820063169,0.8488088131546101,0.7802554125511324,0.9305687767729652,0.74493408203125,0.013498987500497606
U-Net,888343_sat_55.jpg,0.8916691568501014,0.9427326693160845,0.9238227146814404,0.9624329462891288,0.8948974609375,0.013498987500497606
U-Net,888343_sat_57.jpg,0.967792419168049,0.9836326329351509,0.9816652115247242,0.9856079562660377,0.968597412109375,0.013498987500497606
U-Net,888343_sat_62.jpg,0.85009765625,0.9189759831089997,0.9931900024958106,0.8550818061822758,0.85009765625,0.013498987500497606
U-Net,888343_sat_63.jpg,0.17505692658009725,0.2979548013721947,0.17700409141114792,0.9408748862978583,0.181854248046875,0.013498987500497606
U-Net,888343_sat_64.jpg,0.709320068359375,0.8299441181196551,0.7208584675981206,0.9779320500683707,0.709320068359375,0.013522887500585057
U-Net,888343_sat_65.jpg,0.9361645880633223,0.96702996618664,0.9820877991484364,0.9524269079863309,0.9373626708984375,0.013522887500585057
U-Net,888343_sat_72.jpg,0.7938860087779663,0.8851019573075087,0.8978381182981667,0.8727220765247797,0.794342041015625,0.013522887500585057
U-Net,888343_sat_73.jpg,0.00109710257009766,0.002191800510222414,0.0010976750881739005,0.6777777777777778,0.15252685546875,0.013522887500585057
U-Net,888343_sat_74.jpg,0.7153920619554696,0.8340857787810384,0.802894893631935,0.8677980226523732,0.72186279296875,0.013522887500585057
U-Net,888343_sat_77.jpg,0.9189869484151647,0.9577834275257883,0.9617548538163843,0.9538446652044897,0.920440673828125,0.013522887500585057
U-Net,888343_sat_78.jpg,0.9835988163445193,0.9917316024186253,0.990882422897011,0.9925822386708388,0.984100341796875,0.013522887500585057
U-Net,888343_sat_81.jpg,0.5779409727033393,0.7325254654021778,0.9676496365417333,0.589327765392948,0.581695556640625,0.013522887500585057
U-Net,888343_sat_82.jpg,0.8278961181640625,0.9058459175410917,0.9264407069068556,0.8861468609133076,0.8278961181640625,0.013352425001357915
U-Net,888343_sat_83.jpg,0.4464602996071528,0.6173142805625677,0.45593620988147554,0.9555191180574937,0.481842041015625,0.013352425001357915
U-Net,888343_sat_84.jpg,0.7108754186642149,0.8310078114503964,0.7506457932421421,0.9306394411606663,0.731292724609375,0.013352425001357915
U-Net,888343_sat_87.jpg,0.9112415156204514,0.9535597758555727,0.9270216347652597,0.9816621275893372,0.9116058349609375,0.013352425001357915
U-Net,888343_sat_88.jpg,0.9362595602676077,0.9670806326587832,0.9712454242790651,0.9629514065656151,0.9390869140625,0.013352425001357915
U-Net,897901_sat_01.jpg,0.7217686842464818,0.8384037772906272,0.7872911194321802,0.8966139092799253,0.7514190673828125,0.013352425001357915
U-Net,897901_sat_02.jpg,0.18158383171787998,0.3073566628850685,0.18608337295926455,0.8824855925833125,0.51556396484375,0.013352425001357915
U-Net,897901_sat_03.jpg,0.7515538190151178,0.8581566959075336,0.837119194961162,0.8802788344565239,0.770050048828125,0.013352425001357915
U-Net,897901_sat_05.jpg,0.8279370513003376,0.9058704190183889,0.8455997798675968,0.9753920836445108,0.8343353271484375,0.013471962502080714
U-Net,897901_sat_06.jpg,0.5981568653450905,0.7485583903754408,0.6064122958349204,0.9777472725959107,0.7225494384765625,0.013471962502080714
U-Net,897901_sat_07.jpg,0.8270502283105022,0.9053393448031111,0.8361833357955385,0.9869657141611631,0.8555145263671875,0.013471962502080714
U-Net,897901_sat_08.jpg,0.5376113181330133,0.6992811665639762,0.5662712052333961,0.9139584824624195,0.6648712158203125,0.013471962502080714
U-Net,897901_sat_10.jpg,0.8759634315715572,0.9338811373713541,0.9870840141026743,0.8861201173382739,0.8759918212890625,0.013471962502080714
U-Net,897901_sat_11.jpg,0.25664488708449634,0.4084604803190348,0.34756555915895276,0.4952261460309689,0.2847747802734375,0.013471962502080714
U-Net,897901_sat_13.jpg,0.19278730632198193,0.3232551273813452,0.19381911326766488,0.9731283981597658,0.4053802490234375,0.013471962502080714
U-Net,897901_sat_14.jpg,0.9573344235486508,0.9782022040086557,0.9626553969611261,0.9942594133731891,0.9601898193359375,0.013471962502080714
U-Net,897901_sat_17.jpg,0.8836121437422553,0.9382102856766936,0.8991693331021547,0.9807953509963379,0.885345458984375,0.013483887501934078
U-Net,897901_sat_18.jpg,0.8595428466796875,0.9244668367974923,0.867391404770337,0.9895826013632212,0.8595428466796875,0.013483887501934078
U-Net,897901_sat_20.jpg,0.7912559806590137,0.8834649979707601,0.8786962807201998,0.8882857576677802,0.8115997314453125,0.013483887501934078
U-Net,897901_sat_22.jpg,0.008763079222720477,0.01737390950008335,0.008771929824561403,0.8967495219885278,0.1905059814453125,0.013483887501934078
U-Net,897901_sat_23.jpg,0.012968465666966116,0.025604875386574494,0.012968465666966116,1.0,0.346160888671875,0.013483887501934078
U-Net,897901_sat_24.jpg,0.8061909681227863,0.8926973751404351,0.806875669288431,0.998948523361068,0.839691162109375,0.013483887501934078
U-Net,897901_sat_26.jpg,0.9007023411371238,0.9477573859337334,0.9086185664400547,0.9904198003052425,0.909393310546875,0.013483887501934078
U-Net,897901_sat_27.jpg,0.843958197256695,0.9153767135418511,0.867588800107433,0.9687359424201529,0.8906402587890625,0.013483887501934078
U-Net,897901_sat_28.jpg,0.8967779038500396,0.9455802938549409,0.9361218827576137,0.9552317880794702,0.8986663818359375,0.013344412498554448
U-Net,897901_sat_30.jpg,0.8725561444245529,0.9319412366059596,0.9664860407586288,0.899780661670627,0.890289306640625,0.013344412498554448
U-Net,897901_sat_31.jpg,0.6055274746729722,0.7543034725037158,0.6774835562243635,0.8507726538449816,0.7225341796875,0.013344412498554448
U-Net,897901_sat_32.jpg,0.7770164059519268,0.8745179879593606,0.8347652151101784,0.9182462531787112,0.7770538330078125,0.013344412498554448
U-Net,897901_sat_33.jpg,0.30331257024210906,0.4654486992107571,0.30383345736256606,0.9943795666021358,0.441925048828125,0.013344412498554448
U-Net,897901_sat_34.jpg,0.9053192079427589,0.950307123518966,0.9246369696168589,0.9774433088470137,0.9218597412109375,0.013344412498554448
U-Net,897901_sat_35.jpg,0.7284569138276553,0.8428985507246377,0.7323623821882257,0.9927326590598745,0.7560272216796875,0.013344412498554448
U-Net,897901_sat_36.jpg,0.5109684323167469,0.6763456090651558,0.5520521309580114,0.8728707935189032,0.69317626953125,0.013344412498554448
U-Net,897901_sat_37.jpg,0.45724984942519703,0.6275517538815412,0.7709731543624161,0.5291212121212121,0.683746337890625,0.013514587499230402
U-Net,897901_sat_38.jpg,0.6647144464297532,0.7985927530758681,0.8963701671017111,0.7200487463933045,0.690765380859375,0.013514587499230402
U-Net,897901_sat_41.jpg,0.8856812210684348,0.9393753421022077,0.9426588325371594,0.9361146465230831,0.888458251953125,0.013514587499230402
U-Net,897901_sat_42.jpg,0.5225327768643818,0.6863993797762764,0.5230178488543821,0.9982282354836112,0.65435791015625,0.013514587499230402
U-Net,897901_sat_43.jpg,0.602672,0.7520840196871225,0.6038894411132844,0.996666049268383,0.6210784912109375,0.013514587499230402
U-Net,897901_sat_44.jpg,0.9842915103728087,0.992083577667356,0.9855136891804887,0.9987416498368805,0.984344482421875,0.013514587499230402
U-Net,897901_sat_45.jpg,0.9123667738115379,0.9541755130927105,0.9156479594986726,0.9960877157633152,0.913055419921875,0.013514587499230402
U-Net,897901_sat_46.jpg,0.3482851178049508,0.5166342240311449,0.34848605419170015,0.9983472016413998,0.499847412109375,0.013514587499230402
U-Net,897901_sat_47.jpg,0.5155443998656046,0.680342192431079,0.5580872913992297,0.8711842896266114,0.6259765625,0.013322212500497699
U-Net,897901_sat_48.jpg,0.854766845703125,0.9216973526169439,0.9069978303811405,0.9368811881188119,0.854766845703125,0.013322212500497699
U-Net,897901_sat_50.jpg,0.6485773506689279,0.7868327808892445,0.6532424892296597,0.9891088824391505,0.715423583984375,0.013322212500497699
U-Net,897901_sat_51.jpg,0.606514845776881,0.7550690830791316,0.6099965209323901,0.9906770882380639,0.6875762939453125,0.013322212500497699
U-Net,897901_sat_52.jpg,0.7938036488939483,0.8850507683863886,0.8294807908696351,0.9486010515092467,0.79547119140625,0.013322212500497699
U-Net,897901_sat_55.jpg,0.6814980593464379,0.8105844137712791,0.7195498785465241,0.9279899411814849,0.6894683837890625,0.013322212500497699
U-Net,897901_sat_56.jpg,0.5285679032656083,0.6915857674839099,0.5288027914019553,0.9991603433262843,0.562744140625,0.013322212500497699
U-Net,897901_sat_57.jpg,0.6812202417287266,0.8103878656948088,0.802369054894489,0.8185685731575376,0.6812591552734375,0.013322212500497699
U-Net,897901_sat_58.jpg,0.8060002136393463,0.8925804189304515,0.9390367486265934,0.8505040095327042,0.8060150146484375,0.013302337501954753
U-Net,897901_sat_65.jpg,0.4379327902240326,0.6091144081300237,0.48655528737366116,0.8142059259726736,0.4946746826171875,0.013302337501954753
U-Net,897901_sat_66.jpg,0.02762439911653891,0.05376361079065063,0.02762439911653891,1.0,0.0863800048828125,0.013302337501954753
U-Net,897901_sat_67.jpg,0.35901918244392766,0.5283504266632978,0.4099520576021672,0.7429106646857438,0.3733673095703125,0.013302337501954753
U-Net,897901_sat_68.jpg,0.39584068759112884,0.567171728278319,0.9447252747252747,0.40522578009615684,0.39935302734375,0.013302337501954753
U-Net,897901_sat_72.jpg,0.5617612338448802,0.7193945164868606,0.642233673362078,0.8176280263304697,0.5638275146484375,0.013302337501954753
U-Net,897901_sat_73.jpg,0.5358077445427142,0.6977536692943955,0.5412943814208747,0.9814337287261475,0.5723419189453125,0.013302337501954753
U-Net,897901_sat_74.jpg,0.7981414794921875,0.8877404682501294,0.9387810043433001,0.8419637826961771,0.7981414794921875,0.013302337501954753
U-Net,897901_sat_75.jpg,0.4055328369140625,0.5770520990522511,0.9844427158573175,0.4081485349222925,0.4055328369140625,0.013509049997082911
U-Net,897901_sat_76.jpg,0.7277841641411502,0.8424480085484732,0.8326358998884107,0.8524941344486382,0.7615203857421875,0.013509049997082911
U-Net,897901_sat_77.jpg,0.5911825531114872,0.7430731966680452,0.6997626288850975,0.7920987446996095,0.601837158203125,0.013509049997082911
U-Net,897901_sat_78.jpg,0.1598008225417219,0.2755659755293428,0.1683466117625996,0.7589184826472962,0.2456207275390625,0.013509049997082911
U-Net,897901_sat_80.jpg,0.6254351541236787,0.7695602651843343,0.949777724378229,0.6468268255163159,0.6388092041015625,0.013509049997082911
U-Net,897901_sat_81.jpg,0.5659789875835721,0.7228436550823991,0.6680420274170275,0.7874398703058973,0.6533050537109375,0.013509049997082911
U-Net,897901_sat_82.jpg,0.5320489890473027,0.6945587156167308,0.5373670990606613,0.9817387477998492,0.580810546875,0.013509049997082911
U-Net,897901_sat_83.jpg,0.2240707214039895,0.36610747644872016,0.22704435777087328,0.9447768379066089,0.2740936279296875,0.013509049997082911
U-Net,897901_sat_84.jpg,0.7035850006867818,0.8260051601806063,0.9164115612451795,0.751834697804886,0.703643798828125,0.013865612498193514
U-Net,897901_sat_86.jpg,0.7944358816276202,0.8854435979145014,0.9900501334972436,0.8008296821105622,0.7964935302734375,0.013865612498193514
U-Net,897901_sat_87.jpg,0.1342125079647043,0.23666201355078137,0.152621640611277,0.5266707076829823,0.3157958984375,0.013865612498193514
U-Net,897901_sat_88.jpg,0.052513983697243326,0.0997877168582095,0.05318269065713706,0.8068181818181818,0.0617523193359375,0.013865612498193514
U-Net,899693_sat_27.jpg,0.8547912670137937,0.9217115502058667,0.8660410188064563,0.985030948671523,0.87872314453125,0.013865612498193514
U-Net,899693_sat_37.jpg,0.5260058711794163,0.6893890529698656,0.5310495118549512,0.9822643578085195,0.5811614990234375,0.013865612498193514
U-Net,899693_sat_38.jpg,0.6085673673328739,0.7566576068765146,0.6210875681378583,0.9679375192683177,0.7226715087890625,0.013865612498193514
U-Net,899693_sat_40.jpg,0.9929044465468306,0.9964395917398529,0.9997541676269494,0.9931469214566989,0.9929046630859375,0.013865612498193514
U-Net,899693_sat_46.jpg,0.9006748285271775,0.9477421545326672,0.9090892172553691,0.9898279670118133,0.9178009033203125,0.01375782499962952
U-Net,899693_sat_47.jpg,0.20687483600104958,0.34282732530330046,0.2076303176080201,0.9827156390227688,0.3081817626953125,0.01375782499962952
U-Net,899693_sat_50.jpg,0.7780168198709173,0.8751512484875151,0.8658492345643184,0.8846553002223869,0.896087646484375,0.01375782499962952
U-Net,899693_sat_56.jpg,0.58809686145996,0.7406309724953605,0.5913483866687308,0.9907369669124458,0.7142333984375,0.01375782499962952
U-Net,899693_sat_60.jpg,0.4761578631966441,0.6451313576523807,0.49054540323149654,0.9419774413169394,0.5331573486328125,0.01375782499962952
U-Net,899693_sat_66.jpg,0.7675078123588808,0.8684632757968749,0.769718488460563,0.9962718938310394,0.8036041259765625,0.01375782499962952
U-Net,899693_sat_67.jpg,8.143156694692697e-05,0.00016284987277353689,8.143156694692697e-05,1.0,0.2505340576171875,0.01375782499962952
U-Net,899693_sat_70.jpg,0.6576793357132995,0.7934940389786546,0.6708445660483644,0.9710250436808386,0.73516845703125,0.01375782499962952
U-Net,899693_sat_71.jpg,0.9892143911725853,0.9945779555611113,0.9977271302276005,0.9914485981308411,0.989410400390625,0.013737762499658857
U-Net,899693_sat_76.jpg,0.8398014520146261,0.9129261759142799,0.8528477890393757,0.982110394976037,0.8616180419921875,0.013737762499658857
U-Net,899693_sat_77.jpg,0.05099077553809361,0.09703372612759041,0.05120397967279199,0.924506387921022,0.32183837890625,0.013737762499658857
U-Net,899693_sat_80.jpg,0.01689933872152829,0.033236994219653176,0.01753737378405231,0.3171750940242374,0.326263427734375,0.013737762499658857
U-Net,899693_sat_81.jpg,0.19209424347913828,0.3222802970988425,0.21682801822323464,0.627420285078685,0.5113067626953125,0.013737762499658857
U-Net,899693_sat_82.jpg,0.2993351511994853,0.46075125562970126,0.3330606122588123,0.7472275334608031,0.6510467529296875,0.013737762499658857
U-Net,899693_sat_83.jpg,0.9233330221848844,0.960138479955997,0.9376579878665319,0.9837233972021481,0.96240234375,0.013737762499658857
U-Net,899693_sat_85.jpg,0.7359607516564683,0.8479002200415054,0.7643265398210123,0.9519940051050277,0.7774505615234375,0.013737762499658857
U-Net,899693_sat_86.jpg,0.0,0.0,0.0,0.0,0.7443695068359375,0.01363963749827235
U-Net,906113_sat_02.jpg,0.40843941260436833,0.5799886156964555,0.4128879225143309,0.9742991744017911,0.5383758544921875,0.01363963749827235
U-Net,906113_sat_07.jpg,0.8634576612903225,0.9267263530875551,0.9519690290075205,0.9027877808421312,0.8759918212890625,0.01363963749827235
U-Net,906113_sat_08.jpg,0.17355371900826447,0.29577464788732394,0.20779610194902548,0.5129533678756477,0.6978759765625,0.01363963749827235
U-Net,906113_sat_10.jpg,0.10310734463276836,0.18693982074263765,0.10351550960118168,0.9631665750412315,0.534912109375,0.01363963749827235
U-Net,906113_sat_11.jpg,0.6296001548620223,0.7727050749026595,0.6403710266675418,0.973980169029081,0.7372283935546875,0.01363963749827235
U-Net,906113_sat_12.jpg,0.4267370819094957,0.5982000290317898,0.4417692208738905,0.9261506652283351,0.57763671875,0.01363963749827235
U-Net,906113_sat_13.jpg,0.7840674218512169,0.878966133508159,0.8280903629748709,0.9365024687105293,0.7943572998046875,0.01363963749827235
U-Net,906113_sat_14.jpg,0.6683122324437563,0.8011836387062959,0.7184935665184778,0.9053823943140594,0.72216796875,0.01377263749964186
U-Net,906113_sat_15.jpg,0.8341094295692666,0.9095525230085687,0.9023740055834261,0.9168461686109749,0.869537353515625,0.01377263749964186
U-Net,906113_sat_16.jpg,0.8741517366502102,0.9328505473229578,0.9229876588690367,0.942926498814497,0.889923095703125,0.01377263749964186
U-Net,906113_sat_17.jpg,0.9373158605450528,0.9676438206430048,0.9608626575010618,0.9745213784301212,0.9376678466796875,0.01377263749964186
U-Net,906113_sat_18.jpg,0.056130619897660244,0.10629484429321695,0.05668191858630483,0.8523131672597865,0.63128662109375,0.01377263749964186
U-Net,906113_sat_20.jpg,0.26010581567995983,0.4128317042003419,0.2769600748179652,0.810398749022674,0.4601287841796875,0.01377263749964186
U-Net,906113_sat_21.jpg,0.5790473230779856,0.7334135141045266,0.5954126648795469,0.9546838974125417,0.627960205078125,0.01377263749964186
U-Net,906113_sat_25.jpg,0.9539947509765625,0.976455797027886,0.9972246590637212,0.956534377773018,0.9539947509765625,0.01377263749964186
U-Net,906113_sat_26.jpg,0.7848367598024357,0.8794493451483032,0.8220221865312068,0.9455029751036453,0.8158721923828125,0.013746087501203874
U-Net,906113_sat_27.jpg,0.20048760666395773,0.3340102897373409,0.22762502306698654,0.6270971021860702,0.849884033203125,0.013746087501203874
U-Net,906113_sat_36.jpg,0.8190613026819923,0.9005318308672529,0.9983071624540307,0.8202004700014388,0.827056884765625,0.013746087501203874
U-Net,906113_sat_37.jpg,0.04065383601370946,0.07813133360356708,0.04274072842175287,0.4543311726576311,0.44476318359375,0.013746087501203874
U-Net,906113_sat_46.jpg,0.8390600315955766,0.9124879201116719,0.9383661225316083,0.8879987460596667,0.85076904296875,0.013746087501203874
U-Net,906113_sat_56.jpg,0.9169331190669472,0.9566667818992637,0.9844892296198794,0.9303736825295432,0.923492431640625,0.013746087501203874
U-Net,906113_sat_57.jpg,0.769102741519243,0.8694834092662869,0.9380088949709203,0.8102884388052644,0.8115997314453125,0.013746087501203874
U-Net,906113_sat_58.jpg,0.20873277554365435,0.3453745604768137,0.22127487625012626,0.7864426253051845,0.3665008544921875,0.013746087501203874
U-Net,906113_sat_67.jpg,0.7885514822202352,0.8817766668268999,0.863699713726081,0.9006264852019875,0.8123626708984375,0.013769012497505173
U-Net,906113_sat_68.jpg,0.20702950379973178,0.3430396740891625,0.21641355140186916,0.826824369560366,0.566925048828125,0.013769012497505173
U-Net,906113_sat_76.jpg,0.5238577339554539,0.687541523440885,0.9194576428323097,0.5490530783603608,0.669891357421875,0.013769012497505173
U-Net,906113_sat_77.jpg,0.6316559739972432,0.7742514158175238,0.8324287956941018,0.7236747187615761,0.6697235107421875,0.013769012497505173
U-Net,906113_sat_78.jpg,0.43851695441560057,0.6096792298061564,0.5790552730851238,0.6437232199835902,0.724090576171875,0.013769012497505173
U-Net,906113_sat_84.jpg,0.57944816111477,0.7337349529797763,1.0,0.57944816111477,0.6297454833984375,0.013769012497505173
U-Net,906113_sat_86.jpg,0.4159725203950193,0.5875432106252654,0.9349095295536791,0.4283787667749994,0.58489990234375,0.013769012497505173
U-Net,906113_sat_87.jpg,0.5494345457487549,0.7092065260275244,0.9959262156172598,0.5506721447363679,0.61761474609375,0.013769012497505173
U-Net,918446_sat_01.jpg,0.23114466063642872,0.3754955335905703,0.23190929073538052,0.9859363434492968,0.4591522216796875,0.013496262501575984
U-Net,918446_sat_02.jpg,0.102735994314817,0.18632926619694107,0.10274572978607471,0.9990785533287261,0.422027587890625,0.013496262501575984
U-Net,918446_sat_03.jpg,0.4152556338318296,0.5868277417946293,0.41532407598170507,0.9996033123419448,0.5668487548828125,0.013496262501575984
U-Net,918446_sat_07.jpg,0.8896484375,0.9416020671834625,0.999023320368054,0.8904228836726279,0.8896484375,0.013496262501575984
U-Net,918446_sat_12.jpg,0.6740806027927554,0.8053143936656721,0.7307317621492,0.8968522222988664,0.7122344970703125,0.013496262501575984
U-Net,918446_sat_13.jpg,0.89827052221643,0.9464093886551058,0.9780801335559265,0.9167253438482843,0.8987579345703125,0.013496262501575984
U-Net,918446_sat_15.jpg,0.9070680223753748,0.9512697100815143,0.9950333090366653,0.9111935548966952,0.908233642578125,0.013496262501575984
U-Net,918446_sat_17.jpg,0.7580327868852459,0.8623647892577396,0.8449365932098089,0.8805270975358952,0.7747802734375,0.013496262501575984
U-Net,918446_sat_18.jpg,0.9010411853494747,0.9479449391138082,0.9940527773529761,0.9059248017839445,0.9019622802734375,0.013748999997915234
U-Net,918446_sat_22.jpg,0.5377714825306893,0.6994166410807492,0.5518219884417067,0.9547931261601101,0.58172607421875,0.013748999997915234
U-Net,918446_sat_23.jpg,0.5051422119140625,0.6712219056984419,0.5096134603839226,0.9829275534441805,0.5051422119140625,0.013748999997915234
U-Net,918446_sat_24.jpg,0.6678356234258934,0.8008410589697028,0.8214901960784313,0.7812045496923363,0.682037353515625,0.013748999997915234
U-Net,918446_sat_25.jpg,0.5902278328220087,0.7423185793127441,0.8536150712830958,0.6566967908004813,0.7513580322265625,0.013748999997915234
U-Net,918446_sat_26.jpg,0.9436131802361514,0.9709886615622777,0.9829397214786704,0.9593247242844624,0.9470977783203125,0.013748999997915234
U-Net,918446_sat_27.jpg,0.8370191472904926,0.911279720219631,0.9560263229063374,0.8705345416338324,0.8424530029296875,0.013748999997915234
U-Net,918446_sat_28.jpg,0.8411464534784827,0.913720309309781,0.9024563836776407,0.9252689680980447,0.8574981689453125,0.013748999997915234
U-Net,918446_sat_30.jpg,0.03756688871901278,0.07241343016524576,0.03756688871901278,1.0,0.3276214599609375,0.013679349998710677
U-Net,918446_sat_31.jpg,0.4369628972854999,0.6081756155443488,0.4411450802175859,0.9787648474200817,0.4961395263671875,0.013679349998710677
U-Net,918446_sat_32.jpg,0.6440680713128039,0.7835053578998216,0.6440785101865508,0.9999748364368395,0.6649017333984375,0.013679349998710677
U-Net,918446_sat_33.jpg,0.7801430431327461,0.8764947807338317,0.7981180052239193,0.9719413549039434,0.8015899658203125,0.013679349998710677
U-Net,918446_sat_34.jpg,0.10469027671997969,0.1895377897790928,0.1314237909329934,0.3397878257287053,0.5695037841796875,0.013679349998710677
U-Net,918446_sat_35.jpg,0.3948007615046281,0.5661034498988092,0.5909403557040385,0.5432700993676604,0.5779876708984375,0.013679349998710677
U-Net,918446_sat_36.jpg,0.42935897951792684,0.6007713746797669,0.5122911465335126,0.7261961478254951,0.567230224609375,0.013679349998710677
U-Net,918446_sat_37.jpg,0.25298669142680286,0.4038138523861279,0.26058403468502933,0.8966652040368582,0.263427734375,0.013679349998710677
U-Net,918446_sat_38.jpg,0.12725725631086318,0.22578210182001174,0.13191681204304448,0.7827401721330542,0.2957305908203125,0.013519650001398986
U-Net,918446_sat_40.jpg,0.702178955078125,0.8250354088602829,0.7029405025586191,0.9984595022673523,0.702178955078125,0.013519650001398986
U-Net,918446_sat_43.jpg,0.9625559760067419,0.980920786743904,0.968026589115081,0.9941631252880037,0.965423583984375,0.013519650001398986
U-Net,918446_sat_44.jpg,0.11553973368181511,0.20714588677263637,0.1178742184626701,0.8536707174962543,0.4010162353515625,0.013519650001398986
U-Net,918446_sat_45.jpg,0.4732812407739091,0.642485939107317,0.4884221644458889,0.938526989578861,0.5916595458984375,0.013519650001398986
U-Net,918446_sat_46.jpg,0.3837076513132851,0.5546079779917469,0.43257161248793047,0.7725617934470205,0.70355224609375,0.013519650001398986
U-Net,918446_sat_52.jpg,0.9327512938803182,0.9652057114991401,0.9833693605745764,0.9477008887320868,0.9379425048828125,0.013519650001398986
U-Net,918446_sat_53.jpg,0.781250549953364,0.877193329117926,0.8460482933429895,0.9107190481074982,0.810333251953125,0.013519650001398986
U-Net,918446_sat_54.jpg,0.6733721842429676,0.8048086260590028,0.7304723117135736,0.8959886668654936,0.7331695556640625,0.013708649999898626
U-Net,918446_sat_55.jpg,0.6614236845271861,0.7962131401965856,0.764372839604275,0.8308213853860771,0.699462890625,0.013708649999898626
U-Net,918446_sat_56.jpg,0.8614990118738465,0.9255970659975082,0.9177221796923933,0.933608269319268,0.87060546875,0.013708649999898626
U-Net,918446_sat_57.jpg,0.4634726158910122,0.6333874796951143,0.47082317427145015,0.9674125673934825,0.641845703125,0.013708649999898626
U-Net,918446_sat_66.jpg,0.9540728299870219,0.976496694847713,0.9750643676367324,0.9779332363021738,0.9541015625,0.013708649999898626
U-Net,918446_sat_67.jpg,0.9102006561379415,0.952989575428366,0.9673548156917439,0.939044740404899,0.9102020263671875,0.013708649999898626
U-Net,918446_sat_68.jpg,0.5923421000046113,0.7439884934310234,0.7215128253136117,0.7679094514078473,0.5953216552734375,0.013708649999898626
U-Net,918446_sat_74.jpg,0.7539950104510822,0.8597459011667019,0.9844183282714908,0.7631022246485601,0.777313232421875,0.013708649999898626
U-Net,918446_sat_80.jpg,0.9113922119140625,0.9536422783698559,0.980787861869653,0.9279588602678432,0.9113922119140625,0.013662550001754425
U-Net,918446_sat_81.jpg,0.8501041699057806,0.9189797890667675,0.9923590692947113,0.8557052756780443,0.8528900146484375,0.013662550001754425
U-Net,918446_sat_83.jpg,0.7813237984367204,0.8772394992110988,0.9490535927115529,0.8155290931815026,0.7993621826171875,0.013662550001754425
U-Net,918446_sat_84.jpg,0.548209533026857,0.7081851924203946,0.6341309823677582,0.8018225249933646,0.6580963134765625,0.013662550001754425
U-Net,919051_sat_02.jpg,0.5858804826938363,0.7388709162983551,0.6362708938240602,0.8809213385484572,0.9125518798828125,0.013662550001754425
U-Net,919051_sat_03.jpg,0.9518158990690838,0.9753131937525985,0.9999839140366117,0.9518304726615731,0.9519805908203125,0.013662550001754425
U-Net,919051_sat_12.jpg,0.0,0.0,0.0,0.0,0.9987030029296875,0.013662550001754425
U-Net,919051_sat_13.jpg,0.9441615132775555,0.971278884834877,0.9837587886368374,0.9591116530864882,0.953155517578125,0.013662550001754425
U-Net,919051_sat_14.jpg,0.9489717347364368,0.9738178525865262,0.9736976380544811,0.9739380968060586,0.9514617919921875,0.013673624998773448
U-Net,919051_sat_18.jpg,0.948654602675059,0.9736508474850004,0.9893657175679003,0.9584273949953896,0.9502105712890625,0.013673624998773448
U-Net,919051_sat_20.jpg,0.6260838502257007,0.7700511263780156,0.6446424690284721,0.9560387791029233,0.64862060546875,0.013673624998773448
U-Net,919051_sat_21.jpg,0.8201845462068104,0.9012103172901245,0.8201845462068104,1.0,0.8242645263671875,0.013673624998773448
U-Net,919051_sat_22.jpg,0.8068340988305808,0.8930915122232639,0.8164617463823054,0.985595479686443,0.909515380859375,0.013673624998773448
U-Net,919051_sat_23.jpg,0.64099148197489,0.7812246303722109,0.6735815038710362,0.9298158287705326,0.728607177734375,0.013673624998773448
U-Net,919051_sat_24.jpg,0.8447655558832203,0.9158513971481552,0.8644282610444999,0.97377963105652,0.8795166015625,0.013673624998773448
U-Net,919051_sat_28.jpg,0.6571997272341915,0.7931448653217376,0.689662508461464,0.9331641064559182,0.7161865234375,0.013673624998773448
U-Net,919051_sat_31.jpg,0.9792633056640625,0.9895230239066246,0.9862005378409527,0.9928679724001361,0.9792633056640625,0.013534149999031797
U-Net,919051_sat_32.jpg,0.7609119178749392,0.8642248486718226,0.7672358429979979,0.9892837136803136,0.8052520751953125,0.013534149999031797
U-Net,919051_sat_33.jpg,0.9623664337417354,0.9808223552894212,0.9753092300608139,0.9863981628687511,0.963348388671875,0.013534149999031797
U-Net,919051_sat_38.jpg,0.8904500299803912,0.942050851235277,0.9278139880449833,0.9567314389190695,0.8968505859375,0.013534149999031797
U-Net,919051_sat_42.jpg,0.8726244944486953,0.9319802203117052,0.9818673788523035,0.8869173266462457,0.8755340576171875,0.013534149999031797
U-Net,919051_sat_43.jpg,0.8396224125797762,0.9128203775277342,0.9045278678239046,0.9212663418270894,0.8991546630859375,0.013534149999031797
U-Net,919051_sat_44.jpg,0.9680772086117297,0.983779705771407,0.97099339989846,0.9969072523195608,0.97113037109375,0.013534149999031797
U-Net,919051_sat_45.jpg,0.9960299820659422,0.9980110429353627,0.9965799119672407,0.9994462901439646,0.9960479736328125,0.013534149999031797
U-Net,919051_sat_47.jpg,0.9638655333953886,0.981600335669552,0.985936378110074,0.9773022651318233,0.9638671875,0.013595649998023873
U-Net,919051_sat_48.jpg,0.8626008504583744,0.9262326388888888,0.935555711429874,0.9170935469453708,0.870330810546875,0.013595649998023873
U-Net,919051_sat_53.jpg,0.9471330688784709,0.9728488350557469,0.9957537154989384,0.9509740024621623,0.95526123046875,0.013595649998023873
U-Net,919051_sat_54.jpg,0.9062536142090045,0.9508216613507142,0.9073930089827789,0.9986163453310758,0.913421630859375,0.013595649998023873
U-Net,919051_sat_55.jpg,0.8153145410794087,0.8982625574018842,0.8317698013291484,0.9763100481620219,0.8360443115234375,0.013595649998023873
U-Net,919051_sat_57.jpg,0.8375525364089532,0.911595744680851,0.8455554641888002,0.9888258486392922,0.84783935546875,0.013595649998023873
U-Net,919051_sat_58.jpg,0.5344739490593791,0.696621730707136,0.5618418268526506,0.9164741802734634,0.541229248046875,0.013595649998023873
U-Net,919051_sat_67.jpg,0.9760102747580386,0.9878595139162933,0.9849102018144787,0.9908265424912689,0.9760589599609375,0.013595649998023873
U-Net,919051_sat_68.jpg,0.9245758056640625,0.9608099644015254,0.9472096295138346,0.9748065445068292,0.9245758056640625,0.013500425000529503
U-Net,919051_sat_74.jpg,0.94826109302724,0.9734435455504749,0.9670579265871441,0.9799140553329149,0.949310302734375,0.013500425000529503
U-Net,919051_sat_75.jpg,0.9467673185175545,0.9726558582650844,0.9504630310157284,0.9959098454640357,0.9500732421875,0.013500425000529503
U-Net,919051_sat_77.jpg,0.8926305813295832,0.9432697433246644,0.9616936479965745,0.9255384907992963,0.892822265625,0.013500425000529503
U-Net,919051_sat_78.jpg,0.9047529382227871,0.9499950571720434,0.9816971430517247,0.9202764388546621,0.907379150390625,0.013500425000529503
U-Net,919051_sat_80.jpg,0.899511665762344,0.9470978062157221,1.0,0.899511665762344,0.901092529296875,0.013500425000529503
U-Net,919051_sat_81.jpg,0.786486746678647,0.8804842780287585,0.9410240165869953,0.8272632147438062,0.7969512939453125,0.013500425000529503
U-Net,919051_sat_85.jpg,0.9473564501788557,0.972966659588023,0.969630915093541,0.9763254347084896,0.961151123046875,0.013500425000529503
U-Net,919051_sat_86.jpg,0.9919202337974902,0.9959437300422888,0.9981756990532508,0.9937217203425655,0.9921112060546875,0.01325973749771947
U-Net,919051_sat_87.jpg,0.9139848959042046,0.9550596745669928,0.9295587039631878,0.981999269005848,0.9228363037109375,0.01325973749771947
U-Net,924236_sat_70.jpg,0.23072805139186295,0.37494562853414526,0.8041044776119403,0.24446965399886558,0.9780731201171875,0.01325973749771947
U-Net,924236_sat_71.jpg,0.16671989779623123,0.285792499315631,1.0,0.16671989779623123,0.9601898193359375,0.01325973749771947
U-Net,924236_sat_80.jpg,0.6755097027757307,0.8063333822020232,0.9990690492949751,0.6759351716721714,0.677490234375,0.01325973749771947
U-Net,924236_sat_82.jpg,0.8576445797237181,0.9233677842198135,0.9978207572868428,0.8592540464461647,0.8701171875,0.01325973749771947
U-Net,924236_sat_83.jpg,0.7326399510553686,0.8456920903954802,0.9770193092194724,0.7454866154803901,0.879974365234375,0.01325973749771947
U-Net,924236_sat_84.jpg,0.0,0.0,0.0,0.0,0.9989166259765625,0.01325973749771947
U-Net,925425_sat_01.jpg,0.8711998068721333,0.9311670551403236,0.9672992387691648,0.8976370118563967,0.8778839111328125,0.01350643749901792
U-Net,925425_sat_03.jpg,0.5487235929953674,0.708613977958569,0.9567496348065191,0.5626810861801765,0.5808258056640625,0.01350643749901792
U-Net,925425_sat_04.jpg,0.7108712892842148,0.8310049899564629,0.9800197230201947,0.7213254437869823,0.7162933349609375,0.01350643749901792
U-Net,925425_sat_13.jpg,0.7646171314803005,0.8666096660173294,0.9023459010976909,0.8335961743908022,0.7690887451171875,0.01350643749901792
U-Net,925425_sat_14.jpg,0.6891784522485301,0.8159924741298212,0.9674085456528204,0.7055601749755974,0.73138427734375,0.01350643749901792
U-Net,925425_sat_20.jpg,0.8154320571582637,0.898333874785353,0.9650406828334397,0.8402528172804778,0.8328704833984375,0.01350643749901792
U-Net,925425_sat_21.jpg,0.8233601171166675,0.9031239735776067,0.940055841516458,0.868984285839698,0.837982177734375,0.01350643749901792
U-Net,925425_sat_23.jpg,0.8562439265289217,0.922555397264036,0.9815196946732163,0.8702741212091774,0.8623046875,0.01350643749901792
U-Net,925425_sat_24.jpg,0.8310155603999098,0.9077099926102308,0.9691842370578179,0.8535690846620083,0.86279296875,0.013401762498688186
U-Net,925425_sat_28.jpg,0.5800554695760102,0.7342216532836805,0.6290191256376597,0.8816816117386748,0.581817626953125,0.013401762498688186
U-Net,925425_sat_30.jpg,0.4396232828777669,0.6107476700418073,0.4930701951110114,0.8022038165432189,0.5723724365234375,0.013401762498688186
U-Net,925425_sat_31.jpg,0.6247831648297735,0.7690665171253559,0.6357104653235871,0.9732245209891369,0.673248291015625,0.013401762498688186
U-Net,925425_sat_33.jpg,0.6756042589570218,0.8064007421150279,0.7918925074015031,0.821450507914009,0.7452392578125,0.013401762498688186
U-Net,925425_sat_34.jpg,0.860595028872709,0.9250750598792294,0.967522272206051,0.8861958084896666,0.86444091796875,0.013401762498688186
U-Net,925425_sat_37.jpg,0.864906680564151,0.9275602791046992,0.8813415868695753,0.9788947872889479,0.8734283447265625,0.013401762498688186
U-Net,925425_sat_38.jpg,0.44194194959988986,0.6129816109761145,0.44194194959988986,1.0,0.4434661865234375,0.013401762498688186
U-Net,925425_sat_40.jpg,0.19058321675114098,0.3201510219020284,0.25405074900642005,0.43274488361193564,0.4614715576171875,0.013539237497752765
U-Net,925425_sat_41.jpg,0.7821362478844724,0.8777513490485658,0.9473351469404958,0.8176902470483183,0.789825439453125,0.013539237497752765
U-Net,925425_sat_46.jpg,0.9593658447265625,0.9792615782382855,0.9762888198757764,0.9822524957427862,0.9593658447265625,0.013539237497752765
U-Net,925425_sat_47.jpg,0.7511325620295511,0.8578820111242674,0.756909084524353,0.9899419018531701,0.7820587158203125,0.013539237497752765
U-Net,925425_sat_48.jpg,0.9741468933463796,0.9869041626331074,0.9902401118968063,0.9835906143871566,0.9741973876953125,0.013539237497752765
U-Net,925425_sat_50.jpg,0.582051074179165,0.7358183103932441,0.6651842792817834,0.8232353345869834,0.6066741943359375,0.013539237497752765
U-Net,925425_sat_51.jpg,0.719495320977315,0.8368680184234211,0.7196656529419263,0.9996711524840636,0.7649078369140625,0.013539237497752765
U-Net,925425_sat_52.jpg,0.6597374179431073,0.7949901120632828,0.6608782483742907,0.9973902815555392,0.7864532470703125,0.013539237497752765
U-Net,925425_sat_53.jpg,0.6972192889827525,0.821601891409847,0.7489696373879835,0.9098341830875936,0.73748779296875,0.01341537500047707
U-Net,925425_sat_54.jpg,0.6511711517374031,0.7887385278651758,0.6683024924819659,0.9621248339973439,0.7039031982421875,0.01341537500047707
U-Net,925425_sat_55.jpg,0.47816304391498254,0.6469692851318293,0.5551098465413499,0.7752589407856165,0.6036376953125,0.01341537500047707
U-Net,925425_sat_56.jpg,0.9010743554653705,0.9479632954648882,0.9440187208516669,0.95194097314544,0.9040374755859375,0.01341537500047707
U-Net,925425_sat_60.jpg,0.28704959495619664,0.446058327637275,0.28704959495619664,1.0,0.40643310546875,0.01341537500047707
U-Net,925425_sat_61.jpg,0.3288087292361918,0.49489248828940685,0.3293644831730769,0.9948944860449285,0.72686767578125,0.01341537500047707
U-Net,925425_sat_62.jpg,0.37536860780129944,0.5458443731697113,0.37536860780129944,1.0,0.602447509765625,0.01341537500047707
U-Net,925425_sat_63.jpg,0.5721052455394503,0.7278205414843443,0.5961629022412139,0.9341112811543507,0.6099090576171875,0.01341537500047707
U-Net,925425_sat_64.jpg,0.6328785520251503,0.7751691652024375,0.6470285366576694,0.9665990723259446,0.6329345703125,0.013528499999665655
U-Net,925425_sat_65.jpg,0.8299800530870597,0.9070919124904517,0.844693094629156,0.9794450725631568,0.8348236083984375,0.013528499999665655
U-Net,925425_sat_80.jpg,0.8531262984564719,0.9207427461010812,0.9958325100145503,0.8561831070750128,0.8543701171875,0.013528499999665655
U-Net,935318_sat_01.jpg,0.5020667509308919,0.6685012508528542,0.583700702966758,0.7821297429620563,0.777587890625,0.013528499999665655
U-Net,935318_sat_02.jpg,0.7691599651196589,0.8695199759029546,0.9045177462542016,0.837129600337446,0.7818756103515625,0.013528499999665655
U-Net,935318_sat_03.jpg,0.5854377474703035,0.7385187446235814,0.8679516029090435,0.6426794812972398,0.712432861328125,0.013528499999665655
U-Net,935318_sat_04.jpg,0.6576107567660748,0.7934441232138771,0.896629530390636,0.7115571140789375,0.696929931640625,0.013528499999665655
U-Net,935318_sat_05.jpg,0.5046195740266477,0.6707603473164846,0.5908297274728611,0.775701400308965,0.7668304443359375,0.013528499999665655
U-Net,935318_sat_10.jpg,0.6015276145710928,0.7511923105143444,0.6364540594305608,0.9163981382026495,0.8447723388671875,0.013550200001191115
U-Net,935318_sat_11.jpg,0.831357170319108,0.9079137415605791,0.964650249821556,0.857480489816636,0.832672119140625,0.013550200001191115
U-Net,935318_sat_15.jpg,0.8324027190122771,0.9085368738821437,0.891867788863497,0.9258409196111711,0.8525238037109375,0.013550200001191115
U-Net,935318_sat_20.jpg,0.7114698505775549,0.8314138286893705,0.9423792256404258,0.7438279013941465,0.750732421875,0.013550200001191115
U-Net,935318_sat_26.jpg,0.3571257542380998,0.5262972176643906,0.7990035892216211,0.3923760917604967,0.5903167724609375,0.013550200001191115
U-Net,935318_sat_27.jpg,0.40607053517950886,0.577596251425135,0.7129028267458403,0.4854579533727861,0.4855499267578125,0.013550200001191115
U-Net,935318_sat_28.jpg,0.42527466024970906,0.5967616938831996,0.5602733674609568,0.6383337774225064,0.555389404296875,0.013550200001191115
U-Net,935318_sat_30.jpg,0.7746466320874107,0.8730150758816027,0.9213678475269774,0.8294842920945147,0.8070831298828125,0.013550200001191115
U-Net,935318_sat_38.jpg,0.6288470867245189,0.7721376571806751,0.9322909730176064,0.6589415817911403,0.684783935546875,0.013714687502215384
U-Net,935318_sat_40.jpg,0.34466355301850893,0.5126390943590403,0.36680780559646536,0.8509502455690796,0.6531524658203125,0.013714687502215384
U-Net,935318_sat_41.jpg,0.964780027773115,0.9820743433213726,0.9986258095087663,0.9660625878613777,0.96478271484375,0.013714687502215384
U-Net,935318_sat_47.jpg,0.9524556627136112,0.9756489541891519,1.0,0.9524556627136112,0.9528350830078125,0.013714687502215384
U-Net,935318_sat_48.jpg,0.47308479595836417,0.6423049063520925,0.5251009112222947,0.8268630585369567,0.6307830810546875,0.013714687502215384
U-Net,935318_sat_51.jpg,0.8462150488747443,0.916702579572739,0.9800105306705781,0.861077606860202,0.8554840087890625,0.013714687502215384
U-Net,935318_sat_56.jpg,0.5966518619747181,0.7473787820430522,0.8813525107241988,0.6487610981091423,0.63970947265625,0.013714687502215384
U-Net,935318_sat_57.jpg,0.6264375105699307,0.7703185723384067,0.6896206655806376,0.8724055701121677,0.7303619384765625,0.013714687502215384
U-Net,935318_sat_60.jpg,0.09561563755937158,0.17454230166405443,0.10445020953901417,0.5306163828061639,0.6222991943359375,0.013778162501694169
U-Net,935318_sat_61.jpg,0.9033697442704751,0.9492320102174571,0.9709330308030804,0.9284798474587416,0.907806396484375,0.013778162501694169
U-Net,935318_sat_63.jpg,0.81372351160444,0.8972960943585179,0.9967672003955426,0.8158767219238852,0.8169097900390625,0.013778162501694169
U-Net,935318_sat_64.jpg,0.686662382963099,0.8142262374486381,0.9894623134410617,0.6917208642850537,0.6874847412109375,0.013778162501694169
U-Net,935318_sat_65.jpg,0.5651816427552647,0.7221930379407571,0.9065511115896,0.6001461076563975,0.6045989990234375,0.013778162501694169
U-Net,935318_sat_66.jpg,0.06974068501637314,0.13038802018697773,0.14619666048237476,0.11766462595191877,0.8396148681640625,0.013778162501694169
U-Net,935318_sat_67.jpg,0.1697374035142159,0.2902145438869914,0.1794251506826848,0.7586685159500693,0.6733856201171875,0.013778162501694169
U-Net,935318_sat_68.jpg,0.3943127227646056,0.5656015559877744,0.5924790437752251,0.5410568097246341,0.6421661376953125,0.013778162501694169
U-Net,935318_sat_71.jpg,0.5890327881680882,0.741372730070791,0.633420288635503,0.8936808049627497,0.6794586181640625,0.013782737500150688
U-Net,935318_sat_72.jpg,0.6520885364040189,0.789411126625662,0.7596668517490284,0.8215795541890853,0.7215423583984375,0.013782737500150688
U-Net,935318_sat_73.jpg,0.1433906633906634,0.2508165721162111,0.27038547071905117,0.2338890670086566,0.86700439453125,0.013782737500150688
U-Net,935318_sat_74.jpg,0.6841524340652957,0.8124590390121073,0.7689344476364586,0.8612065813528337,0.9170379638671875,0.013782737500150688
U-Net,935318_sat_75.jpg,0.08743204763137458,0.16080461822293637,0.09047076943681778,0.7224598930481283,0.7848358154296875,0.013782737500150688
U-Net,935318_sat_76.jpg,0.0441907919908175,0.0846412213740458,0.04558011049723757,0.591801878736123,0.7712860107421875,0.013782737500150688
U-Net,935318_sat_77.jpg,0.7467563416829953,0.8550206160562697,0.8292429529148861,0.8824523342650924,0.781097412109375,0.013782737500150688
U-Net,935318_sat_86.jpg,0.7446074633207528,0.8536103151862464,0.7985364676870292,0.916843627858308,0.844085693359375,0.013782737500150688
U-Net,939614_sat_04.jpg,0.3256649342708652,0.49132314788123377,0.9971916686168968,0.3259638922888617,0.3268585205078125,0.01373059999968973
U-Net,939614_sat_11.jpg,0.817095480254435,0.8993423726308789,0.9907205795567856,0.8233970943900418,0.833709716796875,0.01373059999968973
U-Net,939614_sat_13.jpg,0.9565135836433551,0.9777735167697298,0.9903380860670993,0.9655237704530034,0.957550048828125,0.01373059999968973
U-Net,939614_sat_14.jpg,0.07167500431257547,0.1337625754527163,0.09679298027644044,0.21642503689556386,0.5073089599609375,0.01373059999968973
U-Net,939614_sat_15.jpg,0.5769871353089823,0.7317588360616931,0.6454545454545455,0.8447050910161013,0.7752227783203125,0.01373059999968973
U-Net,939614_sat_16.jpg,0.718797198956474,0.8363955903498962,0.9331883489607473,0.7577950841029502,0.84375,0.01373059999968973
U-Net,939614_sat_17.jpg,0.5188881510293141,0.6832473486315316,0.9581333426759626,0.5309260337798486,0.6130828857421875,0.01373059999968973
U-Net,939614_sat_18.jpg,0.4713698794973613,0.640722480547702,0.9816352831674662,0.47556364897676034,0.53076171875,0.01373059999968973
U-Net,939614_sat_20.jpg,0.2748501756561273,0.4311881990598152,0.28078817733990147,0.9285548056783802,0.8393707275390625,0.013786774998152396
U-Net,939614_sat_21.jpg,0.13952666902154715,0.2448853068815871,0.16673701983959477,0.46091015169194866,0.88848876953125,0.013786774998152396
U-Net,939614_sat_22.jpg,0.47578963930299334,0.6447933047256057,0.6415955020421154,0.648023143683703,0.7966461181640625,0.013786774998152396
U-Net,939614_sat_23.jpg,0.5186843348556773,0.6830706328513866,0.9645232815964523,0.5287722758652325,0.673553466796875,0.013786774998152396
U-Net,939614_sat_27.jpg,0.12180558872701218,0.21715988929103683,0.19507841387224276,0.24487836107554417,0.8316802978515625,0.013786774998152396
U-Net,939614_sat_28.jpg,0.006740941859376463,0.013391611643262346,0.007590933052187665,0.056782334384858045,0.8381195068359375,0.013786774998152396
U-Net,939614_sat_33.jpg,0.35858121230706325,0.5278760063200663,0.36621776803424155,0.9450431034482759,0.9042510986328125,0.013786774998152396
U-Net,939614_sat_50.jpg,0.10960616795165659,0.19755868544600938,0.15245745517783943,0.28055470893020423,0.5435943603515625,0.013786774998152396
U-Net,939614_sat_51.jpg,0.16125889116242814,0.27773116294680317,0.26253172588832485,0.29479871749198433,0.7373046875,0.013844787503330735
U-Net,939614_sat_60.jpg,0.8854532677442024,0.9392471114424152,1.0,0.8854532677442024,0.885589599609375,0.013844787503330735
U-Net,939614_sat_61.jpg,0.5934213239843267,0.7448391898013331,0.8041078664244795,0.6937078109932497,0.8195037841796875,0.013844787503330735
U-Net,939614_sat_71.jpg,0.7727882037533512,0.8718336483931947,0.9034027311394672,0.8423964095605887,0.8913726806640625,0.013844787503330735
U-Net,939614_sat_81.jpg,0.5077059273268681,0.6734813707697235,0.9673388024227555,0.516560900716479,0.62664794921875,0.013844787503330735
U-Net,940229_sat_00.jpg,0.7768595041322314,0.8744186046511628,0.9507245082497935,0.8094513933771813,0.8133697509765625,0.013844787503330735
U-Net,940229_sat_01.jpg,0.7177703623631151,0.8357000191523708,0.9726356013162085,0.7325637171820537,0.7251129150390625,0.013844787503330735
U-Net,940229_sat_02.jpg,0.7865077546031018,0.8804974426521152,0.9947242298921656,0.7898023691155711,0.78680419921875,0.013844787503330735
U-Net,940229_sat_03.jpg,0.7434487118697645,0.8528483881495449,0.9850477466912381,0.7519342668968604,0.7523193359375,0.013838700000633253
U-Net,940229_sat_04.jpg,0.5894020020094519,0.7416651058250608,0.7024881358939105,0.785469873543268,0.831634521484375,0.013838700000633253
U-Net,940229_sat_05.jpg,0.7397568582972992,0.8504140734025323,0.7862389813907933,0.9259965837751503,0.7759246826171875,0.013838700000633253
U-Net,940229_sat_06.jpg,0.2516013564431048,0.4020471137201776,0.45543935432533816,0.35985988233709076,0.6363067626953125,0.013838700000633253
U-Net,940229_sat_07.jpg,0.40688300950806117,0.5784176889737751,0.7560975609756098,0.4683559362360219,0.7372894287109375,0.013838700000633253
U-Net,940229_sat_08.jpg,0.0,0.0,0.0,0.0,0.5685882568359375,0.013838700000633253
U-Net,940229_sat_10.jpg,0.3236287563468369,0.48900230490615737,0.4686927980811715,0.51115164865423,0.526397705078125,0.013838700000633253
U-Net,940229_sat_11.jpg,0.5252820924413389,0.6887671402482434,0.9704599639472001,0.5338173908871368,0.5397186279296875,0.013838700000633253
U-Net,940229_sat_13.jpg,0.5778950002084984,0.7324885371106912,0.8795696877380046,0.6275499807548622,0.6910858154296875,0.01388789999691653
U-Net,940229_sat_14.jpg,0.36901890881129634,0.539099798309888,0.4167686416926539,0.7630818155536282,0.7245330810546875,0.01388789999691653
U-Net,940229_sat_16.jpg,0.9254884072104949,0.9613024973245868,0.9999660089396488,0.9255175234379915,0.9277191162109375,0.01388789999691653
U-Net,940229_sat_17.jpg,0.38354815610454707,0.554441353432102,0.7082254421244009,0.4555279943302622,0.6847381591796875,0.01388789999691653
U-Net,940229_sat_18.jpg,0.43931217415165097,0.6104473817996949,0.5933780834328543,0.6285278080697928,0.719390869140625,0.01388789999691653
U-Net,940229_sat_20.jpg,0.354293303366195,0.523215026590729,0.7579913665919895,0.3994816414686825,0.614227294921875,0.01388789999691653
U-Net,940229_sat_21.jpg,0.5571984918775504,0.7156422187459522,0.9675090252707581,0.5678235433631117,0.5645294189453125,0.01388789999691653
U-Net,940229_sat_23.jpg,0.5142768104086323,0.6792375170426774,0.8215308027380211,0.5789589089154936,0.619476318359375,0.01388789999691653
U-Net,940229_sat_24.jpg,0.15702753053198096,0.2714326606555031,0.16407128644346397,0.7853002070393375,0.689300537109375,0.013975612502690637
U-Net,940229_sat_25.jpg,0.9484628456666152,0.9735498398401573,0.984572454936173,0.9627712959478109,0.9490966796875,0.013975612502690637
U-Net,940229_sat_27.jpg,0.3194812620198555,0.48425282149258436,0.8218344698489103,0.3432552425097032,0.6004486083984375,0.013975612502690637
U-Net,940229_sat_28.jpg,0.09529446581828943,0.17400702512834368,0.1296818364881192,0.26436781609195403,0.9533538818359375,0.013975612502690637
U-Net,940229_sat_30.jpg,0.2954194150686399,0.45609848305845657,0.9579652605459057,0.29929915961174686,0.297515869140625,0.013975612502690637
U-Net,940229_sat_31.jpg,0.4136366442372986,0.5852092840455032,0.9743347389850225,0.41819316586050864,0.420257568359375,0.013975612502690637
U-Net,940229_sat_32.jpg,0.572564950109666,0.7281924350021117,0.9855893222727393,0.577398753894081,0.5777435302734375,0.013975612502690637
U-Net,940229_sat_33.jpg,0.916279515302457,0.9563109222694326,0.9953176213516466,0.9202462840925489,0.91998291015625,0.013975612502690637
U-Net,940229_sat_34.jpg,0.1089603178646019,0.19650895728066145,0.13525134366108124,0.35919395465994963,0.73309326171875,0.013985049998154864
U-Net,940229_sat_35.jpg,0.6219660545675723,0.7669285714285714,0.6988641911022879,0.8496814782574289,0.80084228515625,0.013985049998154864
U-Net,940229_sat_36.jpg,0.7569909868269008,0.8616902334758303,0.8758216537801644,0.8480075942266618,0.807464599609375,0.013985049998154864
U-Net,940229_sat_37.jpg,0.07815908486299548,0.14498618239242006,0.1460964694181999,0.14389264374571456,0.735626220703125,0.013985049998154864
U-Net,940229_sat_40.jpg,0.38660980671941886,0.5576331637724375,0.9395145401528884,0.39647804180454627,0.4227752685546875,0.013985049998154864
U-Net,940229_sat_41.jpg,0.44065792302730594,0.6117453921349153,0.9839174267882861,0.4438548998375744,0.4442596435546875,0.013985049998154864
U-Net,940229_sat_42.jpg,0.552281500392169,0.7115738997760913,0.9721440173253926,0.561161983935994,0.5557861328125,0.013985049998154864
U-Net,940229_sat_43.jpg,0.7488266341859521,0.8563760632963114,0.9913355693154455,0.7537598901458183,0.764007568359375,0.013985049998154864
U-Net,940229_sat_44.jpg,0.49369443025038323,0.6610380547079189,0.7904571783879307,0.5680353699261559,0.6220245361328125,0.014060512497962918
U-Net,940229_sat_45.jpg,0.7409682560765042,0.8512139764643055,0.860818578096671,0.8418213369548816,0.8809661865234375,0.014060512497962918
U-Net,940229_sat_46.jpg,0.14439709200300826,0.25235487404162105,0.17292104473131192,0.46677471636953,0.8437652587890625,0.014060512497962918
U-Net,940229_sat_47.jpg,0.031464530892448515,0.06100942872989462,0.033598045204642636,0.3313253012048193,0.7933349609375,0.014060512497962918
U-Net,940229_sat_50.jpg,0.27025365962677395,0.4255113261491093,0.4965354411538264,0.3722630546042252,0.601409912109375,0.014060512497962918
U-Net,940229_sat_51.jpg,0.25609422611141497,0.40776276299625236,0.5718086266300318,0.31685920054135047,0.4188690185546875,0.014060512497962918
U-Net,940229_sat_53.jpg,0.7544675755342668,0.8600530281154017,0.9837650638587501,0.763979790128255,0.7559661865234375,0.014060512497962918
U-Net,940229_sat_54.jpg,0.15781354600227027,0.2726061489730762,0.20478924308807978,0.4075772382169435,0.5584869384765625,0.014060512497962918
U-Net,940229_sat_55.jpg,0.2041591837797038,0.3390900248568032,0.20911199381514756,0.8960475211331963,0.5334320068359375,0.014080724999075755
U-Net,940229_sat_61.jpg,0.018018755886809453,0.03539965404883543,0.02044989775051125,0.13161830690996112,0.6341094970703125,0.014080724999075755
U-Net,940229_sat_62.jpg,0.5969502632028447,0.7476128430018864,0.9504536801246075,0.6161230867858002,0.60394287109375,0.014080724999075755
U-Net,940229_sat_63.jpg,0.8634176245210728,0.9267032930881337,0.9759891899383272,0.882155831141175,0.864013671875,0.014080724999075755
U-Net,940229_sat_64.jpg,0.0520925682492128,0.09902658724393433,0.06324697498329745,0.22802087515054195,0.5268707275390625,0.014080724999075755
U-Net,940229_sat_72.jpg,0.3140109658371995,0.4779426869350863,0.6651538434049244,0.3729686404167919,0.379547119140625,0.014080724999075755
U-Net,940229_sat_73.jpg,0.5733031041818718,0.7287891349836156,0.9557574816195505,0.5889324910668708,0.580718994140625,0.014080724999075755
U-Net,940229_sat_74.jpg,0.05487926561564558,0.10404842981460462,0.06646124101262764,0.23949488351839757,0.7109375,0.014080724999075755
U-Net,940229_sat_82.jpg,0.3592222046568351,0.52857024175459,0.8556673301414816,0.3823925377440138,0.5670623779296875,0.013888412500818959
U-Net,940229_sat_83.jpg,0.2601172963388734,0.4128461645508945,0.8071342200725514,0.27735649138844454,0.4205780029296875,0.013888412500818959
U-Net,940229_sat_84.jpg,0.03785874211276206,0.07295548146695431,0.05886075949367089,0.0959257349149046,0.7836151123046875,0.013888412500818959
U-Net,943943_sat_06.jpg,0.5656830566766651,0.7226022588216413,0.5736376086887283,0.9760730544114459,0.5780029296875,0.013888412500818959
U-Net,943943_sat_07.jpg,0.145824919632328,0.25453263781192725,0.1458272753707473,0.9998892334957908,0.19317626953125,0.013888412500818959
U-Net,943943_sat_08.jpg,0.025955426824362377,0.05059757206938737,0.026490392511085564,0.5624128312412832,0.07635498046875,0.013888412500818959
U-Net,943943_sat_13.jpg,0.9205780029296875,0.9586468256175169,0.9618947401986575,0.9554207709118551,0.9205780029296875,0.013888412500818959
U-Net,943943_sat_14.jpg,0.5894264788033021,0.7416844838863994,0.6039334774866446,0.9608428401588547,0.5962677001953125,0.013888412500818959
U-Net,943943_sat_15.jpg,0.755874915191513,0.8609666994520163,0.7879762096126025,0.9488598970229569,0.7584228515625,0.013765687501290813
U-Net,943943_sat_16.jpg,0.9603290899655036,0.9797631376091069,0.9974158977773551,0.9627243653501859,0.9603424072265625,0.013765687501290813
U-Net,943943_sat_18.jpg,0.9454199118238936,0.9719443150322565,0.9519272412299696,0.9928213070060817,0.9457855224609375,0.013765687501290813
U-Net,943943_sat_23.jpg,0.6003694484885487,0.7502885650004891,0.6110641959178471,0.9716739719780081,0.6104736328125,0.013765687501290813
U-Net,943943_sat_26.jpg,0.11671620546740905,0.20903467666354264,0.12085220746006632,0.7732630703092498,0.356109619140625,0.013765687501290813
U-Net,943943_sat_27.jpg,0.3345839139600529,0.5014055848571658,0.3374232023494226,0.9754674722641804,0.431671142578125,0.013765687501290813
U-Net,943943_sat_28.jpg,0.43751853296917675,0.6087135893343756,0.43943882749431773,0.9901108992018083,0.4500579833984375,0.013765687501290813
U-Net,943943_sat_33.jpg,0.5701635185940118,0.726247313534019,0.5770244562103188,0.9795719844357976,0.7104034423828125,0.013765687501290813
U-Net,943943_sat_34.jpg,0.1018826770749627,0.18492472782205552,0.1035649687846432,0.8624878522837707,0.522491455078125,0.01375239999833866
U-Net,943943_sat_35.jpg,0.2678102772811989,0.42247689907596303,0.2941164184715637,0.7496406707479372,0.41253662109375,0.01375239999833866
U-Net,943943_sat_36.jpg,0.5477702970297029,0.7078185930831192,0.551914574388278,0.9864772338240329,0.5644073486328125,0.01375239999833866
U-Net,943943_sat_37.jpg,0.6505516840882695,0.788283929985047,0.6569310962697508,0.9852923212235225,0.6694488525390625,0.01375239999833866
U-Net,943943_sat_38.jpg,0.4565644547798028,0.6269059405940594,0.45940504262651916,0.9866380989481885,0.540008544921875,0.01375239999833866
U-Net,943943_sat_40.jpg,0.9171695259628164,0.9567954357110984,0.9471948756784047,0.9665926069036579,0.917266845703125,0.01375239999833866
U-Net,943943_sat_41.jpg,0.9363791839726362,0.967144443322903,0.9690028317152104,0.9652931694539593,0.940399169921875,0.01375239999833866
U-Net,943943_sat_43.jpg,0.8203465816018622,0.9013081243902208,0.8964256778399563,0.9062440473922816,0.8410186767578125,0.01375239999833866
U-Net,943943_sat_44.jpg,0.883344327176781,0.9380592963592106,0.9537935578070191,0.9228357308984408,0.892059326171875,0.0137517624971224
U-Net,943943_sat_50.jpg,0.1286276080544733,0.2279363133358068,0.14152077240495173,0.5853840417598807,0.2696990966796875,0.0137517624971224
U-Net,943943_sat_51.jpg,0.739426072885645,0.8501954574694444,0.7786458805401976,0.9362249346120314,0.7690277099609375,0.0137517624971224
U-Net,943943_sat_52.jpg,0.8806464076332544,0.9365358677302082,0.8816831766427285,0.9986665142682973,0.8915863037109375,0.0137517624971224
U-Net,943943_sat_53.jpg,0.8219935259268307,0.9023012587365704,0.953641210961719,0.85620675944334,0.822113037109375,0.0137517624971224
U-Net,943943_sat_60.jpg,0.6151683535092942,0.7617389879794402,0.80602383531961,0.7220669306623185,0.8224639892578125,0.0137517624971224
U-Net,943943_sat_61.jpg,0.3541797831409584,0.5230912284326893,0.393823895457374,0.7786834820055367,0.577392578125,0.0137517624971224
U-Net,943943_sat_62.jpg,0.9011455332996197,0.9480026831355678,0.9563644848909112,0.9397858338492582,0.931396484375,0.0137517624971224
U-Net,943943_sat_63.jpg,0.8361451535890498,0.9107614961210072,0.9102880658436214,0.9112354191058497,0.87432861328125,0.013866674999007955
U-Net,943943_sat_70.jpg,0.6509841776136316,0.7886013523819208,0.6893471401271054,0.9212448773534477,0.7462158203125,0.013866674999007955
U-Net,943943_sat_71.jpg,0.9385219498726877,0.9682861212217123,0.9977333876885447,0.9405272461763123,0.9388427734375,0.013866674999007955
U-Net,943943_sat_82.jpg,0.9365586205822339,0.9672401450988909,0.9988703568343411,0.9375516504763538,0.9378509521484375,0.013866674999007955
U-Net,943943_sat_88.jpg,0.9472278817064889,0.9728988482605008,0.9604663901713749,0.9856573833156661,0.9478302001953125,0.013866674999007955
U-Net,949559_sat_70.jpg,0.20085627136084672,0.33452175110553456,0.2038833140597605,0.9311696055882103,0.3363800048828125,0.013866674999007955
U-Net,949559_sat_71.jpg,0.0,0.0,0.0,0.0,0.8904266357421875,0.013866674999007955
U-Net,949559_sat_80.jpg,0.9900054931640625,0.9949776486194285,0.9996918383383924,0.9903077110934734,0.9900054931640625,0.013866674999007955
U-Net,949559_sat_81.jpg,0.6458706135695005,0.7848376515682011,0.6664893117586304,0.9542908357606991,0.82183837890625,0.013873762498405995
U-Net,949559_sat_82.jpg,0.8032418251663075,0.8908864179569781,0.8071238035462106,0.9940478491091099,0.90386962890625,0.013873762498405995
U-Net,949559_sat_83.jpg,0.7737623762376238,0.8724532514652525,0.8502883255358503,0.8958046767537826,0.9651336669921875,0.013873762498405995
U-Net,950926_sat_03.jpg,0.5826138945354538,0.7362678876346767,0.6996754645452196,0.7768990369283756,0.7336883544921875,0.013873762498405995
U-Net,950926_sat_04.jpg,0.0350022552999549,0.06763706092565153,0.04185093301693453,0.17620345140781107,0.5103302001953125,0.013873762498405995
U-Net,950926_sat_05.jpg,0.5113726549703652,0.6766996257192336,0.5784356794957501,0.8151816958277255,0.5584564208984375,0.013873762498405995
U-Net,950926_sat_13.jpg,0.7582129796070167,0.8624813812675721,0.9524449116250098,0.788046191756994,0.7619171142578125,0.013873762498405995
U-Net,950926_sat_14.jpg,0.7874233222449416,0.8810708828124333,1.0,0.7874233222449416,0.7874298095703125,0.013873762498405995
U-Net,950926_sat_30.jpg,0.9574351145038168,0.9782547655445668,0.998789577626298,0.958547322083639,0.95745849609375,0.013779787499515805
U-Net,950926_sat_31.jpg,0.19036488121881268,0.3198429056877054,0.19325468284555444,0.9271699636657247,0.254791259765625,0.013779787499515805
U-Net,950926_sat_32.jpg,0.21593667726604437,0.3551775043936731,0.21902961781230493,0.9386193059374304,0.3001861572265625,0.013779787499515805
U-Net,950926_sat_33.jpg,0.36650421927127624,0.5364113979343936,0.36997721794829463,0.9750271916467261,0.4089202880859375,0.013779787499515805
U-Net,950926_sat_34.jpg,0.8985701860131536,0.9465756837782011,0.9610118319053448,0.932566831369568,0.8985748291015625,0.013779787499515805
U-Net,950926_sat_41.jpg,0.9381473808819177,0.9680867307985952,0.9813228768960891,0.9552028927280032,0.942596435546875,0.013779787499515805
U-Net,950926_sat_42.jpg,0.5524158285964145,0.7116853853466183,0.6818457802064359,0.7442562592047128,0.750091552734375,0.013779787499515805
U-Net,950926_sat_43.jpg,0.0029599466183037625,0.005902422381439782,0.002985538259759086,0.25667655786350146,0.110809326171875,0.013779787499515805
U-Net,950926_sat_44.jpg,0.3063964241676942,0.46907113108932386,0.30914576302816354,0.9717931169339069,0.3133392333984375,0.013545699999667704
U-Net,950926_sat_45.jpg,0.9117201719101296,0.9538217834456054,0.9898542061040816,0.9203205088618539,0.91192626953125,0.013545699999667704
U-Net,950926_sat_53.jpg,0.5179368517789156,0.6824221326097063,0.5179368517789156,1.0,0.5517730712890625,0.013545699999667704
U-Net,950926_sat_55.jpg,0.76530183557394,0.8670492718602119,0.7779858407661098,0.9791408252708178,0.7783660888671875,0.013545699999667704
U-Net,950926_sat_60.jpg,0.9384166147183306,0.9682300570403345,0.9814195275104226,0.9553903966597077,0.942718505859375,0.013545699999667704
U-Net,950926_sat_61.jpg,0.770416904625928,0.8703225806451613,0.7980960576561071,0.9569226800799638,0.797576904296875,0.013545699999667704
U-Net,950926_sat_62.jpg,0.6056045455471153,0.754363267376966,0.6232995870800059,0.9552214834088207,0.704498291015625,0.013545699999667704
U-Net,950926_sat_63.jpg,0.816651904340124,0.8990736226231106,0.8214540270848183,0.9928925263838035,0.8262786865234375,0.013545699999667704
U-Net,950926_sat_64.jpg,0.6849206641387181,0.8130004916152291,0.7283457631099889,0.919921875,0.7388153076171875,0.013504862501577009
U-Net,950926_sat_65.jpg,0.72357177734375,0.8396189666772903,0.7296843984181451,0.9885551085075778,0.72357177734375,0.013504862501577009
U-Net,950926_sat_66.jpg,0.8850326376758297,0.9390104128563416,0.893452132349529,0.9894644876143489,0.8855133056640625,0.013504862501577009
U-Net,950926_sat_67.jpg,0.8015150343974646,0.8898233088191125,0.8670189638449447,0.913859658399873,0.8040924072265625,0.013504862501577009
U-Net,950926_sat_70.jpg,0.7843505377712722,0.8791440035666518,0.9094900745332448,0.8507576019052221,0.793182373046875,0.013504862501577009
U-Net,950926_sat_71.jpg,0.011873273379180626,0.02346790589602091,0.012129703763010409,0.3596439169139466,0.2304534912109375,0.013504862501577009
U-Net,950926_sat_73.jpg,0.05663386744534145,0.10719676737651239,0.05734019030583091,0.8213523131672598,0.4133758544921875,0.013504862501577009
U-Net,950926_sat_74.jpg,0.34602138843574404,0.5141395098303259,0.3742536847921011,0.821011064628377,0.3944091796875,0.013504862501577009
U-Net,950926_sat_75.jpg,0.748872469052874,0.8564060356652949,0.7660117460369394,0.9709889471828795,0.760406494140625,0.013546237500122515
U-Net,950926_sat_76.jpg,0.6671017875790897,0.8003132052876422,0.6703342489429338,0.992823349256051,0.6692352294921875,0.013546237500122515
U-Net,950926_sat_77.jpg,0.1491957678429454,0.25965248396796253,0.1491957678429454,1.0,0.150909423828125,0.013546237500122515
U-Net,950926_sat_78.jpg,0.236785888671875,0.3829052236780418,0.2368184107314542,0.999420364526309,0.236785888671875,0.013546237500122515
U-Net,950926_sat_81.jpg,0.5735438819235043,0.7289836508688943,0.6435580090820051,0.8405591477880634,0.5899810791015625,0.013546237500122515
U-Net,950926_sat_82.jpg,0.020066390660549775,0.039343303228637244,0.020066390660549775,1.0,0.5991058349609375,0.013546237500122515
U-Net,950926_sat_85.jpg,0.17547499030632027,0.2985601425013607,0.1757578111346292,0.9909130720385373,0.3510589599609375,0.013546237500122515
U-Net,950926_sat_87.jpg,0.6160430908203125,0.7624092381195177,0.6175130009177119,0.9961509042907548,0.6160430908203125,0.013546237500122515
U-Net,952430_sat_50.jpg,0.0,0.0,0.0,0.0,0.80792236328125,0.013600449998193653
U-Net,952430_sat_51.jpg,0.0,0.0,0.0,0.0,0.939727783203125,0.013600449998193653
U-Net,952430_sat_61.jpg,0.20522720522720522,0.3405618531296205,0.8291447236850876,0.21428940612993816,0.2650146484375,0.013600449998193653
U-Net,952430_sat_62.jpg,0.005340261239806596,0.010623788672744239,0.005431790655852021,0.24065040650406505,0.579376220703125,0.013600449998193653
U-Net,952430_sat_71.jpg,0.2347949384493093,0.3802978634560512,0.9576761303890642,0.23725686002084057,0.456512451171875,0.013600449998193653
U-Net,952430_sat_72.jpg,0.004427017455097395,0.00881501070394157,0.006680664248902462,0.012953367875647668,0.8798980712890625,0.013600449998193653
U-Net,952430_sat_81.jpg,0.47051921384570256,0.6399361659684819,0.9538392923511484,0.48148287118682226,0.559326171875,0.013600449998193653
U-Net,952430_sat_82.jpg,0.4723106906878357,0.6415910631840636,0.9804618117229129,0.47679831085944624,0.8306121826171875,0.013600449998193653
U-Net,952430_sat_83.jpg,0.0,0.0,0.0,0.0,0.9862213134765625,0.013700699997571064
U-Net,961407_sat_04.jpg,0.7262117231836686,0.8413935711713386,0.9882385045708828,0.732543086010195,0.7916717529296875,0.013700699997571064
U-Net,961407_sat_05.jpg,0.0971687429218573,0.17712634186622625,0.1716686674669868,0.18294243070362473,0.939178466796875,0.013700699997571064
U-Net,961407_sat_15.jpg,0.5558235060288856,0.7145071454121174,0.9691340911191202,0.565840235249683,0.7442474365234375,0.013700699997571064
U-Net,961407_sat_25.jpg,0.8257328990228013,0.9045495093666369,1.0,0.8257328990228013,0.8285675048828125,0.013700699997571064
U-Net,961407_sat_26.jpg,0.2515575245742766,0.40199115044247785,0.625258086717137,0.29621780241278123,0.752532958984375,0.013700699997571064
U-Net,961407_sat_34.jpg,0.9619481773430204,0.980605082694635,0.9985376753967993,0.9633052244483895,0.96331787109375,0.013700699997571064
U-Net,961407_sat_35.jpg,0.9007584181090994,0.9477884296366145,0.9992635823038828,0.9013567597190162,0.90875244140625,0.013700699997571064
U-Net,961407_sat_36.jpg,0.6370717617255013,0.7783064574445007,0.9759883931809938,0.6472158749248347,0.7660980224609375,0.013794950002193218
U-Net,961407_sat_37.jpg,0.2511185682326622,0.40143048725972286,0.4165120593692022,0.38740293356341676,0.959136962890625,0.013794950002193218
U-Net,961407_sat_44.jpg,0.9162782359268555,0.9563102254654318,0.9767033807025468,0.9367512538114201,0.9216156005859375,0.013794950002193218
U-Net,961407_sat_45.jpg,0.9365174474526562,0.9672181871478357,0.9984533916113306,0.9378779983261484,0.938568115234375,0.013794950002193218
U-Net,961407_sat_46.jpg,0.8889689978370584,0.9412213740458015,0.9997003613289857,0.8892059261581876,0.89190673828125,0.013794950002193218
U-Net,961407_sat_47.jpg,0.42656290531776914,0.5980288758773684,0.9284625374061318,0.44105892766140065,0.662689208984375,0.013794950002193218
U-Net,961407_sat_54.jpg,0.9315307088744589,0.9645517977990422,0.9888170884939868,0.9414489087894997,0.9382171630859375,0.013794950002193218
U-Net,961407_sat_55.jpg,0.9311357331732719,0.9643400173049621,0.9991644326846082,0.9318613523824986,0.9352264404296875,0.013794950002193218
U-Net,961407_sat_56.jpg,0.8905848276759852,0.9421262824485299,0.9999451884603439,0.8906283054791623,0.89739990234375,0.013742162500420818
U-Net,961407_sat_57.jpg,0.7258959597531248,0.8411815968987589,0.9894895602582835,0.7315364914542571,0.7580718994140625,0.013742162500420818
U-Net,961407_sat_58.jpg,0.7077621506142069,0.8288767266093302,0.9538147792706334,0.7328786063231634,0.9499053955078125,0.013742162500420818
U-Net,961407_sat_64.jpg,0.9785684464443104,0.989168151552096,0.9999841987169358,0.9785835781660739,0.978851318359375,0.013742162500420818
U-Net,961407_sat_68.jpg,0.5676391295975352,0.7241961735712311,0.911980818315415,0.6005398798003463,0.725921630859375,0.013742162500420818
U-Net,961407_sat_78.jpg,0.6925457828217694,0.8183480646144469,0.978030734206033,0.7034896097728724,0.708984375,0.013742162500420818
U-Net,967818_sat_18.jpg,0.042412584158108654,0.08137389130305375,0.04387597894466556,0.5597870597870598,0.529052734375,0.013742162500420818
U-Net,967818_sat_26.jpg,0.002882274014808925,0.005747980773995342,0.0029329962073324904,0.14285714285714285,0.6938323974609375,0.013742162500420818
U-Net,967818_sat_27.jpg,0.6508598134213898,0.7885100941096744,0.6866291022614787,0.9258926508714737,0.7047576904296875,0.013409562499873573
U-Net,967818_sat_28.jpg,0.9048990405976928,0.9500755906872274,0.9746880317640386,0.9266755422234955,0.9118194580078125,0.013409562499873573
U-Net,967818_sat_36.jpg,0.45144169976313026,0.6220597077193025,0.4539642172752834,0.9878409976617303,0.5300140380859375,0.013409562499873573
U-Net,967818_sat_46.jpg,0.15947115295341022,0.27507567143383355,0.16063746212262917,0.9564539481011248,0.3093109130859375,0.013409562499873573
U-Net,967818_sat_47.jpg,0.5955412252418241,0.746506847733204,0.6165334655807122,0.9459190541687396,0.6650390625,0.013409562499873573
U-Net,967818_sat_48.jpg,0.47662025098848204,0.6455556202340066,0.4857047755859991,0.9622392669975358,0.5354461669921875,0.013409562499873573
U-Net,96870_sat_70.jpg,0.9661158688615985,0.9827659540950551,0.9824409448818897,0.9830911784172208,0.96661376953125,0.013409562499873573
U-Net,96870_sat_71.jpg,0.98648586672374,0.9931969647996799,0.9901034154724276,0.9963099061264822,0.98651123046875,0.013409562499873573
U-Net,96870_sat_72.jpg,0.9954827091536184,0.997736241549145,0.996045137351311,0.9994330978902048,0.9954833984375,0.013600575002783444
U-Net,96870_sat_82.jpg,0.040836456894851055,0.07846853677028051,0.04387452310300975,0.3709677419354839,0.925811767578125,0.013600575002783444
U-Net,96870_sat_83.jpg,0.06371497301865939,0.1197970784181896,0.0791343669250646,0.2464168971586623,0.7802581787109375,0.013600575002783444
U-Net,96870_sat_84.jpg,0.4624386103195295,0.6324212271973466,0.5162447542980912,0.8160710464369784,0.864715576171875,0.013600575002783444
U-Net,96870_sat_85.jpg,0.8361696723393447,0.9107760409461889,0.8937394798284194,0.9284747292418772,0.9507904052734375,0.013600575002783444
U-Net,96870_sat_86.jpg,0.9295322300309832,0.9634793506569801,0.9617655107705539,0.9651993094789705,0.9715423583984375,0.013600575002783444
U-Net,96870_sat_87.jpg,0.9387761037752312,0.9684213684573726,0.9705325194695853,0.9663193820729298,0.9678802490234375,0.013600575002783444
U-Net,96870_sat_88.jpg,0.8895420650532961,0.9415424842930986,0.9306260170383842,0.9527180969646488,0.9263153076171875,0.013600575002783444
U-Net,978039_sat_30.jpg,0.39172545737175657,0.562934960048114,0.39172545737175657,1.0,0.6118927001953125,0.01345959999889601
U-Net,978039_sat_40.jpg,0.9698983218468956,0.9847191716347662,0.9970453678993519,0.9726940242995289,0.97027587890625,0.01345959999889601
U-Net,978039_sat_41.jpg,0.6631805157593124,0.7974847101386855,0.7007929148610034,0.9251292812710785,0.7130126953125,0.01345959999889601
U-Net,978039_sat_42.jpg,0.20514260381262006,0.34044536001569553,0.20726827520305782,0.9523874862788145,0.589630126953125,0.01345959999889601
U-Net,978039_sat_51.jpg,0.9379192236335093,0.9679652404448045,0.9616153733599961,0.9743995255510527,0.9402618408203125,0.01345959999889601
U-Net,978039_sat_52.jpg,0.2551006976438068,0.4065023597273204,0.2551006976438068,1.0,0.65460205078125,0.01345959999889601
U-Net,978039_sat_61.jpg,0.8715491825247923,0.9313665819340518,0.9024648314860106,0.9621807556451464,0.88299560546875,0.01345959999889601
U-Net,978039_sat_67.jpg,0.7999772157666895,0.8888748243693118,0.7999772157666895,1.0,0.8660430908203125,0.01345959999889601
U-Net,978039_sat_68.jpg,0.8694292283762765,0.9301547394029284,0.905194416574255,0.9565306350210185,0.8821563720703125,0.013335199997527525
U-Net,978039_sat_71.jpg,0.9785882027904407,0.9891782447811213,0.9931459904043866,0.9852420763085101,0.9787139892578125,0.013335199997527525
U-Net,978039_sat_72.jpg,0.44570497716496493,0.6165918831364816,0.5154930525182518,0.7670204245094113,0.7092437744140625,0.013335199997527525
U-Net,978039_sat_75.jpg,0.1486736786399418,0.258861470241009,0.15461080727823065,0.7947312588401697,0.6072540283203125,0.013335199997527525
U-Net,978039_sat_76.jpg,0.07104803307334953,0.1326701153999204,0.0854258481090499,0.2968304843304843,0.66741943359375,0.013335199997527525
U-Net,978039_sat_77.jpg,0.8863549739550248,0.9397541673682438,0.9787801199537021,0.9037209754201885,0.89080810546875,0.013335199997527525
U-Net,978039_sat_82.jpg,0.6459467484905473,0.78489386012388,0.7721797571999905,0.798033652905498,0.7270965576171875,0.013335199997527525
U-Net,978039_sat_84.jpg,0.33218616846935434,0.4987083282076516,0.33822793258801936,0.9489700374531835,0.875640869140625,0.013335199997527525
U-Net,978039_sat_85.jpg,0.7776126952013657,0.8748955239805808,0.8163339804536479,0.9425084771738922,0.785308837890625,0.013344424998649629
U-Net,978039_sat_86.jpg,0.967803955078125,0.9836385912129154,0.9997478011411999,0.968040293040293,0.967803955078125,0.013344424998649629
U-Net,981253_sat_01.jpg,0.7455089363390772,0.8542023713756077,0.7575804575416828,0.9790735432660507,0.745574951171875,0.013344424998649629
U-Net,981253_sat_02.jpg,0.7115233381135218,0.8314503486674956,0.7195452844311377,0.9845730380233004,0.71453857421875,0.013344424998649629
U-Net,981253_sat_03.jpg,0.8220088386300124,0.902310484122667,0.8598548581723007,0.9491763911297888,0.8328399658203125,0.013344424998649629
U-Net,981253_sat_11.jpg,0.9952185270619147,0.9976035342128031,1.0,0.9952185270619147,0.9952239990234375,0.013344424998649629
U-Net,981253_sat_12.jpg,0.7170515261315482,0.8352125899763044,0.8204592168367795,0.8505062645687645,0.7187957763671875,0.013344424998649629
U-Net,981253_sat_42.jpg,0.9473370132776369,0.9729564084884701,0.9857867319833029,0.9604557753390586,0.9515228271484375,0.013344424998649629
U-Net,981253_sat_50.jpg,0.5108023237556917,0.6762000769046902,0.5111072707848928,0.9988333179822542,0.5245819091796875,0.013326862499525305
U-Net,981253_sat_52.jpg,0.9877343881759502,0.9938293506934267,0.9995190368324697,0.9882040741195238,0.98779296875,0.013326862499525305
U-Net,981253_sat_60.jpg,0.16667525817482,0.2857269098781979,0.16805849128521433,0.9529423322526771,0.2599945068359375,0.013326862499525305
U-Net,981253_sat_61.jpg,0.41581815454863597,0.5873892112666109,0.4480436695336769,0.8525351920185869,0.4651031494140625,0.013326862499525305
U-Net,981253_sat_62.jpg,0.8605098458250648,0.9250258446694344,0.9822446028122876,0.8741064644679103,0.860565185546875,0.013326862499525305
U-Net,981253_sat_70.jpg,0.7582514917951269,0.8625062971179086,0.8028266341993122,0.9317713107241063,0.7626190185546875,0.013326862499525305
U-Net,981253_sat_71.jpg,0.20768426644731205,0.3439380179362016,0.2076949443016281,0.9997525160864544,0.294525146484375,0.013326862499525305
U-Net,981253_sat_72.jpg,0.9378372074943637,0.9679215610758072,0.9666340806743697,0.9692124756961741,0.938995361328125,0.013326862499525305
U-Net,981852_sat_10.jpg,0.6996713229252259,0.8233019095963259,0.9705431878895815,0.7148516410000787,0.821533203125,0.013327212498552399
U-Net,981852_sat_11.jpg,0.42776454953208926,0.5992088116661496,0.870913190529876,0.45672224192976235,0.68463134765625,0.013327212498552399
U-Net,981852_sat_12.jpg,0.468957408882315,0.6384901373541257,0.8688167509836987,0.5046938775510204,0.786346435546875,0.013327212498552399
U-Net,981852_sat_13.jpg,0.33460282916213274,0.5014268242967794,0.40850215875124546,0.6490765171503958,0.962677001953125,0.013327212498552399
U-Net,981852_sat_23.jpg,0.11497639416421142,0.20624005093919134,0.1809800525227692,0.23969510841411973,0.61956787109375,0.013327212498552399
U-Net,981852_sat_33.jpg,0.15148151504168178,0.2631071590171352,0.4230404251281078,0.19092622201918685,0.4284515380859375,0.013327212498552399
U-Net,981852_sat_42.jpg,0.49973219068023567,0.6664285714285715,0.9685730464326161,0.5079687190655315,0.529693603515625,0.013327212498552399
U-Net,981852_sat_43.jpg,0.3105368905618149,0.4739078965242873,0.3634793998571088,0.680715838769025,0.5863494873046875,0.013327212498552399
U-Net,981852_sat_50.jpg,0.4888168405225073,0.6566514123402241,0.7823275051701447,0.5657647858599593,0.667999267578125,0.013391337499342626
U-Net,981852_sat_51.jpg,0.7400994455689519,0.8506404015627568,0.9795009172174824,0.7517430946634487,0.8197479248046875,0.013391337499342626
U-Net,981852_sat_52.jpg,0.44099257522469715,0.6120677966101695,0.6253809919645331,0.5993096123207647,0.9563446044921875,0.013391337499342626
U-Net,986342_sat_06.jpg,0.9238273979401911,0.9604056984834681,0.9327100754799712,0.989796427087661,0.9250640869140625,0.013391337499342626
U-Net,986342_sat_07.jpg,0.8074110794398315,0.8934448710916072,0.8242531589518132,0.9753176519021688,0.810302734375,0.013391337499342626
U-Net,986342_sat_26.jpg,0.9033467287196023,0.9492193041751162,0.9890610598076556,0.912463098446926,0.9071502685546875,0.013391337499342626
U-Net,986342_sat_27.jpg,0.8762462803325459,0.9340418574231524,0.9568844221105528,0.9122644522516767,0.87689208984375,0.013391337499342626
U-Net,986342_sat_36.jpg,0.9159013000452753,0.9561048891439567,0.9758799510707579,0.9371153464363708,0.9206390380859375,0.013391337499342626
U-Net,986342_sat_37.jpg,0.9329318501057526,0.9653023722018043,0.9724994530184964,0.9582110342769017,0.936614990234375,0.013318187498953193
U-Net,986342_sat_53.jpg,0.8967712783437397,0.9455766107200866,0.9360689477746333,0.9552793943902332,0.923309326171875,0.013318187498953193
U-Net,986342_sat_65.jpg,0.98114013671875,0.9904802982223728,0.9999533458781084,0.9811850518059604,0.98114013671875,0.013318187498953193
U-Net,986342_sat_66.jpg,0.9818878173828125,0.9908611463987373,0.9819327666976942,0.9999533814022874,0.9818878173828125,0.013318187498953193
U-Net,986342_sat_67.jpg,0.9163925799236943,0.9563724985411732,0.9498678939742606,0.9629668031866175,0.92242431640625,0.013318187498953193
U-Net,986342_sat_68.jpg,0.9761962890625,0.9879547841126691,0.9822815906648242,0.9936938895964711,0.9761962890625,0.013318187498953193
U-Net,986342_sat_72.jpg,0.8669135971051104,0.9287131428571429,0.8761104690276172,0.988035950509688,0.8810272216796875,0.013318187498953193
U-Net,986342_sat_74.jpg,0.8418000974214735,0.9141058235364377,0.8523267838676318,0.9855405728582204,0.84637451171875,0.013318187498953193
U-Net,986342_sat_75.jpg,0.9184716205709208,0.9575034738304771,0.957097110228018,0.9579101826466386,0.93280029296875,0.01350527499744203
U-Net,986342_sat_76.jpg,0.6458024157947138,0.784787298398603,0.6710914166357584,0.9448658751099385,0.7122955322265625,0.01350527499744203
U-Net,986342_sat_77.jpg,0.6690194640510894,0.8016916260847278,0.7183163282044552,0.9069632575286857,0.834716796875,0.01350527499744203
U-Net,986342_sat_78.jpg,0.5039838227414922,0.6701984624047622,0.5849431305289764,0.7845458458889367,0.5620880126953125,0.01350527499744203
U-Net,986342_sat_80.jpg,0.49454624056399854,0.6618011904099683,0.5858496326498454,0.7603793843951324,0.5361480712890625,0.01350527499744203
U-Net,986342_sat_81.jpg,0.7514304676149307,0.8580762770881979,0.878407280046968,0.8386651185137732,0.788543701171875,0.01350527499744203
U-Net,986342_sat_82.jpg,0.927831201568481,0.9625647731124994,0.958618693932671,0.9665434740322895,0.929229736328125,0.01350527499744203
U-Net,986342_sat_84.jpg,0.7716597561730305,0.871115069904727,0.7831582583572786,0.9813284539408964,0.7747955322265625,0.01350527499744203
U-Net,992507_sat_37.jpg,0.006214856466410181,0.012352941176470587,0.006279434850863423,0.37668161434977576,0.7950439453125,0.013349974997254321
U-Net,992507_sat_38.jpg,0.5371506475800955,0.6988913525498891,0.7798505616309565,0.633160580129364,0.79278564453125,0.013349974997254321
U-Net,992507_sat_47.jpg,0.23893247408237603,0.3857070164527619,0.45222732897295387,0.336246837314757,0.5026397705078125,0.013349974997254321
U-Net,992507_sat_56.jpg,0.09262985013344283,0.16955394385780317,0.09487362799108456,0.7966101694915254,0.6627960205078125,0.013349974997254321
U-Net,992507_sat_57.jpg,0.6511194029850746,0.7887005649717514,0.817440960123887,0.7619124943617501,0.6547393798828125,0.013349974997254321
U-Net,992507_sat_66.jpg,0.6727107337780474,0.804336004060472,0.7497803311929706,0.8674538629965592,0.7529449462890625,0.013349974997254321
U-Net,992507_sat_75.jpg,0.42006626118775653,0.5916150149731876,0.5018312854442344,0.7205258693808312,0.821044921875,0.013349974997254321
U-Net,992507_sat_76.jpg,0.9453117811244364,0.9718871702694606,0.9985743908761016,0.9465892687121841,0.945587158203125,0.013349974997254321
U-Net,992507_sat_85.jpg,0.7025950196592399,0.8253225359485175,0.7354576717641033,0.940205317681173,0.7403106689453125,0.01344061249983497
U-Net,998002_sat_00.jpg,0.921115687008611,0.9589382807475688,0.9660737424902816,0.9519074518300704,0.935699462890625,0.01344061249983497
U-Net,998002_sat_03.jpg,0.5919779369072963,0.7437011822630155,0.5921498402865163,0.9995098439669962,0.6139678955078125,0.01344061249983497
U-Net,998002_sat_04.jpg,1.6146741587547634e-05,3.229296174898681e-05,1.6146741587547634e-05,1.0,0.0550079345703125,0.01344061249983497
U-Net,998002_sat_12.jpg,0.8820764793847469,0.937343927355278,0.893543350903498,0.9856599655566355,0.882080078125,0.01344061249983497
U-Net,998002_sat_13.jpg,0.03129781610794269,0.060695980577286215,0.03129781610794269,1.0,0.04364013671875,0.01344061249983497
U-Net,998002_sat_22.jpg,0.4444288170026567,0.6153696350712439,0.44498513534658113,0.9971948525544374,0.4575347900390625,0.01344061249983497
U-Net,998002_sat_31.jpg,0.88116455078125,0.9368287855682814,0.8822954225997678,0.9985475169456356,0.88116455078125,0.01344061249983497
U-Net,998002_sat_32.jpg,0.021597678325950817,0.042282160157885294,0.021597678325950817,1.0,0.0225830078125,0.04429582499869866
U-Net,998002_sat_40.jpg,0.861204581236687,0.9254271023386963,0.8618431215051439,0.9991404319329537,0.86279296875,0.04429582499869866
U-Net,998002_sat_41.jpg,0.21801868467301821,0.35798906439854195,0.2180220457874046,0.9999292936434986,0.22601318359375,0.04429582499869866
U-Net,998002_sat_50.jpg,0.030683121957269993,0.05953938956330761,0.030683121957269993,1.0,0.0460357666015625,0.04429582499869866
