comparison,query_split,query,reference_split,reference,cosine
validation-train,validation,D:\Datasets\Alvaro\Floresta-3-20260714T215823Z-1-001\Floresta-3\test\images\0-13-24_png_jpg.rf.b2f5c1eb0430f15d455847c4f8dd9ef5.jpg,train,D:\Datasets\Alvaro\Floresta-3-20260714T215823Z-1-001\Floresta-3\train\images\0-13-24_png_jpg.rf.0cf8afbf837798262e67a8cd0afbb4c1.jpg,0.855400025844574
validation-train,validation,D:\Datasets\Alvaro\Floresta-3-20260714T215823Z-1-001\Floresta-3\test\images\0-13-35_png_jpg.rf.296ded484754caf94091400642d515e6.jpg,train,D:\Datasets\Alvaro\Floresta-3-20260714T215823Z-1-001\Floresta-3\train\images\0-13-35_png_jpg.rf.3dd721e5ca4921e1f3e45027e6a0cc12.jpg,0.9285500049591064
validation-train,validation,D:\Datasets\Alvaro\Floresta-3-20260714T215823Z-1-001\Floresta-3\test\images\0-13-54_png_jpg.rf.c1933ca1e408ef1277b450b9f47f0718.jpg,train,D:\Datasets\Alvaro\Floresta-3-20260714T215823Z-1-001\Floresta-3\train\images\0-13-54_png_jpg.rf.71ed873d5a93e17064496cb9a96d3e57.jpg,0.9837671518325806
validation-train,validation,D:\Datasets\Alvaro\Floresta-3-20260714T215823Z-1-001\Floresta-3\test\images\0-14-1_png_jpg.rf.0b1e0cb558e8b86bf593e2e4aacb4a3c.jpg,train,D:\Datasets\Alvaro\Floresta-3-20260714T215823Z-1-001\Floresta-3\train\images\0-14-1_png_jpg.rf.45d3c058f8a9afe746c2c2faaeeeb055.jpg,0.9712718725204468
validation-train,validation,D:\Datasets\Alvaro\Floresta-3-20260714T215823Z-1-001\Floresta-3\test\images\0-15-3_png_jpg.rf.369f7c038497cf9a999668f0ed2a4e8d.jpg,train,D:\Datasets\Alvaro\Floresta-3-20260714T215823Z-1-001\Floresta-3\train\images\0-15-3_png_jpg.rf.41010ea29222be38ae99fec2b991c137.jpg,0.9748613834381104
validation-train,validation,D:\Datasets\Alvaro\Floresta-3-20260714T215823Z-1-001\Floresta-3\test\images\0-16-12_png_jpg.rf.8f86edd1732acb15938deae840a82114.jpg,train,D:\Datasets\Alvaro\Floresta-3-20260714T215823Z-1-001\Floresta-3\train\images\0-16-12_png_jpg.rf.8aa8239eef4ad18fb8708d802b71a58c.jpg,0.9625293016433716
validation-train,validation,D:\Datasets\Alvaro\Floresta-3-20260714T215823Z-1-001\Floresta-3\test\images\0-16-12_png_jpg.rf.afea783da8a5b6d1683d1b7701a50e62.jpg,train,D:\Datasets\Alvaro\Floresta-3-20260714T215823Z-1-001\Floresta-3\train\images\0-16-12_png_jpg.rf.787d7f5adc5a4c91803d95c8dcfbe32b.jpg,0.955483078956604
validation-train,validation,D:\Datasets\Alvaro\Floresta-3-20260714T215823Z-1-001\Floresta-3\test\images\0-16-12_png_jpg.rf.cb204fabce1898705a1999947b400b3e.jpg,train,D:\Datasets\Alvaro\Floresta-3-20260714T215823Z-1-001\Floresta-3\train\images\0-16-12_png_jpg.rf.59c2395d4625908fbfb2bf30e9d704e0.jpg,0.9534297585487366
validation-train,validation,D:\Datasets\Alvaro\Floresta-3-20260714T215823Z-1-001\Floresta-3\test\images\0-17-25_png_jpg.rf.29e7e63bd7eb71df36977ef18966c66d.jpg,train,D:\Datasets\Alvaro\Floresta-3-20260714T215823Z-1-001\Floresta-3\train\images\0-17-25_png_jpg.rf.7eaefd0a1cfcbbc8b3b0b7a6d895369f.jpg,0.9522260427474976
validation-train,validation,D:\Datasets\Alvaro\Floresta-3-20260714T215823Z-1-001\Floresta-3\test\images\0-17-25_png_jpg.rf.f376ef0f86d58a4bd1df4a10a4748d04.jpg,train,D:\Datasets\Alvaro\Floresta-3-20260714T215823Z-1-001\Floresta-3\train\images\0-17-25_png_jpg.rf.36e4c22682ce014c036d49102f97cffb.jpg,0.9461945295333862
validation-train,validation,D:\Datasets\Alvaro\Floresta-3-20260714T215823Z-1-001\Floresta-3\test\images\0-17-35_png_jpg.rf.ce4cf2ad857b4c1e3f842cf68f871cb3.jpg,train,D:\Datasets\Alvaro\Floresta-3-20260714T215823Z-1-001\Floresta-3\train\images\0-17-35_png_jpg.rf.1cc1ac39cce72a5b99d10e0a83a0d9f9.jpg,0.9519755840301514
validation-train,validation,D:\Datasets\Alvaro\Floresta-3-20260714T215823Z-1-001\Floresta-3\test\images\0-17-41_png_jpg.rf.2bc50eb9f7d293b5260c6243bf60f9b8.jpg,train,D:\Datasets\Alvaro\Floresta-3-20260714T215823Z-1-001\Floresta-3\train\images\0-17-41_png_jpg.rf.438a5223c453614cc2beae59d0680bd4.jpg,0.9745795726776123
validation-train,validation,D:\Datasets\Alvaro\Floresta-3-20260714T215823Z-1-001\Floresta-3\test\images\0-18-3_png_jpg.rf.43a9ebaaba8c83c64cf6629931599a84.jpg,train,D:\Datasets\Alvaro\Floresta-3-20260714T215823Z-1-001\Floresta-3\train\images\0-18-3_png_jpg.rf.89f504a3f838e0afe8f918c4ce8d734c.jpg,0.9610990285873413
validation-train,validation,D:\Datasets\Alvaro\Floresta-3-20260714T215823Z-1-001\Floresta-3\test\images\0-21-10_png_jpg.rf.61fe03ca7d7915c21803a12c79625d20.jpg,train,D:\Datasets\Alvaro\Floresta-3-20260714T215823Z-1-001\Floresta-3\train\images\0-21-10_png_jpg.rf.2421b0ba826cc3c6e25ccb3a0575e9fc.jpg,0.9469882249832153
validation-train,validation,D:\Datasets\Alvaro\Floresta-3-20260714T215823Z-1-001\Floresta-3\test\images\0-21-10_png_jpg.rf.85919495197499d2c9e854b39d144d1e.jpg,train,D:\Datasets\Alvaro\Floresta-3-20260714T215823Z-1-001\Floresta-3\train\images\0-21-10_png_jpg.rf.2454fb5d72c9a3291ed388826c971101.jpg,0.9705003499984741
validation-train,validation,D:\Datasets\Alvaro\Floresta-3-20260714T215823Z-1-001\Floresta-3\test\images\0-22-21_png_jpg.rf.7b90667657ae39c7fc4f0bb495833775.jpg,train,D:\Datasets\Alvaro\Floresta-3-20260714T215823Z-1-001\Floresta-3\train\images\0-22-21_png_jpg.rf.ae32c79d437cb3f885310ba6eb2c1739.jpg,0.8941531777381897
validation-train,validation,D:\Datasets\Alvaro\Floresta-3-20260714T215823Z-1-001\Floresta-3\test\images\0-22-41_png_jpg.rf.0ce7a9e1b9ac3d08391454e006a906e8.jpg,train,D:\Datasets\Alvaro\Floresta-3-20260714T215823Z-1-001\Floresta-3\train\images\0-22-41_png_jpg.rf.6ae0142065d428c52818a75b9d6191d8.jpg,0.9734721779823303
validation-train,validation,D:\Datasets\Alvaro\Floresta-3-20260714T215823Z-1-001\Floresta-3\test\images\0-22-6_png_jpg.rf.966f0733a392b6c4bfb6ba6be3d8677e.jpg,train,D:\Datasets\Alvaro\Floresta-3-20260714T215823Z-1-001\Floresta-3\train\images\0-22-6_png_jpg.rf.331da3097f53ca1590086156b82afb77.jpg,0.9629803895950317
validation-train,validation,D:\Datasets\Alvaro\Floresta-3-20260714T215823Z-1-001\Floresta-3\test\images\0-22-6_png_jpg.rf.bb882673b70b964fdc82b1cc229a2e83.jpg,train,D:\Datasets\Alvaro\Floresta-3-20260714T215823Z-1-001\Floresta-3\train\images\0-22-6_png_jpg.rf.54586705dcff5ea24972c2f8a6efefda.jpg,0.9674369096755981
validation-train,validation,D:\Datasets\Alvaro\Floresta-3-20260714T215823Z-1-001\Floresta-3\test\images\0-22-7_png_jpg.rf.3e2630443e52294600fea55b03496dd9.jpg,train,D:\Datasets\Alvaro\Floresta-3-20260714T215823Z-1-001\Floresta-3\train\images\0-22-7_png_jpg.rf.a1a3a37d878b1f07a84e953837f7672c.jpg,0.9677869081497192
validation-train,validation,D:\Datasets\Alvaro\Floresta-3-20260714T215823Z-1-001\Floresta-3\test\images\0-22-7_png_jpg.rf.9088e653c334177e422a8d39c8724be3.jpg,train,D:\Datasets\Alvaro\Floresta-3-20260714T215823Z-1-001\Floresta-3\train\images\0-22-7_png_jpg.rf.6bb13ac75af77711dd2cec18f31cd84d.jpg,0.910417377948761
validation-train,validation,D:\Datasets\Alvaro\Floresta-3-20260714T215823Z-1-001\Floresta-3\test\images\0-23-15_png_jpg.rf.e6a8220f347f935f49b029e9702cef42.jpg,train,D:\Datasets\Alvaro\Floresta-3-20260714T215823Z-1-001\Floresta-3\train\images\0-23-15_png_jpg.rf.e0ed4f8b3224ee38fcc731f13e23eaee.jpg,0.9447574019432068
validation-train,validation,D:\Datasets\Alvaro\Floresta-3-20260714T215823Z-1-001\Floresta-3\test\images\0-23-39_png_jpg.rf.0d948d04f198f115131e0ebe3e27691a.jpg,train,D:\Datasets\Alvaro\Floresta-3-20260714T215823Z-1-001\Floresta-3\train\images\0-23-39_png_jpg.rf.26c782a12b45c8b7fcce7b05050b13a6.jpg,0.963167667388916
validation-train,validation,D:\Datasets\Alvaro\Floresta-3-20260714T215823Z-1-001\Floresta-3\test\images\0-27-29_png_jpg.rf.a84fd01decab7179c1efabec46ccbffb.jpg,train,D:\Datasets\Alvaro\Floresta-3-20260714T215823Z-1-001\Floresta-3\train\images\0-27-29_png_jpg.rf.6b065c6d20ec72d2f28b2ca30683b6e5.jpg,0.9202287197113037
validation-train,validation,D:\Datasets\Alvaro\Floresta-3-20260714T215823Z-1-001\Floresta-3\test\images\0-27-43_png_jpg.rf.e1619d2692201f0b996ef252112bb878.jpg,train,D:\Datasets\Alvaro\Floresta-3-20260714T215823Z-1-001\Floresta-3\train\images\0-27-43_png_jpg.rf.adca38125b85d5080e181e3b32a3d3d5.jpg,0.9503387212753296
validation-train,validation,D:\Datasets\Alvaro\Floresta-3-20260714T215823Z-1-001\Floresta-3\test\images\0-27-5_png_jpg.rf.defcd635a40fd01c8b60fe6b97ce89cc.jpg,train,D:\Datasets\Alvaro\Floresta-3-20260714T215823Z-1-001\Floresta-3\train\images\0-27-5_png_jpg.rf.a9d57083dfaef621220b1586c767da0f.jpg,0.962376594543457
validation-train,validation,D:\Datasets\Alvaro\Floresta-3-20260714T215823Z-1-001\Floresta-3\test\images\0-29-17_png_jpg.rf.2f5d0dcc8917ea63bbdfad6eea7e4e54.jpg,train,D:\Datasets\Alvaro\Floresta-3-20260714T215823Z-1-001\Floresta-3\train\images\0-29-17_png_jpg.rf.2ec28e26b4790b556311b10e77f1ca58.jpg,0.9128023386001587
validation-train,validation,D:\Datasets\Alvaro\Floresta-3-20260714T215823Z-1-001\Floresta-3\test\images\0-3-29_png_jpg.rf.9d744a294f2377caa67f1b94682edaf5.jpg,train,D:\Datasets\Alvaro\Floresta-3-20260714T215823Z-1-001\Floresta-3\train\images\0-3-29_png_jpg.rf.d0254394f15eccc1ef318ae9357b06e0.jpg,0.9335849285125732
validation-train,validation,D:\Datasets\Alvaro\Floresta-3-20260714T215823Z-1-001\Floresta-3\test\images\0-30-30_png_jpg.rf.55dd1f3f3d7df6d316ea3c220e54e315.jpg,train,D:\Datasets\Alvaro\Floresta-3-20260714T215823Z-1-001\Floresta-3\train\images\0-30-30_png_jpg.rf.2a2f506f5a5c66e05e05bfe84f74bdbc.jpg,0.9334344267845154
validation-train,validation,D:\Datasets\Alvaro\Floresta-3-20260714T215823Z-1-001\Floresta-3\test\images\0-30-30_png_jpg.rf.c60cca1c158a6250d8134d614df769db.jpg,train,D:\Datasets\Alvaro\Floresta-3-20260714T215823Z-1-001\Floresta-3\train\images\0-30-30_png_jpg.rf.4786d602c20cbc38338897e2f12649ed.jpg,0.9334685802459717
validation-train,validation,D:\Datasets\Alvaro\Floresta-3-20260714T215823Z-1-001\Floresta-3\test\images\0-31-40_png_jpg.rf.632708ce8dc42e6fb49b86bebdb28a88.jpg,train,D:\Datasets\Alvaro\Floresta-3-20260714T215823Z-1-001\Floresta-3\train\images\0-31-40_png_jpg.rf.a80a545d5ba37927785661de36473036.jpg,0.9326105117797852
validation-train,validation,D:\Datasets\Alvaro\Floresta-3-20260714T215823Z-1-001\Floresta-3\test\images\0-32-13_png_jpg.rf.e003ea93887edb505e812553e6d633f7.jpg,train,D:\Datasets\Alvaro\Floresta-3-20260714T215823Z-1-001\Floresta-3\train\images\0-32-13_png_jpg.rf.1e7320c742390bb97a9af2dcd4e6c641.jpg,0.9713441729545593
validation-train,validation,D:\Datasets\Alvaro\Floresta-3-20260714T215823Z-1-001\Floresta-3\test\images\0-32-22_png_jpg.rf.480b380dcd60f1506fc97b4a17a327fd.jpg,train,D:\Datasets\Alvaro\Floresta-3-20260714T215823Z-1-001\Floresta-3\train\images\0-32-22_png_jpg.rf.59bb72bddf342c8e5c55a806db0e5625.jpg,0.9649544954299927
validation-train,validation,D:\Datasets\Alvaro\Floresta-3-20260714T215823Z-1-001\Floresta-3\test\images\0-32-22_png_jpg.rf.4e70469901fb6e2cb464ebe5dceb67bf.jpg,train,D:\Datasets\Alvaro\Floresta-3-20260714T215823Z-1-001\Floresta-3\train\images\0-32-22_png_jpg.rf.a4ac3a6439b7059cb0ca4788a10dc482.jpg,0.9575979709625244
validation-train,validation,D:\Datasets\Alvaro\Floresta-3-20260714T215823Z-1-001\Floresta-3\test\images\0-32-23_png_jpg.rf.3d71abe778b838b62fa355599f976944.jpg,train,D:\Datasets\Alvaro\Floresta-3-20260714T215823Z-1-001\Floresta-3\train\images\0-32-23_png_jpg.rf.fb1fb0b556ab2d3c82258c92410fa509.jpg,0.9489939212799072
validation-train,validation,D:\Datasets\Alvaro\Floresta-3-20260714T215823Z-1-001\Floresta-3\test\images\0-32-23_png_jpg.rf.49efd59bf61a25cb0d2e4a6619d0ad01.jpg,train,D:\Datasets\Alvaro\Floresta-3-20260714T215823Z-1-001\Floresta-3\train\images\0-32-23_png_jpg.rf.fb1fb0b556ab2d3c82258c92410fa509.jpg,0.960654616355896
validation-train,validation,D:\Datasets\Alvaro\Floresta-3-20260714T215823Z-1-001\Floresta-3\test\images\0-32-31_png_jpg.rf.f08b91de8427c268dc1f3c1c5f63c744.jpg,train,D:\Datasets\Alvaro\Floresta-3-20260714T215823Z-1-001\Floresta-3\train\images\0-32-31_png_jpg.rf.f99303ef011c7ac08f868c815e543d63.jpg,0.9535353183746338
validation-train,validation,D:\Datasets\Alvaro\Floresta-3-20260714T215823Z-1-001\Floresta-3\test\images\0-33-53_png_jpg.rf.6ec67b76f4a4646e557e5860e6b748cc.jpg,train,D:\Datasets\Alvaro\Floresta-3-20260714T215823Z-1-001\Floresta-3\train\images\0-33-53_png_jpg.rf.98581ea162113e788a21c3cfafe29be3.jpg,0.9453543424606323
validation-train,validation,D:\Datasets\Alvaro\Floresta-3-20260714T215823Z-1-001\Floresta-3\test\images\0-35-23_png_jpg.rf.517adb61f374edf5d545b23ca3d08ced.jpg,train,D:\Datasets\Alvaro\Floresta-3-20260714T215823Z-1-001\Floresta-3\train\images\0-35-23_png_jpg.rf.d515263079ac44bf2aae38a78b9b6355.jpg,0.9165223836898804
validation-train,validation,D:\Datasets\Alvaro\Floresta-3-20260714T215823Z-1-001\Floresta-3\test\images\0-35-23_png_jpg.rf.6a193ea80bc4e156e4783d740b983ac8.jpg,train,D:\Datasets\Alvaro\Floresta-3-20260714T215823Z-1-001\Floresta-3\train\images\0-35-23_png_jpg.rf.1d4f3ea3941cf289c80911198d1413d1.jpg,0.9464399814605713
validation-train,validation,D:\Datasets\Alvaro\Floresta-3-20260714T215823Z-1-001\Floresta-3\test\images\0-35-26_png_jpg.rf.4ba0be5b85880a6b4bf1bbc003954ba2.jpg,train,D:\Datasets\Alvaro\Floresta-3-20260714T215823Z-1-001\Floresta-3\train\images\0-35-26_png_jpg.rf.2db426b951662ccacc3a0ec15f5741a1.jpg,0.946691632270813
validation-train,validation,D:\Datasets\Alvaro\Floresta-3-20260714T215823Z-1-001\Floresta-3\test\images\0-35-26_png_jpg.rf.debfbddb71657f3b5baddc5c08465b0a.jpg,train,D:\Datasets\Alvaro\Floresta-3-20260714T215823Z-1-001\Floresta-3\train\images\0-35-26_png_jpg.rf.3846d9cbcc049ef3d513fb288f790424.jpg,0.9343079924583435
validation-train,validation,D:\Datasets\Alvaro\Floresta-3-20260714T215823Z-1-001\Floresta-3\test\images\0-36-33_png_jpg.rf.8b8b2ccf377e7d1d828c370de10b0152.jpg,train,D:\Datasets\Alvaro\Floresta-3-20260714T215823Z-1-001\Floresta-3\train\images\0-36-33_png_jpg.rf.8db14854dcfe96fc34847b8e2c739dba.jpg,0.9538962841033936
validation-train,validation,D:\Datasets\Alvaro\Floresta-3-20260714T215823Z-1-001\Floresta-3\test\images\0-38-35_png_jpg.rf.24306f47f7a7f2e1d8914bf066f5f57b.jpg,train,D:\Datasets\Alvaro\Floresta-3-20260714T215823Z-1-001\Floresta-3\train\images\0-38-35_png_jpg.rf.b5fd8a4d00215d819db60fc88be87d2d.jpg,0.9673609733581543
validation-train,validation,D:\Datasets\Alvaro\Floresta-3-20260714T215823Z-1-001\Floresta-3\test\images\0-38-35_png_jpg.rf.37bee07eeb5b48251e0267eec641f4bc.jpg,train,D:\Datasets\Alvaro\Floresta-3-20260714T215823Z-1-001\Floresta-3\train\images\0-38-35_png_jpg.rf.2128875b81cc519f5c8fd728e245f678.jpg,0.9795397520065308
validation-train,validation,D:\Datasets\Alvaro\Floresta-3-20260714T215823Z-1-001\Floresta-3\test\images\0-39-33_png_jpg.rf.bf86b96a2d960462852a7529fb1a86ee.jpg,train,D:\Datasets\Alvaro\Floresta-3-20260714T215823Z-1-001\Floresta-3\train\images\0-39-33_png_jpg.rf.1e8bc34c77bff74309ec57ddafd624b6.jpg,0.9720292091369629
validation-train,validation,D:\Datasets\Alvaro\Floresta-3-20260714T215823Z-1-001\Floresta-3\test\images\0-39-33_png_jpg.rf.fa9fcda32008bdf9e4f796c72cc2c137.jpg,train,D:\Datasets\Alvaro\Floresta-3-20260714T215823Z-1-001\Floresta-3\train\images\0-39-33_png_jpg.rf.f0369586f04b09307dd7c2e2428edb7a.jpg,0.9603692293167114
validation-train,validation,D:\Datasets\Alvaro\Floresta-3-20260714T215823Z-1-001\Floresta-3\test\images\0-39-38_png_jpg.rf.1ad0e3b99c044178a6d3545305a5aea8.jpg,train,D:\Datasets\Alvaro\Floresta-3-20260714T215823Z-1-001\Floresta-3\train\images\0-39-38_png_jpg.rf.d0d4b0bd20277de87dae8dd11a9b0f34.jpg,0.9744653105735779
validation-train,validation,D:\Datasets\Alvaro\Floresta-3-20260714T215823Z-1-001\Floresta-3\test\images\0-39-38_png_jpg.rf.714040e70f2f0796176e2371a6cf635c.jpg,train,D:\Datasets\Alvaro\Floresta-3-20260714T215823Z-1-001\Floresta-3\train\images\0-39-38_png_jpg.rf.d0d4b0bd20277de87dae8dd11a9b0f34.jpg,0.9515652656555176
validation-train,validation,D:\Datasets\Alvaro\Floresta-3-20260714T215823Z-1-001\Floresta-3\test\images\0-4-15_png_jpg.rf.c1a6591b5e8c66ed3a40c7e92c9cacc6.jpg,train,D:\Datasets\Alvaro\Floresta-3-20260714T215823Z-1-001\Floresta-3\train\images\0-4-15_png_jpg.rf.4f2fc4d9842d96cdc5c72128378a25fb.jpg,0.9543856382369995
validation-train,validation,D:\Datasets\Alvaro\Floresta-3-20260714T215823Z-1-001\Floresta-3\test\images\0-42-41_png_jpg.rf.621879c7b87f84c1d549c6b0351673ef.jpg,train,D:\Datasets\Alvaro\Floresta-3-20260714T215823Z-1-001\Floresta-3\train\images\0-42-41_png_jpg.rf.0fcbfec56bbd266ed5f716f08fc64b00.jpg,0.9021010398864746
validation-train,validation,D:\Datasets\Alvaro\Floresta-3-20260714T215823Z-1-001\Floresta-3\test\images\0-44-58_png_jpg.rf.2cf2d80632be1a09f2f3204ebb233d31.jpg,train,D:\Datasets\Alvaro\Floresta-3-20260714T215823Z-1-001\Floresta-3\train\images\0-44-58_png_jpg.rf.fa39846ddbe436ee84e0c6fcd749780d.jpg,0.9556805491447449
validation-train,validation,D:\Datasets\Alvaro\Floresta-3-20260714T215823Z-1-001\Floresta-3\test\images\0-45-23_png_jpg.rf.acd3731920b38fac09581ab5ea42611e.jpg,train,D:\Datasets\Alvaro\Floresta-3-20260714T215823Z-1-001\Floresta-3\train\images\0-45-23_png_jpg.rf.72406c1a4ce5885c36b7c310666084c6.jpg,0.9654932022094727
validation-train,validation,D:\Datasets\Alvaro\Floresta-3-20260714T215823Z-1-001\Floresta-3\test\images\0-45-24_png_jpg.rf.e94334f053b9203a3b84f883985fa145.jpg,train,D:\Datasets\Alvaro\Floresta-3-20260714T215823Z-1-001\Floresta-3\train\images\0-45-24_png_jpg.rf.bfcfef4e5e3be6077eb76e6767a5d45f.jpg,0.9742399454116821
validation-train,validation,D:\Datasets\Alvaro\Floresta-3-20260714T215823Z-1-001\Floresta-3\test\images\0-46-10_png_jpg.rf.1fdcbdfbd40c267a23dd1c1e1c5d8e50.jpg,train,D:\Datasets\Alvaro\Floresta-3-20260714T215823Z-1-001\Floresta-3\train\images\0-46-10_png_jpg.rf.da9e10986fd252a0455c4962f35c8810.jpg,0.9629719257354736
validation-train,validation,D:\Datasets\Alvaro\Floresta-3-20260714T215823Z-1-001\Floresta-3\test\images\0-46-44_png_jpg.rf.24ea4ea729cc3f441c83b786858223f2.jpg,train,D:\Datasets\Alvaro\Floresta-3-20260714T215823Z-1-001\Floresta-3\train\images\0-46-44_png_jpg.rf.48168b14d3d1f69ac3458d5daa146128.jpg,0.9646267890930176
validation-train,validation,D:\Datasets\Alvaro\Floresta-3-20260714T215823Z-1-001\Floresta-3\test\images\0-47-21_png_jpg.rf.02cfea82f1edcaf8a4e5c13682e1e818.jpg,train,D:\Datasets\Alvaro\Floresta-3-20260714T215823Z-1-001\Floresta-3\train\images\0-47-21_png_jpg.rf.80094c16f4a63567b6c2b3c7eb0afd39.jpg,0.958794116973877
validation-train,validation,D:\Datasets\Alvaro\Floresta-3-20260714T215823Z-1-001\Floresta-3\test\images\0-47-50_png_jpg.rf.5fbd30c5068f746cf735c636ca829c98.jpg,train,D:\Datasets\Alvaro\Floresta-3-20260714T215823Z-1-001\Floresta-3\train\images\0-47-50_png_jpg.rf.d1b239b2181d57b240ec83fbd560a895.jpg,0.9504207372665405
validation-train,validation,D:\Datasets\Alvaro\Floresta-3-20260714T215823Z-1-001\Floresta-3\test\images\0-49-2_png_jpg.rf.13666593780a6ce9558a6eb7e8f0efb6.jpg,train,D:\Datasets\Alvaro\Floresta-3-20260714T215823Z-1-001\Floresta-3\train\images\0-49-2_png_jpg.rf.7a0ce6e85e4073a5c8e9df582a027f3b.jpg,0.9625736474990845
validation-train,validation,D:\Datasets\Alvaro\Floresta-3-20260714T215823Z-1-001\Floresta-3\test\images\0-49-2_png_jpg.rf.4cc6b1c94a0af1d5baad020f225cdcc5.jpg,train,D:\Datasets\Alvaro\Floresta-3-20260714T215823Z-1-001\Floresta-3\train\images\0-49-2_png_jpg.rf.5901a84a01d272b2f576272e4d03e62a.jpg,0.9780665636062622
validation-train,validation,D:\Datasets\Alvaro\Floresta-3-20260714T215823Z-1-001\Floresta-3\test\images\0-49-2_png_jpg.rf.57d55aab6681f61ad87de6e6323cd058.jpg,train,D:\Datasets\Alvaro\Floresta-3-20260714T215823Z-1-001\Floresta-3\train\images\0-49-2_png_jpg.rf.5901a84a01d272b2f576272e4d03e62a.jpg,0.9655740261077881
validation-train,validation,D:\Datasets\Alvaro\Floresta-3-20260714T215823Z-1-001\Floresta-3\test\images\0-49-2_png_jpg.rf.de7d4facbe8af39a3637cb01062a1203.jpg,train,D:\Datasets\Alvaro\Floresta-3-20260714T215823Z-1-001\Floresta-3\train\images\0-49-2_png_jpg.rf.e26f608a39d7957665c8e4369a374461.jpg,0.9468101263046265
validation-train,validation,D:\Datasets\Alvaro\Floresta-3-20260714T215823Z-1-001\Floresta-3\test\images\0-49-45_png_jpg.rf.cb4b9088952fe5ec109a5aff57c78d04.jpg,train,D:\Datasets\Alvaro\Floresta-3-20260714T215823Z-1-001\Floresta-3\train\images\0-49-45_png_jpg.rf.d8a0030cb35e9a6a89a5b8a4e8bd2fec.jpg,0.9401078224182129
validation-train,validation,D:\Datasets\Alvaro\Floresta-3-20260714T215823Z-1-001\Floresta-3\test\images\0-5-11_png_jpg.rf.70b0879e2680ae6c5076028515ad2331.jpg,train,D:\Datasets\Alvaro\Floresta-3-20260714T215823Z-1-001\Floresta-3\train\images\0-5-11_png_jpg.rf.28f03e8fcf3c13c6f58a2e5ec7007bb3.jpg,0.917547881603241
validation-train,validation,D:\Datasets\Alvaro\Floresta-3-20260714T215823Z-1-001\Floresta-3\test\images\0-51-37_png_jpg.rf.0ac54cb512b830afa8d34a180afd8e55.jpg,train,D:\Datasets\Alvaro\Floresta-3-20260714T215823Z-1-001\Floresta-3\train\images\0-51-37_png_jpg.rf.1f82e5721ac6d8b5fdae29fff5b20f6c.jpg,0.9406423568725586
validation-train,validation,D:\Datasets\Alvaro\Floresta-3-20260714T215823Z-1-001\Floresta-3\test\images\0-52-58_png_jpg.rf.32f161aed7e23121aae5b678dc8a63a6.jpg,train,D:\Datasets\Alvaro\Floresta-3-20260714T215823Z-1-001\Floresta-3\train\images\0-52-58_png_jpg.rf.1d03b9772656fa254b7f105eca72ef88.jpg,0.9673604369163513
validation-train,validation,D:\Datasets\Alvaro\Floresta-3-20260714T215823Z-1-001\Floresta-3\test\images\0-52-58_png_jpg.rf.7e89edd562d47d63b8f1362bcd259d6e.jpg,train,D:\Datasets\Alvaro\Floresta-3-20260714T215823Z-1-001\Floresta-3\train\images\0-52-58_png_jpg.rf.fdc09ad2259dd7aeee175f615f113b00.jpg,0.9377301931381226
validation-train,validation,D:\Datasets\Alvaro\Floresta-3-20260714T215823Z-1-001\Floresta-3\test\images\0-56-28_png_jpg.rf.2036bdcd62369863cf9772572c3aa975.jpg,train,D:\Datasets\Alvaro\Floresta-3-20260714T215823Z-1-001\Floresta-3\train\images\0-56-28_png_jpg.rf.18226a43dc697db9966cbb30c50794fe.jpg,0.9638888239860535
validation-train,validation,D:\Datasets\Alvaro\Floresta-3-20260714T215823Z-1-001\Floresta-3\test\images\0-56-28_png_jpg.rf.693e23dc904f2ecca7b407fbf3062f7a.jpg,train,D:\Datasets\Alvaro\Floresta-3-20260714T215823Z-1-001\Floresta-3\train\images\0-56-28_png_jpg.rf.d2eb937c03560378c09d1658e8f38164.jpg,0.9542964696884155
validation-train,validation,D:\Datasets\Alvaro\Floresta-3-20260714T215823Z-1-001\Floresta-3\test\images\0-56-28_png_jpg.rf.c4d761b8a0e9711859475833efe8f824.jpg,train,D:\Datasets\Alvaro\Floresta-3-20260714T215823Z-1-001\Floresta-3\train\images\0-56-28_png_jpg.rf.18226a43dc697db9966cbb30c50794fe.jpg,0.9535254836082458
validation-train,validation,D:\Datasets\Alvaro\Floresta-3-20260714T215823Z-1-001\Floresta-3\test\images\0-57-29_png_jpg.rf.0f3bacd9259cb8cd8e3d864213e5913a.jpg,train,D:\Datasets\Alvaro\Floresta-3-20260714T215823Z-1-001\Floresta-3\train\images\0-57-29_png_jpg.rf.d8b74ff2c4bc3259cb09cd28ea70ca4d.jpg,0.937991738319397
validation-train,validation,D:\Datasets\Alvaro\Floresta-3-20260714T215823Z-1-001\Floresta-3\test\images\0-57-29_png_jpg.rf.1bdec7351cb14eab1da05a9f9b21a180.jpg,train,D:\Datasets\Alvaro\Floresta-3-20260714T215823Z-1-001\Floresta-3\train\images\0-57-29_png_jpg.rf.6d6dcee748de7b38641feb12bb1f2fd3.jpg,0.9463912844657898
validation-train,validation,D:\Datasets\Alvaro\Floresta-3-20260714T215823Z-1-001\Floresta-3\test\images\0-57-29_png_jpg.rf.fefa462afd8357ec6d386b43963fa909.jpg,train,D:\Datasets\Alvaro\Floresta-3-20260714T215823Z-1-001\Floresta-3\train\images\0-57-29_png_jpg.rf.9f66afe0586860de89ad9471ea307b43.jpg,0.9257786870002747
validation-train,validation,D:\Datasets\Alvaro\Floresta-3-20260714T215823Z-1-001\Floresta-3\test\images\0-57-57_png_jpg.rf.01508e059bf5abfdd0f044bf633e9bc0.jpg,train,D:\Datasets\Alvaro\Floresta-3-20260714T215823Z-1-001\Floresta-3\train\images\0-57-57_png_jpg.rf.e13aaaf2268fd5b7ced346f5a73a76ca.jpg,0.9513908624649048
validation-train,validation,D:\Datasets\Alvaro\Floresta-3-20260714T215823Z-1-001\Floresta-3\test\images\0-59-15_png_jpg.rf.b695dd486bc4f6080d83ade4de98f32a.jpg,train,D:\Datasets\Alvaro\Floresta-3-20260714T215823Z-1-001\Floresta-3\train\images\0-59-15_png_jpg.rf.477a9a455b2ddfd276e1b989327ee512.jpg,0.9645162224769592
validation-train,validation,D:\Datasets\Alvaro\Floresta-3-20260714T215823Z-1-001\Floresta-3\test\images\0-59-44_png_jpg.rf.11f833393c07cb8f1ac5ecfb6af084c0.jpg,train,D:\Datasets\Alvaro\Floresta-3-20260714T215823Z-1-001\Floresta-3\train\images\0-59-44_png_jpg.rf.72af9d599956fcff34b5f6d26b36407a.jpg,0.9527493715286255
validation-train,validation,D:\Datasets\Alvaro\Floresta-3-20260714T215823Z-1-001\Floresta-3\test\images\0-59-44_png_jpg.rf.60027cf1601cfa6c8a39164944ad8ffe.jpg,train,D:\Datasets\Alvaro\Floresta-3-20260714T215823Z-1-001\Floresta-3\train\images\0-59-44_png_jpg.rf.72af9d599956fcff34b5f6d26b36407a.jpg,0.9539937973022461
validation-train,validation,D:\Datasets\Alvaro\Floresta-3-20260714T215823Z-1-001\Floresta-3\test\images\0-6-57_png_jpg.rf.edf739c93c189818ef358ed636e6e85e.jpg,train,D:\Datasets\Alvaro\Floresta-3-20260714T215823Z-1-001\Floresta-3\train\images\0-6-57_png_jpg.rf.d9c22c4f793f7ae9a8e006e135099068.jpg,0.9598655700683594
validation-train,validation,D:\Datasets\Alvaro\Floresta-3-20260714T215823Z-1-001\Floresta-3\test\images\0-62-49_png_jpg.rf.b7d448b88485af72dd5d95ea629d39b4.jpg,train,D:\Datasets\Alvaro\Floresta-3-20260714T215823Z-1-001\Floresta-3\train\images\0-62-49_png_jpg.rf.f64a14b9eaf2ed84649ea2e5f73f0c08.jpg,0.9420949220657349
validation-train,validation,D:\Datasets\Alvaro\Floresta-3-20260714T215823Z-1-001\Floresta-3\test\images\0-63-9_png_jpg.rf.31cf99588f8e753d3f29b88465077bcf.jpg,train,D:\Datasets\Alvaro\Floresta-3-20260714T215823Z-1-001\Floresta-3\train\images\0-63-9_png_jpg.rf.4ff64efa7881a72057b5a288bf64809f.jpg,0.9465864896774292
validation-train,validation,D:\Datasets\Alvaro\Floresta-3-20260714T215823Z-1-001\Floresta-3\test\images\0-63-9_png_jpg.rf.dedb098cdafd87fd3775de04110e1724.jpg,train,D:\Datasets\Alvaro\Floresta-3-20260714T215823Z-1-001\Floresta-3\train\images\0-76-1_png_jpg.rf.26e45c1a5ec6c9d521140da49530c1cb.jpg,0.9332602620124817
validation-train,validation,D:\Datasets\Alvaro\Floresta-3-20260714T215823Z-1-001\Floresta-3\test\images\0-64-40_png_jpg.rf.1246182103a3de76c49a31d2473b7476.jpg,train,D:\Datasets\Alvaro\Floresta-3-20260714T215823Z-1-001\Floresta-3\train\images\0-64-40_png_jpg.rf.c467ead4acac26f2787f5ec8af509064.jpg,0.8885211944580078
validation-train,validation,D:\Datasets\Alvaro\Floresta-3-20260714T215823Z-1-001\Floresta-3\test\images\0-64-40_png_jpg.rf.b9dcd111d89fe0df4ffcf4a3c0da3817.jpg,train,D:\Datasets\Alvaro\Floresta-3-20260714T215823Z-1-001\Floresta-3\train\images\0-64-40_png_jpg.rf.1217ddd1d86518071f3427b9321024b0.jpg,0.9814057946205139
validation-train,validation,D:\Datasets\Alvaro\Floresta-3-20260714T215823Z-1-001\Floresta-3\test\images\0-65-37_png_jpg.rf.0c5a356c69cb72d3e745fdd3f427ea08.jpg,train,D:\Datasets\Alvaro\Floresta-3-20260714T215823Z-1-001\Floresta-3\train\images\0-65-37_png_jpg.rf.973c942c5816f33ea31ec10daaf0a51f.jpg,0.9440000057220459
validation-train,validation,D:\Datasets\Alvaro\Floresta-3-20260714T215823Z-1-001\Floresta-3\test\images\0-66-35_png_jpg.rf.35136e7a2044c79fcbdd4e454959d1ae.jpg,train,D:\Datasets\Alvaro\Floresta-3-20260714T215823Z-1-001\Floresta-3\train\images\0-66-35_png_jpg.rf.3e9928846000c0d9e4f97556bcef5d78.jpg,0.9264559745788574
validation-train,validation,D:\Datasets\Alvaro\Floresta-3-20260714T215823Z-1-001\Floresta-3\test\images\0-66-35_png_jpg.rf.9fb54d6cf71e8e765c304def3dfc5db1.jpg,train,D:\Datasets\Alvaro\Floresta-3-20260714T215823Z-1-001\Floresta-3\train\images\0-66-35_png_jpg.rf.26652b6db6551fdab7ed3e063b60b51d.jpg,0.9654116630554199
validation-train,validation,D:\Datasets\Alvaro\Floresta-3-20260714T215823Z-1-001\Floresta-3\test\images\0-66-35_png_jpg.rf.c47ab37cfce3473e40b556ebd10cd215.jpg,train,D:\Datasets\Alvaro\Floresta-3-20260714T215823Z-1-001\Floresta-3\train\images\0-66-35_png_jpg.rf.a502a605f764ba4b37e0526f8af3ef9d.jpg,0.935969352722168
validation-train,validation,D:\Datasets\Alvaro\Floresta-3-20260714T215823Z-1-001\Floresta-3\test\images\0-66-9_png_jpg.rf.5d2b7780480fbf21f99cde88d2701568.jpg,train,D:\Datasets\Alvaro\Floresta-3-20260714T215823Z-1-001\Floresta-3\train\images\0-66-9_png_jpg.rf.fe59fa5ae4790546322a9c8051eb8ac3.jpg,0.9711815118789673
validation-train,validation,D:\Datasets\Alvaro\Floresta-3-20260714T215823Z-1-001\Floresta-3\test\images\0-69-34_png_jpg.rf.713c6460cac18e95d471e4da6e6e2c76.jpg,train,D:\Datasets\Alvaro\Floresta-3-20260714T215823Z-1-001\Floresta-3\train\images\0-69-34_png_jpg.rf.6254ce7d3062a99b6c1297cd56700087.jpg,0.9468359351158142
validation-train,validation,D:\Datasets\Alvaro\Floresta-3-20260714T215823Z-1-001\Floresta-3\test\images\0-69-34_png_jpg.rf.835a3509595b21137f49db8dd3f57d16.jpg,train,D:\Datasets\Alvaro\Floresta-3-20260714T215823Z-1-001\Floresta-3\train\images\0-69-34_png_jpg.rf.01f1a15ea3f0ab7682aeeb712de03799.jpg,0.9401596784591675
validation-train,validation,D:\Datasets\Alvaro\Floresta-3-20260714T215823Z-1-001\Floresta-3\test\images\0-7-37_png_jpg.rf.1274551c7f7b9103691988e33dc87ae2.jpg,train,D:\Datasets\Alvaro\Floresta-3-20260714T215823Z-1-001\Floresta-3\train\images\0-7-37_png_jpg.rf.e4e4a3bcbc415032d9ed5eb776607d42.jpg,0.9693208932876587
validation-train,validation,D:\Datasets\Alvaro\Floresta-3-20260714T215823Z-1-001\Floresta-3\test\images\0-7-37_png_jpg.rf.fd1427cd24670d975a1e4acbd134f0e1.jpg,train,D:\Datasets\Alvaro\Floresta-3-20260714T215823Z-1-001\Floresta-3\train\images\0-7-37_png_jpg.rf.e4e4a3bcbc415032d9ed5eb776607d42.jpg,0.9552638530731201
validation-train,validation,D:\Datasets\Alvaro\Floresta-3-20260714T215823Z-1-001\Floresta-3\test\images\0-72-37_png_jpg.rf.9c5a83763517a41f2de86ce5e2b4a51a.jpg,train,D:\Datasets\Alvaro\Floresta-3-20260714T215823Z-1-001\Floresta-3\train\images\0-72-37_png_jpg.rf.0b71bb273c75383ccc48a4af56a130f6.jpg,0.9251213073730469
validation-train,validation,D:\Datasets\Alvaro\Floresta-3-20260714T215823Z-1-001\Floresta-3\test\images\0-76-1_png_jpg.rf.4e7fcd26d80c2f4ebbd8a0c30f315bfd.jpg,train,D:\Datasets\Alvaro\Floresta-3-20260714T215823Z-1-001\Floresta-3\train\images\0-76-1_png_jpg.rf.3379d19eb2f4a3b5112b03816593e5ea.jpg,0.9644484519958496
validation-train,validation,D:\Datasets\Alvaro\Floresta-3-20260714T215823Z-1-001\Floresta-3\test\images\0-77-36_png_jpg.rf.51cddebbe92cf17e5f74adeb6fe27b6d.jpg,train,D:\Datasets\Alvaro\Floresta-3-20260714T215823Z-1-001\Floresta-3\train\images\0-77-36_png_jpg.rf.81d9d46f3aa6ad20776bc198f614c02a.jpg,0.9532709121704102
validation-train,validation,D:\Datasets\Alvaro\Floresta-3-20260714T215823Z-1-001\Floresta-3\test\images\0-77-36_png_jpg.rf.f1a0375bd541a25e6ecda4152fe3710f.jpg,train,D:\Datasets\Alvaro\Floresta-3-20260714T215823Z-1-001\Floresta-3\train\images\0-77-36_png_jpg.rf.d6dacc164c5c94801405319cdefaecf2.jpg,0.9443014860153198
validation-train,validation,D:\Datasets\Alvaro\Floresta-3-20260714T215823Z-1-001\Floresta-3\test\images\0-79-31_png_jpg.rf.12393ca37282abaf1bb497a7592268a2.jpg,train,D:\Datasets\Alvaro\Floresta-3-20260714T215823Z-1-001\Floresta-3\train\images\0-79-31_png_jpg.rf.79a8c5a0b893c20f2fcae42859438896.jpg,0.9497061967849731
validation-train,validation,D:\Datasets\Alvaro\Floresta-3-20260714T215823Z-1-001\Floresta-3\test\images\0-79-31_png_jpg.rf.212e05a88acc6af026affc6c2f376f87.jpg,train,D:\Datasets\Alvaro\Floresta-3-20260714T215823Z-1-001\Floresta-3\train\images\0-79-31_png_jpg.rf.66808aba8d614c14441b1040db83f9f3.jpg,0.9588763117790222
validation-train,validation,D:\Datasets\Alvaro\Floresta-3-20260714T215823Z-1-001\Floresta-3\test\images\0-8-33_png_jpg.rf.15a931276057116748e26bbf3c21d473.jpg,train,D:\Datasets\Alvaro\Floresta-3-20260714T215823Z-1-001\Floresta-3\train\images\0-8-33_png_jpg.rf.28fa6fa2587027c9928cbd1ed7e0ae48.jpg,0.9619866609573364
validation-train,validation,D:\Datasets\Alvaro\Floresta-3-20260714T215823Z-1-001\Floresta-3\test\images\0-8-33_png_jpg.rf.4557720141184f10cd9eff22ac750fb5.jpg,train,D:\Datasets\Alvaro\Floresta-3-20260714T215823Z-1-001\Floresta-3\train\images\0-8-33_png_jpg.rf.28fa6fa2587027c9928cbd1ed7e0ae48.jpg,0.9718366861343384
validation-train,validation,D:\Datasets\Alvaro\Floresta-3-20260714T215823Z-1-001\Floresta-3\test\images\0-8-34_png_jpg.rf.8309d7859fd737b5daaa8ac571298c98.jpg,train,D:\Datasets\Alvaro\Floresta-3-20260714T215823Z-1-001\Floresta-3\train\images\0-8-34_png_jpg.rf.3ba2689e2f89e83dbeda33ba8cf0195e.jpg,0.8921304941177368
validation-train,validation,D:\Datasets\Alvaro\Floresta-3-20260714T215823Z-1-001\Floresta-3\test\images\0-8-34_png_jpg.rf.b3649fa43fbcdf7c6375d3ed9dfb0d1b.jpg,train,D:\Datasets\Alvaro\Floresta-3-20260714T215823Z-1-001\Floresta-3\train\images\0-8-34_png_jpg.rf.7ee6df7208592356bc2484431c36a9c4.jpg,0.9401320219039917
validation-train,validation,D:\Datasets\Alvaro\Floresta-3-20260714T215823Z-1-001\Floresta-3\test\images\0-9-42_png_jpg.rf.a8de2b34659aab13e26c083939610694.jpg,train,D:\Datasets\Alvaro\Floresta-3-20260714T215823Z-1-001\Floresta-3\train\images\0-9-42_png_jpg.rf.2dc054c339d7b76fc732710c5a0b4abc.jpg,0.9164942502975464
validation-train,validation,D:\Datasets\Alvaro\Floresta-3-20260714T215823Z-1-001\Floresta-3\test\images\0-9-42_png_jpg.rf.d49f05638ed72ba669495af30425d185.jpg,train,D:\Datasets\Alvaro\Floresta-3-20260714T215823Z-1-001\Floresta-3\train\images\0-9-42_png_jpg.rf.cbadc5bbae321bf037d95d617f68a7b8.jpg,0.9635244607925415
validation-train,validation,D:\Datasets\Alvaro\Floresta-3-20260714T215823Z-1-001\Floresta-3\test\images\1-12-20_png_jpg.rf.496d941beb27e749732c11ace170fe24.jpg,train,D:\Datasets\Alvaro\Floresta-3-20260714T215823Z-1-001\Floresta-3\train\images\1-12-20_png_jpg.rf.0088d54c9e95c390372ca3ae965251cc.jpg,0.9531983137130737
validation-train,validation,D:\Datasets\Alvaro\Floresta-3-20260714T215823Z-1-001\Floresta-3\test\images\1-12-20_png_jpg.rf.dee6f190cc82abd81736d7af8e6e35fb.jpg,train,D:\Datasets\Alvaro\Floresta-3-20260714T215823Z-1-001\Floresta-3\train\images\1-12-20_png_jpg.rf.baaca69616baea4113462a3d54f091c7.jpg,0.9671937823295593
validation-train,validation,D:\Datasets\Alvaro\Floresta-3-20260714T215823Z-1-001\Floresta-3\test\images\1-16-3_png_jpg.rf.d5a65a614e7a1d77132e193a65d9edbd.jpg,train,D:\Datasets\Alvaro\Floresta-3-20260714T215823Z-1-001\Floresta-3\train\images\1-16-3_png_jpg.rf.43baec4afd272b79ef9f27c9e4f97dee.jpg,0.9787925481796265
validation-train,validation,D:\Datasets\Alvaro\Floresta-3-20260714T215823Z-1-001\Floresta-3\test\images\1-2-18_png_jpg.rf.07f26c4de8197f9a9c01a0238a22f740.jpg,train,D:\Datasets\Alvaro\Floresta-3-20260714T215823Z-1-001\Floresta-3\train\images\1-2-18_png_jpg.rf.813466fc2e81beffc5b2793ad5a4ddfe.jpg,0.9144895672798157
validation-train,validation,D:\Datasets\Alvaro\Floresta-3-20260714T215823Z-1-001\Floresta-3\test\images\1-2-18_png_jpg.rf.8f71dbb9fce1720fd8ae7fae49a73615.jpg,train,D:\Datasets\Alvaro\Floresta-3-20260714T215823Z-1-001\Floresta-3\train\images\1-2-18_png_jpg.rf.813466fc2e81beffc5b2793ad5a4ddfe.jpg,0.9399958848953247
validation-train,validation,D:\Datasets\Alvaro\Floresta-3-20260714T215823Z-1-001\Floresta-3\test\images\1-2-3_png_jpg.rf.194fe584bd065d31a5126f0b23044502.jpg,train,D:\Datasets\Alvaro\Floresta-3-20260714T215823Z-1-001\Floresta-3\train\images\1-2-3_png_jpg.rf.e5957a5af7791c158846552ecf60745c.jpg,0.9228988289833069
validation-train,validation,D:\Datasets\Alvaro\Floresta-3-20260714T215823Z-1-001\Floresta-3\test\images\1-21-23_png_jpg.rf.25a353b274aae5e4c276c3f793d9a15e.jpg,train,D:\Datasets\Alvaro\Floresta-3-20260714T215823Z-1-001\Floresta-3\train\images\1-21-23_png_jpg.rf.2df263a884e595abdb770892822fb2b4.jpg,0.931666374206543
validation-train,validation,D:\Datasets\Alvaro\Floresta-3-20260714T215823Z-1-001\Floresta-3\test\images\1-21-23_png_jpg.rf.446431153fdb90f20a81eeb1998a5a85.jpg,train,D:\Datasets\Alvaro\Floresta-3-20260714T215823Z-1-001\Floresta-3\train\images\1-21-23_png_jpg.rf.5eeac40d4eb0d3d74ed01c3877a90925.jpg,0.925579845905304
validation-train,validation,D:\Datasets\Alvaro\Floresta-3-20260714T215823Z-1-001\Floresta-3\test\images\1-25-0_png_jpg.rf.ea24e80f6adaa643803cf6e288123e8f.jpg,train,D:\Datasets\Alvaro\Floresta-3-20260714T215823Z-1-001\Floresta-3\train\images\1-25-0_png_jpg.rf.12d84b4eaaca849a4001ed9c8ab6ce76.jpg,0.8881929516792297
validation-train,validation,D:\Datasets\Alvaro\Floresta-3-20260714T215823Z-1-001\Floresta-3\test\images\1-25-20_png_jpg.rf.554cb2d764df22ab3531992cdee46acf.jpg,train,D:\Datasets\Alvaro\Floresta-3-20260714T215823Z-1-001\Floresta-3\train\images\1-25-20_png_jpg.rf.d5806072687024d2273adba029146b6d.jpg,0.9518378973007202
validation-train,validation,D:\Datasets\Alvaro\Floresta-3-20260714T215823Z-1-001\Floresta-3\test\images\1-25-20_png_jpg.rf.6ceeca6f2ae6adb645589f24e174fc7a.jpg,train,D:\Datasets\Alvaro\Floresta-3-20260714T215823Z-1-001\Floresta-3\train\images\1-25-20_png_jpg.rf.4d664b55ad4604a942d2b68859c6f462.jpg,0.952073872089386
validation-train,validation,D:\Datasets\Alvaro\Floresta-3-20260714T215823Z-1-001\Floresta-3\test\images\1-25-20_png_jpg.rf.d163b61b200347aa92baf2571ead08d6.jpg,train,D:\Datasets\Alvaro\Floresta-3-20260714T215823Z-1-001\Floresta-3\train\images\1-25-20_png_jpg.rf.d5806072687024d2273adba029146b6d.jpg,0.9387502670288086
validation-train,validation,D:\Datasets\Alvaro\Floresta-3-20260714T215823Z-1-001\Floresta-3\test\images\1-25-20_png_jpg.rf.ed224bac5091cb506abe9764f22d1d36.jpg,train,D:\Datasets\Alvaro\Floresta-3-20260714T215823Z-1-001\Floresta-3\train\images\1-25-20_png_jpg.rf.d5806072687024d2273adba029146b6d.jpg,0.9233357906341553
validation-train,validation,D:\Datasets\Alvaro\Floresta-3-20260714T215823Z-1-001\Floresta-3\test\images\1-26-15_png_jpg.rf.65315b019e93c2d840211999ca655c09.jpg,train,D:\Datasets\Alvaro\Floresta-3-20260714T215823Z-1-001\Floresta-3\train\images\1-26-15_png_jpg.rf.a40bd3045f133db207b90526ee2b5a54.jpg,0.9458853006362915
validation-train,validation,D:\Datasets\Alvaro\Floresta-3-20260714T215823Z-1-001\Floresta-3\test\images\1-27-22_png_jpg.rf.5d17043b694dc69b5837562d26a72e34.jpg,train,D:\Datasets\Alvaro\Floresta-3-20260714T215823Z-1-001\Floresta-3\train\images\1-27-22_png_jpg.rf.b5f778c09498c55f5b7e2c0fc21367f7.jpg,0.9200562238693237
validation-train,validation,D:\Datasets\Alvaro\Floresta-3-20260714T215823Z-1-001\Floresta-3\test\images\1-27-22_png_jpg.rf.6e4b2b42e2ddf6effd011e80383b9048.jpg,train,D:\Datasets\Alvaro\Floresta-3-20260714T215823Z-1-001\Floresta-3\train\images\1-27-22_png_jpg.rf.afdbd379f81bad9733f8741745e03e27.jpg,0.9596201181411743
validation-train,validation,D:\Datasets\Alvaro\Floresta-3-20260714T215823Z-1-001\Floresta-3\test\images\1-27-22_png_jpg.rf.e940059948af211898015bfe1fc7d1dd.jpg,train,D:\Datasets\Alvaro\Floresta-3-20260714T215823Z-1-001\Floresta-3\train\images\1-27-22_png_jpg.rf.afdbd379f81bad9733f8741745e03e27.jpg,0.9636875987052917
validation-train,validation,D:\Datasets\Alvaro\Floresta-3-20260714T215823Z-1-001\Floresta-3\test\images\1-3-6_png_jpg.rf.68c8322853cc478f9f894f40c8cfd2cf.jpg,train,D:\Datasets\Alvaro\Floresta-3-20260714T215823Z-1-001\Floresta-3\train\images\1-3-6_png_jpg.rf.71110524ef96a11ada69b5f35c9ce3a7.jpg,0.9563463926315308
validation-train,validation,D:\Datasets\Alvaro\Floresta-3-20260714T215823Z-1-001\Floresta-3\test\images\1-3-6_png_jpg.rf.c20b0845c3e362a2b30f6b0c286b380b.jpg,train,D:\Datasets\Alvaro\Floresta-3-20260714T215823Z-1-001\Floresta-3\train\images\1-3-6_png_jpg.rf.7559509ae1d427929ee931e97c299fb6.jpg,0.9123879671096802
validation-train,validation,D:\Datasets\Alvaro\Floresta-3-20260714T215823Z-1-001\Floresta-3\test\images\1-36-17_png_jpg.rf.75aebc267f71a78f6f0455197ea36e6f.jpg,train,D:\Datasets\Alvaro\Floresta-3-20260714T215823Z-1-001\Floresta-3\train\images\1-36-17_png_jpg.rf.49d87df331e4c83632b5a3c946d729de.jpg,0.9717009663581848
validation-train,validation,D:\Datasets\Alvaro\Floresta-3-20260714T215823Z-1-001\Floresta-3\test\images\1-36-17_png_jpg.rf.7ad72615ab3398dc26b63ec7e898d6d8.jpg,train,D:\Datasets\Alvaro\Floresta-3-20260714T215823Z-1-001\Floresta-3\train\images\1-36-17_png_jpg.rf.f4ab72832f92fb863f0e6793d460ccc0.jpg,0.9656727313995361
validation-train,validation,D:\Datasets\Alvaro\Floresta-3-20260714T215823Z-1-001\Floresta-3\test\images\1-37-5_png_jpg.rf.0364545d02b4c7b134aff3baf0200976.jpg,train,D:\Datasets\Alvaro\Floresta-3-20260714T215823Z-1-001\Floresta-3\train\images\1-37-5_png_jpg.rf.c7b686a70c140d036f4cb03ecfba8fbc.jpg,0.957271158695221
validation-train,validation,D:\Datasets\Alvaro\Floresta-3-20260714T215823Z-1-001\Floresta-3\test\images\1-37-5_png_jpg.rf.3357bbe1676288673177179ac32d9c8a.jpg,train,D:\Datasets\Alvaro\Floresta-3-20260714T215823Z-1-001\Floresta-3\train\images\1-37-5_png_jpg.rf.91450790b278655ab8cd5a06d9f7111f.jpg,0.9432064294815063
validation-train,validation,D:\Datasets\Alvaro\Floresta-3-20260714T215823Z-1-001\Floresta-3\test\images\1-37-5_png_jpg.rf.7730bdd5ee8ef930c732a1971c1ec766.jpg,train,D:\Datasets\Alvaro\Floresta-3-20260714T215823Z-1-001\Floresta-3\train\images\1-37-5_png_jpg.rf.c8cd13983bc16a32820406ea4bf7ce8d.jpg,0.9513302445411682
validation-train,validation,D:\Datasets\Alvaro\Floresta-3-20260714T215823Z-1-001\Floresta-3\test\images\1-4-2_png_jpg.rf.47d66b15828eefca5b347b2e3abcf9d4.jpg,train,D:\Datasets\Alvaro\Floresta-3-20260714T215823Z-1-001\Floresta-3\train\images\1-4-2_png_jpg.rf.687539e15794001cdb9ec0f07908c477.jpg,0.9741055965423584
validation-train,validation,D:\Datasets\Alvaro\Floresta-3-20260714T215823Z-1-001\Floresta-3\test\images\1-4-2_png_jpg.rf.e1937771c9b52b3503eb0f67eb2f098c.jpg,train,D:\Datasets\Alvaro\Floresta-3-20260714T215823Z-1-001\Floresta-3\train\images\1-4-2_png_jpg.rf.eb294fd66ad51ca9264665ba1cdd5ca7.jpg,0.9320449829101562
validation-train,validation,D:\Datasets\Alvaro\Floresta-3-20260714T215823Z-1-001\Floresta-3\test\images\1-5-12_png_jpg.rf.59572aac364c413c72a25002fd49e114.jpg,train,D:\Datasets\Alvaro\Floresta-3-20260714T215823Z-1-001\Floresta-3\train\images\1-5-12_png_jpg.rf.895490eb2347b1696f9d1c2e85b42bec.jpg,0.965351939201355
validation-train,validation,D:\Datasets\Alvaro\Floresta-3-20260714T215823Z-1-001\Floresta-3\test\images\1-8-14_png_jpg.rf.b5ceca159a3cae5c9dfdd064da145b15.jpg,train,D:\Datasets\Alvaro\Floresta-3-20260714T215823Z-1-001\Floresta-3\train\images\1-8-14_png_jpg.rf.ae49e1ddaf28f47f2b11c166973e47d3.jpg,0.9539361000061035
validation-train,validation,D:\Datasets\Alvaro\Floresta-3-20260714T215823Z-1-001\Floresta-3\test\images\1-8-17_png_jpg.rf.0f4da20978f44bc549a54d48eef5233c.jpg,train,D:\Datasets\Alvaro\Floresta-3-20260714T215823Z-1-001\Floresta-3\train\images\1-8-17_png_jpg.rf.4f0040f58e829079377d30a76c564b5d.jpg,0.9802910089492798
validation-train,validation,D:\Datasets\Alvaro\Floresta-3-20260714T215823Z-1-001\Floresta-3\test\images\1-8-1_png_jpg.rf.5c5dcf6ab2309894643aef3884a281d3.jpg,train,D:\Datasets\Alvaro\Floresta-3-20260714T215823Z-1-001\Floresta-3\train\images\1-8-1_png_jpg.rf.27e59c56342fe4c880dd26e0c0a8b914.jpg,0.9660649299621582
validation-train,validation,D:\Datasets\Alvaro\Floresta-3-20260714T215823Z-1-001\Floresta-3\test\images\1-8-1_png_jpg.rf.c76084a1cf98d573fd27aecb65f109aa.jpg,train,D:\Datasets\Alvaro\Floresta-3-20260714T215823Z-1-001\Floresta-3\train\images\1-8-1_png_jpg.rf.a4b7393a0190c5abb13732591155fa1c.jpg,0.9350876808166504
validation-train,validation,D:\Datasets\Alvaro\Floresta-3-20260714T215823Z-1-001\Floresta-3\test\images\1-9-4_png_jpg.rf.5ac2b2520553a462ca58248536f25410.jpg,train,D:\Datasets\Alvaro\Floresta-3-20260714T215823Z-1-001\Floresta-3\train\images\1-9-4_png_jpg.rf.e0cfb87fb43fd66d63bbaddf03383d02.jpg,0.9307717084884644
validation-train,validation,D:\Datasets\Alvaro\Floresta-3-20260714T215823Z-1-001\Floresta-3\test\images\1-9-4_png_jpg.rf.8ec46c1836a3d620a653885e765c7a70.jpg,train,D:\Datasets\Alvaro\Floresta-3-20260714T215823Z-1-001\Floresta-3\train\images\1-9-4_png_jpg.rf.f6ade69567d90ff691f8901625f7e35d.jpg,0.9475327730178833
validation-train,validation,D:\Datasets\Alvaro\Floresta-3-20260714T215823Z-1-001\Floresta-3\test\images\100_0001_0004-2_jpg.rf.8ffa884130c0aaadbe09567a86ea7da4.jpg,train,D:\Datasets\Alvaro\Floresta-3-20260714T215823Z-1-001\Floresta-3\train\images\100_0001_0004-2_jpg.rf.02dcd381f5eb29d0266fd8b926a5f27e.jpg,0.9805726408958435
validation-train,validation,D:\Datasets\Alvaro\Floresta-3-20260714T215823Z-1-001\Floresta-3\test\images\100_0001_0006-2_jpg.rf.d40076178f7b738f642c416dc27e6e4d.jpg,train,D:\Datasets\Alvaro\Floresta-3-20260714T215823Z-1-001\Floresta-3\train\images\100_0001_0006-2_jpg.rf.5422448c981cc15e4acbf1fc6389dd21.jpg,0.9774601459503174
validation-train,validation,D:\Datasets\Alvaro\Floresta-3-20260714T215823Z-1-001\Floresta-3\test\images\100_0001_0006-2_jpg.rf.eceb05793596eeecc82a634c97ca12f2.jpg,train,D:\Datasets\Alvaro\Floresta-3-20260714T215823Z-1-001\Floresta-3\train\images\100_0001_0006-2_jpg.rf.a14a0d373667f402f0edec391c84198f.jpg,0.9216536283493042
validation-train,validation,D:\Datasets\Alvaro\Floresta-3-20260714T215823Z-1-001\Floresta-3\test\images\100_0001_0013-2_jpg.rf.45b327a54571566b4d3413f6c6706653.jpg,train,D:\Datasets\Alvaro\Floresta-3-20260714T215823Z-1-001\Floresta-3\train\images\100_0001_0013-2_jpg.rf.e1f10599d6f274851adaf83a4b789c05.jpg,0.9587419033050537
validation-train,validation,D:\Datasets\Alvaro\Floresta-3-20260714T215823Z-1-001\Floresta-3\test\images\100_0001_0015-5_jpg.rf.a39e5b6f78834a738b0c188a89ce80a5.jpg,train,D:\Datasets\Alvaro\Floresta-3-20260714T215823Z-1-001\Floresta-3\train\images\100_0001_0015-5_jpg.rf.2be7ef8d674d1e201a2a5d7ecf02dd72.jpg,0.974517822265625
validation-train,validation,D:\Datasets\Alvaro\Floresta-3-20260714T215823Z-1-001\Floresta-3\test\images\100_0001_0015-5_jpg.rf.d4d45714924fe8c7ba9957a88975279c.jpg,train,D:\Datasets\Alvaro\Floresta-3-20260714T215823Z-1-001\Floresta-3\train\images\100_0001_0015-5_jpg.rf.2be7ef8d674d1e201a2a5d7ecf02dd72.jpg,0.9736708402633667
validation-train,validation,D:\Datasets\Alvaro\Floresta-3-20260714T215823Z-1-001\Floresta-3\test\images\100_0001_0016-5_jpg.rf.dec0bf078d5898064d6d07d9272449f0.jpg,train,D:\Datasets\Alvaro\Floresta-3-20260714T215823Z-1-001\Floresta-3\train\images\100_0001_0016-5_jpg.rf.d5e17de6da35f92fbb7d6b6011130619.jpg,0.980574905872345
validation-train,validation,D:\Datasets\Alvaro\Floresta-3-20260714T215823Z-1-001\Floresta-3\test\images\100_0001_0023-3_jpg.rf.9d7a115e256fca494b0f4bf91deb4739.jpg,train,D:\Datasets\Alvaro\Floresta-3-20260714T215823Z-1-001\Floresta-3\train\images\100_0001_0023-3_jpg.rf.51b38d59fad39fe2d686bafcf7e0d33b.jpg,0.9372997879981995
validation-train,validation,D:\Datasets\Alvaro\Floresta-3-20260714T215823Z-1-001\Floresta-3\test\images\100_0001_0025-3_jpg.rf.3fe250e75e4f79af903adbdaaf1d6937.jpg,train,D:\Datasets\Alvaro\Floresta-3-20260714T215823Z-1-001\Floresta-3\train\images\100_0001_0025-3_jpg.rf.3cc69a5901981d2e72b1fa7cc370f625.jpg,0.9736312627792358
validation-train,validation,D:\Datasets\Alvaro\Floresta-3-20260714T215823Z-1-001\Floresta-3\test\images\100_0001_0025-3_jpg.rf.75f8b14293be73ca7689b2e2d603aa18.jpg,train,D:\Datasets\Alvaro\Floresta-3-20260714T215823Z-1-001\Floresta-3\train\images\100_0001_0025-3_jpg.rf.cf621bcf412b1ff1b83076930fbe8463.jpg,0.9711616039276123
validation-train,validation,D:\Datasets\Alvaro\Floresta-3-20260714T215823Z-1-001\Floresta-3\test\images\100_0001_0025-3_jpg.rf.d88a08fd38da6fec5736dac83fac5a10.jpg,train,D:\Datasets\Alvaro\Floresta-3-20260714T215823Z-1-001\Floresta-3\train\images\100_0001_0025-3_jpg.rf.3cc69a5901981d2e72b1fa7cc370f625.jpg,0.9438420534133911
validation-train,validation,D:\Datasets\Alvaro\Floresta-3-20260714T215823Z-1-001\Floresta-3\test\images\100_0001_0029-3_jpg.rf.62e910acd8f0f595d273bd90417ce6a0.jpg,train,D:\Datasets\Alvaro\Floresta-3-20260714T215823Z-1-001\Floresta-3\train\images\100_0001_0029-3_jpg.rf.70933db3e91ea8c3ab25730dbf772dc1.jpg,0.8997495174407959
validation-train,validation,D:\Datasets\Alvaro\Floresta-3-20260714T215823Z-1-001\Floresta-3\test\images\100_0001_0029-3_jpg.rf.c66548d03b6fd9140523cd3bea4e6c05.jpg,train,D:\Datasets\Alvaro\Floresta-3-20260714T215823Z-1-001\Floresta-3\train\images\100_0001_0029-3_jpg.rf.e5b2b66ba56d2666ec7cb12c3c421391.jpg,0.9256293773651123
validation-train,validation,D:\Datasets\Alvaro\Floresta-3-20260714T215823Z-1-001\Floresta-3\test\images\100_0001_0031-2_jpg.rf.78ee82c141ba58b6e6c047bbb3dc0aab.jpg,train,D:\Datasets\Alvaro\Floresta-3-20260714T215823Z-1-001\Floresta-3\train\images\100_0001_0031-2_jpg.rf.9833169d20eb13baa95b78d8214f9eca.jpg,0.9347226023674011
validation-train,validation,D:\Datasets\Alvaro\Floresta-3-20260714T215823Z-1-001\Floresta-3\test\images\100_0001_0031-3_jpg.rf.146bc27b6d794bcec2bfcd51557f0155.jpg,train,D:\Datasets\Alvaro\Floresta-3-20260714T215823Z-1-001\Floresta-3\train\images\100_0001_0031-3_jpg.rf.11c640563c2d9bfcda66ab91699533d1.jpg,0.941082775592804
validation-train,validation,D:\Datasets\Alvaro\Floresta-3-20260714T215823Z-1-001\Floresta-3\test\images\100_0001_0031-3_jpg.rf.c4092f0576fd235b44745fa529504207.jpg,train,D:\Datasets\Alvaro\Floresta-3-20260714T215823Z-1-001\Floresta-3\train\images\100_0001_0031-3_jpg.rf.8ec81a4c97109192f35f7e7ceb703901.jpg,0.9223631620407104
validation-train,validation,D:\Datasets\Alvaro\Floresta-3-20260714T215823Z-1-001\Floresta-3\test\images\10_jpg.rf.0fe86a95f7bd47fe7d6f7c2dfad6d153.jpg,train,D:\Datasets\Alvaro\Floresta-3-20260714T215823Z-1-001\Floresta-3\train\images\10_jpg.rf.a329c9737f4637232eb268ce9f757b39.jpg,0.9364913105964661
validation-train,validation,D:\Datasets\Alvaro\Floresta-3-20260714T215823Z-1-001\Floresta-3\test\images\111335_sat_00_jpg.rf.41ee51a45be7c1358f537ef070e7fd82.jpg,train,D:\Datasets\Alvaro\Floresta-3-20260714T215823Z-1-001\Floresta-3\train\images\111335_sat_00_jpg.rf.3e02817d05cc743e9e5cc886cd3b5649.jpg,0.9412518739700317
validation-train,validation,D:\Datasets\Alvaro\Floresta-3-20260714T215823Z-1-001\Floresta-3\test\images\111335_sat_00_jpg.rf.61d2a7ce0f8a0280a0563460cc13b14d.jpg,train,D:\Datasets\Alvaro\Floresta-3-20260714T215823Z-1-001\Floresta-3\train\images\111335_sat_00_jpg.rf.4d9e5e6e8ffee90f9190acde13b08ebb.jpg,0.9626520276069641
validation-train,validation,D:\Datasets\Alvaro\Floresta-3-20260714T215823Z-1-001\Floresta-3\test\images\111335_sat_00_jpg.rf.e5eca4e0896df26c0fb840658886c5ae.jpg,train,D:\Datasets\Alvaro\Floresta-3-20260714T215823Z-1-001\Floresta-3\train\images\111335_sat_00_jpg.rf.554381ef6b57816e3d99e7ff4f7418da.jpg,0.9443099498748779
validation-train,validation,D:\Datasets\Alvaro\Floresta-3-20260714T215823Z-1-001\Floresta-3\test\images\111335_sat_00_jpg.rf.ea75af035fe112c5535d46ab6b84baea.jpg,train,D:\Datasets\Alvaro\Floresta-3-20260714T215823Z-1-001\Floresta-3\train\images\111335_sat_00_jpg.rf.afc5cd082acb1f0d4b08cb97a3ae7657.jpg,0.9452122449874878
validation-train,validation,D:\Datasets\Alvaro\Floresta-3-20260714T215823Z-1-001\Floresta-3\test\images\111335_sat_01_jpg.rf.cb5276ee1eb5f197ca0afdb5338eaa60.jpg,train,D:\Datasets\Alvaro\Floresta-3-20260714T215823Z-1-001\Floresta-3\train\images\111335_sat_01_jpg.rf.db019b8951e86f3a8bf26c658e4e9cf9.jpg,0.9486984014511108
validation-train,validation,D:\Datasets\Alvaro\Floresta-3-20260714T215823Z-1-001\Floresta-3\test\images\111335_sat_07_jpg.rf.7b8558fe73d8b51c5e5cc4730efc45df.jpg,train,D:\Datasets\Alvaro\Floresta-3-20260714T215823Z-1-001\Floresta-3\train\images\111335_sat_07_jpg.rf.473330f85cf687b19f79558fd8927b54.jpg,0.9456291794776917
validation-train,validation,D:\Datasets\Alvaro\Floresta-3-20260714T215823Z-1-001\Floresta-3\test\images\111335_sat_07_jpg.rf.7ff08ef32af1d069b5236700c9e59fb0.jpg,train,D:\Datasets\Alvaro\Floresta-3-20260714T215823Z-1-001\Floresta-3\train\images\111335_sat_07_jpg.rf.0591bced22019ac14a3e1a684122e108.jpg,0.9781966209411621
validation-train,validation,D:\Datasets\Alvaro\Floresta-3-20260714T215823Z-1-001\Floresta-3\test\images\111335_sat_23_jpg.rf.bfb0971a48310f80e37f1bbd0bf25f92.jpg,train,D:\Datasets\Alvaro\Floresta-3-20260714T215823Z-1-001\Floresta-3\train\images\111335_sat_23_jpg.rf.01f7726ccc33b5d8ca6128a77dfb82c1.jpg,0.9359550476074219
validation-train,validation,D:\Datasets\Alvaro\Floresta-3-20260714T215823Z-1-001\Floresta-3\test\images\111335_sat_25_jpg.rf.23233e924754cd7ae09c15d9b7a67510.jpg,train,D:\Datasets\Alvaro\Floresta-3-20260714T215823Z-1-001\Floresta-3\train\images\111335_sat_25_jpg.rf.70cc33cf6d4d3511bf145110cf4c057b.jpg,0.9638932943344116
validation-train,validation,D:\Datasets\Alvaro\Floresta-3-20260714T215823Z-1-001\Floresta-3\test\images\111335_sat_25_jpg.rf.6635fba33d7146a69b81512e1a49bc28.jpg,train,D:\Datasets\Alvaro\Floresta-3-20260714T215823Z-1-001\Floresta-3\train\images\111335_sat_36_jpg.rf.7c18f77dba960f51bb6083075f23fe53.jpg,0.9119062423706055
validation-train,validation,D:\Datasets\Alvaro\Floresta-3-20260714T215823Z-1-001\Floresta-3\test\images\111335_sat_25_jpg.rf.b6a36fe2a082156d935f65d5400788b1.jpg,train,D:\Datasets\Alvaro\Floresta-3-20260714T215823Z-1-001\Floresta-3\train\images\111335_sat_25_jpg.rf.bef10f81f6897b34f1879cbf7cee9c7b.jpg,0.9145148992538452
validation-train,validation,D:\Datasets\Alvaro\Floresta-3-20260714T215823Z-1-001\Floresta-3\test\images\111335_sat_25_jpg.rf.c324953472a3b076c22261836e5be094.jpg,train,D:\Datasets\Alvaro\Floresta-3-20260714T215823Z-1-001\Floresta-3\train\images\111335_sat_25_jpg.rf.70cc33cf6d4d3511bf145110cf4c057b.jpg,0.9541770219802856
validation-train,validation,D:\Datasets\Alvaro\Floresta-3-20260714T215823Z-1-001\Floresta-3\test\images\111335_sat_36_jpg.rf.4fa1cac0aa7cd08ddd49c81c9a121329.jpg,train,D:\Datasets\Alvaro\Floresta-3-20260714T215823Z-1-001\Floresta-3\train\images\111335_sat_36_jpg.rf.82aa99d216eaa6d74cfd306e406b93bc.jpg,0.9764763712882996
validation-train,validation,D:\Datasets\Alvaro\Floresta-3-20260714T215823Z-1-001\Floresta-3\test\images\111335_sat_36_jpg.rf.6c7d42d58ffeaa1c5bab70ca0eede783.jpg,train,D:\Datasets\Alvaro\Floresta-3-20260714T215823Z-1-001\Floresta-3\train\images\111335_sat_36_jpg.rf.49a9c9989e9e9184302e7e8168e635b1.jpg,0.9275649785995483
validation-train,validation,D:\Datasets\Alvaro\Floresta-3-20260714T215823Z-1-001\Floresta-3\test\images\111335_sat_61_jpg.rf.0cedf77842cc960b9373d696a303ddbe.jpg,train,D:\Datasets\Alvaro\Floresta-3-20260714T215823Z-1-001\Floresta-3\train\images\111335_sat_61_jpg.rf.d440daaf3e8d09a78f2ce5c97b78b458.jpg,0.9621973633766174
validation-train,validation,D:\Datasets\Alvaro\Floresta-3-20260714T215823Z-1-001\Floresta-3\test\images\111335_sat_61_jpg.rf.4aaa2af5c66790e466cd1295104423d5.jpg,train,D:\Datasets\Alvaro\Floresta-3-20260714T215823Z-1-001\Floresta-3\train\images\111335_sat_61_jpg.rf.a930334b0a0aa7e181ad671aaf58cdab.jpg,0.925930380821228
validation-train,validation,D:\Datasets\Alvaro\Floresta-3-20260714T215823Z-1-001\Floresta-3\test\images\111335_sat_85_jpg.rf.36d9001a6bbcf89199f600597a4b5458.jpg,train,D:\Datasets\Alvaro\Floresta-3-20260714T215823Z-1-001\Floresta-3\train\images\111335_sat_85_jpg.rf.e68ddb00abb0daa09300f18bd296667d.jpg,0.9668751358985901
validation-train,validation,D:\Datasets\Alvaro\Floresta-3-20260714T215823Z-1-001\Floresta-3\test\images\111335_sat_85_jpg.rf.7dff6bb33e1db3e35ae9757eeb5215f8.jpg,train,D:\Datasets\Alvaro\Floresta-3-20260714T215823Z-1-001\Floresta-3\train\images\111335_sat_85_jpg.rf.bcd69f90caedb8f2762a38fdd8fcd870.jpg,0.9698272347450256
validation-train,validation,D:\Datasets\Alvaro\Floresta-3-20260714T215823Z-1-001\Floresta-3\test\images\119079_sat_00_jpg.rf.16478b567c4c7a2f61ad7f0b547fb368.jpg,train,D:\Datasets\Alvaro\Floresta-3-20260714T215823Z-1-001\Floresta-3\train\images\119079_sat_00_jpg.rf.5d5d36e6504dfa18c5f601798be8f650.jpg,0.9512938857078552
validation-train,validation,D:\Datasets\Alvaro\Floresta-3-20260714T215823Z-1-001\Floresta-3\test\images\119079_sat_00_jpg.rf.7cc49ab4206729d73e7487cada901c4b.jpg,train,D:\Datasets\Alvaro\Floresta-3-20260714T215823Z-1-001\Floresta-3\train\images\119079_sat_00_jpg.rf.fafe8a7091aac96fae6fc6650adc69c9.jpg,0.9533200263977051
validation-train,validation,D:\Datasets\Alvaro\Floresta-3-20260714T215823Z-1-001\Floresta-3\test\images\119079_sat_10_jpg.rf.cdecfa99954af4ad4401916d9dec07ce.jpg,train,D:\Datasets\Alvaro\Floresta-3-20260714T215823Z-1-001\Floresta-3\train\images\119079_sat_10_jpg.rf.db7e63159a2d2b19b0d06c716800cfd8.jpg,0.9416351318359375
validation-train,validation,D:\Datasets\Alvaro\Floresta-3-20260714T215823Z-1-001\Floresta-3\test\images\119079_sat_12_jpg.rf.54d244136bb2735e99b8738a988c70e8.jpg,train,D:\Datasets\Alvaro\Floresta-3-20260714T215823Z-1-001\Floresta-3\train\images\119079_sat_12_jpg.rf.a3c0263408715595f7389c5844e0968d.jpg,0.9524589776992798
validation-train,validation,D:\Datasets\Alvaro\Floresta-3-20260714T215823Z-1-001\Floresta-3\test\images\119079_sat_12_jpg.rf.ce546b66689315c2dc56d20fc46217a3.jpg,train,D:\Datasets\Alvaro\Floresta-3-20260714T215823Z-1-001\Floresta-3\train\images\119079_sat_12_jpg.rf.53ef396cddc23206dbcb18af4ec5531e.jpg,0.9372614622116089
validation-train,validation,D:\Datasets\Alvaro\Floresta-3-20260714T215823Z-1-001\Floresta-3\test\images\119079_sat_16_jpg.rf.5dcd8388f5a4b836578f6504eed51a05.jpg,train,D:\Datasets\Alvaro\Floresta-3-20260714T215823Z-1-001\Floresta-3\train\images\119079_sat_16_jpg.rf.7cc7aed7ae395cd904ae6a21c948a728.jpg,0.9114941358566284
validation-train,validation,D:\Datasets\Alvaro\Floresta-3-20260714T215823Z-1-001\Floresta-3\test\images\119079_sat_16_jpg.rf.83d2ea7881b135485a7880ce2e2fb2c1.jpg,train,D:\Datasets\Alvaro\Floresta-3-20260714T215823Z-1-001\Floresta-3\train\images\119079_sat_16_jpg.rf.7cc7aed7ae395cd904ae6a21c948a728.jpg,0.9305301308631897
validation-train,validation,D:\Datasets\Alvaro\Floresta-3-20260714T215823Z-1-001\Floresta-3\test\images\119079_sat_23_jpg.rf.b63ff99ffd878db84429b82e867db5dc.jpg,train,D:\Datasets\Alvaro\Floresta-3-20260714T215823Z-1-001\Floresta-3\train\images\119079_sat_23_jpg.rf.2ae186b33768b89685a39192b2c18a63.jpg,0.9561588764190674
validation-train,validation,D:\Datasets\Alvaro\Floresta-3-20260714T215823Z-1-001\Floresta-3\test\images\119079_sat_40_jpg.rf.02e1ad959cf80b2c0a7cd89be869246d.jpg,train,D:\Datasets\Alvaro\Floresta-3-20260714T215823Z-1-001\Floresta-3\train\images\119079_sat_40_jpg.rf.ecfb96fb2693d43d14c721b48d57ffd6.jpg,0.9532738327980042
validation-train,validation,D:\Datasets\Alvaro\Floresta-3-20260714T215823Z-1-001\Floresta-3\test\images\119079_sat_40_jpg.rf.b10c623e616b309b6085a058b1ea4c56.jpg,train,D:\Datasets\Alvaro\Floresta-3-20260714T215823Z-1-001\Floresta-3\train\images\119079_sat_40_jpg.rf.b5175a26eb0fecea2bc3255cfc074bd9.jpg,0.9008615612983704
validation-train,validation,D:\Datasets\Alvaro\Floresta-3-20260714T215823Z-1-001\Floresta-3\test\images\119079_sat_41_jpg.rf.8e17d45d859f5279b06852eb92637e10.jpg,train,D:\Datasets\Alvaro\Floresta-3-20260714T215823Z-1-001\Floresta-3\train\images\119079_sat_41_jpg.rf.4f7c8c3bc6585ac096df733636b83ad3.jpg,0.9499362707138062
validation-train,validation,D:\Datasets\Alvaro\Floresta-3-20260714T215823Z-1-001\Floresta-3\test\images\119079_sat_47_jpg.rf.8149f36924555c42dcd6302eb1f48df9.jpg,train,D:\Datasets\Alvaro\Floresta-3-20260714T215823Z-1-001\Floresta-3\train\images\119079_sat_47_jpg.rf.5a8eabf53b1632eeab939c052f7409a2.jpg,0.9605919122695923
validation-train,validation,D:\Datasets\Alvaro\Floresta-3-20260714T215823Z-1-001\Floresta-3\test\images\122104_sat_71_jpg.rf.3cf3e2ee1d2c9d6d72bd9d65728bd223.jpg,train,D:\Datasets\Alvaro\Floresta-3-20260714T215823Z-1-001\Floresta-3\train\images\122104_sat_71_jpg.rf.63036be45a75880b14492449073058bc.jpg,0.908158540725708
validation-train,validation,D:\Datasets\Alvaro\Floresta-3-20260714T215823Z-1-001\Floresta-3\test\images\13_jpg.rf.4bb21629a4a0e77868a478c83b88afd0.jpg,train,D:\Datasets\Alvaro\Floresta-3-20260714T215823Z-1-001\Floresta-3\train\images\13_jpg.rf.ac942e5b19ba5c89b5e691c4496f9fe3.jpg,0.9315930604934692
validation-train,validation,D:\Datasets\Alvaro\Floresta-3-20260714T215823Z-1-001\Floresta-3\test\images\13_jpg.rf.4fb1fad12cdd821d61af1b7cd6acbdd7.jpg,train,D:\Datasets\Alvaro\Floresta-3-20260714T215823Z-1-001\Floresta-3\train\images\13_jpg.rf.5b4ac1746eb596f696f3904d6eaa8550.jpg,0.950232982635498
validation-train,validation,D:\Datasets\Alvaro\Floresta-3-20260714T215823Z-1-001\Floresta-3\test\images\13_jpg.rf.ad5b66540bbfbf05a0a84473f4fdca80.jpg,train,D:\Datasets\Alvaro\Floresta-3-20260714T215823Z-1-001\Floresta-3\train\images\13_jpg.rf.46d492e3e070425f39fef8b6b7ce6444.jpg,0.9471604228019714
validation-train,validation,D:\Datasets\Alvaro\Floresta-3-20260714T215823Z-1-001\Floresta-3\test\images\148381_sat_50_jpg.rf.750eb7b22af2e7ab8f77d362cc25b516.jpg,train,D:\Datasets\Alvaro\Floresta-3-20260714T215823Z-1-001\Floresta-3\train\images\148381_sat_50_jpg.rf.968341380d4812756ec650eb4ea1a939.jpg,0.9693305492401123
validation-train,validation,D:\Datasets\Alvaro\Floresta-3-20260714T215823Z-1-001\Floresta-3\test\images\148381_sat_50_jpg.rf.c75397310fc1adb14025b4f826481b99.jpg,train,D:\Datasets\Alvaro\Floresta-3-20260714T215823Z-1-001\Floresta-3\train\images\148381_sat_50_jpg.rf.d1c10f5d84a135d28af7ae45fb2dfdbe.jpg,0.9741082191467285
validation-train,validation,D:\Datasets\Alvaro\Floresta-3-20260714T215823Z-1-001\Floresta-3\test\images\15_jpg.rf.1ce55b0cbd04cfeca4a2ac9dae76da6a.jpg,train,D:\Datasets\Alvaro\Floresta-3-20260714T215823Z-1-001\Floresta-3\train\images\15_jpg.rf.42b8cf7269faf8de6f2d8cc3a37991da.jpg,0.9530107378959656
validation-train,validation,D:\Datasets\Alvaro\Floresta-3-20260714T215823Z-1-001\Floresta-3\test\images\15_jpg.rf.6391cc20f4ff7804d19af34c9ecc6366.jpg,train,D:\Datasets\Alvaro\Floresta-3-20260714T215823Z-1-001\Floresta-3\train\images\15_jpg.rf.224cbe65e6e7635bdcf0e889424ed6df.jpg,0.9365405440330505
validation-train,validation,D:\Datasets\Alvaro\Floresta-3-20260714T215823Z-1-001\Floresta-3\test\images\15_jpg.rf.7e0d009a742a0d203317d07890fd08a7.jpg,train,D:\Datasets\Alvaro\Floresta-3-20260714T215823Z-1-001\Floresta-3\train\images\15_jpg.rf.ab20e659182ae31906b0726541d090a6.jpg,0.9533653259277344
validation-train,validation,D:\Datasets\Alvaro\Floresta-3-20260714T215823Z-1-001\Floresta-3\test\images\2-13-9_png_jpg.rf.0f5bd3c2a30c65dea01ab7a7032b4a0b.jpg,train,D:\Datasets\Alvaro\Floresta-3-20260714T215823Z-1-001\Floresta-3\train\images\2-13-9_png_jpg.rf.be09e9c470eeaca4715dda2b408407ba.jpg,0.9516065120697021
validation-train,validation,D:\Datasets\Alvaro\Floresta-3-20260714T215823Z-1-001\Floresta-3\test\images\2-4-12_png_jpg.rf.853ed4356797fe0fb612bb3710a49e75.jpg,train,D:\Datasets\Alvaro\Floresta-3-20260714T215823Z-1-001\Floresta-3\train\images\2-4-12_png_jpg.rf.18f7fdebbdc01c2292cd5af642d9c8f2.jpg,0.8785237669944763
validation-train,validation,D:\Datasets\Alvaro\Floresta-3-20260714T215823Z-1-001\Floresta-3\test\images\255876_sat_70_jpg.rf.463e2d2bb5f4ba13f69fa1f8196d3849.jpg,train,D:\Datasets\Alvaro\Floresta-3-20260714T215823Z-1-001\Floresta-3\train\images\255876_sat_70_jpg.rf.d914f1ae560bbfc8068221e06c27dce1.jpg,0.9628468751907349
validation-train,validation,D:\Datasets\Alvaro\Floresta-3-20260714T215823Z-1-001\Floresta-3\test\images\255876_sat_73_jpg.rf.1ea67bb4939a7db05042ed3d29ae0be7.jpg,train,D:\Datasets\Alvaro\Floresta-3-20260714T215823Z-1-001\Floresta-3\train\images\255876_sat_73_jpg.rf.cccc0a299584b64326ba0f270261891c.jpg,0.9436662197113037
validation-train,validation,D:\Datasets\Alvaro\Floresta-3-20260714T215823Z-1-001\Floresta-3\test\images\273002_sat_72_jpg.rf.845a1769aefbc07f3adcc250c47784c0.jpg,train,D:\Datasets\Alvaro\Floresta-3-20260714T215823Z-1-001\Floresta-3\train\images\273002_sat_72_jpg.rf.e82e0ba794fb11e8eef9da4e03edfc21.jpg,0.9369012117385864
validation-train,validation,D:\Datasets\Alvaro\Floresta-3-20260714T215823Z-1-001\Floresta-3\test\images\273002_sat_72_jpg.rf.df37521a248c6a41d60a74107cc086cf.jpg,train,D:\Datasets\Alvaro\Floresta-3-20260714T215823Z-1-001\Floresta-3\train\images\273002_sat_72_jpg.rf.218a5810547dd4681a54645d34ca83db.jpg,0.9442157745361328
validation-train,validation,D:\Datasets\Alvaro\Floresta-3-20260714T215823Z-1-001\Floresta-3\test\images\27460_sat_02_jpg.rf.efa85665c86fd75cca0aac7b179c18d8.jpg,train,D:\Datasets\Alvaro\Floresta-3-20260714T215823Z-1-001\Floresta-3\train\images\27460_sat_02_jpg.rf.0dd6a9df6e2648fc8bd0e779db5368ef.jpg,0.9502111673355103
validation-train,validation,D:\Datasets\Alvaro\Floresta-3-20260714T215823Z-1-001\Floresta-3\test\images\27460_sat_17_jpg.rf.103b72852a1d098b6c9a65d20e71d50c.jpg,train,D:\Datasets\Alvaro\Floresta-3-20260714T215823Z-1-001\Floresta-3\train\images\27460_sat_17_jpg.rf.b56570425ff90a7af991d1b5de6583c3.jpg,0.9399746656417847
validation-train,validation,D:\Datasets\Alvaro\Floresta-3-20260714T215823Z-1-001\Floresta-3\test\images\27460_sat_33_jpg.rf.48ee27c8e14f50b7d4e545ad411ae17d.jpg,train,D:\Datasets\Alvaro\Floresta-3-20260714T215823Z-1-001\Floresta-3\train\images\27460_sat_33_jpg.rf.020b69a20d13e1d9e21e85caa3ffc09d.jpg,0.9590774178504944
validation-train,validation,D:\Datasets\Alvaro\Floresta-3-20260714T215823Z-1-001\Floresta-3\test\images\27460_sat_33_jpg.rf.58dc8992d03e9ccad364b4533959bf26.jpg,train,D:\Datasets\Alvaro\Floresta-3-20260714T215823Z-1-001\Floresta-3\train\images\27460_sat_33_jpg.rf.9c2cce22d88d4510268c09987aeeac77.jpg,0.9460550546646118
validation-train,validation,D:\Datasets\Alvaro\Floresta-3-20260714T215823Z-1-001\Floresta-3\test\images\27460_sat_50_jpg.rf.03d3daeddef1c5706391a5e3dcab7b51.jpg,train,D:\Datasets\Alvaro\Floresta-3-20260714T215823Z-1-001\Floresta-3\train\images\27460_sat_50_jpg.rf.0703b5da2fa29ac3511b6cdb7ae5fee7.jpg,0.928842306137085
validation-train,validation,D:\Datasets\Alvaro\Floresta-3-20260714T215823Z-1-001\Floresta-3\test\images\27460_sat_51_jpg.rf.73a433b588b0c5770d94b79d4fc1a243.jpg,train,D:\Datasets\Alvaro\Floresta-3-20260714T215823Z-1-001\Floresta-3\train\images\27460_sat_51_jpg.rf.cdc8965c7dbd98ea749a98f2cffab451.jpg,0.9371503591537476
validation-train,validation,D:\Datasets\Alvaro\Floresta-3-20260714T215823Z-1-001\Floresta-3\test\images\27460_sat_51_jpg.rf.ff8db12578cd21bdfb4b14700d4b2f1e.jpg,train,D:\Datasets\Alvaro\Floresta-3-20260714T215823Z-1-001\Floresta-3\train\images\27460_sat_51_jpg.rf.6bfbd10a57894af5c7d13df1f1d39263.jpg,0.9401886463165283
validation-train,validation,D:\Datasets\Alvaro\Floresta-3-20260714T215823Z-1-001\Floresta-3\test\images\27460_sat_58_jpg.rf.73ddf4c8a3c1e57d588f15a9a2b9046d.jpg,train,D:\Datasets\Alvaro\Floresta-3-20260714T215823Z-1-001\Floresta-3\train\images\27460_sat_58_jpg.rf.18be9a45d5c93c4a8ce91590a1c75905.jpg,0.9549292922019958
validation-train,validation,D:\Datasets\Alvaro\Floresta-3-20260714T215823Z-1-001\Floresta-3\test\images\291214_sat_37_jpg.rf.9b1c2937b6d1228a4ba1770ba6c5f4b9.jpg,train,D:\Datasets\Alvaro\Floresta-3-20260714T215823Z-1-001\Floresta-3\train\images\291214_sat_37_jpg.rf.082f189d3206cf0b4263ae4b227ed0b9.jpg,0.952538251876831
validation-train,validation,D:\Datasets\Alvaro\Floresta-3-20260714T215823Z-1-001\Floresta-3\test\images\291214_sat_40_jpg.rf.2e09a31a8dda3986fbc7f62dc4a4de5d.jpg,train,D:\Datasets\Alvaro\Floresta-3-20260714T215823Z-1-001\Floresta-3\train\images\291214_sat_40_jpg.rf.b19aa0414004b67de861bf735fc90aaf.jpg,0.9323517084121704
validation-train,validation,D:\Datasets\Alvaro\Floresta-3-20260714T215823Z-1-001\Floresta-3\test\images\291214_sat_44_jpg.rf.ed4a2cca7b719e2f4c33744d8bcddc7a.jpg,train,D:\Datasets\Alvaro\Floresta-3-20260714T215823Z-1-001\Floresta-3\train\images\291214_sat_44_jpg.rf.f9c4bbc78d8721af5981eca185c36cef.jpg,0.9515843987464905
validation-train,validation,D:\Datasets\Alvaro\Floresta-3-20260714T215823Z-1-001\Floresta-3\test\images\291214_sat_78_jpg.rf.fb2aded0c68c4109df95ad1625c13fae.jpg,train,D:\Datasets\Alvaro\Floresta-3-20260714T215823Z-1-001\Floresta-3\train\images\291214_sat_78_jpg.rf.333e20239893198874b14bb2923432c4.jpg,0.9458369016647339
validation-train,validation,D:\Datasets\Alvaro\Floresta-3-20260714T215823Z-1-001\Floresta-3\test\images\2aml0_jpg.rf.f3b2f462f1c1403cdbb77f012e50c259.jpg,train,D:\Datasets\Alvaro\Floresta-3-20260714T215823Z-1-001\Floresta-3\train\images\2aml0_jpg.rf.e44b2a0f6adb02e65dc60dfffd542f2b.jpg,0.9465807676315308
validation-train,validation,D:\Datasets\Alvaro\Floresta-3-20260714T215823Z-1-001\Floresta-3\test\images\2aml12_jpg.rf.cb7fdad951152b8b01ab6cbae3a849bc.jpg,train,D:\Datasets\Alvaro\Floresta-3-20260714T215823Z-1-001\Floresta-3\train\images\2aml0_jpg.rf.0b016360a17c9a6f1cdb0401a80dff54.jpg,0.9775357246398926
validation-train,validation,D:\Datasets\Alvaro\Floresta-3-20260714T215823Z-1-001\Floresta-3\test\images\2aml150_jpg.rf.bdce44cd3ff33ed017f5f1778ffbc351.jpg,train,D:\Datasets\Alvaro\Floresta-3-20260714T215823Z-1-001\Floresta-3\train\images\2aml150_jpg.rf.ffd00bfa837ea671ffa3c3d0181a864c.jpg,0.9799162149429321
validation-train,validation,D:\Datasets\Alvaro\Floresta-3-20260714T215823Z-1-001\Floresta-3\test\images\2aml181_jpg.rf.e320cc0ebf60dbc79a1d5437feaa0519.jpg,train,D:\Datasets\Alvaro\Floresta-3-20260714T215823Z-1-001\Floresta-3\train\images\2aml181_jpg.rf.7094147c086488fc4236ba48723eb189.jpg,0.9469526410102844
validation-train,validation,D:\Datasets\Alvaro\Floresta-3-20260714T215823Z-1-001\Floresta-3\test\images\2aml187_jpg.rf.3256f7f483be775db4d51f3e3cf2cb5e.jpg,train,D:\Datasets\Alvaro\Floresta-3-20260714T215823Z-1-001\Floresta-3\train\images\2aml187_jpg.rf.44d1646557bcfea85856c2fdf7d7c812.jpg,0.933362603187561
validation-train,validation,D:\Datasets\Alvaro\Floresta-3-20260714T215823Z-1-001\Floresta-3\test\images\2aml18_jpg.rf.5bf434de112b96cb1f7b45807e2aa298.jpg,train,D:\Datasets\Alvaro\Floresta-3-20260714T215823Z-1-001\Floresta-3\train\images\2aml18_jpg.rf.c1ec512dfaea88710db1bad8b9b0076b.jpg,0.96135413646698
validation-train,validation,D:\Datasets\Alvaro\Floresta-3-20260714T215823Z-1-001\Floresta-3\test\images\2aml190_jpg.rf.9ac30ac7816cf4c24029f5095312245f.jpg,train,D:\Datasets\Alvaro\Floresta-3-20260714T215823Z-1-001\Floresta-3\train\images\2aml190_jpg.rf.b7b15858d7cbb0a2de08d2a902a59113.jpg,0.9692812561988831
validation-train,validation,D:\Datasets\Alvaro\Floresta-3-20260714T215823Z-1-001\Floresta-3\test\images\2aml190_jpg.rf.ca7cffeb5d0296874a6fbcbf86549a16.jpg,train,D:\Datasets\Alvaro\Floresta-3-20260714T215823Z-1-001\Floresta-3\train\images\2aml187_jpg.rf.9e4c2b1f4aa592b68b343b6e80fddfba.jpg,0.9185092449188232
validation-train,validation,D:\Datasets\Alvaro\Floresta-3-20260714T215823Z-1-001\Floresta-3\test\images\2aml190_jpg.rf.e1ead8180df2457412515b1d0d841b8a.jpg,train,D:\Datasets\Alvaro\Floresta-3-20260714T215823Z-1-001\Floresta-3\train\images\2aml190_jpg.rf.b648fe3e3a80d4cdd658a543f9495d55.jpg,0.9524584412574768
validation-train,validation,D:\Datasets\Alvaro\Floresta-3-20260714T215823Z-1-001\Floresta-3\test\images\2aml193_jpg.rf.9de868041519337eb17b89849d6be919.jpg,train,D:\Datasets\Alvaro\Floresta-3-20260714T215823Z-1-001\Floresta-3\train\images\2aml193_jpg.rf.830ede1eb3711d8fd3d349ffa460f741.jpg,0.9661085605621338
validation-train,validation,D:\Datasets\Alvaro\Floresta-3-20260714T215823Z-1-001\Floresta-3\test\images\2aml196_jpg.rf.1913be352c1ce3c1ec64afd548aa2a81.jpg,train,D:\Datasets\Alvaro\Floresta-3-20260714T215823Z-1-001\Floresta-3\train\images\2aml196_jpg.rf.e6c00ebeb1fe9c162b1d65925cf2cb34.jpg,0.9320207238197327
validation-train,validation,D:\Datasets\Alvaro\Floresta-3-20260714T215823Z-1-001\Floresta-3\test\images\2aml196_jpg.rf.f416a37d3b3e20b26f95134059a800e2.jpg,train,D:\Datasets\Alvaro\Floresta-3-20260714T215823Z-1-001\Floresta-3\train\images\2aml196_jpg.rf.e6c00ebeb1fe9c162b1d65925cf2cb34.jpg,0.9347972273826599
validation-train,validation,D:\Datasets\Alvaro\Floresta-3-20260714T215823Z-1-001\Floresta-3\test\images\2aml24_jpg.rf.384c51c36819940e50e733f8808af4aa.jpg,train,D:\Datasets\Alvaro\Floresta-3-20260714T215823Z-1-001\Floresta-3\train\images\2aml24_jpg.rf.6ee52c847e33c84aab169f394dbe593b.jpg,0.9692834615707397
validation-train,validation,D:\Datasets\Alvaro\Floresta-3-20260714T215823Z-1-001\Floresta-3\test\images\2aml24_jpg.rf.3a6181d79306b184e682c819e49395b4.jpg,train,D:\Datasets\Alvaro\Floresta-3-20260714T215823Z-1-001\Floresta-3\train\images\2aml24_jpg.rf.39faeb9fde1fefa5a6f702e042799f2a.jpg,0.9687280654907227
validation-train,validation,D:\Datasets\Alvaro\Floresta-3-20260714T215823Z-1-001\Floresta-3\test\images\2aml301_jpg.rf.1aa7836c8977ccb8227a2d604a955df0.jpg,train,D:\Datasets\Alvaro\Floresta-3-20260714T215823Z-1-001\Floresta-3\train\images\2aml305_jpg.rf.8b50abc360b90e88f5201631d1a291a2.jpg,0.9350252151489258
validation-train,validation,D:\Datasets\Alvaro\Floresta-3-20260714T215823Z-1-001\Floresta-3\test\images\2aml301_jpg.rf.c5eefa2436bfb40a07b5b5cddcdf14d1.jpg,train,D:\Datasets\Alvaro\Floresta-3-20260714T215823Z-1-001\Floresta-3\train\images\2aml301_jpg.rf.7fca4250b775c9eb5e38393b89265b5e.jpg,0.9812830686569214
validation-train,validation,D:\Datasets\Alvaro\Floresta-3-20260714T215823Z-1-001\Floresta-3\test\images\2aml317_jpg.rf.5606a7d3d35c0fa44a28b56f8361f0da.jpg,train,D:\Datasets\Alvaro\Floresta-3-20260714T215823Z-1-001\Floresta-3\train\images\2aml317_jpg.rf.10caf557510634606f8f17be816cd2fb.jpg,0.9371579885482788
validation-train,validation,D:\Datasets\Alvaro\Floresta-3-20260714T215823Z-1-001\Floresta-3\test\images\2aml317_jpg.rf.9424b44e499e54de0bb7bbf8b8f8e8bb.jpg,train,D:\Datasets\Alvaro\Floresta-3-20260714T215823Z-1-001\Floresta-3\train\images\2aml317_jpg.rf.abebe4f10f21cde52c9602f985dc7e47.jpg,0.9771510362625122
validation-train,validation,D:\Datasets\Alvaro\Floresta-3-20260714T215823Z-1-001\Floresta-3\test\images\2aml321_jpg.rf.d4477d4aef43829902beedd53f244328.jpg,train,D:\Datasets\Alvaro\Floresta-3-20260714T215823Z-1-001\Floresta-3\train\images\2aml321_jpg.rf.4795769f002dc517ac0f8fe178091da9.jpg,0.9758303165435791
validation-train,validation,D:\Datasets\Alvaro\Floresta-3-20260714T215823Z-1-001\Floresta-3\test\images\2aml36_jpg.rf.32285da7586c0485dd274c918530799a.jpg,train,D:\Datasets\Alvaro\Floresta-3-20260714T215823Z-1-001\Floresta-3\train\images\2aml36_jpg.rf.f30dd7bde911d9e05b3eaf1f19b21e43.jpg,0.956853985786438
validation-train,validation,D:\Datasets\Alvaro\Floresta-3-20260714T215823Z-1-001\Floresta-3\test\images\2aml36_jpg.rf.b06b50ead72203fd015a2553a98bf2cf.jpg,train,D:\Datasets\Alvaro\Floresta-3-20260714T215823Z-1-001\Floresta-3\train\images\2aml36_jpg.rf.62de0065ac1666546d1066e0b0db3978.jpg,0.9176754951477051
validation-train,validation,D:\Datasets\Alvaro\Floresta-3-20260714T215823Z-1-001\Floresta-3\test\images\2aml877_jpg.rf.eabff83321fe41e2f66bbcca5f45c6a5.jpg,train,D:\Datasets\Alvaro\Floresta-3-20260714T215823Z-1-001\Floresta-3\train\images\2aml883_jpg.rf.86c13565c6398bc4de9b0f13ade780f0.jpg,0.9687336683273315
validation-train,validation,D:\Datasets\Alvaro\Floresta-3-20260714T215823Z-1-001\Floresta-3\test\images\392711_sat_82_jpg.rf.75c5be7fcf97363bb5bce22b8f4848fc.jpg,train,D:\Datasets\Alvaro\Floresta-3-20260714T215823Z-1-001\Floresta-3\train\images\392711_sat_82_jpg.rf.8451245887a72236eb2015ca4e926a7a.jpg,0.9564222693443298
validation-train,validation,D:\Datasets\Alvaro\Floresta-3-20260714T215823Z-1-001\Floresta-3\test\images\525105_sat_57_jpg.rf.ce26729122939c38921ba634b1842ae4.jpg,train,D:\Datasets\Alvaro\Floresta-3-20260714T215823Z-1-001\Floresta-3\train\images\525105_sat_57_jpg.rf.cebaf5efd9fb73fe5738af2a01319141.jpg,0.953698456287384
validation-train,validation,D:\Datasets\Alvaro\Floresta-3-20260714T215823Z-1-001\Floresta-3\test\images\651312_sat_00_jpg.rf.82967831ee07dfba33f39068f5553372.jpg,train,D:\Datasets\Alvaro\Floresta-3-20260714T215823Z-1-001\Floresta-3\train\images\651312_sat_00_jpg.rf.ba974383e96760d1bf67d7d3b0952a98.jpg,0.96517014503479
validation-train,validation,D:\Datasets\Alvaro\Floresta-3-20260714T215823Z-1-001\Floresta-3\test\images\8_jpg.rf.d66d9a5d21b801101bc3945a9c8083a6.jpg,train,D:\Datasets\Alvaro\Floresta-3-20260714T215823Z-1-001\Floresta-3\train\images\8_jpg.rf.b058135f83dbc04efad2d3f3ae088665.jpg,0.9448269605636597
validation-train,validation,D:\Datasets\Alvaro\Floresta-3-20260714T215823Z-1-001\Floresta-3\test\images\9_jpg.rf.c13997e4c2aa82624305a5a48fedfec6.jpg,train,D:\Datasets\Alvaro\Floresta-3-20260714T215823Z-1-001\Floresta-3\train\images\9_jpg.rf.b39531cff508aad8cf1dac80264b6c9f.jpg,0.9506192207336426
validation-train,validation,D:\Datasets\Alvaro\Floresta-3-20260714T215823Z-1-001\Floresta-3\test\images\9_jpg.rf.c83a95a2915e70f97ab6b75b92f79c96.jpg,train,D:\Datasets\Alvaro\Floresta-3-20260714T215823Z-1-001\Floresta-3\train\images\9_jpg.rf.31881718e6db63d6772f380f5decec67.jpg,0.9366446733474731
validation-train,validation,D:\Datasets\Alvaro\Floresta-3-20260714T215823Z-1-001\Floresta-3\test\images\alina110_jpg.rf.05d0afbf3a18e6cb8191d6b59bcdc065.jpg,train,D:\Datasets\Alvaro\Floresta-3-20260714T215823Z-1-001\Floresta-3\train\images\alina114_jpg.rf.e59b76984e01061c385a058d9ccc5053.jpg,0.9546142220497131
validation-train,validation,D:\Datasets\Alvaro\Floresta-3-20260714T215823Z-1-001\Floresta-3\test\images\alina110_jpg.rf.facf970a03bb12cf729cbe52f42a4269.jpg,train,D:\Datasets\Alvaro\Floresta-3-20260714T215823Z-1-001\Floresta-3\train\images\alina110_jpg.rf.fd93c8272300943df69330e5b1efdcca.jpg,0.9655835628509521
validation-train,validation,D:\Datasets\Alvaro\Floresta-3-20260714T215823Z-1-001\Floresta-3\test\images\alina124_jpg.rf.c51c2f8e2710bde62d3288cc519c1478.jpg,train,D:\Datasets\Alvaro\Floresta-3-20260714T215823Z-1-001\Floresta-3\train\images\alina124_jpg.rf.2898355319a30b52c2d7942a5169e388.jpg,0.9217690825462341
validation-train,validation,D:\Datasets\Alvaro\Floresta-3-20260714T215823Z-1-001\Floresta-3\test\images\alina129_jpg.rf.6b0808e96e4229d2ffaa5f4c7c237ec8.jpg,train,D:\Datasets\Alvaro\Floresta-3-20260714T215823Z-1-001\Floresta-3\train\images\alina129_jpg.rf.14126cbeb3239785bbf42a68e307d0c0.jpg,0.9431513547897339
validation-train,validation,D:\Datasets\Alvaro\Floresta-3-20260714T215823Z-1-001\Floresta-3\test\images\alina139_jpg.rf.7fdd0e76c6b26b616e922f26ccded63e.jpg,train,D:\Datasets\Alvaro\Floresta-3-20260714T215823Z-1-001\Floresta-3\train\images\alina139_jpg.rf.b5d90277d4addbfcda576421e332aca0.jpg,0.945589005947113
validation-train,validation,D:\Datasets\Alvaro\Floresta-3-20260714T215823Z-1-001\Floresta-3\test\images\alina142_jpg.rf.f48f97000ec2e81f71de6bd198a628cc.jpg,train,D:\Datasets\Alvaro\Floresta-3-20260714T215823Z-1-001\Floresta-3\train\images\alina144_jpg.rf.4fd3181a8f9fb7669ef147e73c4bbf85.jpg,0.9738144278526306
validation-train,validation,D:\Datasets\Alvaro\Floresta-3-20260714T215823Z-1-001\Floresta-3\test\images\alina144_jpg.rf.2ca549dd89a17f378d2ceed154480163.jpg,train,D:\Datasets\Alvaro\Floresta-3-20260714T215823Z-1-001\Floresta-3\train\images\alina144_jpg.rf.5341ea544c24d7a5ed2810037c0d64c0.jpg,0.9661051630973816
validation-train,validation,D:\Datasets\Alvaro\Floresta-3-20260714T215823Z-1-001\Floresta-3\test\images\alina144_jpg.rf.a13d8f630756ee6a3c4acd97d03dc7fd.jpg,train,D:\Datasets\Alvaro\Floresta-3-20260714T215823Z-1-001\Floresta-3\train\images\alina142_jpg.rf.4f45f4747ca6cd21fb81fe1493bd6dd4.jpg,0.9684219360351562
validation-train,validation,D:\Datasets\Alvaro\Floresta-3-20260714T215823Z-1-001\Floresta-3\test\images\alina149_jpg.rf.5c6e75694f3333276a247697b457ba67.jpg,train,D:\Datasets\Alvaro\Floresta-3-20260714T215823Z-1-001\Floresta-3\train\images\alina144_jpg.rf.518f1cd444f335a7b227ef0c14ce08c0.jpg,0.9679846167564392
validation-train,validation,D:\Datasets\Alvaro\Floresta-3-20260714T215823Z-1-001\Floresta-3\test\images\alina149_jpg.rf.814dc9ceb804e7a0a53c0ae1aaf9bcba.jpg,train,D:\Datasets\Alvaro\Floresta-3-20260714T215823Z-1-001\Floresta-3\train\images\alina149_jpg.rf.8351e8f9d0e1b959a9b50aa04ddf32a2.jpg,0.9606932401657104
validation-train,validation,D:\Datasets\Alvaro\Floresta-3-20260714T215823Z-1-001\Floresta-3\test\images\alina15_jpg.rf.2774d4d3b821055084377ea03ba9324f.jpg,train,D:\Datasets\Alvaro\Floresta-3-20260714T215823Z-1-001\Floresta-3\train\images\alina15_jpg.rf.b7572a82819934926fd7d7fd258c9f41.jpg,0.9532005786895752
validation-train,validation,D:\Datasets\Alvaro\Floresta-3-20260714T215823Z-1-001\Floresta-3\test\images\alina15_jpg.rf.6b370e62a562e81b51236722b4a1c94e.jpg,train,D:\Datasets\Alvaro\Floresta-3-20260714T215823Z-1-001\Floresta-3\train\images\alina114_jpg.rf.a7e02f366755d8297c29575c33999111.jpg,0.9572747945785522
validation-train,validation,D:\Datasets\Alvaro\Floresta-3-20260714T215823Z-1-001\Floresta-3\test\images\alina_1010_jpg.rf.0b73fef67bed5eb45ac84bd77321df24.jpg,train,D:\Datasets\Alvaro\Floresta-3-20260714T215823Z-1-001\Floresta-3\train\images\alina_1010_jpg.rf.9e1f318926955c75d2fc3a2bf718f2c8.jpg,0.9635552167892456
validation-train,validation,D:\Datasets\Alvaro\Floresta-3-20260714T215823Z-1-001\Floresta-3\test\images\alina_1010_jpg.rf.ad39ceb98bc715587bad73aef0c1189e.jpg,train,D:\Datasets\Alvaro\Floresta-3-20260714T215823Z-1-001\Floresta-3\train\images\alina_1010_jpg.rf.9e1f318926955c75d2fc3a2bf718f2c8.jpg,0.9626288414001465
validation-train,validation,D:\Datasets\Alvaro\Floresta-3-20260714T215823Z-1-001\Floresta-3\test\images\alina_1013_jpg.rf.6797c2473549ccfb5eede414ef94f62c.jpg,train,D:\Datasets\Alvaro\Floresta-3-20260714T215823Z-1-001\Floresta-3\train\images\alina_1013_jpg.rf.35a99bf9a2d07c7c48cccc0a7f16049e.jpg,0.9659838676452637
validation-train,validation,D:\Datasets\Alvaro\Floresta-3-20260714T215823Z-1-001\Floresta-3\test\images\alina_1013_jpg.rf.b28974389eeb8e921a2b0a57ea0df79b.jpg,train,D:\Datasets\Alvaro\Floresta-3-20260714T215823Z-1-001\Floresta-3\train\images\alina_1013_jpg.rf.17ce300b712d84be05fef242bed0cc97.jpg,0.972531795501709
validation-train,validation,D:\Datasets\Alvaro\Floresta-3-20260714T215823Z-1-001\Floresta-3\test\images\alina_1014_jpg.rf.ac1dc9c2882dcf9b80b399384789e495.jpg,train,D:\Datasets\Alvaro\Floresta-3-20260714T215823Z-1-001\Floresta-3\train\images\alina_1014_jpg.rf.79acd2f527622cc60c3e502dec2e1560.jpg,0.9700446128845215
validation-train,validation,D:\Datasets\Alvaro\Floresta-3-20260714T215823Z-1-001\Floresta-3\test\images\alina_1015_jpg.rf.5e244c5247b6763bde79e3532f4c19d0.jpg,train,D:\Datasets\Alvaro\Floresta-3-20260714T215823Z-1-001\Floresta-3\train\images\alina_1014_jpg.rf.4c4d76a56c98bcce5265d6ee657f6ae1.jpg,0.9659769535064697
validation-train,validation,D:\Datasets\Alvaro\Floresta-3-20260714T215823Z-1-001\Floresta-3\test\images\alina_1016_jpg.rf.1c71f6ef401916319b277878a56137f7.jpg,train,D:\Datasets\Alvaro\Floresta-3-20260714T215823Z-1-001\Floresta-3\train\images\alina_1016_jpg.rf.136acca44cb5e13143b5a6e1ae439eb3.jpg,0.9674310684204102
validation-train,validation,D:\Datasets\Alvaro\Floresta-3-20260714T215823Z-1-001\Floresta-3\test\images\alina_1016_jpg.rf.2073bfada0d87f26630a5c0e9dc0a6a5.jpg,train,D:\Datasets\Alvaro\Floresta-3-20260714T215823Z-1-001\Floresta-3\train\images\alina_1015_jpg.rf.01acd64150937a0457bab9d2794caf12.jpg,0.9373871088027954
validation-train,validation,D:\Datasets\Alvaro\Floresta-3-20260714T215823Z-1-001\Floresta-3\test\images\alina_1017_jpg.rf.95d21f971cec3639e9d66286894dadc9.jpg,train,D:\Datasets\Alvaro\Floresta-3-20260714T215823Z-1-001\Floresta-3\train\images\alina_1015_jpg.rf.4e4d4627758163975b7f8a4eeee2b1ff.jpg,0.9704693555831909
validation-train,validation,D:\Datasets\Alvaro\Floresta-3-20260714T215823Z-1-001\Floresta-3\test\images\alina_102_jpg.rf.639341035f6d115668ae20553d7dbcf1.jpg,train,D:\Datasets\Alvaro\Floresta-3-20260714T215823Z-1-001\Floresta-3\train\images\alina_102_jpg.rf.ca0fa3cad0f885c32ef66524d50b62e3.jpg,0.9503893852233887
validation-train,validation,D:\Datasets\Alvaro\Floresta-3-20260714T215823Z-1-001\Floresta-3\test\images\alina_108_jpg.rf.2411ad581c26aba6ae8a8deb64e0a41b.jpg,train,D:\Datasets\Alvaro\Floresta-3-20260714T215823Z-1-001\Floresta-3\train\images\alina_108_jpg.rf.7b5d5d4e1917e90c8a44b8e1f1d39ae0.jpg,0.9485415816307068
validation-train,validation,D:\Datasets\Alvaro\Floresta-3-20260714T215823Z-1-001\Floresta-3\test\images\alina_110_jpg.rf.48462fd2b042e7a971956206d6a7acc3.jpg,train,D:\Datasets\Alvaro\Floresta-3-20260714T215823Z-1-001\Floresta-3\train\images\alina_1112_jpg.rf.9c201c8000e206867df69a9d5f12745e.jpg,0.9776781797409058
validation-train,validation,D:\Datasets\Alvaro\Floresta-3-20260714T215823Z-1-001\Floresta-3\test\images\alina_1110_jpg.rf.93a3406dac28d715f1e5a8cf689d4d84.jpg,train,D:\Datasets\Alvaro\Floresta-3-20260714T215823Z-1-001\Floresta-3\train\images\alina_1112_jpg.rf.95e9a511b2da6c3cb5cbc31ac88c0347.jpg,0.9832914471626282
validation-train,validation,D:\Datasets\Alvaro\Floresta-3-20260714T215823Z-1-001\Floresta-3\test\images\alina_1110_jpg.rf.bfa492da19f3c82df4b4e87873e5cc7a.jpg,train,D:\Datasets\Alvaro\Floresta-3-20260714T215823Z-1-001\Floresta-3\train\images\alina_1112_jpg.rf.d91757c17bf59bc346dfe05a42fb1c17.jpg,0.9795138835906982
validation-train,validation,D:\Datasets\Alvaro\Floresta-3-20260714T215823Z-1-001\Floresta-3\test\images\alina_1110_jpg.rf.e28128e29d9b1e4dd36da6aff83859cc.jpg,train,D:\Datasets\Alvaro\Floresta-3-20260714T215823Z-1-001\Floresta-3\train\images\alina_118_jpg.rf.955d47a49d8a900a04c30d7642cc109b.jpg,0.9886524677276611
validation-train,validation,D:\Datasets\Alvaro\Floresta-3-20260714T215823Z-1-001\Floresta-3\test\images\alina_1111_jpg.rf.7f3ba75c4361668c5bb8e1961b40f503.jpg,train,D:\Datasets\Alvaro\Floresta-3-20260714T215823Z-1-001\Floresta-3\train\images\alina_1111_jpg.rf.75790317c6cf85f81642bffdb771841d.jpg,0.99003005027771
validation-train,validation,D:\Datasets\Alvaro\Floresta-3-20260714T215823Z-1-001\Floresta-3\test\images\alina_1111_jpg.rf.aab34247c2908c081297c7dcfdaeabcc.jpg,train,D:\Datasets\Alvaro\Floresta-3-20260714T215823Z-1-001\Floresta-3\train\images\alina_1110_jpg.rf.68041a4ea2bf33a9562caa7d57977315.jpg,0.9910406470298767
validation-train,validation,D:\Datasets\Alvaro\Floresta-3-20260714T215823Z-1-001\Floresta-3\test\images\alina_1112_jpg.rf.27a4b6386b6142f5978d3f4648e539da.jpg,train,D:\Datasets\Alvaro\Floresta-3-20260714T215823Z-1-001\Floresta-3\train\images\alina_1112_jpg.rf.8c9f1d870b7086b3bee8917a56e1e516.jpg,0.9431463479995728
validation-train,validation,D:\Datasets\Alvaro\Floresta-3-20260714T215823Z-1-001\Floresta-3\test\images\alina_1112_jpg.rf.87a773f1941c3adfc3be81aea9a3a95b.jpg,train,D:\Datasets\Alvaro\Floresta-3-20260714T215823Z-1-001\Floresta-3\train\images\alina_1112_jpg.rf.95e9a511b2da6c3cb5cbc31ac88c0347.jpg,0.9764887094497681
validation-train,validation,D:\Datasets\Alvaro\Floresta-3-20260714T215823Z-1-001\Floresta-3\test\images\alina_1114_jpg.rf.abc991c47bd0c3f1e3ae248123c96f45.jpg,train,D:\Datasets\Alvaro\Floresta-3-20260714T215823Z-1-001\Floresta-3\train\images\alina_1112_jpg.rf.9618381708caeea0c6ebf7573d8d2751.jpg,0.9716601371765137
validation-train,validation,D:\Datasets\Alvaro\Floresta-3-20260714T215823Z-1-001\Floresta-3\test\images\alina_118_jpg.rf.76b43eed58d976fdaed5b315d52a442a.jpg,train,D:\Datasets\Alvaro\Floresta-3-20260714T215823Z-1-001\Floresta-3\train\images\alina_1110_jpg.rf.68041a4ea2bf33a9562caa7d57977315.jpg,0.9807941317558289
validation-train,validation,D:\Datasets\Alvaro\Floresta-3-20260714T215823Z-1-001\Floresta-3\test\images\alina_130_jpg.rf.58bd6e765a258bb2efabcc5938b41b2e.jpg,train,D:\Datasets\Alvaro\Floresta-3-20260714T215823Z-1-001\Floresta-3\train\images\alina_130_jpg.rf.2011c8b3dfd3cf445a789f73de578a3a.jpg,0.964184045791626
validation-train,validation,D:\Datasets\Alvaro\Floresta-3-20260714T215823Z-1-001\Floresta-3\test\images\alina_130_jpg.rf.fbccfea5020e4fa17f4bae3be1e986d6.jpg,train,D:\Datasets\Alvaro\Floresta-3-20260714T215823Z-1-001\Floresta-3\train\images\alina_130_jpg.rf.9706a6c133af7e950265fb605fbe58be.jpg,0.8732559084892273
validation-train,validation,D:\Datasets\Alvaro\Floresta-3-20260714T215823Z-1-001\Floresta-3\test\images\alina_1312_jpg.rf.179079e37ba87c81501dddc3d54159e6.jpg,train,D:\Datasets\Alvaro\Floresta-3-20260714T215823Z-1-001\Floresta-3\train\images\alina_1312_jpg.rf.83bbb333caea77c150dd388794016b21.jpg,0.9531365633010864
validation-train,validation,D:\Datasets\Alvaro\Floresta-3-20260714T215823Z-1-001\Floresta-3\test\images\alina_1325_jpg.rf.ca4708264eae38a3535657f17e819f20.jpg,train,D:\Datasets\Alvaro\Floresta-3-20260714T215823Z-1-001\Floresta-3\train\images\alina_1325_jpg.rf.fe77df531bee694f556d1f9f4ff6b146.jpg,0.9290157556533813
validation-train,validation,D:\Datasets\Alvaro\Floresta-3-20260714T215823Z-1-001\Floresta-3\test\images\alina_135_jpg.rf.2c650353d40e07e4348fd8b7195d4263.jpg,train,D:\Datasets\Alvaro\Floresta-3-20260714T215823Z-1-001\Floresta-3\train\images\alina_135_jpg.rf.4178591b76e46048e7cda91f8366140b.jpg,0.9510803818702698
validation-train,validation,D:\Datasets\Alvaro\Floresta-3-20260714T215823Z-1-001\Floresta-3\test\images\alina_136_jpg.rf.305afb4b134ea4a6491fc50fc5228005.jpg,train,D:\Datasets\Alvaro\Floresta-3-20260714T215823Z-1-001\Floresta-3\train\images\alina_136_jpg.rf.8c7ffa9749a87e619206de588b97ef7e.jpg,0.948302686214447
validation-train,validation,D:\Datasets\Alvaro\Floresta-3-20260714T215823Z-1-001\Floresta-3\test\images\alina_136_jpg.rf.45aee178f4a19a336e6488e70cba7288.jpg,train,D:\Datasets\Alvaro\Floresta-3-20260714T215823Z-1-001\Floresta-3\train\images\alina_136_jpg.rf.da1869444eda33510e7b3c110f9e35a0.jpg,0.9180532693862915
validation-train,validation,D:\Datasets\Alvaro\Floresta-3-20260714T215823Z-1-001\Floresta-3\test\images\alina_136_jpg.rf.a21d6fa548361a8215c23be33b7c6a92.jpg,train,D:\Datasets\Alvaro\Floresta-3-20260714T215823Z-1-001\Floresta-3\train\images\alina_135_jpg.rf.287c18f72b6d07fecb8920bcaf0c8752.jpg,0.9596983194351196
validation-train,validation,D:\Datasets\Alvaro\Floresta-3-20260714T215823Z-1-001\Floresta-3\test\images\alina_136_jpg.rf.c41b53f9f73e2435bebd9544a31ffa61.jpg,train,D:\Datasets\Alvaro\Floresta-3-20260714T215823Z-1-001\Floresta-3\train\images\alina_136_jpg.rf.591d8b6defa73502d87aec98d0024b35.jpg,0.9716159105300903
validation-train,validation,D:\Datasets\Alvaro\Floresta-3-20260714T215823Z-1-001\Floresta-3\test\images\alina_2021_jpg.rf.338928403e8c89f432c53da741152c82.jpg,train,D:\Datasets\Alvaro\Floresta-3-20260714T215823Z-1-001\Floresta-3\train\images\alina_2021_jpg.rf.90f52794f06b36c619e76a90b8735174.jpg,0.9652022123336792
validation-train,validation,D:\Datasets\Alvaro\Floresta-3-20260714T215823Z-1-001\Floresta-3\test\images\alina_2220_jpg.rf.ca66b3a89bf4d9afda57e5ae4a6fbe41.jpg,train,D:\Datasets\Alvaro\Floresta-3-20260714T215823Z-1-001\Floresta-3\train\images\alina_2220_jpg.rf.a4d426a47a0c9da0e4b8e40fa2ffc4d2.jpg,0.9629712104797363
validation-train,validation,D:\Datasets\Alvaro\Floresta-3-20260714T215823Z-1-001\Floresta-3\test\images\alina_258_jpg.rf.d12113f45854f0a304586719d18dc53c.jpg,train,D:\Datasets\Alvaro\Floresta-3-20260714T215823Z-1-001\Floresta-3\train\images\alina_258_jpg.rf.660a32986baa6160e7af423873371715.jpg,0.9468256831169128
validation-train,validation,D:\Datasets\Alvaro\Floresta-3-20260714T215823Z-1-001\Floresta-3\test\images\alina_824_jpg.rf.ecd1a51eefe19102d92788be6012c898.jpg,train,D:\Datasets\Alvaro\Floresta-3-20260714T215823Z-1-001\Floresta-3\train\images\alina_824_jpg.rf.a7dc88ea7007982b983117adedecbe87.jpg,0.9830594062805176
validation-train,validation,D:\Datasets\Alvaro\Floresta-3-20260714T215823Z-1-001\Floresta-3\test\images\aml437_jpg.rf.fcc9e161c3148ce859d33254178c2d38.jpg,train,D:\Datasets\Alvaro\Floresta-3-20260714T215823Z-1-001\Floresta-3\train\images\aml437_jpg.rf.ee07c964b7a5198f4f4e0dc6abd4220d.jpg,0.9787857532501221
validation-train,validation,D:\Datasets\Alvaro\Floresta-3-20260714T215823Z-1-001\Floresta-3\test\images\aml743_jpg.rf.a0358e5eddfbb3d98b99e0c1d8fb1122.jpg,train,D:\Datasets\Alvaro\Floresta-3-20260714T215823Z-1-001\Floresta-3\train\images\aml743_jpg.rf.cd83e73bafc591c30f12969eeb05e124.jpg,0.9421581029891968
validation-train,validation,D:\Datasets\Alvaro\Floresta-3-20260714T215823Z-1-001\Floresta-3\test\images\aml749_jpg.rf.5682d67bfb29aa2139b973d2152a774d.jpg,train,D:\Datasets\Alvaro\Floresta-3-20260714T215823Z-1-001\Floresta-3\train\images\aml749_jpg.rf.e95c37358165b6318d44d55eb8a9573e.jpg,0.9831430912017822
validation-train,validation,D:\Datasets\Alvaro\Floresta-3-20260714T215823Z-1-001\Floresta-3\test\images\aml749_jpg.rf.ca9af137b0eedd7c4ce57cebf3c42c1a.jpg,train,D:\Datasets\Alvaro\Floresta-3-20260714T215823Z-1-001\Floresta-3\train\images\aml749_jpg.rf.e95c37358165b6318d44d55eb8a9573e.jpg,0.9665440320968628
validation-train,validation,D:\Datasets\Alvaro\Floresta-3-20260714T215823Z-1-001\Floresta-3\test\images\aml785_jpg.rf.7d4a3fac2790a8a71af710433e0d23f1.jpg,train,D:\Datasets\Alvaro\Floresta-3-20260714T215823Z-1-001\Floresta-3\train\images\aml785_jpg.rf.babf208f7080f86ad7b77d1392d4725c.jpg,0.9345065355300903
validation-train,validation,D:\Datasets\Alvaro\Floresta-3-20260714T215823Z-1-001\Floresta-3\test\images\aml785_jpg.rf.81a73e04cd7c3da1d9b6ebad01844389.jpg,train,D:\Datasets\Alvaro\Floresta-3-20260714T215823Z-1-001\Floresta-3\train\images\aml785_jpg.rf.4fa5e3dace02eb7775f68610132a50c2.jpg,0.969571053981781
validation-train,validation,D:\Datasets\Alvaro\Floresta-3-20260714T215823Z-1-001\Floresta-3\test\images\bloco_220_jpg.rf.2c5441d8975f0af317fe9b9f02c5fb86.jpg,train,D:\Datasets\Alvaro\Floresta-3-20260714T215823Z-1-001\Floresta-3\train\images\bloco_220_jpg.rf.6f04b0765ac39167c96540ecbe735c53.jpg,0.9416595697402954
validation-train,validation,D:\Datasets\Alvaro\Floresta-3-20260714T215823Z-1-001\Floresta-3\test\images\bloco_221_jpg.rf.50c90085150c07f2dfe02917eba62368.jpg,train,D:\Datasets\Alvaro\Floresta-3-20260714T215823Z-1-001\Floresta-3\train\images\bloco_221_jpg.rf.8e19ddd7f9f29883a66c048ba28f318c.jpg,0.9549279808998108
validation-train,validation,D:\Datasets\Alvaro\Floresta-3-20260714T215823Z-1-001\Floresta-3\test\images\bloco_223_jpg.rf.356c925a968da0e19f9d8fe9758d210e.jpg,train,D:\Datasets\Alvaro\Floresta-3-20260714T215823Z-1-001\Floresta-3\train\images\bloco_223_jpg.rf.b16be59c88adc500ecaa3f77167640d1.jpg,0.96925288438797
validation-train,validation,D:\Datasets\Alvaro\Floresta-3-20260714T215823Z-1-001\Floresta-3\test\images\bloco_342_jpg.rf.687f12000a1fda20c599c85006880d31.jpg,train,D:\Datasets\Alvaro\Floresta-3-20260714T215823Z-1-001\Floresta-3\train\images\bloco_342_jpg.rf.d0cc97baf0ff83b28b53ae9f1250890f.jpg,0.9550127983093262
validation-train,validation,D:\Datasets\Alvaro\Floresta-3-20260714T215823Z-1-001\Floresta-3\test\images\bloco_48_jpg.rf.cfa8ba766a66f194c5a154d193daa75e.jpg,train,D:\Datasets\Alvaro\Floresta-3-20260714T215823Z-1-001\Floresta-3\train\images\bloco_48_jpg.rf.6a3de1ed3b65c91c7600cbb92271a480.jpg,0.9712399840354919
validation-train,validation,D:\Datasets\Alvaro\Floresta-3-20260714T215823Z-1-001\Floresta-3\test\images\bloco_72_jpg.rf.274879573bd345208e45dc8440170fc6.jpg,train,D:\Datasets\Alvaro\Floresta-3-20260714T215823Z-1-001\Floresta-3\train\images\bloco_72_jpg.rf.0165c1456430a37bc7e4444c43d4cf68.jpg,0.9748116135597229
validation-train,validation,D:\Datasets\Alvaro\Floresta-3-20260714T215823Z-1-001\Floresta-3\test\images\bloco_90_jpg.rf.62fc54bc2fe2794088b6b8f9d6a7fdfd.jpg,train,D:\Datasets\Alvaro\Floresta-3-20260714T215823Z-1-001\Floresta-3\train\images\bloco_90_jpg.rf.7dd26f371607835fe95148422c46edf8.jpg,0.9401158094406128
validation-train,validation,D:\Datasets\Alvaro\Floresta-3-20260714T215823Z-1-001\Floresta-3\test\images\bloco_90_jpg.rf.f038d6a3cc65ef09fff3fc6f8f2f30ec.jpg,train,D:\Datasets\Alvaro\Floresta-3-20260714T215823Z-1-001\Floresta-3\train\images\bloco_90_jpg.rf.896e39fa5ab6e5b57230ada86eb9ff0d.jpg,0.9512878656387329
validation-train,validation,D:\Datasets\Alvaro\Floresta-3-20260714T215823Z-1-001\Floresta-3\test\images\bloco_91_jpg.rf.3d8b79afca0fac6d02f0685a945ecbd3.jpg,train,D:\Datasets\Alvaro\Floresta-3-20260714T215823Z-1-001\Floresta-3\train\images\bloco_91_jpg.rf.594288d0734382311bf57c86bfebcfc8.jpg,0.9563370943069458
validation-train,validation,D:\Datasets\Alvaro\Floresta-3-20260714T215823Z-1-001\Floresta-3\test\images\Cafezal-01_MP4-105_jpg.rf.6b8652963f2710caa49a4cb33f3d5ff4.jpg,train,D:\Datasets\Alvaro\Floresta-3-20260714T215823Z-1-001\Floresta-3\train\images\Cafezal-01_MP4-104_jpg.rf.a4ea1d167cb7eaefcd1b1b88495ba8ce.jpg,0.9724342226982117
validation-train,validation,D:\Datasets\Alvaro\Floresta-3-20260714T215823Z-1-001\Floresta-3\test\images\Cafezal-01_MP4-106_jpg.rf.829708453147450a660e74e60dbe1db6.jpg,train,D:\Datasets\Alvaro\Floresta-3-20260714T215823Z-1-001\Floresta-3\train\images\Cafezal-01_MP4-106_jpg.rf.eab33880745edb530b7e19934e14ef6f.jpg,0.9516702890396118
validation-train,validation,D:\Datasets\Alvaro\Floresta-3-20260714T215823Z-1-001\Floresta-3\test\images\Cafezal-01_MP4-107_jpg.rf.e379d89cc1d7abe17d157a42b0d964a2.jpg,train,D:\Datasets\Alvaro\Floresta-3-20260714T215823Z-1-001\Floresta-3\train\images\Cafezal-01_MP4-106_jpg.rf.e2b20f6d22862734be44034e1f89c495.jpg,0.9596633315086365
validation-train,validation,D:\Datasets\Alvaro\Floresta-3-20260714T215823Z-1-001\Floresta-3\test\images\Cafezal-01_MP4-10_jpg.rf.d4dfb19ea41b2f83ef03423a88de1155.jpg,train,D:\Datasets\Alvaro\Floresta-3-20260714T215823Z-1-001\Floresta-3\train\images\Cafezal-01_MP4-9_jpg.rf.9b4ce693087953cdfac9ea9ab7893a66.jpg,0.9773914217948914
validation-train,validation,D:\Datasets\Alvaro\Floresta-3-20260714T215823Z-1-001\Floresta-3\test\images\Cafezal-01_MP4-11_jpg.rf.50bfb1ea88e5a46bc0c6eb6626cd41de.jpg,train,D:\Datasets\Alvaro\Floresta-3-20260714T215823Z-1-001\Floresta-3\train\images\Cafezal-01_MP4-6_jpg.rf.22804a449c46455fe247372e631a3517.jpg,0.9598696231842041
validation-train,validation,D:\Datasets\Alvaro\Floresta-3-20260714T215823Z-1-001\Floresta-3\test\images\Cafezal-01_MP4-13_jpg.rf.e6c47ec64a0ae9b40a9f467a495d9d5e.jpg,train,D:\Datasets\Alvaro\Floresta-3-20260714T215823Z-1-001\Floresta-3\train\images\Cafezal-01_MP4-14_jpg.rf.402d8ea31456349aa7e7f5ca7e432dff.jpg,0.9819636344909668
validation-train,validation,D:\Datasets\Alvaro\Floresta-3-20260714T215823Z-1-001\Floresta-3\test\images\Cafezal-01_MP4-15_jpg.rf.91445e6c5ca4802a5bf5cec792564288.jpg,train,D:\Datasets\Alvaro\Floresta-3-20260714T215823Z-1-001\Floresta-3\train\images\Cafezal-01_MP4-16_jpg.rf.4b85adf2d1a6396d88f4ff41df22e1ab.jpg,0.9772316217422485
validation-train,validation,D:\Datasets\Alvaro\Floresta-3-20260714T215823Z-1-001\Floresta-3\test\images\Cafezal-01_MP4-15_jpg.rf.c7844148a8a51d4ba4e26e2cc23db704.jpg,train,D:\Datasets\Alvaro\Floresta-3-20260714T215823Z-1-001\Floresta-3\train\images\Cafezal-01_MP4-17_jpg.rf.762df434f1da56698329b060a23d02bf.jpg,0.9539659023284912
validation-train,validation,D:\Datasets\Alvaro\Floresta-3-20260714T215823Z-1-001\Floresta-3\test\images\Cafezal-01_MP4-19_jpg.rf.23985bd4dcb4192e853be3258c035844.jpg,train,D:\Datasets\Alvaro\Floresta-3-20260714T215823Z-1-001\Floresta-3\train\images\Cafezal-01_MP4-22_jpg.rf.48a65bda2ec703cad17d5ed8f4af2f1d.jpg,0.9398849010467529
validation-train,validation,D:\Datasets\Alvaro\Floresta-3-20260714T215823Z-1-001\Floresta-3\test\images\Cafezal-01_MP4-22_jpg.rf.832e2219845f8d7c8267f3776b460b04.jpg,train,D:\Datasets\Alvaro\Floresta-3-20260714T215823Z-1-001\Floresta-3\train\images\Cafezal-01_MP4-23_jpg.rf.7abf9a95db988c69e91ac75a840efec8.jpg,0.9511043429374695
validation-train,validation,D:\Datasets\Alvaro\Floresta-3-20260714T215823Z-1-001\Floresta-3\test\images\Cafezal-01_MP4-24_jpg.rf.66149aac83cf4b2e71caa2ef55fbc342.jpg,train,D:\Datasets\Alvaro\Floresta-3-20260714T215823Z-1-001\Floresta-3\train\images\Cafezal-01_MP4-23_jpg.rf.3d9950512b4fab12734b1d187d338b17.jpg,0.9809656143188477
validation-train,validation,D:\Datasets\Alvaro\Floresta-3-20260714T215823Z-1-001\Floresta-3\test\images\Cafezal-01_MP4-24_jpg.rf.7ffeef8fd13552673cdd54cc410b59b4.jpg,train,D:\Datasets\Alvaro\Floresta-3-20260714T215823Z-1-001\Floresta-3\train\images\Cafezal-01_MP4-26_jpg.rf.6f73a6c6b15568044f11ad31e9cad185.jpg,0.9540334939956665
validation-train,validation,D:\Datasets\Alvaro\Floresta-3-20260714T215823Z-1-001\Floresta-3\test\images\Cafezal-01_MP4-25_jpg.rf.cf4110fc37aca1f7955d710e17678e2e.jpg,train,D:\Datasets\Alvaro\Floresta-3-20260714T215823Z-1-001\Floresta-3\train\images\Cafezal-01_MP4-27_jpg.rf.b5fb0289eabad5c865e139cf655a4038.jpg,0.9665992259979248
validation-train,validation,D:\Datasets\Alvaro\Floresta-3-20260714T215823Z-1-001\Floresta-3\test\images\Cafezal-01_MP4-27_jpg.rf.5e2d7da1c230a09abe59c9117c93c6e2.jpg,train,D:\Datasets\Alvaro\Floresta-3-20260714T215823Z-1-001\Floresta-3\train\images\Cafezal-01_MP4-26_jpg.rf.5a7082a241eceaa953ade6d9ca853d5e.jpg,0.96440589427948
validation-train,validation,D:\Datasets\Alvaro\Floresta-3-20260714T215823Z-1-001\Floresta-3\test\images\Cafezal-01_MP4-29_jpg.rf.d2c34c4b14e3e5f827658af9ae4bab9d.jpg,train,D:\Datasets\Alvaro\Floresta-3-20260714T215823Z-1-001\Floresta-3\train\images\Cafezal-01_MP4-27_jpg.rf.b467520d4a795b57e7ba531987e32d7a.jpg,0.9539892673492432
validation-train,validation,D:\Datasets\Alvaro\Floresta-3-20260714T215823Z-1-001\Floresta-3\test\images\Cafezal-01_MP4-32_jpg.rf.046e0901c7e10047bb022ed0682931fc.jpg,train,D:\Datasets\Alvaro\Floresta-3-20260714T215823Z-1-001\Floresta-3\train\images\Cafezal-01_MP4-32_jpg.rf.20b3a72c9cf0a654e09d8766e1f2f581.jpg,0.9551411867141724
validation-train,validation,D:\Datasets\Alvaro\Floresta-3-20260714T215823Z-1-001\Floresta-3\test\images\Cafezal-01_MP4-34_jpg.rf.4ee565bb5b02aab375c619c5bd3f2363.jpg,train,D:\Datasets\Alvaro\Floresta-3-20260714T215823Z-1-001\Floresta-3\train\images\Cafezal-01_MP4-36_jpg.rf.0a227ee5bb8d068849b6f84b68ffafcd.jpg,0.9724045991897583
validation-train,validation,D:\Datasets\Alvaro\Floresta-3-20260714T215823Z-1-001\Floresta-3\test\images\Cafezal-01_MP4-36_jpg.rf.55057ab2b72ffa6663b295c8921684d0.jpg,train,D:\Datasets\Alvaro\Floresta-3-20260714T215823Z-1-001\Floresta-3\train\images\Cafezal-01_MP4-36_jpg.rf.0eaa0fc1d6e04f63f61e05f351d3fc0e.jpg,0.9611690044403076
validation-train,validation,D:\Datasets\Alvaro\Floresta-3-20260714T215823Z-1-001\Floresta-3\test\images\Cafezal-01_MP4-40_jpg.rf.b1cee60ade7d9495db564b86af362316.jpg,train,D:\Datasets\Alvaro\Floresta-3-20260714T215823Z-1-001\Floresta-3\train\images\Cafezal-01_MP4-40_jpg.rf.8e11b3fb33ceeb03f78222574ef2186f.jpg,0.9716767072677612
validation-train,validation,D:\Datasets\Alvaro\Floresta-3-20260714T215823Z-1-001\Floresta-3\test\images\Cafezal-01_MP4-42_jpg.rf.891202181ba575c015412e84575f8cc7.jpg,train,D:\Datasets\Alvaro\Floresta-3-20260714T215823Z-1-001\Floresta-3\train\images\Cafezal-01_MP4-47_jpg.rf.171bbb24a29bbded66e1d87c5f4ee47a.jpg,0.9474910497665405
validation-train,validation,D:\Datasets\Alvaro\Floresta-3-20260714T215823Z-1-001\Floresta-3\test\images\Cafezal-01_MP4-44_jpg.rf.1a394bf5546f1c1e71625975b956c838.jpg,train,D:\Datasets\Alvaro\Floresta-3-20260714T215823Z-1-001\Floresta-3\train\images\Cafezal-01_MP4-44_jpg.rf.6d4e8b5eb57556e29ae6c130a1a73a4f.jpg,0.9542803764343262
validation-train,validation,D:\Datasets\Alvaro\Floresta-3-20260714T215823Z-1-001\Floresta-3\test\images\Cafezal-01_MP4-44_jpg.rf.48ef330763664568e2391db147a32919.jpg,train,D:\Datasets\Alvaro\Floresta-3-20260714T215823Z-1-001\Floresta-3\train\images\Cafezal-01_MP4-47_jpg.rf.171bbb24a29bbded66e1d87c5f4ee47a.jpg,0.96694016456604
validation-train,validation,D:\Datasets\Alvaro\Floresta-3-20260714T215823Z-1-001\Floresta-3\test\images\Cafezal-01_MP4-44_jpg.rf.c69a15a36d9a606a604b7d61055a10c1.jpg,train,D:\Datasets\Alvaro\Floresta-3-20260714T215823Z-1-001\Floresta-3\train\images\Cafezal-01_MP4-44_jpg.rf.7715963ffcf75e144ed9a7a41d166d5b.jpg,0.9160968065261841
validation-train,validation,D:\Datasets\Alvaro\Floresta-3-20260714T215823Z-1-001\Floresta-3\test\images\Cafezal-01_MP4-46_jpg.rf.36887db367ee2b93bb4eb6333ed98996.jpg,train,D:\Datasets\Alvaro\Floresta-3-20260714T215823Z-1-001\Floresta-3\train\images\Cafezal-01_MP4-46_jpg.rf.bce0860d99291119f11d6dffc942233f.jpg,0.9716411828994751
validation-train,validation,D:\Datasets\Alvaro\Floresta-3-20260714T215823Z-1-001\Floresta-3\test\images\Cafezal-01_MP4-46_jpg.rf.50b082292e12f209134a6165a9e5f21c.jpg,train,D:\Datasets\Alvaro\Floresta-3-20260714T215823Z-1-001\Floresta-3\train\images\Cafezal-01_MP4-47_jpg.rf.171bbb24a29bbded66e1d87c5f4ee47a.jpg,0.9817689061164856
validation-train,validation,D:\Datasets\Alvaro\Floresta-3-20260714T215823Z-1-001\Floresta-3\test\images\Cafezal-01_MP4-46_jpg.rf.716f684da0abc7510e178caf1848903b.jpg,train,D:\Datasets\Alvaro\Floresta-3-20260714T215823Z-1-001\Floresta-3\train\images\Cafezal-01_MP4-44_jpg.rf.c08efa1bf270c6f9eb79cf2b5d935d66.jpg,0.9545400142669678
validation-train,validation,D:\Datasets\Alvaro\Floresta-3-20260714T215823Z-1-001\Floresta-3\test\images\Cafezal-01_MP4-46_jpg.rf.e60ce0264f728f4a5de3d35b98df6b56.jpg,train,D:\Datasets\Alvaro\Floresta-3-20260714T215823Z-1-001\Floresta-3\train\images\Cafezal-01_MP4-46_jpg.rf.bce0860d99291119f11d6dffc942233f.jpg,0.968638002872467
validation-train,validation,D:\Datasets\Alvaro\Floresta-3-20260714T215823Z-1-001\Floresta-3\test\images\Cafezal-01_MP4-4_jpg.rf.fcf7c8542a8efee27da7886ebd3a7b64.jpg,train,D:\Datasets\Alvaro\Floresta-3-20260714T215823Z-1-001\Floresta-3\train\images\Cafezal-01_MP4-0_jpg.rf.168c3198d79dfd7753e0792bb35d3ddb.jpg,0.962873637676239
validation-train,validation,D:\Datasets\Alvaro\Floresta-3-20260714T215823Z-1-001\Floresta-3\test\images\Cafezal-01_MP4-54_jpg.rf.37028829d2ab1c5287ee9ab7cc79d102.jpg,train,D:\Datasets\Alvaro\Floresta-3-20260714T215823Z-1-001\Floresta-3\train\images\Cafezal-01_MP4-53_jpg.rf.8fc8686ef9b7225a8c6748d24d72c922.jpg,0.9573671817779541
validation-train,validation,D:\Datasets\Alvaro\Floresta-3-20260714T215823Z-1-001\Floresta-3\test\images\Cafezal-01_MP4-54_jpg.rf.ab7b93843440f3ecf660fcc327c14f9c.jpg,train,D:\Datasets\Alvaro\Floresta-3-20260714T215823Z-1-001\Floresta-3\train\images\Cafezal-01_MP4-54_jpg.rf.64ea75172e8a45a84dd575b7daaba0be.jpg,0.9745463728904724
validation-train,validation,D:\Datasets\Alvaro\Floresta-3-20260714T215823Z-1-001\Floresta-3\test\images\Cafezal-01_MP4-54_jpg.rf.d5685f600ab0bbef5f9565c3c7631394.jpg,train,D:\Datasets\Alvaro\Floresta-3-20260714T215823Z-1-001\Floresta-3\train\images\Cafezal-01_MP4-53_jpg.rf.22941acd478361a0a26b12b056ed120d.jpg,0.9643456935882568
validation-train,validation,D:\Datasets\Alvaro\Floresta-3-20260714T215823Z-1-001\Floresta-3\test\images\Cafezal-01_MP4-65_jpg.rf.6e82d265e0f6caa4351d227af9554c79.jpg,train,D:\Datasets\Alvaro\Floresta-3-20260714T215823Z-1-001\Floresta-3\train\images\Cafezal-01_MP4-65_jpg.rf.0edf3f73ace0186fbcc7e0dabc076874.jpg,0.9711198806762695
validation-train,validation,D:\Datasets\Alvaro\Floresta-3-20260714T215823Z-1-001\Floresta-3\test\images\Cafezal-01_MP4-65_jpg.rf.e016f9be3cb8073ff08a536d68878185.jpg,train,D:\Datasets\Alvaro\Floresta-3-20260714T215823Z-1-001\Floresta-3\train\images\Cafezal-01_MP4-67_jpg.rf.42592d522e69445d914fe1503048305f.jpg,0.941133975982666
validation-train,validation,D:\Datasets\Alvaro\Floresta-3-20260714T215823Z-1-001\Floresta-3\test\images\Cafezal-01_MP4-6_jpg.rf.4ba2bf05b7d5ba79449c9a99a1d1dd8c.jpg,train,D:\Datasets\Alvaro\Floresta-3-20260714T215823Z-1-001\Floresta-3\train\images\Cafezal-01_MP4-7_jpg.rf.0dc9b46d7f0b9d21460497aa6e274dbc.jpg,0.9723731875419617
validation-train,validation,D:\Datasets\Alvaro\Floresta-3-20260714T215823Z-1-001\Floresta-3\test\images\Cafezal-01_MP4-6_jpg.rf.5cb4b4cc0a3705822574ee8affd23fc6.jpg,train,D:\Datasets\Alvaro\Floresta-3-20260714T215823Z-1-001\Floresta-3\train\images\Cafezal-01_MP4-6_jpg.rf.01530c6e78bddd16c2ea44cdf8bc3ffa.jpg,0.9479149580001831
validation-train,validation,D:\Datasets\Alvaro\Floresta-3-20260714T215823Z-1-001\Floresta-3\test\images\Cafezal-03_MP4-2_jpg.rf.98599fb581e4691e7c5f2e400c637095.jpg,train,D:\Datasets\Alvaro\Floresta-3-20260714T215823Z-1-001\Floresta-3\train\images\Cafezal-03_MP4-0_jpg.rf.1e18741929dede1e251b8cd1fd83d20e.jpg,0.9404322504997253
validation-train,validation,D:\Datasets\Alvaro\Floresta-3-20260714T215823Z-1-001\Floresta-3\test\images\Cafezal-04_MP4-32_jpg.rf.832f81686b16db8ab741119031934964.jpg,train,D:\Datasets\Alvaro\Floresta-3-20260714T215823Z-1-001\Floresta-3\train\images\Cafezal-04_MP4-32_jpg.rf.a43e0d55cab357a877003c750ed86bd2.jpg,0.9701273441314697
validation-train,validation,D:\Datasets\Alvaro\Floresta-3-20260714T215823Z-1-001\Floresta-3\test\images\evo1105_jpg.rf.16f78c76af884bf1964c7a0f4e56c3e6.jpg,train,D:\Datasets\Alvaro\Floresta-3-20260714T215823Z-1-001\Floresta-3\train\images\evo1105_jpg.rf.28ebde67dad400fc57c090c2314ccffc.jpg,0.9766682386398315
validation-train,validation,D:\Datasets\Alvaro\Floresta-3-20260714T215823Z-1-001\Floresta-3\test\images\evo1109_jpg.rf.d3cef7325551fc4afdfa7b4b4cf6e9e3.jpg,train,D:\Datasets\Alvaro\Floresta-3-20260714T215823Z-1-001\Floresta-3\train\images\evo1105_jpg.rf.f204e3980fa11c74d51eed6ae55c466c.jpg,0.9827738404273987
validation-train,validation,D:\Datasets\Alvaro\Floresta-3-20260714T215823Z-1-001\Floresta-3\test\images\evo157_jpg.rf.d8c6186e7453d4246a4d8fcf67a7a964.jpg,train,D:\Datasets\Alvaro\Floresta-3-20260714T215823Z-1-001\Floresta-3\train\images\evo157_jpg.rf.9c8526ff7e6f39743640339b7273f79b.jpg,0.9516463279724121
validation-train,validation,D:\Datasets\Alvaro\Floresta-3-20260714T215823Z-1-001\Floresta-3\test\images\evo160_jpg.rf.3ad295732f94fb67e433f99b39bd2a8b.jpg,train,D:\Datasets\Alvaro\Floresta-3-20260714T215823Z-1-001\Floresta-3\train\images\evo160_jpg.rf.9f7838465f8d32d92520afc411f367a0.jpg,0.9626208543777466
validation-train,validation,D:\Datasets\Alvaro\Floresta-3-20260714T215823Z-1-001\Floresta-3\test\images\evo163_jpg.rf.3148aa79b4fe786d0e98e2ec008f83d5.jpg,train,D:\Datasets\Alvaro\Floresta-3-20260714T215823Z-1-001\Floresta-3\train\images\evo163_jpg.rf.b27eb4cb02d1e1453fbccdbd4d748b3b.jpg,0.9728255271911621
validation-train,validation,D:\Datasets\Alvaro\Floresta-3-20260714T215823Z-1-001\Floresta-3\test\images\evo166_jpg.rf.7210be437a6d997f19d1a1a37625808b.jpg,train,D:\Datasets\Alvaro\Floresta-3-20260714T215823Z-1-001\Floresta-3\train\images\evo163_jpg.rf.21396346d47da8de99b68b8d9861683a.jpg,0.9299318790435791
validation-train,validation,D:\Datasets\Alvaro\Floresta-3-20260714T215823Z-1-001\Floresta-3\test\images\evo186_jpg.rf.a58c7579323865b07165624e0659a6f7.jpg,train,D:\Datasets\Alvaro\Floresta-3-20260714T215823Z-1-001\Floresta-3\train\images\evo1105_jpg.rf.cd3e108d010b2d74ba6541e18a0231c9.jpg,0.9881631135940552
validation-train,validation,D:\Datasets\Alvaro\Floresta-3-20260714T215823Z-1-001\Floresta-3\test\images\evo191_jpg.rf.2b2240ea1b30328a98de35c630f17bcc.jpg,train,D:\Datasets\Alvaro\Floresta-3-20260714T215823Z-1-001\Floresta-3\train\images\evo191_jpg.rf.06d998c6bade11187dc24df1110be21e.jpg,0.9599630832672119
validation-train,validation,D:\Datasets\Alvaro\Floresta-3-20260714T215823Z-1-001\Floresta-3\test\images\evo3365_jpg.rf.3d6a539e20773d913bbe37bc3aea1d3b.jpg,train,D:\Datasets\Alvaro\Floresta-3-20260714T215823Z-1-001\Floresta-3\train\images\evo3365_jpg.rf.5a30c64982c1c220266992bce5f72f2c.jpg,0.9607464075088501
validation-train,validation,D:\Datasets\Alvaro\Floresta-3-20260714T215823Z-1-001\Floresta-3\test\images\evo3365_jpg.rf.98d4fbfb80bc0f91151a3293dbf39b08.jpg,train,D:\Datasets\Alvaro\Floresta-3-20260714T215823Z-1-001\Floresta-3\train\images\evo3365_jpg.rf.205606710de23a3244e7cd0cb252dae7.jpg,0.9475489854812622
validation-train,validation,D:\Datasets\Alvaro\Floresta-3-20260714T215823Z-1-001\Floresta-3\test\images\evo3369_jpg.rf.ca44776c3f08bb30ccb48471a452206f.jpg,train,D:\Datasets\Alvaro\Floresta-3-20260714T215823Z-1-001\Floresta-3\train\images\evo3370_jpg.rf.4925ac64a05dbcc775f0dd0fe50d23ba.jpg,0.8928390741348267
validation-train,validation,D:\Datasets\Alvaro\Floresta-3-20260714T215823Z-1-001\Floresta-3\test\images\evo3372_jpg.rf.a03b675a75b25d07cedae93ea604d0f3.jpg,train,D:\Datasets\Alvaro\Floresta-3-20260714T215823Z-1-001\Floresta-3\train\images\evo3372_jpg.rf.f89793c172376bd8afe0ae1f60aca3ed.jpg,0.9622904062271118
validation-train,validation,D:\Datasets\Alvaro\Floresta-3-20260714T215823Z-1-001\Floresta-3\test\images\IJ_08_25_31_0_0_png_jpg.rf.21d88a4faebe9704c6d2939cf063d05e.jpg,train,D:\Datasets\Alvaro\Floresta-3-20260714T215823Z-1-001\Floresta-3\train\images\IJ_08_25_27_0_0_png_jpg.rf.f12d704358413b9a371942633a4360fb.jpg,0.975511908531189
validation-train,validation,D:\Datasets\Alvaro\Floresta-3-20260714T215823Z-1-001\Floresta-3\test\images\IJ_08_25_31_0_0_png_jpg.rf.5a32ac84538835b387c957556b6dac4d.jpg,train,D:\Datasets\Alvaro\Floresta-3-20260714T215823Z-1-001\Floresta-3\train\images\IJ_08_25_27_0_0_png_jpg.rf.072e8d87efbb45ecf58b14eb396946e8.jpg,0.9625840187072754
validation-train,validation,D:\Datasets\Alvaro\Floresta-3-20260714T215823Z-1-001\Floresta-3\test\images\IJ_08_25_31_0_0_png_jpg.rf.813193e5803fa29e5e8018b605b5f18d.jpg,train,D:\Datasets\Alvaro\Floresta-3-20260714T215823Z-1-001\Floresta-3\train\images\IJ_08_25_44_0_0_png_jpg.rf.6ffba084036d28d36842306f7fca2460.jpg,0.9767189025878906
validation-train,validation,D:\Datasets\Alvaro\Floresta-3-20260714T215823Z-1-001\Floresta-3\test\images\IJ_08_25_31_0_0_png_jpg.rf.9122c28f02cdf954c262ae20b729ad5b.jpg,train,D:\Datasets\Alvaro\Floresta-3-20260714T215823Z-1-001\Floresta-3\train\images\IJ_08_25_32_0_0_png_jpg.rf.dffbc3005f34de0a1946c9afb958fd58.jpg,0.975839376449585
validation-train,validation,D:\Datasets\Alvaro\Floresta-3-20260714T215823Z-1-001\Floresta-3\test\images\IJ_08_25_31_0_0_png_jpg.rf.b0e29c262c60c0ced47795ec55d47cb7.jpg,train,D:\Datasets\Alvaro\Floresta-3-20260714T215823Z-1-001\Floresta-3\train\images\IJ_08_25_31_0_0_png_jpg.rf.729ac6aacf0f59fa966add89b19b9ba6.jpg,0.9745913147926331
validation-train,validation,D:\Datasets\Alvaro\Floresta-3-20260714T215823Z-1-001\Floresta-3\test\images\IJ_08_25_31_2560_0_png_jpg.rf.21014744c9917b559dd53493ca0bda56.jpg,train,D:\Datasets\Alvaro\Floresta-3-20260714T215823Z-1-001\Floresta-3\train\images\IJ_08_25_31_2560_0_png_jpg.rf.935a8e8890aa6aca207d24de90952f59.jpg,0.9469724297523499
validation-train,validation,D:\Datasets\Alvaro\Floresta-3-20260714T215823Z-1-001\Floresta-3\test\images\IJ_08_25_31_2560_0_png_jpg.rf.98ec2170045b719707c7e8e83ae033e4.jpg,train,D:\Datasets\Alvaro\Floresta-3-20260714T215823Z-1-001\Floresta-3\train\images\IJ_08_25_31_2560_0_png_jpg.rf.4e86bdf619936eae2682383275ef3aa7.jpg,0.9410567283630371
validation-train,validation,D:\Datasets\Alvaro\Floresta-3-20260714T215823Z-1-001\Floresta-3\test\images\IJ_08_25_31_2560_0_png_jpg.rf.b0a47b420bb8ce3972b7f2e12a3ef381.jpg,train,D:\Datasets\Alvaro\Floresta-3-20260714T215823Z-1-001\Floresta-3\train\images\IJ_08_25_31_2560_0_png_jpg.rf.935a8e8890aa6aca207d24de90952f59.jpg,0.9638221263885498
validation-train,validation,D:\Datasets\Alvaro\Floresta-3-20260714T215823Z-1-001\Floresta-3\test\images\IJ_08_25_31_2560_880_png_jpg.rf.0b488569f7e700c83da18640cc1e4ca4.jpg,train,D:\Datasets\Alvaro\Floresta-3-20260714T215823Z-1-001\Floresta-3\train\images\IJ_08_25_32_2560_880_png_jpg.rf.3c7eb8c04cd21a67ca06a7981dfece47.jpg,0.9838194847106934
validation-train,validation,D:\Datasets\Alvaro\Floresta-3-20260714T215823Z-1-001\Floresta-3\test\images\IJ_08_25_31_2560_880_png_jpg.rf.418693ef043053a047086e3a7912ac9c.jpg,train,D:\Datasets\Alvaro\Floresta-3-20260714T215823Z-1-001\Floresta-3\train\images\IJ_08_25_31_2560_880_png_jpg.rf.8594b30e030287b4f2486747207611a4.jpg,0.9208810329437256
validation-train,validation,D:\Datasets\Alvaro\Floresta-3-20260714T215823Z-1-001\Floresta-3\test\images\IJ_08_25_31_2560_880_png_jpg.rf.4b2488ad53466f96322cbfac210bf0c8.jpg,train,D:\Datasets\Alvaro\Floresta-3-20260714T215823Z-1-001\Floresta-3\train\images\IJ_08_25_28_2560_880_png_jpg.rf.12b24504b2ad7f5cb22814c107213852.jpg,0.9616724252700806
validation-train,validation,D:\Datasets\Alvaro\Floresta-3-20260714T215823Z-1-001\Floresta-3\test\images\IJ_08_25_31_2560_880_png_jpg.rf.5a5663906a161793d5fada9f67d9d341.jpg,train,D:\Datasets\Alvaro\Floresta-3-20260714T215823Z-1-001\Floresta-3\train\images\IJ_08_25_30_2560_880_png_jpg.rf.5d63fe39ed9fe0fd0432df346159836f.jpg,0.9717422127723694
validation-train,validation,D:\Datasets\Alvaro\Floresta-3-20260714T215823Z-1-001\Floresta-3\test\images\IJ_08_25_31_2560_880_png_jpg.rf.e599004c00d958cf50e10cb02f246b1a.jpg,train,D:\Datasets\Alvaro\Floresta-3-20260714T215823Z-1-001\Floresta-3\train\images\IJ_08_25_32_2560_880_png_jpg.rf.21275f3e32fd7fa16e35d4f46c3cb568.jpg,0.9577546715736389
validation-train,validation,D:\Datasets\Alvaro\Floresta-3-20260714T215823Z-1-001\Floresta-3\test\images\IJ_08_25_32_0_0_png_jpg.rf.70652b2a5682771580a137a042df612a.jpg,train,D:\Datasets\Alvaro\Floresta-3-20260714T215823Z-1-001\Floresta-3\train\images\IJ_08_25_32_0_0_png_jpg.rf.dffbc3005f34de0a1946c9afb958fd58.jpg,0.9813129901885986
validation-train,validation,D:\Datasets\Alvaro\Floresta-3-20260714T215823Z-1-001\Floresta-3\test\images\IJ_08_25_32_0_0_png_jpg.rf.f279fc70da0fe3f575bdcfd7fa67ab13.jpg,train,D:\Datasets\Alvaro\Floresta-3-20260714T215823Z-1-001\Floresta-3\train\images\IJ_08_25_31_0_0_png_jpg.rf.c6e49ff892803920e76fb76016fbc862.jpg,0.9881919622421265
validation-train,validation,D:\Datasets\Alvaro\Floresta-3-20260714T215823Z-1-001\Floresta-3\test\images\IJ_08_25_32_2560_0_png_jpg.rf.573afe7797381f478331021a82dae48f.jpg,train,D:\Datasets\Alvaro\Floresta-3-20260714T215823Z-1-001\Floresta-3\train\images\IJ_08_25_32_2560_0_png_jpg.rf.fbef0deeab895c687247f79a21a03390.jpg,0.9644176959991455
validation-train,validation,D:\Datasets\Alvaro\Floresta-3-20260714T215823Z-1-001\Floresta-3\test\images\IJ_08_25_32_2560_0_png_jpg.rf.b979827c297640cc8fbe919a33817283.jpg,train,D:\Datasets\Alvaro\Floresta-3-20260714T215823Z-1-001\Floresta-3\train\images\IJ_08_25_31_2560_0_png_jpg.rf.81eb6321e3928ca90937af89a35642f0.jpg,0.9822723269462585
validation-train,validation,D:\Datasets\Alvaro\Floresta-3-20260714T215823Z-1-001\Floresta-3\test\images\IJ_08_25_32_2560_880_png_jpg.rf.760b97569ebf714e30f432ce18d2517a.jpg,train,D:\Datasets\Alvaro\Floresta-3-20260714T215823Z-1-001\Floresta-3\train\images\IJ_08_25_32_2560_880_png_jpg.rf.2fcf8bf6515e46de459e2deac6e70f68.jpg,0.9378668069839478
validation-train,validation,D:\Datasets\Alvaro\Floresta-3-20260714T215823Z-1-001\Floresta-3\test\images\IJ_08_25_32_2560_880_png_jpg.rf.b349d3820eda66999777d4ae7e5bfccd.jpg,train,D:\Datasets\Alvaro\Floresta-3-20260714T215823Z-1-001\Floresta-3\train\images\IJ_08_25_30_2560_880_png_jpg.rf.5d787b5146944d6f10c308693aaf7cce.jpg,0.965256929397583
validation-train,validation,D:\Datasets\Alvaro\Floresta-3-20260714T215823Z-1-001\Floresta-3\test\images\IJ_08_25_32_2560_880_png_jpg.rf.bcc50b4e6f2ee55a5233d43c472d4505.jpg,train,D:\Datasets\Alvaro\Floresta-3-20260714T215823Z-1-001\Floresta-3\train\images\IJ_08_25_32_2560_880_png_jpg.rf.2fcf8bf6515e46de459e2deac6e70f68.jpg,0.9586502909660339
validation-train,validation,D:\Datasets\Alvaro\Floresta-3-20260714T215823Z-1-001\Floresta-3\test\images\IJ_08_25_32_2560_880_png_jpg.rf.fecff524faaac3d122f317c4b44025d8.jpg,train,D:\Datasets\Alvaro\Floresta-3-20260714T215823Z-1-001\Floresta-3\train\images\IJ_08_25_32_2560_880_png_jpg.rf.6e7096161f22670c72280ff253d3cacc.jpg,0.9753385186195374
validation-train,validation,D:\Datasets\Alvaro\Floresta-3-20260714T215823Z-1-001\Floresta-3\test\images\IJ_08_25_33_0_0_png_jpg.rf.2345a566f5b62f78fe9d8875045710e1.jpg,train,D:\Datasets\Alvaro\Floresta-3-20260714T215823Z-1-001\Floresta-3\train\images\IJ_08_25_33_0_0_png_jpg.rf.55633be4de59c863a3f2f583fec4d228.jpg,0.9702966213226318
validation-train,validation,D:\Datasets\Alvaro\Floresta-3-20260714T215823Z-1-001\Floresta-3\test\images\IJ_08_25_33_0_0_png_jpg.rf.33b59efb626e43858ce7d4c3043b5280.jpg,train,D:\Datasets\Alvaro\Floresta-3-20260714T215823Z-1-001\Floresta-3\train\images\IJ_08_25_33_0_0_png_jpg.rf.ac5aaa63cdea6538d021a81c20d546e9.jpg,0.9720677137374878
validation-train,validation,D:\Datasets\Alvaro\Floresta-3-20260714T215823Z-1-001\Floresta-3\test\images\IJ_08_25_33_0_0_png_jpg.rf.4bd5ee965f2c2f1e4c6e22e020707be8.jpg,train,D:\Datasets\Alvaro\Floresta-3-20260714T215823Z-1-001\Floresta-3\train\images\IJ_08_25_30_0_0_png_jpg.rf.cae5193e05541d639b0638d6e26b3374.jpg,0.9216342568397522
validation-train,validation,D:\Datasets\Alvaro\Floresta-3-20260714T215823Z-1-001\Floresta-3\test\images\IJ_08_25_33_0_0_png_jpg.rf.b9784594749cb601e877e244a046a6ef.jpg,train,D:\Datasets\Alvaro\Floresta-3-20260714T215823Z-1-001\Floresta-3\train\images\IJ_08_25_27_0_0_png_jpg.rf.8cc7375a0e7e7d57c6f2148be9853fa5.jpg,0.9800885915756226
validation-train,validation,D:\Datasets\Alvaro\Floresta-3-20260714T215823Z-1-001\Floresta-3\test\images\IJ_08_25_33_2560_0_png_jpg.rf.3d42c7c8d240b11e832eef112ef4bd49.jpg,train,D:\Datasets\Alvaro\Floresta-3-20260714T215823Z-1-001\Floresta-3\train\images\IJ_08_25_35_2560_0_png_jpg.rf.2c4638922df29477de1bba70b25f037e.jpg,0.9651269316673279
validation-train,validation,D:\Datasets\Alvaro\Floresta-3-20260714T215823Z-1-001\Floresta-3\test\images\IJ_08_25_33_2560_0_png_jpg.rf.469c299f1eb769acc003cc55be85ef46.jpg,train,D:\Datasets\Alvaro\Floresta-3-20260714T215823Z-1-001\Floresta-3\train\images\IJ_08_25_35_2560_0_png_jpg.rf.04df802e2e730e8acf227cbb4953350b.jpg,0.9596121311187744
validation-train,validation,D:\Datasets\Alvaro\Floresta-3-20260714T215823Z-1-001\Floresta-3\test\images\IJ_08_25_33_2560_0_png_jpg.rf.902b471a8f999931edeab3b9361a3f00.jpg,train,D:\Datasets\Alvaro\Floresta-3-20260714T215823Z-1-001\Floresta-3\train\images\IJ_08_25_34_2560_0_png_jpg.rf.e0e03144fd11c11d2608cdda042246a5.jpg,0.9874383211135864
validation-train,validation,D:\Datasets\Alvaro\Floresta-3-20260714T215823Z-1-001\Floresta-3\test\images\IJ_08_25_33_2560_0_png_jpg.rf.a3afe22d0ae55c538ec92869eaf0342b.jpg,train,D:\Datasets\Alvaro\Floresta-3-20260714T215823Z-1-001\Floresta-3\train\images\IJ_08_25_41_2560_0_png_jpg.rf.d3b7dc8cbc81995fba91da03f416da9e.jpg,0.9703863263130188
validation-train,validation,D:\Datasets\Alvaro\Floresta-3-20260714T215823Z-1-001\Floresta-3\test\images\IJ_08_25_33_2560_880_png_jpg.rf.21f498285906bab8667d13a2bfdad0af.jpg,train,D:\Datasets\Alvaro\Floresta-3-20260714T215823Z-1-001\Floresta-3\train\images\IJ_08_25_33_2560_880_png_jpg.rf.03dd7b2d324aa46cbb218556061901e7.jpg,0.9424276947975159
validation-train,validation,D:\Datasets\Alvaro\Floresta-3-20260714T215823Z-1-001\Floresta-3\test\images\IJ_08_25_33_2560_880_png_jpg.rf.542b954bcb2a52b6f563749eebdb158a.jpg,train,D:\Datasets\Alvaro\Floresta-3-20260714T215823Z-1-001\Floresta-3\train\images\IJ_08_25_36_2560_880_png_jpg.rf.2d457412f6863cb987a38ab81b00d9f3.jpg,0.9601051807403564
validation-train,validation,D:\Datasets\Alvaro\Floresta-3-20260714T215823Z-1-001\Floresta-3\test\images\IJ_08_25_33_2560_880_png_jpg.rf.69c7581afa7dd58a292f9d4b30716474.jpg,train,D:\Datasets\Alvaro\Floresta-3-20260714T215823Z-1-001\Floresta-3\train\images\IJ_08_25_43_2560_880_png_jpg.rf.a9ce297be22ed7417884faf4f5c6bf68.jpg,0.9305176734924316
validation-train,validation,D:\Datasets\Alvaro\Floresta-3-20260714T215823Z-1-001\Floresta-3\test\images\IJ_08_25_33_2560_880_png_jpg.rf.91e16b051851a81f644377550498d99f.jpg,train,D:\Datasets\Alvaro\Floresta-3-20260714T215823Z-1-001\Floresta-3\train\images\IJ_08_25_33_2560_880_png_jpg.rf.03dd7b2d324aa46cbb218556061901e7.jpg,0.9487937688827515
validation-train,validation,D:\Datasets\Alvaro\Floresta-3-20260714T215823Z-1-001\Floresta-3\test\images\IJ_08_25_33_2560_880_png_jpg.rf.9585348a6f5c4ae6f0ddefb153dcf23a.jpg,train,D:\Datasets\Alvaro\Floresta-3-20260714T215823Z-1-001\Floresta-3\train\images\IJ_08_25_35_2560_880_png_jpg.rf.8aada33c6a3c39ea4149f4650b84625f.jpg,0.973582923412323
validation-train,validation,D:\Datasets\Alvaro\Floresta-3-20260714T215823Z-1-001\Floresta-3\test\images\IJ_08_25_33_2560_880_png_jpg.rf.9fd96891a5327883473abb65330056d4.jpg,train,D:\Datasets\Alvaro\Floresta-3-20260714T215823Z-1-001\Floresta-3\train\images\IJ_08_25_34_2560_880_png_jpg.rf.0cea937b2f03d94429a3985f1e2fb96f.jpg,0.9823920726776123
validation-train,validation,D:\Datasets\Alvaro\Floresta-3-20260714T215823Z-1-001\Floresta-3\test\images\IJ_08_25_33_2560_880_png_jpg.rf.b7897b8d9535020349947163607dbfef.jpg,train,D:\Datasets\Alvaro\Floresta-3-20260714T215823Z-1-001\Floresta-3\train\images\IJ_08_25_32_2560_880_png_jpg.rf.95db60c1120a9d414eb7fd1f1a289b85.jpg,0.9703238010406494
validation-train,validation,D:\Datasets\Alvaro\Floresta-3-20260714T215823Z-1-001\Floresta-3\test\images\IJ_08_25_33_2560_880_png_jpg.rf.c0779fe934bd647df1dddc59d76908bf.jpg,train,D:\Datasets\Alvaro\Floresta-3-20260714T215823Z-1-001\Floresta-3\train\images\IJ_08_25_37_2560_880_png_jpg.rf.7939ab3c4af2eeb8dfe15b4bd2e273d4.jpg,0.9559966325759888
validation-train,validation,D:\Datasets\Alvaro\Floresta-3-20260714T215823Z-1-001\Floresta-3\test\images\IJ_08_25_34_2560_0_png_jpg.rf.7d5ddee0f98b1394c77cbd3e2f469e24.jpg,train,D:\Datasets\Alvaro\Floresta-3-20260714T215823Z-1-001\Floresta-3\train\images\IJ_08_25_41_2560_0_png_jpg.rf.7835bd3edef19784eacdb96043ad6fc3.jpg,0.9736354351043701
validation-train,validation,D:\Datasets\Alvaro\Floresta-3-20260714T215823Z-1-001\Floresta-3\test\images\IJ_08_25_34_2560_0_png_jpg.rf.b36c3be4a7740c241bff677687ad6afc.jpg,train,D:\Datasets\Alvaro\Floresta-3-20260714T215823Z-1-001\Floresta-3\train\images\IJ_08_25_34_2560_0_png_jpg.rf.dbdef1db3dd85a15c2d3e17ab00ed38b.jpg,0.9661447405815125
validation-train,validation,D:\Datasets\Alvaro\Floresta-3-20260714T215823Z-1-001\Floresta-3\test\images\IJ_08_25_34_2560_0_png_jpg.rf.eb5d9f857bf2c9bb294cebf931c92dab.jpg,train,D:\Datasets\Alvaro\Floresta-3-20260714T215823Z-1-001\Floresta-3\train\images\IJ_08_25_29_2560_0_png_jpg.rf.b162f788696568ee2cbfbcdaf941098c.jpg,0.9679543972015381
validation-train,validation,D:\Datasets\Alvaro\Floresta-3-20260714T215823Z-1-001\Floresta-3\test\images\IJ_08_25_34_2560_0_png_jpg.rf.eb6004f03f156e0400672924163a36b7.jpg,train,D:\Datasets\Alvaro\Floresta-3-20260714T215823Z-1-001\Floresta-3\train\images\IJ_08_25_34_2560_0_png_jpg.rf.dbdef1db3dd85a15c2d3e17ab00ed38b.jpg,0.9613206386566162
validation-train,validation,D:\Datasets\Alvaro\Floresta-3-20260714T215823Z-1-001\Floresta-3\test\images\IJ_08_25_34_2560_880_png_jpg.rf.da11e7f2caf98b138871ced55d3ecbf6.jpg,train,D:\Datasets\Alvaro\Floresta-3-20260714T215823Z-1-001\Floresta-3\train\images\IJ_08_25_34_2560_880_png_jpg.rf.640f86ba584da7196e916e1d12e517aa.jpg,0.9482663869857788
validation-train,validation,D:\Datasets\Alvaro\Floresta-3-20260714T215823Z-1-001\Floresta-3\test\images\IJ_08_25_34_2560_880_png_jpg.rf.fa4066b7e45a9a112166f7a0e016be66.jpg,train,D:\Datasets\Alvaro\Floresta-3-20260714T215823Z-1-001\Floresta-3\train\images\IJ_08_25_34_2560_880_png_jpg.rf.f11ad00467139e2a3cbef8e26754fd4e.jpg,0.9501454830169678
validation-train,validation,D:\Datasets\Alvaro\Floresta-3-20260714T215823Z-1-001\Floresta-3\test\images\IJ_08_25_35_0_0_png_jpg.rf.12e246f93f74a2f6ee489b1672c5d9f2.jpg,train,D:\Datasets\Alvaro\Floresta-3-20260714T215823Z-1-001\Floresta-3\train\images\IJ_08_25_35_0_0_png_jpg.rf.f9ac42c1713c0b2b3a5e02ba84082b55.jpg,0.9568702578544617
validation-train,validation,D:\Datasets\Alvaro\Floresta-3-20260714T215823Z-1-001\Floresta-3\test\images\IJ_08_25_35_0_0_png_jpg.rf.34ee9423021c73e904dae5a84e666935.jpg,train,D:\Datasets\Alvaro\Floresta-3-20260714T215823Z-1-001\Floresta-3\train\images\IJ_08_25_34_0_0_png_jpg.rf.89a061d68d8385e009ffa1edc07902e9.jpg,0.980494499206543
validation-train,validation,D:\Datasets\Alvaro\Floresta-3-20260714T215823Z-1-001\Floresta-3\test\images\IJ_08_25_35_0_0_png_jpg.rf.8f8b50dc9d02127cf5f70cdb36eb2a19.jpg,train,D:\Datasets\Alvaro\Floresta-3-20260714T215823Z-1-001\Floresta-3\train\images\IJ_08_25_35_0_0_png_jpg.rf.e254c8b9084e6f2d1c4ed808e7182f0c.jpg,0.9657872915267944
validation-train,validation,D:\Datasets\Alvaro\Floresta-3-20260714T215823Z-1-001\Floresta-3\test\images\IJ_08_25_35_0_0_png_jpg.rf.fd930ab4b57825a7c71ad06c629b0fa2.jpg,train,D:\Datasets\Alvaro\Floresta-3-20260714T215823Z-1-001\Floresta-3\train\images\IJ_08_25_36_0_0_png_jpg.rf.33a0f9756bdd76fb3528549161d8b210.jpg,0.9740241765975952
validation-train,validation,D:\Datasets\Alvaro\Floresta-3-20260714T215823Z-1-001\Floresta-3\test\images\IJ_08_25_35_2560_0_png_jpg.rf.0f5c2dcaa9b5aa2957dee96edaa532bf.jpg,train,D:\Datasets\Alvaro\Floresta-3-20260714T215823Z-1-001\Floresta-3\train\images\IJ_08_25_38_2560_0_png_jpg.rf.77b40b69c00cadcc62830d032555e8f5.jpg,0.9688659906387329
validation-train,validation,D:\Datasets\Alvaro\Floresta-3-20260714T215823Z-1-001\Floresta-3\test\images\IJ_08_25_35_2560_0_png_jpg.rf.39be03776f539ebd40cf3e78a9cb8e4c.jpg,train,D:\Datasets\Alvaro\Floresta-3-20260714T215823Z-1-001\Floresta-3\train\images\IJ_08_25_28_2560_0_png_jpg.rf.2a12de34c8cadddac30c3ae98ad5664a.jpg,0.9691945314407349
validation-train,validation,D:\Datasets\Alvaro\Floresta-3-20260714T215823Z-1-001\Floresta-3\test\images\IJ_08_25_35_2560_0_png_jpg.rf.6357d45c9a61975dab37b3e2202b1f56.jpg,train,D:\Datasets\Alvaro\Floresta-3-20260714T215823Z-1-001\Floresta-3\train\images\IJ_08_25_25_2560_0_png_jpg.rf.ca0c2547bb33631e9065b78e19573ae8.jpg,0.9593393802642822
validation-train,validation,D:\Datasets\Alvaro\Floresta-3-20260714T215823Z-1-001\Floresta-3\test\images\IJ_08_25_35_2560_0_png_jpg.rf.9f99476e46e0bb8acd40c882aa05da46.jpg,train,D:\Datasets\Alvaro\Floresta-3-20260714T215823Z-1-001\Floresta-3\train\images\IJ_08_25_38_2560_0_png_jpg.rf.da9f84375297ef9864e8a15ef8f388aa.jpg,0.983712911605835
validation-train,validation,D:\Datasets\Alvaro\Floresta-3-20260714T215823Z-1-001\Floresta-3\test\images\IJ_08_25_35_2560_0_png_jpg.rf.cad06640dcc14569ee9941a9bde42bfb.jpg,train,D:\Datasets\Alvaro\Floresta-3-20260714T215823Z-1-001\Floresta-3\train\images\IJ_08_25_35_2560_0_png_jpg.rf.2dbd59da404e2b4e13b38a6e97de96c8.jpg,0.9577047824859619
validation-train,validation,D:\Datasets\Alvaro\Floresta-3-20260714T215823Z-1-001\Floresta-3\test\images\IJ_08_25_35_2560_0_png_jpg.rf.e13a3fdb9fb72caf87e4e0355af135b8.jpg,train,D:\Datasets\Alvaro\Floresta-3-20260714T215823Z-1-001\Floresta-3\train\images\IJ_08_25_36_2560_0_png_jpg.rf.4c4ef677cefb03b4fdbfc766e654b943.jpg,0.9462313652038574
validation-train,validation,D:\Datasets\Alvaro\Floresta-3-20260714T215823Z-1-001\Floresta-3\test\images\IJ_08_25_35_2560_880_png_jpg.rf.38deb908be969f692b1c67a540ba9b23.jpg,train,D:\Datasets\Alvaro\Floresta-3-20260714T215823Z-1-001\Floresta-3\train\images\IJ_08_25_42_2560_880_png_jpg.rf.f01b88dada9f991c36db26e80046994c.jpg,0.9686762690544128
validation-train,validation,D:\Datasets\Alvaro\Floresta-3-20260714T215823Z-1-001\Floresta-3\test\images\IJ_08_25_35_2560_880_png_jpg.rf.ad5e19f0c42d9798df19f0b5138b1ba9.jpg,train,D:\Datasets\Alvaro\Floresta-3-20260714T215823Z-1-001\Floresta-3\train\images\IJ_08_25_36_2560_880_png_jpg.rf.15bb0e1807be34e8892571afe5cac605.jpg,0.9509471654891968
validation-train,validation,D:\Datasets\Alvaro\Floresta-3-20260714T215823Z-1-001\Floresta-3\test\images\IJ_08_25_36_0_0_png_jpg.rf.093124dae5e9e2fbea0afa9ca0b5af41.jpg,train,D:\Datasets\Alvaro\Floresta-3-20260714T215823Z-1-001\Floresta-3\train\images\IJ_08_25_37_0_0_png_jpg.rf.139b89b97ca5472483e9b2c1e211cc14.jpg,0.9888343214988708
validation-train,validation,D:\Datasets\Alvaro\Floresta-3-20260714T215823Z-1-001\Floresta-3\test\images\IJ_08_25_36_0_0_png_jpg.rf.5a0bc549f7546e50d779a6ea3bfda828.jpg,train,D:\Datasets\Alvaro\Floresta-3-20260714T215823Z-1-001\Floresta-3\train\images\IJ_08_25_43_0_0_png_jpg.rf.7e6704e35b034c4fa4e6bb86eadf6eb5.jpg,0.9226230382919312
validation-train,validation,D:\Datasets\Alvaro\Floresta-3-20260714T215823Z-1-001\Floresta-3\test\images\IJ_08_25_36_0_0_png_jpg.rf.c0e43c4a2d4cc3b97b02a09ee8c2bcd2.jpg,train,D:\Datasets\Alvaro\Floresta-3-20260714T215823Z-1-001\Floresta-3\train\images\IJ_08_25_36_0_0_png_jpg.rf.481e995fa951d1fe0dfb8ab43b66336e.jpg,0.9321855306625366
validation-train,validation,D:\Datasets\Alvaro\Floresta-3-20260714T215823Z-1-001\Floresta-3\test\images\IJ_08_25_36_2560_0_png_jpg.rf.168c3cf87e1546ddfc16621b76518c23.jpg,train,D:\Datasets\Alvaro\Floresta-3-20260714T215823Z-1-001\Floresta-3\train\images\IJ_08_25_36_2560_0_png_jpg.rf.f61f24b44021f68ea6d784cd5354f2b5.jpg,0.9681416749954224
validation-train,validation,D:\Datasets\Alvaro\Floresta-3-20260714T215823Z-1-001\Floresta-3\test\images\IJ_08_25_36_2560_0_png_jpg.rf.5898a213432e672955dbfb0edb2e039c.jpg,train,D:\Datasets\Alvaro\Floresta-3-20260714T215823Z-1-001\Floresta-3\train\images\IJ_08_25_34_2560_0_png_jpg.rf.234e0ac56a9a04319dcabf5907af14c4.jpg,0.9728121757507324
validation-train,validation,D:\Datasets\Alvaro\Floresta-3-20260714T215823Z-1-001\Floresta-3\test\images\IJ_08_25_36_2560_0_png_jpg.rf.968e846c2d9ae4eb2ef5ddeb2b742ca9.jpg,train,D:\Datasets\Alvaro\Floresta-3-20260714T215823Z-1-001\Floresta-3\train\images\IJ_08_25_36_2560_0_png_jpg.rf.8988068c56661cc999b3e4793be34c0d.jpg,0.9345766305923462
validation-train,validation,D:\Datasets\Alvaro\Floresta-3-20260714T215823Z-1-001\Floresta-3\test\images\IJ_08_25_36_2560_0_png_jpg.rf.c3a915ac84e470b961fc6b322066a4e6.jpg,train,D:\Datasets\Alvaro\Floresta-3-20260714T215823Z-1-001\Floresta-3\train\images\IJ_08_25_36_2560_0_png_jpg.rf.8fd933a0596cd44bcdb38e7a28c68b71.jpg,0.9720449447631836
validation-train,validation,D:\Datasets\Alvaro\Floresta-3-20260714T215823Z-1-001\Floresta-3\test\images\IJ_08_25_36_2560_0_png_jpg.rf.cbec1add57c99013895759bc8dbdcf06.jpg,train,D:\Datasets\Alvaro\Floresta-3-20260714T215823Z-1-001\Floresta-3\train\images\IJ_08_25_34_2560_0_png_jpg.rf.e0e03144fd11c11d2608cdda042246a5.jpg,0.987014651298523
validation-train,validation,D:\Datasets\Alvaro\Floresta-3-20260714T215823Z-1-001\Floresta-3\test\images\IJ_08_25_36_2560_880_png_jpg.rf.84e3efeaf0a6b871dd69149a9f9cc9d1.jpg,train,D:\Datasets\Alvaro\Floresta-3-20260714T215823Z-1-001\Floresta-3\train\images\IJ_08_25_36_2560_880_png_jpg.rf.91939cd9592534004ce3d7fc75017ec6.jpg,0.9563014507293701
validation-train,validation,D:\Datasets\Alvaro\Floresta-3-20260714T215823Z-1-001\Floresta-3\test\images\IJ_08_25_36_2560_880_png_jpg.rf.8cdb79deeedef36232268c78c1bda432.jpg,train,D:\Datasets\Alvaro\Floresta-3-20260714T215823Z-1-001\Floresta-3\train\images\IJ_08_25_36_2560_880_png_jpg.rf.21c46921591c0a1a98fba52cfcd3844e.jpg,0.9535999298095703
validation-train,validation,D:\Datasets\Alvaro\Floresta-3-20260714T215823Z-1-001\Floresta-3\test\images\IJ_08_25_36_2560_880_png_jpg.rf.ad03369cc58c1fc7a00fc52e795a95e1.jpg,train,D:\Datasets\Alvaro\Floresta-3-20260714T215823Z-1-001\Floresta-3\train\images\IJ_08_25_41_2560_880_png_jpg.rf.b7f433c1877d4f99009c90a8ee9d1edf.jpg,0.9389309287071228
validation-train,validation,D:\Datasets\Alvaro\Floresta-3-20260714T215823Z-1-001\Floresta-3\test\images\IJ_08_25_36_2560_880_png_jpg.rf.baf61c4da555d3c7d233847c7c2d1a99.jpg,train,D:\Datasets\Alvaro\Floresta-3-20260714T215823Z-1-001\Floresta-3\train\images\IJ_08_25_37_2560_880_png_jpg.rf.cc9cdac1afcc4fd7333cc23051597e17.jpg,0.9747924208641052
validation-train,validation,D:\Datasets\Alvaro\Floresta-3-20260714T215823Z-1-001\Floresta-3\test\images\IJ_08_25_37_0_0_png_jpg.rf.1474a79821efd604978f199faf9843ca.jpg,train,D:\Datasets\Alvaro\Floresta-3-20260714T215823Z-1-001\Floresta-3\train\images\IJ_08_25_37_0_0_png_jpg.rf.039a731c8aafbb5ddf1b3d9a4a780794.jpg,0.9708083868026733
validation-train,validation,D:\Datasets\Alvaro\Floresta-3-20260714T215823Z-1-001\Floresta-3\test\images\IJ_08_25_37_0_0_png_jpg.rf.5251d734bda5c91134b357b6add8772b.jpg,train,D:\Datasets\Alvaro\Floresta-3-20260714T215823Z-1-001\Floresta-3\train\images\IJ_08_25_37_0_0_png_jpg.rf.2ecabf4949cb220e8110183006d517c0.jpg,0.935035228729248
validation-train,validation,D:\Datasets\Alvaro\Floresta-3-20260714T215823Z-1-001\Floresta-3\test\images\IJ_08_25_37_2560_0_png_jpg.rf.28741680dd6dd6a0569d56549918f9c7.jpg,train,D:\Datasets\Alvaro\Floresta-3-20260714T215823Z-1-001\Floresta-3\train\images\IJ_08_25_38_2560_0_png_jpg.rf.da9f84375297ef9864e8a15ef8f388aa.jpg,0.9914839863777161
validation-train,validation,D:\Datasets\Alvaro\Floresta-3-20260714T215823Z-1-001\Floresta-3\test\images\IJ_08_25_37_2560_0_png_jpg.rf.89ed4c6b9f6613fc89725c5b18e05088.jpg,train,D:\Datasets\Alvaro\Floresta-3-20260714T215823Z-1-001\Floresta-3\train\images\IJ_08_25_41_2560_0_png_jpg.rf.7835bd3edef19784eacdb96043ad6fc3.jpg,0.9727594256401062
validation-train,validation,D:\Datasets\Alvaro\Floresta-3-20260714T215823Z-1-001\Floresta-3\test\images\IJ_08_25_37_2560_880_png_jpg.rf.e4c9122ab2edac3f83907f64fab34280.jpg,train,D:\Datasets\Alvaro\Floresta-3-20260714T215823Z-1-001\Floresta-3\train\images\IJ_08_25_32_2560_880_png_jpg.rf.3c7eb8c04cd21a67ca06a7981dfece47.jpg,0.9347761869430542
validation-train,validation,D:\Datasets\Alvaro\Floresta-3-20260714T215823Z-1-001\Floresta-3\test\images\IJ_08_25_38_0_0_png_jpg.rf.a0c752614a575bc93e8d2d77b40550b0.jpg,train,D:\Datasets\Alvaro\Floresta-3-20260714T215823Z-1-001\Floresta-3\train\images\IJ_08_25_39_0_0_png_jpg.rf.6dff5cd48f24f1de03b0f6bdebe7f3b4.jpg,0.9820999503135681
validation-train,validation,D:\Datasets\Alvaro\Floresta-3-20260714T215823Z-1-001\Floresta-3\test\images\IJ_08_25_38_2560_0_png_jpg.rf.3473d78a4e6413afd9629129e7e6bcce.jpg,train,D:\Datasets\Alvaro\Floresta-3-20260714T215823Z-1-001\Floresta-3\train\images\IJ_08_25_47_2560_0_png_jpg.rf.b8f5ef6ac8ae8225b34b995facd3cfdf.jpg,0.9733039736747742
validation-train,validation,D:\Datasets\Alvaro\Floresta-3-20260714T215823Z-1-001\Floresta-3\test\images\IJ_08_25_38_2560_0_png_jpg.rf.9099bf848cd379e93ad188c3e8eba898.jpg,train,D:\Datasets\Alvaro\Floresta-3-20260714T215823Z-1-001\Floresta-3\train\images\IJ_08_25_38_2560_0_png_jpg.rf.099de0799b691b004c8645aa51a71433.jpg,0.9648960828781128
validation-train,validation,D:\Datasets\Alvaro\Floresta-3-20260714T215823Z-1-001\Floresta-3\test\images\IJ_08_25_38_2560_880_png_jpg.rf.3fe73f13bc07a9cfe92d67501f487ddd.jpg,train,D:\Datasets\Alvaro\Floresta-3-20260714T215823Z-1-001\Floresta-3\train\images\IJ_08_25_37_2560_880_png_jpg.rf.cc9cdac1afcc4fd7333cc23051597e17.jpg,0.9795889854431152
validation-train,validation,D:\Datasets\Alvaro\Floresta-3-20260714T215823Z-1-001\Floresta-3\test\images\IJ_08_25_39_0_0_png_jpg.rf.2ed2038cb6db1d2390dd1012c4649d3d.jpg,train,D:\Datasets\Alvaro\Floresta-3-20260714T215823Z-1-001\Floresta-3\train\images\IJ_08_25_41_0_0_png_jpg.rf.f309d394cfcd3ec35cd69a48068bdfc8.jpg,0.9709035158157349
validation-train,validation,D:\Datasets\Alvaro\Floresta-3-20260714T215823Z-1-001\Floresta-3\test\images\IJ_08_25_39_0_0_png_jpg.rf.453cee549953ce87cb68df38ade3c39d.jpg,train,D:\Datasets\Alvaro\Floresta-3-20260714T215823Z-1-001\Floresta-3\train\images\IJ_08_25_37_0_0_png_jpg.rf.039a731c8aafbb5ddf1b3d9a4a780794.jpg,0.9629714488983154
validation-train,validation,D:\Datasets\Alvaro\Floresta-3-20260714T215823Z-1-001\Floresta-3\test\images\IJ_08_25_39_0_0_png_jpg.rf.9f5077ecfc0d949c232e58866753ee03.jpg,train,D:\Datasets\Alvaro\Floresta-3-20260714T215823Z-1-001\Floresta-3\train\images\IJ_08_25_41_0_0_png_jpg.rf.609fdaf64279fb19fe617c0a882cd0bc.jpg,0.9713294506072998
validation-train,validation,D:\Datasets\Alvaro\Floresta-3-20260714T215823Z-1-001\Floresta-3\test\images\IJ_08_25_39_0_0_png_jpg.rf.e5ed6920dcbccf29956ed087b1c9a3b3.jpg,train,D:\Datasets\Alvaro\Floresta-3-20260714T215823Z-1-001\Floresta-3\train\images\IJ_08_25_55_0_0_png_jpg.rf.5ee16be8edb27733100e3c0d2f322b09.jpg,0.966183066368103
validation-train,validation,D:\Datasets\Alvaro\Floresta-3-20260714T215823Z-1-001\Floresta-3\test\images\IJ_08_25_39_0_0_png_jpg.rf.e87d0ca7d361861c746887a54a81e1f9.jpg,train,D:\Datasets\Alvaro\Floresta-3-20260714T215823Z-1-001\Floresta-3\train\images\IJ_08_25_37_0_0_png_jpg.rf.039a731c8aafbb5ddf1b3d9a4a780794.jpg,0.976280927658081
validation-train,validation,D:\Datasets\Alvaro\Floresta-3-20260714T215823Z-1-001\Floresta-3\test\images\IJ_08_25_39_2560_0_png_jpg.rf.23085a8eaf64e68239a33e61def9b30e.jpg,train,D:\Datasets\Alvaro\Floresta-3-20260714T215823Z-1-001\Floresta-3\train\images\IJ_08_25_39_2560_0_png_jpg.rf.f0dbcbd1704108cc5a17466dff5f8416.jpg,0.9631438255310059
validation-train,validation,D:\Datasets\Alvaro\Floresta-3-20260714T215823Z-1-001\Floresta-3\test\images\IJ_08_25_39_2560_0_png_jpg.rf.71029465dd53156fe6d3e8cdc7d4e0a4.jpg,train,D:\Datasets\Alvaro\Floresta-3-20260714T215823Z-1-001\Floresta-3\train\images\IJ_08_25_39_2560_0_png_jpg.rf.f0dbcbd1704108cc5a17466dff5f8416.jpg,0.9550315737724304
validation-train,validation,D:\Datasets\Alvaro\Floresta-3-20260714T215823Z-1-001\Floresta-3\test\images\IJ_08_25_39_2560_0_png_jpg.rf.7c78a1034d81a5c203f96cf2f337a530.jpg,train,D:\Datasets\Alvaro\Floresta-3-20260714T215823Z-1-001\Floresta-3\train\images\IJ_08_25_32_2560_0_png_jpg.rf.94718e7f6a2241bffdfa73c1b7b2dd8b.jpg,0.971260666847229
validation-train,validation,D:\Datasets\Alvaro\Floresta-3-20260714T215823Z-1-001\Floresta-3\test\images\IJ_08_25_39_2560_0_png_jpg.rf.f292f3bdffb6f481f6dcca4b29c212c7.jpg,train,D:\Datasets\Alvaro\Floresta-3-20260714T215823Z-1-001\Floresta-3\train\images\IJ_08_25_38_2560_0_png_jpg.rf.da9f84375297ef9864e8a15ef8f388aa.jpg,0.9876490831375122
validation-train,validation,D:\Datasets\Alvaro\Floresta-3-20260714T215823Z-1-001\Floresta-3\test\images\IJ_08_25_39_2560_880_png_jpg.rf.459e4087f7960db76c023cf7ce735b6e.jpg,train,D:\Datasets\Alvaro\Floresta-3-20260714T215823Z-1-001\Floresta-3\train\images\IJ_08_25_47_2560_880_png_jpg.rf.261c23f06ff68d006ac0e1ec7c049cca.jpg,0.9538196921348572
validation-train,validation,D:\Datasets\Alvaro\Floresta-3-20260714T215823Z-1-001\Floresta-3\test\images\IJ_08_25_39_2560_880_png_jpg.rf.783976372652c241ce5344dd5f4682b6.jpg,train,D:\Datasets\Alvaro\Floresta-3-20260714T215823Z-1-001\Floresta-3\train\images\IJ_08_25_39_2560_880_png_jpg.rf.a0a159ec27889dc27c56eab580e6c91b.jpg,0.9606751203536987
validation-train,validation,D:\Datasets\Alvaro\Floresta-3-20260714T215823Z-1-001\Floresta-3\test\images\IJ_08_25_40_0_0_png_jpg.rf.14e6aadef253f89e3085cdd1e529b496.jpg,train,D:\Datasets\Alvaro\Floresta-3-20260714T215823Z-1-001\Floresta-3\train\images\IJ_08_25_41_0_0_png_jpg.rf.28cafd3141228de14cb6803325da0912.jpg,0.9842075705528259
validation-train,validation,D:\Datasets\Alvaro\Floresta-3-20260714T215823Z-1-001\Floresta-3\test\images\IJ_08_25_40_0_0_png_jpg.rf.22c10bce95df583f28bd1c9fe43bd1e6.jpg,train,D:\Datasets\Alvaro\Floresta-3-20260714T215823Z-1-001\Floresta-3\train\images\IJ_08_25_37_0_0_png_jpg.rf.039a731c8aafbb5ddf1b3d9a4a780794.jpg,0.9761133193969727
validation-train,validation,D:\Datasets\Alvaro\Floresta-3-20260714T215823Z-1-001\Floresta-3\test\images\IJ_08_25_40_0_0_png_jpg.rf.762dfa56f2dc885420aec948abf87a05.jpg,train,D:\Datasets\Alvaro\Floresta-3-20260714T215823Z-1-001\Floresta-3\train\images\IJ_08_25_45_0_0_png_jpg.rf.9ae2351685e31bb40838b4079df3659a.jpg,0.9735265374183655
validation-train,validation,D:\Datasets\Alvaro\Floresta-3-20260714T215823Z-1-001\Floresta-3\test\images\IJ_08_25_40_0_0_png_jpg.rf.8e6a5606baa8c634e5b3dd4196223409.jpg,train,D:\Datasets\Alvaro\Floresta-3-20260714T215823Z-1-001\Floresta-3\train\images\IJ_08_25_42_0_0_png_jpg.rf.439bfc66dc3f44b1a9d7c73df3665c5e.jpg,0.9732974767684937
validation-train,validation,D:\Datasets\Alvaro\Floresta-3-20260714T215823Z-1-001\Floresta-3\test\images\IJ_08_25_40_0_0_png_jpg.rf.99b362e55dc4255dc18e299cd606d5a2.jpg,train,D:\Datasets\Alvaro\Floresta-3-20260714T215823Z-1-001\Floresta-3\train\images\IJ_08_25_40_0_0_png_jpg.rf.e72289b5f14209ce64308fc2a03696a5.jpg,0.9579751491546631
validation-train,validation,D:\Datasets\Alvaro\Floresta-3-20260714T215823Z-1-001\Floresta-3\test\images\IJ_08_25_40_0_0_png_jpg.rf.d826fb7c22a11948e9d7d1e1c25f35c7.jpg,train,D:\Datasets\Alvaro\Floresta-3-20260714T215823Z-1-001\Floresta-3\train\images\IJ_08_25_40_0_0_png_jpg.rf.7e7afccc8ca15477883a7142839539ef.jpg,0.9573231935501099
validation-train,validation,D:\Datasets\Alvaro\Floresta-3-20260714T215823Z-1-001\Floresta-3\test\images\IJ_08_25_40_2560_0_png_jpg.rf.032dec8ff3d86620e17cc64f18569d71.jpg,train,D:\Datasets\Alvaro\Floresta-3-20260714T215823Z-1-001\Floresta-3\train\images\IJ_08_25_51_2560_0_png_jpg.rf.ab18ad491aa1a16e11c97c66d01fba89.jpg,0.9716410636901855
validation-train,validation,D:\Datasets\Alvaro\Floresta-3-20260714T215823Z-1-001\Floresta-3\test\images\IJ_08_25_40_2560_0_png_jpg.rf.7e714f76b6f326b4bd892869c515a0c6.jpg,train,D:\Datasets\Alvaro\Floresta-3-20260714T215823Z-1-001\Floresta-3\train\images\IJ_08_25_41_2560_0_png_jpg.rf.34d8e97e795cf78ae7ff32ebdd4f7507.jpg,0.9897202253341675
validation-train,validation,D:\Datasets\Alvaro\Floresta-3-20260714T215823Z-1-001\Floresta-3\test\images\IJ_08_25_40_2560_0_png_jpg.rf.8f124f1ed6751299d207b11b05a11a12.jpg,train,D:\Datasets\Alvaro\Floresta-3-20260714T215823Z-1-001\Floresta-3\train\images\IJ_08_25_40_2560_0_png_jpg.rf.c2def7c614744e6a9397d2d54a00eb5b.jpg,0.9611542224884033
validation-train,validation,D:\Datasets\Alvaro\Floresta-3-20260714T215823Z-1-001\Floresta-3\test\images\IJ_08_25_40_2560_0_png_jpg.rf.b885e38b0935caf03674e84e57c8ec61.jpg,train,D:\Datasets\Alvaro\Floresta-3-20260714T215823Z-1-001\Floresta-3\train\images\IJ_08_25_29_2560_0_png_jpg.rf.86dcc439394ace84dd909fff6577b462.jpg,0.9719111919403076
validation-train,validation,D:\Datasets\Alvaro\Floresta-3-20260714T215823Z-1-001\Floresta-3\test\images\IJ_08_25_41_0_0_png_jpg.rf.103310d98b8138f59df342f9f440d632.jpg,train,D:\Datasets\Alvaro\Floresta-3-20260714T215823Z-1-001\Floresta-3\train\images\IJ_08_25_43_0_0_png_jpg.rf.2cfea8097304e14e361da082713ad38a.jpg,0.9774539470672607
validation-train,validation,D:\Datasets\Alvaro\Floresta-3-20260714T215823Z-1-001\Floresta-3\test\images\IJ_08_25_41_0_0_png_jpg.rf.5bd60ba6b320207c9c4b7c6dc6ba73a7.jpg,train,D:\Datasets\Alvaro\Floresta-3-20260714T215823Z-1-001\Floresta-3\train\images\IJ_08_25_41_0_0_png_jpg.rf.28cafd3141228de14cb6803325da0912.jpg,0.9737392663955688
validation-train,validation,D:\Datasets\Alvaro\Floresta-3-20260714T215823Z-1-001\Floresta-3\test\images\IJ_08_25_41_2560_0_png_jpg.rf.85fe65cead0871f226a337f7ce6adc22.jpg,train,D:\Datasets\Alvaro\Floresta-3-20260714T215823Z-1-001\Floresta-3\train\images\IJ_08_25_32_2560_0_png_jpg.rf.22c22c2c64ade41999f723795948c28f.jpg,0.9708251953125
validation-train,validation,D:\Datasets\Alvaro\Floresta-3-20260714T215823Z-1-001\Floresta-3\test\images\IJ_08_25_41_2560_0_png_jpg.rf.b6ad932f2d15b98ac27f7bb0efb041ca.jpg,train,D:\Datasets\Alvaro\Floresta-3-20260714T215823Z-1-001\Floresta-3\train\images\IJ_08_25_55_2560_0_png_jpg.rf.3be22f934a9ab5645c1688d6ebb2d704.jpg,0.9647487998008728
validation-train,validation,D:\Datasets\Alvaro\Floresta-3-20260714T215823Z-1-001\Floresta-3\test\images\IJ_08_25_41_2560_880_png_jpg.rf.7032a91350a4370553d91b3979740751.jpg,train,D:\Datasets\Alvaro\Floresta-3-20260714T215823Z-1-001\Floresta-3\train\images\IJ_08_25_41_2560_880_png_jpg.rf.e98290b0e5c1c1039c51608acf69c669.jpg,0.9696085453033447
validation-train,validation,D:\Datasets\Alvaro\Floresta-3-20260714T215823Z-1-001\Floresta-3\test\images\IJ_08_25_41_2560_880_png_jpg.rf.b8cd7427d6b133df05e62faa433dec56.jpg,train,D:\Datasets\Alvaro\Floresta-3-20260714T215823Z-1-001\Floresta-3\train\images\IJ_08_25_47_2560_880_png_jpg.rf.261c23f06ff68d006ac0e1ec7c049cca.jpg,0.9675709009170532
validation-train,validation,D:\Datasets\Alvaro\Floresta-3-20260714T215823Z-1-001\Floresta-3\test\images\IJ_08_25_42_0_0_png_jpg.rf.c821ef3d588aaeb472fddae18e8b6dab.jpg,train,D:\Datasets\Alvaro\Floresta-3-20260714T215823Z-1-001\Floresta-3\train\images\IJ_08_25_43_0_0_png_jpg.rf.66877ffee37a3daddcebd739ab79a012.jpg,0.9787588715553284
validation-train,validation,D:\Datasets\Alvaro\Floresta-3-20260714T215823Z-1-001\Floresta-3\test\images\IJ_08_25_42_0_0_png_jpg.rf.de4c42d9a9e757b14c672a7a69940474.jpg,train,D:\Datasets\Alvaro\Floresta-3-20260714T215823Z-1-001\Floresta-3\train\images\IJ_08_25_28_0_0_png_jpg.rf.ebbf03f31a2ee3f5e469ffd646e73c61.jpg,0.9776685237884521
validation-train,validation,D:\Datasets\Alvaro\Floresta-3-20260714T215823Z-1-001\Floresta-3\test\images\IJ_08_25_42_2560_0_png_jpg.rf.8dcedf9a4bfef19ccb3249773810d5dc.jpg,train,D:\Datasets\Alvaro\Floresta-3-20260714T215823Z-1-001\Floresta-3\train\images\IJ_08_25_42_2560_0_png_jpg.rf.c74704843909482dc57330e96e53282d.jpg,0.9610693454742432
validation-train,validation,D:\Datasets\Alvaro\Floresta-3-20260714T215823Z-1-001\Floresta-3\test\images\IJ_08_25_42_2560_0_png_jpg.rf.d5a67860281054471a988dbebd21f9c6.jpg,train,D:\Datasets\Alvaro\Floresta-3-20260714T215823Z-1-001\Floresta-3\train\images\IJ_08_25_41_2560_0_png_jpg.rf.34d8e97e795cf78ae7ff32ebdd4f7507.jpg,0.9896693229675293
validation-train,validation,D:\Datasets\Alvaro\Floresta-3-20260714T215823Z-1-001\Floresta-3\test\images\IJ_08_25_42_2560_880_png_jpg.rf.99fd9aa378030ccecc949833ca58f1d5.jpg,train,D:\Datasets\Alvaro\Floresta-3-20260714T215823Z-1-001\Floresta-3\train\images\IJ_08_25_46_2560_880_png_jpg.rf.0a5f41959baed24fae6f9abf1b2ed0ae.jpg,0.9652204513549805
validation-train,validation,D:\Datasets\Alvaro\Floresta-3-20260714T215823Z-1-001\Floresta-3\test\images\IJ_08_25_42_2560_880_png_jpg.rf.bcf2f3aad583c7f22d8e83ae2d748681.jpg,train,D:\Datasets\Alvaro\Floresta-3-20260714T215823Z-1-001\Floresta-3\train\images\IJ_08_25_42_2560_880_png_jpg.rf.54ef87a46a0e2317c44a8b93b315408e.jpg,0.961370587348938
validation-train,validation,D:\Datasets\Alvaro\Floresta-3-20260714T215823Z-1-001\Floresta-3\test\images\IJ_08_25_42_2560_880_png_jpg.rf.c48a6b1154e0f31c8b3d572be29b6155.jpg,train,D:\Datasets\Alvaro\Floresta-3-20260714T215823Z-1-001\Floresta-3\train\images\IJ_08_25_42_2560_880_png_jpg.rf.24ea4ade601cf739dd1928653164a062.jpg,0.9512972831726074
validation-train,validation,D:\Datasets\Alvaro\Floresta-3-20260714T215823Z-1-001\Floresta-3\test\images\IJ_08_25_42_2560_880_png_jpg.rf.e36c1f4441931c3d64dee63b744d43d3.jpg,train,D:\Datasets\Alvaro\Floresta-3-20260714T215823Z-1-001\Floresta-3\train\images\IJ_08_25_43_2560_880_png_jpg.rf.7013dc64fc1d5f9d860777e6eff8080f.jpg,0.9703521728515625
validation-train,validation,D:\Datasets\Alvaro\Floresta-3-20260714T215823Z-1-001\Floresta-3\test\images\IJ_08_25_42_2560_880_png_jpg.rf.f6e7f1c3099c32eb57161b5b99bdb563.jpg,train,D:\Datasets\Alvaro\Floresta-3-20260714T215823Z-1-001\Floresta-3\train\images\IJ_08_25_42_2560_880_png_jpg.rf.1f2fcd47b1114a8bf5d2dddb80f0a3fa.jpg,0.9577126502990723
validation-train,validation,D:\Datasets\Alvaro\Floresta-3-20260714T215823Z-1-001\Floresta-3\test\images\IJ_08_25_43_2560_0_png_jpg.rf.1ea8f456d77ad4171b9b35156be1fd04.jpg,train,D:\Datasets\Alvaro\Floresta-3-20260714T215823Z-1-001\Floresta-3\train\images\IJ_08_25_43_2560_0_png_jpg.rf.fa7122a0df7599e7452cf043c5b2610b.jpg,0.9752099514007568
validation-train,validation,D:\Datasets\Alvaro\Floresta-3-20260714T215823Z-1-001\Floresta-3\test\images\IJ_08_25_43_2560_0_png_jpg.rf.20ddf8b6328329160119f8738572cec5.jpg,train,D:\Datasets\Alvaro\Floresta-3-20260714T215823Z-1-001\Floresta-3\train\images\IJ_08_25_43_2560_0_png_jpg.rf.a1ef3a936b60358158a9011436e453e5.jpg,0.9637488126754761
validation-train,validation,D:\Datasets\Alvaro\Floresta-3-20260714T215823Z-1-001\Floresta-3\test\images\IJ_08_25_43_2560_0_png_jpg.rf.3768a385bc5d424e71d3eec0ed6f099d.jpg,train,D:\Datasets\Alvaro\Floresta-3-20260714T215823Z-1-001\Floresta-3\train\images\IJ_08_25_43_2560_0_png_jpg.rf.7a70211965ac0d10d72f2d5a558b24f7.jpg,0.948931872844696
validation-train,validation,D:\Datasets\Alvaro\Floresta-3-20260714T215823Z-1-001\Floresta-3\test\images\IJ_08_25_43_2560_0_png_jpg.rf.9077126cd96c36d723ae5a7066fbfbba.jpg,train,D:\Datasets\Alvaro\Floresta-3-20260714T215823Z-1-001\Floresta-3\train\images\IJ_08_25_43_2560_0_png_jpg.rf.fa7122a0df7599e7452cf043c5b2610b.jpg,0.9667119979858398
validation-train,validation,D:\Datasets\Alvaro\Floresta-3-20260714T215823Z-1-001\Floresta-3\test\images\IJ_08_25_43_2560_880_png_jpg.rf.96c590da62ebc966adba355a5db6f881.jpg,train,D:\Datasets\Alvaro\Floresta-3-20260714T215823Z-1-001\Floresta-3\train\images\IJ_08_25_43_2560_880_png_jpg.rf.bfa61d3c2497a721906626759a2558cb.jpg,0.9539799690246582
validation-train,validation,D:\Datasets\Alvaro\Floresta-3-20260714T215823Z-1-001\Floresta-3\test\images\IJ_08_25_43_2560_880_png_jpg.rf.9bab3fc7a0664ebed3ef289860d72f68.jpg,train,D:\Datasets\Alvaro\Floresta-3-20260714T215823Z-1-001\Floresta-3\train\images\IJ_08_25_41_2560_880_png_jpg.rf.5fc90cd5d9fd603239db3b8594bda60f.jpg,0.9807341694831848
validation-train,validation,D:\Datasets\Alvaro\Floresta-3-20260714T215823Z-1-001\Floresta-3\test\images\IJ_08_25_43_2560_880_png_jpg.rf.ebe83842402f8085495ccabb6ac1ab1a.jpg,train,D:\Datasets\Alvaro\Floresta-3-20260714T215823Z-1-001\Floresta-3\train\images\IJ_08_25_41_2560_880_png_jpg.rf.5fc90cd5d9fd603239db3b8594bda60f.jpg,0.9666980504989624
validation-train,validation,D:\Datasets\Alvaro\Floresta-3-20260714T215823Z-1-001\Floresta-3\test\images\IJ_08_25_44_0_0_png_jpg.rf.08633b52f1272a3b324e1dc4533a5c02.jpg,train,D:\Datasets\Alvaro\Floresta-3-20260714T215823Z-1-001\Floresta-3\train\images\IJ_08_25_41_0_0_png_jpg.rf.24bf9ebfbc6c61190c6df4f936973217.jpg,0.9742186069488525
validation-train,validation,D:\Datasets\Alvaro\Floresta-3-20260714T215823Z-1-001\Floresta-3\test\images\IJ_08_25_44_0_0_png_jpg.rf.285e04c06c82a139fd82d1241bf1292c.jpg,train,D:\Datasets\Alvaro\Floresta-3-20260714T215823Z-1-001\Floresta-3\train\images\IJ_08_25_44_0_0_png_jpg.rf.112e95e412796568562f0ba56ff895ca.jpg,0.9462270736694336
validation-train,validation,D:\Datasets\Alvaro\Floresta-3-20260714T215823Z-1-001\Floresta-3\test\images\IJ_08_25_44_0_0_png_jpg.rf.52aca8fca639f3392784f3d9453216be.jpg,train,D:\Datasets\Alvaro\Floresta-3-20260714T215823Z-1-001\Floresta-3\train\images\IJ_08_25_44_0_0_png_jpg.rf.4d225209dabf7a745b666f74918626f1.jpg,0.9737216830253601
validation-train,validation,D:\Datasets\Alvaro\Floresta-3-20260714T215823Z-1-001\Floresta-3\test\images\IJ_08_25_44_0_0_png_jpg.rf.bb34977b33a8d5dcf1933cdc58d0df99.jpg,train,D:\Datasets\Alvaro\Floresta-3-20260714T215823Z-1-001\Floresta-3\train\images\IJ_08_25_43_0_0_png_jpg.rf.66877ffee37a3daddcebd739ab79a012.jpg,0.9795253276824951
validation-train,validation,D:\Datasets\Alvaro\Floresta-3-20260714T215823Z-1-001\Floresta-3\test\images\IJ_08_25_44_0_0_png_jpg.rf.e86b112a1fdb9f9161e3ed2c3c6d0019.jpg,train,D:\Datasets\Alvaro\Floresta-3-20260714T215823Z-1-001\Floresta-3\train\images\IJ_08_25_56_0_0_png_jpg.rf.7a7d882fbe88a561341483ef10d5c0cd.jpg,0.9705020189285278
validation-train,validation,D:\Datasets\Alvaro\Floresta-3-20260714T215823Z-1-001\Floresta-3\test\images\IJ_08_25_44_2560_0_png_jpg.rf.1d3799b60475a38736bd3538610ee54b.jpg,train,D:\Datasets\Alvaro\Floresta-3-20260714T215823Z-1-001\Floresta-3\train\images\IJ_08_25_51_2560_0_png_jpg.rf.ab18ad491aa1a16e11c97c66d01fba89.jpg,0.971214771270752
validation-train,validation,D:\Datasets\Alvaro\Floresta-3-20260714T215823Z-1-001\Floresta-3\test\images\IJ_08_25_44_2560_0_png_jpg.rf.9c771e0ad59a45437d1c359531b1f16c.jpg,train,D:\Datasets\Alvaro\Floresta-3-20260714T215823Z-1-001\Floresta-3\train\images\IJ_08_25_44_2560_0_png_jpg.rf.a13d717eaa0e3b650475d1ab642a3f37.jpg,0.9633905291557312
validation-train,validation,D:\Datasets\Alvaro\Floresta-3-20260714T215823Z-1-001\Floresta-3\test\images\IJ_08_25_44_2560_0_png_jpg.rf.a401051ea7a4d1542a611baf5fa40ef5.jpg,train,D:\Datasets\Alvaro\Floresta-3-20260714T215823Z-1-001\Floresta-3\train\images\IJ_08_25_43_2560_0_png_jpg.rf.4265e97bcb89231910b16efc3b841510.jpg,0.9817322492599487
validation-train,validation,D:\Datasets\Alvaro\Floresta-3-20260714T215823Z-1-001\Floresta-3\test\images\IJ_08_25_44_2560_0_png_jpg.rf.e5e13879d9f00c9583aec9c48d561542.jpg,train,D:\Datasets\Alvaro\Floresta-3-20260714T215823Z-1-001\Floresta-3\train\images\IJ_08_25_50_2560_0_png_jpg.rf.6080e8c5fdbfbe04b1b31d7b23d44481.jpg,0.9280440807342529
validation-train,validation,D:\Datasets\Alvaro\Floresta-3-20260714T215823Z-1-001\Floresta-3\test\images\IJ_08_25_44_2560_880_png_jpg.rf.04a4321f0f0dbdf765d7b4b8015455a5.jpg,train,D:\Datasets\Alvaro\Floresta-3-20260714T215823Z-1-001\Floresta-3\train\images\IJ_08_25_44_2560_880_png_jpg.rf.5ebd06a4a7c1ff4c268097ea8d30c348.jpg,0.9249944686889648
validation-train,validation,D:\Datasets\Alvaro\Floresta-3-20260714T215823Z-1-001\Floresta-3\test\images\IJ_08_25_44_2560_880_png_jpg.rf.8f5bb7bf34865c7e32f209c43f0a11cc.jpg,train,D:\Datasets\Alvaro\Floresta-3-20260714T215823Z-1-001\Floresta-3\train\images\IJ_08_25_45_2560_880_png_jpg.rf.a701f385ab99b685a5b4594857a9c067.jpg,0.9684492945671082
validation-train,validation,D:\Datasets\Alvaro\Floresta-3-20260714T215823Z-1-001\Floresta-3\test\images\IJ_08_25_44_2560_880_png_jpg.rf.cf61da9f3d3c8bffaf5284d4f01d874e.jpg,train,D:\Datasets\Alvaro\Floresta-3-20260714T215823Z-1-001\Floresta-3\train\images\IJ_08_25_44_2560_880_png_jpg.rf.2c186be5d9a7318a9e534b35e25c49e4.jpg,0.9707136154174805
validation-train,validation,D:\Datasets\Alvaro\Floresta-3-20260714T215823Z-1-001\Floresta-3\test\images\IJ_08_25_44_2560_880_png_jpg.rf.dc690b569f31824336eaafee48e156f7.jpg,train,D:\Datasets\Alvaro\Floresta-3-20260714T215823Z-1-001\Floresta-3\train\images\IJ_08_25_41_2560_880_png_jpg.rf.48c15ca78913ce39b0885cd2b0f0dc69.jpg,0.9706611037254333
validation-train,validation,D:\Datasets\Alvaro\Floresta-3-20260714T215823Z-1-001\Floresta-3\test\images\IJ_08_25_45_0_0_png_jpg.rf.14bd9be5db0b5523fa20e9ebd52ea3bd.jpg,train,D:\Datasets\Alvaro\Floresta-3-20260714T215823Z-1-001\Floresta-3\train\images\IJ_08_25_45_0_0_png_jpg.rf.61f797468e3f7a19a22ec7cf8d81b97c.jpg,0.9559556245803833
validation-train,validation,D:\Datasets\Alvaro\Floresta-3-20260714T215823Z-1-001\Floresta-3\test\images\IJ_08_25_45_0_0_png_jpg.rf.7245af305b8e067bda1c30d59488eba8.jpg,train,D:\Datasets\Alvaro\Floresta-3-20260714T215823Z-1-001\Floresta-3\train\images\IJ_08_25_45_0_0_png_jpg.rf.559a895275d9b54f6029b1f4772c66cb.jpg,0.9747869968414307
validation-train,validation,D:\Datasets\Alvaro\Floresta-3-20260714T215823Z-1-001\Floresta-3\test\images\IJ_08_25_45_2560_0_png_jpg.rf.69ace1721ef84789c24e8420c3125035.jpg,train,D:\Datasets\Alvaro\Floresta-3-20260714T215823Z-1-001\Floresta-3\train\images\IJ_08_25_30_2560_0_png_jpg.rf.9bc3f1647f4c0314a390112be17c6c92.jpg,0.9621808528900146
validation-train,validation,D:\Datasets\Alvaro\Floresta-3-20260714T215823Z-1-001\Floresta-3\test\images\IJ_08_25_45_2560_0_png_jpg.rf.76dd3efb21a8a5095da7e85b1c65b8ca.jpg,train,D:\Datasets\Alvaro\Floresta-3-20260714T215823Z-1-001\Floresta-3\train\images\IJ_08_25_45_2560_0_png_jpg.rf.2e8074881da89b9e404a5530ba84e73b.jpg,0.9579816460609436
validation-train,validation,D:\Datasets\Alvaro\Floresta-3-20260714T215823Z-1-001\Floresta-3\test\images\IJ_08_25_45_2560_0_png_jpg.rf.a1ed01f2f3b2f4e4dbad46518318919d.jpg,train,D:\Datasets\Alvaro\Floresta-3-20260714T215823Z-1-001\Floresta-3\train\images\IJ_08_25_46_2560_0_png_jpg.rf.bf87053183fdd5cb8cb1d0a202d8655d.jpg,0.9565317630767822
validation-train,validation,D:\Datasets\Alvaro\Floresta-3-20260714T215823Z-1-001\Floresta-3\test\images\IJ_08_25_45_2560_0_png_jpg.rf.fe92e41f6246ba5becb208d405fb0f76.jpg,train,D:\Datasets\Alvaro\Floresta-3-20260714T215823Z-1-001\Floresta-3\train\images\IJ_08_25_47_2560_0_png_jpg.rf.690e38ccda3f233b8c1c96913e4245e5.jpg,0.9719236493110657
validation-train,validation,D:\Datasets\Alvaro\Floresta-3-20260714T215823Z-1-001\Floresta-3\test\images\IJ_08_25_45_2560_880_png_jpg.rf.00619cbd40c0b08b7c293e1a37dc7d8f.jpg,train,D:\Datasets\Alvaro\Floresta-3-20260714T215823Z-1-001\Floresta-3\train\images\IJ_08_25_45_2560_880_png_jpg.rf.a701f385ab99b685a5b4594857a9c067.jpg,0.9724888801574707
validation-train,validation,D:\Datasets\Alvaro\Floresta-3-20260714T215823Z-1-001\Floresta-3\test\images\IJ_08_25_45_2560_880_png_jpg.rf.1c111988eb93ad462f2cae6aed784c2e.jpg,train,D:\Datasets\Alvaro\Floresta-3-20260714T215823Z-1-001\Floresta-3\train\images\IJ_08_25_46_2560_880_png_jpg.rf.fef9adafaf7c01d6546ad164ebad900a.jpg,0.9532849788665771
validation-train,validation,D:\Datasets\Alvaro\Floresta-3-20260714T215823Z-1-001\Floresta-3\test\images\IJ_08_25_45_2560_880_png_jpg.rf.37a7778ab7d9adfde7ed9136793cf7d9.jpg,train,D:\Datasets\Alvaro\Floresta-3-20260714T215823Z-1-001\Floresta-3\train\images\IJ_08_25_51_2560_880_png_jpg.rf.0cca89a4e94f38a2eea216fbe1af9984.jpg,0.9672415256500244
validation-train,validation,D:\Datasets\Alvaro\Floresta-3-20260714T215823Z-1-001\Floresta-3\test\images\IJ_08_25_46_0_0_png_jpg.rf.1060a825f3ce3b611110e7e418d53634.jpg,train,D:\Datasets\Alvaro\Floresta-3-20260714T215823Z-1-001\Floresta-3\train\images\IJ_08_25_56_0_0_png_jpg.rf.7a7d882fbe88a561341483ef10d5c0cd.jpg,0.9737967848777771
validation-train,validation,D:\Datasets\Alvaro\Floresta-3-20260714T215823Z-1-001\Floresta-3\test\images\IJ_08_25_46_0_0_png_jpg.rf.bcc1d3ec51118cbd0669d975686866c5.jpg,train,D:\Datasets\Alvaro\Floresta-3-20260714T215823Z-1-001\Floresta-3\train\images\IJ_08_25_47_0_0_png_jpg.rf.217860da25a15741d722edaea5a4993e.jpg,0.9665074944496155
validation-train,validation,D:\Datasets\Alvaro\Floresta-3-20260714T215823Z-1-001\Floresta-3\test\images\IJ_08_25_46_0_0_png_jpg.rf.c71699ca89523b3f8676046f7db0a868.jpg,train,D:\Datasets\Alvaro\Floresta-3-20260714T215823Z-1-001\Floresta-3\train\images\IJ_08_25_41_0_0_png_jpg.rf.24bf9ebfbc6c61190c6df4f936973217.jpg,0.9788410663604736
validation-train,validation,D:\Datasets\Alvaro\Floresta-3-20260714T215823Z-1-001\Floresta-3\test\images\IJ_08_25_46_0_0_png_jpg.rf.cc6491b20a40fcf5af6eab839180c811.jpg,train,D:\Datasets\Alvaro\Floresta-3-20260714T215823Z-1-001\Floresta-3\train\images\IJ_08_25_46_0_0_png_jpg.rf.d6728d361da53bb3bcad375be0991548.jpg,0.9667969942092896
validation-train,validation,D:\Datasets\Alvaro\Floresta-3-20260714T215823Z-1-001\Floresta-3\test\images\IJ_08_25_46_2560_0_png_jpg.rf.0d319516c4782de85313dc933af57a5c.jpg,train,D:\Datasets\Alvaro\Floresta-3-20260714T215823Z-1-001\Floresta-3\train\images\IJ_08_25_46_2560_0_png_jpg.rf.f9f937d5de60c639671d07dedc40b060.jpg,0.9685981869697571
validation-train,validation,D:\Datasets\Alvaro\Floresta-3-20260714T215823Z-1-001\Floresta-3\test\images\IJ_08_25_46_2560_0_png_jpg.rf.7dde367ee92fdba5f55e7c6cc2f04dce.jpg,train,D:\Datasets\Alvaro\Floresta-3-20260714T215823Z-1-001\Floresta-3\train\images\IJ_08_25_21_2560_0_png_jpg.rf.67479f2fc03a2f4933a711baefbcfa19.jpg,0.9688974618911743
validation-train,validation,D:\Datasets\Alvaro\Floresta-3-20260714T215823Z-1-001\Floresta-3\test\images\IJ_08_25_46_2560_0_png_jpg.rf.a5ed4f328c29a6cf5428c2f14371ac65.jpg,train,D:\Datasets\Alvaro\Floresta-3-20260714T215823Z-1-001\Floresta-3\train\images\IJ_08_25_46_2560_0_png_jpg.rf.559a4d65fb49fbbebde9928d90f7080f.jpg,0.9594630002975464
validation-train,validation,D:\Datasets\Alvaro\Floresta-3-20260714T215823Z-1-001\Floresta-3\test\images\IJ_08_25_46_2560_880_png_jpg.rf.065dff8e1013da27bdb1cb9cbab1689d.jpg,train,D:\Datasets\Alvaro\Floresta-3-20260714T215823Z-1-001\Floresta-3\train\images\IJ_08_25_46_2560_880_png_jpg.rf.0a5f41959baed24fae6f9abf1b2ed0ae.jpg,0.9699209928512573
validation-train,validation,D:\Datasets\Alvaro\Floresta-3-20260714T215823Z-1-001\Floresta-3\test\images\IJ_08_25_46_2560_880_png_jpg.rf.75c62dbb222b9d5b372f6181295f817f.jpg,train,D:\Datasets\Alvaro\Floresta-3-20260714T215823Z-1-001\Floresta-3\train\images\IJ_08_25_46_2560_880_png_jpg.rf.fef9adafaf7c01d6546ad164ebad900a.jpg,0.965508222579956
validation-train,validation,D:\Datasets\Alvaro\Floresta-3-20260714T215823Z-1-001\Floresta-3\test\images\IJ_08_25_46_2560_880_png_jpg.rf.ce2803a970a104e657d96b87eabafac2.jpg,train,D:\Datasets\Alvaro\Floresta-3-20260714T215823Z-1-001\Floresta-3\train\images\IJ_08_25_45_2560_880_png_jpg.rf.d7e1800a508f15d0b848c6154899fdf2.jpg,0.9615320563316345
validation-train,validation,D:\Datasets\Alvaro\Floresta-3-20260714T215823Z-1-001\Floresta-3\test\images\IJ_08_25_47_0_0_png_jpg.rf.0a9cb111978bd848887ea620e802e348.jpg,train,D:\Datasets\Alvaro\Floresta-3-20260714T215823Z-1-001\Floresta-3\train\images\IJ_08_25_44_0_0_png_jpg.rf.400d3f5067bd6c165e22258f8ceda86f.jpg,0.9772592782974243
validation-train,validation,D:\Datasets\Alvaro\Floresta-3-20260714T215823Z-1-001\Floresta-3\test\images\IJ_08_25_47_0_0_png_jpg.rf.55efee040682bedffddbc7f31ec6bfb2.jpg,train,D:\Datasets\Alvaro\Floresta-3-20260714T215823Z-1-001\Floresta-3\train\images\IJ_08_25_48_0_0_png_jpg.rf.65bc7ac53d3ff05be2a6201f864a6be0.jpg,0.9824323654174805
validation-train,validation,D:\Datasets\Alvaro\Floresta-3-20260714T215823Z-1-001\Floresta-3\test\images\IJ_08_25_47_0_0_png_jpg.rf.62704b0c8dbbe520ed15d51b269bf267.jpg,train,D:\Datasets\Alvaro\Floresta-3-20260714T215823Z-1-001\Floresta-3\train\images\IJ_08_25_47_0_0_png_jpg.rf.9f205861888a0b11a220e5d9052d43ab.jpg,0.9804863929748535
validation-train,validation,D:\Datasets\Alvaro\Floresta-3-20260714T215823Z-1-001\Floresta-3\test\images\IJ_08_25_47_0_0_png_jpg.rf.661be9b873f3ade4c8e368954e953689.jpg,train,D:\Datasets\Alvaro\Floresta-3-20260714T215823Z-1-001\Floresta-3\train\images\IJ_08_25_47_0_0_png_jpg.rf.b280395e42b97a3322f0ae13ba099cf1.jpg,0.9632643461227417
validation-train,validation,D:\Datasets\Alvaro\Floresta-3-20260714T215823Z-1-001\Floresta-3\test\images\IJ_08_25_47_2560_0_png_jpg.rf.2750fc1bdee4d08b45f6f3f48a15d22f.jpg,train,D:\Datasets\Alvaro\Floresta-3-20260714T215823Z-1-001\Floresta-3\train\images\IJ_08_25_45_2560_0_png_jpg.rf.b9e0c43b7a97cea3ab48976002f0cc1f.jpg,0.9781249761581421
validation-train,validation,D:\Datasets\Alvaro\Floresta-3-20260714T215823Z-1-001\Floresta-3\test\images\IJ_08_25_47_2560_0_png_jpg.rf.30b65ab81ea2ee3b71f44e2b8236b373.jpg,train,D:\Datasets\Alvaro\Floresta-3-20260714T215823Z-1-001\Floresta-3\train\images\IJ_08_25_47_2560_0_png_jpg.rf.e8a2fd37f56c45ce62cb2165818a0f29.jpg,0.9519227147102356
validation-train,validation,D:\Datasets\Alvaro\Floresta-3-20260714T215823Z-1-001\Floresta-3\test\images\IJ_08_25_47_2560_0_png_jpg.rf.38437645b8653cda744a5fe2a16421d8.jpg,train,D:\Datasets\Alvaro\Floresta-3-20260714T215823Z-1-001\Floresta-3\train\images\IJ_08_25_38_2560_0_png_jpg.rf.a9d6bf94be220a1ada74f9d092b42f61.jpg,0.9744542837142944
validation-train,validation,D:\Datasets\Alvaro\Floresta-3-20260714T215823Z-1-001\Floresta-3\test\images\IJ_08_25_47_2560_880_png_jpg.rf.6388fe1ef05208134939309acf76d41f.jpg,train,D:\Datasets\Alvaro\Floresta-3-20260714T215823Z-1-001\Floresta-3\train\images\IJ_08_25_44_2560_880_png_jpg.rf.5ebd06a4a7c1ff4c268097ea8d30c348.jpg,0.9442033767700195
validation-train,validation,D:\Datasets\Alvaro\Floresta-3-20260714T215823Z-1-001\Floresta-3\test\images\IJ_08_25_47_2560_880_png_jpg.rf.e2bf7a80d99b38dbf935916f21f41b93.jpg,train,D:\Datasets\Alvaro\Floresta-3-20260714T215823Z-1-001\Floresta-3\train\images\IJ_08_25_47_2560_880_png_jpg.rf.442c5019781d1c682ca6e9ff8ad8ece2.jpg,0.954243540763855
validation-train,validation,D:\Datasets\Alvaro\Floresta-3-20260714T215823Z-1-001\Floresta-3\test\images\IJ_08_25_47_2560_880_png_jpg.rf.f9607cd302163ea3c6db849090025c84.jpg,train,D:\Datasets\Alvaro\Floresta-3-20260714T215823Z-1-001\Floresta-3\train\images\IJ_08_25_47_2560_880_png_jpg.rf.7a275b4ae3c744a0a4f92d78c5a82578.jpg,0.9576019048690796
validation-train,validation,D:\Datasets\Alvaro\Floresta-3-20260714T215823Z-1-001\Floresta-3\test\images\IJ_08_25_48_0_0_png_jpg.rf.c2c8ecb6bd573f831c928f6448293492.jpg,train,D:\Datasets\Alvaro\Floresta-3-20260714T215823Z-1-001\Floresta-3\train\images\IJ_08_25_48_0_0_png_jpg.rf.7f8ce7aed2c57f71ecbc451673e4a57a.jpg,0.970646858215332
validation-train,validation,D:\Datasets\Alvaro\Floresta-3-20260714T215823Z-1-001\Floresta-3\test\images\IJ_08_25_48_0_0_png_jpg.rf.fe3023c35e85994ddcfe6bc3a5807882.jpg,train,D:\Datasets\Alvaro\Floresta-3-20260714T215823Z-1-001\Floresta-3\train\images\IJ_08_25_47_0_0_png_jpg.rf.3a04309b1f1686a9d0a6a803991116b0.jpg,0.9711993336677551
validation-train,validation,D:\Datasets\Alvaro\Floresta-3-20260714T215823Z-1-001\Floresta-3\test\images\IJ_08_25_48_2560_0_png_jpg.rf.2b6af59137e4c3c19c9ef609535d261a.jpg,train,D:\Datasets\Alvaro\Floresta-3-20260714T215823Z-1-001\Floresta-3\train\images\IJ_08_25_48_2560_0_png_jpg.rf.a191f3b96f85de118c4a43fb83307ead.jpg,0.9627127051353455
validation-train,validation,D:\Datasets\Alvaro\Floresta-3-20260714T215823Z-1-001\Floresta-3\test\images\IJ_08_25_48_2560_0_png_jpg.rf.2bf30d817c814aea104c6ad9cb3dca40.jpg,train,D:\Datasets\Alvaro\Floresta-3-20260714T215823Z-1-001\Floresta-3\train\images\IJ_08_25_47_2560_0_png_jpg.rf.690e38ccda3f233b8c1c96913e4245e5.jpg,0.9760113954544067
validation-train,validation,D:\Datasets\Alvaro\Floresta-3-20260714T215823Z-1-001\Floresta-3\test\images\IJ_08_25_48_2560_0_png_jpg.rf.785bc95722281281d7e796edd93ba0d9.jpg,train,D:\Datasets\Alvaro\Floresta-3-20260714T215823Z-1-001\Floresta-3\train\images\IJ_08_25_51_2560_0_png_jpg.rf.35320727e9a729edca063ec0f1bc7dc2.jpg,0.9750944375991821
validation-train,validation,D:\Datasets\Alvaro\Floresta-3-20260714T215823Z-1-001\Floresta-3\test\images\IJ_08_25_48_2560_0_png_jpg.rf.d762b9c69a3840ea1588602c32a5a5a1.jpg,train,D:\Datasets\Alvaro\Floresta-3-20260714T215823Z-1-001\Floresta-3\train\images\IJ_08_25_45_2560_0_png_jpg.rf.4b049a152e3a9328401b406cef1455b2.jpg,0.9727641344070435
validation-train,validation,D:\Datasets\Alvaro\Floresta-3-20260714T215823Z-1-001\Floresta-3\test\images\IJ_08_25_48_2560_880_png_jpg.rf.3a392948881746a5f77cbad910e93710.jpg,train,D:\Datasets\Alvaro\Floresta-3-20260714T215823Z-1-001\Floresta-3\train\images\IJ_08_25_48_2560_880_png_jpg.rf.79443279d10074026aaf147fcd2b4aba.jpg,0.955065131187439
validation-train,validation,D:\Datasets\Alvaro\Floresta-3-20260714T215823Z-1-001\Floresta-3\test\images\IJ_08_25_48_2560_880_png_jpg.rf.54cc2739203ae94123a36af8c3cc5ee3.jpg,train,D:\Datasets\Alvaro\Floresta-3-20260714T215823Z-1-001\Floresta-3\train\images\IJ_08_25_57_2560_880_png_jpg.rf.3875e507bd95189db8ad2b03b9073432.jpg,0.959554135799408
validation-train,validation,D:\Datasets\Alvaro\Floresta-3-20260714T215823Z-1-001\Floresta-3\test\images\IJ_08_25_48_2560_880_png_jpg.rf.65b9da32e2dc13f908174ae04cf7a6ac.jpg,train,D:\Datasets\Alvaro\Floresta-3-20260714T215823Z-1-001\Floresta-3\train\images\IJ_08_25_48_2560_880_png_jpg.rf.9781720a9bc81854de3172cdd5d9a36e.jpg,0.965736448764801
validation-train,validation,D:\Datasets\Alvaro\Floresta-3-20260714T215823Z-1-001\Floresta-3\test\images\IJ_08_25_48_2560_880_png_jpg.rf.9d7c456b47c4e7876bf971e0dfffc67b.jpg,train,D:\Datasets\Alvaro\Floresta-3-20260714T215823Z-1-001\Floresta-3\train\images\IJ_08_25_47_2560_880_png_jpg.rf.bc728e330a9698fc799f394f145e2d61.jpg,0.9661661386489868
validation-train,validation,D:\Datasets\Alvaro\Floresta-3-20260714T215823Z-1-001\Floresta-3\test\images\IJ_08_25_48_2560_880_png_jpg.rf.a96ffd39c1eefefc993886ce7bda84d8.jpg,train,D:\Datasets\Alvaro\Floresta-3-20260714T215823Z-1-001\Floresta-3\train\images\IJ_08_25_48_2560_880_png_jpg.rf.80d05ed046960e3a08ad92938bd282c4.jpg,0.9685795903205872
validation-train,validation,D:\Datasets\Alvaro\Floresta-3-20260714T215823Z-1-001\Floresta-3\test\images\IJ_08_25_48_2560_880_png_jpg.rf.d6595537c03db78d93f759fac512929e.jpg,train,D:\Datasets\Alvaro\Floresta-3-20260714T215823Z-1-001\Floresta-3\train\images\IJ_08_25_48_2560_880_png_jpg.rf.79443279d10074026aaf147fcd2b4aba.jpg,0.9483761787414551
validation-train,validation,D:\Datasets\Alvaro\Floresta-3-20260714T215823Z-1-001\Floresta-3\test\images\IJ_08_25_48_2560_880_png_jpg.rf.de641917e3d8089187fa2a2953f1cfc4.jpg,train,D:\Datasets\Alvaro\Floresta-3-20260714T215823Z-1-001\Floresta-3\train\images\IJ_08_25_48_2560_880_png_jpg.rf.79443279d10074026aaf147fcd2b4aba.jpg,0.9621981382369995
validation-train,validation,D:\Datasets\Alvaro\Floresta-3-20260714T215823Z-1-001\Floresta-3\test\images\IJ_08_25_49_0_0_png_jpg.rf.34f4cdb0eedfad9f00d9f88835b151d9.jpg,train,D:\Datasets\Alvaro\Floresta-3-20260714T215823Z-1-001\Floresta-3\train\images\IJ_08_25_49_0_0_png_jpg.rf.497fe44980dc025c44b3af187571b84d.jpg,0.914095401763916
validation-train,validation,D:\Datasets\Alvaro\Floresta-3-20260714T215823Z-1-001\Floresta-3\test\images\IJ_08_25_49_0_0_png_jpg.rf.56bca3c7df1264126d288f35246fe068.jpg,train,D:\Datasets\Alvaro\Floresta-3-20260714T215823Z-1-001\Floresta-3\train\images\IJ_08_25_45_0_0_png_jpg.rf.870fd40a813226e66954d9694228e871.jpg,0.9783281087875366
validation-train,validation,D:\Datasets\Alvaro\Floresta-3-20260714T215823Z-1-001\Floresta-3\test\images\IJ_08_25_49_0_0_png_jpg.rf.720cb97048af6c65c5279ca9dc98e7ce.jpg,train,D:\Datasets\Alvaro\Floresta-3-20260714T215823Z-1-001\Floresta-3\train\images\IJ_08_25_50_0_0_png_jpg.rf.c6d9442f05e7d08d88974c5043d06794.jpg,0.9863860607147217
validation-train,validation,D:\Datasets\Alvaro\Floresta-3-20260714T215823Z-1-001\Floresta-3\test\images\IJ_08_25_49_0_0_png_jpg.rf.7830a061fd7627f40f0d2fbe385701f8.jpg,train,D:\Datasets\Alvaro\Floresta-3-20260714T215823Z-1-001\Floresta-3\train\images\IJ_08_25_48_0_0_png_jpg.rf.495bbd9364805c1cf87f0a608098dd84.jpg,0.9222012758255005
validation-train,validation,D:\Datasets\Alvaro\Floresta-3-20260714T215823Z-1-001\Floresta-3\test\images\IJ_08_25_49_0_0_png_jpg.rf.fac30899ec35c740777849f924057691.jpg,train,D:\Datasets\Alvaro\Floresta-3-20260714T215823Z-1-001\Floresta-3\train\images\IJ_08_25_49_0_0_png_jpg.rf.c385636800d862b9090a3baf81e6d39d.jpg,0.9671840667724609
validation-train,validation,D:\Datasets\Alvaro\Floresta-3-20260714T215823Z-1-001\Floresta-3\test\images\IJ_08_25_49_2560_0_png_jpg.rf.1743c25170237b31298cbfd3fc550bf0.jpg,train,D:\Datasets\Alvaro\Floresta-3-20260714T215823Z-1-001\Floresta-3\train\images\IJ_08_25_49_2560_0_png_jpg.rf.3a0eab896b77378cfff06da410f5b44c.jpg,0.9764715433120728
validation-train,validation,D:\Datasets\Alvaro\Floresta-3-20260714T215823Z-1-001\Floresta-3\test\images\IJ_08_25_49_2560_0_png_jpg.rf.285f5bf032b05da0dab5dd34f50230a0.jpg,train,D:\Datasets\Alvaro\Floresta-3-20260714T215823Z-1-001\Floresta-3\train\images\IJ_08_25_49_2560_0_png_jpg.rf.91ed99d118d1f5a6732ba69188f00b1c.jpg,0.9136911630630493
validation-train,validation,D:\Datasets\Alvaro\Floresta-3-20260714T215823Z-1-001\Floresta-3\test\images\IJ_08_25_49_2560_0_png_jpg.rf.3545c4a124e740c5879e339d22aaa640.jpg,train,D:\Datasets\Alvaro\Floresta-3-20260714T215823Z-1-001\Floresta-3\train\images\IJ_08_25_50_2560_0_png_jpg.rf.6080e8c5fdbfbe04b1b31d7b23d44481.jpg,0.9860726594924927
validation-train,validation,D:\Datasets\Alvaro\Floresta-3-20260714T215823Z-1-001\Floresta-3\test\images\IJ_08_25_49_2560_0_png_jpg.rf.67a089c8ab96a0a0260b1c9f131fa370.jpg,train,D:\Datasets\Alvaro\Floresta-3-20260714T215823Z-1-001\Floresta-3\train\images\IJ_08_25_49_2560_0_png_jpg.rf.91ed99d118d1f5a6732ba69188f00b1c.jpg,0.9605224132537842
validation-train,validation,D:\Datasets\Alvaro\Floresta-3-20260714T215823Z-1-001\Floresta-3\test\images\IJ_08_25_49_2560_0_png_jpg.rf.803641a32877666cf642543e64c9793a.jpg,train,D:\Datasets\Alvaro\Floresta-3-20260714T215823Z-1-001\Floresta-3\train\images\IJ_08_25_46_2560_0_png_jpg.rf.59a6182227645be928c9510254b5a686.jpg,0.9663851261138916
validation-train,validation,D:\Datasets\Alvaro\Floresta-3-20260714T215823Z-1-001\Floresta-3\test\images\IJ_08_25_49_2560_0_png_jpg.rf.ba2f5e6254581760c5959ce66329e2e0.jpg,train,D:\Datasets\Alvaro\Floresta-3-20260714T215823Z-1-001\Floresta-3\train\images\IJ_08_25_29_2560_0_png_jpg.rf.30af9ad37e3cfc24173b83a8980d0bd4.jpg,0.9680638313293457
validation-train,validation,D:\Datasets\Alvaro\Floresta-3-20260714T215823Z-1-001\Floresta-3\test\images\IJ_08_25_49_2560_880_png_jpg.rf.223f01d8aecf4d48985b4813ff135265.jpg,train,D:\Datasets\Alvaro\Floresta-3-20260714T215823Z-1-001\Floresta-3\train\images\IJ_08_25_49_2560_880_png_jpg.rf.b24185cc9faa50b12fb096ab5ac7b71d.jpg,0.9302746057510376
validation-train,validation,D:\Datasets\Alvaro\Floresta-3-20260714T215823Z-1-001\Floresta-3\test\images\IJ_08_25_49_2560_880_png_jpg.rf.6829bb70bdd4878dace262204270ed4a.jpg,train,D:\Datasets\Alvaro\Floresta-3-20260714T215823Z-1-001\Floresta-3\train\images\IJ_08_25_49_2560_880_png_jpg.rf.b73a826aac7bbd982c6d3b3d8882370c.jpg,0.9576159715652466
validation-train,validation,D:\Datasets\Alvaro\Floresta-3-20260714T215823Z-1-001\Floresta-3\test\images\IJ_08_25_49_2560_880_png_jpg.rf.7ea845a8c56d897c36ea8c454a844d8e.jpg,train,D:\Datasets\Alvaro\Floresta-3-20260714T215823Z-1-001\Floresta-3\train\images\IJ_08_25_49_2560_880_png_jpg.rf.b24185cc9faa50b12fb096ab5ac7b71d.jpg,0.9568510055541992
validation-train,validation,D:\Datasets\Alvaro\Floresta-3-20260714T215823Z-1-001\Floresta-3\test\images\IJ_08_25_49_2560_880_png_jpg.rf.a5e5cbb2dd39ffb48ce9c2b7dee06ede.jpg,train,D:\Datasets\Alvaro\Floresta-3-20260714T215823Z-1-001\Floresta-3\train\images\IJ_08_25_49_2560_880_png_jpg.rf.e791d06011dca83835d8d402ccba05b8.jpg,0.9582022428512573
validation-train,validation,D:\Datasets\Alvaro\Floresta-3-20260714T215823Z-1-001\Floresta-3\test\images\IJ_08_25_50_0_0_png_jpg.rf.5600d53e72ef43bb198c3bc29bdd11e2.jpg,train,D:\Datasets\Alvaro\Floresta-3-20260714T215823Z-1-001\Floresta-3\train\images\IJ_08_25_58_0_0_png_jpg.rf.318aee3956a926ae1b0d6c8f8d35aba0.jpg,0.9641254544258118
validation-train,validation,D:\Datasets\Alvaro\Floresta-3-20260714T215823Z-1-001\Floresta-3\test\images\IJ_08_25_50_0_0_png_jpg.rf.80270458d064c2e3a871d9913962b4cd.jpg,train,D:\Datasets\Alvaro\Floresta-3-20260714T215823Z-1-001\Floresta-3\train\images\IJ_08_25_54_0_0_png_jpg.rf.871500e88302f69a6b39432473ef0963.jpg,0.9721441268920898
validation-train,validation,D:\Datasets\Alvaro\Floresta-3-20260714T215823Z-1-001\Floresta-3\test\images\IJ_08_25_50_0_0_png_jpg.rf.9bcb63ddbbca1e68c265c99cc54c9a19.jpg,train,D:\Datasets\Alvaro\Floresta-3-20260714T215823Z-1-001\Floresta-3\train\images\IJ_08_25_50_0_0_png_jpg.rf.a60280936a6dc723ec4adf4a8800b068.jpg,0.951946496963501
validation-train,validation,D:\Datasets\Alvaro\Floresta-3-20260714T215823Z-1-001\Floresta-3\test\images\IJ_08_25_50_0_0_png_jpg.rf.f0635b7f863794c61159b7e9b3b8e23f.jpg,train,D:\Datasets\Alvaro\Floresta-3-20260714T215823Z-1-001\Floresta-3\train\images\IJ_08_25_50_0_0_png_jpg.rf.a86b405d498f1d9db6d39e975bcc5572.jpg,0.9668750762939453
validation-train,validation,D:\Datasets\Alvaro\Floresta-3-20260714T215823Z-1-001\Floresta-3\test\images\IJ_08_25_50_2560_0_png_jpg.rf.19c7b3288ac4ef286cb80e291f41e84d.jpg,train,D:\Datasets\Alvaro\Floresta-3-20260714T215823Z-1-001\Floresta-3\train\images\IJ_08_25_47_2560_0_png_jpg.rf.84278f7380fff3870366adecb3a4c3ec.jpg,0.9672869443893433
validation-train,validation,D:\Datasets\Alvaro\Floresta-3-20260714T215823Z-1-001\Floresta-3\test\images\IJ_08_25_50_2560_0_png_jpg.rf.2de0684aea9258011b6dcdd9892488b2.jpg,train,D:\Datasets\Alvaro\Floresta-3-20260714T215823Z-1-001\Floresta-3\train\images\IJ_08_25_51_2560_0_png_jpg.rf.a2aa2c132bbc7faffa2e882aeb49cab0.jpg,0.9735747575759888
validation-train,validation,D:\Datasets\Alvaro\Floresta-3-20260714T215823Z-1-001\Floresta-3\test\images\IJ_08_25_50_2560_0_png_jpg.rf.49faa2a6d970244bff8233c478513a4f.jpg,train,D:\Datasets\Alvaro\Floresta-3-20260714T215823Z-1-001\Floresta-3\train\images\IJ_08_25_47_2560_0_png_jpg.rf.84278f7380fff3870366adecb3a4c3ec.jpg,0.9719752073287964
validation-train,validation,D:\Datasets\Alvaro\Floresta-3-20260714T215823Z-1-001\Floresta-3\test\images\IJ_08_25_50_2560_0_png_jpg.rf.51c2b8b59b86758840f585468bc4a730.jpg,train,D:\Datasets\Alvaro\Floresta-3-20260714T215823Z-1-001\Floresta-3\train\images\IJ_08_25_29_2560_0_png_jpg.rf.86dcc439394ace84dd909fff6577b462.jpg,0.9605991840362549
validation-train,validation,D:\Datasets\Alvaro\Floresta-3-20260714T215823Z-1-001\Floresta-3\test\images\IJ_08_25_50_2560_0_png_jpg.rf.628f0d74b9855fe9dd24d5048dc77fc9.jpg,train,D:\Datasets\Alvaro\Floresta-3-20260714T215823Z-1-001\Floresta-3\train\images\IJ_08_25_51_2560_0_png_jpg.rf.272488ae53ee6b1faaa1b93c61735c3d.jpg,0.9586458206176758
validation-train,validation,D:\Datasets\Alvaro\Floresta-3-20260714T215823Z-1-001\Floresta-3\test\images\IJ_08_25_50_2560_0_png_jpg.rf.90ca49687da9cf8c0a685569e0c9921c.jpg,train,D:\Datasets\Alvaro\Floresta-3-20260714T215823Z-1-001\Floresta-3\train\images\IJ_08_25_52_2560_0_png_jpg.rf.15d66a905a7dfd517d5eb51e543603bd.jpg,0.9601494073867798
validation-train,validation,D:\Datasets\Alvaro\Floresta-3-20260714T215823Z-1-001\Floresta-3\test\images\IJ_08_25_50_2560_880_png_jpg.rf.0b970e7710fca4346d5dd9243eade2ec.jpg,train,D:\Datasets\Alvaro\Floresta-3-20260714T215823Z-1-001\Floresta-3\train\images\IJ_08_25_50_2560_880_png_jpg.rf.baed9b37510739111ab8120ee8006e75.jpg,0.9585762023925781
validation-train,validation,D:\Datasets\Alvaro\Floresta-3-20260714T215823Z-1-001\Floresta-3\test\images\IJ_08_25_50_2560_880_png_jpg.rf.90b5f507fd68e6715832df7c8355f900.jpg,train,D:\Datasets\Alvaro\Floresta-3-20260714T215823Z-1-001\Floresta-3\train\images\IJ_08_25_50_2560_880_png_jpg.rf.0751d37d4eeafef4f940ad31ce635dbd.jpg,0.9585006237030029
validation-train,validation,D:\Datasets\Alvaro\Floresta-3-20260714T215823Z-1-001\Floresta-3\test\images\IJ_08_25_51_0_0_png_jpg.rf.5a960c05b608b75d1ff833f9fd0320f9.jpg,train,D:\Datasets\Alvaro\Floresta-3-20260714T215823Z-1-001\Floresta-3\train\images\IJ_08_25_50_0_0_png_jpg.rf.3f7e574a500c106951efc52b5a2ce7a8.jpg,0.9729044437408447
validation-train,validation,D:\Datasets\Alvaro\Floresta-3-20260714T215823Z-1-001\Floresta-3\test\images\IJ_08_25_51_0_0_png_jpg.rf.7487d2f1b1e06804afc013db45a09e0a.jpg,train,D:\Datasets\Alvaro\Floresta-3-20260714T215823Z-1-001\Floresta-3\train\images\IJ_08_25_51_0_0_png_jpg.rf.f8bf518cb551d6fd1c46425b53449640.jpg,0.9641692638397217
validation-train,validation,D:\Datasets\Alvaro\Floresta-3-20260714T215823Z-1-001\Floresta-3\test\images\IJ_08_25_51_0_0_png_jpg.rf.823448915474e0d64911bd2bc2fab1d5.jpg,train,D:\Datasets\Alvaro\Floresta-3-20260714T215823Z-1-001\Floresta-3\train\images\IJ_08_25_52_0_0_png_jpg.rf.81f1bee7855ec26b106c05d110689d77.jpg,0.9852100610733032
validation-train,validation,D:\Datasets\Alvaro\Floresta-3-20260714T215823Z-1-001\Floresta-3\test\images\IJ_08_25_51_0_0_png_jpg.rf.ee782599d814168da54e741afc595234.jpg,train,D:\Datasets\Alvaro\Floresta-3-20260714T215823Z-1-001\Floresta-3\train\images\IJ_08_25_57_0_0_png_jpg.rf.429cb6c0e92570beb73e1fdc2bacb543.jpg,0.9510997533798218
validation-train,validation,D:\Datasets\Alvaro\Floresta-3-20260714T215823Z-1-001\Floresta-3\test\images\IJ_08_25_51_2560_0_png_jpg.rf.851df3a151e106635119c73665286006.jpg,train,D:\Datasets\Alvaro\Floresta-3-20260714T215823Z-1-001\Floresta-3\train\images\IJ_08_25_40_2560_0_png_jpg.rf.e1cd7b10bd830bd934a2ab67acb2989a.jpg,0.937251091003418
validation-train,validation,D:\Datasets\Alvaro\Floresta-3-20260714T215823Z-1-001\Floresta-3\test\images\IJ_08_25_51_2560_0_png_jpg.rf.90cf65735efb70f9c5e45df9994eea16.jpg,train,D:\Datasets\Alvaro\Floresta-3-20260714T215823Z-1-001\Floresta-3\train\images\IJ_08_25_40_2560_0_png_jpg.rf.ab40d9ae20737e9da203aec9778219be.jpg,0.9480681419372559
validation-train,validation,D:\Datasets\Alvaro\Floresta-3-20260714T215823Z-1-001\Floresta-3\test\images\IJ_08_25_51_2560_0_png_jpg.rf.f0e54ff2368268b191801b086531b7b9.jpg,train,D:\Datasets\Alvaro\Floresta-3-20260714T215823Z-1-001\Floresta-3\train\images\IJ_08_25_59_2560_0_png_jpg.rf.3b56eafed91397fd4738fbaab7d242fb.jpg,0.9474973678588867
validation-train,validation,D:\Datasets\Alvaro\Floresta-3-20260714T215823Z-1-001\Floresta-3\test\images\IJ_08_25_51_2560_880_png_jpg.rf.1b8dd2072da928a165df44e17c63e353.jpg,train,D:\Datasets\Alvaro\Floresta-3-20260714T215823Z-1-001\Floresta-3\train\images\IJ_08_25_51_2560_880_png_jpg.rf.533ac7d078646080d47c7146908c477b.jpg,0.9458048343658447
validation-train,validation,D:\Datasets\Alvaro\Floresta-3-20260714T215823Z-1-001\Floresta-3\test\images\IJ_08_25_51_2560_880_png_jpg.rf.ac47edbf8c67aeac25de0f81b0cb166b.jpg,train,D:\Datasets\Alvaro\Floresta-3-20260714T215823Z-1-001\Floresta-3\train\images\IJ_08_25_51_2560_880_png_jpg.rf.b057d9b622f61987a87673fa2b9f2f0f.jpg,0.9309042692184448
validation-train,validation,D:\Datasets\Alvaro\Floresta-3-20260714T215823Z-1-001\Floresta-3\test\images\IJ_08_25_52_0_0_png_jpg.rf.7b465b67a05bae4c24623a85078900c7.jpg,train,D:\Datasets\Alvaro\Floresta-3-20260714T215823Z-1-001\Floresta-3\train\images\IJ_08_25_52_0_0_png_jpg.rf.4ae6ee0943f69cfcc645e5036988279b.jpg,0.9452091455459595
validation-train,validation,D:\Datasets\Alvaro\Floresta-3-20260714T215823Z-1-001\Floresta-3\test\images\IJ_08_25_52_2560_0_png_jpg.rf.0539df9f18e648389cdb0d39ab55c613.jpg,train,D:\Datasets\Alvaro\Floresta-3-20260714T215823Z-1-001\Floresta-3\train\images\IJ_08_25_52_2560_0_png_jpg.rf.415cc60e35aaf8d11dfa3e6151581874.jpg,0.9590790271759033
validation-train,validation,D:\Datasets\Alvaro\Floresta-3-20260714T215823Z-1-001\Floresta-3\test\images\IJ_08_25_52_2560_0_png_jpg.rf.39527e719ca81be818f050275c0d6e82.jpg,train,D:\Datasets\Alvaro\Floresta-3-20260714T215823Z-1-001\Floresta-3\train\images\IJ_08_25_52_2560_0_png_jpg.rf.7600065ce5c8344b14614eecf5dc3eab.jpg,0.9733967781066895
validation-train,validation,D:\Datasets\Alvaro\Floresta-3-20260714T215823Z-1-001\Floresta-3\test\images\IJ_08_25_52_2560_0_png_jpg.rf.8a89e28c6e8cc0e7214c339043ea76e8.jpg,train,D:\Datasets\Alvaro\Floresta-3-20260714T215823Z-1-001\Floresta-3\train\images\IJ_08_25_51_2560_0_png_jpg.rf.ab18ad491aa1a16e11c97c66d01fba89.jpg,0.9697499871253967
validation-train,validation,D:\Datasets\Alvaro\Floresta-3-20260714T215823Z-1-001\Floresta-3\test\images\IJ_08_25_52_2560_0_png_jpg.rf.aecdfa2965a2c733b82d8cacbd53ccda.jpg,train,D:\Datasets\Alvaro\Floresta-3-20260714T215823Z-1-001\Floresta-3\train\images\IJ_08_25_53_2560_0_png_jpg.rf.6e71d9b13084f35f033c620e16491e51.jpg,0.9695364236831665
validation-train,validation,D:\Datasets\Alvaro\Floresta-3-20260714T215823Z-1-001\Floresta-3\test\images\IJ_08_25_52_2560_0_png_jpg.rf.ccc2a487e5529780094e127ab47085f6.jpg,train,D:\Datasets\Alvaro\Floresta-3-20260714T215823Z-1-001\Floresta-3\train\images\IJ_08_25_52_2560_0_png_jpg.rf.b44746b96b666ae95a9b8edd84189e7a.jpg,0.9582871198654175
validation-train,validation,D:\Datasets\Alvaro\Floresta-3-20260714T215823Z-1-001\Floresta-3\test\images\IJ_08_25_52_2560_880_png_jpg.rf.685396c832b6d3ccdb97030586d8493a.jpg,train,D:\Datasets\Alvaro\Floresta-3-20260714T215823Z-1-001\Floresta-3\train\images\IJ_08_25_51_2560_880_png_jpg.rf.93902f1f406fdd4038b3a1522fdeea64.jpg,0.9594050645828247
validation-train,validation,D:\Datasets\Alvaro\Floresta-3-20260714T215823Z-1-001\Floresta-3\test\images\IJ_08_25_52_2560_880_png_jpg.rf.b667517b91488ca05b222d010e002903.jpg,train,D:\Datasets\Alvaro\Floresta-3-20260714T215823Z-1-001\Floresta-3\train\images\IJ_08_25_52_2560_880_png_jpg.rf.c81a2ac7cb1e58b83c2e3f34aa4b05e3.jpg,0.9675822257995605
validation-train,validation,D:\Datasets\Alvaro\Floresta-3-20260714T215823Z-1-001\Floresta-3\test\images\IJ_08_25_52_2560_880_png_jpg.rf.b7ac35bde4d2301705ae3198615b4cac.jpg,train,D:\Datasets\Alvaro\Floresta-3-20260714T215823Z-1-001\Floresta-3\train\images\IJ_08_25_52_2560_880_png_jpg.rf.c1821c738fe9542310fd6033a62e6358.jpg,0.9468058347702026
validation-train,validation,D:\Datasets\Alvaro\Floresta-3-20260714T215823Z-1-001\Floresta-3\test\images\IJ_08_25_52_2560_880_png_jpg.rf.cc12b48c491c2960e8c6bf999acca4bc.jpg,train,D:\Datasets\Alvaro\Floresta-3-20260714T215823Z-1-001\Floresta-3\train\images\IJ_08_25_56_2560_880_png_jpg.rf.7c919fb509fc88cd59708c5cb5ffe472.jpg,0.9595186114311218
validation-train,validation,D:\Datasets\Alvaro\Floresta-3-20260714T215823Z-1-001\Floresta-3\test\images\IJ_08_25_53_0_0_png_jpg.rf.13702245e0bd3986e484b76097da6a97.jpg,train,D:\Datasets\Alvaro\Floresta-3-20260714T215823Z-1-001\Floresta-3\train\images\IJ_08_25_51_0_0_png_jpg.rf.b676556c6a1ee69f5b556db2a7dc48e7.jpg,0.9718753099441528
validation-train,validation,D:\Datasets\Alvaro\Floresta-3-20260714T215823Z-1-001\Floresta-3\test\images\IJ_08_25_53_0_0_png_jpg.rf.30e896668c81a09a09ed1e8d63660bcb.jpg,train,D:\Datasets\Alvaro\Floresta-3-20260714T215823Z-1-001\Floresta-3\train\images\IJ_08_25_53_0_0_png_jpg.rf.f5fbea1f386579679af6a22469cb5bd8.jpg,0.9651434421539307
validation-train,validation,D:\Datasets\Alvaro\Floresta-3-20260714T215823Z-1-001\Floresta-3\test\images\IJ_08_25_53_0_0_png_jpg.rf.5e5360472bd610aaccc45b7d703d9e61.jpg,train,D:\Datasets\Alvaro\Floresta-3-20260714T215823Z-1-001\Floresta-3\train\images\IJ_08_25_50_0_0_png_jpg.rf.ca000ba001c29b18f39dd8e9af27a78c.jpg,0.97781902551651
validation-train,validation,D:\Datasets\Alvaro\Floresta-3-20260714T215823Z-1-001\Floresta-3\test\images\IJ_08_25_53_0_0_png_jpg.rf.c47061c9500e02f081e16dbc8e5e4dcc.jpg,train,D:\Datasets\Alvaro\Floresta-3-20260714T215823Z-1-001\Floresta-3\train\images\IJ_08_25_53_0_0_png_jpg.rf.02eb6c10fcbb1ea391ed11f6d1ab066d.jpg,0.9641668796539307
validation-train,validation,D:\Datasets\Alvaro\Floresta-3-20260714T215823Z-1-001\Floresta-3\test\images\IJ_08_25_53_0_0_png_jpg.rf.f6e98dfbb5505fe484fa579ac4f38906.jpg,train,D:\Datasets\Alvaro\Floresta-3-20260714T215823Z-1-001\Floresta-3\train\images\IJ_08_25_52_0_0_png_jpg.rf.a95fe697ac2c1a36055600c95f8d65eb.jpg,0.9593402743339539
validation-train,validation,D:\Datasets\Alvaro\Floresta-3-20260714T215823Z-1-001\Floresta-3\test\images\IJ_08_25_53_2560_880_png_jpg.rf.62f6ef80157d034c2440d2a19afbf2fb.jpg,train,D:\Datasets\Alvaro\Floresta-3-20260714T215823Z-1-001\Floresta-3\train\images\IJ_08_25_58_2560_880_png_jpg.rf.30e80c668bd835455a3681bf0f70ccde.jpg,0.9702858924865723
validation-train,validation,D:\Datasets\Alvaro\Floresta-3-20260714T215823Z-1-001\Floresta-3\test\images\IJ_08_25_54_0_0_png_jpg.rf.07b4d670f69aa1d34869c14269f12fed.jpg,train,D:\Datasets\Alvaro\Floresta-3-20260714T215823Z-1-001\Floresta-3\train\images\IJ_08_25_54_0_0_png_jpg.rf.68966b22f5246d2f887abe0260a3a150.jpg,0.9526880979537964
validation-train,validation,D:\Datasets\Alvaro\Floresta-3-20260714T215823Z-1-001\Floresta-3\test\images\IJ_08_25_54_0_0_png_jpg.rf.8140b156157acc3e4dabb61847e777d9.jpg,train,D:\Datasets\Alvaro\Floresta-3-20260714T215823Z-1-001\Floresta-3\train\images\IJ_08_25_53_0_0_png_jpg.rf.0436399fe799ea35a82bb0926346301e.jpg,0.9865227341651917
validation-train,validation,D:\Datasets\Alvaro\Floresta-3-20260714T215823Z-1-001\Floresta-3\test\images\IJ_08_25_54_0_0_png_jpg.rf.d2bbc1b554d2e439e8b993ec2ba7a671.jpg,train,D:\Datasets\Alvaro\Floresta-3-20260714T215823Z-1-001\Floresta-3\train\images\IJ_08_25_54_0_0_png_jpg.rf.68966b22f5246d2f887abe0260a3a150.jpg,0.960499107837677
validation-train,validation,D:\Datasets\Alvaro\Floresta-3-20260714T215823Z-1-001\Floresta-3\test\images\IJ_08_25_54_2560_0_png_jpg.rf.015562c85061ce202d35243aab00154b.jpg,train,D:\Datasets\Alvaro\Floresta-3-20260714T215823Z-1-001\Floresta-3\train\images\IJ_08_25_54_2560_0_png_jpg.rf.18446cf235606009d8a7fe3f40f35f92.jpg,0.95384281873703
validation-train,validation,D:\Datasets\Alvaro\Floresta-3-20260714T215823Z-1-001\Floresta-3\test\images\IJ_08_25_54_2560_0_png_jpg.rf.225a23eaa4efb5d76eeb17c504cdbb79.jpg,train,D:\Datasets\Alvaro\Floresta-3-20260714T215823Z-1-001\Floresta-3\train\images\IJ_08_25_54_2560_0_png_jpg.rf.e4f6670d3cbe8ec6d8a529aeaa259570.jpg,0.9619819521903992
validation-train,validation,D:\Datasets\Alvaro\Floresta-3-20260714T215823Z-1-001\Floresta-3\test\images\IJ_08_25_54_2560_0_png_jpg.rf.7313eda8a8455840cfc07b3cf4949e45.jpg,train,D:\Datasets\Alvaro\Floresta-3-20260714T215823Z-1-001\Floresta-3\train\images\IJ_08_25_44_2560_0_png_jpg.rf.eac00b6ed7992ab34f1b4516591f96ac.jpg,0.9666457176208496
validation-train,validation,D:\Datasets\Alvaro\Floresta-3-20260714T215823Z-1-001\Floresta-3\test\images\IJ_08_25_54_2560_0_png_jpg.rf.e59eeb7815e0e50896ab1670588ae98e.jpg,train,D:\Datasets\Alvaro\Floresta-3-20260714T215823Z-1-001\Floresta-3\train\images\IJ_08_25_54_2560_0_png_jpg.rf.1d8759c16ddae65fb5770d04a49ae259.jpg,0.9511014223098755
validation-train,validation,D:\Datasets\Alvaro\Floresta-3-20260714T215823Z-1-001\Floresta-3\test\images\IJ_08_25_54_2560_0_png_jpg.rf.f3bc02f13bdcbc0ebfeabc806caf2c64.jpg,train,D:\Datasets\Alvaro\Floresta-3-20260714T215823Z-1-001\Floresta-3\train\images\IJ_08_25_54_2560_0_png_jpg.rf.e4f6670d3cbe8ec6d8a529aeaa259570.jpg,0.9428988695144653
validation-train,validation,D:\Datasets\Alvaro\Floresta-3-20260714T215823Z-1-001\Floresta-3\test\images\IJ_08_25_54_2560_880_png_jpg.rf.6a965ded5e2891d34194fe0e7d6abeee.jpg,train,D:\Datasets\Alvaro\Floresta-3-20260714T215823Z-1-001\Floresta-3\train\images\IJ_08_25_54_2560_880_png_jpg.rf.a4489ce6850f12659853c6ad003616df.jpg,0.9532968401908875
validation-train,validation,D:\Datasets\Alvaro\Floresta-3-20260714T215823Z-1-001\Floresta-3\test\images\IJ_08_25_54_2560_880_png_jpg.rf.d521fd95f17292050252f56f32480d0d.jpg,train,D:\Datasets\Alvaro\Floresta-3-20260714T215823Z-1-001\Floresta-3\train\images\IJ_08_25_55_2560_880_png_jpg.rf.f6b55a8876d845748025f493615dd89c.jpg,0.9792056083679199
validation-train,validation,D:\Datasets\Alvaro\Floresta-3-20260714T215823Z-1-001\Floresta-3\test\images\IJ_08_25_54_2560_880_png_jpg.rf.d7ffa05423b053ab1cff420a6194d624.jpg,train,D:\Datasets\Alvaro\Floresta-3-20260714T215823Z-1-001\Floresta-3\train\images\IJ_08_25_56_2560_880_png_jpg.rf.74b11923e8a4265707bff96b6add1478.jpg,0.9606525897979736
validation-train,validation,D:\Datasets\Alvaro\Floresta-3-20260714T215823Z-1-001\Floresta-3\test\images\IJ_08_25_54_2560_880_png_jpg.rf.ea0f35bc497041faccfed071ac442554.jpg,train,D:\Datasets\Alvaro\Floresta-3-20260714T215823Z-1-001\Floresta-3\train\images\IJ_08_25_50_2560_880_png_jpg.rf.202c58abb3e7e15ba644d6e0eb1a0e27.jpg,0.9274742007255554
validation-train,validation,D:\Datasets\Alvaro\Floresta-3-20260714T215823Z-1-001\Floresta-3\test\images\IJ_08_25_54_2560_880_png_jpg.rf.ed040f35879f0db26e1763b0f14f780b.jpg,train,D:\Datasets\Alvaro\Floresta-3-20260714T215823Z-1-001\Floresta-3\train\images\IJ_08_25_54_2560_880_png_jpg.rf.8bb615b09a5b7f8bb1f5e6614957ce0d.jpg,0.9215878248214722
validation-train,validation,D:\Datasets\Alvaro\Floresta-3-20260714T215823Z-1-001\Floresta-3\test\images\IJ_08_25_55_0_0_png_jpg.rf.672746286c52bd68d11792dd6a4f9db9.jpg,train,D:\Datasets\Alvaro\Floresta-3-20260714T215823Z-1-001\Floresta-3\train\images\IJ_08_25_55_0_0_png_jpg.rf.5bac6db439819a52ad920b5393b59b65.jpg,0.9654363393783569
validation-train,validation,D:\Datasets\Alvaro\Floresta-3-20260714T215823Z-1-001\Floresta-3\test\images\IJ_08_25_55_0_0_png_jpg.rf.93134f32d25dbc40fbc16b55d4990e39.jpg,train,D:\Datasets\Alvaro\Floresta-3-20260714T215823Z-1-001\Floresta-3\train\images\IJ_08_25_55_0_0_png_jpg.rf.614ef330aa8640967e8399d462b05311.jpg,0.9493945837020874
validation-train,validation,D:\Datasets\Alvaro\Floresta-3-20260714T215823Z-1-001\Floresta-3\test\images\IJ_08_25_55_0_0_png_jpg.rf.9838bbc6a86272ae7eaf235ad3c84dca.jpg,train,D:\Datasets\Alvaro\Floresta-3-20260714T215823Z-1-001\Floresta-3\train\images\IJ_08_25_53_0_0_png_jpg.rf.0436399fe799ea35a82bb0926346301e.jpg,0.9867533445358276
validation-train,validation,D:\Datasets\Alvaro\Floresta-3-20260714T215823Z-1-001\Floresta-3\test\images\IJ_08_25_55_0_0_png_jpg.rf.ac75f2db044b2fec110359bb605c8c20.jpg,train,D:\Datasets\Alvaro\Floresta-3-20260714T215823Z-1-001\Floresta-3\train\images\IJ_08_25_48_0_0_png_jpg.rf.33125693400db028653e1fb334db8812.jpg,0.9684098362922668
validation-train,validation,D:\Datasets\Alvaro\Floresta-3-20260714T215823Z-1-001\Floresta-3\test\images\IJ_08_25_55_0_0_png_jpg.rf.d3dc1451b70f5aaef015f626cd1830cd.jpg,train,D:\Datasets\Alvaro\Floresta-3-20260714T215823Z-1-001\Floresta-3\train\images\IJ_08_25_55_0_0_png_jpg.rf.80282215a5c2b132f472ba010a695252.jpg,0.9390365481376648
validation-train,validation,D:\Datasets\Alvaro\Floresta-3-20260714T215823Z-1-001\Floresta-3\test\images\IJ_08_25_55_0_0_png_jpg.rf.e32abc887f3860c8b7b66e6d3e596a84.jpg,train,D:\Datasets\Alvaro\Floresta-3-20260714T215823Z-1-001\Floresta-3\train\images\IJ_08_25_54_0_0_png_jpg.rf.871500e88302f69a6b39432473ef0963.jpg,0.9766152501106262
validation-train,validation,D:\Datasets\Alvaro\Floresta-3-20260714T215823Z-1-001\Floresta-3\test\images\IJ_08_25_55_2560_0_png_jpg.rf.0b56157fc7e7176cfb67bf694a038e53.jpg,train,D:\Datasets\Alvaro\Floresta-3-20260714T215823Z-1-001\Floresta-3\train\images\IJ_08_25_61_2560_0_png_jpg.rf.83c4db030be044a90285c0e2bc67bfe8.jpg,0.9703901410102844
validation-train,validation,D:\Datasets\Alvaro\Floresta-3-20260714T215823Z-1-001\Floresta-3\test\images\IJ_08_25_55_2560_0_png_jpg.rf.0f63d1fff3f34df6dc725e87317aac7d.jpg,train,D:\Datasets\Alvaro\Floresta-3-20260714T215823Z-1-001\Floresta-3\train\images\IJ_08_25_54_2560_0_png_jpg.rf.6fdab81c7471dd5d8303ec148ccf0676.jpg,0.9859534502029419
validation-train,validation,D:\Datasets\Alvaro\Floresta-3-20260714T215823Z-1-001\Floresta-3\test\images\IJ_08_25_55_2560_0_png_jpg.rf.7b26786db4e8b6c69a133c9d5e5fe0f7.jpg,train,D:\Datasets\Alvaro\Floresta-3-20260714T215823Z-1-001\Floresta-3\train\images\IJ_08_25_55_2560_0_png_jpg.rf.018261321ad91d7810931750144b68b1.jpg,0.9597427845001221
validation-train,validation,D:\Datasets\Alvaro\Floresta-3-20260714T215823Z-1-001\Floresta-3\test\images\IJ_08_25_55_2560_0_png_jpg.rf.7fb5881205c5361580ec98f30737eb19.jpg,train,D:\Datasets\Alvaro\Floresta-3-20260714T215823Z-1-001\Floresta-3\train\images\IJ_08_25_29_2560_0_png_jpg.rf.eada3bf89f947c819fde62d956f6de5e.jpg,0.9514093399047852
validation-train,validation,D:\Datasets\Alvaro\Floresta-3-20260714T215823Z-1-001\Floresta-3\test\images\IJ_08_25_55_2560_0_png_jpg.rf.cc8b82baeb947ecda2d6b4c085f55366.jpg,train,D:\Datasets\Alvaro\Floresta-3-20260714T215823Z-1-001\Floresta-3\train\images\IJ_08_25_55_2560_0_png_jpg.rf.8984fd73a8da215e9a810e2b12deba65.jpg,0.9792717099189758
validation-train,validation,D:\Datasets\Alvaro\Floresta-3-20260714T215823Z-1-001\Floresta-3\test\images\IJ_08_25_55_2560_0_png_jpg.rf.ddf8ebc42d2cdb5791d11dad06c594b5.jpg,train,D:\Datasets\Alvaro\Floresta-3-20260714T215823Z-1-001\Floresta-3\train\images\IJ_08_25_53_2560_0_png_jpg.rf.20b9b3593476c81296091bc4e1a285a1.jpg,0.9739153981208801
validation-train,validation,D:\Datasets\Alvaro\Floresta-3-20260714T215823Z-1-001\Floresta-3\test\images\IJ_08_25_55_2560_880_png_jpg.rf.470deb2be3c48181dfda1c0074c1b13e.jpg,train,D:\Datasets\Alvaro\Floresta-3-20260714T215823Z-1-001\Floresta-3\train\images\IJ_08_25_59_2560_880_png_jpg.rf.0f76376968cc1eea8a645df265a61a0f.jpg,0.9559474587440491
validation-train,validation,D:\Datasets\Alvaro\Floresta-3-20260714T215823Z-1-001\Floresta-3\test\images\IJ_08_25_56_0_0_png_jpg.rf.008d0e22fc3f59c022ccb3ce58fabbbd.jpg,train,D:\Datasets\Alvaro\Floresta-3-20260714T215823Z-1-001\Floresta-3\train\images\IJ_08_25_56_0_0_png_jpg.rf.5203a8702b71c3f351415fe0e410e5ea.jpg,0.950395941734314
validation-train,validation,D:\Datasets\Alvaro\Floresta-3-20260714T215823Z-1-001\Floresta-3\test\images\IJ_08_25_56_0_0_png_jpg.rf.41cae8b27dc5ad5c3dd95b67ae2b39cb.jpg,train,D:\Datasets\Alvaro\Floresta-3-20260714T215823Z-1-001\Floresta-3\train\images\IJ_08_25_54_0_0_png_jpg.rf.e86a57b125d32478b82484ec75e90aa6.jpg,0.9826835989952087
validation-train,validation,D:\Datasets\Alvaro\Floresta-3-20260714T215823Z-1-001\Floresta-3\test\images\IJ_08_25_56_0_0_png_jpg.rf.5eea420e12a02a54b87078073298fee8.jpg,train,D:\Datasets\Alvaro\Floresta-3-20260714T215823Z-1-001\Floresta-3\train\images\IJ_08_25_57_0_0_png_jpg.rf.7f181690449b28a581d7756e42e5f748.jpg,0.9768087863922119
validation-train,validation,D:\Datasets\Alvaro\Floresta-3-20260714T215823Z-1-001\Floresta-3\test\images\IJ_08_25_56_0_0_png_jpg.rf.653f96951b061f109be17049dab853e7.jpg,train,D:\Datasets\Alvaro\Floresta-3-20260714T215823Z-1-001\Floresta-3\train\images\IJ_08_25_57_0_0_png_jpg.rf.e048fd7fceebe12df33fea15a27a9fa4.jpg,0.9779499173164368
validation-train,validation,D:\Datasets\Alvaro\Floresta-3-20260714T215823Z-1-001\Floresta-3\test\images\IJ_08_25_56_0_0_png_jpg.rf.c5c4fcb708bee83981e5bd41db5557d0.jpg,train,D:\Datasets\Alvaro\Floresta-3-20260714T215823Z-1-001\Floresta-3\train\images\IJ_08_25_56_0_0_png_jpg.rf.5203a8702b71c3f351415fe0e410e5ea.jpg,0.9391120672225952
validation-train,validation,D:\Datasets\Alvaro\Floresta-3-20260714T215823Z-1-001\Floresta-3\test\images\IJ_08_25_56_2560_0_png_jpg.rf.44e072c5813492d861d79d5885557e6f.jpg,train,D:\Datasets\Alvaro\Floresta-3-20260714T215823Z-1-001\Floresta-3\train\images\IJ_08_25_59_2560_0_png_jpg.rf.299d856bc9bb73f7461c547e7494ce42.jpg,0.9796243906021118
validation-train,validation,D:\Datasets\Alvaro\Floresta-3-20260714T215823Z-1-001\Floresta-3\test\images\IJ_08_25_56_2560_0_png_jpg.rf.a86e2ae20b54f3dd012f80ab5bbfa451.jpg,train,D:\Datasets\Alvaro\Floresta-3-20260714T215823Z-1-001\Floresta-3\train\images\IJ_08_25_56_2560_0_png_jpg.rf.ad7c5068da45842f0a9479723d06ba55.jpg,0.9223878383636475
validation-train,validation,D:\Datasets\Alvaro\Floresta-3-20260714T215823Z-1-001\Floresta-3\test\images\IJ_08_25_56_2560_880_png_jpg.rf.ca0d3b6e10ea3065404e26228c79fe28.jpg,train,D:\Datasets\Alvaro\Floresta-3-20260714T215823Z-1-001\Floresta-3\train\images\IJ_08_25_56_2560_880_png_jpg.rf.f4f74c09a6427ae7d9e7a911eb305f24.jpg,0.9512364268302917
validation-train,validation,D:\Datasets\Alvaro\Floresta-3-20260714T215823Z-1-001\Floresta-3\test\images\IJ_08_25_57_0_0_png_jpg.rf.65356ce80d55ee305c2fed8be76a372a.jpg,train,D:\Datasets\Alvaro\Floresta-3-20260714T215823Z-1-001\Floresta-3\train\images\IJ_08_25_55_0_0_png_jpg.rf.5ee16be8edb27733100e3c0d2f322b09.jpg,0.963740348815918
validation-train,validation,D:\Datasets\Alvaro\Floresta-3-20260714T215823Z-1-001\Floresta-3\test\images\IJ_08_25_57_0_0_png_jpg.rf.91cfdd5f3a0bf9ff2fac17e080a02801.jpg,train,D:\Datasets\Alvaro\Floresta-3-20260714T215823Z-1-001\Floresta-3\train\images\IJ_08_25_40_0_0_png_jpg.rf.b03a8f4585184a8e938fdf64b4375381.jpg,0.9353174567222595
validation-train,validation,D:\Datasets\Alvaro\Floresta-3-20260714T215823Z-1-001\Floresta-3\test\images\IJ_08_25_57_0_0_png_jpg.rf.984681ec70821e1fbf9ef3e4c035df05.jpg,train,D:\Datasets\Alvaro\Floresta-3-20260714T215823Z-1-001\Floresta-3\train\images\IJ_08_25_57_0_0_png_jpg.rf.ddae30a34121b502071f2aaf2f43926f.jpg,0.9692000150680542
validation-train,validation,D:\Datasets\Alvaro\Floresta-3-20260714T215823Z-1-001\Floresta-3\test\images\IJ_08_25_57_0_0_png_jpg.rf.bcd8fda4942ed096b3e34ca7ad9182cb.jpg,train,D:\Datasets\Alvaro\Floresta-3-20260714T215823Z-1-001\Floresta-3\train\images\IJ_08_25_44_0_0_png_jpg.rf.400d3f5067bd6c165e22258f8ceda86f.jpg,0.9768873453140259
validation-train,validation,D:\Datasets\Alvaro\Floresta-3-20260714T215823Z-1-001\Floresta-3\test\images\IJ_08_25_57_2560_880_png_jpg.rf.3991e1cb36fba822f899cf3df0fa2d5b.jpg,train,D:\Datasets\Alvaro\Floresta-3-20260714T215823Z-1-001\Floresta-3\train\images\IJ_08_25_53_2560_880_png_jpg.rf.493076186d8f8a0715ce47ab6bbfafe2.jpg,0.9458619356155396
validation-train,validation,D:\Datasets\Alvaro\Floresta-3-20260714T215823Z-1-001\Floresta-3\test\images\IJ_08_25_57_2560_880_png_jpg.rf.804bd9059bb897d98551f514a037b932.jpg,train,D:\Datasets\Alvaro\Floresta-3-20260714T215823Z-1-001\Floresta-3\train\images\IJ_08_25_57_2560_880_png_jpg.rf.d0e4cd70b751d326beb51ce6f7d4848a.jpg,0.9408224821090698
validation-train,validation,D:\Datasets\Alvaro\Floresta-3-20260714T215823Z-1-001\Floresta-3\test\images\IJ_08_25_57_2560_880_png_jpg.rf.a991ffef6bac10d48d91f2df2fbd284d.jpg,train,D:\Datasets\Alvaro\Floresta-3-20260714T215823Z-1-001\Floresta-3\train\images\IJ_08_25_62_2560_880_png_jpg.rf.8de73964f0cc763ac2de47b0dc960830.jpg,0.960512101650238
validation-train,validation,D:\Datasets\Alvaro\Floresta-3-20260714T215823Z-1-001\Floresta-3\test\images\IJ_08_25_57_2560_880_png_jpg.rf.be9a46971149b5198cb28bf066d1ce9b.jpg,train,D:\Datasets\Alvaro\Floresta-3-20260714T215823Z-1-001\Floresta-3\train\images\IJ_08_25_57_2560_880_png_jpg.rf.3875e507bd95189db8ad2b03b9073432.jpg,0.9599101543426514
validation-train,validation,D:\Datasets\Alvaro\Floresta-3-20260714T215823Z-1-001\Floresta-3\test\images\IJ_08_25_57_2560_880_png_jpg.rf.f70da4872276d66993f9e9f2bbffdc9e.jpg,train,D:\Datasets\Alvaro\Floresta-3-20260714T215823Z-1-001\Floresta-3\train\images\IJ_08_25_57_2560_880_png_jpg.rf.d0e4cd70b751d326beb51ce6f7d4848a.jpg,0.9462662935256958
validation-train,validation,D:\Datasets\Alvaro\Floresta-3-20260714T215823Z-1-001\Floresta-3\test\images\IJ_08_25_58_0_0_png_jpg.rf.c4484c97dace24c8e804c29c0b1f9afd.jpg,train,D:\Datasets\Alvaro\Floresta-3-20260714T215823Z-1-001\Floresta-3\train\images\IJ_08_25_44_0_0_png_jpg.rf.6ffba084036d28d36842306f7fca2460.jpg,0.9756924510002136
validation-train,validation,D:\Datasets\Alvaro\Floresta-3-20260714T215823Z-1-001\Floresta-3\test\images\IJ_08_25_58_0_0_png_jpg.rf.e6e64c03b0464bf3619966e2f1609034.jpg,train,D:\Datasets\Alvaro\Floresta-3-20260714T215823Z-1-001\Floresta-3\train\images\IJ_08_25_52_0_0_png_jpg.rf.a95fe697ac2c1a36055600c95f8d65eb.jpg,0.9798769950866699
validation-train,validation,D:\Datasets\Alvaro\Floresta-3-20260714T215823Z-1-001\Floresta-3\test\images\IJ_08_25_58_0_0_png_jpg.rf.ff73eb3ba111b1f3b2a5c7c155a3e7fb.jpg,train,D:\Datasets\Alvaro\Floresta-3-20260714T215823Z-1-001\Floresta-3\train\images\IJ_08_25_58_0_0_png_jpg.rf.782b081f3e8ec97fca860e99b94a9927.jpg,0.9457303881645203
validation-train,validation,D:\Datasets\Alvaro\Floresta-3-20260714T215823Z-1-001\Floresta-3\test\images\IJ_08_25_58_2560_0_png_jpg.rf.5c0a7756ba1c8a3477dbeae081e0e5e8.jpg,train,D:\Datasets\Alvaro\Floresta-3-20260714T215823Z-1-001\Floresta-3\train\images\IJ_08_25_60_2560_0_png_jpg.rf.c6b8ca79df388f3cf999e5005e2258d6.jpg,0.9652687311172485
validation-train,validation,D:\Datasets\Alvaro\Floresta-3-20260714T215823Z-1-001\Floresta-3\test\images\IJ_08_25_58_2560_0_png_jpg.rf.b2f4aaa44d011fa503607989d30b5f43.jpg,train,D:\Datasets\Alvaro\Floresta-3-20260714T215823Z-1-001\Floresta-3\train\images\IJ_08_25_52_2560_0_png_jpg.rf.15d66a905a7dfd517d5eb51e543603bd.jpg,0.9707694053649902
validation-train,validation,D:\Datasets\Alvaro\Floresta-3-20260714T215823Z-1-001\Floresta-3\test\images\IJ_08_25_58_2560_0_png_jpg.rf.eb2e8ea84b423e79f2a72eed1b445e76.jpg,train,D:\Datasets\Alvaro\Floresta-3-20260714T215823Z-1-001\Floresta-3\train\images\IJ_08_25_60_2560_0_png_jpg.rf.c6b8ca79df388f3cf999e5005e2258d6.jpg,0.9755932092666626
validation-train,validation,D:\Datasets\Alvaro\Floresta-3-20260714T215823Z-1-001\Floresta-3\test\images\IJ_08_25_58_2560_880_png_jpg.rf.377d082c1be39559694b7cf56f3396c6.jpg,train,D:\Datasets\Alvaro\Floresta-3-20260714T215823Z-1-001\Floresta-3\train\images\IJ_08_25_57_2560_880_png_jpg.rf.e7820c97ee40684223f9e83ec97c1709.jpg,0.9740160703659058
validation-train,validation,D:\Datasets\Alvaro\Floresta-3-20260714T215823Z-1-001\Floresta-3\test\images\IJ_08_25_58_2560_880_png_jpg.rf.67f667c34c5c06a99e09a90d1cd33a78.jpg,train,D:\Datasets\Alvaro\Floresta-3-20260714T215823Z-1-001\Floresta-3\train\images\IJ_08_25_58_2560_880_png_jpg.rf.ae5a93b1ef2edae681eb79b4a46794d3.jpg,0.9469529390335083
validation-train,validation,D:\Datasets\Alvaro\Floresta-3-20260714T215823Z-1-001\Floresta-3\test\images\IJ_08_25_59_0_0_png_jpg.rf.4a7b5ced17d309097af4028dea613b22.jpg,train,D:\Datasets\Alvaro\Floresta-3-20260714T215823Z-1-001\Floresta-3\train\images\IJ_08_25_59_0_0_png_jpg.rf.abd6cdfd60eb72e55d79f6ec4e6bf237.jpg,0.9520020484924316
validation-train,validation,D:\Datasets\Alvaro\Floresta-3-20260714T215823Z-1-001\Floresta-3\test\images\IJ_08_25_59_0_0_png_jpg.rf.4f40e0282485049115e647488cf2ff0a.jpg,train,D:\Datasets\Alvaro\Floresta-3-20260714T215823Z-1-001\Floresta-3\train\images\IJ_08_25_55_0_0_png_jpg.rf.dc14d894674a3779ac7d01d7a2ecb2a4.jpg,0.977439284324646
validation-train,validation,D:\Datasets\Alvaro\Floresta-3-20260714T215823Z-1-001\Floresta-3\test\images\IJ_08_25_59_0_0_png_jpg.rf.a4c1b02acbcb2f4c44c95c41d0717552.jpg,train,D:\Datasets\Alvaro\Floresta-3-20260714T215823Z-1-001\Floresta-3\train\images\IJ_08_25_54_0_0_png_jpg.rf.871500e88302f69a6b39432473ef0963.jpg,0.958480179309845
validation-train,validation,D:\Datasets\Alvaro\Floresta-3-20260714T215823Z-1-001\Floresta-3\test\images\IJ_08_25_59_0_0_png_jpg.rf.afb125f3aa20c1f50d93ecc2c9706275.jpg,train,D:\Datasets\Alvaro\Floresta-3-20260714T215823Z-1-001\Floresta-3\train\images\IJ_08_25_55_0_0_png_jpg.rf.dc14d894674a3779ac7d01d7a2ecb2a4.jpg,0.9787443280220032
validation-train,validation,D:\Datasets\Alvaro\Floresta-3-20260714T215823Z-1-001\Floresta-3\test\images\IJ_08_25_59_0_0_png_jpg.rf.fbed2bf7cac7ea6a7a7720aee24353e0.jpg,train,D:\Datasets\Alvaro\Floresta-3-20260714T215823Z-1-001\Floresta-3\train\images\IJ_08_25_59_0_0_png_jpg.rf.1c077abd7910038e76342e0654bec7ed.jpg,0.9757509827613831
validation-train,validation,D:\Datasets\Alvaro\Floresta-3-20260714T215823Z-1-001\Floresta-3\test\images\IJ_08_25_59_2560_0_png_jpg.rf.0c10bc745ef2d7de63ea69fb2718db87.jpg,train,D:\Datasets\Alvaro\Floresta-3-20260714T215823Z-1-001\Floresta-3\train\images\IJ_08_25_59_2560_0_png_jpg.rf.27ef0fb476065f7a88994b9aafdb17df.jpg,0.9539273977279663
validation-train,validation,D:\Datasets\Alvaro\Floresta-3-20260714T215823Z-1-001\Floresta-3\test\images\IJ_08_25_59_2560_0_png_jpg.rf.4108c004349891b3f11a6d9d9cf2186e.jpg,train,D:\Datasets\Alvaro\Floresta-3-20260714T215823Z-1-001\Floresta-3\train\images\IJ_08_25_59_2560_0_png_jpg.rf.27ef0fb476065f7a88994b9aafdb17df.jpg,0.9509352445602417
validation-train,validation,D:\Datasets\Alvaro\Floresta-3-20260714T215823Z-1-001\Floresta-3\test\images\IJ_08_25_59_2560_0_png_jpg.rf.4aca07ce0e7ad3ce325830d1214b5c9f.jpg,train,D:\Datasets\Alvaro\Floresta-3-20260714T215823Z-1-001\Floresta-3\train\images\IJ_08_25_60_2560_0_png_jpg.rf.333e681c27b829882c9db1fdfd515c59.jpg,0.9820662140846252
validation-train,validation,D:\Datasets\Alvaro\Floresta-3-20260714T215823Z-1-001\Floresta-3\test\images\IJ_08_25_59_2560_0_png_jpg.rf.c01c12f2961a857faa2758651f3a44d5.jpg,train,D:\Datasets\Alvaro\Floresta-3-20260714T215823Z-1-001\Floresta-3\train\images\IJ_08_25_59_2560_0_png_jpg.rf.27ef0fb476065f7a88994b9aafdb17df.jpg,0.959732174873352
validation-train,validation,D:\Datasets\Alvaro\Floresta-3-20260714T215823Z-1-001\Floresta-3\test\images\IJ_08_25_59_2560_0_png_jpg.rf.c4b8aec85a1133230996d4fe8283fa27.jpg,train,D:\Datasets\Alvaro\Floresta-3-20260714T215823Z-1-001\Floresta-3\train\images\IJ_08_25_59_2560_0_png_jpg.rf.3b56eafed91397fd4738fbaab7d242fb.jpg,0.9634919762611389
validation-train,validation,D:\Datasets\Alvaro\Floresta-3-20260714T215823Z-1-001\Floresta-3\test\images\IJ_08_25_59_2560_880_png_jpg.rf.0c539086fdd80d1a94c2fa7e9afc0d70.jpg,train,D:\Datasets\Alvaro\Floresta-3-20260714T215823Z-1-001\Floresta-3\train\images\IJ_08_25_59_2560_880_png_jpg.rf.bbbb30bfd8261ee84f9ab1c5508135c8.jpg,0.9540683031082153
validation-train,validation,D:\Datasets\Alvaro\Floresta-3-20260714T215823Z-1-001\Floresta-3\test\images\IJ_08_25_59_2560_880_png_jpg.rf.27f11cd69b96e812a388971e1fe7b96b.jpg,train,D:\Datasets\Alvaro\Floresta-3-20260714T215823Z-1-001\Floresta-3\train\images\IJ_08_25_59_2560_880_png_jpg.rf.3fb1c89807a46a23fd00716eb423c8ad.jpg,0.9559603333473206
validation-train,validation,D:\Datasets\Alvaro\Floresta-3-20260714T215823Z-1-001\Floresta-3\test\images\IJ_08_25_59_2560_880_png_jpg.rf.69268537378ab844cdb5ae9e1b33f9ff.jpg,train,D:\Datasets\Alvaro\Floresta-3-20260714T215823Z-1-001\Floresta-3\train\images\IJ_08_25_59_2560_880_png_jpg.rf.3fb1c89807a46a23fd00716eb423c8ad.jpg,0.9593893885612488
validation-train,validation,D:\Datasets\Alvaro\Floresta-3-20260714T215823Z-1-001\Floresta-3\test\images\IJ_08_25_59_2560_880_png_jpg.rf.d899beee4a0434e49c79a71f7083078a.jpg,train,D:\Datasets\Alvaro\Floresta-3-20260714T215823Z-1-001\Floresta-3\train\images\IJ_08_25_57_2560_880_png_jpg.rf.22abcc37235f71072472a55b114e09e5.jpg,0.9505246877670288
validation-train,validation,D:\Datasets\Alvaro\Floresta-3-20260714T215823Z-1-001\Floresta-3\test\images\IJ_08_25_60_0_0_png_jpg.rf.23485dc19d40232edba5babd46c76623.jpg,train,D:\Datasets\Alvaro\Floresta-3-20260714T215823Z-1-001\Floresta-3\train\images\IJ_08_25_47_0_0_png_jpg.rf.4671b2170181e28ad5e78a7eba292a3e.jpg,0.9419775009155273
validation-train,validation,D:\Datasets\Alvaro\Floresta-3-20260714T215823Z-1-001\Floresta-3\test\images\IJ_08_25_60_0_0_png_jpg.rf.33a072c31ced87a8c25e25bf85379af9.jpg,train,D:\Datasets\Alvaro\Floresta-3-20260714T215823Z-1-001\Floresta-3\train\images\IJ_08_25_59_0_0_png_jpg.rf.42459fb23f851950839a699d5beac7b9.jpg,0.97331702709198
validation-train,validation,D:\Datasets\Alvaro\Floresta-3-20260714T215823Z-1-001\Floresta-3\test\images\IJ_08_25_60_2560_0_png_jpg.rf.bef6656ebefe12b74da8ff99a479f667.jpg,train,D:\Datasets\Alvaro\Floresta-3-20260714T215823Z-1-001\Floresta-3\train\images\IJ_08_25_61_2560_0_png_jpg.rf.83c4db030be044a90285c0e2bc67bfe8.jpg,0.9675568342208862
validation-train,validation,D:\Datasets\Alvaro\Floresta-3-20260714T215823Z-1-001\Floresta-3\test\images\IJ_08_25_60_2560_880_png_jpg.rf.41cb5ebe9a074589069b90700c961180.jpg,train,D:\Datasets\Alvaro\Floresta-3-20260714T215823Z-1-001\Floresta-3\train\images\IJ_08_25_54_2560_880_png_jpg.rf.f15c65dd5a71e993eb596ed92c054859.jpg,0.9483155608177185
validation-train,validation,D:\Datasets\Alvaro\Floresta-3-20260714T215823Z-1-001\Floresta-3\test\images\IJ_08_25_61_0_0_png_jpg.rf.221dd86110c707d6bc900a9d90e89764.jpg,train,D:\Datasets\Alvaro\Floresta-3-20260714T215823Z-1-001\Floresta-3\train\images\IJ_08_25_61_0_0_png_jpg.rf.b9bf93c5be8ebc94dbbaab50f2b0fe83.jpg,0.9749622344970703
validation-train,validation,D:\Datasets\Alvaro\Floresta-3-20260714T215823Z-1-001\Floresta-3\test\images\IJ_08_25_61_0_0_png_jpg.rf.395681de25b063c0bb7651094a39370d.jpg,train,D:\Datasets\Alvaro\Floresta-3-20260714T215823Z-1-001\Floresta-3\train\images\IJ_08_25_62_0_0_png_jpg.rf.5aafba1722844261f36af4e01edae0ca.jpg,0.9858026504516602
validation-train,validation,D:\Datasets\Alvaro\Floresta-3-20260714T215823Z-1-001\Floresta-3\test\images\IJ_08_25_61_2560_880_png_jpg.rf.241f4277b518520d3a292fc5b63edf4a.jpg,train,D:\Datasets\Alvaro\Floresta-3-20260714T215823Z-1-001\Floresta-3\train\images\IJ_08_25_61_2560_880_png_jpg.rf.28a420f393c4c849d1ade65d4aaa7fbc.jpg,0.9608114957809448
validation-train,validation,D:\Datasets\Alvaro\Floresta-3-20260714T215823Z-1-001\Floresta-3\test\images\IJ_08_25_61_2560_880_png_jpg.rf.766289c5fabb09a70309a1c9e1c235dc.jpg,train,D:\Datasets\Alvaro\Floresta-3-20260714T215823Z-1-001\Floresta-3\train\images\IJ_08_25_60_2560_880_png_jpg.rf.6c126115fcb22b977d19f8594f125c1e.jpg,0.9786148071289062
validation-train,validation,D:\Datasets\Alvaro\Floresta-3-20260714T215823Z-1-001\Floresta-3\test\images\IJ_08_25_61_2560_880_png_jpg.rf.c772cccd7d26180801ff76f1e9b4e714.jpg,train,D:\Datasets\Alvaro\Floresta-3-20260714T215823Z-1-001\Floresta-3\train\images\IJ_08_25_57_2560_880_png_jpg.rf.3875e507bd95189db8ad2b03b9073432.jpg,0.9609560966491699
validation-train,validation,D:\Datasets\Alvaro\Floresta-3-20260714T215823Z-1-001\Floresta-3\test\images\IJ_08_25_61_2560_880_png_jpg.rf.d151a59068d7432dcb4a0d7fc9ca9b7a.jpg,train,D:\Datasets\Alvaro\Floresta-3-20260714T215823Z-1-001\Floresta-3\train\images\IJ_08_25_62_2560_880_png_jpg.rf.45b01041cfbcc7fc620eea2ad617f205.jpg,0.9675523042678833
validation-train,validation,D:\Datasets\Alvaro\Floresta-3-20260714T215823Z-1-001\Floresta-3\test\images\IJ_08_25_62_0_0_png_jpg.rf.4385070a5c59791db81fb4d6e5e6711d.jpg,train,D:\Datasets\Alvaro\Floresta-3-20260714T215823Z-1-001\Floresta-3\train\images\IJ_08_25_62_0_0_png_jpg.rf.98bfc1dbb1a08816bdd2c3d1efd9e332.jpg,0.9494622945785522
validation-train,validation,D:\Datasets\Alvaro\Floresta-3-20260714T215823Z-1-001\Floresta-3\test\images\IJ_08_25_62_0_0_png_jpg.rf.4f65ed6d1f17dab4703104b9f257d6e0.jpg,train,D:\Datasets\Alvaro\Floresta-3-20260714T215823Z-1-001\Floresta-3\train\images\IJ_08_25_62_0_0_png_jpg.rf.98bfc1dbb1a08816bdd2c3d1efd9e332.jpg,0.9377635717391968
validation-train,validation,D:\Datasets\Alvaro\Floresta-3-20260714T215823Z-1-001\Floresta-3\test\images\IJ_08_25_62_0_0_png_jpg.rf.7106af82cd2917cb3bd62189a581fb15.jpg,train,D:\Datasets\Alvaro\Floresta-3-20260714T215823Z-1-001\Floresta-3\train\images\IJ_08_25_62_0_0_png_jpg.rf.edf998ac36ba11e0f04e21e7eec59ec6.jpg,0.9751274585723877
validation-train,validation,D:\Datasets\Alvaro\Floresta-3-20260714T215823Z-1-001\Floresta-3\test\images\IJ_08_25_62_0_0_png_jpg.rf.7fa71865aefaf58f5c03c31d13153548.jpg,train,D:\Datasets\Alvaro\Floresta-3-20260714T215823Z-1-001\Floresta-3\train\images\IJ_08_25_61_0_0_png_jpg.rf.f6b6f6cf2e4f173ad7f30c3523f26772.jpg,0.9693294167518616
validation-train,validation,D:\Datasets\Alvaro\Floresta-3-20260714T215823Z-1-001\Floresta-3\test\images\IJ_08_25_62_0_0_png_jpg.rf.a2929eaf445c33d5ac3fbd96c3c0a6a4.jpg,train,D:\Datasets\Alvaro\Floresta-3-20260714T215823Z-1-001\Floresta-3\train\images\IJ_08_25_54_0_0_png_jpg.rf.68966b22f5246d2f887abe0260a3a150.jpg,0.9377797842025757
validation-train,validation,D:\Datasets\Alvaro\Floresta-3-20260714T215823Z-1-001\Floresta-3\test\images\IJ_08_25_62_0_0_png_jpg.rf.ed2c06fbedf74008b0696e570500ea77.jpg,train,D:\Datasets\Alvaro\Floresta-3-20260714T215823Z-1-001\Floresta-3\train\images\IJ_08_25_57_0_0_png_jpg.rf.b5a8dd1c270a7af9492366ba3ee329b8.jpg,0.9589988589286804
validation-train,validation,D:\Datasets\Alvaro\Floresta-3-20260714T215823Z-1-001\Floresta-3\test\images\IJ_08_25_62_2560_0_png_jpg.rf.0402205079d4bb4c3ce56c8ecce1c8be.jpg,train,D:\Datasets\Alvaro\Floresta-3-20260714T215823Z-1-001\Floresta-3\train\images\IJ_08_25_62_2560_0_png_jpg.rf.b65a2056d37ae264558d70c00003491d.jpg,0.9656964540481567
validation-train,validation,D:\Datasets\Alvaro\Floresta-3-20260714T215823Z-1-001\Floresta-3\test\images\IJ_08_25_62_2560_0_png_jpg.rf.395448995bc217ea9130570bc6c94992.jpg,train,D:\Datasets\Alvaro\Floresta-3-20260714T215823Z-1-001\Floresta-3\train\images\IJ_08_25_62_2560_0_png_jpg.rf.cdc246d5c8b93e6611c2c95f5ddfdbb2.jpg,0.9738869667053223
validation-train,validation,D:\Datasets\Alvaro\Floresta-3-20260714T215823Z-1-001\Floresta-3\test\images\IJ_08_25_62_2560_0_png_jpg.rf.5fd13e36de9e2a8c0010d754ba05255b.jpg,train,D:\Datasets\Alvaro\Floresta-3-20260714T215823Z-1-001\Floresta-3\train\images\IJ_08_25_62_2560_0_png_jpg.rf.2ef1db70c2b3cfce188a6604b31da000.jpg,0.9711180925369263
validation-train,validation,D:\Datasets\Alvaro\Floresta-3-20260714T215823Z-1-001\Floresta-3\test\images\IJ_08_25_62_2560_0_png_jpg.rf.a1c74a44fd7a1c5ce261812d86c4b6e1.jpg,train,D:\Datasets\Alvaro\Floresta-3-20260714T215823Z-1-001\Floresta-3\train\images\IJ_08_25_61_2560_0_png_jpg.rf.67a57931067dcaefd803f7c4f9031ec0.jpg,0.9868861436843872
validation-train,validation,D:\Datasets\Alvaro\Floresta-3-20260714T215823Z-1-001\Floresta-3\test\images\IJ_08_25_62_2560_0_png_jpg.rf.f0c2a6fa19e2a8d94edf2d0b507511c4.jpg,train,D:\Datasets\Alvaro\Floresta-3-20260714T215823Z-1-001\Floresta-3\train\images\IJ_08_25_62_2560_0_png_jpg.rf.57653bcd9e96c1a45a4674590d6095b2.jpg,0.9732112884521484
validation-train,validation,D:\Datasets\Alvaro\Floresta-3-20260714T215823Z-1-001\Floresta-3\test\images\IJ_08_25_62_2560_880_png_jpg.rf.73e1a401b62a77c24143ea5ba9d404d6.jpg,train,D:\Datasets\Alvaro\Floresta-3-20260714T215823Z-1-001\Floresta-3\train\images\IJ_08_25_58_2560_880_png_jpg.rf.3206f601cba7471833979edafb601a4f.jpg,0.9459526538848877
validation-train,validation,D:\Datasets\Alvaro\Floresta-3-20260714T215823Z-1-001\Floresta-3\test\images\IJ_08_25_62_2560_880_png_jpg.rf.8c56556941b1f82f4fa169e75e01a552.jpg,train,D:\Datasets\Alvaro\Floresta-3-20260714T215823Z-1-001\Floresta-3\train\images\IJ_08_25_60_2560_880_png_jpg.rf.801ed5f6360a4fe63b8d360d3c0af268.jpg,0.959240734577179
validation-train,validation,D:\Datasets\Alvaro\Floresta-3-20260714T215823Z-1-001\Floresta-3\test\images\IJ_08_25_62_2560_880_png_jpg.rf.8f01c864001dfd3614094a1d5b1b2895.jpg,train,D:\Datasets\Alvaro\Floresta-3-20260714T215823Z-1-001\Floresta-3\train\images\IJ_08_25_62_2560_880_png_jpg.rf.9476f6ebdd7e41d581ae052fc330915f.jpg,0.9585117101669312
validation-train,validation,D:\Datasets\Alvaro\Floresta-3-20260714T215823Z-1-001\Floresta-3\test\images\IJ_08_25_62_2560_880_png_jpg.rf.ad8b32c20b3f308af997196aca2d237e.jpg,train,D:\Datasets\Alvaro\Floresta-3-20260714T215823Z-1-001\Floresta-3\train\images\IJ_08_25_58_2560_880_png_jpg.rf.488af9302c1ca2bb0aa9439c7aeb1a5b.jpg,0.9664071798324585
validation-train,validation,D:\Datasets\Alvaro\Floresta-3-20260714T215823Z-1-001\Floresta-3\test\images\IJ_08_25_62_2560_880_png_jpg.rf.c23ab4ea20929afed429820e15065c7c.jpg,train,D:\Datasets\Alvaro\Floresta-3-20260714T215823Z-1-001\Floresta-3\train\images\IJ_08_25_60_2560_880_png_jpg.rf.6c126115fcb22b977d19f8594f125c1e.jpg,0.9721115231513977
validation-train,validation,D:\Datasets\Alvaro\Floresta-3-20260714T215823Z-1-001\Floresta-3\test\images\ik_4_00001_png_jpg.rf.4037c453b0fe65e174f2b586966d516d.jpg,train,D:\Datasets\Alvaro\Floresta-3-20260714T215823Z-1-001\Floresta-3\train\images\ik_4_00001_png_jpg.rf.c0d1d5ea1f8817c716cc4d418ae13707.jpg,0.9586384296417236
validation-train,validation,D:\Datasets\Alvaro\Floresta-3-20260714T215823Z-1-001\Floresta-3\test\images\ik_4_00001_png_jpg.rf.818f05e7bceb0adbeaa3a735f5927d38.jpg,train,D:\Datasets\Alvaro\Floresta-3-20260714T215823Z-1-001\Floresta-3\train\images\ik_4_00001_png_jpg.rf.c0d1d5ea1f8817c716cc4d418ae13707.jpg,0.9421542882919312
validation-train,validation,D:\Datasets\Alvaro\Floresta-3-20260714T215823Z-1-001\Floresta-3\test\images\ik_4_00001_png_jpg.rf.e9b1c60e1dcf085c6e66c52c52e2672b.jpg,train,D:\Datasets\Alvaro\Floresta-3-20260714T215823Z-1-001\Floresta-3\train\images\ik_4_00001_png_jpg.rf.c0d1d5ea1f8817c716cc4d418ae13707.jpg,0.9617310762405396
validation-train,validation,D:\Datasets\Alvaro\Floresta-3-20260714T215823Z-1-001\Floresta-3\test\images\ik_4_00201_png_jpg.rf.3a1491b5127d44a477b0708c33aa14bf.jpg,train,D:\Datasets\Alvaro\Floresta-3-20260714T215823Z-1-001\Floresta-3\train\images\ik_4_00201_png_jpg.rf.5d37091d70e8ad9785080ea5f506d191.jpg,0.9789835214614868
validation-train,validation,D:\Datasets\Alvaro\Floresta-3-20260714T215823Z-1-001\Floresta-3\test\images\ik_4_00201_png_jpg.rf.45c9f231a20c9a5980430b07e35c8a58.jpg,train,D:\Datasets\Alvaro\Floresta-3-20260714T215823Z-1-001\Floresta-3\train\images\ik_4_00201_png_jpg.rf.14dcef6c11d87dbdb8146b048edced95.jpg,0.9143755435943604
validation-train,validation,D:\Datasets\Alvaro\Floresta-3-20260714T215823Z-1-001\Floresta-3\test\images\ik_4_00201_png_jpg.rf.a72a652bffc138e047b7a8acd3ba33b6.jpg,train,D:\Datasets\Alvaro\Floresta-3-20260714T215823Z-1-001\Floresta-3\train\images\ik_4_00201_png_jpg.rf.14dcef6c11d87dbdb8146b048edced95.jpg,0.9654703736305237
validation-train,validation,D:\Datasets\Alvaro\Floresta-3-20260714T215823Z-1-001\Floresta-3\test\images\ik_4_00201_png_jpg.rf.c57725482497772e6d0ebaa6353a770b.jpg,train,D:\Datasets\Alvaro\Floresta-3-20260714T215823Z-1-001\Floresta-3\train\images\ik_4_00201_png_jpg.rf.14dcef6c11d87dbdb8146b048edced95.jpg,0.9514843821525574
validation-train,validation,D:\Datasets\Alvaro\Floresta-3-20260714T215823Z-1-001\Floresta-3\test\images\ik_4_00251_png_jpg.rf.e12b82329207cfb42ab9eb7319354b5f.jpg,train,D:\Datasets\Alvaro\Floresta-3-20260714T215823Z-1-001\Floresta-3\train\images\ik_4_00251_png_jpg.rf.7d3791ee69d92a56ef1d41e1ef9c8dfb.jpg,0.9283046722412109
validation-train,validation,D:\Datasets\Alvaro\Floresta-3-20260714T215823Z-1-001\Floresta-3\test\images\ik_4_00301_png_jpg.rf.b19594460f2540d91ff156e273db3beb.jpg,train,D:\Datasets\Alvaro\Floresta-3-20260714T215823Z-1-001\Floresta-3\train\images\ik_4_00301_png_jpg.rf.bd03864807e2f9344cefaa8d0e8cebe8.jpg,0.9526544213294983
validation-train,validation,D:\Datasets\Alvaro\Floresta-3-20260714T215823Z-1-001\Floresta-3\test\images\ik_4_00301_png_jpg.rf.e7c05b4d640c00eb988e324d03aeb435.jpg,train,D:\Datasets\Alvaro\Floresta-3-20260714T215823Z-1-001\Floresta-3\train\images\ik_4_00301_png_jpg.rf.bd03864807e2f9344cefaa8d0e8cebe8.jpg,0.941001296043396
validation-train,validation,D:\Datasets\Alvaro\Floresta-3-20260714T215823Z-1-001\Floresta-3\test\images\ik_4_00451_png_jpg.rf.2cf68f45f57b0fdbf719262059b29bd5.jpg,train,D:\Datasets\Alvaro\Floresta-3-20260714T215823Z-1-001\Floresta-3\train\images\ik_4_00451_png_jpg.rf.983cef0944af97cfd74e0ca1331581c8.jpg,0.958743691444397
validation-train,validation,D:\Datasets\Alvaro\Floresta-3-20260714T215823Z-1-001\Floresta-3\test\images\ik_4_00451_png_jpg.rf.76db3098253738ab3ea82a54bd5bed59.jpg,train,D:\Datasets\Alvaro\Floresta-3-20260714T215823Z-1-001\Floresta-3\train\images\ik_4_00451_png_jpg.rf.596f5e074125e18fbde837b22d3cff57.jpg,0.9651440382003784
validation-train,validation,D:\Datasets\Alvaro\Floresta-3-20260714T215823Z-1-001\Floresta-3\test\images\ik_4_00501_png_jpg.rf.2e42b8dab3fd358bb9d3f8bac7e0894e.jpg,train,D:\Datasets\Alvaro\Floresta-3-20260714T215823Z-1-001\Floresta-3\train\images\ik_4_00501_png_jpg.rf.1b2d6f8bca2c6607d5e783b04d5b2fde.jpg,0.9569098949432373
validation-train,validation,D:\Datasets\Alvaro\Floresta-3-20260714T215823Z-1-001\Floresta-3\test\images\ik_4_00551_png_jpg.rf.05a469fed3b4ede90bc9bb8498bf5d9d.jpg,train,D:\Datasets\Alvaro\Floresta-3-20260714T215823Z-1-001\Floresta-3\train\images\ik_4_00551_png_jpg.rf.b161db157a3cec87191a8a4fce409c97.jpg,0.9375046491622925
validation-train,validation,D:\Datasets\Alvaro\Floresta-3-20260714T215823Z-1-001\Floresta-3\test\images\ik_4_00551_png_jpg.rf.1b064b3fba8c1cf0e0354b7ea9f499b0.jpg,train,D:\Datasets\Alvaro\Floresta-3-20260714T215823Z-1-001\Floresta-3\train\images\ik_4_00601_png_jpg.rf.e9a30db1244a6a85ef81d6c374998662.jpg,0.912439227104187
validation-train,validation,D:\Datasets\Alvaro\Floresta-3-20260714T215823Z-1-001\Floresta-3\test\images\ik_4_00551_png_jpg.rf.2260c622fa63e4d2de56db014b08bd19.jpg,train,D:\Datasets\Alvaro\Floresta-3-20260714T215823Z-1-001\Floresta-3\train\images\ik_4_00551_png_jpg.rf.5e94b4127cec276d56664e78361a93d2.jpg,0.9342134594917297
validation-train,validation,D:\Datasets\Alvaro\Floresta-3-20260714T215823Z-1-001\Floresta-3\test\images\ik_4_00551_png_jpg.rf.5766de13f479ed6a6f06d718802154a4.jpg,train,D:\Datasets\Alvaro\Floresta-3-20260714T215823Z-1-001\Floresta-3\train\images\ik_4_00551_png_jpg.rf.65cbcb651e8ed49ebe11e94f619b8a9a.jpg,0.9589194059371948
validation-train,validation,D:\Datasets\Alvaro\Floresta-3-20260714T215823Z-1-001\Floresta-3\test\images\ik_4_00551_png_jpg.rf.819d185a7a2f8768d457d525885362f0.jpg,train,D:\Datasets\Alvaro\Floresta-3-20260714T215823Z-1-001\Floresta-3\train\images\ik_4_00551_png_jpg.rf.5e94b4127cec276d56664e78361a93d2.jpg,0.9557289481163025
validation-train,validation,D:\Datasets\Alvaro\Floresta-3-20260714T215823Z-1-001\Floresta-3\test\images\ik_4_00551_png_jpg.rf.91a216ddea39604b4ae4f65193197b89.jpg,train,D:\Datasets\Alvaro\Floresta-3-20260714T215823Z-1-001\Floresta-3\train\images\ik_4_00551_png_jpg.rf.5e94b4127cec276d56664e78361a93d2.jpg,0.9322425127029419
validation-train,validation,D:\Datasets\Alvaro\Floresta-3-20260714T215823Z-1-001\Floresta-3\test\images\ik_4_00551_png_jpg.rf.a7040ed31eec191f2721990e3ba7d3bc.jpg,train,D:\Datasets\Alvaro\Floresta-3-20260714T215823Z-1-001\Floresta-3\train\images\ik_4_00551_png_jpg.rf.a164fb2cf60922777d0aec4437e419cd.jpg,0.9594631195068359
validation-train,validation,D:\Datasets\Alvaro\Floresta-3-20260714T215823Z-1-001\Floresta-3\test\images\ik_4_00601_png_jpg.rf.5d9ae2a0eb09207259a48199669a1b39.jpg,train,D:\Datasets\Alvaro\Floresta-3-20260714T215823Z-1-001\Floresta-3\train\images\ik_4_00601_png_jpg.rf.3a53ad02336c66ca8944a534bf82e0b0.jpg,0.946266770362854
validation-train,validation,D:\Datasets\Alvaro\Floresta-3-20260714T215823Z-1-001\Floresta-3\test\images\ik_4_00601_png_jpg.rf.842559622d4732de638016e182ce6cb4.jpg,train,D:\Datasets\Alvaro\Floresta-3-20260714T215823Z-1-001\Floresta-3\train\images\ik_4_00601_png_jpg.rf.8670c1aa6a2233c64830d90f07c5e479.jpg,0.953209638595581
validation-train,validation,D:\Datasets\Alvaro\Floresta-3-20260714T215823Z-1-001\Floresta-3\test\images\ik_4_00651_png_jpg.rf.07ce1ad242ede67a584157cfe3cdcdb8.jpg,train,D:\Datasets\Alvaro\Floresta-3-20260714T215823Z-1-001\Floresta-3\train\images\ik_4_00651_png_jpg.rf.8950dfd87e85b2b95d537522c12fdba7.jpg,0.9588475823402405
validation-train,validation,D:\Datasets\Alvaro\Floresta-3-20260714T215823Z-1-001\Floresta-3\test\images\ik_4_00651_png_jpg.rf.22406ed5aafcf76f029aeebca9987db4.jpg,train,D:\Datasets\Alvaro\Floresta-3-20260714T215823Z-1-001\Floresta-3\train\images\ik_4_00651_png_jpg.rf.ab133ae4cc86abff8f54ff89a18ff5c2.jpg,0.9717643857002258
validation-train,validation,D:\Datasets\Alvaro\Floresta-3-20260714T215823Z-1-001\Floresta-3\test\images\ik_4_00651_png_jpg.rf.685f8e43e54993e57ee4bd211e9904cf.jpg,train,D:\Datasets\Alvaro\Floresta-3-20260714T215823Z-1-001\Floresta-3\train\images\ik_4_00651_png_jpg.rf.c99b395381eb251eecf1695e91d2aa65.jpg,0.951682448387146
validation-train,validation,D:\Datasets\Alvaro\Floresta-3-20260714T215823Z-1-001\Floresta-3\test\images\ik_4_00651_png_jpg.rf.7829a8e2ae643ed303278422e4e00277.jpg,train,D:\Datasets\Alvaro\Floresta-3-20260714T215823Z-1-001\Floresta-3\train\images\ik_4_00651_png_jpg.rf.c99b395381eb251eecf1695e91d2aa65.jpg,0.9571417570114136
validation-train,validation,D:\Datasets\Alvaro\Floresta-3-20260714T215823Z-1-001\Floresta-3\test\images\ik_4_00651_png_jpg.rf.9232daf3e118542f314951301962014a.jpg,train,D:\Datasets\Alvaro\Floresta-3-20260714T215823Z-1-001\Floresta-3\train\images\ik_4_00651_png_jpg.rf.c99b395381eb251eecf1695e91d2aa65.jpg,0.9422955513000488
validation-train,validation,D:\Datasets\Alvaro\Floresta-3-20260714T215823Z-1-001\Floresta-3\test\images\ik_4_00651_png_jpg.rf.ab06238bf78e7b1876cfec8a6265d8af.jpg,train,D:\Datasets\Alvaro\Floresta-3-20260714T215823Z-1-001\Floresta-3\train\images\ik_4_00651_png_jpg.rf.ab133ae4cc86abff8f54ff89a18ff5c2.jpg,0.9629992246627808
validation-train,validation,D:\Datasets\Alvaro\Floresta-3-20260714T215823Z-1-001\Floresta-3\test\images\ik_4_00651_png_jpg.rf.efd7ed7f867b2806c1779a845cb12dff.jpg,train,D:\Datasets\Alvaro\Floresta-3-20260714T215823Z-1-001\Floresta-3\train\images\ik_4_00651_png_jpg.rf.991f1db88c901c25bf1df45d27a65215.jpg,0.9498181939125061
validation-train,validation,D:\Datasets\Alvaro\Floresta-3-20260714T215823Z-1-001\Floresta-3\test\images\ik_4_00701_png_jpg.rf.25dff7e627ecfd9e36dd0af998bd8c65.jpg,train,D:\Datasets\Alvaro\Floresta-3-20260714T215823Z-1-001\Floresta-3\train\images\ik_4_00701_png_jpg.rf.31366feb6a42b3c7acfdc93880210392.jpg,0.9710397720336914
validation-train,validation,D:\Datasets\Alvaro\Floresta-3-20260714T215823Z-1-001\Floresta-3\test\images\ik_4_00701_png_jpg.rf.2f81c8f9f9bfd42f9c2199ced10fd4a1.jpg,train,D:\Datasets\Alvaro\Floresta-3-20260714T215823Z-1-001\Floresta-3\train\images\ik_4_00651_png_jpg.rf.ab133ae4cc86abff8f54ff89a18ff5c2.jpg,0.9682319164276123
validation-train,validation,D:\Datasets\Alvaro\Floresta-3-20260714T215823Z-1-001\Floresta-3\test\images\ik_4_00701_png_jpg.rf.4fbba23ecd77c62bff9d15768450a914.jpg,train,D:\Datasets\Alvaro\Floresta-3-20260714T215823Z-1-001\Floresta-3\train\images\ik_4_00701_png_jpg.rf.941a81ae69903ef38a5af75c4fd1c407.jpg,0.949998140335083
validation-train,validation,D:\Datasets\Alvaro\Floresta-3-20260714T215823Z-1-001\Floresta-3\test\images\ik_4_00701_png_jpg.rf.5f7f245ffc74446974c0b0148da0f490.jpg,train,D:\Datasets\Alvaro\Floresta-3-20260714T215823Z-1-001\Floresta-3\train\images\ik_4_00701_png_jpg.rf.46d9649b34ea084901af741d7e9998c0.jpg,0.960831344127655
validation-train,validation,D:\Datasets\Alvaro\Floresta-3-20260714T215823Z-1-001\Floresta-3\test\images\ik_4_00701_png_jpg.rf.686e289c173a1a9fe5201b958cc78ddc.jpg,train,D:\Datasets\Alvaro\Floresta-3-20260714T215823Z-1-001\Floresta-3\train\images\ik_4_00751_png_jpg.rf.c1a0977f27f9fc3ddb24d0a523fc32af.jpg,0.9638392925262451
validation-train,validation,D:\Datasets\Alvaro\Floresta-3-20260714T215823Z-1-001\Floresta-3\test\images\ik_4_00701_png_jpg.rf.b045fc7562320b63e9cf2854570295a1.jpg,train,D:\Datasets\Alvaro\Floresta-3-20260714T215823Z-1-001\Floresta-3\train\images\ik_4_00751_png_jpg.rf.c1a0977f27f9fc3ddb24d0a523fc32af.jpg,0.9619560241699219
validation-train,validation,D:\Datasets\Alvaro\Floresta-3-20260714T215823Z-1-001\Floresta-3\test\images\ik_4_00701_png_jpg.rf.de12f974c598586b38e3ac2798e7ca7d.jpg,train,D:\Datasets\Alvaro\Floresta-3-20260714T215823Z-1-001\Floresta-3\train\images\ik_4_00701_png_jpg.rf.46d9649b34ea084901af741d7e9998c0.jpg,0.9503730535507202
validation-train,validation,D:\Datasets\Alvaro\Floresta-3-20260714T215823Z-1-001\Floresta-3\test\images\ik_4_00751_png_jpg.rf.74a4369d686319696b3ab9f76b5d644f.jpg,train,D:\Datasets\Alvaro\Floresta-3-20260714T215823Z-1-001\Floresta-3\train\images\ik_4_00551_png_jpg.rf.bf63f08c637c96a540f9b8130c600326.jpg,0.9681618213653564
validation-train,validation,D:\Datasets\Alvaro\Floresta-3-20260714T215823Z-1-001\Floresta-3\test\images\ik_4_00751_png_jpg.rf.92e814914cbdbc0b2ead435a03729a60.jpg,train,D:\Datasets\Alvaro\Floresta-3-20260714T215823Z-1-001\Floresta-3\train\images\ik_4_00701_png_jpg.rf.277d17898a4c62027c779dd284939f6e.jpg,0.9631354212760925
validation-train,validation,D:\Datasets\Alvaro\Floresta-3-20260714T215823Z-1-001\Floresta-3\test\images\ik_4_00751_png_jpg.rf.b974d6fc9d5d44769dc40fe52f52e5d9.jpg,train,D:\Datasets\Alvaro\Floresta-3-20260714T215823Z-1-001\Floresta-3\train\images\ik_4_00701_png_jpg.rf.31366feb6a42b3c7acfdc93880210392.jpg,0.9722818732261658
validation-train,validation,D:\Datasets\Alvaro\Floresta-3-20260714T215823Z-1-001\Floresta-3\test\images\ik_4_00751_png_jpg.rf.d7cb5d94d2a8b97a365fad58bba93ac8.jpg,train,D:\Datasets\Alvaro\Floresta-3-20260714T215823Z-1-001\Floresta-3\train\images\ik_4_00701_png_jpg.rf.812db7daa008774ecb18096e6d68d4e4.jpg,0.9613237977027893
validation-train,validation,D:\Datasets\Alvaro\Floresta-3-20260714T215823Z-1-001\Floresta-3\test\images\ik_4_00801_png_jpg.rf.095fccf1de1fcc4febdd308383cccf7f.jpg,train,D:\Datasets\Alvaro\Floresta-3-20260714T215823Z-1-001\Floresta-3\train\images\ik_4_00801_png_jpg.rf.ea8e5693f1735a41cdcf4fe05d306728.jpg,0.9502042531967163
validation-train,validation,D:\Datasets\Alvaro\Floresta-3-20260714T215823Z-1-001\Floresta-3\test\images\ik_4_00801_png_jpg.rf.353ac505b62c976f34a7dc197f1e9829.jpg,train,D:\Datasets\Alvaro\Floresta-3-20260714T215823Z-1-001\Floresta-3\train\images\ik_4_00701_png_jpg.rf.31366feb6a42b3c7acfdc93880210392.jpg,0.9718491435050964
validation-train,validation,D:\Datasets\Alvaro\Floresta-3-20260714T215823Z-1-001\Floresta-3\test\images\ik_4_00801_png_jpg.rf.c053615166f39f8a999160bc41f0cd9d.jpg,train,D:\Datasets\Alvaro\Floresta-3-20260714T215823Z-1-001\Floresta-3\train\images\ik_4_00801_png_jpg.rf.42f48ce22a404a9a1967c704cc94dc45.jpg,0.9703173637390137
validation-train,validation,D:\Datasets\Alvaro\Floresta-3-20260714T215823Z-1-001\Floresta-3\test\images\ik_4_00851_png_jpg.rf.49ebe15194c52aba27e14eae309fa3f5.jpg,train,D:\Datasets\Alvaro\Floresta-3-20260714T215823Z-1-001\Floresta-3\train\images\ik_4_00851_png_jpg.rf.813b39c828d6ba08d295417312927898.jpg,0.9464720487594604
validation-train,validation,D:\Datasets\Alvaro\Floresta-3-20260714T215823Z-1-001\Floresta-3\test\images\ik_4_00851_png_jpg.rf.5f8072caa951938578e3cc176f547098.jpg,train,D:\Datasets\Alvaro\Floresta-3-20260714T215823Z-1-001\Floresta-3\train\images\ik_4_00851_png_jpg.rf.813b39c828d6ba08d295417312927898.jpg,0.963762640953064
validation-train,validation,D:\Datasets\Alvaro\Floresta-3-20260714T215823Z-1-001\Floresta-3\test\images\ik_4_00851_png_jpg.rf.96fa318a6ca840af1965ff1a9362e09a.jpg,train,D:\Datasets\Alvaro\Floresta-3-20260714T215823Z-1-001\Floresta-3\train\images\ik_4_00851_png_jpg.rf.07e727d682363f657524cc22b6ec0553.jpg,0.9263896942138672
validation-train,validation,D:\Datasets\Alvaro\Floresta-3-20260714T215823Z-1-001\Floresta-3\test\images\ik_4_00851_png_jpg.rf.d39e7b782be10c8a5f93233b245bbc10.jpg,train,D:\Datasets\Alvaro\Floresta-3-20260714T215823Z-1-001\Floresta-3\train\images\ik_4_00901_png_jpg.rf.33475e0322b6e6d03e8f028f08381c02.jpg,0.9716294407844543
validation-train,validation,D:\Datasets\Alvaro\Floresta-3-20260714T215823Z-1-001\Floresta-3\test\images\ik_4_00901_png_jpg.rf.f7012f1b995029d99f9f22c127d5d534.jpg,train,D:\Datasets\Alvaro\Floresta-3-20260714T215823Z-1-001\Floresta-3\train\images\ik_4_00901_png_jpg.rf.5762c993160b3b9f3cd163aca08b958f.jpg,0.9477981925010681
validation-train,validation,D:\Datasets\Alvaro\Floresta-3-20260714T215823Z-1-001\Floresta-3\test\images\ik_4_01001_png_jpg.rf.05b2f5b9ee784e80681c1b13edaffbd5.jpg,train,D:\Datasets\Alvaro\Floresta-3-20260714T215823Z-1-001\Floresta-3\train\images\ik_4_01001_png_jpg.rf.cf0eee76c2e86a3bb3171cdaf3f8f621.jpg,0.9772317409515381
validation-train,validation,D:\Datasets\Alvaro\Floresta-3-20260714T215823Z-1-001\Floresta-3\test\images\ik_4_01001_png_jpg.rf.0decec1f0a743b457bd3eae78d2a9198.jpg,train,D:\Datasets\Alvaro\Floresta-3-20260714T215823Z-1-001\Floresta-3\train\images\ik_4_01001_png_jpg.rf.2ed0824c5cbb2b1a5911b253ffdf0735.jpg,0.9493826627731323
validation-train,validation,D:\Datasets\Alvaro\Floresta-3-20260714T215823Z-1-001\Floresta-3\test\images\ik_4_01001_png_jpg.rf.522a6723cfb1d1c16272d73c0f3de3c5.jpg,train,D:\Datasets\Alvaro\Floresta-3-20260714T215823Z-1-001\Floresta-3\train\images\ik_4_01001_png_jpg.rf.d336856cbbc047eea97ffbf291bbf74b.jpg,0.9645534157752991
validation-train,validation,D:\Datasets\Alvaro\Floresta-3-20260714T215823Z-1-001\Floresta-3\test\images\ik_4_01001_png_jpg.rf.c328ab3fd6452df04c1deffdfc645d7f.jpg,train,D:\Datasets\Alvaro\Floresta-3-20260714T215823Z-1-001\Floresta-3\train\images\ik_4_01001_png_jpg.rf.d336856cbbc047eea97ffbf291bbf74b.jpg,0.9406257271766663
validation-train,validation,D:\Datasets\Alvaro\Floresta-3-20260714T215823Z-1-001\Floresta-3\test\images\ik_4_01051_png_jpg.rf.81b2f87178ce4647980d46cc165e07d9.jpg,train,D:\Datasets\Alvaro\Floresta-3-20260714T215823Z-1-001\Floresta-3\train\images\ik_4_01051_png_jpg.rf.6749ca72187af44b1e32017e2117057d.jpg,0.967798113822937
validation-train,validation,D:\Datasets\Alvaro\Floresta-3-20260714T215823Z-1-001\Floresta-3\test\images\ik_4_01101_png_jpg.rf.c870df5f60eb36f45f26db6b235bd83f.jpg,train,D:\Datasets\Alvaro\Floresta-3-20260714T215823Z-1-001\Floresta-3\train\images\ik_4_01101_png_jpg.rf.720764aec412533af7d6ed3222821f8b.jpg,0.9541314840316772
validation-train,validation,D:\Datasets\Alvaro\Floresta-3-20260714T215823Z-1-001\Floresta-3\test\images\ik_4_01151_png_jpg.rf.720423d323c4266698bafd5368dd13cb.jpg,train,D:\Datasets\Alvaro\Floresta-3-20260714T215823Z-1-001\Floresta-3\train\images\ik_4_01151_png_jpg.rf.90c09423e0fbaa766b8673c53b4c2616.jpg,0.9788755178451538
validation-train,validation,D:\Datasets\Alvaro\Floresta-3-20260714T215823Z-1-001\Floresta-3\test\images\ik_4_01651_png_jpg.rf.01147ab6b4785e0e3f7519ded0a14b06.jpg,train,D:\Datasets\Alvaro\Floresta-3-20260714T215823Z-1-001\Floresta-3\train\images\ik_4_01651_png_jpg.rf.68c628991b3483655e6b71633641bc41.jpg,0.9696077704429626
validation-train,validation,D:\Datasets\Alvaro\Floresta-3-20260714T215823Z-1-001\Floresta-3\test\images\ik_4_01651_png_jpg.rf.a1cc4ec98b24f867cd9ceddf2eb16f4d.jpg,train,D:\Datasets\Alvaro\Floresta-3-20260714T215823Z-1-001\Floresta-3\train\images\ik_4_01651_png_jpg.rf.68c628991b3483655e6b71633641bc41.jpg,0.9736104011535645
validation-train,validation,D:\Datasets\Alvaro\Floresta-3-20260714T215823Z-1-001\Floresta-3\test\images\ik_4_01651_png_jpg.rf.d87780d898ff068ace081ceeb134bd01.jpg,train,D:\Datasets\Alvaro\Floresta-3-20260714T215823Z-1-001\Floresta-3\train\images\ik_4_01651_png_jpg.rf.d4ba5da999d91cd77eea8b7cfde3d711.jpg,0.9518256187438965
validation-train,validation,D:\Datasets\Alvaro\Floresta-3-20260714T215823Z-1-001\Floresta-3\test\images\ik_4_01651_png_jpg.rf.d888abe7236a112abaaeddb858373306.jpg,train,D:\Datasets\Alvaro\Floresta-3-20260714T215823Z-1-001\Floresta-3\train\images\ik_4_01651_png_jpg.rf.c8aabfdced84f62e675920051562231d.jpg,0.9546383619308472
validation-train,validation,D:\Datasets\Alvaro\Floresta-3-20260714T215823Z-1-001\Floresta-3\test\images\ik_4_01701_png_jpg.rf.2316b8dede5284942fae81c2e64cbedb.jpg,train,D:\Datasets\Alvaro\Floresta-3-20260714T215823Z-1-001\Floresta-3\train\images\ik_4_01701_png_jpg.rf.0f69ce59ce00a5d9c31001cc3e6a684f.jpg,0.961276113986969
validation-train,validation,D:\Datasets\Alvaro\Floresta-3-20260714T215823Z-1-001\Floresta-3\test\images\ik_4_01751_png_jpg.rf.0efca7dadb1ce356f90b5712009e03e9.jpg,train,D:\Datasets\Alvaro\Floresta-3-20260714T215823Z-1-001\Floresta-3\train\images\ik_4_01751_png_jpg.rf.c3a63539c6f32c14e6d846e0ff51f9c6.jpg,0.9540034532546997
validation-train,validation,D:\Datasets\Alvaro\Floresta-3-20260714T215823Z-1-001\Floresta-3\test\images\ik_4_01751_png_jpg.rf.ebe207c160e3cdf2c849f50569c81bd0.jpg,train,D:\Datasets\Alvaro\Floresta-3-20260714T215823Z-1-001\Floresta-3\train\images\ik_4_01751_png_jpg.rf.db066737171295a99926890400261a89.jpg,0.9432196617126465
validation-train,validation,D:\Datasets\Alvaro\Floresta-3-20260714T215823Z-1-001\Floresta-3\test\images\ik_4_01801_png_jpg.rf.3dc5139325a43ba959e2c07c38294f19.jpg,train,D:\Datasets\Alvaro\Floresta-3-20260714T215823Z-1-001\Floresta-3\train\images\ik_4_01801_png_jpg.rf.f485aaa987f67f6d6cef29618e8b8599.jpg,0.9530600309371948
validation-train,validation,D:\Datasets\Alvaro\Floresta-3-20260714T215823Z-1-001\Floresta-3\test\images\ik_4_01801_png_jpg.rf.82b9e23538ad6c59e93f2b4c1d1e83a5.jpg,train,D:\Datasets\Alvaro\Floresta-3-20260714T215823Z-1-001\Floresta-3\train\images\ik_4_01801_png_jpg.rf.19d798c43d0d46668fd1ccb311f643f8.jpg,0.9181059002876282
validation-train,validation,D:\Datasets\Alvaro\Floresta-3-20260714T215823Z-1-001\Floresta-3\test\images\ik_4_01801_png_jpg.rf.c7e803385ab1b978119b9ebf9da839c9.jpg,train,D:\Datasets\Alvaro\Floresta-3-20260714T215823Z-1-001\Floresta-3\train\images\ik_4_01801_png_jpg.rf.19d798c43d0d46668fd1ccb311f643f8.jpg,0.9653123617172241
validation-train,validation,D:\Datasets\Alvaro\Floresta-3-20260714T215823Z-1-001\Floresta-3\test\images\ik_4_01801_png_jpg.rf.d8f50cc2dcbcda691cd96daa9ddccc12.jpg,train,D:\Datasets\Alvaro\Floresta-3-20260714T215823Z-1-001\Floresta-3\train\images\ik_4_01801_png_jpg.rf.19d798c43d0d46668fd1ccb311f643f8.jpg,0.9510881900787354
validation-train,validation,D:\Datasets\Alvaro\Floresta-3-20260714T215823Z-1-001\Floresta-3\test\images\ik_4_01801_png_jpg.rf.e0841ef31d9ece92a06d23ed60620e53.jpg,train,D:\Datasets\Alvaro\Floresta-3-20260714T215823Z-1-001\Floresta-3\train\images\ik_4_01801_png_jpg.rf.fd9d1f0263c3d9af6ce8e6ebd608bb83.jpg,0.9688755869865417
validation-train,validation,D:\Datasets\Alvaro\Floresta-3-20260714T215823Z-1-001\Floresta-3\test\images\ik_4_02201_png_jpg.rf.a8c92578cbc6a47dc86d720196ced350.jpg,train,D:\Datasets\Alvaro\Floresta-3-20260714T215823Z-1-001\Floresta-3\train\images\evo4204_jpg.rf.fed4ef7621c35eb4d77331e02cc8d9e7.jpg,0.8742851614952087
validation-train,validation,D:\Datasets\Alvaro\Floresta-3-20260714T215823Z-1-001\Floresta-3\test\images\ik_4_02251_png_jpg.rf.10bdb87ec2735161bd6ed4e47d186cb8.jpg,train,D:\Datasets\Alvaro\Floresta-3-20260714T215823Z-1-001\Floresta-3\train\images\evo4201_jpg.rf.1e93119c3dca49d33daae5b804e563cf.jpg,0.9289838075637817
validation-train,validation,D:\Datasets\Alvaro\Floresta-3-20260714T215823Z-1-001\Floresta-3\test\images\ik_4_02251_png_jpg.rf.6d7deb3c9366beaada23c312033d9fff.jpg,train,D:\Datasets\Alvaro\Floresta-3-20260714T215823Z-1-001\Floresta-3\train\images\ik_4_02251_png_jpg.rf.49b4a60aa2b3c022d2458b1d93593010.jpg,0.9529323577880859
validation-train,validation,D:\Datasets\Alvaro\Floresta-3-20260714T215823Z-1-001\Floresta-3\test\images\ik_4_02301_png_jpg.rf.407b9805d97bad69341656de70bc3001.jpg,train,D:\Datasets\Alvaro\Floresta-3-20260714T215823Z-1-001\Floresta-3\train\images\ik_4_02301_png_jpg.rf.d59c29089fc384407f2380e708de48ef.jpg,0.9719541668891907
validation-train,validation,D:\Datasets\Alvaro\Floresta-3-20260714T215823Z-1-001\Floresta-3\test\images\ik_4_02301_png_jpg.rf.d28e64eb7367a717c4d8254ba69eccf7.jpg,train,D:\Datasets\Alvaro\Floresta-3-20260714T215823Z-1-001\Floresta-3\train\images\ik_4_02301_png_jpg.rf.592c77fcfbcdd0ba261393723f9472ad.jpg,0.9442489147186279
validation-train,validation,D:\Datasets\Alvaro\Floresta-3-20260714T215823Z-1-001\Floresta-3\test\images\ik_4_02351_png_jpg.rf.1f5b18bbd589d8ea763c774f053a983d.jpg,train,D:\Datasets\Alvaro\Floresta-3-20260714T215823Z-1-001\Floresta-3\train\images\ik_4_02351_png_jpg.rf.ea28b7c48b23620b347e0d6fc01835d5.jpg,0.960281252861023
validation-train,validation,D:\Datasets\Alvaro\Floresta-3-20260714T215823Z-1-001\Floresta-3\test\images\ik_4_02351_png_jpg.rf.4700dd06a424479b51792455b9701ce3.jpg,train,D:\Datasets\Alvaro\Floresta-3-20260714T215823Z-1-001\Floresta-3\train\images\ik_4_02351_png_jpg.rf.4eda64a68a32f48705dfd9f3ba14d6d8.jpg,0.9743638038635254
validation-train,validation,D:\Datasets\Alvaro\Floresta-3-20260714T215823Z-1-001\Floresta-3\test\images\ik_4_02351_png_jpg.rf.79f7a52a088f5cace8cab1bdbb3bca23.jpg,train,D:\Datasets\Alvaro\Floresta-3-20260714T215823Z-1-001\Floresta-3\train\images\ik_4_02351_png_jpg.rf.95965523a9f457ea74a16dc3c659b131.jpg,0.9452286958694458
validation-train,validation,D:\Datasets\Alvaro\Floresta-3-20260714T215823Z-1-001\Floresta-3\test\images\ik_4_02351_png_jpg.rf.8edf349a6b5851a740a1869d07c2d00d.jpg,train,D:\Datasets\Alvaro\Floresta-3-20260714T215823Z-1-001\Floresta-3\train\images\ik_4_02351_png_jpg.rf.06fcb4fbe4d8ea4dff9a97fe365fa9fe.jpg,0.9547896385192871
validation-train,validation,D:\Datasets\Alvaro\Floresta-3-20260714T215823Z-1-001\Floresta-3\test\images\ik_4_02451_png_jpg.rf.5eb9b34cd554cafb2c355c3f250fbf46.jpg,train,D:\Datasets\Alvaro\Floresta-3-20260714T215823Z-1-001\Floresta-3\train\images\ik_4_02451_png_jpg.rf.3fde933651840314d9006f3998a75b3f.jpg,0.9802992939949036
validation-train,validation,D:\Datasets\Alvaro\Floresta-3-20260714T215823Z-1-001\Floresta-3\test\images\ik_4_02551_png_jpg.rf.9fbc368e68ede8ea4043c599a612c8cd.jpg,train,D:\Datasets\Alvaro\Floresta-3-20260714T215823Z-1-001\Floresta-3\train\images\ik_4_02551_png_jpg.rf.bb52d0488946450e794a511268de2c53.jpg,0.9847838878631592
validation-train,validation,D:\Datasets\Alvaro\Floresta-3-20260714T215823Z-1-001\Floresta-3\test\images\ik_4_02651_png_jpg.rf.2d5a7529ba1c4a46cd6b5f5dea2cb49b.jpg,train,D:\Datasets\Alvaro\Floresta-3-20260714T215823Z-1-001\Floresta-3\train\images\evo4244_jpg.rf.e5154ed6c9f3b2f2ce8df7b591db3101.jpg,0.9663101434707642
validation-train,validation,D:\Datasets\Alvaro\Floresta-3-20260714T215823Z-1-001\Floresta-3\test\images\ik_4_02651_png_jpg.rf.780a6432327f8ec2cb1b2870dad5dd2c.jpg,train,D:\Datasets\Alvaro\Floresta-3-20260714T215823Z-1-001\Floresta-3\train\images\ik_4_02651_png_jpg.rf.446f23fa1ff266d48b8c457fa514744d.jpg,0.9565017223358154
validation-train,validation,D:\Datasets\Alvaro\Floresta-3-20260714T215823Z-1-001\Floresta-3\test\images\ik_4_02651_png_jpg.rf.8d6f653b912dd0240186c2716c8af80a.jpg,train,D:\Datasets\Alvaro\Floresta-3-20260714T215823Z-1-001\Floresta-3\train\images\evo4244_jpg.rf.e5154ed6c9f3b2f2ce8df7b591db3101.jpg,0.9551432132720947
validation-train,validation,D:\Datasets\Alvaro\Floresta-3-20260714T215823Z-1-001\Floresta-3\test\images\ik_4_02651_png_jpg.rf.f0f3eb9749a1c9b066750506f5e11662.jpg,train,D:\Datasets\Alvaro\Floresta-3-20260714T215823Z-1-001\Floresta-3\train\images\ik_4_02651_png_jpg.rf.2325e3b3717cca7a31794df066b9f3ce.jpg,0.9744201302528381
validation-train,validation,D:\Datasets\Alvaro\Floresta-3-20260714T215823Z-1-001\Floresta-3\test\images\ik_4_02701_png_jpg.rf.25ac2a1f0d7f476723b2481468a0d8fa.jpg,train,D:\Datasets\Alvaro\Floresta-3-20260714T215823Z-1-001\Floresta-3\train\images\ik_4_02701_png_jpg.rf.68569f4eaa0727cb2aded5a91d47df02.jpg,0.9785503149032593
validation-train,validation,D:\Datasets\Alvaro\Floresta-3-20260714T215823Z-1-001\Floresta-3\test\images\ik_4_02701_png_jpg.rf.3bb5b66c5a8750d81aa120a01986e0cb.jpg,train,D:\Datasets\Alvaro\Floresta-3-20260714T215823Z-1-001\Floresta-3\train\images\evo4248_jpg.rf.0be710476c7337a0950102ce305b6fa3.jpg,0.9777126908302307
validation-train,validation,D:\Datasets\Alvaro\Floresta-3-20260714T215823Z-1-001\Floresta-3\test\images\ik_4_02751_png_jpg.rf.198d3ef634d590981136ddf2f56edefe.jpg,train,D:\Datasets\Alvaro\Floresta-3-20260714T215823Z-1-001\Floresta-3\train\images\ik_4_02751_png_jpg.rf.50de6710e1770d195ad53cdc5dcc223e.jpg,0.938248336315155
validation-train,validation,D:\Datasets\Alvaro\Floresta-3-20260714T215823Z-1-001\Floresta-3\test\images\ik_4_02751_png_jpg.rf.3a0b1b640c95cd1a997d4920b7370636.jpg,train,D:\Datasets\Alvaro\Floresta-3-20260714T215823Z-1-001\Floresta-3\train\images\evo4252_jpg.rf.df695b082f8136eaef152d29889147af.jpg,0.9756710529327393
validation-train,validation,D:\Datasets\Alvaro\Floresta-3-20260714T215823Z-1-001\Floresta-3\test\images\ik_4_02751_png_jpg.rf.42d1f97b5bd0e4d1ef70c17ece3b5cf8.jpg,train,D:\Datasets\Alvaro\Floresta-3-20260714T215823Z-1-001\Floresta-3\train\images\evo4252_jpg.rf.9ef26cfbd6dd492345d20d1291586d42.jpg,0.9716825485229492
validation-train,validation,D:\Datasets\Alvaro\Floresta-3-20260714T215823Z-1-001\Floresta-3\test\images\ik_4_02751_png_jpg.rf.dae1b9c4e525fc4df8fca8a4137b0088.jpg,train,D:\Datasets\Alvaro\Floresta-3-20260714T215823Z-1-001\Floresta-3\train\images\ik_4_02751_png_jpg.rf.d3cdcdd904b87258b100f932714a51e4.jpg,0.9439229965209961
validation-train,validation,D:\Datasets\Alvaro\Floresta-3-20260714T215823Z-1-001\Floresta-3\test\images\ik_4_02751_png_jpg.rf.e8b8a7697bc36d756010ad68cd001fed.jpg,train,D:\Datasets\Alvaro\Floresta-3-20260714T215823Z-1-001\Floresta-3\train\images\ik_4_02751_png_jpg.rf.af59891f19e8d20d04eec0cae10d3326.jpg,0.9762957692146301
validation-train,validation,D:\Datasets\Alvaro\Floresta-3-20260714T215823Z-1-001\Floresta-3\test\images\ik_4_02801_png_jpg.rf.0e19588571221b1409a92db4d5419977.jpg,train,D:\Datasets\Alvaro\Floresta-3-20260714T215823Z-1-001\Floresta-3\train\images\ik_4_02801_png_jpg.rf.74287017fec0fc5d3c9101875c8bf971.jpg,0.9704101085662842
validation-train,validation,D:\Datasets\Alvaro\Floresta-3-20260714T215823Z-1-001\Floresta-3\test\images\ik_4_02801_png_jpg.rf.4a6769b78a625952af3ef49172e803a2.jpg,train,D:\Datasets\Alvaro\Floresta-3-20260714T215823Z-1-001\Floresta-3\train\images\ik_4_02801_png_jpg.rf.2672784fcbb4417ba0232cb49f2eced0.jpg,0.9656254053115845
validation-train,validation,D:\Datasets\Alvaro\Floresta-3-20260714T215823Z-1-001\Floresta-3\test\images\ik_4_02801_png_jpg.rf.a156c12240b19fd957e730df0d4c1391.jpg,train,D:\Datasets\Alvaro\Floresta-3-20260714T215823Z-1-001\Floresta-3\train\images\evo4260_jpg.rf.8c6edd2747b2c09aba1098375bb5bbfb.jpg,0.9583702087402344
validation-train,validation,D:\Datasets\Alvaro\Floresta-3-20260714T215823Z-1-001\Floresta-3\test\images\ik_4_02801_png_jpg.rf.ec60488612013c5ce18116a5e80c8996.jpg,train,D:\Datasets\Alvaro\Floresta-3-20260714T215823Z-1-001\Floresta-3\train\images\ik_4_02801_png_jpg.rf.2672784fcbb4417ba0232cb49f2eced0.jpg,0.9715994596481323
validation-train,validation,D:\Datasets\Alvaro\Floresta-3-20260714T215823Z-1-001\Floresta-3\test\images\ik_4_02851_png_jpg.rf.5bf143fa4d051058a160e967f8e7282f.jpg,train,D:\Datasets\Alvaro\Floresta-3-20260714T215823Z-1-001\Floresta-3\train\images\ik_4_02851_png_jpg.rf.0fc311167c16b1801b4e7ae95e35f26b.jpg,0.9719629287719727
validation-train,validation,D:\Datasets\Alvaro\Floresta-3-20260714T215823Z-1-001\Floresta-3\test\images\ik_4_02851_png_jpg.rf.6479ce7a5bf4887cf9f60340105e9504.jpg,train,D:\Datasets\Alvaro\Floresta-3-20260714T215823Z-1-001\Floresta-3\train\images\ik_4_02851_png_jpg.rf.105a38d6d05eed10126f941f04be6eb5.jpg,0.93767911195755
validation-train,validation,D:\Datasets\Alvaro\Floresta-3-20260714T215823Z-1-001\Floresta-3\test\images\ik_4_02851_png_jpg.rf.f6635104c400a68885e17457f90da95b.jpg,train,D:\Datasets\Alvaro\Floresta-3-20260714T215823Z-1-001\Floresta-3\train\images\ik_4_02851_png_jpg.rf.dbbddab568a396d70f787c39bd9df409.jpg,0.9717954397201538
validation-train,validation,D:\Datasets\Alvaro\Floresta-3-20260714T215823Z-1-001\Floresta-3\test\images\ik_4_02901_png_jpg.rf.1bc3311ec080377a07552e0389da3500.jpg,train,D:\Datasets\Alvaro\Floresta-3-20260714T215823Z-1-001\Floresta-3\train\images\ik_4_02901_png_jpg.rf.1d41a0bc5a27c88e8d70a8c74b4af8b5.jpg,0.9670181274414062
validation-train,validation,D:\Datasets\Alvaro\Floresta-3-20260714T215823Z-1-001\Floresta-3\test\images\ik_4_02951_png_jpg.rf.7ddea48de3ef4c09e6e4e539470f299f.jpg,train,D:\Datasets\Alvaro\Floresta-3-20260714T215823Z-1-001\Floresta-3\train\images\ik_4_02951_png_jpg.rf.06a3a07d012d6a4642e23375b6e20cb9.jpg,0.949360728263855
validation-train,validation,D:\Datasets\Alvaro\Floresta-3-20260714T215823Z-1-001\Floresta-3\test\images\ik_4_02951_png_jpg.rf.8a22914b6c46e36f239c8ddaaddc19b0.jpg,train,D:\Datasets\Alvaro\Floresta-3-20260714T215823Z-1-001\Floresta-3\train\images\ik_4_03001_png_jpg.rf.2faea05af63365f88654cf13fc604532.jpg,0.9627625942230225
validation-train,validation,D:\Datasets\Alvaro\Floresta-3-20260714T215823Z-1-001\Floresta-3\test\images\ik_4_02951_png_jpg.rf.e148e4570066d181b25dbc20a1d8769a.jpg,train,D:\Datasets\Alvaro\Floresta-3-20260714T215823Z-1-001\Floresta-3\train\images\ik_4_02951_png_jpg.rf.2112f0966dfdc6fa3cc79222d3b45de5.jpg,0.9572352170944214
validation-train,validation,D:\Datasets\Alvaro\Floresta-3-20260714T215823Z-1-001\Floresta-3\test\images\ik_4_03001_png_jpg.rf.206ebe0c457bb286fd658af1f969f89a.jpg,train,D:\Datasets\Alvaro\Floresta-3-20260714T215823Z-1-001\Floresta-3\train\images\ik_4_03001_png_jpg.rf.1ae8d5a581c65ebb840402a1c64a9487.jpg,0.9822717308998108
validation-train,validation,D:\Datasets\Alvaro\Floresta-3-20260714T215823Z-1-001\Floresta-3\test\images\ik_4_03051_png_jpg.rf.6c4e38b235f996ff426e5675f1a73665.jpg,train,D:\Datasets\Alvaro\Floresta-3-20260714T215823Z-1-001\Floresta-3\train\images\ik_4_03051_png_jpg.rf.0703f0b18ae60d186421cf7db20fbc01.jpg,0.9743874073028564
validation-train,validation,D:\Datasets\Alvaro\Floresta-3-20260714T215823Z-1-001\Floresta-3\test\images\ik_4_03101_png_jpg.rf.4e3294cd976f33dc817222f7aecd4b61.jpg,train,D:\Datasets\Alvaro\Floresta-3-20260714T215823Z-1-001\Floresta-3\train\images\ik_4_03101_png_jpg.rf.5ff363365a335fbffd143fefbaf43dfb.jpg,0.9770771265029907
validation-train,validation,D:\Datasets\Alvaro\Floresta-3-20260714T215823Z-1-001\Floresta-3\test\images\ik_4_03101_png_jpg.rf.577d3cdedd0640d5f009ec531508b0ee.jpg,train,D:\Datasets\Alvaro\Floresta-3-20260714T215823Z-1-001\Floresta-3\train\images\ik_4_03101_png_jpg.rf.5ff363365a335fbffd143fefbaf43dfb.jpg,0.9774781465530396
validation-train,validation,D:\Datasets\Alvaro\Floresta-3-20260714T215823Z-1-001\Floresta-3\test\images\ik_4_03101_png_jpg.rf.749442c725c1902ad8b494cce5ed80cd.jpg,train,D:\Datasets\Alvaro\Floresta-3-20260714T215823Z-1-001\Floresta-3\train\images\ik_4_03101_png_jpg.rf.ef0a78b2033bab27a3cfcb0f26d5d025.jpg,0.9817280173301697
validation-train,validation,D:\Datasets\Alvaro\Floresta-3-20260714T215823Z-1-001\Floresta-3\test\images\ik_4_03101_png_jpg.rf.c0cca071cdec5c193cda937bdc560906.jpg,train,D:\Datasets\Alvaro\Floresta-3-20260714T215823Z-1-001\Floresta-3\train\images\ik_4_03101_png_jpg.rf.4fd940c3b8e0d12d6667fa64734e98b3.jpg,0.9714184403419495
validation-train,validation,D:\Datasets\Alvaro\Floresta-3-20260714T215823Z-1-001\Floresta-3\test\images\ik_4_03151_png_jpg.rf.59259d96e7f3719d33c1863de8cf4b30.jpg,train,D:\Datasets\Alvaro\Floresta-3-20260714T215823Z-1-001\Floresta-3\train\images\ik_4_03151_png_jpg.rf.27ae486f17be94223971b129f10e7465.jpg,0.9711563587188721
validation-train,validation,D:\Datasets\Alvaro\Floresta-3-20260714T215823Z-1-001\Floresta-3\test\images\ik_4_03151_png_jpg.rf.704c9a040e3df2215d3cd635a2f477cd.jpg,train,D:\Datasets\Alvaro\Floresta-3-20260714T215823Z-1-001\Floresta-3\train\images\ik_4_03151_png_jpg.rf.f3ec7892197450ede6654ddf3ab5fb9e.jpg,0.9906187057495117
validation-train,validation,D:\Datasets\Alvaro\Floresta-3-20260714T215823Z-1-001\Floresta-3\test\images\ik_4_03151_png_jpg.rf.cee83a7e9410d20f9ca7e69d538c39c1.jpg,train,D:\Datasets\Alvaro\Floresta-3-20260714T215823Z-1-001\Floresta-3\train\images\ik_4_03151_png_jpg.rf.27ae486f17be94223971b129f10e7465.jpg,0.9764000177383423
validation-train,validation,D:\Datasets\Alvaro\Floresta-3-20260714T215823Z-1-001\Floresta-3\test\images\ik_4_03201_png_jpg.rf.37e3d9e5d7f722325bab4e07eaa7e75d.jpg,train,D:\Datasets\Alvaro\Floresta-3-20260714T215823Z-1-001\Floresta-3\train\images\ik_4_03201_png_jpg.rf.5417437361fd1f06066c89630b60976d.jpg,0.9652996063232422
validation-train,validation,D:\Datasets\Alvaro\Floresta-3-20260714T215823Z-1-001\Floresta-3\test\images\ik_4_04051_png_jpg.rf.282252e41a348fdbe8d30883f4aa14aa.jpg,train,D:\Datasets\Alvaro\Floresta-3-20260714T215823Z-1-001\Floresta-3\train\images\ik_4_04051_png_jpg.rf.084ae762e7dad7cf186ac9c7b921ef9a.jpg,0.9712607264518738
validation-train,validation,D:\Datasets\Alvaro\Floresta-3-20260714T215823Z-1-001\Floresta-3\test\images\ik_4_04101_png_jpg.rf.0cd3840a9aff41b69e6d7ccc76a5d489.jpg,train,D:\Datasets\Alvaro\Floresta-3-20260714T215823Z-1-001\Floresta-3\train\images\ik_4_04101_png_jpg.rf.797b2e45ed1dce90dbbe747abe198a96.jpg,0.9765194058418274
validation-train,validation,D:\Datasets\Alvaro\Floresta-3-20260714T215823Z-1-001\Floresta-3\test\images\ik_4_04101_png_jpg.rf.cb7a18cf8ad815ed7f8a15778f7c40eb.jpg,train,D:\Datasets\Alvaro\Floresta-3-20260714T215823Z-1-001\Floresta-3\train\images\ik_4_04101_png_jpg.rf.d4aa323b97cbc7b1dd288bcd695aa31e.jpg,0.9711565971374512
validation-train,validation,D:\Datasets\Alvaro\Floresta-3-20260714T215823Z-1-001\Floresta-3\test\images\ik_4_04101_png_jpg.rf.e4cca4fb0e866d464adec4fa9db25fc1.jpg,train,D:\Datasets\Alvaro\Floresta-3-20260714T215823Z-1-001\Floresta-3\train\images\ik_4_04151_png_jpg.rf.9dab82c4a3096cbd55fd7e81796c5b8e.jpg,0.8684613704681396
validation-train,validation,D:\Datasets\Alvaro\Floresta-3-20260714T215823Z-1-001\Floresta-3\test\images\ik_4_04151_png_jpg.rf.9a3278e4c4bf86f70c48fa1a5d3a6b40.jpg,train,D:\Datasets\Alvaro\Floresta-3-20260714T215823Z-1-001\Floresta-3\train\images\ik_4_04151_png_jpg.rf.6fd271c2565d1368be63c4731fef7f67.jpg,0.9581263065338135
validation-train,validation,D:\Datasets\Alvaro\Floresta-3-20260714T215823Z-1-001\Floresta-3\test\images\ik_4_04151_png_jpg.rf.b42f0cea97d1adebfe159a2fddccc24a.jpg,train,D:\Datasets\Alvaro\Floresta-3-20260714T215823Z-1-001\Floresta-3\train\images\ik_4_04151_png_jpg.rf.6fd271c2565d1368be63c4731fef7f67.jpg,0.9477726221084595
validation-train,validation,D:\Datasets\Alvaro\Floresta-3-20260714T215823Z-1-001\Floresta-3\test\images\ik_4_04201_png_jpg.rf.10155a2a1b9a864628e22986b6227c09.jpg,train,D:\Datasets\Alvaro\Floresta-3-20260714T215823Z-1-001\Floresta-3\train\images\ik_4_04201_png_jpg.rf.0c8b196f7222a7c73fdabfa7a15b3dbc.jpg,0.9571493864059448
validation-train,validation,D:\Datasets\Alvaro\Floresta-3-20260714T215823Z-1-001\Floresta-3\test\images\ik_4_04201_png_jpg.rf.48c723c5b5cc5331653a2dcbed00f1de.jpg,train,D:\Datasets\Alvaro\Floresta-3-20260714T215823Z-1-001\Floresta-3\train\images\ik_4_04201_png_jpg.rf.0bdb612492faf0879235466144c001d0.jpg,0.9831973910331726
validation-train,validation,D:\Datasets\Alvaro\Floresta-3-20260714T215823Z-1-001\Floresta-3\test\images\ik_4_04201_png_jpg.rf.c818e0c279ef5b3dc147979409bfb58c.jpg,train,D:\Datasets\Alvaro\Floresta-3-20260714T215823Z-1-001\Floresta-3\train\images\ik_4_04201_png_jpg.rf.1a57a793e491d12870118d73bb6e31dd.jpg,0.9625129699707031
validation-train,validation,D:\Datasets\Alvaro\Floresta-3-20260714T215823Z-1-001\Floresta-3\test\images\ik_4_04201_png_jpg.rf.e7583c85ea33ee3f3ade6ac0734c84aa.jpg,train,D:\Datasets\Alvaro\Floresta-3-20260714T215823Z-1-001\Floresta-3\train\images\ik_4_04201_png_jpg.rf.13d45f492e6eccbdcf8d956f4572dfad.jpg,0.9749940633773804
validation-train,validation,D:\Datasets\Alvaro\Floresta-3-20260714T215823Z-1-001\Floresta-3\test\images\ik_4_04201_png_jpg.rf.f416284b830860c98772ff0ddb8f6674.jpg,train,D:\Datasets\Alvaro\Floresta-3-20260714T215823Z-1-001\Floresta-3\train\images\ik_4_04201_png_jpg.rf.755881a6fa6dac99b0f22e7a8f9e2912.jpg,0.9280219078063965
validation-train,validation,D:\Datasets\Alvaro\Floresta-3-20260714T215823Z-1-001\Floresta-3\test\images\ik_4_04301_png_jpg.rf.19ffb2a049faf8b95f89faa7656c11e2.jpg,train,D:\Datasets\Alvaro\Floresta-3-20260714T215823Z-1-001\Floresta-3\train\images\ik_4_04301_png_jpg.rf.4a906cfb17a5e047f15de26d1a177516.jpg,0.9757829904556274
validation-train,validation,D:\Datasets\Alvaro\Floresta-3-20260714T215823Z-1-001\Floresta-3\test\images\ik_4_04301_png_jpg.rf.2701930971428fd786b792bb89f05565.jpg,train,D:\Datasets\Alvaro\Floresta-3-20260714T215823Z-1-001\Floresta-3\train\images\ik_4_04301_png_jpg.rf.d20f55a7a01babf2214f022d1ddfd942.jpg,0.966008722782135
validation-train,validation,D:\Datasets\Alvaro\Floresta-3-20260714T215823Z-1-001\Floresta-3\test\images\ik_4_04301_png_jpg.rf.6808b95c6ab2816ccb219bef65006e4f.jpg,train,D:\Datasets\Alvaro\Floresta-3-20260714T215823Z-1-001\Floresta-3\train\images\ik_4_04301_png_jpg.rf.4a906cfb17a5e047f15de26d1a177516.jpg,0.9719312191009521
validation-train,validation,D:\Datasets\Alvaro\Floresta-3-20260714T215823Z-1-001\Floresta-3\test\images\ik_4_04351_png_jpg.rf.574322fb2b6b8711660694bbe79b100e.jpg,train,D:\Datasets\Alvaro\Floresta-3-20260714T215823Z-1-001\Floresta-3\train\images\ik_4_04351_png_jpg.rf.613e6f27e761c919c1f6c8a480bfc50d.jpg,0.975545346736908
validation-train,validation,D:\Datasets\Alvaro\Floresta-3-20260714T215823Z-1-001\Floresta-3\test\images\ik_4_04351_png_jpg.rf.e25605df6d70cfa0a5b8bab0f129dda0.jpg,train,D:\Datasets\Alvaro\Floresta-3-20260714T215823Z-1-001\Floresta-3\train\images\ik_4_04351_png_jpg.rf.032def7b61edabeabf9f694856306fb4.jpg,0.9593637585639954
validation-train,validation,D:\Datasets\Alvaro\Floresta-3-20260714T215823Z-1-001\Floresta-3\test\images\ik_4_04451_png_jpg.rf.4fce4d247b721c8d9db08233ade33071.jpg,train,D:\Datasets\Alvaro\Floresta-3-20260714T215823Z-1-001\Floresta-3\train\images\ik_4_04451_png_jpg.rf.bfcafa04fc3eca40e2aaf6861e3ddcc9.jpg,0.9581567049026489
validation-train,validation,D:\Datasets\Alvaro\Floresta-3-20260714T215823Z-1-001\Floresta-3\test\images\ik_4_04451_png_jpg.rf.7720789ed12d382e1cb768f572fa87fd.jpg,train,D:\Datasets\Alvaro\Floresta-3-20260714T215823Z-1-001\Floresta-3\train\images\ik_4_04451_png_jpg.rf.70ce066b68a5a3b988d5b610f8125857.jpg,0.9702745676040649
validation-train,validation,D:\Datasets\Alvaro\Floresta-3-20260714T215823Z-1-001\Floresta-3\test\images\ik_4_04451_png_jpg.rf.80502b6c659446b498838c7ec944a9bf.jpg,train,D:\Datasets\Alvaro\Floresta-3-20260714T215823Z-1-001\Floresta-3\train\images\ik_4_04451_png_jpg.rf.bfcafa04fc3eca40e2aaf6861e3ddcc9.jpg,0.9538540244102478
validation-train,validation,D:\Datasets\Alvaro\Floresta-3-20260714T215823Z-1-001\Floresta-3\test\images\ik_4_04501_png_jpg.rf.2fb967624930ff106f5a72be776662fa.jpg,train,D:\Datasets\Alvaro\Floresta-3-20260714T215823Z-1-001\Floresta-3\train\images\ik_4_04501_png_jpg.rf.1a51e1caa4665a7092f9d09486ab31a7.jpg,0.9523538947105408
validation-train,validation,D:\Datasets\Alvaro\Floresta-3-20260714T215823Z-1-001\Floresta-3\test\images\ik_4_04501_png_jpg.rf.60dee772b9d220c513d77d456e4da829.jpg,train,D:\Datasets\Alvaro\Floresta-3-20260714T215823Z-1-001\Floresta-3\train\images\ik_4_04501_png_jpg.rf.991fcc05a14ec6e1eed1cceaf6780250.jpg,0.9693187475204468
validation-train,validation,D:\Datasets\Alvaro\Floresta-3-20260714T215823Z-1-001\Floresta-3\test\images\ik_4_04501_png_jpg.rf.c82ee5f8067c1f0d2eef9be4f5008662.jpg,train,D:\Datasets\Alvaro\Floresta-3-20260714T215823Z-1-001\Floresta-3\train\images\ik_4_04501_png_jpg.rf.a0058755b26615bb33e32caed171b1cd.jpg,0.9849417805671692
validation-train,validation,D:\Datasets\Alvaro\Floresta-3-20260714T215823Z-1-001\Floresta-3\test\images\ik_4_04551_png_jpg.rf.2184d0af54f8a56f4808132a5d29b7b5.jpg,train,D:\Datasets\Alvaro\Floresta-3-20260714T215823Z-1-001\Floresta-3\train\images\ik_4_04501_png_jpg.rf.ab1f73c1c194ae9a14ac049bf0ad2320.jpg,0.9529269933700562
validation-train,validation,D:\Datasets\Alvaro\Floresta-3-20260714T215823Z-1-001\Floresta-3\test\images\ik_4_04551_png_jpg.rf.40709a63d30efb4c6d746708401af49d.jpg,train,D:\Datasets\Alvaro\Floresta-3-20260714T215823Z-1-001\Floresta-3\train\images\ik_4_04551_png_jpg.rf.214f0e994c7a612e4c45a88772c896c5.jpg,0.9498724937438965
validation-train,validation,D:\Datasets\Alvaro\Floresta-3-20260714T215823Z-1-001\Floresta-3\test\images\ik_4_04551_png_jpg.rf.860a544128bde347b84b5eadc9b6fd72.jpg,train,D:\Datasets\Alvaro\Floresta-3-20260714T215823Z-1-001\Floresta-3\train\images\ik_4_04551_png_jpg.rf.13ba8ca5bbb97f7e798bfff019376a54.jpg,0.955278754234314
validation-train,validation,D:\Datasets\Alvaro\Floresta-3-20260714T215823Z-1-001\Floresta-3\test\images\ik_4_04551_png_jpg.rf.9e63fee2da5371770fef42ecfc31f984.jpg,train,D:\Datasets\Alvaro\Floresta-3-20260714T215823Z-1-001\Floresta-3\train\images\ik_4_04551_png_jpg.rf.9e822c321de417be1d8d89a51353b353.jpg,0.964240550994873
validation-train,validation,D:\Datasets\Alvaro\Floresta-3-20260714T215823Z-1-001\Floresta-3\test\images\ik_4_04551_png_jpg.rf.cf1b5816e35fc36e6dc6fefc3770f7b1.jpg,train,D:\Datasets\Alvaro\Floresta-3-20260714T215823Z-1-001\Floresta-3\train\images\ik_4_04551_png_jpg.rf.13ba8ca5bbb97f7e798bfff019376a54.jpg,0.9647693634033203
validation-train,validation,D:\Datasets\Alvaro\Floresta-3-20260714T215823Z-1-001\Floresta-3\test\images\ik_4_04551_png_jpg.rf.d88ee4144fd5056ddaa21d734dbee84b.jpg,train,D:\Datasets\Alvaro\Floresta-3-20260714T215823Z-1-001\Floresta-3\train\images\ik_4_04551_png_jpg.rf.87106d433749b7e9b52566b6dbe5a7e2.jpg,0.9479190111160278
validation-train,validation,D:\Datasets\Alvaro\Floresta-3-20260714T215823Z-1-001\Floresta-3\test\images\ik_4_04601_png_jpg.rf.3e249e3e30af58a3781672724973e2c3.jpg,train,D:\Datasets\Alvaro\Floresta-3-20260714T215823Z-1-001\Floresta-3\train\images\ik_4_04601_png_jpg.rf.f798023cd3f6e9496443cc257001b734.jpg,0.9446697235107422
validation-train,validation,D:\Datasets\Alvaro\Floresta-3-20260714T215823Z-1-001\Floresta-3\test\images\ik_4_04651_png_jpg.rf.0b0526639f5a6525595465078c00d7ae.jpg,train,D:\Datasets\Alvaro\Floresta-3-20260714T215823Z-1-001\Floresta-3\train\images\ik_4_04651_png_jpg.rf.961ab833f5a546faee1d399275a8f094.jpg,0.9218032956123352
validation-train,validation,D:\Datasets\Alvaro\Floresta-3-20260714T215823Z-1-001\Floresta-3\test\images\ik_4_04651_png_jpg.rf.1b1f5866297f70883fd6f1af295fff4d.jpg,train,D:\Datasets\Alvaro\Floresta-3-20260714T215823Z-1-001\Floresta-3\train\images\ik_4_04651_png_jpg.rf.5b53bb9a4a228d9830f02a31c9da5695.jpg,0.9345771670341492
validation-train,validation,D:\Datasets\Alvaro\Floresta-3-20260714T215823Z-1-001\Floresta-3\test\images\ik_4_04651_png_jpg.rf.21ad77048ae3dfb3bc36ce3ac53f6972.jpg,train,D:\Datasets\Alvaro\Floresta-3-20260714T215823Z-1-001\Floresta-3\train\images\ik_4_04651_png_jpg.rf.5b53bb9a4a228d9830f02a31c9da5695.jpg,0.969791829586029
validation-train,validation,D:\Datasets\Alvaro\Floresta-3-20260714T215823Z-1-001\Floresta-3\test\images\ik_4_04651_png_jpg.rf.aec57597dcf2d12a91d32385c65c8b20.jpg,train,D:\Datasets\Alvaro\Floresta-3-20260714T215823Z-1-001\Floresta-3\train\images\ik_4_04651_png_jpg.rf.961ab833f5a546faee1d399275a8f094.jpg,0.9374387264251709
validation-train,validation,D:\Datasets\Alvaro\Floresta-3-20260714T215823Z-1-001\Floresta-3\test\images\ik_4_04651_png_jpg.rf.ec466c33d43136174abdd3c396a69135.jpg,train,D:\Datasets\Alvaro\Floresta-3-20260714T215823Z-1-001\Floresta-3\train\images\ik_4_04651_png_jpg.rf.961ab833f5a546faee1d399275a8f094.jpg,0.9450726509094238
validation-train,validation,D:\Datasets\Alvaro\Floresta-3-20260714T215823Z-1-001\Floresta-3\test\images\ik_4_04701_png_jpg.rf.4b2ba9b552702cb7be3f415b9ee67d94.jpg,train,D:\Datasets\Alvaro\Floresta-3-20260714T215823Z-1-001\Floresta-3\train\images\ik_4_04751_png_jpg.rf.b7b4e84745daa34ca6f2c21526e3ae9a.jpg,0.9685232639312744
validation-train,validation,D:\Datasets\Alvaro\Floresta-3-20260714T215823Z-1-001\Floresta-3\test\images\ik_4_04701_png_jpg.rf.9c4b610667691a5a2fc49d6a12d27aaa.jpg,train,D:\Datasets\Alvaro\Floresta-3-20260714T215823Z-1-001\Floresta-3\train\images\ik_4_04751_png_jpg.rf.b7b4e84745daa34ca6f2c21526e3ae9a.jpg,0.9551558494567871
validation-train,validation,D:\Datasets\Alvaro\Floresta-3-20260714T215823Z-1-001\Floresta-3\test\images\ik_4_04701_png_jpg.rf.c4c84c38f580ca0fecf55228e034aaa1.jpg,train,D:\Datasets\Alvaro\Floresta-3-20260714T215823Z-1-001\Floresta-3\train\images\ik_4_04701_png_jpg.rf.f39670934e21bd1a1c0f63cd9ea1781d.jpg,0.9604865312576294
validation-train,validation,D:\Datasets\Alvaro\Floresta-3-20260714T215823Z-1-001\Floresta-3\test\images\ik_4_04701_png_jpg.rf.c665666809d44517157b023afd9e2f7c.jpg,train,D:\Datasets\Alvaro\Floresta-3-20260714T215823Z-1-001\Floresta-3\train\images\ik_4_04701_png_jpg.rf.f39670934e21bd1a1c0f63cd9ea1781d.jpg,0.9510766267776489
validation-train,validation,D:\Datasets\Alvaro\Floresta-3-20260714T215823Z-1-001\Floresta-3\test\images\ik_4_04751_png_jpg.rf.8747b028394b09631548dc0ce9174615.jpg,train,D:\Datasets\Alvaro\Floresta-3-20260714T215823Z-1-001\Floresta-3\train\images\ik_4_04751_png_jpg.rf.b7b4e84745daa34ca6f2c21526e3ae9a.jpg,0.9476686716079712
validation-train,validation,D:\Datasets\Alvaro\Floresta-3-20260714T215823Z-1-001\Floresta-3\test\images\ik_4_04751_png_jpg.rf.a630b0e9b16ca3a2a10aa6c596b6f5d0.jpg,train,D:\Datasets\Alvaro\Floresta-3-20260714T215823Z-1-001\Floresta-3\train\images\ik_4_04751_png_jpg.rf.1c38705a0047975d31e7a598da54f19c.jpg,0.9710515737533569
validation-train,validation,D:\Datasets\Alvaro\Floresta-3-20260714T215823Z-1-001\Floresta-3\test\images\ik_4_04751_png_jpg.rf.d6c959fbe8207cfc39a191b522cee288.jpg,train,D:\Datasets\Alvaro\Floresta-3-20260714T215823Z-1-001\Floresta-3\train\images\ik_4_04751_png_jpg.rf.5f789a61b0064dd397f4c4dbbd97773a.jpg,0.9525658488273621
validation-train,validation,D:\Datasets\Alvaro\Floresta-3-20260714T215823Z-1-001\Floresta-3\test\images\ik_4_04751_png_jpg.rf.fdc381c8173ac3263ca10ef9ff2ea286.jpg,train,D:\Datasets\Alvaro\Floresta-3-20260714T215823Z-1-001\Floresta-3\train\images\ik_4_04751_png_jpg.rf.538cdc310473ae237fe8a0285addf236.jpg,0.9449229836463928
validation-train,validation,D:\Datasets\Alvaro\Floresta-3-20260714T215823Z-1-001\Floresta-3\test\images\ik_4_04801_png_jpg.rf.1ecde34c9cdd05258733a9fd992fc7fa.jpg,train,D:\Datasets\Alvaro\Floresta-3-20260714T215823Z-1-001\Floresta-3\train\images\ik_4_04751_png_jpg.rf.4894a15ff45a0a3e58b9b4209371fc0f.jpg,0.9702730178833008
validation-train,validation,D:\Datasets\Alvaro\Floresta-3-20260714T215823Z-1-001\Floresta-3\test\images\ik_4_04801_png_jpg.rf.2bed20267ac54f770509dc6e2f18b58d.jpg,train,D:\Datasets\Alvaro\Floresta-3-20260714T215823Z-1-001\Floresta-3\train\images\ik_4_04801_png_jpg.rf.49ee28f0ffbe1e4a74e2f8aba4b219bc.jpg,0.9621479511260986
validation-train,validation,D:\Datasets\Alvaro\Floresta-3-20260714T215823Z-1-001\Floresta-3\test\images\ik_4_04801_png_jpg.rf.b5104e61de9d80c442e8e283c29cb52b.jpg,train,D:\Datasets\Alvaro\Floresta-3-20260714T215823Z-1-001\Floresta-3\train\images\ik_4_04751_png_jpg.rf.4894a15ff45a0a3e58b9b4209371fc0f.jpg,0.9675948619842529
validation-train,validation,D:\Datasets\Alvaro\Floresta-3-20260714T215823Z-1-001\Floresta-3\test\images\ik_4_04801_png_jpg.rf.c2e7bfaeb913accfb15306b19b8a86fc.jpg,train,D:\Datasets\Alvaro\Floresta-3-20260714T215823Z-1-001\Floresta-3\train\images\ik_4_04751_png_jpg.rf.51fcac90ce3f5aea8debbd625d256aba.jpg,0.956885576248169
validation-train,validation,D:\Datasets\Alvaro\Floresta-3-20260714T215823Z-1-001\Floresta-3\test\images\ik_4_04851_png_jpg.rf.35a08eacf7f2ec79ff9cb26f743aa3f8.jpg,train,D:\Datasets\Alvaro\Floresta-3-20260714T215823Z-1-001\Floresta-3\train\images\ik_4_04801_png_jpg.rf.49ee28f0ffbe1e4a74e2f8aba4b219bc.jpg,0.9582915306091309
validation-train,validation,D:\Datasets\Alvaro\Floresta-3-20260714T215823Z-1-001\Floresta-3\test\images\ik_4_04851_png_jpg.rf.481fd6b45f211e3a40f7d6f6663513ce.jpg,train,D:\Datasets\Alvaro\Floresta-3-20260714T215823Z-1-001\Floresta-3\train\images\ik_4_04851_png_jpg.rf.9209f4e5e8b70f2a05157a4b6dbe91b6.jpg,0.9755919575691223
validation-train,validation,D:\Datasets\Alvaro\Floresta-3-20260714T215823Z-1-001\Floresta-3\test\images\ik_4_04851_png_jpg.rf.a60b0f66b3a039bc208a4f03b5a7d454.jpg,train,D:\Datasets\Alvaro\Floresta-3-20260714T215823Z-1-001\Floresta-3\train\images\ik_4_04751_png_jpg.rf.5e0354db88b814bc06ceafa4711b0bd9.jpg,0.9355899691581726
validation-train,validation,D:\Datasets\Alvaro\Floresta-3-20260714T215823Z-1-001\Floresta-3\test\images\ik_4_04901_png_jpg.rf.0483d09d7ae2ddfc6d1c9bb98264e0d9.jpg,train,D:\Datasets\Alvaro\Floresta-3-20260714T215823Z-1-001\Floresta-3\train\images\ik_4_04901_png_jpg.rf.4596ecc46af36474350f45ce60b0880d.jpg,0.9670944213867188
validation-train,validation,D:\Datasets\Alvaro\Floresta-3-20260714T215823Z-1-001\Floresta-3\test\images\ik_4_04901_png_jpg.rf.0a72023f70e536b24a317bcce5023f2e.jpg,train,D:\Datasets\Alvaro\Floresta-3-20260714T215823Z-1-001\Floresta-3\train\images\ik_4_04901_png_jpg.rf.e5e64c6db145bf10c206def5b4f887c0.jpg,0.9557719230651855
validation-train,validation,D:\Datasets\Alvaro\Floresta-3-20260714T215823Z-1-001\Floresta-3\test\images\ik_4_04901_png_jpg.rf.4a84deac94d55aa7c3808d00e0bead6a.jpg,train,D:\Datasets\Alvaro\Floresta-3-20260714T215823Z-1-001\Floresta-3\train\images\ik_4_04901_png_jpg.rf.2097c364fb4ebcc469a04cb44c3796af.jpg,0.9558449387550354
validation-train,validation,D:\Datasets\Alvaro\Floresta-3-20260714T215823Z-1-001\Floresta-3\test\images\ik_4_04901_png_jpg.rf.c4211a43b29e34265ff38bb9938202a5.jpg,train,D:\Datasets\Alvaro\Floresta-3-20260714T215823Z-1-001\Floresta-3\train\images\ik_4_04901_png_jpg.rf.d2a0e686bc509c8034cab050ae39fb5c.jpg,0.9467461109161377
validation-train,validation,D:\Datasets\Alvaro\Floresta-3-20260714T215823Z-1-001\Floresta-3\test\images\ik_4_04951_png_jpg.rf.12be94bc1ed18a5084de0b3dbf130db7.jpg,train,D:\Datasets\Alvaro\Floresta-3-20260714T215823Z-1-001\Floresta-3\train\images\ik_4_04951_png_jpg.rf.69b361c7f4cad0676e3d2a8c763b8e71.jpg,0.9504099488258362
validation-train,validation,D:\Datasets\Alvaro\Floresta-3-20260714T215823Z-1-001\Floresta-3\test\images\ik_4_04951_png_jpg.rf.b0745da216def6e64ddb9677e6d0b83e.jpg,train,D:\Datasets\Alvaro\Floresta-3-20260714T215823Z-1-001\Floresta-3\train\images\ik_4_04951_png_jpg.rf.69b361c7f4cad0676e3d2a8c763b8e71.jpg,0.9728423953056335
validation-train,validation,D:\Datasets\Alvaro\Floresta-3-20260714T215823Z-1-001\Floresta-3\test\images\ik_4_04951_png_jpg.rf.c7595f3bddce4630635537e5b83eccee.jpg,train,D:\Datasets\Alvaro\Floresta-3-20260714T215823Z-1-001\Floresta-3\train\images\ik_4_04951_png_jpg.rf.fa05bf5788f95b64fd598d78c174289c.jpg,0.9591889381408691
validation-train,validation,D:\Datasets\Alvaro\Floresta-3-20260714T215823Z-1-001\Floresta-3\test\images\ik_4_05001_png_jpg.rf.3236446a97da04a308e0b7480b0e3045.jpg,train,D:\Datasets\Alvaro\Floresta-3-20260714T215823Z-1-001\Floresta-3\train\images\ik_4_05001_png_jpg.rf.30f196222b4b85721188bb0fde01afb1.jpg,0.9440470337867737
validation-train,validation,D:\Datasets\Alvaro\Floresta-3-20260714T215823Z-1-001\Floresta-3\test\images\ik_4_05001_png_jpg.rf.b6d2db3eecd9592c6f2532717bd9881b.jpg,train,D:\Datasets\Alvaro\Floresta-3-20260714T215823Z-1-001\Floresta-3\train\images\ik_4_05001_png_jpg.rf.febcf33ca25d18c41bc697f7f5cbc12f.jpg,0.9376235008239746
validation-train,validation,D:\Datasets\Alvaro\Floresta-3-20260714T215823Z-1-001\Floresta-3\test\images\ik_4_05001_png_jpg.rf.feacf628ff2ea1e1b8c52e6ae56a723f.jpg,train,D:\Datasets\Alvaro\Floresta-3-20260714T215823Z-1-001\Floresta-3\train\images\ik_4_05001_png_jpg.rf.30f196222b4b85721188bb0fde01afb1.jpg,0.9693793058395386
validation-train,validation,D:\Datasets\Alvaro\Floresta-3-20260714T215823Z-1-001\Floresta-3\test\images\ik_4_05051_png_jpg.rf.442d3e12ebf7efeb5a0841f8c786913d.jpg,train,D:\Datasets\Alvaro\Floresta-3-20260714T215823Z-1-001\Floresta-3\train\images\ik_4_05051_png_jpg.rf.3b816e9bc040cbdcb94a5d1685f57885.jpg,0.9379698038101196
validation-train,validation,D:\Datasets\Alvaro\Floresta-3-20260714T215823Z-1-001\Floresta-3\test\images\ik_4_05051_png_jpg.rf.7f5eec2dceeee64a485a59c4a621cb9b.jpg,train,D:\Datasets\Alvaro\Floresta-3-20260714T215823Z-1-001\Floresta-3\train\images\ik_4_05051_png_jpg.rf.3b816e9bc040cbdcb94a5d1685f57885.jpg,0.947015106678009
validation-train,validation,D:\Datasets\Alvaro\Floresta-3-20260714T215823Z-1-001\Floresta-3\test\images\ik_4_05051_png_jpg.rf.f8cb20fdad9fac28aac2dca848081efa.jpg,train,D:\Datasets\Alvaro\Floresta-3-20260714T215823Z-1-001\Floresta-3\train\images\ik_4_05051_png_jpg.rf.3b816e9bc040cbdcb94a5d1685f57885.jpg,0.9541056752204895
validation-train,validation,D:\Datasets\Alvaro\Floresta-3-20260714T215823Z-1-001\Floresta-3\test\images\ik_4_05251_png_jpg.rf.102399b34a413ee557f5a7b6a7ed18c1.jpg,train,D:\Datasets\Alvaro\Floresta-3-20260714T215823Z-1-001\Floresta-3\train\images\ik_4_05251_png_jpg.rf.e7ba7465833a164794cfebd8da6c4e71.jpg,0.9647562503814697
validation-train,validation,D:\Datasets\Alvaro\Floresta-3-20260714T215823Z-1-001\Floresta-3\test\images\ik_4_05251_png_jpg.rf.1098dab973d4e91a4ab46f4eb819bb17.jpg,train,D:\Datasets\Alvaro\Floresta-3-20260714T215823Z-1-001\Floresta-3\train\images\ik_4_05251_png_jpg.rf.1c4870b79b64b70f9e0a8c41defbadc7.jpg,0.9590098857879639
validation-train,validation,D:\Datasets\Alvaro\Floresta-3-20260714T215823Z-1-001\Floresta-3\test\images\ik_4_05251_png_jpg.rf.804f8238153b1c8dc5946165404c4b97.jpg,train,D:\Datasets\Alvaro\Floresta-3-20260714T215823Z-1-001\Floresta-3\train\images\ik_4_05301_png_jpg.rf.23106630bad12f09b5f982f33392522f.jpg,0.9711241126060486
validation-train,validation,D:\Datasets\Alvaro\Floresta-3-20260714T215823Z-1-001\Floresta-3\test\images\ik_4_05301_png_jpg.rf.a378e00f77a1e5cbc9cfb6c3ff529d96.jpg,train,D:\Datasets\Alvaro\Floresta-3-20260714T215823Z-1-001\Floresta-3\train\images\ik_4_05301_png_jpg.rf.10469d472f2998b31cbf7a660ef26c3a.jpg,0.9743149876594543
validation-train,validation,D:\Datasets\Alvaro\Floresta-3-20260714T215823Z-1-001\Floresta-3\test\images\ik_4_05301_png_jpg.rf.b415acb3ebf2381912346ec961471975.jpg,train,D:\Datasets\Alvaro\Floresta-3-20260714T215823Z-1-001\Floresta-3\train\images\ik_4_05301_png_jpg.rf.338a90a070d29a8aa8f33ecb88bdc220.jpg,0.9503985643386841
validation-train,validation,D:\Datasets\Alvaro\Floresta-3-20260714T215823Z-1-001\Floresta-3\test\images\ik_4_05301_png_jpg.rf.eeb9e94008d010d5faeb3e3fa0e81118.jpg,train,D:\Datasets\Alvaro\Floresta-3-20260714T215823Z-1-001\Floresta-3\train\images\ik_4_05301_png_jpg.rf.10469d472f2998b31cbf7a660ef26c3a.jpg,0.9709299802780151
validation-train,validation,D:\Datasets\Alvaro\Floresta-3-20260714T215823Z-1-001\Floresta-3\test\images\ik_4_05351_png_jpg.rf.40b7d534fc8f168adfc589bbf4ded23f.jpg,train,D:\Datasets\Alvaro\Floresta-3-20260714T215823Z-1-001\Floresta-3\train\images\ik_4_05351_png_jpg.rf.e794fbedddef017a02b502662d5f0f01.jpg,0.947939395904541
validation-train,validation,D:\Datasets\Alvaro\Floresta-3-20260714T215823Z-1-001\Floresta-3\test\images\ik_4_05351_png_jpg.rf.77e804768ac529703967edee6a49dfff.jpg,train,D:\Datasets\Alvaro\Floresta-3-20260714T215823Z-1-001\Floresta-3\train\images\ik_4_05351_png_jpg.rf.6f71d07fda875f0d25d4d6791d857806.jpg,0.9649636745452881
validation-train,validation,D:\Datasets\Alvaro\Floresta-3-20260714T215823Z-1-001\Floresta-3\test\images\ik_4_05351_png_jpg.rf.d3ae84f41535617ef30e13640762f5a3.jpg,train,D:\Datasets\Alvaro\Floresta-3-20260714T215823Z-1-001\Floresta-3\train\images\ik_4_05351_png_jpg.rf.e794fbedddef017a02b502662d5f0f01.jpg,0.9700943827629089
validation-train,validation,D:\Datasets\Alvaro\Floresta-3-20260714T215823Z-1-001\Floresta-3\test\images\ik_4_05451_png_jpg.rf.b8b92c5c4398e61bbbeca78655183682.jpg,train,D:\Datasets\Alvaro\Floresta-3-20260714T215823Z-1-001\Floresta-3\train\images\ik_4_05451_png_jpg.rf.4d8c67c216af36d66699b4a1f3e008c8.jpg,0.9856635332107544
validation-train,validation,D:\Datasets\Alvaro\Floresta-3-20260714T215823Z-1-001\Floresta-3\test\images\ik_4_05451_png_jpg.rf.f91997efb62b7e486386842c06f8f5e9.jpg,train,D:\Datasets\Alvaro\Floresta-3-20260714T215823Z-1-001\Floresta-3\train\images\ik_4_05451_png_jpg.rf.47c48f9de1ed3b639db459f6c462e22b.jpg,0.9874375462532043
validation-train,validation,D:\Datasets\Alvaro\Floresta-3-20260714T215823Z-1-001\Floresta-3\test\images\ik_4_05501_png_jpg.rf.7d80be41924c89997a8558cb23a4f1af.jpg,train,D:\Datasets\Alvaro\Floresta-3-20260714T215823Z-1-001\Floresta-3\train\images\ik_4_05501_png_jpg.rf.b11217dbfd63be0c70834412ce3d6574.jpg,0.9463977813720703
validation-train,validation,D:\Datasets\Alvaro\Floresta-3-20260714T215823Z-1-001\Floresta-3\test\images\ik_4_05501_png_jpg.rf.a0747d72c01764fc42e34a4d5889f2f6.jpg,train,D:\Datasets\Alvaro\Floresta-3-20260714T215823Z-1-001\Floresta-3\train\images\ik_4_05451_png_jpg.rf.6101b062e353bd7d80f276d074f3ae16.jpg,0.9372750520706177
validation-train,validation,D:\Datasets\Alvaro\Floresta-3-20260714T215823Z-1-001\Floresta-3\test\images\ik_4_05551_png_jpg.rf.04834a623414138440e4127acc2b5ff5.jpg,train,D:\Datasets\Alvaro\Floresta-3-20260714T215823Z-1-001\Floresta-3\train\images\ik_4_05551_png_jpg.rf.018feb6c849f06511896ec4807b366d1.jpg,0.9577751755714417
validation-train,validation,D:\Datasets\Alvaro\Floresta-3-20260714T215823Z-1-001\Floresta-3\test\images\ik_4_05551_png_jpg.rf.48310992404ee1f7fc2cea893abdc4a8.jpg,train,D:\Datasets\Alvaro\Floresta-3-20260714T215823Z-1-001\Floresta-3\train\images\ik_4_05551_png_jpg.rf.bc980789bb4ccf908874374d8f3db26f.jpg,0.9683328866958618
validation-train,validation,D:\Datasets\Alvaro\Floresta-3-20260714T215823Z-1-001\Floresta-3\test\images\ik_4_05551_png_jpg.rf.64a947f1bc7899191b349b0a895d0775.jpg,train,D:\Datasets\Alvaro\Floresta-3-20260714T215823Z-1-001\Floresta-3\train\images\ik_4_05551_png_jpg.rf.efaf2021a9aa08a4b7726a53257dc6f3.jpg,0.9791885018348694
validation-train,validation,D:\Datasets\Alvaro\Floresta-3-20260714T215823Z-1-001\Floresta-3\test\images\ik_4_05551_png_jpg.rf.7dd91fdbbc64ea7fa59eb19dd3dbc86b.jpg,train,D:\Datasets\Alvaro\Floresta-3-20260714T215823Z-1-001\Floresta-3\train\images\ik_4_05551_png_jpg.rf.b30c5eda57593a993f7c004add4ed896.jpg,0.9644712209701538
validation-train,validation,D:\Datasets\Alvaro\Floresta-3-20260714T215823Z-1-001\Floresta-3\test\images\ik_4_05551_png_jpg.rf.e0e42354f35cf16fb75ef0b3b5f5da2d.jpg,train,D:\Datasets\Alvaro\Floresta-3-20260714T215823Z-1-001\Floresta-3\train\images\ik_4_05551_png_jpg.rf.4dc0005f09cd4f6acb4fb41168d3f935.jpg,0.9743591547012329
validation-train,validation,D:\Datasets\Alvaro\Floresta-3-20260714T215823Z-1-001\Floresta-3\test\images\ik_4_05551_png_jpg.rf.fda2fc3f6ef9c8ab18e591765d77ab0c.jpg,train,D:\Datasets\Alvaro\Floresta-3-20260714T215823Z-1-001\Floresta-3\train\images\ik_4_05551_png_jpg.rf.bc980789bb4ccf908874374d8f3db26f.jpg,0.9800045490264893
validation-train,validation,D:\Datasets\Alvaro\Floresta-3-20260714T215823Z-1-001\Floresta-3\test\images\ik_4_05601_png_jpg.rf.12f31f8219f2a81122d1d29c2118dccb.jpg,train,D:\Datasets\Alvaro\Floresta-3-20260714T215823Z-1-001\Floresta-3\train\images\ik_4_05601_png_jpg.rf.d9dc3c928c04e783c390040f47948c84.jpg,0.9710640907287598
validation-train,validation,D:\Datasets\Alvaro\Floresta-3-20260714T215823Z-1-001\Floresta-3\test\images\ik_4_05601_png_jpg.rf.98da66d7bcd804710965326b4a17fe72.jpg,train,D:\Datasets\Alvaro\Floresta-3-20260714T215823Z-1-001\Floresta-3\train\images\ik_4_05651_png_jpg.rf.12122bddd6c6e2a1477bf5f35775d884.jpg,0.9424439072608948
validation-train,validation,D:\Datasets\Alvaro\Floresta-3-20260714T215823Z-1-001\Floresta-3\test\images\ik_4_05601_png_jpg.rf.995bbdb63c9838249f74799ad9d1d194.jpg,train,D:\Datasets\Alvaro\Floresta-3-20260714T215823Z-1-001\Floresta-3\train\images\ik_4_05601_png_jpg.rf.6da5c6c0d694187a30e8c51ce1f30bca.jpg,0.9770553112030029
validation-train,validation,D:\Datasets\Alvaro\Floresta-3-20260714T215823Z-1-001\Floresta-3\test\images\ik_4_05601_png_jpg.rf.f76fa16fa3ca20691640db6c8ce4997b.jpg,train,D:\Datasets\Alvaro\Floresta-3-20260714T215823Z-1-001\Floresta-3\train\images\ik_4_05651_png_jpg.rf.12122bddd6c6e2a1477bf5f35775d884.jpg,0.9132614135742188
validation-train,validation,D:\Datasets\Alvaro\Floresta-3-20260714T215823Z-1-001\Floresta-3\test\images\ik_4_05601_png_jpg.rf.ffae46923876057f08f449844620c672.jpg,train,D:\Datasets\Alvaro\Floresta-3-20260714T215823Z-1-001\Floresta-3\train\images\ik_4_05651_png_jpg.rf.613c01c524d918bf736d7e5956a4795f.jpg,0.9153468608856201
validation-train,validation,D:\Datasets\Alvaro\Floresta-3-20260714T215823Z-1-001\Floresta-3\test\images\ik_4_05651_png_jpg.rf.b366e4fd7a7eb34d070e3cc669f8750d.jpg,train,D:\Datasets\Alvaro\Floresta-3-20260714T215823Z-1-001\Floresta-3\train\images\ik_4_05651_png_jpg.rf.658165b00afa184a893616f4fcac4b7c.jpg,0.967581570148468
validation-train,validation,D:\Datasets\Alvaro\Floresta-3-20260714T215823Z-1-001\Floresta-3\test\images\ik_4_05751_png_jpg.rf.6b7fae1319a8464867e01701b2797389.jpg,train,D:\Datasets\Alvaro\Floresta-3-20260714T215823Z-1-001\Floresta-3\train\images\ik_4_05751_png_jpg.rf.d98aad69ed1801cdee5fe9de365e93b5.jpg,0.97698974609375
validation-train,validation,D:\Datasets\Alvaro\Floresta-3-20260714T215823Z-1-001\Floresta-3\test\images\ik_4_05751_png_jpg.rf.77b8741d0f75b2267b900ac558d0f65f.jpg,train,D:\Datasets\Alvaro\Floresta-3-20260714T215823Z-1-001\Floresta-3\train\images\ik_4_05751_png_jpg.rf.f5e21da07332d66b7f0120490df13dee.jpg,0.9748678207397461
validation-train,validation,D:\Datasets\Alvaro\Floresta-3-20260714T215823Z-1-001\Floresta-3\test\images\ik_4_05751_png_jpg.rf.d6f2fe5adfa708b2156c9e5de8fd17b6.jpg,train,D:\Datasets\Alvaro\Floresta-3-20260714T215823Z-1-001\Floresta-3\train\images\ik_4_05751_png_jpg.rf.f5e21da07332d66b7f0120490df13dee.jpg,0.9682567119598389
validation-train,validation,D:\Datasets\Alvaro\Floresta-3-20260714T215823Z-1-001\Floresta-3\test\images\imagem23_jpg.rf.6ac4a85f02d415b138ea314d65690fa3.jpg,train,D:\Datasets\Alvaro\Floresta-3-20260714T215823Z-1-001\Floresta-3\train\images\imagem70_jpg.rf.e0b3720ac90858567fdfba30985fd0fe.jpg,0.8232347965240479
validation-train,validation,D:\Datasets\Alvaro\Floresta-3-20260714T215823Z-1-001\Floresta-3\test\images\imagem24_jpg.rf.7474bb7ac2d9450c1b5b5253aaa858ff.jpg,train,D:\Datasets\Alvaro\Floresta-3-20260714T215823Z-1-001\Floresta-3\train\images\imagem22_jpg.rf.f81d6642dda921bcb4d9296a759d31c0.jpg,0.8591347932815552
validation-train,validation,D:\Datasets\Alvaro\Floresta-3-20260714T215823Z-1-001\Floresta-3\test\images\imagem2_jpg.rf.6209417cf626d65d571fa0e810a60759.jpg,train,D:\Datasets\Alvaro\Floresta-3-20260714T215823Z-1-001\Floresta-3\train\images\imagem1_jpg.rf.4074a2f9819a5c180fa015589807d6b7.jpg,0.9047262668609619
validation-train,validation,D:\Datasets\Alvaro\Floresta-3-20260714T215823Z-1-001\Floresta-3\test\images\imagem30_jpg.rf.ee343c5cecd107e081b39d8dc6aee2a0.jpg,train,D:\Datasets\Alvaro\Floresta-3-20260714T215823Z-1-001\Floresta-3\train\images\27460_sat_42_jpg.rf.2e33f36b213c72c4e5a76958a5d9b5c3.jpg,0.8366588354110718
validation-train,validation,D:\Datasets\Alvaro\Floresta-3-20260714T215823Z-1-001\Floresta-3\test\images\imagem33_jpg.rf.c38aba9d1215aa4a213afa0c0abc9759.jpg,train,D:\Datasets\Alvaro\Floresta-3-20260714T215823Z-1-001\Floresta-3\train\images\imagem53_jpg.rf.e3230fe11dc3295c62c6cc51a7fa4349.jpg,0.8524227142333984
validation-train,validation,D:\Datasets\Alvaro\Floresta-3-20260714T215823Z-1-001\Floresta-3\test\images\imagem34_jpg.rf.d41c0e988dec12a04a9885180a69aaf6.jpg,train,D:\Datasets\Alvaro\Floresta-3-20260714T215823Z-1-001\Floresta-3\train\images\imagem65_jpg.rf.19aeabfe10fde408ce51be32399a3fa7.jpg,0.8486438989639282
validation-train,validation,D:\Datasets\Alvaro\Floresta-3-20260714T215823Z-1-001\Floresta-3\test\images\imagem36_jpg.rf.2afe30c5f6bdb5d101f012c8fc62ea6f.jpg,train,D:\Datasets\Alvaro\Floresta-3-20260714T215823Z-1-001\Floresta-3\train\images\1-3-6_png_jpg.rf.484db138e5eaf890eb8de1c82a8657c3.jpg,0.8307996392250061
validation-train,validation,D:\Datasets\Alvaro\Floresta-3-20260714T215823Z-1-001\Floresta-3\test\images\imagem38_jpg.rf.d1303465496b88ed6ae44e0d7c82bd85.jpg,train,D:\Datasets\Alvaro\Floresta-3-20260714T215823Z-1-001\Floresta-3\train\images\1-3-6_png_jpg.rf.71110524ef96a11ada69b5f35c9ce3a7.jpg,0.8573411703109741
validation-train,validation,D:\Datasets\Alvaro\Floresta-3-20260714T215823Z-1-001\Floresta-3\test\images\imagem66_jpg.rf.f3b6d3b2282962f5597da04d92348c9f.jpg,train,D:\Datasets\Alvaro\Floresta-3-20260714T215823Z-1-001\Floresta-3\train\images\0-8-9_png_jpg.rf.a4cfa3dfaddce3263973baace9960a42.jpg,0.8265209197998047
validation-train,validation,D:\Datasets\Alvaro\Floresta-3-20260714T215823Z-1-001\Floresta-3\test\images\imagem77_jpg.rf.83740d09f99cd8900474b20f776a3c19.jpg,train,D:\Datasets\Alvaro\Floresta-3-20260714T215823Z-1-001\Floresta-3\train\images\imagem13_jpg.rf.366998e8386ab03979a9e9aee5da3ad7.jpg,0.8436851501464844
validation-train,validation,D:\Datasets\Alvaro\Floresta-3-20260714T215823Z-1-001\Floresta-3\test\images\imagem7_jpg.rf.f9ce973f04bcec8fb0a2b0a60074cdb7.jpg,train,D:\Datasets\Alvaro\Floresta-3-20260714T215823Z-1-001\Floresta-3\train\images\0-58-15_png_jpg.rf.6707aa2d04d13b5a4e64858ffa1f6b68.jpg,0.8040395975112915
validation-train,validation,D:\Datasets\Alvaro\Floresta-3-20260714T215823Z-1-001\Floresta-3\test\images\Mata_MP4-10_jpg.rf.12b0a4c38c8eb7b39c47a1a392fbd4b6.jpg,train,D:\Datasets\Alvaro\Floresta-3-20260714T215823Z-1-001\Floresta-3\train\images\Mata_MP4-10_jpg.rf.0a5a04eb3caa668204f78d70dfbc06de.jpg,0.95511794090271
validation-train,validation,D:\Datasets\Alvaro\Floresta-3-20260714T215823Z-1-001\Floresta-3\test\images\Mata_MP4-10_jpg.rf.77bb4bf3ec44d025719409c10b013246.jpg,train,D:\Datasets\Alvaro\Floresta-3-20260714T215823Z-1-001\Floresta-3\train\images\Mata_MP4-10_jpg.rf.f05377ef891446b747af91fdbec1c1f1.jpg,0.950709342956543
validation-train,validation,D:\Datasets\Alvaro\Floresta-3-20260714T215823Z-1-001\Floresta-3\test\images\Mata_MP4-10_jpg.rf.cbad201b0e4d5a55fcd1c5d8e68f7f46.jpg,train,D:\Datasets\Alvaro\Floresta-3-20260714T215823Z-1-001\Floresta-3\train\images\Mata_MP4-10_jpg.rf.577bd2b3db49ca38e73f0681b19d4d29.jpg,0.9585087299346924
validation-train,validation,D:\Datasets\Alvaro\Floresta-3-20260714T215823Z-1-001\Floresta-3\test\images\Mata_MP4-12_jpg.rf.11c908dfe746dc506490ccf23be7c7e8.jpg,train,D:\Datasets\Alvaro\Floresta-3-20260714T215823Z-1-001\Floresta-3\train\images\Mata_MP4-14_jpg.rf.32b6d119e1654151a6cfd5c2661002b6.jpg,0.9145609736442566
validation-train,validation,D:\Datasets\Alvaro\Floresta-3-20260714T215823Z-1-001\Floresta-3\test\images\Mata_MP4-14_jpg.rf.91e6ea2664a394d5f6f0ebd6258d98ba.jpg,train,D:\Datasets\Alvaro\Floresta-3-20260714T215823Z-1-001\Floresta-3\train\images\Mata_MP4-14_jpg.rf.bcbce05af9a3384dcf1d5e84f235a030.jpg,0.9503400325775146
validation-train,validation,D:\Datasets\Alvaro\Floresta-3-20260714T215823Z-1-001\Floresta-3\test\images\Mata_MP4-24_jpg.rf.7c2dc6630452d394a1a4f886ccc8a73d.jpg,train,D:\Datasets\Alvaro\Floresta-3-20260714T215823Z-1-001\Floresta-3\train\images\Mata_MP4-24_jpg.rf.e1e3c003f3e9f2f09587013017c1d647.jpg,0.9741727113723755
validation-train,validation,D:\Datasets\Alvaro\Floresta-3-20260714T215823Z-1-001\Floresta-3\test\images\Mata_MP4-24_jpg.rf.fa2e36a44831637103e12f7dc38ffd13.jpg,train,D:\Datasets\Alvaro\Floresta-3-20260714T215823Z-1-001\Floresta-3\train\images\Mata_MP4-24_jpg.rf.e1e3c003f3e9f2f09587013017c1d647.jpg,0.9276503920555115
validation-train,validation,D:\Datasets\Alvaro\Floresta-3-20260714T215823Z-1-001\Floresta-3\test\images\Mata_MP4-72_jpg.rf.62dcecee62bdac40c80f89788cec07c7.jpg,train,D:\Datasets\Alvaro\Floresta-3-20260714T215823Z-1-001\Floresta-3\train\images\Mata_MP4-72_jpg.rf.c4f1804090930f9217c4a669655ddcef.jpg,0.9561672210693359
validation-train,validation,D:\Datasets\Alvaro\Floresta-3-20260714T215823Z-1-001\Floresta-3\test\images\Mata_MP4-84_jpg.rf.60fd520524ea5b76a43cf774b9a100b3.jpg,train,D:\Datasets\Alvaro\Floresta-3-20260714T215823Z-1-001\Floresta-3\train\images\Mata_MP4-72_jpg.rf.99fa6cbbbb7bf4e1a9cc180d147cec1c.jpg,0.9177874326705933
validation-train,validation,D:\Datasets\Alvaro\Floresta-3-20260714T215823Z-1-001\Floresta-3\test\images\Mata_MP4-84_jpg.rf.a7c2ef264024b2e22eebad3757d5861a.jpg,train,D:\Datasets\Alvaro\Floresta-3-20260714T215823Z-1-001\Floresta-3\train\images\Mata_MP4-72_jpg.rf.3e92beb15361a006cd964dc01a611042.jpg,0.903996467590332
validation-train,validation,D:\Datasets\Alvaro\Floresta-3-20260714T215823Z-1-001\Floresta-3\test\images\sh6_jpg.rf.587bf670b656512d4256803a45621c41.jpg,train,D:\Datasets\Alvaro\Floresta-3-20260714T215823Z-1-001\Floresta-3\train\images\sh6_jpg.rf.c38b5a16d4842de77a2fa4419e6be228.jpg,0.9453674554824829
validation-train,validation,D:\Datasets\Alvaro\Floresta-3-20260714T215823Z-1-001\Floresta-3\test\images\Soja_MP4-0_jpg.rf.11007ba7d47481d473c85cb974eff0f5.jpg,train,D:\Datasets\Alvaro\Floresta-3-20260714T215823Z-1-001\Floresta-3\train\images\Soja_MP4-0_jpg.rf.01e3e35dc4b7253dfb8ad222c9dd0100.jpg,0.8888869285583496
validation-train,validation,D:\Datasets\Alvaro\Floresta-3-20260714T215823Z-1-001\Floresta-3\test\images\Soja_MP4-0_jpg.rf.ac8594891c4b2ad6303768a7c78d506a.jpg,train,D:\Datasets\Alvaro\Floresta-3-20260714T215823Z-1-001\Floresta-3\train\images\Soja_MP4-0_jpg.rf.01e3e35dc4b7253dfb8ad222c9dd0100.jpg,0.8713421821594238
validation-train,validation,D:\Datasets\Alvaro\Floresta-3-20260714T215823Z-1-001\Floresta-3\test\images\Soja_MP4-3_jpg.rf.766bbc9a9ba2bacd4f7f94d074b0fd61.jpg,train,D:\Datasets\Alvaro\Floresta-3-20260714T215823Z-1-001\Floresta-3\train\images\Soja_MP4-0_jpg.rf.01e3e35dc4b7253dfb8ad222c9dd0100.jpg,0.8892290592193604
validation-train,validation,D:\Datasets\Alvaro\Floresta-3-20260714T215823Z-1-001\Floresta-3\test\images\Soja_MP4-4_jpg.rf.2503f4719a1139d1d574a1c11b0087f0.jpg,train,D:\Datasets\Alvaro\Floresta-3-20260714T215823Z-1-001\Floresta-3\train\images\Soja_MP4-0_jpg.rf.01e3e35dc4b7253dfb8ad222c9dd0100.jpg,0.9374163150787354
validation-train,validation,D:\Datasets\Alvaro\Floresta-3-20260714T215823Z-1-001\Floresta-3\test\images\Soja_MP4-4_jpg.rf.2c182014cc5c921f95360e1886f048d7.jpg,train,D:\Datasets\Alvaro\Floresta-3-20260714T215823Z-1-001\Floresta-3\train\images\Soja_MP4-0_jpg.rf.01e3e35dc4b7253dfb8ad222c9dd0100.jpg,0.8679553270339966
validation-train,validation,D:\Datasets\Alvaro\Floresta-3-20260714T215823Z-1-001\Floresta-3\test\images\Soja_MP4-6_jpg.rf.51f2f41481e20e3524bd257cc3e528f4.jpg,train,D:\Datasets\Alvaro\Floresta-3-20260714T215823Z-1-001\Floresta-3\train\images\Mata_MP4-12_jpg.rf.88b162d5bc336686b4aa16be88c4271e.jpg,0.8363043069839478
validation-train,validation,D:\Datasets\Alvaro\Floresta-3-20260714T215823Z-1-001\Floresta-3\test\images\Soja_MP4-7_jpg.rf.8768b857fa08096bbc21a67b408674de.jpg,train,D:\Datasets\Alvaro\Floresta-3-20260714T215823Z-1-001\Floresta-3\train\images\Mata_MP4-24_jpg.rf.39c94c5de7e57414b34e2bb06f191a22.jpg,0.8369311094284058
test-train,test,D:\Datasets\Alvaro\Floresta-3-20260714T215823Z-1-001\Floresta-3\valid\images\0-11-24_png_jpg.rf.0914ae816085b671b01c387df2dd7787.jpg,train,D:\Datasets\Alvaro\Floresta-3-20260714T215823Z-1-001\Floresta-3\train\images\0-11-24_png_jpg.rf.0ab3638344acc7ad149ffcbfc7572251.jpg,0.8993332386016846
test-train,test,D:\Datasets\Alvaro\Floresta-3-20260714T215823Z-1-001\Floresta-3\valid\images\0-13-19_png_jpg.rf.0802b67da70f9b5bd437aa1139aa1d99.jpg,train,D:\Datasets\Alvaro\Floresta-3-20260714T215823Z-1-001\Floresta-3\train\images\0-13-19_png_jpg.rf.6a3dad1ab7477e2fa1f1a915832827ca.jpg,0.9470882415771484
test-train,test,D:\Datasets\Alvaro\Floresta-3-20260714T215823Z-1-001\Floresta-3\valid\images\0-13-24_png_jpg.rf.b10c6d74717ffac0937a0e56b90320da.jpg,train,D:\Datasets\Alvaro\Floresta-3-20260714T215823Z-1-001\Floresta-3\train\images\0-13-24_png_jpg.rf.0cf8afbf837798262e67a8cd0afbb4c1.jpg,0.8966483473777771
test-train,test,D:\Datasets\Alvaro\Floresta-3-20260714T215823Z-1-001\Floresta-3\valid\images\0-13-24_png_jpg.rf.d7b8e23481af336f5081b102c591be2e.jpg,train,D:\Datasets\Alvaro\Floresta-3-20260714T215823Z-1-001\Floresta-3\train\images\0-13-24_png_jpg.rf.0cf8afbf837798262e67a8cd0afbb4c1.jpg,0.9054875373840332
test-train,test,D:\Datasets\Alvaro\Floresta-3-20260714T215823Z-1-001\Floresta-3\valid\images\0-13-25_png_jpg.rf.15b87e94de094c41958f666acd54941f.jpg,train,D:\Datasets\Alvaro\Floresta-3-20260714T215823Z-1-001\Floresta-3\train\images\0-13-25_png_jpg.rf.656efc051836491ac8593a4704a60c83.jpg,0.9418060779571533
test-train,test,D:\Datasets\Alvaro\Floresta-3-20260714T215823Z-1-001\Floresta-3\valid\images\0-13-25_png_jpg.rf.d6ce7565e97953930b57ba6a6296fb67.jpg,train,D:\Datasets\Alvaro\Floresta-3-20260714T215823Z-1-001\Floresta-3\train\images\0-13-25_png_jpg.rf.656efc051836491ac8593a4704a60c83.jpg,0.9577328562736511
test-train,test,D:\Datasets\Alvaro\Floresta-3-20260714T215823Z-1-001\Floresta-3\valid\images\0-13-35_png_jpg.rf.feb7275bda8ed2fc4200d19cfe3bfc86.jpg,train,D:\Datasets\Alvaro\Floresta-3-20260714T215823Z-1-001\Floresta-3\train\images\0-13-35_png_jpg.rf.3dd721e5ca4921e1f3e45027e6a0cc12.jpg,0.9374556541442871
test-train,test,D:\Datasets\Alvaro\Floresta-3-20260714T215823Z-1-001\Floresta-3\valid\images\0-13-35_png_jpg.rf.ffde371a4fadbfcfc0941b00ff1b9072.jpg,train,D:\Datasets\Alvaro\Floresta-3-20260714T215823Z-1-001\Floresta-3\train\images\0-13-35_png_jpg.rf.c1912546987966d106244bcd91100b05.jpg,0.9611881971359253
test-train,test,D:\Datasets\Alvaro\Floresta-3-20260714T215823Z-1-001\Floresta-3\valid\images\0-13-37_png_jpg.rf.2a6ff5e784b4116463b0899ce9d073fb.jpg,train,D:\Datasets\Alvaro\Floresta-3-20260714T215823Z-1-001\Floresta-3\train\images\0-13-37_png_jpg.rf.48a35be1b434007fb2bb6e8eef0d01a4.jpg,0.9688671827316284
test-train,test,D:\Datasets\Alvaro\Floresta-3-20260714T215823Z-1-001\Floresta-3\valid\images\0-13-37_png_jpg.rf.2c1691489ec339f8749b615a18276008.jpg,train,D:\Datasets\Alvaro\Floresta-3-20260714T215823Z-1-001\Floresta-3\train\images\0-13-37_png_jpg.rf.002826f620b1884608a1bd2d8ba31bf0.jpg,0.9709913730621338
test-train,test,D:\Datasets\Alvaro\Floresta-3-20260714T215823Z-1-001\Floresta-3\valid\images\0-13-54_png_jpg.rf.12c375a1b250a5788d73edb8510c0e8c.jpg,train,D:\Datasets\Alvaro\Floresta-3-20260714T215823Z-1-001\Floresta-3\train\images\0-13-54_png_jpg.rf.29ad39bb63e8dfb8aa871d4622960c19.jpg,0.9536905288696289
test-train,test,D:\Datasets\Alvaro\Floresta-3-20260714T215823Z-1-001\Floresta-3\valid\images\0-14-1_png_jpg.rf.865013a7e10bec1dc950173555e89f60.jpg,train,D:\Datasets\Alvaro\Floresta-3-20260714T215823Z-1-001\Floresta-3\train\images\0-14-1_png_jpg.rf.292f302cffeb0abd34661b1f72b7ce09.jpg,0.9506096839904785
test-train,test,D:\Datasets\Alvaro\Floresta-3-20260714T215823Z-1-001\Floresta-3\valid\images\0-14-1_png_jpg.rf.8c474687b48c5cf758202d913204195c.jpg,train,D:\Datasets\Alvaro\Floresta-3-20260714T215823Z-1-001\Floresta-3\train\images\0-14-1_png_jpg.rf.45d3c058f8a9afe746c2c2faaeeeb055.jpg,0.9759174585342407
test-train,test,D:\Datasets\Alvaro\Floresta-3-20260714T215823Z-1-001\Floresta-3\valid\images\0-14-59_png_jpg.rf.daf200354145a650f9eb32881efebfd5.jpg,train,D:\Datasets\Alvaro\Floresta-3-20260714T215823Z-1-001\Floresta-3\train\images\0-14-59_png_jpg.rf.18e6daed5cc07ae53e9a53b0eede066d.jpg,0.9195757508277893
test-train,test,D:\Datasets\Alvaro\Floresta-3-20260714T215823Z-1-001\Floresta-3\valid\images\0-15-3_png_jpg.rf.6138eabd18c23a04041cddef19f1301d.jpg,train,D:\Datasets\Alvaro\Floresta-3-20260714T215823Z-1-001\Floresta-3\train\images\0-15-3_png_jpg.rf.58883ee8ff970954646e2397fc328e27.jpg,0.9752985239028931
test-train,test,D:\Datasets\Alvaro\Floresta-3-20260714T215823Z-1-001\Floresta-3\valid\images\0-16-12_png_jpg.rf.a0be0affed571cefaf52060ce513fa0f.jpg,train,D:\Datasets\Alvaro\Floresta-3-20260714T215823Z-1-001\Floresta-3\train\images\0-16-12_png_jpg.rf.8aa8239eef4ad18fb8708d802b71a58c.jpg,0.9782671928405762
test-train,test,D:\Datasets\Alvaro\Floresta-3-20260714T215823Z-1-001\Floresta-3\valid\images\0-17-25_png_jpg.rf.7883c882d07ae6544369bc71a699b731.jpg,train,D:\Datasets\Alvaro\Floresta-3-20260714T215823Z-1-001\Floresta-3\train\images\0-17-25_png_jpg.rf.36e4c22682ce014c036d49102f97cffb.jpg,0.966902494430542
test-train,test,D:\Datasets\Alvaro\Floresta-3-20260714T215823Z-1-001\Floresta-3\valid\images\0-17-35_png_jpg.rf.3f247565818944865c9194dbd73291f0.jpg,train,D:\Datasets\Alvaro\Floresta-3-20260714T215823Z-1-001\Floresta-3\train\images\0-17-35_png_jpg.rf.4ff824be28ad4247c494ac581385282d.jpg,0.9369905591011047
test-train,test,D:\Datasets\Alvaro\Floresta-3-20260714T215823Z-1-001\Floresta-3\valid\images\0-17-35_png_jpg.rf.445840c4106d0661b45eaa1e5a7f747d.jpg,train,D:\Datasets\Alvaro\Floresta-3-20260714T215823Z-1-001\Floresta-3\train\images\0-17-35_png_jpg.rf.1cc1ac39cce72a5b99d10e0a83a0d9f9.jpg,0.9732897281646729
test-train,test,D:\Datasets\Alvaro\Floresta-3-20260714T215823Z-1-001\Floresta-3\valid\images\0-17-35_png_jpg.rf.64210df1e3e7ae4601f81551527720a4.jpg,train,D:\Datasets\Alvaro\Floresta-3-20260714T215823Z-1-001\Floresta-3\train\images\0-17-35_png_jpg.rf.ae791423acc6f33183229d4c0a0c5067.jpg,0.9558131694793701
test-train,test,D:\Datasets\Alvaro\Floresta-3-20260714T215823Z-1-001\Floresta-3\valid\images\0-17-35_png_jpg.rf.6743f9574166ac2017290f5fb33bd2c7.jpg,train,D:\Datasets\Alvaro\Floresta-3-20260714T215823Z-1-001\Floresta-3\train\images\0-17-35_png_jpg.rf.4ff824be28ad4247c494ac581385282d.jpg,0.9483901262283325
test-train,test,D:\Datasets\Alvaro\Floresta-3-20260714T215823Z-1-001\Floresta-3\valid\images\0-17-35_png_jpg.rf.7db084a92a554d2fabbb52fb10e00bd5.jpg,train,D:\Datasets\Alvaro\Floresta-3-20260714T215823Z-1-001\Floresta-3\train\images\0-17-35_png_jpg.rf.4ff824be28ad4247c494ac581385282d.jpg,0.943608283996582
test-train,test,D:\Datasets\Alvaro\Floresta-3-20260714T215823Z-1-001\Floresta-3\valid\images\0-17-35_png_jpg.rf.83868463edd6f8bf0657ff28c9c278da.jpg,train,D:\Datasets\Alvaro\Floresta-3-20260714T215823Z-1-001\Floresta-3\train\images\0-17-35_png_jpg.rf.75050c6a5af3f7d32b94bed8e2b4f94a.jpg,0.9589266777038574
test-train,test,D:\Datasets\Alvaro\Floresta-3-20260714T215823Z-1-001\Floresta-3\valid\images\0-17-35_png_jpg.rf.cc872dfacfc0278a84119fa19c655859.jpg,train,D:\Datasets\Alvaro\Floresta-3-20260714T215823Z-1-001\Floresta-3\train\images\0-17-35_png_jpg.rf.937946b6be3284d411c000634b99ed6e.jpg,0.9583406448364258
test-train,test,D:\Datasets\Alvaro\Floresta-3-20260714T215823Z-1-001\Floresta-3\valid\images\0-17-41_png_jpg.rf.b603f235925fd58a196df78822ac5119.jpg,train,D:\Datasets\Alvaro\Floresta-3-20260714T215823Z-1-001\Floresta-3\train\images\0-17-41_png_jpg.rf.0df18a3820104d43323551cb860942ff.jpg,0.9694350957870483
test-train,test,D:\Datasets\Alvaro\Floresta-3-20260714T215823Z-1-001\Floresta-3\valid\images\0-17-41_png_jpg.rf.dee793bf7417e2e943f78a6ea3ffdaac.jpg,train,D:\Datasets\Alvaro\Floresta-3-20260714T215823Z-1-001\Floresta-3\train\images\0-17-41_png_jpg.rf.2bfb5fd767278da9e911abc89bbf753d.jpg,0.9219480752944946
test-train,test,D:\Datasets\Alvaro\Floresta-3-20260714T215823Z-1-001\Floresta-3\valid\images\0-18-18_png_jpg.rf.4b1344dbb9b6596b8dc9489e95a40d04.jpg,train,D:\Datasets\Alvaro\Floresta-3-20260714T215823Z-1-001\Floresta-3\train\images\0-18-18_png_jpg.rf.f22d2e9513345d29805e5b0dd564f0ff.jpg,0.9328814744949341
test-train,test,D:\Datasets\Alvaro\Floresta-3-20260714T215823Z-1-001\Floresta-3\valid\images\0-18-3_png_jpg.rf.6b680d5abc933b330f42e77d28887c20.jpg,train,D:\Datasets\Alvaro\Floresta-3-20260714T215823Z-1-001\Floresta-3\train\images\0-18-3_png_jpg.rf.25e3ea42b22eee52c53ef28a6f454a51.jpg,0.9552882313728333
test-train,test,D:\Datasets\Alvaro\Floresta-3-20260714T215823Z-1-001\Floresta-3\valid\images\0-18-3_png_jpg.rf.9c222aad07da3fff5805699dde541b95.jpg,train,D:\Datasets\Alvaro\Floresta-3-20260714T215823Z-1-001\Floresta-3\train\images\0-18-3_png_jpg.rf.77d0d8d0d6e460cd947707f6903095b1.jpg,0.9736617803573608
test-train,test,D:\Datasets\Alvaro\Floresta-3-20260714T215823Z-1-001\Floresta-3\valid\images\0-21-10_png_jpg.rf.fad31cabffffa059dbab0ec75f1bcab1.jpg,train,D:\Datasets\Alvaro\Floresta-3-20260714T215823Z-1-001\Floresta-3\train\images\0-21-10_png_jpg.rf.09a2b55875446550f10ea0943e077235.jpg,0.956747829914093
test-train,test,D:\Datasets\Alvaro\Floresta-3-20260714T215823Z-1-001\Floresta-3\valid\images\0-21-29_png_jpg.rf.fe01248cf583c577b7a8cd5f59237794.jpg,train,D:\Datasets\Alvaro\Floresta-3-20260714T215823Z-1-001\Floresta-3\train\images\0-21-29_png_jpg.rf.6cc51e40732513b349870c7fab5e361d.jpg,0.9718763828277588
test-train,test,D:\Datasets\Alvaro\Floresta-3-20260714T215823Z-1-001\Floresta-3\valid\images\0-22-7_png_jpg.rf.6653a570cabf763612aecba489ab949a.jpg,train,D:\Datasets\Alvaro\Floresta-3-20260714T215823Z-1-001\Floresta-3\train\images\0-22-7_png_jpg.rf.6bb13ac75af77711dd2cec18f31cd84d.jpg,0.9495276212692261
test-train,test,D:\Datasets\Alvaro\Floresta-3-20260714T215823Z-1-001\Floresta-3\valid\images\0-23-10_png_jpg.rf.042dd1f8a58c7532edebeb93b5edd0d7.jpg,train,D:\Datasets\Alvaro\Floresta-3-20260714T215823Z-1-001\Floresta-3\train\images\0-23-10_png_jpg.rf.f1cdb45efd0cab6602ef72dcf8cfc5d5.jpg,0.974690854549408
test-train,test,D:\Datasets\Alvaro\Floresta-3-20260714T215823Z-1-001\Floresta-3\valid\images\0-23-10_png_jpg.rf.a43edf7429ea1cce00ebd6fb02099cef.jpg,train,D:\Datasets\Alvaro\Floresta-3-20260714T215823Z-1-001\Floresta-3\train\images\0-23-10_png_jpg.rf.f1cdb45efd0cab6602ef72dcf8cfc5d5.jpg,0.9595122933387756
test-train,test,D:\Datasets\Alvaro\Floresta-3-20260714T215823Z-1-001\Floresta-3\valid\images\0-23-15_png_jpg.rf.69a3735464446b6a4efd206f6fadb50c.jpg,train,D:\Datasets\Alvaro\Floresta-3-20260714T215823Z-1-001\Floresta-3\train\images\0-23-15_png_jpg.rf.da13b59630cf27b0fa0e18983ccff2c2.jpg,0.957584023475647
test-train,test,D:\Datasets\Alvaro\Floresta-3-20260714T215823Z-1-001\Floresta-3\valid\images\0-23-30_png_jpg.rf.09ba17cca8b4f84372db9755908ef55b.jpg,train,D:\Datasets\Alvaro\Floresta-3-20260714T215823Z-1-001\Floresta-3\train\images\0-23-30_png_jpg.rf.017e88ecd5ddab6ef27d87a3f4d3d67a.jpg,0.9799164533615112
test-train,test,D:\Datasets\Alvaro\Floresta-3-20260714T215823Z-1-001\Floresta-3\valid\images\0-23-39_png_jpg.rf.8b8c4cb5f6633a3cb7d447205b54409b.jpg,train,D:\Datasets\Alvaro\Floresta-3-20260714T215823Z-1-001\Floresta-3\train\images\0-23-39_png_jpg.rf.26c782a12b45c8b7fcce7b05050b13a6.jpg,0.9560874700546265
test-train,test,D:\Datasets\Alvaro\Floresta-3-20260714T215823Z-1-001\Floresta-3\valid\images\0-23-39_png_jpg.rf.c3068c64eac4d4d6733925efbc70ac9b.jpg,train,D:\Datasets\Alvaro\Floresta-3-20260714T215823Z-1-001\Floresta-3\train\images\0-23-39_png_jpg.rf.26c782a12b45c8b7fcce7b05050b13a6.jpg,0.9558120369911194
test-train,test,D:\Datasets\Alvaro\Floresta-3-20260714T215823Z-1-001\Floresta-3\valid\images\0-24-36_png_jpg.rf.38d36818828eaef321c9d09c6a8ad9a1.jpg,train,D:\Datasets\Alvaro\Floresta-3-20260714T215823Z-1-001\Floresta-3\train\images\0-24-36_png_jpg.rf.f0dafdbce06a3229115b0f7c8222c6c4.jpg,0.9715497493743896
test-train,test,D:\Datasets\Alvaro\Floresta-3-20260714T215823Z-1-001\Floresta-3\valid\images\0-24-36_png_jpg.rf.43c999a736e9e7b0d8e451a599128f01.jpg,train,D:\Datasets\Alvaro\Floresta-3-20260714T215823Z-1-001\Floresta-3\train\images\0-24-36_png_jpg.rf.4b0f575d14035cbcd254b225a33645af.jpg,0.9619925022125244
test-train,test,D:\Datasets\Alvaro\Floresta-3-20260714T215823Z-1-001\Floresta-3\valid\images\0-24-36_png_jpg.rf.5304c2f577d47e46c9120cea788fb97e.jpg,train,D:\Datasets\Alvaro\Floresta-3-20260714T215823Z-1-001\Floresta-3\train\images\0-24-36_png_jpg.rf.55620bf89fcc4c6b9559eadc8de84c8c.jpg,0.9487118124961853
test-train,test,D:\Datasets\Alvaro\Floresta-3-20260714T215823Z-1-001\Floresta-3\valid\images\0-24-36_png_jpg.rf.c476aa4ca2d2d500babea9e94b131f75.jpg,train,D:\Datasets\Alvaro\Floresta-3-20260714T215823Z-1-001\Floresta-3\train\images\0-24-36_png_jpg.rf.ea5b6e31a25d2845d5bc2e040c1e5272.jpg,0.9343012571334839
test-train,test,D:\Datasets\Alvaro\Floresta-3-20260714T215823Z-1-001\Floresta-3\valid\images\0-24-36_png_jpg.rf.d06729c789f0205db77d2bcd5752b515.jpg,train,D:\Datasets\Alvaro\Floresta-3-20260714T215823Z-1-001\Floresta-3\train\images\0-24-36_png_jpg.rf.55620bf89fcc4c6b9559eadc8de84c8c.jpg,0.9638218879699707
test-train,test,D:\Datasets\Alvaro\Floresta-3-20260714T215823Z-1-001\Floresta-3\valid\images\0-27-12_png_jpg.rf.397e5c3f99b58208b151fda3301c2bd4.jpg,train,D:\Datasets\Alvaro\Floresta-3-20260714T215823Z-1-001\Floresta-3\train\images\0-27-12_png_jpg.rf.820d03e860cd73b0e8b04d8b9ba85b4d.jpg,0.9456067085266113
test-train,test,D:\Datasets\Alvaro\Floresta-3-20260714T215823Z-1-001\Floresta-3\valid\images\0-27-13_png_jpg.rf.3f27cdf3bfd36a09ed5ae638621354cc.jpg,train,D:\Datasets\Alvaro\Floresta-3-20260714T215823Z-1-001\Floresta-3\train\images\0-27-13_png_jpg.rf.98143347aa3e3c239c8bed6d6dbca58d.jpg,0.9404017925262451
test-train,test,D:\Datasets\Alvaro\Floresta-3-20260714T215823Z-1-001\Floresta-3\valid\images\0-27-13_png_jpg.rf.cab26e17a3286eda83dda9fc6d491dff.jpg,train,D:\Datasets\Alvaro\Floresta-3-20260714T215823Z-1-001\Floresta-3\train\images\0-27-13_png_jpg.rf.bce922125be596ee7374781f5b989401.jpg,0.9582952857017517
test-train,test,D:\Datasets\Alvaro\Floresta-3-20260714T215823Z-1-001\Floresta-3\valid\images\0-27-13_png_jpg.rf.f8f2aca68fac66250de3506149e4724e.jpg,train,D:\Datasets\Alvaro\Floresta-3-20260714T215823Z-1-001\Floresta-3\train\images\0-27-13_png_jpg.rf.98143347aa3e3c239c8bed6d6dbca58d.jpg,0.9515508413314819
test-train,test,D:\Datasets\Alvaro\Floresta-3-20260714T215823Z-1-001\Floresta-3\valid\images\0-27-43_png_jpg.rf.4ea8386a16e133ca5b5496c04f334128.jpg,train,D:\Datasets\Alvaro\Floresta-3-20260714T215823Z-1-001\Floresta-3\train\images\0-27-43_png_jpg.rf.e8066a7feafb49227fcb92adda1176b6.jpg,0.918036162853241
test-train,test,D:\Datasets\Alvaro\Floresta-3-20260714T215823Z-1-001\Floresta-3\valid\images\0-27-54_png_jpg.rf.cda86a8c563682075ce93a561dbf9703.jpg,train,D:\Datasets\Alvaro\Floresta-3-20260714T215823Z-1-001\Floresta-3\train\images\0-27-54_png_jpg.rf.5dc59f0cf0167b2a8c2491d427d041de.jpg,0.9262771606445312
test-train,test,D:\Datasets\Alvaro\Floresta-3-20260714T215823Z-1-001\Floresta-3\valid\images\0-27-5_png_jpg.rf.7e028446b49304597b4cbf60778c3420.jpg,train,D:\Datasets\Alvaro\Floresta-3-20260714T215823Z-1-001\Floresta-3\train\images\0-27-5_png_jpg.rf.6e1ffb6d371bd810e19a164bb8960bc5.jpg,0.9496155977249146
test-train,test,D:\Datasets\Alvaro\Floresta-3-20260714T215823Z-1-001\Floresta-3\valid\images\0-28-28_png_jpg.rf.3244f4153824d93233fa85650de7c58e.jpg,train,D:\Datasets\Alvaro\Floresta-3-20260714T215823Z-1-001\Floresta-3\train\images\0-28-28_png_jpg.rf.40ea082acae1d19fa245c7dcbe2e621e.jpg,0.9557755589485168
test-train,test,D:\Datasets\Alvaro\Floresta-3-20260714T215823Z-1-001\Floresta-3\valid\images\0-28-54_png_jpg.rf.072cf6697af2445c5fdccfcab904ef0b.jpg,train,D:\Datasets\Alvaro\Floresta-3-20260714T215823Z-1-001\Floresta-3\train\images\0-28-54_png_jpg.rf.539af79fb4b58e5f2f2c823ae441b4a1.jpg,0.9292182326316833
test-train,test,D:\Datasets\Alvaro\Floresta-3-20260714T215823Z-1-001\Floresta-3\valid\images\0-28-54_png_jpg.rf.1b3eb75ae26f80144dac12c06064bd53.jpg,train,D:\Datasets\Alvaro\Floresta-3-20260714T215823Z-1-001\Floresta-3\train\images\0-28-54_png_jpg.rf.06ca59f0da8a9938252692a9edbe34e2.jpg,0.9464719295501709
test-train,test,D:\Datasets\Alvaro\Floresta-3-20260714T215823Z-1-001\Floresta-3\valid\images\0-28-54_png_jpg.rf.6287511c541bdedfe5a28e22efe46445.jpg,train,D:\Datasets\Alvaro\Floresta-3-20260714T215823Z-1-001\Floresta-3\train\images\0-28-54_png_jpg.rf.872e816ef25673923e1805754963daa1.jpg,0.942223310470581
test-train,test,D:\Datasets\Alvaro\Floresta-3-20260714T215823Z-1-001\Floresta-3\valid\images\0-29-17_png_jpg.rf.98d7877f1511e8778aa1df8f4984265e.jpg,train,D:\Datasets\Alvaro\Floresta-3-20260714T215823Z-1-001\Floresta-3\train\images\0-29-17_png_jpg.rf.2ec28e26b4790b556311b10e77f1ca58.jpg,0.9541208744049072
test-train,test,D:\Datasets\Alvaro\Floresta-3-20260714T215823Z-1-001\Floresta-3\valid\images\0-29-17_png_jpg.rf.aa06217e5e00202135e36d19319122e1.jpg,train,D:\Datasets\Alvaro\Floresta-3-20260714T215823Z-1-001\Floresta-3\train\images\0-29-17_png_jpg.rf.2ec28e26b4790b556311b10e77f1ca58.jpg,0.9231849312782288
test-train,test,D:\Datasets\Alvaro\Floresta-3-20260714T215823Z-1-001\Floresta-3\valid\images\0-29-26_png_jpg.rf.436b54c49df11408d0f6b7266670e460.jpg,train,D:\Datasets\Alvaro\Floresta-3-20260714T215823Z-1-001\Floresta-3\train\images\0-29-26_png_jpg.rf.f089cc41baf6f18cfc16322cf71c278c.jpg,0.9362123012542725
test-train,test,D:\Datasets\Alvaro\Floresta-3-20260714T215823Z-1-001\Floresta-3\valid\images\0-29-26_png_jpg.rf.69df9396cb7854ddbfca4de281661417.jpg,train,D:\Datasets\Alvaro\Floresta-3-20260714T215823Z-1-001\Floresta-3\train\images\0-29-26_png_jpg.rf.f089cc41baf6f18cfc16322cf71c278c.jpg,0.9306292533874512
test-train,test,D:\Datasets\Alvaro\Floresta-3-20260714T215823Z-1-001\Floresta-3\valid\images\0-29-32_png_jpg.rf.4e10899bb2137dab884c1c7cf9b6c294.jpg,train,D:\Datasets\Alvaro\Floresta-3-20260714T215823Z-1-001\Floresta-3\train\images\0-29-32_png_jpg.rf.88c5a669ca19361e76762744643666f7.jpg,0.9281713366508484
test-train,test,D:\Datasets\Alvaro\Floresta-3-20260714T215823Z-1-001\Floresta-3\valid\images\0-29-32_png_jpg.rf.b1f8df50962ea86f2a9dc08268cd2c4b.jpg,train,D:\Datasets\Alvaro\Floresta-3-20260714T215823Z-1-001\Floresta-3\train\images\0-29-32_png_jpg.rf.f62344fb3366704e7695c7c79dba6283.jpg,0.9530778527259827
test-train,test,D:\Datasets\Alvaro\Floresta-3-20260714T215823Z-1-001\Floresta-3\valid\images\0-29-32_png_jpg.rf.fdfc355d631c56750c8272c9008c8e05.jpg,train,D:\Datasets\Alvaro\Floresta-3-20260714T215823Z-1-001\Floresta-3\train\images\0-29-32_png_jpg.rf.e9001bea13fd8251cb1d684c598e8eec.jpg,0.9389444589614868
test-train,test,D:\Datasets\Alvaro\Floresta-3-20260714T215823Z-1-001\Floresta-3\valid\images\0-3-29_png_jpg.rf.46c6e5b4e17a77b617edc2947758d67a.jpg,train,D:\Datasets\Alvaro\Floresta-3-20260714T215823Z-1-001\Floresta-3\train\images\0-3-29_png_jpg.rf.7ae462e2f5cfd63c50464db2d5c1dd62.jpg,0.9430084228515625
test-train,test,D:\Datasets\Alvaro\Floresta-3-20260714T215823Z-1-001\Floresta-3\valid\images\0-3-6_png_jpg.rf.5ca3887e77a381cccf40bc81bee9ea65.jpg,train,D:\Datasets\Alvaro\Floresta-3-20260714T215823Z-1-001\Floresta-3\train\images\0-3-6_png_jpg.rf.59534614ffa8d2ac2b38fb84b9b4e547.jpg,0.9106402397155762
test-train,test,D:\Datasets\Alvaro\Floresta-3-20260714T215823Z-1-001\Floresta-3\valid\images\0-30-30_png_jpg.rf.6cd004e9d16ff9e4e5a9a3937c5b1108.jpg,train,D:\Datasets\Alvaro\Floresta-3-20260714T215823Z-1-001\Floresta-3\train\images\0-30-30_png_jpg.rf.43f41a4db660ffa2a4c007acd54cf53b.jpg,0.9256329536437988
test-train,test,D:\Datasets\Alvaro\Floresta-3-20260714T215823Z-1-001\Floresta-3\valid\images\0-30-30_png_jpg.rf.a24cf62d9e6379747abf2f750c6fae5b.jpg,train,D:\Datasets\Alvaro\Floresta-3-20260714T215823Z-1-001\Floresta-3\train\images\0-30-30_png_jpg.rf.84536faa584e75bc82c4392fc7175aea.jpg,0.9676927328109741
test-train,test,D:\Datasets\Alvaro\Floresta-3-20260714T215823Z-1-001\Floresta-3\valid\images\0-31-40_png_jpg.rf.7384794353b257a84a998b19f8dd1f12.jpg,train,D:\Datasets\Alvaro\Floresta-3-20260714T215823Z-1-001\Floresta-3\train\images\0-31-40_png_jpg.rf.a80a545d5ba37927785661de36473036.jpg,0.9639298319816589
test-train,test,D:\Datasets\Alvaro\Floresta-3-20260714T215823Z-1-001\Floresta-3\valid\images\0-31-40_png_jpg.rf.fce1bc7c01b82e5096169c85c9f99cb0.jpg,train,D:\Datasets\Alvaro\Floresta-3-20260714T215823Z-1-001\Floresta-3\train\images\0-31-40_png_jpg.rf.12ffc0ec825b26db0445b6ab1922def3.jpg,0.9498105645179749
test-train,test,D:\Datasets\Alvaro\Floresta-3-20260714T215823Z-1-001\Floresta-3\valid\images\0-32-22_png_jpg.rf.0b6da1c1bb70754dc84d0e406a8096ae.jpg,train,D:\Datasets\Alvaro\Floresta-3-20260714T215823Z-1-001\Floresta-3\train\images\0-32-22_png_jpg.rf.a4ac3a6439b7059cb0ca4788a10dc482.jpg,0.9669091701507568
test-train,test,D:\Datasets\Alvaro\Floresta-3-20260714T215823Z-1-001\Floresta-3\valid\images\0-32-22_png_jpg.rf.ba206d48c5d3845ec9ae1378537e3123.jpg,train,D:\Datasets\Alvaro\Floresta-3-20260714T215823Z-1-001\Floresta-3\train\images\0-32-22_png_jpg.rf.61be67b5a8056367cffb9a2c62545f94.jpg,0.9146299958229065
test-train,test,D:\Datasets\Alvaro\Floresta-3-20260714T215823Z-1-001\Floresta-3\valid\images\0-32-22_png_jpg.rf.ceab38837bddc180e02889f1707b807a.jpg,train,D:\Datasets\Alvaro\Floresta-3-20260714T215823Z-1-001\Floresta-3\train\images\0-32-22_png_jpg.rf.59bb72bddf342c8e5c55a806db0e5625.jpg,0.9680312871932983
test-train,test,D:\Datasets\Alvaro\Floresta-3-20260714T215823Z-1-001\Floresta-3\valid\images\0-32-23_png_jpg.rf.021f6c84d7c2dad41e63f86da52bdcfa.jpg,train,D:\Datasets\Alvaro\Floresta-3-20260714T215823Z-1-001\Floresta-3\train\images\0-32-23_png_jpg.rf.219f68f8337fde34db7a9a25dc390b47.jpg,0.9769494533538818
test-train,test,D:\Datasets\Alvaro\Floresta-3-20260714T215823Z-1-001\Floresta-3\valid\images\0-32-23_png_jpg.rf.3ba77a08d54c732c2b073394e40ad684.jpg,train,D:\Datasets\Alvaro\Floresta-3-20260714T215823Z-1-001\Floresta-3\train\images\0-32-23_png_jpg.rf.fb1fb0b556ab2d3c82258c92410fa509.jpg,0.963404655456543
test-train,test,D:\Datasets\Alvaro\Floresta-3-20260714T215823Z-1-001\Floresta-3\valid\images\0-32-23_png_jpg.rf.4c058f411c3953b7aa24178f4bc09a68.jpg,train,D:\Datasets\Alvaro\Floresta-3-20260714T215823Z-1-001\Floresta-3\train\images\0-32-23_png_jpg.rf.1c37380c900e09adea6d599346045f19.jpg,0.9365497827529907
test-train,test,D:\Datasets\Alvaro\Floresta-3-20260714T215823Z-1-001\Floresta-3\valid\images\0-32-23_png_jpg.rf.4e8a24848959715953077f18522acdda.jpg,train,D:\Datasets\Alvaro\Floresta-3-20260714T215823Z-1-001\Floresta-3\train\images\0-32-23_png_jpg.rf.1c37380c900e09adea6d599346045f19.jpg,0.9597371220588684
test-train,test,D:\Datasets\Alvaro\Floresta-3-20260714T215823Z-1-001\Floresta-3\valid\images\0-32-23_png_jpg.rf.d5145190c17531987cfa0a50e880d750.jpg,train,D:\Datasets\Alvaro\Floresta-3-20260714T215823Z-1-001\Floresta-3\train\images\0-32-23_png_jpg.rf.5b7a685e2dca8388fe8e697678bca4f9.jpg,0.9479517936706543
test-train,test,D:\Datasets\Alvaro\Floresta-3-20260714T215823Z-1-001\Floresta-3\valid\images\0-32-23_png_jpg.rf.e03dc2d5698c8e8057045184b2ed2602.jpg,train,D:\Datasets\Alvaro\Floresta-3-20260714T215823Z-1-001\Floresta-3\train\images\0-32-23_png_jpg.rf.fb1fb0b556ab2d3c82258c92410fa509.jpg,0.9563368558883667
test-train,test,D:\Datasets\Alvaro\Floresta-3-20260714T215823Z-1-001\Floresta-3\valid\images\0-32-23_png_jpg.rf.eb5764fd75e6b9780fed420522eeca11.jpg,train,D:\Datasets\Alvaro\Floresta-3-20260714T215823Z-1-001\Floresta-3\train\images\0-32-23_png_jpg.rf.1c37380c900e09adea6d599346045f19.jpg,0.9698898792266846
test-train,test,D:\Datasets\Alvaro\Floresta-3-20260714T215823Z-1-001\Floresta-3\valid\images\0-32-23_png_jpg.rf.ed86fb001cba302864c83461e841f9fb.jpg,train,D:\Datasets\Alvaro\Floresta-3-20260714T215823Z-1-001\Floresta-3\train\images\0-32-23_png_jpg.rf.40a65b3fc61adbbd1d8d073faa374cbb.jpg,0.9366766214370728
test-train,test,D:\Datasets\Alvaro\Floresta-3-20260714T215823Z-1-001\Floresta-3\valid\images\0-32-30_png_jpg.rf.d3f95e4f8f4adfd07f199e5ec8ea88d6.jpg,train,D:\Datasets\Alvaro\Floresta-3-20260714T215823Z-1-001\Floresta-3\train\images\0-32-30_png_jpg.rf.ce6aec7f13e673eab7f442bcedfd87dc.jpg,0.9389592409133911
test-train,test,D:\Datasets\Alvaro\Floresta-3-20260714T215823Z-1-001\Floresta-3\valid\images\0-32-30_png_jpg.rf.f66d03efa80f77d54c84230110c3ca1c.jpg,train,D:\Datasets\Alvaro\Floresta-3-20260714T215823Z-1-001\Floresta-3\train\images\0-32-30_png_jpg.rf.24a3340de9ddf1fb0b2d16ce11fb4769.jpg,0.9483096599578857
test-train,test,D:\Datasets\Alvaro\Floresta-3-20260714T215823Z-1-001\Floresta-3\valid\images\0-32-31_png_jpg.rf.98b887b2eee6748515850b40261c63d6.jpg,train,D:\Datasets\Alvaro\Floresta-3-20260714T215823Z-1-001\Floresta-3\train\images\0-32-31_png_jpg.rf.c04dd194e189691054aaa24935dd7913.jpg,0.9453921318054199
test-train,test,D:\Datasets\Alvaro\Floresta-3-20260714T215823Z-1-001\Floresta-3\valid\images\0-33-46_png_jpg.rf.4743a9408eb03dad512115e67892a075.jpg,train,D:\Datasets\Alvaro\Floresta-3-20260714T215823Z-1-001\Floresta-3\train\images\0-33-46_png_jpg.rf.498252dcdc12b5fe11f2cea773c6d1f4.jpg,0.9359340667724609
test-train,test,D:\Datasets\Alvaro\Floresta-3-20260714T215823Z-1-001\Floresta-3\valid\images\0-33-46_png_jpg.rf.4e16c47e9bc53b428d580a9ba2aa7256.jpg,train,D:\Datasets\Alvaro\Floresta-3-20260714T215823Z-1-001\Floresta-3\train\images\0-33-46_png_jpg.rf.f941e87705f9e123bcb2c0e718961408.jpg,0.9177433848381042
test-train,test,D:\Datasets\Alvaro\Floresta-3-20260714T215823Z-1-001\Floresta-3\valid\images\0-33-46_png_jpg.rf.6f4c5016563f5cacedd193601a0404ea.jpg,train,D:\Datasets\Alvaro\Floresta-3-20260714T215823Z-1-001\Floresta-3\train\images\0-33-46_png_jpg.rf.c0e3cbbde2e9641d485beaccfe000281.jpg,0.9228478670120239
test-train,test,D:\Datasets\Alvaro\Floresta-3-20260714T215823Z-1-001\Floresta-3\valid\images\0-33-46_png_jpg.rf.f61ed20167ea064f173a52e7247844cc.jpg,train,D:\Datasets\Alvaro\Floresta-3-20260714T215823Z-1-001\Floresta-3\train\images\0-33-46_png_jpg.rf.520e68ba20f4bb0afc6d44046d5581bb.jpg,0.9578368663787842
test-train,test,D:\Datasets\Alvaro\Floresta-3-20260714T215823Z-1-001\Floresta-3\valid\images\0-33-53_png_jpg.rf.f23a37cda6300e957edd47c801683048.jpg,train,D:\Datasets\Alvaro\Floresta-3-20260714T215823Z-1-001\Floresta-3\train\images\0-33-53_png_jpg.rf.98581ea162113e788a21c3cfafe29be3.jpg,0.9530605673789978
test-train,test,D:\Datasets\Alvaro\Floresta-3-20260714T215823Z-1-001\Floresta-3\valid\images\0-35-23_png_jpg.rf.1d387d6cfa391adcf4bd60ef648bf388.jpg,train,D:\Datasets\Alvaro\Floresta-3-20260714T215823Z-1-001\Floresta-3\train\images\0-35-23_png_jpg.rf.1d4f3ea3941cf289c80911198d1413d1.jpg,0.9393253326416016
test-train,test,D:\Datasets\Alvaro\Floresta-3-20260714T215823Z-1-001\Floresta-3\valid\images\0-35-23_png_jpg.rf.40d8ed6aaf44c234c4b108b276bde6b8.jpg,train,D:\Datasets\Alvaro\Floresta-3-20260714T215823Z-1-001\Floresta-3\train\images\0-35-23_png_jpg.rf.f8ac428c45a0d8be115eaf634e51344d.jpg,0.966575026512146
test-train,test,D:\Datasets\Alvaro\Floresta-3-20260714T215823Z-1-001\Floresta-3\valid\images\0-35-23_png_jpg.rf.4509a0ba5442e302cd234709719f1835.jpg,train,D:\Datasets\Alvaro\Floresta-3-20260714T215823Z-1-001\Floresta-3\train\images\0-35-23_png_jpg.rf.d515263079ac44bf2aae38a78b9b6355.jpg,0.9400769472122192
test-train,test,D:\Datasets\Alvaro\Floresta-3-20260714T215823Z-1-001\Floresta-3\valid\images\0-35-23_png_jpg.rf.49b6354df9f785e309fef51844331db0.jpg,train,D:\Datasets\Alvaro\Floresta-3-20260714T215823Z-1-001\Floresta-3\train\images\0-35-23_png_jpg.rf.d515263079ac44bf2aae38a78b9b6355.jpg,0.9633134007453918
test-train,test,D:\Datasets\Alvaro\Floresta-3-20260714T215823Z-1-001\Floresta-3\valid\images\0-35-23_png_jpg.rf.a863e196f9a99792be3d5a57c4b1dd08.jpg,train,D:\Datasets\Alvaro\Floresta-3-20260714T215823Z-1-001\Floresta-3\train\images\0-35-23_png_jpg.rf.1d4f3ea3941cf289c80911198d1413d1.jpg,0.9511058330535889
test-train,test,D:\Datasets\Alvaro\Floresta-3-20260714T215823Z-1-001\Floresta-3\valid\images\0-35-23_png_jpg.rf.a8a54dded5faae83bc36990564c86df3.jpg,train,D:\Datasets\Alvaro\Floresta-3-20260714T215823Z-1-001\Floresta-3\train\images\0-35-23_png_jpg.rf.c4a728016cb9434f4df752cf1b2a83b0.jpg,0.9546896815299988
test-train,test,D:\Datasets\Alvaro\Floresta-3-20260714T215823Z-1-001\Floresta-3\valid\images\0-35-26_png_jpg.rf.2fbd3be8bec1d774b10c2e9e7e936cf8.jpg,train,D:\Datasets\Alvaro\Floresta-3-20260714T215823Z-1-001\Floresta-3\train\images\0-35-26_png_jpg.rf.33b1570c0f567d5feab03518b13ce15f.jpg,0.9345298409461975
test-train,test,D:\Datasets\Alvaro\Floresta-3-20260714T215823Z-1-001\Floresta-3\valid\images\0-35-26_png_jpg.rf.36662ec7474f3b8b64a5ce01cc2caffc.jpg,train,D:\Datasets\Alvaro\Floresta-3-20260714T215823Z-1-001\Floresta-3\train\images\0-35-26_png_jpg.rf.3846d9cbcc049ef3d513fb288f790424.jpg,0.912109375
test-train,test,D:\Datasets\Alvaro\Floresta-3-20260714T215823Z-1-001\Floresta-3\valid\images\0-35-26_png_jpg.rf.7efaa8163cd4bf4ee44ad5c36c549487.jpg,train,D:\Datasets\Alvaro\Floresta-3-20260714T215823Z-1-001\Floresta-3\train\images\0-35-26_png_jpg.rf.33b1570c0f567d5feab03518b13ce15f.jpg,0.9185868501663208
test-train,test,D:\Datasets\Alvaro\Floresta-3-20260714T215823Z-1-001\Floresta-3\valid\images\0-35-26_png_jpg.rf.def375b33ca69d3794365c73924d2130.jpg,train,D:\Datasets\Alvaro\Floresta-3-20260714T215823Z-1-001\Floresta-3\train\images\0-35-26_png_jpg.rf.2db426b951662ccacc3a0ec15f5741a1.jpg,0.9492027759552002
test-train,test,D:\Datasets\Alvaro\Floresta-3-20260714T215823Z-1-001\Floresta-3\valid\images\0-36-33_png_jpg.rf.08e93da8f253671e7930b58fbbf61eb3.jpg,train,D:\Datasets\Alvaro\Floresta-3-20260714T215823Z-1-001\Floresta-3\train\images\0-36-33_png_jpg.rf.8db14854dcfe96fc34847b8e2c739dba.jpg,0.9607954621315002
test-train,test,D:\Datasets\Alvaro\Floresta-3-20260714T215823Z-1-001\Floresta-3\valid\images\0-38-35_png_jpg.rf.174d858c9c3543318aade3e660f19a05.jpg,train,D:\Datasets\Alvaro\Floresta-3-20260714T215823Z-1-001\Floresta-3\train\images\0-38-35_png_jpg.rf.4935cbaadc4a78ed0709c25125df0c4b.jpg,0.9465265274047852
test-train,test,D:\Datasets\Alvaro\Floresta-3-20260714T215823Z-1-001\Floresta-3\valid\images\0-39-33_png_jpg.rf.26d3df9413994e45a4eae7bb56541173.jpg,train,D:\Datasets\Alvaro\Floresta-3-20260714T215823Z-1-001\Floresta-3\train\images\0-39-33_png_jpg.rf.8b8a6044d2b03ab630160404d8a9935b.jpg,0.947983980178833
test-train,test,D:\Datasets\Alvaro\Floresta-3-20260714T215823Z-1-001\Floresta-3\valid\images\0-39-33_png_jpg.rf.661f4d62b32aa9c5e1db57e04bc25692.jpg,train,D:\Datasets\Alvaro\Floresta-3-20260714T215823Z-1-001\Floresta-3\train\images\0-39-33_png_jpg.rf.2038bede7aab61494704734d521b518c.jpg,0.9189971685409546
test-train,test,D:\Datasets\Alvaro\Floresta-3-20260714T215823Z-1-001\Floresta-3\valid\images\0-39-33_png_jpg.rf.b7c6282d314ad7f63b774b7aee854236.jpg,train,D:\Datasets\Alvaro\Floresta-3-20260714T215823Z-1-001\Floresta-3\train\images\0-39-33_png_jpg.rf.4af046392725668e3251212aa4589203.jpg,0.9563741683959961
test-train,test,D:\Datasets\Alvaro\Floresta-3-20260714T215823Z-1-001\Floresta-3\valid\images\0-39-38_png_jpg.rf.d382bff30be2f95c5fc60673871d5cdc.jpg,train,D:\Datasets\Alvaro\Floresta-3-20260714T215823Z-1-001\Floresta-3\train\images\0-39-38_png_jpg.rf.38687d08003ec52f088895e9dc7f158f.jpg,0.9443345665931702
test-train,test,D:\Datasets\Alvaro\Floresta-3-20260714T215823Z-1-001\Floresta-3\valid\images\0-39-59_png_jpg.rf.9f7c14b7d8ea2edb9ee74ca5648248c8.jpg,train,D:\Datasets\Alvaro\Floresta-3-20260714T215823Z-1-001\Floresta-3\train\images\0-44-53_png_jpg.rf.474567a0e031c1076abb48d3fa2d1cf2.jpg,0.9417204856872559
test-train,test,D:\Datasets\Alvaro\Floresta-3-20260714T215823Z-1-001\Floresta-3\valid\images\0-4-48_png_jpg.rf.a59f094041a0973a55cff4f410c93fa6.jpg,train,D:\Datasets\Alvaro\Floresta-3-20260714T215823Z-1-001\Floresta-3\train\images\0-4-48_png_jpg.rf.ce638c44f2b2070a3067e57a99442adf.jpg,0.9470714330673218
test-train,test,D:\Datasets\Alvaro\Floresta-3-20260714T215823Z-1-001\Floresta-3\valid\images\0-42-41_png_jpg.rf.b4e8a9689ff159d097e11a376132a50c.jpg,train,D:\Datasets\Alvaro\Floresta-3-20260714T215823Z-1-001\Floresta-3\train\images\0-42-41_png_jpg.rf.0fcbfec56bbd266ed5f716f08fc64b00.jpg,0.9682144522666931
test-train,test,D:\Datasets\Alvaro\Floresta-3-20260714T215823Z-1-001\Floresta-3\valid\images\0-44-58_png_jpg.rf.0178a55e5a86ef02db9cf561e7563e80.jpg,train,D:\Datasets\Alvaro\Floresta-3-20260714T215823Z-1-001\Floresta-3\train\images\0-44-58_png_jpg.rf.2059a92e8f3e671d9dbee59d04e9b3d4.jpg,0.9345269203186035
test-train,test,D:\Datasets\Alvaro\Floresta-3-20260714T215823Z-1-001\Floresta-3\valid\images\0-44-58_png_jpg.rf.1574fdf651c742633232e0bbc903aacc.jpg,train,D:\Datasets\Alvaro\Floresta-3-20260714T215823Z-1-001\Floresta-3\train\images\0-44-58_png_jpg.rf.3b61aafb894db97111e6350ba4de7ca4.jpg,0.9526948928833008
test-train,test,D:\Datasets\Alvaro\Floresta-3-20260714T215823Z-1-001\Floresta-3\valid\images\0-44-58_png_jpg.rf.c92dad5800754ef62a54754095efb2c3.jpg,train,D:\Datasets\Alvaro\Floresta-3-20260714T215823Z-1-001\Floresta-3\train\images\0-44-58_png_jpg.rf.d865cb158d5da16ad0cc9a4d0e4e4032.jpg,0.9662789106369019
test-train,test,D:\Datasets\Alvaro\Floresta-3-20260714T215823Z-1-001\Floresta-3\valid\images\0-45-23_png_jpg.rf.6ddaa072145a609c5b5a63f068a39563.jpg,train,D:\Datasets\Alvaro\Floresta-3-20260714T215823Z-1-001\Floresta-3\train\images\0-45-23_png_jpg.rf.4c2dec07aa49430696801fc2d097188b.jpg,0.9647576212882996
test-train,test,D:\Datasets\Alvaro\Floresta-3-20260714T215823Z-1-001\Floresta-3\valid\images\0-45-23_png_jpg.rf.87c826a284f8e40adfa04f9bb4b7868f.jpg,train,D:\Datasets\Alvaro\Floresta-3-20260714T215823Z-1-001\Floresta-3\train\images\0-45-23_png_jpg.rf.72406c1a4ce5885c36b7c310666084c6.jpg,0.9530395269393921
test-train,test,D:\Datasets\Alvaro\Floresta-3-20260714T215823Z-1-001\Floresta-3\valid\images\0-45-23_png_jpg.rf.e8f08ada9b013e2e39d3ea8e53a7c456.jpg,train,D:\Datasets\Alvaro\Floresta-3-20260714T215823Z-1-001\Floresta-3\train\images\0-45-23_png_jpg.rf.ba77a6c36a1e245ee5604428c0c9b2f1.jpg,0.9671921730041504
test-train,test,D:\Datasets\Alvaro\Floresta-3-20260714T215823Z-1-001\Floresta-3\valid\images\0-45-23_png_jpg.rf.efefab866442c08f3ff4f1a41b849a1b.jpg,train,D:\Datasets\Alvaro\Floresta-3-20260714T215823Z-1-001\Floresta-3\train\images\0-45-23_png_jpg.rf.ba77a6c36a1e245ee5604428c0c9b2f1.jpg,0.9706730842590332
test-train,test,D:\Datasets\Alvaro\Floresta-3-20260714T215823Z-1-001\Floresta-3\valid\images\0-45-24_png_jpg.rf.4706a212c9e8f5f2f75ba75e37223206.jpg,train,D:\Datasets\Alvaro\Floresta-3-20260714T215823Z-1-001\Floresta-3\train\images\0-45-24_png_jpg.rf.f46439de6ebc86a8c60c68fc8f5d39c3.jpg,0.959436297416687
test-train,test,D:\Datasets\Alvaro\Floresta-3-20260714T215823Z-1-001\Floresta-3\valid\images\0-46-10_png_jpg.rf.0b37954e03c303a08c8812ba3b276c3f.jpg,train,D:\Datasets\Alvaro\Floresta-3-20260714T215823Z-1-001\Floresta-3\train\images\0-46-10_png_jpg.rf.fa5c7e5a3de6dbb6ffac227fde4656c6.jpg,0.9803394675254822
test-train,test,D:\Datasets\Alvaro\Floresta-3-20260714T215823Z-1-001\Floresta-3\valid\images\0-46-10_png_jpg.rf.b3ef76f13b3465af0f2a76768191c7b1.jpg,train,D:\Datasets\Alvaro\Floresta-3-20260714T215823Z-1-001\Floresta-3\train\images\0-46-10_png_jpg.rf.60429efb2f9a2b66fa6e4a9db9f908d6.jpg,0.9564751386642456
test-train,test,D:\Datasets\Alvaro\Floresta-3-20260714T215823Z-1-001\Floresta-3\valid\images\0-46-14_png_jpg.rf.2234cac13cad9059676dcfb807866a9d.jpg,train,D:\Datasets\Alvaro\Floresta-3-20260714T215823Z-1-001\Floresta-3\train\images\0-46-14_png_jpg.rf.ecd091d810e2ddc87b909c6fa5a00ea8.jpg,0.9565312266349792
test-train,test,D:\Datasets\Alvaro\Floresta-3-20260714T215823Z-1-001\Floresta-3\valid\images\0-46-14_png_jpg.rf.bdb7fc6409c38f72f4fd404efd7d19c2.jpg,train,D:\Datasets\Alvaro\Floresta-3-20260714T215823Z-1-001\Floresta-3\train\images\0-46-14_png_jpg.rf.558d1bfa22144a59bd1fc8b531275558.jpg,0.9825527667999268
test-train,test,D:\Datasets\Alvaro\Floresta-3-20260714T215823Z-1-001\Floresta-3\valid\images\0-46-44_png_jpg.rf.e4e348612b8b7e14f548bb69317e15bd.jpg,train,D:\Datasets\Alvaro\Floresta-3-20260714T215823Z-1-001\Floresta-3\train\images\0-46-44_png_jpg.rf.a4ba14cf629436d814c180ca59c7de89.jpg,0.9386259317398071
test-train,test,D:\Datasets\Alvaro\Floresta-3-20260714T215823Z-1-001\Floresta-3\valid\images\0-47-50_png_jpg.rf.17ea4507ca061b268d03c7ac0a002452.jpg,train,D:\Datasets\Alvaro\Floresta-3-20260714T215823Z-1-001\Floresta-3\train\images\0-47-50_png_jpg.rf.e235e04db5f1e1ba027c6fe249518f2e.jpg,0.9347013831138611
test-train,test,D:\Datasets\Alvaro\Floresta-3-20260714T215823Z-1-001\Floresta-3\valid\images\0-49-2_png_jpg.rf.b0d3653f22ca3a63e8c67e42cdf792a4.jpg,train,D:\Datasets\Alvaro\Floresta-3-20260714T215823Z-1-001\Floresta-3\train\images\0-49-2_png_jpg.rf.671a09a426309fa2cbe792a11f2dace6.jpg,0.9451538920402527
test-train,test,D:\Datasets\Alvaro\Floresta-3-20260714T215823Z-1-001\Floresta-3\valid\images\0-49-2_png_jpg.rf.cb2d9fce43ce226c3e1da53f4352a55d.jpg,train,D:\Datasets\Alvaro\Floresta-3-20260714T215823Z-1-001\Floresta-3\train\images\0-49-2_png_jpg.rf.8b68fffff5a59367cc84207c844e6f0d.jpg,0.9685757756233215
test-train,test,D:\Datasets\Alvaro\Floresta-3-20260714T215823Z-1-001\Floresta-3\valid\images\0-49-45_png_jpg.rf.024cc34284ae0afaa6e5ad939e6a6927.jpg,train,D:\Datasets\Alvaro\Floresta-3-20260714T215823Z-1-001\Floresta-3\train\images\0-49-45_png_jpg.rf.ab8f0ebd4aa74c6407eb054cfe23bf5d.jpg,0.9446246027946472
test-train,test,D:\Datasets\Alvaro\Floresta-3-20260714T215823Z-1-001\Floresta-3\valid\images\0-49-45_png_jpg.rf.d82c36274956fd55ba47ded671a957ce.jpg,train,D:\Datasets\Alvaro\Floresta-3-20260714T215823Z-1-001\Floresta-3\train\images\0-49-45_png_jpg.rf.80f1851f1ddd80885deeafa13070d0f9.jpg,0.941507875919342
test-train,test,D:\Datasets\Alvaro\Floresta-3-20260714T215823Z-1-001\Floresta-3\valid\images\0-5-11_png_jpg.rf.0c2a5deba500300636aabc1d5d588fa2.jpg,train,D:\Datasets\Alvaro\Floresta-3-20260714T215823Z-1-001\Floresta-3\train\images\0-5-11_png_jpg.rf.28f03e8fcf3c13c6f58a2e5ec7007bb3.jpg,0.9116021394729614
test-train,test,D:\Datasets\Alvaro\Floresta-3-20260714T215823Z-1-001\Floresta-3\valid\images\0-51-37_png_jpg.rf.7aacd08beb69d968393836a7b41a95cb.jpg,train,D:\Datasets\Alvaro\Floresta-3-20260714T215823Z-1-001\Floresta-3\train\images\0-51-37_png_jpg.rf.979e0ec3fdd734f822172a1ca0ebb6fe.jpg,0.956168532371521
test-train,test,D:\Datasets\Alvaro\Floresta-3-20260714T215823Z-1-001\Floresta-3\valid\images\0-51-37_png_jpg.rf.f6772a97ba0d0fb066b29c9f6a9b9ce7.jpg,train,D:\Datasets\Alvaro\Floresta-3-20260714T215823Z-1-001\Floresta-3\train\images\0-51-37_png_jpg.rf.979e0ec3fdd734f822172a1ca0ebb6fe.jpg,0.9473308324813843
test-train,test,D:\Datasets\Alvaro\Floresta-3-20260714T215823Z-1-001\Floresta-3\valid\images\0-52-40_png_jpg.rf.5f5ce8d1f8c2c923e1c161dd7fc695ef.jpg,train,D:\Datasets\Alvaro\Floresta-3-20260714T215823Z-1-001\Floresta-3\train\images\0-52-40_png_jpg.rf.3cb2412731ff0aa51bce942e255b3cac.jpg,0.9573532342910767
test-train,test,D:\Datasets\Alvaro\Floresta-3-20260714T215823Z-1-001\Floresta-3\valid\images\0-52-45_png_jpg.rf.335c0c73abcfbc0f902b8be4c21ec05e.jpg,train,D:\Datasets\Alvaro\Floresta-3-20260714T215823Z-1-001\Floresta-3\train\images\0-52-45_png_jpg.rf.3a7ef4d18990a70e7ae35ed0f2be4a62.jpg,0.962679386138916
test-train,test,D:\Datasets\Alvaro\Floresta-3-20260714T215823Z-1-001\Floresta-3\valid\images\0-52-45_png_jpg.rf.cbd3bc7ae21a9875bfa622d7477508b2.jpg,train,D:\Datasets\Alvaro\Floresta-3-20260714T215823Z-1-001\Floresta-3\train\images\0-52-45_png_jpg.rf.75bee08ddf0904664e934aaf87bea7a6.jpg,0.9701740145683289
test-train,test,D:\Datasets\Alvaro\Floresta-3-20260714T215823Z-1-001\Floresta-3\valid\images\0-52-58_png_jpg.rf.6ba9117add84dbd6a21e484f2404da1a.jpg,train,D:\Datasets\Alvaro\Floresta-3-20260714T215823Z-1-001\Floresta-3\train\images\0-52-58_png_jpg.rf.ff415ff20891f948be08bff20044df2e.jpg,0.9590450525283813
test-train,test,D:\Datasets\Alvaro\Floresta-3-20260714T215823Z-1-001\Floresta-3\valid\images\0-52-58_png_jpg.rf.c098aa9f957b5b15154d51201651c4cd.jpg,train,D:\Datasets\Alvaro\Floresta-3-20260714T215823Z-1-001\Floresta-3\train\images\0-52-58_png_jpg.rf.5924e1497080503592e291722cd98490.jpg,0.945595920085907
test-train,test,D:\Datasets\Alvaro\Floresta-3-20260714T215823Z-1-001\Floresta-3\valid\images\0-52-58_png_jpg.rf.d55622b6fcdc61a258337657c4c1742a.jpg,train,D:\Datasets\Alvaro\Floresta-3-20260714T215823Z-1-001\Floresta-3\train\images\0-52-58_png_jpg.rf.5924e1497080503592e291722cd98490.jpg,0.9182556867599487
test-train,test,D:\Datasets\Alvaro\Floresta-3-20260714T215823Z-1-001\Floresta-3\valid\images\0-53-9_png_jpg.rf.d59ca1fd938d7fd40975fb2bf73a5630.jpg,train,D:\Datasets\Alvaro\Floresta-3-20260714T215823Z-1-001\Floresta-3\train\images\0-53-9_png_jpg.rf.b443164c1403de87175327b3c291e6ba.jpg,0.9397848844528198
test-train,test,D:\Datasets\Alvaro\Floresta-3-20260714T215823Z-1-001\Floresta-3\valid\images\0-56-28_png_jpg.rf.5c1e7010a80cccb372761bc76c7bf725.jpg,train,D:\Datasets\Alvaro\Floresta-3-20260714T215823Z-1-001\Floresta-3\train\images\0-56-28_png_jpg.rf.b8ee6c9eb876b7f2b0e5030e2e709f50.jpg,0.9681227207183838
test-train,test,D:\Datasets\Alvaro\Floresta-3-20260714T215823Z-1-001\Floresta-3\valid\images\0-56-28_png_jpg.rf.62416bde8871e032421b722ee2145dec.jpg,train,D:\Datasets\Alvaro\Floresta-3-20260714T215823Z-1-001\Floresta-3\train\images\0-56-28_png_jpg.rf.d7470af4f2a5c1062e4ad6b584813295.jpg,0.9185506105422974
test-train,test,D:\Datasets\Alvaro\Floresta-3-20260714T215823Z-1-001\Floresta-3\valid\images\0-57-29_png_jpg.rf.0069b1a0f7a6b4743c7b2c11ceb10678.jpg,train,D:\Datasets\Alvaro\Floresta-3-20260714T215823Z-1-001\Floresta-3\train\images\0-57-29_png_jpg.rf.9f66afe0586860de89ad9471ea307b43.jpg,0.9705105423927307
test-train,test,D:\Datasets\Alvaro\Floresta-3-20260714T215823Z-1-001\Floresta-3\valid\images\0-57-29_png_jpg.rf.46f79d5be9ca72a7444c0f4890df566f.jpg,train,D:\Datasets\Alvaro\Floresta-3-20260714T215823Z-1-001\Floresta-3\train\images\0-57-29_png_jpg.rf.771415aa0484830ac221bc64bcde6419.jpg,0.938310444355011
test-train,test,D:\Datasets\Alvaro\Floresta-3-20260714T215823Z-1-001\Floresta-3\valid\images\0-57-29_png_jpg.rf.8701f38a921eacded42090f4d4435400.jpg,train,D:\Datasets\Alvaro\Floresta-3-20260714T215823Z-1-001\Floresta-3\train\images\0-57-29_png_jpg.rf.9f66afe0586860de89ad9471ea307b43.jpg,0.9736900329589844
test-train,test,D:\Datasets\Alvaro\Floresta-3-20260714T215823Z-1-001\Floresta-3\valid\images\0-57-29_png_jpg.rf.901a1d781c19892d4d408fae896adbe2.jpg,train,D:\Datasets\Alvaro\Floresta-3-20260714T215823Z-1-001\Floresta-3\train\images\0-57-29_png_jpg.rf.dae641e0590ed13b88b8d4dc681d8824.jpg,0.9654172658920288
test-train,test,D:\Datasets\Alvaro\Floresta-3-20260714T215823Z-1-001\Floresta-3\valid\images\0-57-29_png_jpg.rf.e6a5b82ca0c196f153ea0b816a057c75.jpg,train,D:\Datasets\Alvaro\Floresta-3-20260714T215823Z-1-001\Floresta-3\train\images\0-57-29_png_jpg.rf.8a3ea090765feda0cd6793fb70666de0.jpg,0.9672547578811646
test-train,test,D:\Datasets\Alvaro\Floresta-3-20260714T215823Z-1-001\Floresta-3\valid\images\0-57-57_png_jpg.rf.400d7d668e8dbcc69463de6b5edc97fb.jpg,train,D:\Datasets\Alvaro\Floresta-3-20260714T215823Z-1-001\Floresta-3\train\images\0-57-57_png_jpg.rf.ab05747dd0b2f263ef4e8fa7ed6a93c0.jpg,0.9360619783401489
test-train,test,D:\Datasets\Alvaro\Floresta-3-20260714T215823Z-1-001\Floresta-3\valid\images\0-57-57_png_jpg.rf.9332353a337a81d8a390a4eae12d8f7a.jpg,train,D:\Datasets\Alvaro\Floresta-3-20260714T215823Z-1-001\Floresta-3\train\images\0-57-57_png_jpg.rf.e13aaaf2268fd5b7ced346f5a73a76ca.jpg,0.9626457691192627
test-train,test,D:\Datasets\Alvaro\Floresta-3-20260714T215823Z-1-001\Floresta-3\valid\images\0-57-57_png_jpg.rf.9bad1a0a02be9ee66e28206fcc8a9de9.jpg,train,D:\Datasets\Alvaro\Floresta-3-20260714T215823Z-1-001\Floresta-3\train\images\0-57-57_png_jpg.rf.167909eef8ae446303fed073cedeace4.jpg,0.9382718801498413
test-train,test,D:\Datasets\Alvaro\Floresta-3-20260714T215823Z-1-001\Floresta-3\valid\images\0-57-57_png_jpg.rf.d1c5dcaf7de31334af86f2bd3bdd2752.jpg,train,D:\Datasets\Alvaro\Floresta-3-20260714T215823Z-1-001\Floresta-3\train\images\0-57-57_png_jpg.rf.2d64e84f40211b9f7003d70482509c63.jpg,0.9441203474998474
test-train,test,D:\Datasets\Alvaro\Floresta-3-20260714T215823Z-1-001\Floresta-3\valid\images\0-57-57_png_jpg.rf.d30fb18f76779c00359a67c71027d600.jpg,train,D:\Datasets\Alvaro\Floresta-3-20260714T215823Z-1-001\Floresta-3\train\images\0-57-57_png_jpg.rf.f2fa12091560ddfcff41af24b2586b66.jpg,0.9456038475036621
test-train,test,D:\Datasets\Alvaro\Floresta-3-20260714T215823Z-1-001\Floresta-3\valid\images\0-58-9_png_jpg.rf.cec9bdb09baed6bb02ce8ee158cf4c51.jpg,train,D:\Datasets\Alvaro\Floresta-3-20260714T215823Z-1-001\Floresta-3\train\images\0-58-9_png_jpg.rf.9f5bf5fe3381fef5f1b2099c37446abd.jpg,0.9715830683708191
test-train,test,D:\Datasets\Alvaro\Floresta-3-20260714T215823Z-1-001\Floresta-3\valid\images\0-59-15_png_jpg.rf.4dcc8ed2e66e764ee1045e2a93e6b5cf.jpg,train,D:\Datasets\Alvaro\Floresta-3-20260714T215823Z-1-001\Floresta-3\train\images\0-58-15_png_jpg.rf.df44de67671850421dfd2e15b0527f01.jpg,0.922593355178833
test-train,test,D:\Datasets\Alvaro\Floresta-3-20260714T215823Z-1-001\Floresta-3\valid\images\0-59-44_png_jpg.rf.09f5fee9e4713bf69dc9f5d934ab8285.jpg,train,D:\Datasets\Alvaro\Floresta-3-20260714T215823Z-1-001\Floresta-3\train\images\0-59-44_png_jpg.rf.3fd3a29449fabe2ec92e5746f18dbacf.jpg,0.9128546118736267
test-train,test,D:\Datasets\Alvaro\Floresta-3-20260714T215823Z-1-001\Floresta-3\valid\images\0-59-44_png_jpg.rf.17094e742d2f493881f47bdea850e83d.jpg,train,D:\Datasets\Alvaro\Floresta-3-20260714T215823Z-1-001\Floresta-3\train\images\0-59-44_png_jpg.rf.7f63ec782bd967f66217ad96839bcdfd.jpg,0.9217140078544617
test-train,test,D:\Datasets\Alvaro\Floresta-3-20260714T215823Z-1-001\Floresta-3\valid\images\0-59-44_png_jpg.rf.76b62e20d8f4d2a504f4dc16ed39fd1e.jpg,train,D:\Datasets\Alvaro\Floresta-3-20260714T215823Z-1-001\Floresta-3\train\images\0-59-44_png_jpg.rf.d3a8fd2aa647f75c8cdbd68eeadce974.jpg,0.9473802447319031
test-train,test,D:\Datasets\Alvaro\Floresta-3-20260714T215823Z-1-001\Floresta-3\valid\images\0-6-57_png_jpg.rf.75642c35ebc33d4f72729ae34246b6de.jpg,train,D:\Datasets\Alvaro\Floresta-3-20260714T215823Z-1-001\Floresta-3\train\images\0-6-57_png_jpg.rf.b1783915503e710299c8d22671fecfc8.jpg,0.9580786228179932
test-train,test,D:\Datasets\Alvaro\Floresta-3-20260714T215823Z-1-001\Floresta-3\valid\images\0-6-57_png_jpg.rf.bb5a0f0f09979c9280649ec37edb1599.jpg,train,D:\Datasets\Alvaro\Floresta-3-20260714T215823Z-1-001\Floresta-3\train\images\0-6-57_png_jpg.rf.d9c22c4f793f7ae9a8e006e135099068.jpg,0.9480205774307251
test-train,test,D:\Datasets\Alvaro\Floresta-3-20260714T215823Z-1-001\Floresta-3\valid\images\0-60-42_png_jpg.rf.fef1e76911bf12f5443307362ab6eeb6.jpg,train,D:\Datasets\Alvaro\Floresta-3-20260714T215823Z-1-001\Floresta-3\train\images\0-60-42_png_jpg.rf.e1b9eec659415f696ef96be4573671d2.jpg,0.9428287148475647
test-train,test,D:\Datasets\Alvaro\Floresta-3-20260714T215823Z-1-001\Floresta-3\valid\images\0-62-39_png_jpg.rf.6731508108471bf5520a187fd8833f13.jpg,train,D:\Datasets\Alvaro\Floresta-3-20260714T215823Z-1-001\Floresta-3\train\images\0-23-15_png_jpg.rf.7fa8aaff49f80e908f32ad06311a21d2.jpg,0.8688454627990723
test-train,test,D:\Datasets\Alvaro\Floresta-3-20260714T215823Z-1-001\Floresta-3\valid\images\0-62-39_png_jpg.rf.75f09082e2c292696f38408edee2ca2e.jpg,train,D:\Datasets\Alvaro\Floresta-3-20260714T215823Z-1-001\Floresta-3\train\images\1-20-13_png_jpg.rf.dbe95f95ca9cc5e6cc53de0f35ea3136.jpg,0.8754605650901794
test-train,test,D:\Datasets\Alvaro\Floresta-3-20260714T215823Z-1-001\Floresta-3\valid\images\0-62-49_png_jpg.rf.4a5f8f28090f278891bfb5e080bb9e62.jpg,train,D:\Datasets\Alvaro\Floresta-3-20260714T215823Z-1-001\Floresta-3\train\images\0-62-49_png_jpg.rf.1d90a392acad4114b0e18c2817810657.jpg,0.9395239353179932
test-train,test,D:\Datasets\Alvaro\Floresta-3-20260714T215823Z-1-001\Floresta-3\valid\images\0-62-49_png_jpg.rf.81dfb5404a0d714de5002b876d133499.jpg,train,D:\Datasets\Alvaro\Floresta-3-20260714T215823Z-1-001\Floresta-3\train\images\0-62-49_png_jpg.rf.7ab1d9c394e8318ed7bfbeb3680d9c81.jpg,0.9367893934249878
test-train,test,D:\Datasets\Alvaro\Floresta-3-20260714T215823Z-1-001\Floresta-3\valid\images\0-63-15_png_jpg.rf.52940eeca5a67cf8b54048e829af7027.jpg,train,D:\Datasets\Alvaro\Floresta-3-20260714T215823Z-1-001\Floresta-3\train\images\0-63-15_png_jpg.rf.839a6f6cf8a3769f10812e89a9f7c8ec.jpg,0.9382630586624146
test-train,test,D:\Datasets\Alvaro\Floresta-3-20260714T215823Z-1-001\Floresta-3\valid\images\0-63-9_png_jpg.rf.4130e9f0df98d89dbc619dd471deac05.jpg,train,D:\Datasets\Alvaro\Floresta-3-20260714T215823Z-1-001\Floresta-3\train\images\0-76-1_png_jpg.rf.26e45c1a5ec6c9d521140da49530c1cb.jpg,0.9342831969261169
test-train,test,D:\Datasets\Alvaro\Floresta-3-20260714T215823Z-1-001\Floresta-3\valid\images\0-63-9_png_jpg.rf.82adc955d8907d03eaca2cffccadc4f3.jpg,train,D:\Datasets\Alvaro\Floresta-3-20260714T215823Z-1-001\Floresta-3\train\images\0-63-9_png_jpg.rf.4ff64efa7881a72057b5a288bf64809f.jpg,0.9455342888832092
test-train,test,D:\Datasets\Alvaro\Floresta-3-20260714T215823Z-1-001\Floresta-3\valid\images\0-63-9_png_jpg.rf.de7853bdb6f39ebe53b20e64a610ff98.jpg,train,D:\Datasets\Alvaro\Floresta-3-20260714T215823Z-1-001\Floresta-3\train\images\0-63-9_png_jpg.rf.927073b70d1bb30fc6f1f7bee5f3a9cd.jpg,0.9493187665939331
test-train,test,D:\Datasets\Alvaro\Floresta-3-20260714T215823Z-1-001\Floresta-3\valid\images\0-63-9_png_jpg.rf.ea662b5d88f951cb7cf7d1306292f543.jpg,train,D:\Datasets\Alvaro\Floresta-3-20260714T215823Z-1-001\Floresta-3\train\images\0-63-9_png_jpg.rf.c9c33fa48498b1f9401378d4ab61c552.jpg,0.9319659471511841
test-train,test,D:\Datasets\Alvaro\Floresta-3-20260714T215823Z-1-001\Floresta-3\valid\images\0-63-9_png_jpg.rf.fafcc3933e10fac31f76b6ba08f97518.jpg,train,D:\Datasets\Alvaro\Floresta-3-20260714T215823Z-1-001\Floresta-3\train\images\0-66-5_png_jpg.rf.1d7ce7acf0f96d7b233c38b8dc365e62.jpg,0.9327224493026733
test-train,test,D:\Datasets\Alvaro\Floresta-3-20260714T215823Z-1-001\Floresta-3\valid\images\0-65-37_png_jpg.rf.08e1cccc78a0a5d1568c14984814b3a5.jpg,train,D:\Datasets\Alvaro\Floresta-3-20260714T215823Z-1-001\Floresta-3\train\images\0-65-37_png_jpg.rf.03622050641317142265194d62f86ec7.jpg,0.9559231996536255
test-train,test,D:\Datasets\Alvaro\Floresta-3-20260714T215823Z-1-001\Floresta-3\valid\images\0-65-37_png_jpg.rf.3ab0cff8f706179cfc0886ee72fa565b.jpg,train,D:\Datasets\Alvaro\Floresta-3-20260714T215823Z-1-001\Floresta-3\train\images\0-65-37_png_jpg.rf.805c101f1744730616bb28dd1b9ec01c.jpg,0.955957293510437
test-train,test,D:\Datasets\Alvaro\Floresta-3-20260714T215823Z-1-001\Floresta-3\valid\images\0-66-35_png_jpg.rf.0e0881e3bcd6561c57a777808b6dd1c8.jpg,train,D:\Datasets\Alvaro\Floresta-3-20260714T215823Z-1-001\Floresta-3\train\images\0-66-35_png_jpg.rf.1c7225b00717127b0ba46fcef77ef803.jpg,0.9263205528259277
test-train,test,D:\Datasets\Alvaro\Floresta-3-20260714T215823Z-1-001\Floresta-3\valid\images\0-67-2_png_jpg.rf.34c0e3eb8c2334c9859f85f856a6596d.jpg,train,D:\Datasets\Alvaro\Floresta-3-20260714T215823Z-1-001\Floresta-3\train\images\0-67-2_png_jpg.rf.0ff900536860da3522206ddc8f8ce66d.jpg,0.9443640112876892
test-train,test,D:\Datasets\Alvaro\Floresta-3-20260714T215823Z-1-001\Floresta-3\valid\images\0-67-2_png_jpg.rf.69c29968d2b90bae8c61fc6c4c301503.jpg,train,D:\Datasets\Alvaro\Floresta-3-20260714T215823Z-1-001\Floresta-3\train\images\0-67-2_png_jpg.rf.bfd07e9bd1f312b040f9ba04fb97f0e4.jpg,0.9713591933250427
test-train,test,D:\Datasets\Alvaro\Floresta-3-20260714T215823Z-1-001\Floresta-3\valid\images\0-67-2_png_jpg.rf.9c988645396ab70a3e39be2279eef4e5.jpg,train,D:\Datasets\Alvaro\Floresta-3-20260714T215823Z-1-001\Floresta-3\train\images\0-67-2_png_jpg.rf.bfd07e9bd1f312b040f9ba04fb97f0e4.jpg,0.9332034587860107
test-train,test,D:\Datasets\Alvaro\Floresta-3-20260714T215823Z-1-001\Floresta-3\valid\images\0-67-2_png_jpg.rf.fcdf51c47ad38821ace4aad8b0ab3e8f.jpg,train,D:\Datasets\Alvaro\Floresta-3-20260714T215823Z-1-001\Floresta-3\train\images\0-67-2_png_jpg.rf.0ff900536860da3522206ddc8f8ce66d.jpg,0.9757496118545532
test-train,test,D:\Datasets\Alvaro\Floresta-3-20260714T215823Z-1-001\Floresta-3\valid\images\0-67-2_png_jpg.rf.fe57ad161748021793d989d473240e4b.jpg,train,D:\Datasets\Alvaro\Floresta-3-20260714T215823Z-1-001\Floresta-3\train\images\0-67-2_png_jpg.rf.bfd07e9bd1f312b040f9ba04fb97f0e4.jpg,0.956396222114563
test-train,test,D:\Datasets\Alvaro\Floresta-3-20260714T215823Z-1-001\Floresta-3\valid\images\0-68-9_png_jpg.rf.66bf30a139a14d1f90d923ec557f6f17.jpg,train,D:\Datasets\Alvaro\Floresta-3-20260714T215823Z-1-001\Floresta-3\train\images\0-68-9_png_jpg.rf.6c1a82d9bcd8e24ede03bea0684aff07.jpg,0.9596670866012573
test-train,test,D:\Datasets\Alvaro\Floresta-3-20260714T215823Z-1-001\Floresta-3\valid\images\0-68-9_png_jpg.rf.9dad5e3924f3bb99a9070332d85148d2.jpg,train,D:\Datasets\Alvaro\Floresta-3-20260714T215823Z-1-001\Floresta-3\train\images\0-68-9_png_jpg.rf.6c1a82d9bcd8e24ede03bea0684aff07.jpg,0.9441419839859009
test-train,test,D:\Datasets\Alvaro\Floresta-3-20260714T215823Z-1-001\Floresta-3\valid\images\0-68-9_png_jpg.rf.f38ca677e7dfc38f8c8deff7a8736455.jpg,train,D:\Datasets\Alvaro\Floresta-3-20260714T215823Z-1-001\Floresta-3\train\images\0-68-9_png_jpg.rf.2ff100295b03dac6b735572e09b1b756.jpg,0.9576719999313354
test-train,test,D:\Datasets\Alvaro\Floresta-3-20260714T215823Z-1-001\Floresta-3\valid\images\0-68-9_png_jpg.rf.f985d20d40ba6844a1b8e54f994432bc.jpg,train,D:\Datasets\Alvaro\Floresta-3-20260714T215823Z-1-001\Floresta-3\train\images\0-68-9_png_jpg.rf.2ff100295b03dac6b735572e09b1b756.jpg,0.956315279006958
test-train,test,D:\Datasets\Alvaro\Floresta-3-20260714T215823Z-1-001\Floresta-3\valid\images\0-69-34_png_jpg.rf.16bf23ae08b4150c86a7146372c59047.jpg,train,D:\Datasets\Alvaro\Floresta-3-20260714T215823Z-1-001\Floresta-3\train\images\0-69-34_png_jpg.rf.cd619e461a4b82fbfee6db4ffa676501.jpg,0.9559005498886108
test-train,test,D:\Datasets\Alvaro\Floresta-3-20260714T215823Z-1-001\Floresta-3\valid\images\0-69-34_png_jpg.rf.83659f1b41430aab1cf81b67b615f59d.jpg,train,D:\Datasets\Alvaro\Floresta-3-20260714T215823Z-1-001\Floresta-3\train\images\0-69-34_png_jpg.rf.8766f5d6ab3a9f5bc85b23ff514c80cc.jpg,0.9402940273284912
test-train,test,D:\Datasets\Alvaro\Floresta-3-20260714T215823Z-1-001\Floresta-3\valid\images\0-69-45_png_jpg.rf.a6f7182f5d7026b0abd041bb08eced93.jpg,train,D:\Datasets\Alvaro\Floresta-3-20260714T215823Z-1-001\Floresta-3\train\images\0-69-45_png_jpg.rf.2b08e61350ef2f1be4169626849039ad.jpg,0.8720407485961914
test-train,test,D:\Datasets\Alvaro\Floresta-3-20260714T215823Z-1-001\Floresta-3\valid\images\0-69-45_png_jpg.rf.e7b6feb01fa29b79bee04a578e150174.jpg,train,D:\Datasets\Alvaro\Floresta-3-20260714T215823Z-1-001\Floresta-3\train\images\100_0001_0005-5_jpg.rf.bc5e1551e4d8a29b15fdb78473970a86.jpg,0.8586729168891907
test-train,test,D:\Datasets\Alvaro\Floresta-3-20260714T215823Z-1-001\Floresta-3\valid\images\0-7-17_png_jpg.rf.274eb2767cb3316ee9acdd86843d95e8.jpg,train,D:\Datasets\Alvaro\Floresta-3-20260714T215823Z-1-001\Floresta-3\train\images\0-7-17_png_jpg.rf.7aaf8dfa01110c5f3304e60b3fd8c18a.jpg,0.9600178003311157
test-train,test,D:\Datasets\Alvaro\Floresta-3-20260714T215823Z-1-001\Floresta-3\valid\images\0-7-17_png_jpg.rf.3292c8fd43f76a41d4c818bca8c6385b.jpg,train,D:\Datasets\Alvaro\Floresta-3-20260714T215823Z-1-001\Floresta-3\train\images\0-7-17_png_jpg.rf.8400b3f866a0c8a38a21e506623b1c17.jpg,0.9370866417884827
test-train,test,D:\Datasets\Alvaro\Floresta-3-20260714T215823Z-1-001\Floresta-3\valid\images\0-7-17_png_jpg.rf.e84c649633aebc6791e169db26540949.jpg,train,D:\Datasets\Alvaro\Floresta-3-20260714T215823Z-1-001\Floresta-3\train\images\0-7-17_png_jpg.rf.eb4a75a0b6abc3a4f84a7fc482e13fd6.jpg,0.947353720664978
test-train,test,D:\Datasets\Alvaro\Floresta-3-20260714T215823Z-1-001\Floresta-3\valid\images\0-7-37_png_jpg.rf.77fd2bf3c192b89cd76496e077d6ffe3.jpg,train,D:\Datasets\Alvaro\Floresta-3-20260714T215823Z-1-001\Floresta-3\train\images\0-7-37_png_jpg.rf.e4e4a3bcbc415032d9ed5eb776607d42.jpg,0.8990766406059265
test-train,test,D:\Datasets\Alvaro\Floresta-3-20260714T215823Z-1-001\Floresta-3\valid\images\0-7-37_png_jpg.rf.f326fcc06ac2a07ce32e05c1529f4bc5.jpg,train,D:\Datasets\Alvaro\Floresta-3-20260714T215823Z-1-001\Floresta-3\train\images\0-7-37_png_jpg.rf.ec847dfb4fbe263619108caa69823803.jpg,0.9614717960357666
test-train,test,D:\Datasets\Alvaro\Floresta-3-20260714T215823Z-1-001\Floresta-3\valid\images\0-72-37_png_jpg.rf.70c06592088a809dce34e490da7c9729.jpg,train,D:\Datasets\Alvaro\Floresta-3-20260714T215823Z-1-001\Floresta-3\train\images\0-63-15_png_jpg.rf.57db386d5d4abae421c3e7896b5f95bb.jpg,0.9342321157455444
test-train,test,D:\Datasets\Alvaro\Floresta-3-20260714T215823Z-1-001\Floresta-3\valid\images\0-72-37_png_jpg.rf.9d1a99523b7375f4c350eacb2355fc59.jpg,train,D:\Datasets\Alvaro\Floresta-3-20260714T215823Z-1-001\Floresta-3\train\images\0-72-37_png_jpg.rf.05f80b41b67ff2fdf38ed1922649a312.jpg,0.9526097774505615
test-train,test,D:\Datasets\Alvaro\Floresta-3-20260714T215823Z-1-001\Floresta-3\valid\images\0-72-37_png_jpg.rf.a75d905b537285a75af5c20ef7bad3a7.jpg,train,D:\Datasets\Alvaro\Floresta-3-20260714T215823Z-1-001\Floresta-3\train\images\0-72-37_png_jpg.rf.0b71bb273c75383ccc48a4af56a130f6.jpg,0.9254156351089478
test-train,test,D:\Datasets\Alvaro\Floresta-3-20260714T215823Z-1-001\Floresta-3\valid\images\0-76-1_png_jpg.rf.b89e51a758f25ee48d6cef46ad3780cb.jpg,train,D:\Datasets\Alvaro\Floresta-3-20260714T215823Z-1-001\Floresta-3\train\images\0-76-1_png_jpg.rf.6354ce172b0e213ef844e84878ce2134.jpg,0.9525578022003174
test-train,test,D:\Datasets\Alvaro\Floresta-3-20260714T215823Z-1-001\Floresta-3\valid\images\0-76-1_png_jpg.rf.bfd317d4e0fc85903372f6acd685d56b.jpg,train,D:\Datasets\Alvaro\Floresta-3-20260714T215823Z-1-001\Floresta-3\train\images\0-76-1_png_jpg.rf.98297e0a0dfd5cdd0f8ba404b768adf6.jpg,0.9824445247650146
test-train,test,D:\Datasets\Alvaro\Floresta-3-20260714T215823Z-1-001\Floresta-3\valid\images\0-79-31_png_jpg.rf.c5337e751d09daea649368e7f28c9f40.jpg,train,D:\Datasets\Alvaro\Floresta-3-20260714T215823Z-1-001\Floresta-3\train\images\0-79-31_png_jpg.rf.37fb4cc89d9a4c807d4354abc7ce6537.jpg,0.9600253105163574
test-train,test,D:\Datasets\Alvaro\Floresta-3-20260714T215823Z-1-001\Floresta-3\valid\images\0-79-43_png_jpg.rf.4cf932e6db050bbcb82ac031e7df7326.jpg,train,D:\Datasets\Alvaro\Floresta-3-20260714T215823Z-1-001\Floresta-3\train\images\0-79-43_png_jpg.rf.68f7f0efe331dd77f7bdc8a4eb1b5e99.jpg,0.9730096459388733
test-train,test,D:\Datasets\Alvaro\Floresta-3-20260714T215823Z-1-001\Floresta-3\valid\images\0-79-43_png_jpg.rf.d8283e9384435f0b58930ef55d3600a6.jpg,train,D:\Datasets\Alvaro\Floresta-3-20260714T215823Z-1-001\Floresta-3\train\images\0-79-43_png_jpg.rf.bc84be99393c131218b1c2f0291f9331.jpg,0.9764529466629028
test-train,test,D:\Datasets\Alvaro\Floresta-3-20260714T215823Z-1-001\Floresta-3\valid\images\0-79-43_png_jpg.rf.fc5339dd60d71bf59a08d302462a32c7.jpg,train,D:\Datasets\Alvaro\Floresta-3-20260714T215823Z-1-001\Floresta-3\train\images\0-79-43_png_jpg.rf.f6d969c5d25ed39de517a328ba3b0761.jpg,0.9834194183349609
test-train,test,D:\Datasets\Alvaro\Floresta-3-20260714T215823Z-1-001\Floresta-3\valid\images\0-8-33_png_jpg.rf.14756955179a6b3876cc410b81841143.jpg,train,D:\Datasets\Alvaro\Floresta-3-20260714T215823Z-1-001\Floresta-3\train\images\0-8-33_png_jpg.rf.28fa6fa2587027c9928cbd1ed7e0ae48.jpg,0.9759330749511719
test-train,test,D:\Datasets\Alvaro\Floresta-3-20260714T215823Z-1-001\Floresta-3\valid\images\0-8-33_png_jpg.rf.de2b4ecccac3e72a7ee1a121a95b00c0.jpg,train,D:\Datasets\Alvaro\Floresta-3-20260714T215823Z-1-001\Floresta-3\train\images\0-8-33_png_jpg.rf.44bfa4754b68f7c9c02fbb9b4c7c3b19.jpg,0.9210114479064941
test-train,test,D:\Datasets\Alvaro\Floresta-3-20260714T215823Z-1-001\Floresta-3\valid\images\0-8-34_png_jpg.rf.52db85235c5d8df4b774ae1df1adb0eb.jpg,train,D:\Datasets\Alvaro\Floresta-3-20260714T215823Z-1-001\Floresta-3\train\images\0-8-34_png_jpg.rf.085a13bae245b6c0852b44f7753f4149.jpg,0.9307775497436523
test-train,test,D:\Datasets\Alvaro\Floresta-3-20260714T215823Z-1-001\Floresta-3\valid\images\0-8-34_png_jpg.rf.bd3f456be50efd4869c6df34d721a6c0.jpg,train,D:\Datasets\Alvaro\Floresta-3-20260714T215823Z-1-001\Floresta-3\train\images\0-8-34_png_jpg.rf.3ba2689e2f89e83dbeda33ba8cf0195e.jpg,0.950448215007782
test-train,test,D:\Datasets\Alvaro\Floresta-3-20260714T215823Z-1-001\Floresta-3\valid\images\0-8-9_png_jpg.rf.50c4c88d744794056354f36088f2a85c.jpg,train,D:\Datasets\Alvaro\Floresta-3-20260714T215823Z-1-001\Floresta-3\train\images\0-8-9_png_jpg.rf.376a82f0c3027398945811eb54b292a3.jpg,0.9329169988632202
test-train,test,D:\Datasets\Alvaro\Floresta-3-20260714T215823Z-1-001\Floresta-3\valid\images\0-8-9_png_jpg.rf.6844730c95875e53aa058618569d0e41.jpg,train,D:\Datasets\Alvaro\Floresta-3-20260714T215823Z-1-001\Floresta-3\train\images\0-8-9_png_jpg.rf.8aca18475b71cba58a84bf85031b53c2.jpg,0.9321920275688171
test-train,test,D:\Datasets\Alvaro\Floresta-3-20260714T215823Z-1-001\Floresta-3\valid\images\0-8-9_png_jpg.rf.73cb85238533fb2a50fc78ec7a0de7a0.jpg,train,D:\Datasets\Alvaro\Floresta-3-20260714T215823Z-1-001\Floresta-3\train\images\0-8-9_png_jpg.rf.376a82f0c3027398945811eb54b292a3.jpg,0.9430322647094727
test-train,test,D:\Datasets\Alvaro\Floresta-3-20260714T215823Z-1-001\Floresta-3\valid\images\0-8-9_png_jpg.rf.774c5cc9a10522f8439ae83f9e961ecb.jpg,train,D:\Datasets\Alvaro\Floresta-3-20260714T215823Z-1-001\Floresta-3\train\images\0-8-9_png_jpg.rf.95840982c141820772b8c059f82c58bb.jpg,0.9302902817726135
test-train,test,D:\Datasets\Alvaro\Floresta-3-20260714T215823Z-1-001\Floresta-3\valid\images\0-8-9_png_jpg.rf.80f6bc94ad6364d5abef02162961f1b4.jpg,train,D:\Datasets\Alvaro\Floresta-3-20260714T215823Z-1-001\Floresta-3\train\images\0-8-9_png_jpg.rf.95840982c141820772b8c059f82c58bb.jpg,0.9332425594329834
test-train,test,D:\Datasets\Alvaro\Floresta-3-20260714T215823Z-1-001\Floresta-3\valid\images\0-9-42_png_jpg.rf.0c14af923a1d3d89a5d3aae91996f770.jpg,train,D:\Datasets\Alvaro\Floresta-3-20260714T215823Z-1-001\Floresta-3\train\images\0-9-42_png_jpg.rf.597d47c744f019cfc38dbf09c604dd91.jpg,0.9050038456916809
test-train,test,D:\Datasets\Alvaro\Floresta-3-20260714T215823Z-1-001\Floresta-3\valid\images\0-9-42_png_jpg.rf.d425ca309c40dcb3f70651ccdb7d9897.jpg,train,D:\Datasets\Alvaro\Floresta-3-20260714T215823Z-1-001\Floresta-3\train\images\0-9-42_png_jpg.rf.5f2f6f9ce5d3f2ba2228437ac2541d79.jpg,0.8671755790710449
test-train,test,D:\Datasets\Alvaro\Floresta-3-20260714T215823Z-1-001\Floresta-3\valid\images\0-9-42_png_jpg.rf.f65744f5651421b6e288792f9a7503fa.jpg,train,D:\Datasets\Alvaro\Floresta-3-20260714T215823Z-1-001\Floresta-3\train\images\0-9-42_png_jpg.rf.cbadc5bbae321bf037d95d617f68a7b8.jpg,0.921929121017456
test-train,test,D:\Datasets\Alvaro\Floresta-3-20260714T215823Z-1-001\Floresta-3\valid\images\1-12-20_png_jpg.rf.45f08d72f48c29cbe4fafce3dd13ad62.jpg,train,D:\Datasets\Alvaro\Floresta-3-20260714T215823Z-1-001\Floresta-3\train\images\1-12-20_png_jpg.rf.7d4cb79ae152ac3a2dda1243d02b76a1.jpg,0.9761141538619995
test-train,test,D:\Datasets\Alvaro\Floresta-3-20260714T215823Z-1-001\Floresta-3\valid\images\1-12-20_png_jpg.rf.99a7d999fde52593cc27b777aaed6246.jpg,train,D:\Datasets\Alvaro\Floresta-3-20260714T215823Z-1-001\Floresta-3\train\images\1-12-20_png_jpg.rf.0088d54c9e95c390372ca3ae965251cc.jpg,0.9500771164894104
test-train,test,D:\Datasets\Alvaro\Floresta-3-20260714T215823Z-1-001\Floresta-3\valid\images\1-12-20_png_jpg.rf.efa2e9a72097c8d103f2a4fbed2e945c.jpg,train,D:\Datasets\Alvaro\Floresta-3-20260714T215823Z-1-001\Floresta-3\train\images\1-12-20_png_jpg.rf.7d4cb79ae152ac3a2dda1243d02b76a1.jpg,0.9491686820983887
test-train,test,D:\Datasets\Alvaro\Floresta-3-20260714T215823Z-1-001\Floresta-3\valid\images\1-12-20_png_jpg.rf.f3a3c91150a221ba932108fced7b0089.jpg,train,D:\Datasets\Alvaro\Floresta-3-20260714T215823Z-1-001\Floresta-3\train\images\1-12-20_png_jpg.rf.0088d54c9e95c390372ca3ae965251cc.jpg,0.945492684841156
test-train,test,D:\Datasets\Alvaro\Floresta-3-20260714T215823Z-1-001\Floresta-3\valid\images\1-15-3_png_jpg.rf.75783ee7aaa23fe79b723806ead986d4.jpg,train,D:\Datasets\Alvaro\Floresta-3-20260714T215823Z-1-001\Floresta-3\train\images\1-15-3_png_jpg.rf.5c7e83a25ecbc0e1b03542550d401c1a.jpg,0.9516722559928894
test-train,test,D:\Datasets\Alvaro\Floresta-3-20260714T215823Z-1-001\Floresta-3\valid\images\1-15-3_png_jpg.rf.9ebca2f18ac8379f30d07135d39e29c0.jpg,train,D:\Datasets\Alvaro\Floresta-3-20260714T215823Z-1-001\Floresta-3\train\images\1-15-3_png_jpg.rf.5c7e83a25ecbc0e1b03542550d401c1a.jpg,0.9732215404510498
test-train,test,D:\Datasets\Alvaro\Floresta-3-20260714T215823Z-1-001\Floresta-3\valid\images\1-19-24_png_jpg.rf.eb6200b550939f5d19ac5c1da425484b.jpg,train,D:\Datasets\Alvaro\Floresta-3-20260714T215823Z-1-001\Floresta-3\train\images\1-19-24_png_jpg.rf.a11e118411ef9b400755812b86c0dc98.jpg,0.9528857469558716
test-train,test,D:\Datasets\Alvaro\Floresta-3-20260714T215823Z-1-001\Floresta-3\valid\images\1-19-24_png_jpg.rf.f4c6f3020c645bd4362f8b17dfb1f384.jpg,train,D:\Datasets\Alvaro\Floresta-3-20260714T215823Z-1-001\Floresta-3\train\images\1-19-24_png_jpg.rf.1eec37b9640f0db61ffb22254228e1d7.jpg,0.9170762896537781
test-train,test,D:\Datasets\Alvaro\Floresta-3-20260714T215823Z-1-001\Floresta-3\valid\images\1-2-15_png_jpg.rf.30c23f9e5e537954b29d9a17de5d213c.jpg,train,D:\Datasets\Alvaro\Floresta-3-20260714T215823Z-1-001\Floresta-3\train\images\1-2-15_png_jpg.rf.43fa7f7cf0cb7dcd597d99a494191eb8.jpg,0.9514874219894409
test-train,test,D:\Datasets\Alvaro\Floresta-3-20260714T215823Z-1-001\Floresta-3\valid\images\1-2-15_png_jpg.rf.4a5308bf2e6d422c8083ea01926f93f6.jpg,train,D:\Datasets\Alvaro\Floresta-3-20260714T215823Z-1-001\Floresta-3\train\images\1-2-15_png_jpg.rf.02f8a6e79ef0874315611cc7879022ec.jpg,0.9606739282608032
test-train,test,D:\Datasets\Alvaro\Floresta-3-20260714T215823Z-1-001\Floresta-3\valid\images\1-2-15_png_jpg.rf.956931753986a1ede58e285715f94755.jpg,train,D:\Datasets\Alvaro\Floresta-3-20260714T215823Z-1-001\Floresta-3\train\images\1-2-15_png_jpg.rf.fa35b06e66a0a02090683c14b63b86a2.jpg,0.9378059506416321
test-train,test,D:\Datasets\Alvaro\Floresta-3-20260714T215823Z-1-001\Floresta-3\valid\images\1-2-15_png_jpg.rf.b00eb799d644b840d7e8d29971fcc3ae.jpg,train,D:\Datasets\Alvaro\Floresta-3-20260714T215823Z-1-001\Floresta-3\train\images\1-2-15_png_jpg.rf.02f8a6e79ef0874315611cc7879022ec.jpg,0.9574118852615356
test-train,test,D:\Datasets\Alvaro\Floresta-3-20260714T215823Z-1-001\Floresta-3\valid\images\1-2-15_png_jpg.rf.c73ecf352fdb09a477653fd920fc7d4d.jpg,train,D:\Datasets\Alvaro\Floresta-3-20260714T215823Z-1-001\Floresta-3\train\images\1-2-15_png_jpg.rf.fa35b06e66a0a02090683c14b63b86a2.jpg,0.9201911687850952
test-train,test,D:\Datasets\Alvaro\Floresta-3-20260714T215823Z-1-001\Floresta-3\valid\images\1-2-18_png_jpg.rf.6e47a3fb70d75457cfbaf374274b8c98.jpg,train,D:\Datasets\Alvaro\Floresta-3-20260714T215823Z-1-001\Floresta-3\train\images\1-2-18_png_jpg.rf.dcf49f85be76591740049e06345a2804.jpg,0.9257439970970154
test-train,test,D:\Datasets\Alvaro\Floresta-3-20260714T215823Z-1-001\Floresta-3\valid\images\1-2-18_png_jpg.rf.b33b47651b8e2ccdb7cfa64786088f56.jpg,train,D:\Datasets\Alvaro\Floresta-3-20260714T215823Z-1-001\Floresta-3\train\images\1-2-18_png_jpg.rf.296cdb0073d1b3fb27680938843bfc6d.jpg,0.8951687812805176
test-train,test,D:\Datasets\Alvaro\Floresta-3-20260714T215823Z-1-001\Floresta-3\valid\images\1-2-3_png_jpg.rf.e7a4d32e39c6793ed95fa897a01dd303.jpg,train,D:\Datasets\Alvaro\Floresta-3-20260714T215823Z-1-001\Floresta-3\train\images\1-2-3_png_jpg.rf.18d920ad158d2374596c7bbe5aeba331.jpg,0.9213541150093079
test-train,test,D:\Datasets\Alvaro\Floresta-3-20260714T215823Z-1-001\Floresta-3\valid\images\1-20-0_png_jpg.rf.0dee9636f9c9c0550a598b652342748a.jpg,train,D:\Datasets\Alvaro\Floresta-3-20260714T215823Z-1-001\Floresta-3\train\images\1-20-0_png_jpg.rf.51e37ee65ba1931f6c8dc21217d24423.jpg,0.9680559635162354
test-train,test,D:\Datasets\Alvaro\Floresta-3-20260714T215823Z-1-001\Floresta-3\valid\images\1-20-13_png_jpg.rf.10fb5abff9e9528a9f8ad5c3f3431f4e.jpg,train,D:\Datasets\Alvaro\Floresta-3-20260714T215823Z-1-001\Floresta-3\train\images\1-20-13_png_jpg.rf.ecea6102d35ad56b2916eeb2a9932b7c.jpg,0.9660060405731201
test-train,test,D:\Datasets\Alvaro\Floresta-3-20260714T215823Z-1-001\Floresta-3\valid\images\1-20-13_png_jpg.rf.e5a1144424f8bbdddbe966049ef3aa0e.jpg,train,D:\Datasets\Alvaro\Floresta-3-20260714T215823Z-1-001\Floresta-3\train\images\1-20-13_png_jpg.rf.3ddc2fb3039f99603a1303c3d1132188.jpg,0.9691448211669922
test-train,test,D:\Datasets\Alvaro\Floresta-3-20260714T215823Z-1-001\Floresta-3\valid\images\1-21-23_png_jpg.rf.8005fb7042f5b5d12d63b1cdeb744ea2.jpg,train,D:\Datasets\Alvaro\Floresta-3-20260714T215823Z-1-001\Floresta-3\train\images\1-21-23_png_jpg.rf.c94859d7460139fd4f1e9b7700ce62ca.jpg,0.9335298538208008
test-train,test,D:\Datasets\Alvaro\Floresta-3-20260714T215823Z-1-001\Floresta-3\valid\images\1-21-23_png_jpg.rf.a524ca3800cfcc4a52fe5e12e49c2cb7.jpg,train,D:\Datasets\Alvaro\Floresta-3-20260714T215823Z-1-001\Floresta-3\train\images\1-21-23_png_jpg.rf.5eeac40d4eb0d3d74ed01c3877a90925.jpg,0.9384448528289795
test-train,test,D:\Datasets\Alvaro\Floresta-3-20260714T215823Z-1-001\Floresta-3\valid\images\1-21-8_png_jpg.rf.8f27b7b40b435c984991453fa43cf68b.jpg,train,D:\Datasets\Alvaro\Floresta-3-20260714T215823Z-1-001\Floresta-3\train\images\1-21-8_png_jpg.rf.e60e94288ef692e9f60127cafe8a87b4.jpg,0.941443681716919
test-train,test,D:\Datasets\Alvaro\Floresta-3-20260714T215823Z-1-001\Floresta-3\valid\images\1-25-20_png_jpg.rf.78f9878f3739edc4a409af20d8163b24.jpg,train,D:\Datasets\Alvaro\Floresta-3-20260714T215823Z-1-001\Floresta-3\train\images\1-25-20_png_jpg.rf.091e0a4fbb748a841cf2eabcd56b5b28.jpg,0.9165656566619873
test-train,test,D:\Datasets\Alvaro\Floresta-3-20260714T215823Z-1-001\Floresta-3\valid\images\1-25-20_png_jpg.rf.a0890f7daa4d57942482ee232cfbe2c9.jpg,train,D:\Datasets\Alvaro\Floresta-3-20260714T215823Z-1-001\Floresta-3\train\images\1-25-20_png_jpg.rf.d5806072687024d2273adba029146b6d.jpg,0.9350364804267883
test-train,test,D:\Datasets\Alvaro\Floresta-3-20260714T215823Z-1-001\Floresta-3\valid\images\1-25-20_png_jpg.rf.e64908534ac8ce2af000e40c3e4decd1.jpg,train,D:\Datasets\Alvaro\Floresta-3-20260714T215823Z-1-001\Floresta-3\train\images\1-25-20_png_jpg.rf.d5806072687024d2273adba029146b6d.jpg,0.9347348213195801
test-train,test,D:\Datasets\Alvaro\Floresta-3-20260714T215823Z-1-001\Floresta-3\valid\images\1-26-15_png_jpg.rf.dd2f88469b1bef8bf6ee389003aae955.jpg,train,D:\Datasets\Alvaro\Floresta-3-20260714T215823Z-1-001\Floresta-3\train\images\1-26-15_png_jpg.rf.8fbdf115b079aa6ef435d300f1311ac7.jpg,0.9398472309112549
test-train,test,D:\Datasets\Alvaro\Floresta-3-20260714T215823Z-1-001\Floresta-3\valid\images\1-27-22_png_jpg.rf.87a3672dc3b852a2502cdae5973834ae.jpg,train,D:\Datasets\Alvaro\Floresta-3-20260714T215823Z-1-001\Floresta-3\train\images\1-27-22_png_jpg.rf.afdbd379f81bad9733f8741745e03e27.jpg,0.9749606847763062
test-train,test,D:\Datasets\Alvaro\Floresta-3-20260714T215823Z-1-001\Floresta-3\valid\images\1-27-22_png_jpg.rf.df10d9580c7e90cf251cc77b33f73bdf.jpg,train,D:\Datasets\Alvaro\Floresta-3-20260714T215823Z-1-001\Floresta-3\train\images\1-27-22_png_jpg.rf.5ec76e1dddfffce96e5c23a00d18e6e3.jpg,0.9622979164123535
test-train,test,D:\Datasets\Alvaro\Floresta-3-20260714T215823Z-1-001\Floresta-3\valid\images\1-27-22_png_jpg.rf.fff27ed9e2376a8c91aee038ef6e5205.jpg,train,D:\Datasets\Alvaro\Floresta-3-20260714T215823Z-1-001\Floresta-3\train\images\1-27-22_png_jpg.rf.b5f778c09498c55f5b7e2c0fc21367f7.jpg,0.9144004583358765
test-train,test,D:\Datasets\Alvaro\Floresta-3-20260714T215823Z-1-001\Floresta-3\valid\images\1-3-6_png_jpg.rf.0454de12c5a6203faa5bea78253770d3.jpg,train,D:\Datasets\Alvaro\Floresta-3-20260714T215823Z-1-001\Floresta-3\train\images\1-3-6_png_jpg.rf.4c26b8668ed0eed21df0f0fbe9ce042b.jpg,0.9830807447433472
test-train,test,D:\Datasets\Alvaro\Floresta-3-20260714T215823Z-1-001\Floresta-3\valid\images\1-3-6_png_jpg.rf.7096ca17b79d641b9a920e19b7d2965d.jpg,train,D:\Datasets\Alvaro\Floresta-3-20260714T215823Z-1-001\Floresta-3\train\images\1-3-6_png_jpg.rf.71110524ef96a11ada69b5f35c9ce3a7.jpg,0.957800030708313
test-train,test,D:\Datasets\Alvaro\Floresta-3-20260714T215823Z-1-001\Floresta-3\valid\images\1-30-12_png_jpg.rf.37a369f72b1d217c588d789b74b9c027.jpg,train,D:\Datasets\Alvaro\Floresta-3-20260714T215823Z-1-001\Floresta-3\train\images\1-30-12_png_jpg.rf.016e72d34ebf6f56957c4a6761e56791.jpg,0.9261226654052734
test-train,test,D:\Datasets\Alvaro\Floresta-3-20260714T215823Z-1-001\Floresta-3\valid\images\1-30-12_png_jpg.rf.56765af280b1d8e2b402e00f8a65481d.jpg,train,D:\Datasets\Alvaro\Floresta-3-20260714T215823Z-1-001\Floresta-3\train\images\1-30-12_png_jpg.rf.016e72d34ebf6f56957c4a6761e56791.jpg,0.9373766183853149
test-train,test,D:\Datasets\Alvaro\Floresta-3-20260714T215823Z-1-001\Floresta-3\valid\images\1-30-12_png_jpg.rf.ac64b15e88358541f71410d0bed147c6.jpg,train,D:\Datasets\Alvaro\Floresta-3-20260714T215823Z-1-001\Floresta-3\train\images\1-30-12_png_jpg.rf.d4d7a333397aadeffd147c5b5eb9f7a0.jpg,0.9143005609512329
test-train,test,D:\Datasets\Alvaro\Floresta-3-20260714T215823Z-1-001\Floresta-3\valid\images\1-30-12_png_jpg.rf.d2d53f0eaaf032852919f0f22d980dc8.jpg,train,D:\Datasets\Alvaro\Floresta-3-20260714T215823Z-1-001\Floresta-3\train\images\1-30-12_png_jpg.rf.138f1547f210be9754f8b89e0287bc67.jpg,0.9031370878219604
test-train,test,D:\Datasets\Alvaro\Floresta-3-20260714T215823Z-1-001\Floresta-3\valid\images\1-30-12_png_jpg.rf.d845b20c06aa68597edc280c7b214718.jpg,train,D:\Datasets\Alvaro\Floresta-3-20260714T215823Z-1-001\Floresta-3\train\images\1-30-12_png_jpg.rf.2833d59c5881ff00c8c90edd5d3b7554.jpg,0.9344167709350586
test-train,test,D:\Datasets\Alvaro\Floresta-3-20260714T215823Z-1-001\Floresta-3\valid\images\1-37-5_png_jpg.rf.5f9f5825548f5ed8beb0fc37e8510043.jpg,train,D:\Datasets\Alvaro\Floresta-3-20260714T215823Z-1-001\Floresta-3\train\images\1-37-5_png_jpg.rf.7a7a38deb5aee1b078fd3abf3132b662.jpg,0.9663480520248413
test-train,test,D:\Datasets\Alvaro\Floresta-3-20260714T215823Z-1-001\Floresta-3\valid\images\1-37-5_png_jpg.rf.b5d7de2411cb4e3e366897df9e0bd338.jpg,train,D:\Datasets\Alvaro\Floresta-3-20260714T215823Z-1-001\Floresta-3\train\images\1-37-5_png_jpg.rf.c8cd13983bc16a32820406ea4bf7ce8d.jpg,0.9508230686187744
test-train,test,D:\Datasets\Alvaro\Floresta-3-20260714T215823Z-1-001\Floresta-3\valid\images\1-37-5_png_jpg.rf.d081a4fa0bbce5cffd9b8845fa88d117.jpg,train,D:\Datasets\Alvaro\Floresta-3-20260714T215823Z-1-001\Floresta-3\train\images\1-37-5_png_jpg.rf.c7b686a70c140d036f4cb03ecfba8fbc.jpg,0.9545083045959473
test-train,test,D:\Datasets\Alvaro\Floresta-3-20260714T215823Z-1-001\Floresta-3\valid\images\1-39-19_png_jpg.rf.1d7c15c46fec028ff7ae0472f41c510b.jpg,train,D:\Datasets\Alvaro\Floresta-3-20260714T215823Z-1-001\Floresta-3\train\images\1-39-19_png_jpg.rf.5f8bb1f088fdd9a49df9f3c0d7a68320.jpg,0.9718102216720581
test-train,test,D:\Datasets\Alvaro\Floresta-3-20260714T215823Z-1-001\Floresta-3\valid\images\1-39-19_png_jpg.rf.fdc21d12f23b7343f1ca9b9da247e231.jpg,train,D:\Datasets\Alvaro\Floresta-3-20260714T215823Z-1-001\Floresta-3\train\images\1-39-19_png_jpg.rf.496d88815d9172c1dd55bea2f27f0e4c.jpg,0.948602557182312
test-train,test,D:\Datasets\Alvaro\Floresta-3-20260714T215823Z-1-001\Floresta-3\valid\images\1-4-2_png_jpg.rf.19513572eb0436658afbc3cd05337ea3.jpg,train,D:\Datasets\Alvaro\Floresta-3-20260714T215823Z-1-001\Floresta-3\train\images\1-4-2_png_jpg.rf.c258215d1d15abdf9d665bd41b562a23.jpg,0.9584150910377502
test-train,test,D:\Datasets\Alvaro\Floresta-3-20260714T215823Z-1-001\Floresta-3\valid\images\1-4-2_png_jpg.rf.32938c62c1992cf5f3368f5df1ef3e23.jpg,train,D:\Datasets\Alvaro\Floresta-3-20260714T215823Z-1-001\Floresta-3\train\images\1-4-2_png_jpg.rf.c258215d1d15abdf9d665bd41b562a23.jpg,0.9269704222679138
test-train,test,D:\Datasets\Alvaro\Floresta-3-20260714T215823Z-1-001\Floresta-3\valid\images\1-4-2_png_jpg.rf.99372716a0a625c032e80a8ea56bf9d2.jpg,train,D:\Datasets\Alvaro\Floresta-3-20260714T215823Z-1-001\Floresta-3\train\images\1-4-2_png_jpg.rf.eb294fd66ad51ca9264665ba1cdd5ca7.jpg,0.919174313545227
test-train,test,D:\Datasets\Alvaro\Floresta-3-20260714T215823Z-1-001\Floresta-3\valid\images\1-5-12_png_jpg.rf.423e13675e72367c172645c5b3b5d192.jpg,train,D:\Datasets\Alvaro\Floresta-3-20260714T215823Z-1-001\Floresta-3\train\images\1-5-12_png_jpg.rf.776943fe0299bd8420b683d50a27b25e.jpg,0.9432564973831177
test-train,test,D:\Datasets\Alvaro\Floresta-3-20260714T215823Z-1-001\Floresta-3\valid\images\1-5-12_png_jpg.rf.8aad368953c3b1180853d9ee42be0442.jpg,train,D:\Datasets\Alvaro\Floresta-3-20260714T215823Z-1-001\Floresta-3\train\images\1-5-12_png_jpg.rf.895490eb2347b1696f9d1c2e85b42bec.jpg,0.940642237663269
test-train,test,D:\Datasets\Alvaro\Floresta-3-20260714T215823Z-1-001\Floresta-3\valid\images\1-8-14_png_jpg.rf.3036d6a8e367003678af51574779a1fd.jpg,train,D:\Datasets\Alvaro\Floresta-3-20260714T215823Z-1-001\Floresta-3\train\images\1-8-14_png_jpg.rf.f6207a1997323e6860f97c08e91102c2.jpg,0.9524940252304077
test-train,test,D:\Datasets\Alvaro\Floresta-3-20260714T215823Z-1-001\Floresta-3\valid\images\1-8-14_png_jpg.rf.a70a31b83448465e21c8f89d6f732cfe.jpg,train,D:\Datasets\Alvaro\Floresta-3-20260714T215823Z-1-001\Floresta-3\train\images\1-8-14_png_jpg.rf.f6207a1997323e6860f97c08e91102c2.jpg,0.9638301134109497
test-train,test,D:\Datasets\Alvaro\Floresta-3-20260714T215823Z-1-001\Floresta-3\valid\images\1-8-14_png_jpg.rf.aabe5fea380da2155e65820b9edf22c8.jpg,train,D:\Datasets\Alvaro\Floresta-3-20260714T215823Z-1-001\Floresta-3\train\images\1-8-14_png_jpg.rf.32ab4c50bb7e7c6db732412f0cff0a65.jpg,0.8974969387054443
test-train,test,D:\Datasets\Alvaro\Floresta-3-20260714T215823Z-1-001\Floresta-3\valid\images\1-8-14_png_jpg.rf.c57dadd527c44219b27c0e2467720fdc.jpg,train,D:\Datasets\Alvaro\Floresta-3-20260714T215823Z-1-001\Floresta-3\train\images\1-8-14_png_jpg.rf.9f5bf762eda5e3413a3c623b2c834f11.jpg,0.947182297706604
test-train,test,D:\Datasets\Alvaro\Floresta-3-20260714T215823Z-1-001\Floresta-3\valid\images\1-8-1_png_jpg.rf.3a2231b9dffb261b322bb834fbf9a903.jpg,train,D:\Datasets\Alvaro\Floresta-3-20260714T215823Z-1-001\Floresta-3\train\images\1-8-1_png_jpg.rf.27e59c56342fe4c880dd26e0c0a8b914.jpg,0.9654156565666199
test-train,test,D:\Datasets\Alvaro\Floresta-3-20260714T215823Z-1-001\Floresta-3\valid\images\1-8-1_png_jpg.rf.7341477d070ce809ee2ee1800c73a7cd.jpg,train,D:\Datasets\Alvaro\Floresta-3-20260714T215823Z-1-001\Floresta-3\train\images\1-8-1_png_jpg.rf.1fb117dfd3b10762a3c9b3df95fc2cf2.jpg,0.9604849815368652
test-train,test,D:\Datasets\Alvaro\Floresta-3-20260714T215823Z-1-001\Floresta-3\valid\images\1-8-1_png_jpg.rf.ab54e19b8158f90fb97218bf13a9fe9a.jpg,train,D:\Datasets\Alvaro\Floresta-3-20260714T215823Z-1-001\Floresta-3\train\images\1-8-1_png_jpg.rf.da3e6f768cd2146ee8ab56d9d3e26c86.jpg,0.9443099498748779
test-train,test,D:\Datasets\Alvaro\Floresta-3-20260714T215823Z-1-001\Floresta-3\valid\images\1-8-1_png_jpg.rf.d46134b1a936aed81824e9b9c14f833d.jpg,train,D:\Datasets\Alvaro\Floresta-3-20260714T215823Z-1-001\Floresta-3\train\images\1-8-1_png_jpg.rf.ef99748a1bfb31ce30008307758785a1.jpg,0.9331425428390503
test-train,test,D:\Datasets\Alvaro\Floresta-3-20260714T215823Z-1-001\Floresta-3\valid\images\1-9-1_png_jpg.rf.8bef805ce6cb3e9712fcdc80b4d39069.jpg,train,D:\Datasets\Alvaro\Floresta-3-20260714T215823Z-1-001\Floresta-3\train\images\1-9-1_png_jpg.rf.2b6e67e266e136bfc1f011a3885268f2.jpg,0.9620574116706848
test-train,test,D:\Datasets\Alvaro\Floresta-3-20260714T215823Z-1-001\Floresta-3\valid\images\100_0001_0005-2_jpg.rf.a64cdc08fe87b12387022bc638d38e33.jpg,train,D:\Datasets\Alvaro\Floresta-3-20260714T215823Z-1-001\Floresta-3\train\images\100_0001_0005-2_jpg.rf.f2541b5c363789bff40a2404e4b896fe.jpg,0.9549516439437866
test-train,test,D:\Datasets\Alvaro\Floresta-3-20260714T215823Z-1-001\Floresta-3\valid\images\100_0001_0006-2_jpg.rf.ad3729dab32f7cc10a39a0dd0bd56491.jpg,train,D:\Datasets\Alvaro\Floresta-3-20260714T215823Z-1-001\Floresta-3\train\images\100_0001_0006-2_jpg.rf.5422448c981cc15e4acbf1fc6389dd21.jpg,0.9771466851234436
test-train,test,D:\Datasets\Alvaro\Floresta-3-20260714T215823Z-1-001\Floresta-3\valid\images\100_0001_0013-2_jpg.rf.570659d02ba924421f50def0b853d37b.jpg,train,D:\Datasets\Alvaro\Floresta-3-20260714T215823Z-1-001\Floresta-3\train\images\100_0001_0013-2_jpg.rf.852c9308de53117e49f074fecccff4eb.jpg,0.9695544838905334
test-train,test,D:\Datasets\Alvaro\Floresta-3-20260714T215823Z-1-001\Floresta-3\valid\images\100_0001_0013-2_jpg.rf.f94794d2a0a5549397cfeaef0f3ba276.jpg,train,D:\Datasets\Alvaro\Floresta-3-20260714T215823Z-1-001\Floresta-3\train\images\100_0001_0013-2_jpg.rf.852c9308de53117e49f074fecccff4eb.jpg,0.960716962814331
test-train,test,D:\Datasets\Alvaro\Floresta-3-20260714T215823Z-1-001\Floresta-3\valid\images\100_0001_0014-2_jpg.rf.1adacb17b1779f5d80c0171827df3738.jpg,train,D:\Datasets\Alvaro\Floresta-3-20260714T215823Z-1-001\Floresta-3\train\images\100_0001_0014-2_jpg.rf.11770e7ab63c4ae2cc60568d9426baab.jpg,0.9739913940429688
test-train,test,D:\Datasets\Alvaro\Floresta-3-20260714T215823Z-1-001\Floresta-3\valid\images\100_0001_0014-5_jpg.rf.bf4f6a2f0e34c2fd72ec0482188e7201.jpg,train,D:\Datasets\Alvaro\Floresta-3-20260714T215823Z-1-001\Floresta-3\train\images\100_0001_0014-5_jpg.rf.e7f3d2b47be075e6a0855b1f9bcf4f00.jpg,0.9797782897949219
test-train,test,D:\Datasets\Alvaro\Floresta-3-20260714T215823Z-1-001\Floresta-3\valid\images\100_0001_0016-5_jpg.rf.2a85f2a8bff1f4e41a0ad15180e00dbc.jpg,train,D:\Datasets\Alvaro\Floresta-3-20260714T215823Z-1-001\Floresta-3\train\images\100_0001_0016-5_jpg.rf.57a99b443387be76ec1c06ef23920651.jpg,0.9631027579307556
test-train,test,D:\Datasets\Alvaro\Floresta-3-20260714T215823Z-1-001\Floresta-3\valid\images\100_0001_0023-3_jpg.rf.0b0c75e37f2edc12569961bfa88d4b0e.jpg,train,D:\Datasets\Alvaro\Floresta-3-20260714T215823Z-1-001\Floresta-3\train\images\100_0001_0023-3_jpg.rf.8f27a9b6f0aecce668afff7815a0b3e6.jpg,0.8375203609466553
test-train,test,D:\Datasets\Alvaro\Floresta-3-20260714T215823Z-1-001\Floresta-3\valid\images\100_0001_0024-3_jpg.rf.bfc9eb5e73ac5165ab3e3315bd4936fb.jpg,train,D:\Datasets\Alvaro\Floresta-3-20260714T215823Z-1-001\Floresta-3\train\images\100_0001_0024-3_jpg.rf.3c74a0a900dae3074661a4bd3caa7e34.jpg,0.9377630949020386
test-train,test,D:\Datasets\Alvaro\Floresta-3-20260714T215823Z-1-001\Floresta-3\valid\images\100_0001_0025-3_jpg.rf.67b40d3ec98cb21ab9c7741760649701.jpg,train,D:\Datasets\Alvaro\Floresta-3-20260714T215823Z-1-001\Floresta-3\train\images\100_0001_0025-3_jpg.rf.cf621bcf412b1ff1b83076930fbe8463.jpg,0.963205873966217
test-train,test,D:\Datasets\Alvaro\Floresta-3-20260714T215823Z-1-001\Floresta-3\valid\images\100_0001_0029-3_jpg.rf.58f2298e2d50635702c31d71694c0552.jpg,train,D:\Datasets\Alvaro\Floresta-3-20260714T215823Z-1-001\Floresta-3\train\images\100_0001_0029-3_jpg.rf.0e4c57ec279107234dfb7a92b4a4426b.jpg,0.9264046549797058
test-train,test,D:\Datasets\Alvaro\Floresta-3-20260714T215823Z-1-001\Floresta-3\valid\images\100_0001_0029-3_jpg.rf.70604977095f8a7b8292cec56316ba37.jpg,train,D:\Datasets\Alvaro\Floresta-3-20260714T215823Z-1-001\Floresta-3\train\images\100_0001_0029-3_jpg.rf.597251c94762089f62665ba3353f890b.jpg,0.9262170791625977
test-train,test,D:\Datasets\Alvaro\Floresta-3-20260714T215823Z-1-001\Floresta-3\valid\images\100_0001_0029-3_jpg.rf.e12fb270d8d07a4d86a033c65cb575ec.jpg,train,D:\Datasets\Alvaro\Floresta-3-20260714T215823Z-1-001\Floresta-3\train\images\100_0001_0029-3_jpg.rf.597251c94762089f62665ba3353f890b.jpg,0.9105651378631592
test-train,test,D:\Datasets\Alvaro\Floresta-3-20260714T215823Z-1-001\Floresta-3\valid\images\100_0001_0030-3_jpg.rf.33bdbbca27dd53018d0e6af41419479f.jpg,train,D:\Datasets\Alvaro\Floresta-3-20260714T215823Z-1-001\Floresta-3\train\images\100_0001_0030-3_jpg.rf.5c27e9e6d71cd4f302a6138067d55847.jpg,0.9250969886779785
test-train,test,D:\Datasets\Alvaro\Floresta-3-20260714T215823Z-1-001\Floresta-3\valid\images\100_0001_0030-3_jpg.rf.593b6df212ce2b17a24557c0d5f88505.jpg,train,D:\Datasets\Alvaro\Floresta-3-20260714T215823Z-1-001\Floresta-3\train\images\100_0001_0030-3_jpg.rf.643aed11e07677628a857439a43f3da4.jpg,0.9119834899902344
test-train,test,D:\Datasets\Alvaro\Floresta-3-20260714T215823Z-1-001\Floresta-3\valid\images\100_0001_0030-3_jpg.rf.9bf1fa0a67ca6aed7b2cc11372d2aff6.jpg,train,D:\Datasets\Alvaro\Floresta-3-20260714T215823Z-1-001\Floresta-3\train\images\100_0001_0030-3_jpg.rf.643aed11e07677628a857439a43f3da4.jpg,0.9052516222000122
test-train,test,D:\Datasets\Alvaro\Floresta-3-20260714T215823Z-1-001\Floresta-3\valid\images\100_0001_0031-3_jpg.rf.8b650dc8677249b26e707d0b877db34e.jpg,train,D:\Datasets\Alvaro\Floresta-3-20260714T215823Z-1-001\Floresta-3\train\images\100_0001_0031-3_jpg.rf.2fff8d70c246cebc37672d36619a8aa4.jpg,0.8861083388328552
test-train,test,D:\Datasets\Alvaro\Floresta-3-20260714T215823Z-1-001\Floresta-3\valid\images\100_0001_0031-3_jpg.rf.a6139bbcc37e2690854210f29dcaa1b7.jpg,train,D:\Datasets\Alvaro\Floresta-3-20260714T215823Z-1-001\Floresta-3\train\images\100_0001_0031-3_jpg.rf.571dc4ae2cc6335e423962a3f5e0c405.jpg,0.9128650426864624
test-train,test,D:\Datasets\Alvaro\Floresta-3-20260714T215823Z-1-001\Floresta-3\valid\images\100_0001_0031-3_jpg.rf.c00fef7ff244e377347cd19adda59ddd.jpg,train,D:\Datasets\Alvaro\Floresta-3-20260714T215823Z-1-001\Floresta-3\train\images\100_0001_0031-3_jpg.rf.63baa78c3fbb6c618cdf68bf57fb29e4.jpg,0.9445233345031738
test-train,test,D:\Datasets\Alvaro\Floresta-3-20260714T215823Z-1-001\Floresta-3\valid\images\100_0001_0031-3_jpg.rf.fa55a6a853f55b25125222b8250593c3.jpg,train,D:\Datasets\Alvaro\Floresta-3-20260714T215823Z-1-001\Floresta-3\train\images\100_0001_0031-3_jpg.rf.e56ee97cc4688cf51a3de40788b27ab7.jpg,0.9524639844894409
test-train,test,D:\Datasets\Alvaro\Floresta-3-20260714T215823Z-1-001\Floresta-3\valid\images\100_0001_0032-2_jpg.rf.e3199158732c0b986101b1e62b2a4ac0.jpg,train,D:\Datasets\Alvaro\Floresta-3-20260714T215823Z-1-001\Floresta-3\train\images\100_0001_0032-2_jpg.rf.500ae7bb178c3f516dcf630157333335.jpg,0.9488525390625
test-train,test,D:\Datasets\Alvaro\Floresta-3-20260714T215823Z-1-001\Floresta-3\valid\images\10_jpg.rf.11e5484ee917d589d25ff518f49281cd.jpg,train,D:\Datasets\Alvaro\Floresta-3-20260714T215823Z-1-001\Floresta-3\train\images\10_jpg.rf.4ffd2845f251911f7e8c9be9057843e9.jpg,0.9225268363952637
test-train,test,D:\Datasets\Alvaro\Floresta-3-20260714T215823Z-1-001\Floresta-3\valid\images\111335_sat_00_jpg.rf.8359e8d7a6deb8dbcdb09a12a8302b36.jpg,train,D:\Datasets\Alvaro\Floresta-3-20260714T215823Z-1-001\Floresta-3\train\images\111335_sat_00_jpg.rf.3e02817d05cc743e9e5cc886cd3b5649.jpg,0.9534670114517212
test-train,test,D:\Datasets\Alvaro\Floresta-3-20260714T215823Z-1-001\Floresta-3\valid\images\111335_sat_00_jpg.rf.a6762bd66fb2da8416d6ed22536e0c34.jpg,train,D:\Datasets\Alvaro\Floresta-3-20260714T215823Z-1-001\Floresta-3\train\images\111335_sat_00_jpg.rf.7945fdc59719799b7440e1076090f9b2.jpg,0.9623902440071106
test-train,test,D:\Datasets\Alvaro\Floresta-3-20260714T215823Z-1-001\Floresta-3\valid\images\111335_sat_01_jpg.rf.7e2186527a04fe190e490a8c42af3734.jpg,train,D:\Datasets\Alvaro\Floresta-3-20260714T215823Z-1-001\Floresta-3\train\images\111335_sat_01_jpg.rf.cdeec5d255113184010e9f602b8ffffb.jpg,0.9649603962898254
test-train,test,D:\Datasets\Alvaro\Floresta-3-20260714T215823Z-1-001\Floresta-3\valid\images\111335_sat_01_jpg.rf.9f71ca3a5a932cbfe9dc31e0324840eb.jpg,train,D:\Datasets\Alvaro\Floresta-3-20260714T215823Z-1-001\Floresta-3\train\images\111335_sat_01_jpg.rf.0250fb17433ab3e99e3ebb8104d27176.jpg,0.9459543228149414
test-train,test,D:\Datasets\Alvaro\Floresta-3-20260714T215823Z-1-001\Floresta-3\valid\images\111335_sat_01_jpg.rf.abdfeb04f9c8fee5ac7939d4840e718c.jpg,train,D:\Datasets\Alvaro\Floresta-3-20260714T215823Z-1-001\Floresta-3\train\images\111335_sat_01_jpg.rf.0250fb17433ab3e99e3ebb8104d27176.jpg,0.9591270685195923
test-train,test,D:\Datasets\Alvaro\Floresta-3-20260714T215823Z-1-001\Floresta-3\valid\images\111335_sat_07_jpg.rf.f021f17d5e3b4d4eca3554d6a0aced72.jpg,train,D:\Datasets\Alvaro\Floresta-3-20260714T215823Z-1-001\Floresta-3\train\images\111335_sat_07_jpg.rf.8933f1e83083abb27b15ff2202521c57.jpg,0.943566083908081
test-train,test,D:\Datasets\Alvaro\Floresta-3-20260714T215823Z-1-001\Floresta-3\valid\images\111335_sat_23_jpg.rf.4fbe9fad90222f49be9ac289860299cf.jpg,train,D:\Datasets\Alvaro\Floresta-3-20260714T215823Z-1-001\Floresta-3\train\images\111335_sat_23_jpg.rf.04ddc5027732fe4f5b162f9405f103b6.jpg,0.9451487064361572
test-train,test,D:\Datasets\Alvaro\Floresta-3-20260714T215823Z-1-001\Floresta-3\valid\images\111335_sat_23_jpg.rf.c4fdd2a4d16d362cbdd2a3832fd962a3.jpg,train,D:\Datasets\Alvaro\Floresta-3-20260714T215823Z-1-001\Floresta-3\train\images\111335_sat_23_jpg.rf.24a2be71399d32523fdfeb7ffe5db140.jpg,0.9468672275543213
test-train,test,D:\Datasets\Alvaro\Floresta-3-20260714T215823Z-1-001\Floresta-3\valid\images\111335_sat_25_jpg.rf.234c6f818862d94efebf3e9ab2dc0990.jpg,train,D:\Datasets\Alvaro\Floresta-3-20260714T215823Z-1-001\Floresta-3\train\images\111335_sat_25_jpg.rf.bef10f81f6897b34f1879cbf7cee9c7b.jpg,0.925171971321106
test-train,test,D:\Datasets\Alvaro\Floresta-3-20260714T215823Z-1-001\Floresta-3\valid\images\111335_sat_25_jpg.rf.af456c9eb111e613c957351ed28d4ac3.jpg,train,D:\Datasets\Alvaro\Floresta-3-20260714T215823Z-1-001\Floresta-3\train\images\111335_sat_25_jpg.rf.70cc33cf6d4d3511bf145110cf4c057b.jpg,0.9541674852371216
test-train,test,D:\Datasets\Alvaro\Floresta-3-20260714T215823Z-1-001\Floresta-3\valid\images\111335_sat_25_jpg.rf.c4d5aaaa101f5833d883d5bc747ef2b4.jpg,train,D:\Datasets\Alvaro\Floresta-3-20260714T215823Z-1-001\Floresta-3\train\images\111335_sat_25_jpg.rf.bef10f81f6897b34f1879cbf7cee9c7b.jpg,0.9009665846824646
test-train,test,D:\Datasets\Alvaro\Floresta-3-20260714T215823Z-1-001\Floresta-3\valid\images\111335_sat_25_jpg.rf.db041ab9f4d6f607648fb5b1ca2d59fd.jpg,train,D:\Datasets\Alvaro\Floresta-3-20260714T215823Z-1-001\Floresta-3\train\images\111335_sat_25_jpg.rf.d58d2aa8bd1df5f47c8a880a23e75f1c.jpg,0.948652982711792
test-train,test,D:\Datasets\Alvaro\Floresta-3-20260714T215823Z-1-001\Floresta-3\valid\images\111335_sat_25_jpg.rf.e7ac1afcd282263fc0902e50398ec291.jpg,train,D:\Datasets\Alvaro\Floresta-3-20260714T215823Z-1-001\Floresta-3\train\images\111335_sat_25_jpg.rf.fa21da7031f78f179d73694821fc472a.jpg,0.9589328765869141
test-train,test,D:\Datasets\Alvaro\Floresta-3-20260714T215823Z-1-001\Floresta-3\valid\images\111335_sat_25_jpg.rf.ff52cc86222eef9bb772d5a749577b22.jpg,train,D:\Datasets\Alvaro\Floresta-3-20260714T215823Z-1-001\Floresta-3\train\images\111335_sat_25_jpg.rf.4e16476efd2504f6c844e2af405fcaa2.jpg,0.9087297320365906
test-train,test,D:\Datasets\Alvaro\Floresta-3-20260714T215823Z-1-001\Floresta-3\valid\images\111335_sat_26_jpg.rf.8775f37dc97921561457f5fbc76538da.jpg,train,D:\Datasets\Alvaro\Floresta-3-20260714T215823Z-1-001\Floresta-3\train\images\111335_sat_26_jpg.rf.df6c02057aada08929bc0f1865395eec.jpg,0.9230459928512573
test-train,test,D:\Datasets\Alvaro\Floresta-3-20260714T215823Z-1-001\Floresta-3\valid\images\111335_sat_36_jpg.rf.25377aef12a6e1937076aac2ca8b9138.jpg,train,D:\Datasets\Alvaro\Floresta-3-20260714T215823Z-1-001\Floresta-3\train\images\111335_sat_36_jpg.rf.82aa99d216eaa6d74cfd306e406b93bc.jpg,0.9742579460144043
test-train,test,D:\Datasets\Alvaro\Floresta-3-20260714T215823Z-1-001\Floresta-3\valid\images\111335_sat_36_jpg.rf.25c5c8016cfd96f4e81bb100c1dc4b59.jpg,train,D:\Datasets\Alvaro\Floresta-3-20260714T215823Z-1-001\Floresta-3\train\images\111335_sat_36_jpg.rf.86eac5a711d2a4b33582a080cdebdb1a.jpg,0.9551988840103149
test-train,test,D:\Datasets\Alvaro\Floresta-3-20260714T215823Z-1-001\Floresta-3\valid\images\111335_sat_36_jpg.rf.b8943c735f53c81d04a843131d935860.jpg,train,D:\Datasets\Alvaro\Floresta-3-20260714T215823Z-1-001\Floresta-3\train\images\111335_sat_36_jpg.rf.a824b961dbfcbbcf3be9e9f6eb2a69b8.jpg,0.9250890016555786
test-train,test,D:\Datasets\Alvaro\Floresta-3-20260714T215823Z-1-001\Floresta-3\valid\images\111335_sat_47_jpg.rf.be50ad67727f2a53dda2e4f3a8870ccd.jpg,train,D:\Datasets\Alvaro\Floresta-3-20260714T215823Z-1-001\Floresta-3\train\images\111335_sat_47_jpg.rf.a45478288bf785bbd1e07c53a76dc3cd.jpg,0.9280622005462646
test-train,test,D:\Datasets\Alvaro\Floresta-3-20260714T215823Z-1-001\Floresta-3\valid\images\111335_sat_61_jpg.rf.5a9545a45034f7836e37b8b8fda3d7ec.jpg,train,D:\Datasets\Alvaro\Floresta-3-20260714T215823Z-1-001\Floresta-3\train\images\111335_sat_61_jpg.rf.439295a2129f665efbefaabe8e090ec4.jpg,0.9441789388656616
test-train,test,D:\Datasets\Alvaro\Floresta-3-20260714T215823Z-1-001\Floresta-3\valid\images\111335_sat_61_jpg.rf.79722e3cc4e2426212c62ffa9882f7eb.jpg,train,D:\Datasets\Alvaro\Floresta-3-20260714T215823Z-1-001\Floresta-3\train\images\111335_sat_61_jpg.rf.c9594b5e666dc598dcee0059ceb7f621.jpg,0.9755017757415771
test-train,test,D:\Datasets\Alvaro\Floresta-3-20260714T215823Z-1-001\Floresta-3\valid\images\111335_sat_61_jpg.rf.df8de611cb0a3077cff559275d451e1c.jpg,train,D:\Datasets\Alvaro\Floresta-3-20260714T215823Z-1-001\Floresta-3\train\images\111335_sat_61_jpg.rf.d440daaf3e8d09a78f2ce5c97b78b458.jpg,0.9712129235267639
test-train,test,D:\Datasets\Alvaro\Floresta-3-20260714T215823Z-1-001\Floresta-3\valid\images\111335_sat_74_jpg.rf.427e454470aa2572826cfa8e3cef5154.jpg,train,D:\Datasets\Alvaro\Floresta-3-20260714T215823Z-1-001\Floresta-3\train\images\111335_sat_74_jpg.rf.e6b324e470aa2b0cc0380842fbd1ad8e.jpg,0.9459542632102966
test-train,test,D:\Datasets\Alvaro\Floresta-3-20260714T215823Z-1-001\Floresta-3\valid\images\119079_sat_11_jpg.rf.1643c56447e6f1bf1b8c755053d72d17.jpg,train,D:\Datasets\Alvaro\Floresta-3-20260714T215823Z-1-001\Floresta-3\train\images\119079_sat_11_jpg.rf.c4aa5f471ad8395bfc1e9bd652e64b35.jpg,0.9649676084518433
test-train,test,D:\Datasets\Alvaro\Floresta-3-20260714T215823Z-1-001\Floresta-3\valid\images\119079_sat_11_jpg.rf.89a3762a5c408bcf66fdcf40f23a0442.jpg,train,D:\Datasets\Alvaro\Floresta-3-20260714T215823Z-1-001\Floresta-3\train\images\119079_sat_11_jpg.rf.8c064266385f6d2bde3de188cc901434.jpg,0.971107006072998
test-train,test,D:\Datasets\Alvaro\Floresta-3-20260714T215823Z-1-001\Floresta-3\valid\images\119079_sat_12_jpg.rf.1b2d5c2e24a98c25ef5ced212bbb64af.jpg,train,D:\Datasets\Alvaro\Floresta-3-20260714T215823Z-1-001\Floresta-3\train\images\119079_sat_12_jpg.rf.a3c0263408715595f7389c5844e0968d.jpg,0.958725094795227
test-train,test,D:\Datasets\Alvaro\Floresta-3-20260714T215823Z-1-001\Floresta-3\valid\images\119079_sat_12_jpg.rf.28b44b3e2cb903d3bfac38604c2bddb8.jpg,train,D:\Datasets\Alvaro\Floresta-3-20260714T215823Z-1-001\Floresta-3\train\images\119079_sat_12_jpg.rf.a3c0263408715595f7389c5844e0968d.jpg,0.945907711982727
test-train,test,D:\Datasets\Alvaro\Floresta-3-20260714T215823Z-1-001\Floresta-3\valid\images\119079_sat_12_jpg.rf.79f695c9a98458f424b417f3f05f4dfb.jpg,train,D:\Datasets\Alvaro\Floresta-3-20260714T215823Z-1-001\Floresta-3\train\images\119079_sat_12_jpg.rf.38e096479fe3f7d65a98bbc77cf803ee.jpg,0.9612929224967957
test-train,test,D:\Datasets\Alvaro\Floresta-3-20260714T215823Z-1-001\Floresta-3\valid\images\119079_sat_16_jpg.rf.231c77b72b185d620e10c3bea2377769.jpg,train,D:\Datasets\Alvaro\Floresta-3-20260714T215823Z-1-001\Floresta-3\train\images\119079_sat_16_jpg.rf.69408db6a44b7d0781ac18082e64c57e.jpg,0.9383857846260071
test-train,test,D:\Datasets\Alvaro\Floresta-3-20260714T215823Z-1-001\Floresta-3\valid\images\119079_sat_17_jpg.rf.cda5ef7bf3bf8dca81d91d869b9cdb57.jpg,train,D:\Datasets\Alvaro\Floresta-3-20260714T215823Z-1-001\Floresta-3\train\images\119079_sat_17_jpg.rf.28b88f9095ae47a3123a03548e4b28e2.jpg,0.9621262550354004
test-train,test,D:\Datasets\Alvaro\Floresta-3-20260714T215823Z-1-001\Floresta-3\valid\images\119079_sat_23_jpg.rf.2a14f6c0b265e0d17dcbd3c5bb7e9a80.jpg,train,D:\Datasets\Alvaro\Floresta-3-20260714T215823Z-1-001\Floresta-3\train\images\119079_sat_23_jpg.rf.087ab59897a2dfad561b7ed6d9ebb504.jpg,0.9565554857254028
test-train,test,D:\Datasets\Alvaro\Floresta-3-20260714T215823Z-1-001\Floresta-3\valid\images\119079_sat_23_jpg.rf.2aedf4690b0b124d87314405b4570506.jpg,train,D:\Datasets\Alvaro\Floresta-3-20260714T215823Z-1-001\Floresta-3\train\images\119079_sat_23_jpg.rf.2ae186b33768b89685a39192b2c18a63.jpg,0.9495345950126648
test-train,test,D:\Datasets\Alvaro\Floresta-3-20260714T215823Z-1-001\Floresta-3\valid\images\119079_sat_23_jpg.rf.9015693692230bb4ed29e7ebef3a4f7d.jpg,train,D:\Datasets\Alvaro\Floresta-3-20260714T215823Z-1-001\Floresta-3\train\images\119079_sat_23_jpg.rf.d8621b5007198135a7e43f206feb45a2.jpg,0.9521803855895996
test-train,test,D:\Datasets\Alvaro\Floresta-3-20260714T215823Z-1-001\Floresta-3\valid\images\119079_sat_40_jpg.rf.605f58c80663023eeaf035fc8b82c853.jpg,train,D:\Datasets\Alvaro\Floresta-3-20260714T215823Z-1-001\Floresta-3\train\images\119079_sat_40_jpg.rf.ecfb96fb2693d43d14c721b48d57ffd6.jpg,0.8794898390769958
test-train,test,D:\Datasets\Alvaro\Floresta-3-20260714T215823Z-1-001\Floresta-3\valid\images\119079_sat_41_jpg.rf.154ff9cef340d74f7d0a328476127c18.jpg,train,D:\Datasets\Alvaro\Floresta-3-20260714T215823Z-1-001\Floresta-3\train\images\119079_sat_41_jpg.rf.3d22e42a5d617bf550e2772596cc5644.jpg,0.9389379620552063
test-train,test,D:\Datasets\Alvaro\Floresta-3-20260714T215823Z-1-001\Floresta-3\valid\images\119079_sat_41_jpg.rf.378b47f66e7b793f43ab01788dd91eab.jpg,train,D:\Datasets\Alvaro\Floresta-3-20260714T215823Z-1-001\Floresta-3\train\images\119079_sat_41_jpg.rf.4f7c8c3bc6585ac096df733636b83ad3.jpg,0.9233617782592773
test-train,test,D:\Datasets\Alvaro\Floresta-3-20260714T215823Z-1-001\Floresta-3\valid\images\119079_sat_41_jpg.rf.4a1901e22c7316a2604f445460cd7209.jpg,train,D:\Datasets\Alvaro\Floresta-3-20260714T215823Z-1-001\Floresta-3\train\images\119079_sat_41_jpg.rf.fb7f2f514407089bd60ef34bb38fc530.jpg,0.9446300268173218
test-train,test,D:\Datasets\Alvaro\Floresta-3-20260714T215823Z-1-001\Floresta-3\valid\images\119079_sat_41_jpg.rf.9102f9ed486e1d8c3760d5062c8124cb.jpg,train,D:\Datasets\Alvaro\Floresta-3-20260714T215823Z-1-001\Floresta-3\train\images\119079_sat_41_jpg.rf.9165263a1b93837d547ead316f67d6b5.jpg,0.9133621454238892
test-train,test,D:\Datasets\Alvaro\Floresta-3-20260714T215823Z-1-001\Floresta-3\valid\images\119079_sat_41_jpg.rf.f44a7c15039a2544398079e82c8ce7c5.jpg,train,D:\Datasets\Alvaro\Floresta-3-20260714T215823Z-1-001\Floresta-3\train\images\119079_sat_41_jpg.rf.e4c049e299d9bbe06cd1a1e0ca5201d8.jpg,0.9402710199356079
test-train,test,D:\Datasets\Alvaro\Floresta-3-20260714T215823Z-1-001\Floresta-3\valid\images\119079_sat_72_jpg.rf.1775c9b99f0b2df7aeaa66685e79663d.jpg,train,D:\Datasets\Alvaro\Floresta-3-20260714T215823Z-1-001\Floresta-3\train\images\119079_sat_72_jpg.rf.1d040ea68444a3df50b90460751f5bf3.jpg,0.9433810114860535
test-train,test,D:\Datasets\Alvaro\Floresta-3-20260714T215823Z-1-001\Floresta-3\valid\images\119079_sat_72_jpg.rf.39afc80e221910cbe2960add70fc927a.jpg,train,D:\Datasets\Alvaro\Floresta-3-20260714T215823Z-1-001\Floresta-3\train\images\119079_sat_72_jpg.rf.e5e32b992555094c105c789cd088b40d.jpg,0.9720766544342041
test-train,test,D:\Datasets\Alvaro\Floresta-3-20260714T215823Z-1-001\Floresta-3\valid\images\119079_sat_72_jpg.rf.c41f72728bcdf467e7acfde1f2223b3a.jpg,train,D:\Datasets\Alvaro\Floresta-3-20260714T215823Z-1-001\Floresta-3\train\images\119079_sat_72_jpg.rf.1d040ea68444a3df50b90460751f5bf3.jpg,0.9540939331054688
test-train,test,D:\Datasets\Alvaro\Floresta-3-20260714T215823Z-1-001\Floresta-3\valid\images\119079_sat_72_jpg.rf.f263514bea78f6484d061ad4ffa5aa6d.jpg,train,D:\Datasets\Alvaro\Floresta-3-20260714T215823Z-1-001\Floresta-3\train\images\119079_sat_72_jpg.rf.1d040ea68444a3df50b90460751f5bf3.jpg,0.957240104675293
test-train,test,D:\Datasets\Alvaro\Floresta-3-20260714T215823Z-1-001\Floresta-3\valid\images\122104_sat_22_jpg.rf.2af14889a590294acf8b5edd7244a92e.jpg,train,D:\Datasets\Alvaro\Floresta-3-20260714T215823Z-1-001\Floresta-3\train\images\122104_sat_22_jpg.rf.c59c016a2c09b6fee4099360e11110d3.jpg,0.9620147347450256
test-train,test,D:\Datasets\Alvaro\Floresta-3-20260714T215823Z-1-001\Floresta-3\valid\images\122104_sat_22_jpg.rf.5f7f734f4dbfd10b3b2960a6d90a9add.jpg,train,D:\Datasets\Alvaro\Floresta-3-20260714T215823Z-1-001\Floresta-3\train\images\122104_sat_22_jpg.rf.9487913b62b87a1335f0713c017d646b.jpg,0.9484739303588867
test-train,test,D:\Datasets\Alvaro\Floresta-3-20260714T215823Z-1-001\Floresta-3\valid\images\122104_sat_22_jpg.rf.673e9357f003fce7090445f0c287c1fb.jpg,train,D:\Datasets\Alvaro\Floresta-3-20260714T215823Z-1-001\Floresta-3\train\images\122104_sat_22_jpg.rf.1fa1633c0f37288d547ed71d2f229da8.jpg,0.9138832688331604
test-train,test,D:\Datasets\Alvaro\Floresta-3-20260714T215823Z-1-001\Floresta-3\valid\images\122104_sat_22_jpg.rf.f92a046f8057faeccc857554456e597b.jpg,train,D:\Datasets\Alvaro\Floresta-3-20260714T215823Z-1-001\Floresta-3\train\images\122104_sat_22_jpg.rf.2aff1fb36166335d5b22e5e76e88f67a.jpg,0.9277846217155457
test-train,test,D:\Datasets\Alvaro\Floresta-3-20260714T215823Z-1-001\Floresta-3\valid\images\122104_sat_43_jpg.rf.3923bea51ea63d17833fdd3a45a06518.jpg,train,D:\Datasets\Alvaro\Floresta-3-20260714T215823Z-1-001\Floresta-3\train\images\122104_sat_43_jpg.rf.1487dcf64613c6f3103348414abdf522.jpg,0.9166648387908936
test-train,test,D:\Datasets\Alvaro\Floresta-3-20260714T215823Z-1-001\Floresta-3\valid\images\122104_sat_43_jpg.rf.e092129efd94dd9b4f4d87107d9affb1.jpg,train,D:\Datasets\Alvaro\Floresta-3-20260714T215823Z-1-001\Floresta-3\train\images\122104_sat_43_jpg.rf.6aebc653981376e16dd9d126e4ae88d0.jpg,0.9287761449813843
test-train,test,D:\Datasets\Alvaro\Floresta-3-20260714T215823Z-1-001\Floresta-3\valid\images\122104_sat_43_jpg.rf.f356ca1aac72353a62e4dfdba1d46756.jpg,train,D:\Datasets\Alvaro\Floresta-3-20260714T215823Z-1-001\Floresta-3\train\images\122104_sat_43_jpg.rf.6880f2ccdd8c71dd8e0535988bd1fda2.jpg,0.9099281430244446
test-train,test,D:\Datasets\Alvaro\Floresta-3-20260714T215823Z-1-001\Floresta-3\valid\images\122104_sat_71_jpg.rf.9c0253e366ccf163d233a83686674e74.jpg,train,D:\Datasets\Alvaro\Floresta-3-20260714T215823Z-1-001\Floresta-3\train\images\122104_sat_71_jpg.rf.f30c6da8eacb019baa9d03224e2b2fa1.jpg,0.9157226085662842
test-train,test,D:\Datasets\Alvaro\Floresta-3-20260714T215823Z-1-001\Floresta-3\valid\images\122104_sat_73_jpg.rf.4121e4654fa44220315667aecaef3336.jpg,train,D:\Datasets\Alvaro\Floresta-3-20260714T215823Z-1-001\Floresta-3\train\images\122104_sat_73_jpg.rf.57fe3b3c9f14b7796b37411d48b31adc.jpg,0.9720392227172852
test-train,test,D:\Datasets\Alvaro\Floresta-3-20260714T215823Z-1-001\Floresta-3\valid\images\122104_sat_73_jpg.rf.4e2c0b5ff277237d410e3ded33ddb510.jpg,train,D:\Datasets\Alvaro\Floresta-3-20260714T215823Z-1-001\Floresta-3\train\images\122104_sat_73_jpg.rf.6e219165e6141a50db4a3b41a4444520.jpg,0.9581369757652283
test-train,test,D:\Datasets\Alvaro\Floresta-3-20260714T215823Z-1-001\Floresta-3\valid\images\13_jpg.rf.067237cb0833285d9f82ba5ffa353086.jpg,train,D:\Datasets\Alvaro\Floresta-3-20260714T215823Z-1-001\Floresta-3\train\images\13_jpg.rf.ac16bd69a387357ef1c263d5495a3661.jpg,0.9558292627334595
test-train,test,D:\Datasets\Alvaro\Floresta-3-20260714T215823Z-1-001\Floresta-3\valid\images\13_jpg.rf.aac9f5e27adcf71506d0edf9e25b76fc.jpg,train,D:\Datasets\Alvaro\Floresta-3-20260714T215823Z-1-001\Floresta-3\train\images\13_jpg.rf.ac942e5b19ba5c89b5e691c4496f9fe3.jpg,0.9408124685287476
test-train,test,D:\Datasets\Alvaro\Floresta-3-20260714T215823Z-1-001\Floresta-3\valid\images\13_jpg.rf.ed7b0a1d2b9e4a14269a6a09e05e3f02.jpg,train,D:\Datasets\Alvaro\Floresta-3-20260714T215823Z-1-001\Floresta-3\train\images\13_jpg.rf.adde6351e40363c8021e6818e6a451e2.jpg,0.938833475112915
test-train,test,D:\Datasets\Alvaro\Floresta-3-20260714T215823Z-1-001\Floresta-3\valid\images\148381_sat_50_jpg.rf.ca76cbc2926dd7dc8dffec44f344ba0f.jpg,train,D:\Datasets\Alvaro\Floresta-3-20260714T215823Z-1-001\Floresta-3\train\images\148381_sat_50_jpg.rf.60bd709c2576701070d8057b908221f8.jpg,0.955328106880188
test-train,test,D:\Datasets\Alvaro\Floresta-3-20260714T215823Z-1-001\Floresta-3\valid\images\15_jpg.rf.6da7676869aab3a565a7e501e8c57a52.jpg,train,D:\Datasets\Alvaro\Floresta-3-20260714T215823Z-1-001\Floresta-3\train\images\15_jpg.rf.ab20e659182ae31906b0726541d090a6.jpg,0.922600507736206
test-train,test,D:\Datasets\Alvaro\Floresta-3-20260714T215823Z-1-001\Floresta-3\valid\images\2-13-9_png_jpg.rf.32a6de0d1bc406c0ed2783a571e2e465.jpg,train,D:\Datasets\Alvaro\Floresta-3-20260714T215823Z-1-001\Floresta-3\train\images\2-13-9_png_jpg.rf.be09e9c470eeaca4715dda2b408407ba.jpg,0.9374334812164307
test-train,test,D:\Datasets\Alvaro\Floresta-3-20260714T215823Z-1-001\Floresta-3\valid\images\2-13-9_png_jpg.rf.74638d26a8bb10e5860f35e06f11bf11.jpg,train,D:\Datasets\Alvaro\Floresta-3-20260714T215823Z-1-001\Floresta-3\train\images\2-13-9_png_jpg.rf.6d7d7d6825feda85fe46ad4bfc2178b6.jpg,0.9410182237625122
test-train,test,D:\Datasets\Alvaro\Floresta-3-20260714T215823Z-1-001\Floresta-3\valid\images\2-13-9_png_jpg.rf.7d67424961f6c3b5bdc14f2a47bd13a3.jpg,train,D:\Datasets\Alvaro\Floresta-3-20260714T215823Z-1-001\Floresta-3\train\images\2-13-9_png_jpg.rf.bae4d8db04b7d4ab5f4826245936c0e4.jpg,0.9613147974014282
test-train,test,D:\Datasets\Alvaro\Floresta-3-20260714T215823Z-1-001\Floresta-3\valid\images\2-13-9_png_jpg.rf.d91be9b06eeda995390dc7f71db78d8f.jpg,train,D:\Datasets\Alvaro\Floresta-3-20260714T215823Z-1-001\Floresta-3\train\images\2-13-9_png_jpg.rf.ae1f4e32a26a6840d58b57037155435d.jpg,0.9068668484687805
test-train,test,D:\Datasets\Alvaro\Floresta-3-20260714T215823Z-1-001\Floresta-3\valid\images\226788_sat_57_jpg.rf.dd54fb3bfa0028a6b79871fe08377bd5.jpg,train,D:\Datasets\Alvaro\Floresta-3-20260714T215823Z-1-001\Floresta-3\train\images\226788_sat_57_jpg.rf.518ec9ccd1487fa6f3d5541083536b43.jpg,0.942363977432251
test-train,test,D:\Datasets\Alvaro\Floresta-3-20260714T215823Z-1-001\Floresta-3\valid\images\226788_sat_76_jpg.rf.a3ed482b9f4b6de24ad17f0c93ee684f.jpg,train,D:\Datasets\Alvaro\Floresta-3-20260714T215823Z-1-001\Floresta-3\train\images\226788_sat_76_jpg.rf.c1285a1e610da4a67b1a8d05f87ee332.jpg,0.9302242994308472
test-train,test,D:\Datasets\Alvaro\Floresta-3-20260714T215823Z-1-001\Floresta-3\valid\images\226788_sat_76_jpg.rf.cfc6b06a0f52cc001bd6e26b14dd8190.jpg,train,D:\Datasets\Alvaro\Floresta-3-20260714T215823Z-1-001\Floresta-3\train\images\226788_sat_76_jpg.rf.c1285a1e610da4a67b1a8d05f87ee332.jpg,0.9620797634124756
test-train,test,D:\Datasets\Alvaro\Floresta-3-20260714T215823Z-1-001\Floresta-3\valid\images\255876_sat_48_jpg.rf.293d322d14bd13af285127f20bd49e27.jpg,train,D:\Datasets\Alvaro\Floresta-3-20260714T215823Z-1-001\Floresta-3\train\images\255876_sat_48_jpg.rf.e82cd54847f4505b735e7e5dc1234b1d.jpg,0.9720211029052734
test-train,test,D:\Datasets\Alvaro\Floresta-3-20260714T215823Z-1-001\Floresta-3\valid\images\255876_sat_48_jpg.rf.5ea42284a98a44496fcd2385896e016c.jpg,train,D:\Datasets\Alvaro\Floresta-3-20260714T215823Z-1-001\Floresta-3\train\images\255876_sat_48_jpg.rf.e82cd54847f4505b735e7e5dc1234b1d.jpg,0.9679281711578369
test-train,test,D:\Datasets\Alvaro\Floresta-3-20260714T215823Z-1-001\Floresta-3\valid\images\255876_sat_48_jpg.rf.d7d89971f644f32b4e5aaca8d483effa.jpg,train,D:\Datasets\Alvaro\Floresta-3-20260714T215823Z-1-001\Floresta-3\train\images\255876_sat_48_jpg.rf.e82cd54847f4505b735e7e5dc1234b1d.jpg,0.9558790922164917
test-train,test,D:\Datasets\Alvaro\Floresta-3-20260714T215823Z-1-001\Floresta-3\valid\images\255876_sat_50_jpg.rf.379a402552645af443b56e9eb3fc5bca.jpg,train,D:\Datasets\Alvaro\Floresta-3-20260714T215823Z-1-001\Floresta-3\train\images\255876_sat_50_jpg.rf.3ce9c3978d319e27c7d2ea7cc51bfbaf.jpg,0.9682872891426086
test-train,test,D:\Datasets\Alvaro\Floresta-3-20260714T215823Z-1-001\Floresta-3\valid\images\255876_sat_50_jpg.rf.ac72206d48aec332f3cf9fc6443ee20b.jpg,train,D:\Datasets\Alvaro\Floresta-3-20260714T215823Z-1-001\Floresta-3\train\images\255876_sat_50_jpg.rf.3124d53e8a32529b5fd504fe1a79ccb8.jpg,0.9556283950805664
test-train,test,D:\Datasets\Alvaro\Floresta-3-20260714T215823Z-1-001\Floresta-3\valid\images\255876_sat_70_jpg.rf.811173944e482e5093909d55c3ccdb64.jpg,train,D:\Datasets\Alvaro\Floresta-3-20260714T215823Z-1-001\Floresta-3\train\images\255876_sat_70_jpg.rf.fda0416cc9da0e8e9df66ea96c1da744.jpg,0.9756840467453003
test-train,test,D:\Datasets\Alvaro\Floresta-3-20260714T215823Z-1-001\Floresta-3\valid\images\255876_sat_71_jpg.rf.897dc855a98baf524b40d262475430dc.jpg,train,D:\Datasets\Alvaro\Floresta-3-20260714T215823Z-1-001\Floresta-3\train\images\255876_sat_71_jpg.rf.da2709b138f7da7a396c27be3b58295d.jpg,0.9592519998550415
test-train,test,D:\Datasets\Alvaro\Floresta-3-20260714T215823Z-1-001\Floresta-3\valid\images\255876_sat_82_jpg.rf.b3a294c336c568909a314cf3ecc9ddd3.jpg,train,D:\Datasets\Alvaro\Floresta-3-20260714T215823Z-1-001\Floresta-3\train\images\27460_sat_50_jpg.rf.5a45bdee1ad64373d708a015b1a9abce.jpg,0.9282172322273254
test-train,test,D:\Datasets\Alvaro\Floresta-3-20260714T215823Z-1-001\Floresta-3\valid\images\273002_sat_71_jpg.rf.16e3a72c30a187b451f7bdf347602395.jpg,train,D:\Datasets\Alvaro\Floresta-3-20260714T215823Z-1-001\Floresta-3\train\images\273002_sat_71_jpg.rf.1ab188b1c917b6a88d43f779faa61cff.jpg,0.9306923151016235
test-train,test,D:\Datasets\Alvaro\Floresta-3-20260714T215823Z-1-001\Floresta-3\valid\images\273002_sat_72_jpg.rf.097052b0b7f432ca2642391d32657c85.jpg,train,D:\Datasets\Alvaro\Floresta-3-20260714T215823Z-1-001\Floresta-3\train\images\273002_sat_72_jpg.rf.bfe84cc21ae93f9c34b6284c6b2864e3.jpg,0.9639367461204529
test-train,test,D:\Datasets\Alvaro\Floresta-3-20260714T215823Z-1-001\Floresta-3\valid\images\273002_sat_72_jpg.rf.5c3b5ede1f016f9faebfc94082b6b35c.jpg,train,D:\Datasets\Alvaro\Floresta-3-20260714T215823Z-1-001\Floresta-3\train\images\273002_sat_72_jpg.rf.0f592acbbf3821aab2152d2196c07f95.jpg,0.9426060914993286
test-train,test,D:\Datasets\Alvaro\Floresta-3-20260714T215823Z-1-001\Floresta-3\valid\images\273002_sat_72_jpg.rf.adc00eb035e5e9f6dbb6b18fd0990fa2.jpg,train,D:\Datasets\Alvaro\Floresta-3-20260714T215823Z-1-001\Floresta-3\train\images\273002_sat_72_jpg.rf.218a5810547dd4681a54645d34ca83db.jpg,0.951577365398407
test-train,test,D:\Datasets\Alvaro\Floresta-3-20260714T215823Z-1-001\Floresta-3\valid\images\27460_sat_02_jpg.rf.a4683c50b9755a17ee55fce90e7102c5.jpg,train,D:\Datasets\Alvaro\Floresta-3-20260714T215823Z-1-001\Floresta-3\train\images\27460_sat_02_jpg.rf.6e034251ebaee78eeaeb55750189095f.jpg,0.961711585521698
test-train,test,D:\Datasets\Alvaro\Floresta-3-20260714T215823Z-1-001\Floresta-3\valid\images\27460_sat_02_jpg.rf.e4e7807153518a12e611866473b5437d.jpg,train,D:\Datasets\Alvaro\Floresta-3-20260714T215823Z-1-001\Floresta-3\train\images\27460_sat_02_jpg.rf.f6bcc53919ba58476fadf01cb6b78e67.jpg,0.9356015920639038
test-train,test,D:\Datasets\Alvaro\Floresta-3-20260714T215823Z-1-001\Floresta-3\valid\images\27460_sat_05_jpg.rf.d116b73c8e2db33ded9b432348a84070.jpg,train,D:\Datasets\Alvaro\Floresta-3-20260714T215823Z-1-001\Floresta-3\train\images\27460_sat_05_jpg.rf.5a99efa21ba64ef64f3d76e3128d7dbd.jpg,0.9287524223327637
test-train,test,D:\Datasets\Alvaro\Floresta-3-20260714T215823Z-1-001\Floresta-3\valid\images\27460_sat_05_jpg.rf.ebbb11c54f34135e728eb74d79db06c6.jpg,train,D:\Datasets\Alvaro\Floresta-3-20260714T215823Z-1-001\Floresta-3\train\images\255876_sat_71_jpg.rf.da2709b138f7da7a396c27be3b58295d.jpg,0.8956608772277832
test-train,test,D:\Datasets\Alvaro\Floresta-3-20260714T215823Z-1-001\Floresta-3\valid\images\27460_sat_14_jpg.rf.84bdc10220c8ba497376cb1de188702c.jpg,train,D:\Datasets\Alvaro\Floresta-3-20260714T215823Z-1-001\Floresta-3\train\images\27460_sat_14_jpg.rf.7fbb7739a7fe4a847ce4a73df3170b5f.jpg,0.918479323387146
test-train,test,D:\Datasets\Alvaro\Floresta-3-20260714T215823Z-1-001\Floresta-3\valid\images\27460_sat_33_jpg.rf.655eb2075fa26bd72aac4e14363b816c.jpg,train,D:\Datasets\Alvaro\Floresta-3-20260714T215823Z-1-001\Floresta-3\train\images\27460_sat_33_jpg.rf.9c2cce22d88d4510268c09987aeeac77.jpg,0.9619502425193787
test-train,test,D:\Datasets\Alvaro\Floresta-3-20260714T215823Z-1-001\Floresta-3\valid\images\27460_sat_33_jpg.rf.6721a6030539edcc5e5dfffce63aadaa.jpg,train,D:\Datasets\Alvaro\Floresta-3-20260714T215823Z-1-001\Floresta-3\train\images\27460_sat_33_jpg.rf.020b69a20d13e1d9e21e85caa3ffc09d.jpg,0.9526544809341431
test-train,test,D:\Datasets\Alvaro\Floresta-3-20260714T215823Z-1-001\Floresta-3\valid\images\27460_sat_50_jpg.rf.6de98cf9e44583f2e665ea6a9b6901bd.jpg,train,D:\Datasets\Alvaro\Floresta-3-20260714T215823Z-1-001\Floresta-3\train\images\27460_sat_50_jpg.rf.5a45bdee1ad64373d708a015b1a9abce.jpg,0.9658558368682861
test-train,test,D:\Datasets\Alvaro\Floresta-3-20260714T215823Z-1-001\Floresta-3\valid\images\27460_sat_71_jpg.rf.acbb60671bb681761c17c95a8d69215c.jpg,train,D:\Datasets\Alvaro\Floresta-3-20260714T215823Z-1-001\Floresta-3\train\images\27460_sat_71_jpg.rf.1284c8e836f80073447d63fad1a474e8.jpg,0.9289260506629944
test-train,test,D:\Datasets\Alvaro\Floresta-3-20260714T215823Z-1-001\Floresta-3\valid\images\280861_sat_42_jpg.rf.607229121513227e0744e044a849ec2d.jpg,train,D:\Datasets\Alvaro\Floresta-3-20260714T215823Z-1-001\Floresta-3\train\images\280861_sat_42_jpg.rf.4f14741acd2a9f07304a343303262c38.jpg,0.9163292050361633
test-train,test,D:\Datasets\Alvaro\Floresta-3-20260714T215823Z-1-001\Floresta-3\valid\images\280861_sat_42_jpg.rf.fa3f53445833790343052af5fdf3dea2.jpg,train,D:\Datasets\Alvaro\Floresta-3-20260714T215823Z-1-001\Floresta-3\train\images\280861_sat_42_jpg.rf.4f14741acd2a9f07304a343303262c38.jpg,0.9765126705169678
test-train,test,D:\Datasets\Alvaro\Floresta-3-20260714T215823Z-1-001\Floresta-3\valid\images\280861_sat_50_jpg.rf.176939bd6516a1fa1edcc1c9c76f8172.jpg,train,D:\Datasets\Alvaro\Floresta-3-20260714T215823Z-1-001\Floresta-3\train\images\280861_sat_50_jpg.rf.16c24195a6a0194f33c86d4bf770e072.jpg,0.9598931074142456
test-train,test,D:\Datasets\Alvaro\Floresta-3-20260714T215823Z-1-001\Floresta-3\valid\images\291214_sat_02_jpg.rf.bbc1c25c97dd451ac73fb22be547a974.jpg,train,D:\Datasets\Alvaro\Floresta-3-20260714T215823Z-1-001\Floresta-3\train\images\291214_sat_02_jpg.rf.800b13ddd942c0f702cbbfe18cec1129.jpg,0.8983989953994751
test-train,test,D:\Datasets\Alvaro\Floresta-3-20260714T215823Z-1-001\Floresta-3\valid\images\291214_sat_36_jpg.rf.9c8a5eb1ecb9c30c4ebeda43d93e6a61.jpg,train,D:\Datasets\Alvaro\Floresta-3-20260714T215823Z-1-001\Floresta-3\train\images\291214_sat_36_jpg.rf.2f600a695875c97c32e13ce93d2b0aa3.jpg,0.9218354225158691
test-train,test,D:\Datasets\Alvaro\Floresta-3-20260714T215823Z-1-001\Floresta-3\valid\images\291214_sat_37_jpg.rf.01d3a915bf02a054ad6f126cfc5a47ad.jpg,train,D:\Datasets\Alvaro\Floresta-3-20260714T215823Z-1-001\Floresta-3\train\images\291214_sat_37_jpg.rf.082f189d3206cf0b4263ae4b227ed0b9.jpg,0.9246526956558228
test-train,test,D:\Datasets\Alvaro\Floresta-3-20260714T215823Z-1-001\Floresta-3\valid\images\291214_sat_37_jpg.rf.733f96db71d925ed16f09476bcb20759.jpg,train,D:\Datasets\Alvaro\Floresta-3-20260714T215823Z-1-001\Floresta-3\train\images\291214_sat_37_jpg.rf.8dad7aa09de9040f242ba0aaf0ef2826.jpg,0.945638120174408
test-train,test,D:\Datasets\Alvaro\Floresta-3-20260714T215823Z-1-001\Floresta-3\valid\images\291214_sat_38_jpg.rf.5d2ccb52bef9c50b5991dae3f762bfa1.jpg,train,D:\Datasets\Alvaro\Floresta-3-20260714T215823Z-1-001\Floresta-3\train\images\291214_sat_38_jpg.rf.b8818bc6313127ccf547f4dbcc865172.jpg,0.9172028303146362
test-train,test,D:\Datasets\Alvaro\Floresta-3-20260714T215823Z-1-001\Floresta-3\valid\images\291214_sat_41_jpg.rf.8c9a363213067be3676b6216de9362d2.jpg,train,D:\Datasets\Alvaro\Floresta-3-20260714T215823Z-1-001\Floresta-3\train\images\291214_sat_41_jpg.rf.255a65b8348a91a8b40cc2fd6c569b3b.jpg,0.939228892326355
test-train,test,D:\Datasets\Alvaro\Floresta-3-20260714T215823Z-1-001\Floresta-3\valid\images\291214_sat_42_jpg.rf.8ab5617425ccf96510e131588b02d2e3.jpg,train,D:\Datasets\Alvaro\Floresta-3-20260714T215823Z-1-001\Floresta-3\train\images\291214_sat_42_jpg.rf.8ec4323c675a587ca47c8a28b3d72c4c.jpg,0.9021636247634888
test-train,test,D:\Datasets\Alvaro\Floresta-3-20260714T215823Z-1-001\Floresta-3\valid\images\291214_sat_78_jpg.rf.cdd30c72ac54935fde9cad15bfec4d96.jpg,train,D:\Datasets\Alvaro\Floresta-3-20260714T215823Z-1-001\Floresta-3\train\images\291214_sat_78_jpg.rf.333e20239893198874b14bb2923432c4.jpg,0.9463404417037964
test-train,test,D:\Datasets\Alvaro\Floresta-3-20260714T215823Z-1-001\Floresta-3\valid\images\2aml0_jpg.rf.023e9bc5e251dd890b230860ebb5432f.jpg,train,D:\Datasets\Alvaro\Floresta-3-20260714T215823Z-1-001\Floresta-3\train\images\2aml0_jpg.rf.0b016360a17c9a6f1cdb0401a80dff54.jpg,0.9477635025978088
test-train,test,D:\Datasets\Alvaro\Floresta-3-20260714T215823Z-1-001\Floresta-3\valid\images\2aml0_jpg.rf.56e3b13c00b0326a7970faebf35afd79.jpg,train,D:\Datasets\Alvaro\Floresta-3-20260714T215823Z-1-001\Floresta-3\train\images\2aml0_jpg.rf.8971da4be4468417bed38391b3ba40c6.jpg,0.9091164469718933
test-train,test,D:\Datasets\Alvaro\Floresta-3-20260714T215823Z-1-001\Floresta-3\valid\images\2aml0_jpg.rf.98dbcac01ebaa99e78681958c41ebfe5.jpg,train,D:\Datasets\Alvaro\Floresta-3-20260714T215823Z-1-001\Floresta-3\train\images\2aml0_jpg.rf.c20d546df94fafe6101a49d668182151.jpg,0.9452452063560486
test-train,test,D:\Datasets\Alvaro\Floresta-3-20260714T215823Z-1-001\Floresta-3\valid\images\2aml0_jpg.rf.a3fd48b427a7fa636795edd73b7c939c.jpg,train,D:\Datasets\Alvaro\Floresta-3-20260714T215823Z-1-001\Floresta-3\train\images\2aml0_jpg.rf.8971da4be4468417bed38391b3ba40c6.jpg,0.8986444473266602
test-train,test,D:\Datasets\Alvaro\Floresta-3-20260714T215823Z-1-001\Floresta-3\valid\images\2aml0_jpg.rf.d862f1753549ce63734538b8faaf9753.jpg,train,D:\Datasets\Alvaro\Floresta-3-20260714T215823Z-1-001\Floresta-3\train\images\2aml18_jpg.rf.e102a4106393050b8d90752f06284c1c.jpg,0.9040869474411011
test-train,test,D:\Datasets\Alvaro\Floresta-3-20260714T215823Z-1-001\Floresta-3\valid\images\2aml0_jpg.rf.ee7e26f722a9fbc14d5e027b1a62ef4c.jpg,train,D:\Datasets\Alvaro\Floresta-3-20260714T215823Z-1-001\Floresta-3\train\images\2aml0_jpg.rf.86e8178f1ee7d204b3b45ee9dc1be6ed.jpg,0.9069023728370667
test-train,test,D:\Datasets\Alvaro\Floresta-3-20260714T215823Z-1-001\Floresta-3\valid\images\2aml102_jpg.rf.43146e5b61d3f4a54cbf0c89e08eab59.jpg,train,D:\Datasets\Alvaro\Floresta-3-20260714T215823Z-1-001\Floresta-3\train\images\2aml102_jpg.rf.85a25b1b26a3f8bdc0ff84ee855bcc78.jpg,0.9811481833457947
test-train,test,D:\Datasets\Alvaro\Floresta-3-20260714T215823Z-1-001\Floresta-3\valid\images\2aml102_jpg.rf.bba8a1a361f4fbc09d9caa01cba6c66f.jpg,train,D:\Datasets\Alvaro\Floresta-3-20260714T215823Z-1-001\Floresta-3\train\images\2aml102_jpg.rf.85a25b1b26a3f8bdc0ff84ee855bcc78.jpg,0.959637463092804
test-train,test,D:\Datasets\Alvaro\Floresta-3-20260714T215823Z-1-001\Floresta-3\valid\images\2aml150_jpg.rf.b8dcdf815669dfb4948cb32b26b66dc8.jpg,train,D:\Datasets\Alvaro\Floresta-3-20260714T215823Z-1-001\Floresta-3\train\images\2aml150_jpg.rf.2b72ad17a965ee81d84c3ed19daee738.jpg,0.9739959239959717
test-train,test,D:\Datasets\Alvaro\Floresta-3-20260714T215823Z-1-001\Floresta-3\valid\images\2aml150_jpg.rf.baed4a5a1dfcc355f9f28c157882f696.jpg,train,D:\Datasets\Alvaro\Floresta-3-20260714T215823Z-1-001\Floresta-3\train\images\2aml150_jpg.rf.2b72ad17a965ee81d84c3ed19daee738.jpg,0.9756137132644653
test-train,test,D:\Datasets\Alvaro\Floresta-3-20260714T215823Z-1-001\Floresta-3\valid\images\2aml150_jpg.rf.ebaa93f59551c877f4999f0dc7728465.jpg,train,D:\Datasets\Alvaro\Floresta-3-20260714T215823Z-1-001\Floresta-3\train\images\2aml150_jpg.rf.e5a4e4cb73a1eb3612d17c33001bccd2.jpg,0.975826621055603
test-train,test,D:\Datasets\Alvaro\Floresta-3-20260714T215823Z-1-001\Floresta-3\valid\images\2aml181_jpg.rf.44798b45ce8c1841705cc08a63b61ea5.jpg,train,D:\Datasets\Alvaro\Floresta-3-20260714T215823Z-1-001\Floresta-3\train\images\2aml181_jpg.rf.b691f3113be492aba348ec39f1db0213.jpg,0.9457160234451294
test-train,test,D:\Datasets\Alvaro\Floresta-3-20260714T215823Z-1-001\Floresta-3\valid\images\2aml181_jpg.rf.65a49f3bb4b808e45d3fec8e67d7349e.jpg,train,D:\Datasets\Alvaro\Floresta-3-20260714T215823Z-1-001\Floresta-3\train\images\2aml181_jpg.rf.45c31dbacd8aea0e6e1c0bd5d661f72f.jpg,0.9697386026382446
test-train,test,D:\Datasets\Alvaro\Floresta-3-20260714T215823Z-1-001\Floresta-3\valid\images\2aml181_jpg.rf.688268b2af013c510a8fa66c7add517d.jpg,train,D:\Datasets\Alvaro\Floresta-3-20260714T215823Z-1-001\Floresta-3\train\images\2aml181_jpg.rf.b691f3113be492aba348ec39f1db0213.jpg,0.9710216522216797
test-train,test,D:\Datasets\Alvaro\Floresta-3-20260714T215823Z-1-001\Floresta-3\valid\images\2aml181_jpg.rf.b4967be1a40ef52d56d981c623a03926.jpg,train,D:\Datasets\Alvaro\Floresta-3-20260714T215823Z-1-001\Floresta-3\train\images\2aml181_jpg.rf.99c693bad67753958b642a30cf4edb62.jpg,0.9621689915657043
test-train,test,D:\Datasets\Alvaro\Floresta-3-20260714T215823Z-1-001\Floresta-3\valid\images\2aml18_jpg.rf.61b294d5a83aecd4c467af9b0059c403.jpg,train,D:\Datasets\Alvaro\Floresta-3-20260714T215823Z-1-001\Floresta-3\train\images\2aml18_jpg.rf.4a57231087c19916a78bf7815615d0eb.jpg,0.9333798885345459
test-train,test,D:\Datasets\Alvaro\Floresta-3-20260714T215823Z-1-001\Floresta-3\valid\images\2aml18_jpg.rf.ed70e0140d181f7392d2c7971a08ca99.jpg,train,D:\Datasets\Alvaro\Floresta-3-20260714T215823Z-1-001\Floresta-3\train\images\2aml18_jpg.rf.57351579cd74d5f13de5e07dffc5c597.jpg,0.962519645690918
test-train,test,D:\Datasets\Alvaro\Floresta-3-20260714T215823Z-1-001\Floresta-3\valid\images\2aml190_jpg.rf.7de1534e392239d301dfebc1006f24b6.jpg,train,D:\Datasets\Alvaro\Floresta-3-20260714T215823Z-1-001\Floresta-3\train\images\2aml190_jpg.rf.b648fe3e3a80d4cdd658a543f9495d55.jpg,0.9472393989562988
test-train,test,D:\Datasets\Alvaro\Floresta-3-20260714T215823Z-1-001\Floresta-3\valid\images\2aml193_jpg.rf.2f818696ee168fc25c3235fb8eb082da.jpg,train,D:\Datasets\Alvaro\Floresta-3-20260714T215823Z-1-001\Floresta-3\train\images\2aml193_jpg.rf.3f672f20d9bd44aeb50d2e4316aa56a5.jpg,0.9604775905609131
test-train,test,D:\Datasets\Alvaro\Floresta-3-20260714T215823Z-1-001\Floresta-3\valid\images\2aml193_jpg.rf.acb537a9bf9cfa71922e48ee3b790b2b.jpg,train,D:\Datasets\Alvaro\Floresta-3-20260714T215823Z-1-001\Floresta-3\train\images\2aml193_jpg.rf.ce872b0a6c4aa7ac4cc88abf991c846a.jpg,0.9688037633895874
test-train,test,D:\Datasets\Alvaro\Floresta-3-20260714T215823Z-1-001\Floresta-3\valid\images\2aml193_jpg.rf.cd4aacd9be25b4e8dd0701b681b06294.jpg,train,D:\Datasets\Alvaro\Floresta-3-20260714T215823Z-1-001\Floresta-3\train\images\2aml193_jpg.rf.168c451051986cdbe5cf3694d2c74ce4.jpg,0.9369072914123535
test-train,test,D:\Datasets\Alvaro\Floresta-3-20260714T215823Z-1-001\Floresta-3\valid\images\2aml193_jpg.rf.d107772b70c9e479075375f87c046d41.jpg,train,D:\Datasets\Alvaro\Floresta-3-20260714T215823Z-1-001\Floresta-3\train\images\2aml193_jpg.rf.6a8235ce0df03482dd8390fbb77f3e4e.jpg,0.9359976053237915
test-train,test,D:\Datasets\Alvaro\Floresta-3-20260714T215823Z-1-001\Floresta-3\valid\images\2aml196_jpg.rf.91e7ce660d7e2c0db73ff888b09eb7c0.jpg,train,D:\Datasets\Alvaro\Floresta-3-20260714T215823Z-1-001\Floresta-3\train\images\2aml196_jpg.rf.a1e932c3ad7c02835332681ceff1a3be.jpg,0.9659616947174072
test-train,test,D:\Datasets\Alvaro\Floresta-3-20260714T215823Z-1-001\Floresta-3\valid\images\2aml241_jpg.rf.3e331f897a2767e6a5c47b65b0150482.jpg,train,D:\Datasets\Alvaro\Floresta-3-20260714T215823Z-1-001\Floresta-3\train\images\2aml241_jpg.rf.4bd77fa449a6e1f2e4555d43a772915a.jpg,0.9625290632247925
test-train,test,D:\Datasets\Alvaro\Floresta-3-20260714T215823Z-1-001\Floresta-3\valid\images\2aml241_jpg.rf.666c1a503ef0d4ae4924868748e815d2.jpg,train,D:\Datasets\Alvaro\Floresta-3-20260714T215823Z-1-001\Floresta-3\train\images\2aml241_jpg.rf.eee8928fb72464928d53ef7e6041e16f.jpg,0.9308145046234131
test-train,test,D:\Datasets\Alvaro\Floresta-3-20260714T215823Z-1-001\Floresta-3\valid\images\2aml241_jpg.rf.bcedd30b879ab613fdbfed91f69afef7.jpg,train,D:\Datasets\Alvaro\Floresta-3-20260714T215823Z-1-001\Floresta-3\train\images\2aml241_jpg.rf.76b0e991401135f8409c974c1f4c701e.jpg,0.941484808921814
test-train,test,D:\Datasets\Alvaro\Floresta-3-20260714T215823Z-1-001\Floresta-3\valid\images\2aml24_jpg.rf.e5e759e98d366914c24c0629cce766f2.jpg,train,D:\Datasets\Alvaro\Floresta-3-20260714T215823Z-1-001\Floresta-3\train\images\2aml24_jpg.rf.2fd9260f8d7902facea327a82af84968.jpg,0.9467150568962097
test-train,test,D:\Datasets\Alvaro\Floresta-3-20260714T215823Z-1-001\Floresta-3\valid\images\2aml301_jpg.rf.84582a90f93002d4423f6e2d5b1da179.jpg,train,D:\Datasets\Alvaro\Floresta-3-20260714T215823Z-1-001\Floresta-3\train\images\2aml301_jpg.rf.7fca4250b775c9eb5e38393b89265b5e.jpg,0.9678584337234497
test-train,test,D:\Datasets\Alvaro\Floresta-3-20260714T215823Z-1-001\Floresta-3\valid\images\2aml301_jpg.rf.9ae188906846dd15475cbf2748b2231b.jpg,train,D:\Datasets\Alvaro\Floresta-3-20260714T215823Z-1-001\Floresta-3\train\images\2aml301_jpg.rf.101a8402402f7c35112570fac42d7d49.jpg,0.9484001994132996
test-train,test,D:\Datasets\Alvaro\Floresta-3-20260714T215823Z-1-001\Floresta-3\valid\images\2aml301_jpg.rf.c40657922a10d9cb34563b180f4a125b.jpg,train,D:\Datasets\Alvaro\Floresta-3-20260714T215823Z-1-001\Floresta-3\train\images\2aml301_jpg.rf.8da41e44978b90a75903d820d4756f64.jpg,0.964180588722229
test-train,test,D:\Datasets\Alvaro\Floresta-3-20260714T215823Z-1-001\Floresta-3\valid\images\2aml313_jpg.rf.24c9b7c9451a54a588d5fd977857e1a1.jpg,train,D:\Datasets\Alvaro\Floresta-3-20260714T215823Z-1-001\Floresta-3\train\images\2aml313_jpg.rf.baf9c909040f9105e89ac61fb6c0117d.jpg,0.9802827835083008
test-train,test,D:\Datasets\Alvaro\Floresta-3-20260714T215823Z-1-001\Floresta-3\valid\images\2aml313_jpg.rf.4e7ba3ced6099b34d77d057d71e38920.jpg,train,D:\Datasets\Alvaro\Floresta-3-20260714T215823Z-1-001\Floresta-3\train\images\2aml313_jpg.rf.bd973f0df27cbdd74684f1e85172624f.jpg,0.9737405776977539
test-train,test,D:\Datasets\Alvaro\Floresta-3-20260714T215823Z-1-001\Floresta-3\valid\images\2aml313_jpg.rf.fd7dff30a913d58027c317faeb04ec54.jpg,train,D:\Datasets\Alvaro\Floresta-3-20260714T215823Z-1-001\Floresta-3\train\images\2aml313_jpg.rf.bd973f0df27cbdd74684f1e85172624f.jpg,0.9617098569869995
test-train,test,D:\Datasets\Alvaro\Floresta-3-20260714T215823Z-1-001\Floresta-3\valid\images\2aml317_jpg.rf.64bd2c94de93e22ed58fdc6902ec69f9.jpg,train,D:\Datasets\Alvaro\Floresta-3-20260714T215823Z-1-001\Floresta-3\train\images\2aml317_jpg.rf.10caf557510634606f8f17be816cd2fb.jpg,0.9299613833427429
test-train,test,D:\Datasets\Alvaro\Floresta-3-20260714T215823Z-1-001\Floresta-3\valid\images\2aml321_jpg.rf.49ae9ff922ee4ae85deba4e2fd627de5.jpg,train,D:\Datasets\Alvaro\Floresta-3-20260714T215823Z-1-001\Floresta-3\train\images\2aml321_jpg.rf.2b269abd433d51d97037a6eb2237d4f2.jpg,0.8893609642982483
test-train,test,D:\Datasets\Alvaro\Floresta-3-20260714T215823Z-1-001\Floresta-3\valid\images\2aml321_jpg.rf.85eb200150e2599df8e7a90d7477c51b.jpg,train,D:\Datasets\Alvaro\Floresta-3-20260714T215823Z-1-001\Floresta-3\train\images\2aml321_jpg.rf.3ab77e909c4422223ad3e212c0dd4717.jpg,0.9217878580093384
test-train,test,D:\Datasets\Alvaro\Floresta-3-20260714T215823Z-1-001\Floresta-3\valid\images\2aml321_jpg.rf.90c57d6b851beb0b9398ecfd73a056a8.jpg,train,D:\Datasets\Alvaro\Floresta-3-20260714T215823Z-1-001\Floresta-3\train\images\2aml321_jpg.rf.08dac89b3c084bafd96bc56bf8807ada.jpg,0.946664035320282
test-train,test,D:\Datasets\Alvaro\Floresta-3-20260714T215823Z-1-001\Floresta-3\valid\images\2aml321_jpg.rf.f833a2aa5238c3f03f7413491d2f71ef.jpg,train,D:\Datasets\Alvaro\Floresta-3-20260714T215823Z-1-001\Floresta-3\train\images\2aml321_jpg.rf.2b269abd433d51d97037a6eb2237d4f2.jpg,0.9279345273971558
test-train,test,D:\Datasets\Alvaro\Floresta-3-20260714T215823Z-1-001\Floresta-3\valid\images\2aml321_jpg.rf.faef715d0f0b50350f9863bd69f08226.jpg,train,D:\Datasets\Alvaro\Floresta-3-20260714T215823Z-1-001\Floresta-3\train\images\2aml321_jpg.rf.2b269abd433d51d97037a6eb2237d4f2.jpg,0.9266471862792969
test-train,test,D:\Datasets\Alvaro\Floresta-3-20260714T215823Z-1-001\Floresta-3\valid\images\2aml36_jpg.rf.01dfe2dea5c3e6da34c6755f8f0f1301.jpg,train,D:\Datasets\Alvaro\Floresta-3-20260714T215823Z-1-001\Floresta-3\train\images\2aml36_jpg.rf.62de0065ac1666546d1066e0b0db3978.jpg,0.9362399578094482
test-train,test,D:\Datasets\Alvaro\Floresta-3-20260714T215823Z-1-001\Floresta-3\valid\images\2aml36_jpg.rf.9ee04cdbdbd756882c3338134b5a0ef2.jpg,train,D:\Datasets\Alvaro\Floresta-3-20260714T215823Z-1-001\Floresta-3\train\images\2aml36_jpg.rf.0c9e2b9d277b0e1b217ed5db02932796.jpg,0.9483063817024231
test-train,test,D:\Datasets\Alvaro\Floresta-3-20260714T215823Z-1-001\Floresta-3\valid\images\2aml877_jpg.rf.79a47abb2303dabe0f6abd3a2e3d875c.jpg,train,D:\Datasets\Alvaro\Floresta-3-20260714T215823Z-1-001\Floresta-3\train\images\2aml877_jpg.rf.55b8156e861ebccf420d1519ba3c9a74.jpg,0.9335366487503052
test-train,test,D:\Datasets\Alvaro\Floresta-3-20260714T215823Z-1-001\Floresta-3\valid\images\2aml877_jpg.rf.fefecd088cdb1e1ee617c331fd1a0213.jpg,train,D:\Datasets\Alvaro\Floresta-3-20260714T215823Z-1-001\Floresta-3\train\images\2aml877_jpg.rf.a378333541478abf7f9724296794f946.jpg,0.9427727460861206
test-train,test,D:\Datasets\Alvaro\Floresta-3-20260714T215823Z-1-001\Floresta-3\valid\images\525105_sat_57_jpg.rf.635eaf17545ab07abbb9839f54d56fb8.jpg,train,D:\Datasets\Alvaro\Floresta-3-20260714T215823Z-1-001\Floresta-3\train\images\525105_sat_57_jpg.rf.3e740c2541bbea3573a2f3bc23f9930b.jpg,0.9643237590789795
test-train,test,D:\Datasets\Alvaro\Floresta-3-20260714T215823Z-1-001\Floresta-3\valid\images\525105_sat_57_jpg.rf.b31bf205bacee064de3929b9ba07afe4.jpg,train,D:\Datasets\Alvaro\Floresta-3-20260714T215823Z-1-001\Floresta-3\train\images\525105_sat_57_jpg.rf.cebaf5efd9fb73fe5738af2a01319141.jpg,0.960830807685852
test-train,test,D:\Datasets\Alvaro\Floresta-3-20260714T215823Z-1-001\Floresta-3\valid\images\626208_sat_58_jpg.rf.4b9fab1e590e0fe97a9462aecd364653.jpg,train,D:\Datasets\Alvaro\Floresta-3-20260714T215823Z-1-001\Floresta-3\train\images\626208_sat_58_jpg.rf.2cebb255a317eff3ddc1e831e9afcde6.jpg,0.9170293807983398
test-train,test,D:\Datasets\Alvaro\Floresta-3-20260714T215823Z-1-001\Floresta-3\valid\images\626208_sat_58_jpg.rf.d230820df51a7d9e789b7eb79dacf27f.jpg,train,D:\Datasets\Alvaro\Floresta-3-20260714T215823Z-1-001\Floresta-3\train\images\626208_sat_58_jpg.rf.1e9bd4322fffebf724832bafefd6182d.jpg,0.9403200149536133
test-train,test,D:\Datasets\Alvaro\Floresta-3-20260714T215823Z-1-001\Floresta-3\valid\images\644103_sat_67_jpg.rf.e226a00858652657c84c3a6dcf6b1f6b.jpg,train,D:\Datasets\Alvaro\Floresta-3-20260714T215823Z-1-001\Floresta-3\train\images\644103_sat_67_jpg.rf.3fa4f0ab567dc6bd33a4bea83b4dc563.jpg,0.8523068428039551
test-train,test,D:\Datasets\Alvaro\Floresta-3-20260714T215823Z-1-001\Floresta-3\valid\images\651312_sat_00_jpg.rf.237e00529476e5613f27c18780314258.jpg,train,D:\Datasets\Alvaro\Floresta-3-20260714T215823Z-1-001\Floresta-3\train\images\651312_sat_00_jpg.rf.031ea32dc4a59a1a29ae72b0b87b7b71.jpg,0.9444580674171448
test-train,test,D:\Datasets\Alvaro\Floresta-3-20260714T215823Z-1-001\Floresta-3\valid\images\651312_sat_00_jpg.rf.4e0943dd4c6d0486699557aed74380cf.jpg,train,D:\Datasets\Alvaro\Floresta-3-20260714T215823Z-1-001\Floresta-3\train\images\651312_sat_00_jpg.rf.91ca645166cd6731c5a5a1fc77a2beb2.jpg,0.9450123906135559
test-train,test,D:\Datasets\Alvaro\Floresta-3-20260714T215823Z-1-001\Floresta-3\valid\images\651312_sat_00_jpg.rf.91e6314b19e7c4be9eaad81684878c03.jpg,train,D:\Datasets\Alvaro\Floresta-3-20260714T215823Z-1-001\Floresta-3\train\images\651312_sat_00_jpg.rf.91ca645166cd6731c5a5a1fc77a2beb2.jpg,0.9726405143737793
test-train,test,D:\Datasets\Alvaro\Floresta-3-20260714T215823Z-1-001\Floresta-3\valid\images\9_jpg.rf.49a8aab420217d92815e3d8c4413b8a3.jpg,train,D:\Datasets\Alvaro\Floresta-3-20260714T215823Z-1-001\Floresta-3\train\images\9_jpg.rf.b39531cff508aad8cf1dac80264b6c9f.jpg,0.9606149196624756
test-train,test,D:\Datasets\Alvaro\Floresta-3-20260714T215823Z-1-001\Floresta-3\valid\images\9_jpg.rf.9dc34a4564d52b151de8a0233bf4069a.jpg,train,D:\Datasets\Alvaro\Floresta-3-20260714T215823Z-1-001\Floresta-3\train\images\9_jpg.rf.05b3850bca1ede2dda6174a455790360.jpg,0.9058606028556824
test-train,test,D:\Datasets\Alvaro\Floresta-3-20260714T215823Z-1-001\Floresta-3\valid\images\9_jpg.rf.b6676235627e82c9dc21edfeab828a7b.jpg,train,D:\Datasets\Alvaro\Floresta-3-20260714T215823Z-1-001\Floresta-3\train\images\9_jpg.rf.2554ce204fade06edb9ee5f195518a46.jpg,0.957665741443634
test-train,test,D:\Datasets\Alvaro\Floresta-3-20260714T215823Z-1-001\Floresta-3\valid\images\9_jpg.rf.e09d382275c7c0f7e2771468b5cb297d.jpg,train,D:\Datasets\Alvaro\Floresta-3-20260714T215823Z-1-001\Floresta-3\train\images\9_jpg.rf.b39531cff508aad8cf1dac80264b6c9f.jpg,0.9183362722396851
test-train,test,D:\Datasets\Alvaro\Floresta-3-20260714T215823Z-1-001\Floresta-3\valid\images\alina10_jpg.rf.0020cad06a387c0b3dfb42e4f24ffc81.jpg,train,D:\Datasets\Alvaro\Floresta-3-20260714T215823Z-1-001\Floresta-3\train\images\alina10_jpg.rf.1ce2b3dd70869d2c444366dfd1b77cf8.jpg,0.9501093626022339
test-train,test,D:\Datasets\Alvaro\Floresta-3-20260714T215823Z-1-001\Floresta-3\valid\images\alina10_jpg.rf.841d21c7fc94a1f15eb574c375bdc3f4.jpg,train,D:\Datasets\Alvaro\Floresta-3-20260714T215823Z-1-001\Floresta-3\train\images\alina10_jpg.rf.56b63df020b0994bbb1f85d7afc7cbcf.jpg,0.968917965888977
test-train,test,D:\Datasets\Alvaro\Floresta-3-20260714T215823Z-1-001\Floresta-3\valid\images\alina110_jpg.rf.1771543f9013d4c2badf3b6f6ff7e99d.jpg,train,D:\Datasets\Alvaro\Floresta-3-20260714T215823Z-1-001\Floresta-3\train\images\alina110_jpg.rf.52562c150674eb204e609882c32ad169.jpg,0.9615073204040527
test-train,test,D:\Datasets\Alvaro\Floresta-3-20260714T215823Z-1-001\Floresta-3\valid\images\alina110_jpg.rf.5a2fa9afab48aba10109a4b76ffe502e.jpg,train,D:\Datasets\Alvaro\Floresta-3-20260714T215823Z-1-001\Floresta-3\train\images\alina110_jpg.rf.b990c51f5555213100d50c9903f64e90.jpg,0.9568918943405151
test-train,test,D:\Datasets\Alvaro\Floresta-3-20260714T215823Z-1-001\Floresta-3\valid\images\alina114_jpg.rf.dcfa8d58fc09a85678081fa1f103478c.jpg,train,D:\Datasets\Alvaro\Floresta-3-20260714T215823Z-1-001\Floresta-3\train\images\alina114_jpg.rf.5ddf0b18bd439aaf6084e4e90143439c.jpg,0.9541252255439758
test-train,test,D:\Datasets\Alvaro\Floresta-3-20260714T215823Z-1-001\Floresta-3\valid\images\alina119_jpg.rf.0bff2ab436886c6a022e1bc8fe8960b4.jpg,train,D:\Datasets\Alvaro\Floresta-3-20260714T215823Z-1-001\Floresta-3\train\images\alina124_jpg.rf.9ba245374ac235aabca84e6d4ae96502.jpg,0.9440224170684814
test-train,test,D:\Datasets\Alvaro\Floresta-3-20260714T215823Z-1-001\Floresta-3\valid\images\alina119_jpg.rf.a225981281620554464fcc3d8c68eaf7.jpg,train,D:\Datasets\Alvaro\Floresta-3-20260714T215823Z-1-001\Floresta-3\train\images\alina114_jpg.rf.a7e02f366755d8297c29575c33999111.jpg,0.9623067378997803
test-train,test,D:\Datasets\Alvaro\Floresta-3-20260714T215823Z-1-001\Floresta-3\valid\images\alina119_jpg.rf.c50b27da99989c4d168539cc3e427786.jpg,train,D:\Datasets\Alvaro\Floresta-3-20260714T215823Z-1-001\Floresta-3\train\images\alina119_jpg.rf.dd608483a472b3de2ae66ac3f0f1ffce.jpg,0.9475339651107788
test-train,test,D:\Datasets\Alvaro\Floresta-3-20260714T215823Z-1-001\Floresta-3\valid\images\alina124_jpg.rf.032ba32e04e633668c61a22b0caa2144.jpg,train,D:\Datasets\Alvaro\Floresta-3-20260714T215823Z-1-001\Floresta-3\train\images\alina124_jpg.rf.2898355319a30b52c2d7942a5169e388.jpg,0.9327152371406555
test-train,test,D:\Datasets\Alvaro\Floresta-3-20260714T215823Z-1-001\Floresta-3\valid\images\alina124_jpg.rf.9a9a9ae809eab040d84b56f9d775dd2f.jpg,train,D:\Datasets\Alvaro\Floresta-3-20260714T215823Z-1-001\Floresta-3\train\images\alina124_jpg.rf.2898355319a30b52c2d7942a5169e388.jpg,0.9513665437698364
test-train,test,D:\Datasets\Alvaro\Floresta-3-20260714T215823Z-1-001\Floresta-3\valid\images\alina124_jpg.rf.9eb717c7fd188301f4b11d8d580bd034.jpg,train,D:\Datasets\Alvaro\Floresta-3-20260714T215823Z-1-001\Floresta-3\train\images\alina124_jpg.rf.2898355319a30b52c2d7942a5169e388.jpg,0.9329653978347778
test-train,test,D:\Datasets\Alvaro\Floresta-3-20260714T215823Z-1-001\Floresta-3\valid\images\alina124_jpg.rf.e72b28204780362e6c5bb2e57e6a19e8.jpg,train,D:\Datasets\Alvaro\Floresta-3-20260714T215823Z-1-001\Floresta-3\train\images\alina124_jpg.rf.a0f0b9842284e76fc94e171a41dfb941.jpg,0.9325422644615173
test-train,test,D:\Datasets\Alvaro\Floresta-3-20260714T215823Z-1-001\Floresta-3\valid\images\alina124_jpg.rf.f074ff8d8375f343902bcf60ac924c16.jpg,train,D:\Datasets\Alvaro\Floresta-3-20260714T215823Z-1-001\Floresta-3\train\images\alina129_jpg.rf.b44bca3694cd550e6f9fc046f78b1e69.jpg,0.9677513241767883
test-train,test,D:\Datasets\Alvaro\Floresta-3-20260714T215823Z-1-001\Floresta-3\valid\images\alina129_jpg.rf.4b5f9ebdece4ce5027e4830f011445ee.jpg,train,D:\Datasets\Alvaro\Floresta-3-20260714T215823Z-1-001\Floresta-3\train\images\alina129_jpg.rf.a633c94dc35f1073a196ff489b6a4ebc.jpg,0.9661425352096558
test-train,test,D:\Datasets\Alvaro\Floresta-3-20260714T215823Z-1-001\Floresta-3\valid\images\alina129_jpg.rf.5f8ffdc5801c23330a353d97f2dc0a23.jpg,train,D:\Datasets\Alvaro\Floresta-3-20260714T215823Z-1-001\Floresta-3\train\images\alina129_jpg.rf.a4cc726ff6ca8b2ddcda0aeb1c094859.jpg,0.9343962669372559
test-train,test,D:\Datasets\Alvaro\Floresta-3-20260714T215823Z-1-001\Floresta-3\valid\images\alina129_jpg.rf.79d706d15b4dd4cfafe0a117fd2e971c.jpg,train,D:\Datasets\Alvaro\Floresta-3-20260714T215823Z-1-001\Floresta-3\train\images\alina129_jpg.rf.b44bca3694cd550e6f9fc046f78b1e69.jpg,0.9743809700012207
test-train,test,D:\Datasets\Alvaro\Floresta-3-20260714T215823Z-1-001\Floresta-3\valid\images\alina129_jpg.rf.9f74e28814aa071a378c196e3a08b8d7.jpg,train,D:\Datasets\Alvaro\Floresta-3-20260714T215823Z-1-001\Floresta-3\train\images\alina129_jpg.rf.a633c94dc35f1073a196ff489b6a4ebc.jpg,0.9580515027046204
test-train,test,D:\Datasets\Alvaro\Floresta-3-20260714T215823Z-1-001\Floresta-3\valid\images\alina129_jpg.rf.a9a3e51c728b83dc5a92a123e7e25d5f.jpg,train,D:\Datasets\Alvaro\Floresta-3-20260714T215823Z-1-001\Floresta-3\train\images\alina129_jpg.rf.a4cc726ff6ca8b2ddcda0aeb1c094859.jpg,0.9557410478591919
test-train,test,D:\Datasets\Alvaro\Floresta-3-20260714T215823Z-1-001\Floresta-3\valid\images\alina129_jpg.rf.b328b02cc65ddfd2fafbbc03eb725819.jpg,train,D:\Datasets\Alvaro\Floresta-3-20260714T215823Z-1-001\Floresta-3\train\images\alina129_jpg.rf.b44bca3694cd550e6f9fc046f78b1e69.jpg,0.967238187789917
test-train,test,D:\Datasets\Alvaro\Floresta-3-20260714T215823Z-1-001\Floresta-3\valid\images\alina139_jpg.rf.333a6bf0c6db32b3514102b5f7f9b252.jpg,train,D:\Datasets\Alvaro\Floresta-3-20260714T215823Z-1-001\Floresta-3\train\images\alina144_jpg.rf.4fd3181a8f9fb7669ef147e73c4bbf85.jpg,0.9687701463699341
test-train,test,D:\Datasets\Alvaro\Floresta-3-20260714T215823Z-1-001\Floresta-3\valid\images\alina139_jpg.rf.56021184faa36610ab154eec0014bddb.jpg,train,D:\Datasets\Alvaro\Floresta-3-20260714T215823Z-1-001\Floresta-3\train\images\alina139_jpg.rf.20af1e27678c39b4f3c500187af6e05b.jpg,0.9692106246948242
test-train,test,D:\Datasets\Alvaro\Floresta-3-20260714T215823Z-1-001\Floresta-3\valid\images\alina139_jpg.rf.f16380283002799b553ff8236af88070.jpg,train,D:\Datasets\Alvaro\Floresta-3-20260714T215823Z-1-001\Floresta-3\train\images\alina139_jpg.rf.b5d90277d4addbfcda576421e332aca0.jpg,0.9584391117095947
test-train,test,D:\Datasets\Alvaro\Floresta-3-20260714T215823Z-1-001\Floresta-3\valid\images\alina142_jpg.rf.35eeac30aaab0212a8175f4e53d3cb1a.jpg,train,D:\Datasets\Alvaro\Floresta-3-20260714T215823Z-1-001\Floresta-3\train\images\alina144_jpg.rf.3ba16c7b5252960068c6742c6baefdbd.jpg,0.9823033809661865
test-train,test,D:\Datasets\Alvaro\Floresta-3-20260714T215823Z-1-001\Floresta-3\valid\images\alina142_jpg.rf.93c78f18c5d441bce24a9e3836e82909.jpg,train,D:\Datasets\Alvaro\Floresta-3-20260714T215823Z-1-001\Floresta-3\train\images\alina142_jpg.rf.674fb5193bdd6bf61134a7e2f0e9d673.jpg,0.9584219455718994
test-train,test,D:\Datasets\Alvaro\Floresta-3-20260714T215823Z-1-001\Floresta-3\valid\images\alina142_jpg.rf.9cae9936a4d55ce2b9057743f54c2ecd.jpg,train,D:\Datasets\Alvaro\Floresta-3-20260714T215823Z-1-001\Floresta-3\train\images\alina142_jpg.rf.516e5be1521c5ce7e7ff29911ff08603.jpg,0.9482841491699219
test-train,test,D:\Datasets\Alvaro\Floresta-3-20260714T215823Z-1-001\Floresta-3\valid\images\alina144_jpg.rf.05c535d84479d168010743295866836b.jpg,train,D:\Datasets\Alvaro\Floresta-3-20260714T215823Z-1-001\Floresta-3\train\images\alina144_jpg.rf.0c92fa87d88cc2d5e8fe3ebe68a89bc1.jpg,0.9618760347366333
test-train,test,D:\Datasets\Alvaro\Floresta-3-20260714T215823Z-1-001\Floresta-3\valid\images\alina144_jpg.rf.0cdf9b2a6cc62a60b314473607c38ede.jpg,train,D:\Datasets\Alvaro\Floresta-3-20260714T215823Z-1-001\Floresta-3\train\images\alina144_jpg.rf.5341ea544c24d7a5ed2810037c0d64c0.jpg,0.9667105674743652
test-train,test,D:\Datasets\Alvaro\Floresta-3-20260714T215823Z-1-001\Floresta-3\valid\images\alina144_jpg.rf.351defb04c3d05bcdff2d4c20040e634.jpg,train,D:\Datasets\Alvaro\Floresta-3-20260714T215823Z-1-001\Floresta-3\train\images\alina144_jpg.rf.4fd3181a8f9fb7669ef147e73c4bbf85.jpg,0.9696431159973145
test-train,test,D:\Datasets\Alvaro\Floresta-3-20260714T215823Z-1-001\Floresta-3\valid\images\alina149_jpg.rf.71f4d9430cff87a69a437e19ff623fbb.jpg,train,D:\Datasets\Alvaro\Floresta-3-20260714T215823Z-1-001\Floresta-3\train\images\alina149_jpg.rf.8351e8f9d0e1b959a9b50aa04ddf32a2.jpg,0.959092378616333
test-train,test,D:\Datasets\Alvaro\Floresta-3-20260714T215823Z-1-001\Floresta-3\valid\images\alina149_jpg.rf.80e444785fbc1ae953585970a28a6f4a.jpg,train,D:\Datasets\Alvaro\Floresta-3-20260714T215823Z-1-001\Floresta-3\train\images\alina149_jpg.rf.42661304dfc57d510d7ac38e30f64b0e.jpg,0.9703044295310974
test-train,test,D:\Datasets\Alvaro\Floresta-3-20260714T215823Z-1-001\Floresta-3\valid\images\alina149_jpg.rf.d8745d5cc474628e77cd626a98197849.jpg,train,D:\Datasets\Alvaro\Floresta-3-20260714T215823Z-1-001\Floresta-3\train\images\alina149_jpg.rf.d1a5d77d229ccc9a607b30b588225f53.jpg,0.9694602489471436
test-train,test,D:\Datasets\Alvaro\Floresta-3-20260714T215823Z-1-001\Floresta-3\valid\images\alina15_jpg.rf.3904ea73ceec2786f0f681b6d17c0f17.jpg,train,D:\Datasets\Alvaro\Floresta-3-20260714T215823Z-1-001\Floresta-3\train\images\alina15_jpg.rf.ce098223c0acc174188e6909115eb957.jpg,0.931876540184021
test-train,test,D:\Datasets\Alvaro\Floresta-3-20260714T215823Z-1-001\Floresta-3\valid\images\alina15_jpg.rf.b9db4153209ab5758b6547d336aba00a.jpg,train,D:\Datasets\Alvaro\Floresta-3-20260714T215823Z-1-001\Floresta-3\train\images\alina15_jpg.rf.93d40d06d143d73ac3c7fd6acc586cb5.jpg,0.9742050170898438
test-train,test,D:\Datasets\Alvaro\Floresta-3-20260714T215823Z-1-001\Floresta-3\valid\images\alina_1011_jpg.rf.33b871b0181d542104a446cbe7c818ec.jpg,train,D:\Datasets\Alvaro\Floresta-3-20260714T215823Z-1-001\Floresta-3\train\images\alina_1010_jpg.rf.9e1f318926955c75d2fc3a2bf718f2c8.jpg,0.9730527400970459
test-train,test,D:\Datasets\Alvaro\Floresta-3-20260714T215823Z-1-001\Floresta-3\valid\images\alina_1011_jpg.rf.33d14f01856d8b42a0c0d0506381a4cc.jpg,train,D:\Datasets\Alvaro\Floresta-3-20260714T215823Z-1-001\Floresta-3\train\images\alina_1010_jpg.rf.82a359c64da582348e10d203d4c29f33.jpg,0.947669506072998
test-train,test,D:\Datasets\Alvaro\Floresta-3-20260714T215823Z-1-001\Floresta-3\valid\images\alina_1011_jpg.rf.9f6a65c4d67daaae4a091e1e12f0a63b.jpg,train,D:\Datasets\Alvaro\Floresta-3-20260714T215823Z-1-001\Floresta-3\train\images\alina_1011_jpg.rf.af024f2594b124536905f85faeaf3cd0.jpg,0.9675019979476929
test-train,test,D:\Datasets\Alvaro\Floresta-3-20260714T215823Z-1-001\Floresta-3\valid\images\alina_1012_jpg.rf.1768dddbb0b12ccebb3ffc56c0ab8830.jpg,train,D:\Datasets\Alvaro\Floresta-3-20260714T215823Z-1-001\Floresta-3\train\images\alina_1012_jpg.rf.38b4145d139d5fbad5bde5c54df85a95.jpg,0.9731599688529968
test-train,test,D:\Datasets\Alvaro\Floresta-3-20260714T215823Z-1-001\Floresta-3\valid\images\alina_1013_jpg.rf.315a775c849f5758b1bd45429243c5e3.jpg,train,D:\Datasets\Alvaro\Floresta-3-20260714T215823Z-1-001\Floresta-3\train\images\alina_1013_jpg.rf.35a99bf9a2d07c7c48cccc0a7f16049e.jpg,0.9633783102035522
test-train,test,D:\Datasets\Alvaro\Floresta-3-20260714T215823Z-1-001\Floresta-3\valid\images\alina_1013_jpg.rf.7283d1e8d22efa0607d19f950f0671c4.jpg,train,D:\Datasets\Alvaro\Floresta-3-20260714T215823Z-1-001\Floresta-3\train\images\alina_1013_jpg.rf.ff7151f67e0b318d1a23bbcb1eb93fc0.jpg,0.9569272994995117
test-train,test,D:\Datasets\Alvaro\Floresta-3-20260714T215823Z-1-001\Floresta-3\valid\images\alina_1014_jpg.rf.bd5a4558f9294f0728a1b642c1fb59ae.jpg,train,D:\Datasets\Alvaro\Floresta-3-20260714T215823Z-1-001\Floresta-3\train\images\alina_1014_jpg.rf.61ebdf9cf3063822b7b37b2f7248469a.jpg,0.9655622243881226
test-train,test,D:\Datasets\Alvaro\Floresta-3-20260714T215823Z-1-001\Floresta-3\valid\images\alina_1015_jpg.rf.2880f13822754563dc8a084e636350ac.jpg,train,D:\Datasets\Alvaro\Floresta-3-20260714T215823Z-1-001\Floresta-3\train\images\alina_1017_jpg.rf.84696d0e9dd38ce104d5aebcf9272e6a.jpg,0.9651674032211304
test-train,test,D:\Datasets\Alvaro\Floresta-3-20260714T215823Z-1-001\Floresta-3\valid\images\alina_1015_jpg.rf.2abb3a6c8580e88e73f2da1478ff605b.jpg,train,D:\Datasets\Alvaro\Floresta-3-20260714T215823Z-1-001\Floresta-3\train\images\alina_1017_jpg.rf.ee31327694b60ecd6714613f1cf11a49.jpg,0.9692556858062744
test-train,test,D:\Datasets\Alvaro\Floresta-3-20260714T215823Z-1-001\Floresta-3\valid\images\alina_1015_jpg.rf.eb053c785b2ed816e9f3aa4e78743e30.jpg,train,D:\Datasets\Alvaro\Floresta-3-20260714T215823Z-1-001\Floresta-3\train\images\alina_1015_jpg.rf.4e4d4627758163975b7f8a4eeee2b1ff.jpg,0.9650845527648926
test-train,test,D:\Datasets\Alvaro\Floresta-3-20260714T215823Z-1-001\Floresta-3\valid\images\alina_1016_jpg.rf.0370ea29a36520a45682f01de495aa31.jpg,train,D:\Datasets\Alvaro\Floresta-3-20260714T215823Z-1-001\Floresta-3\train\images\alina_1017_jpg.rf.ee31327694b60ecd6714613f1cf11a49.jpg,0.9796059727668762
test-train,test,D:\Datasets\Alvaro\Floresta-3-20260714T215823Z-1-001\Floresta-3\valid\images\alina_1016_jpg.rf.5baa91fdd31ab08dbf2f313f332dbde2.jpg,train,D:\Datasets\Alvaro\Floresta-3-20260714T215823Z-1-001\Floresta-3\train\images\alina_1017_jpg.rf.84696d0e9dd38ce104d5aebcf9272e6a.jpg,0.9749065637588501
test-train,test,D:\Datasets\Alvaro\Floresta-3-20260714T215823Z-1-001\Floresta-3\valid\images\alina_1016_jpg.rf.b52163e5af1fe7f2992fa78989517105.jpg,train,D:\Datasets\Alvaro\Floresta-3-20260714T215823Z-1-001\Floresta-3\train\images\alina_1017_jpg.rf.84696d0e9dd38ce104d5aebcf9272e6a.jpg,0.9731131196022034
test-train,test,D:\Datasets\Alvaro\Floresta-3-20260714T215823Z-1-001\Floresta-3\valid\images\alina_1017_jpg.rf.042ccfa5ae05872f2f29ecc4c994dded.jpg,train,D:\Datasets\Alvaro\Floresta-3-20260714T215823Z-1-001\Floresta-3\train\images\alina_1015_jpg.rf.01acd64150937a0457bab9d2794caf12.jpg,0.9683414697647095
test-train,test,D:\Datasets\Alvaro\Floresta-3-20260714T215823Z-1-001\Floresta-3\valid\images\alina_108_jpg.rf.f7139c948702f99400d49102c21d23cb.jpg,train,D:\Datasets\Alvaro\Floresta-3-20260714T215823Z-1-001\Floresta-3\train\images\alina_108_jpg.rf.7b5d5d4e1917e90c8a44b8e1f1d39ae0.jpg,0.9685264825820923
test-train,test,D:\Datasets\Alvaro\Floresta-3-20260714T215823Z-1-001\Floresta-3\valid\images\alina_110_jpg.rf.619e8a34d84aa06b0afa4883b1bc192a.jpg,train,D:\Datasets\Alvaro\Floresta-3-20260714T215823Z-1-001\Floresta-3\train\images\alina_118_jpg.rf.7b62fc5ee81934433e9b47f54ee18ede.jpg,0.9565638303756714
test-train,test,D:\Datasets\Alvaro\Floresta-3-20260714T215823Z-1-001\Floresta-3\valid\images\alina_110_jpg.rf.cd33fb37abd39b2011fc1505b9494aa2.jpg,train,D:\Datasets\Alvaro\Floresta-3-20260714T215823Z-1-001\Floresta-3\train\images\alina_118_jpg.rf.7b62fc5ee81934433e9b47f54ee18ede.jpg,0.9624517560005188
test-train,test,D:\Datasets\Alvaro\Floresta-3-20260714T215823Z-1-001\Floresta-3\valid\images\alina_1110_jpg.rf.922d022db7a11587c493a33eaa3536a4.jpg,train,D:\Datasets\Alvaro\Floresta-3-20260714T215823Z-1-001\Floresta-3\train\images\alina_118_jpg.rf.955d47a49d8a900a04c30d7642cc109b.jpg,0.9801803827285767
test-train,test,D:\Datasets\Alvaro\Floresta-3-20260714T215823Z-1-001\Floresta-3\valid\images\alina_1111_jpg.rf.652f1d93dd44a41bfe7ac64460555f6d.jpg,train,D:\Datasets\Alvaro\Floresta-3-20260714T215823Z-1-001\Floresta-3\train\images\alina_1111_jpg.rf.75790317c6cf85f81642bffdb771841d.jpg,0.9362092018127441
test-train,test,D:\Datasets\Alvaro\Floresta-3-20260714T215823Z-1-001\Floresta-3\valid\images\alina_1111_jpg.rf.7a781f0e796763c2831afa75672cf9f0.jpg,train,D:\Datasets\Alvaro\Floresta-3-20260714T215823Z-1-001\Floresta-3\train\images\alina_1112_jpg.rf.4d147154dc50b3f8bee746754c143e45.jpg,0.9883285164833069
test-train,test,D:\Datasets\Alvaro\Floresta-3-20260714T215823Z-1-001\Floresta-3\valid\images\alina_1111_jpg.rf.af61e8fdd7c91c9523a5cf5849e6957c.jpg,train,D:\Datasets\Alvaro\Floresta-3-20260714T215823Z-1-001\Floresta-3\train\images\alina_1111_jpg.rf.31b03a83893e5060f47b4ca49d27fd19.jpg,0.965418815612793
test-train,test,D:\Datasets\Alvaro\Floresta-3-20260714T215823Z-1-001\Floresta-3\valid\images\alina_1112_jpg.rf.3adca0fae06e3bfd2eb502e03d0498f2.jpg,train,D:\Datasets\Alvaro\Floresta-3-20260714T215823Z-1-001\Floresta-3\train\images\alina_1112_jpg.rf.8c9f1d870b7086b3bee8917a56e1e516.jpg,0.9231998920440674
test-train,test,D:\Datasets\Alvaro\Floresta-3-20260714T215823Z-1-001\Floresta-3\valid\images\alina_1112_jpg.rf.c9470626656e16f712b07fa8bfe4ea58.jpg,train,D:\Datasets\Alvaro\Floresta-3-20260714T215823Z-1-001\Floresta-3\train\images\alina_1112_jpg.rf.55924155feff03fb83463adbccacb682.jpg,0.9594423770904541
test-train,test,D:\Datasets\Alvaro\Floresta-3-20260714T215823Z-1-001\Floresta-3\valid\images\alina_1113_jpg.rf.5faed4b05ceb190d8faaeb607d8d9188.jpg,train,D:\Datasets\Alvaro\Floresta-3-20260714T215823Z-1-001\Floresta-3\train\images\alina_1112_jpg.rf.95e9a511b2da6c3cb5cbc31ac88c0347.jpg,0.9812415838241577
test-train,test,D:\Datasets\Alvaro\Floresta-3-20260714T215823Z-1-001\Floresta-3\valid\images\alina_1114_jpg.rf.406addf12acd050129d58ce96cd0d680.jpg,train,D:\Datasets\Alvaro\Floresta-3-20260714T215823Z-1-001\Floresta-3\train\images\alina_1114_jpg.rf.8fd0abeeea51bff0dbeb5214783d0b22.jpg,0.9480761885643005
test-train,test,D:\Datasets\Alvaro\Floresta-3-20260714T215823Z-1-001\Floresta-3\valid\images\alina_1114_jpg.rf.8e20554f299b95e98f8488aebbcc251d.jpg,train,D:\Datasets\Alvaro\Floresta-3-20260714T215823Z-1-001\Floresta-3\train\images\alina_1114_jpg.rf.59b4fc70d6d5550d7e969c9ef247fb4e.jpg,0.9778998494148254
test-train,test,D:\Datasets\Alvaro\Floresta-3-20260714T215823Z-1-001\Floresta-3\valid\images\alina_118_jpg.rf.d36104956309c811f869955e9b8cfe6d.jpg,train,D:\Datasets\Alvaro\Floresta-3-20260714T215823Z-1-001\Floresta-3\train\images\alina_118_jpg.rf.955d47a49d8a900a04c30d7642cc109b.jpg,0.9883885979652405
test-train,test,D:\Datasets\Alvaro\Floresta-3-20260714T215823Z-1-001\Floresta-3\valid\images\alina_118_jpg.rf.d6b3c78282edfe5a93d6808419923b22.jpg,train,D:\Datasets\Alvaro\Floresta-3-20260714T215823Z-1-001\Floresta-3\train\images\alina_118_jpg.rf.7b62fc5ee81934433e9b47f54ee18ede.jpg,0.9778609871864319
test-train,test,D:\Datasets\Alvaro\Floresta-3-20260714T215823Z-1-001\Floresta-3\valid\images\alina_1312_jpg.rf.23ecec523b53f83309e44d11943de8c6.jpg,train,D:\Datasets\Alvaro\Floresta-3-20260714T215823Z-1-001\Floresta-3\train\images\alina_1312_jpg.rf.83bbb333caea77c150dd388794016b21.jpg,0.9531102776527405
test-train,test,D:\Datasets\Alvaro\Floresta-3-20260714T215823Z-1-001\Floresta-3\valid\images\alina_1312_jpg.rf.9dafe7d518a560ab38eb2d0d04d8224c.jpg,train,D:\Datasets\Alvaro\Floresta-3-20260714T215823Z-1-001\Floresta-3\train\images\alina_1312_jpg.rf.83bbb333caea77c150dd388794016b21.jpg,0.9489426612854004
test-train,test,D:\Datasets\Alvaro\Floresta-3-20260714T215823Z-1-001\Floresta-3\valid\images\alina_1312_jpg.rf.c7f90eb011df051039885724cc0bc2d6.jpg,train,D:\Datasets\Alvaro\Floresta-3-20260714T215823Z-1-001\Floresta-3\train\images\alina_1312_jpg.rf.3e57f240f429e63a58b914f21a3afeda.jpg,0.9735561609268188
test-train,test,D:\Datasets\Alvaro\Floresta-3-20260714T215823Z-1-001\Floresta-3\valid\images\alina_131_jpg.rf.37db4b81b63d9d09a992b18638227cd4.jpg,train,D:\Datasets\Alvaro\Floresta-3-20260714T215823Z-1-001\Floresta-3\train\images\alina_131_jpg.rf.9693cbdfbc45823394b4af5ae8665c6c.jpg,0.9339892864227295
test-train,test,D:\Datasets\Alvaro\Floresta-3-20260714T215823Z-1-001\Floresta-3\valid\images\alina_131_jpg.rf.88fc20d5c5b3df3d3486255e4b27b51b.jpg,train,D:\Datasets\Alvaro\Floresta-3-20260714T215823Z-1-001\Floresta-3\train\images\alina_131_jpg.rf.02b36ab47679a759e5e5e7c2a76dd899.jpg,0.9370220899581909
test-train,test,D:\Datasets\Alvaro\Floresta-3-20260714T215823Z-1-001\Floresta-3\valid\images\alina_131_jpg.rf.e64951241bf7bb9c8c5ead8a1daaf875.jpg,train,D:\Datasets\Alvaro\Floresta-3-20260714T215823Z-1-001\Floresta-3\train\images\alina_130_jpg.rf.1bccb022ee39a4cc4586f93748193101.jpg,0.9822505712509155
test-train,test,D:\Datasets\Alvaro\Floresta-3-20260714T215823Z-1-001\Floresta-3\valid\images\alina_131_jpg.rf.e686c9ea4464bb74e9bc83403cefbb7b.jpg,train,D:\Datasets\Alvaro\Floresta-3-20260714T215823Z-1-001\Floresta-3\train\images\alina_130_jpg.rf.2011c8b3dfd3cf445a789f73de578a3a.jpg,0.9438319802284241
test-train,test,D:\Datasets\Alvaro\Floresta-3-20260714T215823Z-1-001\Floresta-3\valid\images\alina_1325_jpg.rf.1265c2e64e249e142216689cd2efdf3a.jpg,train,D:\Datasets\Alvaro\Floresta-3-20260714T215823Z-1-001\Floresta-3\train\images\alina_1325_jpg.rf.60acbed80adf1b07c1a6efcf542e6aa5.jpg,0.9085265398025513
test-train,test,D:\Datasets\Alvaro\Floresta-3-20260714T215823Z-1-001\Floresta-3\valid\images\alina_1325_jpg.rf.5c286827f244e9ec7b0b3f0ab2882772.jpg,train,D:\Datasets\Alvaro\Floresta-3-20260714T215823Z-1-001\Floresta-3\train\images\alina_1325_jpg.rf.484183bbd8b5d73de10bfa349480ec85.jpg,0.9663376808166504
test-train,test,D:\Datasets\Alvaro\Floresta-3-20260714T215823Z-1-001\Floresta-3\valid\images\alina_135_jpg.rf.a7b49355cccaf42ecae4d64a75914a90.jpg,train,D:\Datasets\Alvaro\Floresta-3-20260714T215823Z-1-001\Floresta-3\train\images\alina_135_jpg.rf.287c18f72b6d07fecb8920bcaf0c8752.jpg,0.960502028465271
test-train,test,D:\Datasets\Alvaro\Floresta-3-20260714T215823Z-1-001\Floresta-3\valid\images\alina_135_jpg.rf.b9a9fdc50d98788902f7d76e22047539.jpg,train,D:\Datasets\Alvaro\Floresta-3-20260714T215823Z-1-001\Floresta-3\train\images\alina_135_jpg.rf.dbbdae570525353ae07852d00cc824b9.jpg,0.9509403705596924
test-train,test,D:\Datasets\Alvaro\Floresta-3-20260714T215823Z-1-001\Floresta-3\valid\images\alina_135_jpg.rf.bc1e7bc4d82c503b150783552da9772c.jpg,train,D:\Datasets\Alvaro\Floresta-3-20260714T215823Z-1-001\Floresta-3\train\images\alina_136_jpg.rf.d08bb54873e55065afabb51d31e4a4bc.jpg,0.9784082770347595
test-train,test,D:\Datasets\Alvaro\Floresta-3-20260714T215823Z-1-001\Floresta-3\valid\images\alina_136_jpg.rf.552f6c9d5d3b56ee804d1bce8fea8c11.jpg,train,D:\Datasets\Alvaro\Floresta-3-20260714T215823Z-1-001\Floresta-3\train\images\alina_136_jpg.rf.18c7c38f5f550e80545ac491890e6fb1.jpg,0.9561424255371094
test-train,test,D:\Datasets\Alvaro\Floresta-3-20260714T215823Z-1-001\Floresta-3\valid\images\alina_136_jpg.rf.bcf0a3c0393d2bae48160b5e2e6aadc8.jpg,train,D:\Datasets\Alvaro\Floresta-3-20260714T215823Z-1-001\Floresta-3\train\images\alina_136_jpg.rf.591d8b6defa73502d87aec98d0024b35.jpg,0.968533992767334
test-train,test,D:\Datasets\Alvaro\Floresta-3-20260714T215823Z-1-001\Floresta-3\valid\images\alina_153_4_jpg.rf.8311eb8836d68c8c33b44b6bdf1d7dff.jpg,train,D:\Datasets\Alvaro\Floresta-3-20260714T215823Z-1-001\Floresta-3\train\images\alina_153_4_jpg.rf.57cb19cc2450a45359dd7cf69fe66023.jpg,0.9107205271720886
test-train,test,D:\Datasets\Alvaro\Floresta-3-20260714T215823Z-1-001\Floresta-3\valid\images\alina_2021_jpg.rf.10248e2f3069b26e753bd5fb4aaed0f5.jpg,train,D:\Datasets\Alvaro\Floresta-3-20260714T215823Z-1-001\Floresta-3\train\images\alina_2021_jpg.rf.90f52794f06b36c619e76a90b8735174.jpg,0.9285703897476196
test-train,test,D:\Datasets\Alvaro\Floresta-3-20260714T215823Z-1-001\Floresta-3\valid\images\alina_2021_jpg.rf.40bd5f6d52a04f3af413dfe2237b9efd.jpg,train,D:\Datasets\Alvaro\Floresta-3-20260714T215823Z-1-001\Floresta-3\train\images\alina_2021_jpg.rf.d54356ee9a93c7c71d5b4bb7e66a6e3b.jpg,0.9688571691513062
test-train,test,D:\Datasets\Alvaro\Floresta-3-20260714T215823Z-1-001\Floresta-3\valid\images\alina_203_jpg.rf.39f3ab6d3a48d314be120879ec0bfb98.jpg,train,D:\Datasets\Alvaro\Floresta-3-20260714T215823Z-1-001\Floresta-3\train\images\alina_203_jpg.rf.03e6b65a2bb4bfed5b1413cf94409f97.jpg,0.9452133178710938
test-train,test,D:\Datasets\Alvaro\Floresta-3-20260714T215823Z-1-001\Floresta-3\valid\images\alina_203_jpg.rf.52dd29baa377d442d0702e4fc2773320.jpg,train,D:\Datasets\Alvaro\Floresta-3-20260714T215823Z-1-001\Floresta-3\train\images\alina_203_jpg.rf.fe8da9bd751ae1affb7fa039ab9d3426.jpg,0.9711121320724487
test-train,test,D:\Datasets\Alvaro\Floresta-3-20260714T215823Z-1-001\Floresta-3\valid\images\alina_203_jpg.rf.71d236278079b3b7a969862d00d68d21.jpg,train,D:\Datasets\Alvaro\Floresta-3-20260714T215823Z-1-001\Floresta-3\train\images\alina_203_jpg.rf.86af837fe11ec27dff328620b6e6edc3.jpg,0.9711419343948364
test-train,test,D:\Datasets\Alvaro\Floresta-3-20260714T215823Z-1-001\Floresta-3\valid\images\alina_203_jpg.rf.9b5f0020d90c56ce1a326382c3ca898c.jpg,train,D:\Datasets\Alvaro\Floresta-3-20260714T215823Z-1-001\Floresta-3\train\images\alina_203_jpg.rf.fe8da9bd751ae1affb7fa039ab9d3426.jpg,0.971411943435669
test-train,test,D:\Datasets\Alvaro\Floresta-3-20260714T215823Z-1-001\Floresta-3\valid\images\alina_203_jpg.rf.c0394ccd8c5430c8308c9c484b845cc6.jpg,train,D:\Datasets\Alvaro\Floresta-3-20260714T215823Z-1-001\Floresta-3\train\images\alina_203_jpg.rf.03e6b65a2bb4bfed5b1413cf94409f97.jpg,0.9725780487060547
test-train,test,D:\Datasets\Alvaro\Floresta-3-20260714T215823Z-1-001\Floresta-3\valid\images\alina_2220_jpg.rf.671a5f7bcee251ea6566d71880a1b005.jpg,train,D:\Datasets\Alvaro\Floresta-3-20260714T215823Z-1-001\Floresta-3\train\images\alina_2220_jpg.rf.e6ae53f19f4106432f0bed2577a7fa7b.jpg,0.938057005405426
test-train,test,D:\Datasets\Alvaro\Floresta-3-20260714T215823Z-1-001\Floresta-3\valid\images\alina_2220_jpg.rf.bf5552aebf52f2c8c88beeb1bf3ce132.jpg,train,D:\Datasets\Alvaro\Floresta-3-20260714T215823Z-1-001\Floresta-3\train\images\alina_2220_jpg.rf.4a978182fe48c3380bcca41aee8ed235.jpg,0.9345415234565735
test-train,test,D:\Datasets\Alvaro\Floresta-3-20260714T215823Z-1-001\Floresta-3\valid\images\alina_244_jpg.rf.0c3e889481beb2aaa934c89db1ab6847.jpg,train,D:\Datasets\Alvaro\Floresta-3-20260714T215823Z-1-001\Floresta-3\train\images\alina_244_jpg.rf.1ef8545ff37bbd6f49c16d8941a9805d.jpg,0.9679082632064819
test-train,test,D:\Datasets\Alvaro\Floresta-3-20260714T215823Z-1-001\Floresta-3\valid\images\alina_258_jpg.rf.1bab684596e1081a301e908891685e1b.jpg,train,D:\Datasets\Alvaro\Floresta-3-20260714T215823Z-1-001\Floresta-3\train\images\alina_258_jpg.rf.6f1721b1b217ff95844ac4547634a682.jpg,0.9553390741348267
test-train,test,D:\Datasets\Alvaro\Floresta-3-20260714T215823Z-1-001\Floresta-3\valid\images\alina_258_jpg.rf.59aa4e1333a4975232157a0b24245b90.jpg,train,D:\Datasets\Alvaro\Floresta-3-20260714T215823Z-1-001\Floresta-3\train\images\alina_258_jpg.rf.23ce08d3e8ca7545eb1d6384960033b2.jpg,0.9521241188049316
test-train,test,D:\Datasets\Alvaro\Floresta-3-20260714T215823Z-1-001\Floresta-3\valid\images\alina_258_jpg.rf.b33377e9094f09e84c7c29a7555abbaf.jpg,train,D:\Datasets\Alvaro\Floresta-3-20260714T215823Z-1-001\Floresta-3\train\images\alina_258_jpg.rf.17ac05df514db7c12519f85c9e4272ce.jpg,0.939888596534729
test-train,test,D:\Datasets\Alvaro\Floresta-3-20260714T215823Z-1-001\Floresta-3\valid\images\alina_258_jpg.rf.b4bc0ac8ef6dd25d421316aada7acb3e.jpg,train,D:\Datasets\Alvaro\Floresta-3-20260714T215823Z-1-001\Floresta-3\train\images\alina_258_jpg.rf.8bdb6980f86c0ac8cc270423ce4b5632.jpg,0.951408863067627
test-train,test,D:\Datasets\Alvaro\Floresta-3-20260714T215823Z-1-001\Floresta-3\valid\images\alina_2921_jpg.rf.0652cfdbe74afa09800356105ad05b6e.jpg,train,D:\Datasets\Alvaro\Floresta-3-20260714T215823Z-1-001\Floresta-3\train\images\alina_2921_jpg.rf.8999c1c79a3a52c3f0b8f1fb7799663b.jpg,0.9695138931274414
test-train,test,D:\Datasets\Alvaro\Floresta-3-20260714T215823Z-1-001\Floresta-3\valid\images\alina_824_jpg.rf.33853f142b237a28e15bc1d923a35496.jpg,train,D:\Datasets\Alvaro\Floresta-3-20260714T215823Z-1-001\Floresta-3\train\images\alina_824_jpg.rf.ab6b97969e3ad9a3df7e668dec05dc50.jpg,0.959087610244751
test-train,test,D:\Datasets\Alvaro\Floresta-3-20260714T215823Z-1-001\Floresta-3\valid\images\alina_824_jpg.rf.68d2cc0069232fbfef47a3f5914cfd1b.jpg,train,D:\Datasets\Alvaro\Floresta-3-20260714T215823Z-1-001\Floresta-3\train\images\alina_824_jpg.rf.6067fac4c3e2549bf973c8bc0a077bc3.jpg,0.9748296737670898
test-train,test,D:\Datasets\Alvaro\Floresta-3-20260714T215823Z-1-001\Floresta-3\valid\images\alina_824_jpg.rf.a2bdca959fe7d1295cf608ead7e1a703.jpg,train,D:\Datasets\Alvaro\Floresta-3-20260714T215823Z-1-001\Floresta-3\train\images\alina_824_jpg.rf.6067fac4c3e2549bf973c8bc0a077bc3.jpg,0.9776716232299805
test-train,test,D:\Datasets\Alvaro\Floresta-3-20260714T215823Z-1-001\Floresta-3\valid\images\alina_824_jpg.rf.cfda7aee6d03ae10273b6a5da81087fc.jpg,train,D:\Datasets\Alvaro\Floresta-3-20260714T215823Z-1-001\Floresta-3\train\images\alina_824_jpg.rf.a7dc88ea7007982b983117adedecbe87.jpg,0.9593130350112915
test-train,test,D:\Datasets\Alvaro\Floresta-3-20260714T215823Z-1-001\Floresta-3\valid\images\aml437_jpg.rf.6e05262b54411f1b46278f361488df28.jpg,train,D:\Datasets\Alvaro\Floresta-3-20260714T215823Z-1-001\Floresta-3\train\images\aml437_jpg.rf.ee07c964b7a5198f4f4e0dc6abd4220d.jpg,0.9822971820831299
test-train,test,D:\Datasets\Alvaro\Floresta-3-20260714T215823Z-1-001\Floresta-3\valid\images\aml749_jpg.rf.c73213877d3693020d119148519a353d.jpg,train,D:\Datasets\Alvaro\Floresta-3-20260714T215823Z-1-001\Floresta-3\train\images\aml749_jpg.rf.e95c37358165b6318d44d55eb8a9573e.jpg,0.9654709100723267
test-train,test,D:\Datasets\Alvaro\Floresta-3-20260714T215823Z-1-001\Floresta-3\valid\images\aml749_jpg.rf.f40f7d6b243e92f7e260504367ba9a1d.jpg,train,D:\Datasets\Alvaro\Floresta-3-20260714T215823Z-1-001\Floresta-3\train\images\aml749_jpg.rf.e95c37358165b6318d44d55eb8a9573e.jpg,0.9686198234558105
test-train,test,D:\Datasets\Alvaro\Floresta-3-20260714T215823Z-1-001\Floresta-3\valid\images\aml785_jpg.rf.430337f904bf1eaae93e906b9388035c.jpg,train,D:\Datasets\Alvaro\Floresta-3-20260714T215823Z-1-001\Floresta-3\train\images\aml785_jpg.rf.cb258664dd2ed5592e0231ad0cd1c724.jpg,0.9499634504318237
test-train,test,D:\Datasets\Alvaro\Floresta-3-20260714T215823Z-1-001\Floresta-3\valid\images\aml785_jpg.rf.ab60274b4de0a83970a231988cd34477.jpg,train,D:\Datasets\Alvaro\Floresta-3-20260714T215823Z-1-001\Floresta-3\train\images\aml785_jpg.rf.babf208f7080f86ad7b77d1392d4725c.jpg,0.9326564073562622
test-train,test,D:\Datasets\Alvaro\Floresta-3-20260714T215823Z-1-001\Floresta-3\valid\images\bloco_220_jpg.rf.c61c59b2529b4d8b57cdd793bba2ce33.jpg,train,D:\Datasets\Alvaro\Floresta-3-20260714T215823Z-1-001\Floresta-3\train\images\bloco_220_jpg.rf.9df05b2e2893be380dc7a755c0d928f4.jpg,0.9404069185256958
test-train,test,D:\Datasets\Alvaro\Floresta-3-20260714T215823Z-1-001\Floresta-3\valid\images\bloco_220_jpg.rf.d18a3faaa13068d60ce561bee0c98e9c.jpg,train,D:\Datasets\Alvaro\Floresta-3-20260714T215823Z-1-001\Floresta-3\train\images\bloco_220_jpg.rf.f4060b41240cab0cdaa9e51b987e8add.jpg,0.9747496247291565
test-train,test,D:\Datasets\Alvaro\Floresta-3-20260714T215823Z-1-001\Floresta-3\valid\images\bloco_221_jpg.rf.8f548aeb83244da51c011e4732ed35ca.jpg,train,D:\Datasets\Alvaro\Floresta-3-20260714T215823Z-1-001\Floresta-3\train\images\bloco_221_jpg.rf.8e19ddd7f9f29883a66c048ba28f318c.jpg,0.9710133075714111
test-train,test,D:\Datasets\Alvaro\Floresta-3-20260714T215823Z-1-001\Floresta-3\valid\images\bloco_223_jpg.rf.83c0dd19c2b1349122327fac5ff4bbed.jpg,train,D:\Datasets\Alvaro\Floresta-3-20260714T215823Z-1-001\Floresta-3\train\images\bloco_223_jpg.rf.b16be59c88adc500ecaa3f77167640d1.jpg,0.9631419777870178
test-train,test,D:\Datasets\Alvaro\Floresta-3-20260714T215823Z-1-001\Floresta-3\valid\images\bloco_223_jpg.rf.c84323cc24b584cc731a2a21e7cf9249.jpg,train,D:\Datasets\Alvaro\Floresta-3-20260714T215823Z-1-001\Floresta-3\train\images\bloco_223_jpg.rf.2706146a2d921e25b7d89d0139337f9f.jpg,0.9587326645851135
test-train,test,D:\Datasets\Alvaro\Floresta-3-20260714T215823Z-1-001\Floresta-3\valid\images\bloco_239_jpg.rf.a6d8b3d3645d8a2955301904a065f36a.jpg,train,D:\Datasets\Alvaro\Floresta-3-20260714T215823Z-1-001\Floresta-3\train\images\bloco_239_jpg.rf.93d679150335075d7ce9d1a3c35bf781.jpg,0.9674065113067627
test-train,test,D:\Datasets\Alvaro\Floresta-3-20260714T215823Z-1-001\Floresta-3\valid\images\bloco_241_jpg.rf.ff5619617c01e770aa044a7fb98040e2.jpg,train,D:\Datasets\Alvaro\Floresta-3-20260714T215823Z-1-001\Floresta-3\train\images\bloco_241_jpg.rf.cb6aa181936251d689a687d7ce6471dd.jpg,0.9392718076705933
test-train,test,D:\Datasets\Alvaro\Floresta-3-20260714T215823Z-1-001\Floresta-3\valid\images\bloco_48_jpg.rf.245dfc8a1272365d602b86aa88ae7b27.jpg,train,D:\Datasets\Alvaro\Floresta-3-20260714T215823Z-1-001\Floresta-3\train\images\bloco_48_jpg.rf.5fbf60d97dbb40b6e6d4aa3158f75d07.jpg,0.9604789018630981
test-train,test,D:\Datasets\Alvaro\Floresta-3-20260714T215823Z-1-001\Floresta-3\valid\images\bloco_50_jpg.rf.1df6ca987e5d35ba83c67293b07c88a4.jpg,train,D:\Datasets\Alvaro\Floresta-3-20260714T215823Z-1-001\Floresta-3\train\images\bloco_50_jpg.rf.796ee51f280b194885d5a43a71a1f9f6.jpg,0.955761194229126
test-train,test,D:\Datasets\Alvaro\Floresta-3-20260714T215823Z-1-001\Floresta-3\valid\images\bloco_50_jpg.rf.664984ed1d267d39d3c5cc37adf838e4.jpg,train,D:\Datasets\Alvaro\Floresta-3-20260714T215823Z-1-001\Floresta-3\train\images\bloco_50_jpg.rf.41f19c0eba7464fd722bba8c7c4095ec.jpg,0.9594725370407104
test-train,test,D:\Datasets\Alvaro\Floresta-3-20260714T215823Z-1-001\Floresta-3\valid\images\bloco_50_jpg.rf.ca741155791b13b6f2e30ad591412dc1.jpg,train,D:\Datasets\Alvaro\Floresta-3-20260714T215823Z-1-001\Floresta-3\train\images\bloco_50_jpg.rf.41f19c0eba7464fd722bba8c7c4095ec.jpg,0.9711508750915527
test-train,test,D:\Datasets\Alvaro\Floresta-3-20260714T215823Z-1-001\Floresta-3\valid\images\bloco_72_jpg.rf.83705344b56dc9262cde339e9afa8619.jpg,train,D:\Datasets\Alvaro\Floresta-3-20260714T215823Z-1-001\Floresta-3\train\images\bloco_72_jpg.rf.29201bd24cf6b38c4e2e01f618a92d11.jpg,0.9492311477661133
test-train,test,D:\Datasets\Alvaro\Floresta-3-20260714T215823Z-1-001\Floresta-3\valid\images\bloco_90_jpg.rf.a19ee997d65a24cedc8c7ceac651c5b3.jpg,train,D:\Datasets\Alvaro\Floresta-3-20260714T215823Z-1-001\Floresta-3\train\images\bloco_90_jpg.rf.896e39fa5ab6e5b57230ada86eb9ff0d.jpg,0.9461790323257446
test-train,test,D:\Datasets\Alvaro\Floresta-3-20260714T215823Z-1-001\Floresta-3\valid\images\bloco_91_jpg.rf.126fd7ead126055d835049ee3dfe71cf.jpg,train,D:\Datasets\Alvaro\Floresta-3-20260714T215823Z-1-001\Floresta-3\train\images\bloco_91_jpg.rf.0cd65e65325dd69baf56764c01ea27e0.jpg,0.9663172364234924
test-train,test,D:\Datasets\Alvaro\Floresta-3-20260714T215823Z-1-001\Floresta-3\valid\images\bloco_91_jpg.rf.57f95dc2c6a2c74733210ef165580149.jpg,train,D:\Datasets\Alvaro\Floresta-3-20260714T215823Z-1-001\Floresta-3\train\images\bloco_91_jpg.rf.700709b33b32a3b1c2de21699a51d904.jpg,0.9443041086196899
test-train,test,D:\Datasets\Alvaro\Floresta-3-20260714T215823Z-1-001\Floresta-3\valid\images\bloco_91_jpg.rf.90e49e44f422f09e9cb51400ebb6e96b.jpg,train,D:\Datasets\Alvaro\Floresta-3-20260714T215823Z-1-001\Floresta-3\train\images\bloco_91_jpg.rf.700709b33b32a3b1c2de21699a51d904.jpg,0.9742266535758972
test-train,test,D:\Datasets\Alvaro\Floresta-3-20260714T215823Z-1-001\Floresta-3\valid\images\Cafezal-01_MP4-0_jpg.rf.3abe21671afc0f0d32506284be103160.jpg,train,D:\Datasets\Alvaro\Floresta-3-20260714T215823Z-1-001\Floresta-3\train\images\Cafezal-01_MP4-0_jpg.rf.859f60b7c99161b3b4543aa8d66e3d02.jpg,0.9653663635253906
test-train,test,D:\Datasets\Alvaro\Floresta-3-20260714T215823Z-1-001\Floresta-3\valid\images\Cafezal-01_MP4-0_jpg.rf.ea1c1c41a1cbb300942336985d4a9b41.jpg,train,D:\Datasets\Alvaro\Floresta-3-20260714T215823Z-1-001\Floresta-3\train\images\Cafezal-01_MP4-4_jpg.rf.723309c589f99094cd995de242ee9e79.jpg,0.9725172519683838
test-train,test,D:\Datasets\Alvaro\Floresta-3-20260714T215823Z-1-001\Floresta-3\valid\images\Cafezal-01_MP4-105_jpg.rf.3453397fd4146a7a71a3326a1d9c848e.jpg,train,D:\Datasets\Alvaro\Floresta-3-20260714T215823Z-1-001\Floresta-3\train\images\Cafezal-01_MP4-106_jpg.rf.e6f24cd66affe6b86fe1ba8c0cf6dcaf.jpg,0.9575322866439819
test-train,test,D:\Datasets\Alvaro\Floresta-3-20260714T215823Z-1-001\Floresta-3\valid\images\Cafezal-01_MP4-105_jpg.rf.ae343f8084ca216b323913214b78d705.jpg,train,D:\Datasets\Alvaro\Floresta-3-20260714T215823Z-1-001\Floresta-3\train\images\Cafezal-01_MP4-106_jpg.rf.e2b20f6d22862734be44034e1f89c495.jpg,0.9575445055961609
test-train,test,D:\Datasets\Alvaro\Floresta-3-20260714T215823Z-1-001\Floresta-3\valid\images\Cafezal-01_MP4-106_jpg.rf.5b608d2707e5b89411b3e7dee23688a5.jpg,train,D:\Datasets\Alvaro\Floresta-3-20260714T215823Z-1-001\Floresta-3\train\images\Cafezal-01_MP4-106_jpg.rf.e6f24cd66affe6b86fe1ba8c0cf6dcaf.jpg,0.9646744728088379
test-train,test,D:\Datasets\Alvaro\Floresta-3-20260714T215823Z-1-001\Floresta-3\valid\images\Cafezal-01_MP4-106_jpg.rf.dd55023bc6ddc984fb64cfbfa6011efb.jpg,train,D:\Datasets\Alvaro\Floresta-3-20260714T215823Z-1-001\Floresta-3\train\images\Cafezal-01_MP4-106_jpg.rf.e2b20f6d22862734be44034e1f89c495.jpg,0.9576349258422852
test-train,test,D:\Datasets\Alvaro\Floresta-3-20260714T215823Z-1-001\Floresta-3\valid\images\Cafezal-01_MP4-107_jpg.rf.6f32b3afdf34b031e564ada98d693276.jpg,train,D:\Datasets\Alvaro\Floresta-3-20260714T215823Z-1-001\Floresta-3\train\images\Cafezal-01_MP4-106_jpg.rf.59d24fce7d5fd26d7a3e4691f1d1c882.jpg,0.9697093963623047
test-train,test,D:\Datasets\Alvaro\Floresta-3-20260714T215823Z-1-001\Floresta-3\valid\images\Cafezal-01_MP4-10_jpg.rf.4e33e8cfe6a80b9a39327e6041ccf8cf.jpg,train,D:\Datasets\Alvaro\Floresta-3-20260714T215823Z-1-001\Floresta-3\train\images\Cafezal-01_MP4-9_jpg.rf.42f086186663ebd174dc635088198a7d.jpg,0.9578094482421875
test-train,test,D:\Datasets\Alvaro\Floresta-3-20260714T215823Z-1-001\Floresta-3\valid\images\Cafezal-01_MP4-10_jpg.rf.7a1aa83dcab504b51af28e430bafccbf.jpg,train,D:\Datasets\Alvaro\Floresta-3-20260714T215823Z-1-001\Floresta-3\train\images\Cafezal-01_MP4-7_jpg.rf.0dc9b46d7f0b9d21460497aa6e274dbc.jpg,0.9276405572891235
test-train,test,D:\Datasets\Alvaro\Floresta-3-20260714T215823Z-1-001\Floresta-3\valid\images\Cafezal-01_MP4-10_jpg.rf.f40996b93e2bd0f429f719db757acea2.jpg,train,D:\Datasets\Alvaro\Floresta-3-20260714T215823Z-1-001\Floresta-3\train\images\Cafezal-01_MP4-11_jpg.rf.f6fe3537c7a61256775f09909951a6fc.jpg,0.9678366184234619
test-train,test,D:\Datasets\Alvaro\Floresta-3-20260714T215823Z-1-001\Floresta-3\valid\images\Cafezal-01_MP4-113_jpg.rf.41375b9d57a0777556c60ed7b30b903d.jpg,train,D:\Datasets\Alvaro\Floresta-3-20260714T215823Z-1-001\Floresta-3\train\images\Cafezal-01_MP4-112_jpg.rf.ee2a7c613573a63a13f83c8b498108ce.jpg,0.9596711993217468
test-train,test,D:\Datasets\Alvaro\Floresta-3-20260714T215823Z-1-001\Floresta-3\valid\images\Cafezal-01_MP4-119_jpg.rf.acabad93db264175322eaf21794958cf.jpg,train,D:\Datasets\Alvaro\Floresta-3-20260714T215823Z-1-001\Floresta-3\train\images\Cafezal-01_MP4-119_jpg.rf.d289f5b4c1c070f393094aea20f54ee3.jpg,0.9511362910270691
test-train,test,D:\Datasets\Alvaro\Floresta-3-20260714T215823Z-1-001\Floresta-3\valid\images\Cafezal-01_MP4-119_jpg.rf.f8d68b7ea96ddb8d35d0c2126349fc59.jpg,train,D:\Datasets\Alvaro\Floresta-3-20260714T215823Z-1-001\Floresta-3\train\images\Cafezal-01_MP4-121_jpg.rf.7e8a9fa3430e2f9970f0d9f87234f1c4.jpg,0.9641612768173218
test-train,test,D:\Datasets\Alvaro\Floresta-3-20260714T215823Z-1-001\Floresta-3\valid\images\Cafezal-01_MP4-11_jpg.rf.e1d175d19b1b3c380044fdf344e6ece0.jpg,train,D:\Datasets\Alvaro\Floresta-3-20260714T215823Z-1-001\Floresta-3\train\images\Cafezal-01_MP4-9_jpg.rf.a8be521898b8faa17d22561cf0f11eb9.jpg,0.9527738094329834
test-train,test,D:\Datasets\Alvaro\Floresta-3-20260714T215823Z-1-001\Floresta-3\valid\images\Cafezal-01_MP4-12_jpg.rf.26e2396dd64a3cb8369994b837f405b2.jpg,train,D:\Datasets\Alvaro\Floresta-3-20260714T215823Z-1-001\Floresta-3\train\images\Cafezal-01_MP4-9_jpg.rf.a8be521898b8faa17d22561cf0f11eb9.jpg,0.9523599147796631
test-train,test,D:\Datasets\Alvaro\Floresta-3-20260714T215823Z-1-001\Floresta-3\valid\images\Cafezal-01_MP4-12_jpg.rf.ce6e599c9ce7e75b93aa0942d6b73482.jpg,train,D:\Datasets\Alvaro\Floresta-3-20260714T215823Z-1-001\Floresta-3\train\images\Cafezal-01_MP4-11_jpg.rf.4ce290106203453ff2fc8f7ebb613f6f.jpg,0.9855520725250244
test-train,test,D:\Datasets\Alvaro\Floresta-3-20260714T215823Z-1-001\Floresta-3\valid\images\Cafezal-01_MP4-12_jpg.rf.f36057ab61bba2cd64217851f2a4408e.jpg,train,D:\Datasets\Alvaro\Floresta-3-20260714T215823Z-1-001\Floresta-3\train\images\Cafezal-01_MP4-5_jpg.rf.0286af5345caa016f4ab34ce2b0d59dc.jpg,0.941448450088501
test-train,test,D:\Datasets\Alvaro\Floresta-3-20260714T215823Z-1-001\Floresta-3\valid\images\Cafezal-01_MP4-15_jpg.rf.e0e8d7b07843775a6531b034b2a8a44a.jpg,train,D:\Datasets\Alvaro\Floresta-3-20260714T215823Z-1-001\Floresta-3\train\images\Cafezal-01_MP4-15_jpg.rf.2b8a515be4462893ef945a07e9f1e0cf.jpg,0.9557963609695435
test-train,test,D:\Datasets\Alvaro\Floresta-3-20260714T215823Z-1-001\Floresta-3\valid\images\Cafezal-01_MP4-17_jpg.rf.918756e73989ca5d9656accbc50fc8c0.jpg,train,D:\Datasets\Alvaro\Floresta-3-20260714T215823Z-1-001\Floresta-3\train\images\Cafezal-01_MP4-15_jpg.rf.4b61014271e8df32912aedc163c70a8b.jpg,0.9489908814430237
test-train,test,D:\Datasets\Alvaro\Floresta-3-20260714T215823Z-1-001\Floresta-3\valid\images\Cafezal-01_MP4-17_jpg.rf.dc73bb403135321b6813787210b311df.jpg,train,D:\Datasets\Alvaro\Floresta-3-20260714T215823Z-1-001\Floresta-3\train\images\Cafezal-01_MP4-16_jpg.rf.322a228c69a74765f08c68ffe20bd9db.jpg,0.9641737341880798
test-train,test,D:\Datasets\Alvaro\Floresta-3-20260714T215823Z-1-001\Floresta-3\valid\images\Cafezal-01_MP4-19_jpg.rf.02b2e6120932adb285b3b9342869a697.jpg,train,D:\Datasets\Alvaro\Floresta-3-20260714T215823Z-1-001\Floresta-3\train\images\Cafezal-01_MP4-20_jpg.rf.c93e99bb2dbca27d101c440a81844944.jpg,0.9694057106971741
test-train,test,D:\Datasets\Alvaro\Floresta-3-20260714T215823Z-1-001\Floresta-3\valid\images\Cafezal-01_MP4-19_jpg.rf.b3ea7c98b2983a1067169d1d28b4bb88.jpg,train,D:\Datasets\Alvaro\Floresta-3-20260714T215823Z-1-001\Floresta-3\train\images\Cafezal-01_MP4-19_jpg.rf.721ecf20bba109c724fc9e715f6b0776.jpg,0.9546757936477661
test-train,test,D:\Datasets\Alvaro\Floresta-3-20260714T215823Z-1-001\Floresta-3\valid\images\Cafezal-01_MP4-20_jpg.rf.c5bd6ea0b03aa129bcaa72f21f875fb6.jpg,train,D:\Datasets\Alvaro\Floresta-3-20260714T215823Z-1-001\Floresta-3\train\images\Cafezal-01_MP4-20_jpg.rf.c62a66aec62c68f98cf74396fa9809cc.jpg,0.9615049362182617
test-train,test,D:\Datasets\Alvaro\Floresta-3-20260714T215823Z-1-001\Floresta-3\valid\images\Cafezal-01_MP4-22_jpg.rf.0a3fc3e79ec646afd55583487c8fcd09.jpg,train,D:\Datasets\Alvaro\Floresta-3-20260714T215823Z-1-001\Floresta-3\train\images\Cafezal-01_MP4-22_jpg.rf.75d1037fb39983899da2c153b2871309.jpg,0.9699347019195557
test-train,test,D:\Datasets\Alvaro\Floresta-3-20260714T215823Z-1-001\Floresta-3\valid\images\Cafezal-01_MP4-22_jpg.rf.7f8a41af2b152eae22e41443699d7fad.jpg,train,D:\Datasets\Alvaro\Floresta-3-20260714T215823Z-1-001\Floresta-3\train\images\Cafezal-01_MP4-22_jpg.rf.beb099ef185c961f8e26292f5a59597b.jpg,0.956671953201294
test-train,test,D:\Datasets\Alvaro\Floresta-3-20260714T215823Z-1-001\Floresta-3\valid\images\Cafezal-01_MP4-22_jpg.rf.b7bffe598d2b818aeb7dca98f0bea2b6.jpg,train,D:\Datasets\Alvaro\Floresta-3-20260714T215823Z-1-001\Floresta-3\train\images\Cafezal-01_MP4-23_jpg.rf.3d9950512b4fab12734b1d187d338b17.jpg,0.9791181087493896
test-train,test,D:\Datasets\Alvaro\Floresta-3-20260714T215823Z-1-001\Floresta-3\valid\images\Cafezal-01_MP4-26_jpg.rf.c2c67d0a6f44c4417eb87ad8c9288043.jpg,train,D:\Datasets\Alvaro\Floresta-3-20260714T215823Z-1-001\Floresta-3\train\images\Cafezal-01_MP4-26_jpg.rf.b94d336aa9876bb24ef64ed85795d38d.jpg,0.9306311011314392
test-train,test,D:\Datasets\Alvaro\Floresta-3-20260714T215823Z-1-001\Floresta-3\valid\images\Cafezal-01_MP4-29_jpg.rf.5855a4cf080ea2a45f251e4640795b70.jpg,train,D:\Datasets\Alvaro\Floresta-3-20260714T215823Z-1-001\Floresta-3\train\images\Cafezal-01_MP4-32_jpg.rf.841486c88c11b86bbeb9ed311655c8b1.jpg,0.9469749331474304
test-train,test,D:\Datasets\Alvaro\Floresta-3-20260714T215823Z-1-001\Floresta-3\valid\images\Cafezal-01_MP4-2_jpg.rf.b64353725b34a54f1ab2e1cbcc331313.jpg,train,D:\Datasets\Alvaro\Floresta-3-20260714T215823Z-1-001\Floresta-3\train\images\Cafezal-01_MP4-6_jpg.rf.91fb3dfc5faee2aab480730c4d8acc24.jpg,0.964094877243042
test-train,test,D:\Datasets\Alvaro\Floresta-3-20260714T215823Z-1-001\Floresta-3\valid\images\Cafezal-01_MP4-32_jpg.rf.0f27206c4f78fcdccc284b24a2f466f8.jpg,train,D:\Datasets\Alvaro\Floresta-3-20260714T215823Z-1-001\Floresta-3\train\images\Cafezal-01_MP4-29_jpg.rf.350285adf905a0fb7977eb3db17dd3e7.jpg,0.9625555276870728
test-train,test,D:\Datasets\Alvaro\Floresta-3-20260714T215823Z-1-001\Floresta-3\valid\images\Cafezal-01_MP4-37_jpg.rf.c477c38f01b1c7870d9e2f0dc89f6bf7.jpg,train,D:\Datasets\Alvaro\Floresta-3-20260714T215823Z-1-001\Floresta-3\train\images\Cafezal-01_MP4-37_jpg.rf.9c29ebe9821594e39dfc8f8376c1e548.jpg,0.9624800086021423
test-train,test,D:\Datasets\Alvaro\Floresta-3-20260714T215823Z-1-001\Floresta-3\valid\images\Cafezal-01_MP4-3_jpg.rf.22ee5d02617652db6ac7c1041782fd9b.jpg,train,D:\Datasets\Alvaro\Floresta-3-20260714T215823Z-1-001\Floresta-3\train\images\Cafezal-01_MP4-11_jpg.rf.5e5be2e7efa79de97e4ac1b8057c7ee6.jpg,0.9378337860107422
test-train,test,D:\Datasets\Alvaro\Floresta-3-20260714T215823Z-1-001\Floresta-3\valid\images\Cafezal-01_MP4-3_jpg.rf.b3c9a98c6e8eeb7fd6af8c2038adad5f.jpg,train,D:\Datasets\Alvaro\Floresta-3-20260714T215823Z-1-001\Floresta-3\train\images\Cafezal-01_MP4-0_jpg.rf.c45da0cf46852621dcd34f94c78d3743.jpg,0.9607863426208496
test-train,test,D:\Datasets\Alvaro\Floresta-3-20260714T215823Z-1-001\Floresta-3\valid\images\Cafezal-01_MP4-3_jpg.rf.d15566ed3e743a1357cb672f5edb37a8.jpg,train,D:\Datasets\Alvaro\Floresta-3-20260714T215823Z-1-001\Floresta-3\train\images\Cafezal-01_MP4-7_jpg.rf.af2be920d6044bb9e606334db75cb7fc.jpg,0.9329891800880432
test-train,test,D:\Datasets\Alvaro\Floresta-3-20260714T215823Z-1-001\Floresta-3\valid\images\Cafezal-01_MP4-3_jpg.rf.eb96414ba2898062a177bc3689fc926f.jpg,train,D:\Datasets\Alvaro\Floresta-3-20260714T215823Z-1-001\Floresta-3\train\images\Cafezal-01_MP4-3_jpg.rf.cd35a2431be6418edfe700030cb20be8.jpg,0.9648916721343994
test-train,test,D:\Datasets\Alvaro\Floresta-3-20260714T215823Z-1-001\Floresta-3\valid\images\Cafezal-01_MP4-40_jpg.rf.4e74e9f81a0e329beb2fed28d0469194.jpg,train,D:\Datasets\Alvaro\Floresta-3-20260714T215823Z-1-001\Floresta-3\train\images\Cafezal-01_MP4-40_jpg.rf.f397e78f7600f91178ef698c871e447a.jpg,0.9390860199928284
test-train,test,D:\Datasets\Alvaro\Floresta-3-20260714T215823Z-1-001\Floresta-3\valid\images\Cafezal-01_MP4-40_jpg.rf.e2739b674f71e8a3806babd4a117a412.jpg,train,D:\Datasets\Alvaro\Floresta-3-20260714T215823Z-1-001\Floresta-3\train\images\Cafezal-01_MP4-37_jpg.rf.000959e24dc5a22c836952fd2275368d.jpg,0.9468897581100464
test-train,test,D:\Datasets\Alvaro\Floresta-3-20260714T215823Z-1-001\Floresta-3\valid\images\Cafezal-01_MP4-42_jpg.rf.b15a57682c2b789d038f411a61b2e85e.jpg,train,D:\Datasets\Alvaro\Floresta-3-20260714T215823Z-1-001\Floresta-3\train\images\Cafezal-01_MP4-40_jpg.rf.ce18a2e2817e30ba74c91d7043378c89.jpg,0.9305896759033203
test-train,test,D:\Datasets\Alvaro\Floresta-3-20260714T215823Z-1-001\Floresta-3\valid\images\Cafezal-01_MP4-42_jpg.rf.d0029a1cc5d778726ca699e7fcc600fc.jpg,train,D:\Datasets\Alvaro\Floresta-3-20260714T215823Z-1-001\Floresta-3\train\images\Cafezal-01_MP4-42_jpg.rf.a7ad587be593cbabf5a2a77fe1114e14.jpg,0.9679064750671387
test-train,test,D:\Datasets\Alvaro\Floresta-3-20260714T215823Z-1-001\Floresta-3\valid\images\Cafezal-01_MP4-42_jpg.rf.d7384b520a28022fff783ee13f90b56a.jpg,train,D:\Datasets\Alvaro\Floresta-3-20260714T215823Z-1-001\Floresta-3\train\images\Cafezal-01_MP4-44_jpg.rf.7715963ffcf75e144ed9a7a41d166d5b.jpg,0.9477684497833252
test-train,test,D:\Datasets\Alvaro\Floresta-3-20260714T215823Z-1-001\Floresta-3\valid\images\Cafezal-01_MP4-42_jpg.rf.ebc06e0d919913123a59e3dfb076ff43.jpg,train,D:\Datasets\Alvaro\Floresta-3-20260714T215823Z-1-001\Floresta-3\train\images\Cafezal-01_MP4-42_jpg.rf.c37ef576e6a4a301dcb75e91ffc39988.jpg,0.9594961404800415
test-train,test,D:\Datasets\Alvaro\Floresta-3-20260714T215823Z-1-001\Floresta-3\valid\images\Cafezal-01_MP4-44_jpg.rf.c8b14775b099047a6a6418599d5986e6.jpg,train,D:\Datasets\Alvaro\Floresta-3-20260714T215823Z-1-001\Floresta-3\train\images\Cafezal-01_MP4-46_jpg.rf.bce0860d99291119f11d6dffc942233f.jpg,0.9594024419784546
test-train,test,D:\Datasets\Alvaro\Floresta-3-20260714T215823Z-1-001\Floresta-3\valid\images\Cafezal-01_MP4-46_jpg.rf.8108fc86efba37534dc8e20e9940ec5c.jpg,train,D:\Datasets\Alvaro\Floresta-3-20260714T215823Z-1-001\Floresta-3\train\images\Cafezal-01_MP4-46_jpg.rf.53bbc91741be0aade4b704bd5eff30a2.jpg,0.9605220556259155
test-train,test,D:\Datasets\Alvaro\Floresta-3-20260714T215823Z-1-001\Floresta-3\valid\images\Cafezal-01_MP4-4_jpg.rf.2e96d538d02c4a86147960c3e1131c0e.jpg,train,D:\Datasets\Alvaro\Floresta-3-20260714T215823Z-1-001\Floresta-3\train\images\Cafezal-01_MP4-0_jpg.rf.82c2c773945bc92965ccadd5c441eb40.jpg,0.9840178489685059
test-train,test,D:\Datasets\Alvaro\Floresta-3-20260714T215823Z-1-001\Floresta-3\valid\images\Cafezal-01_MP4-4_jpg.rf.5069f14f0ed3fa3d155b14af642be253.jpg,train,D:\Datasets\Alvaro\Floresta-3-20260714T215823Z-1-001\Floresta-3\train\images\Cafezal-01_MP4-3_jpg.rf.1600e5edfdd412fde308c85ae9ccbd32.jpg,0.9924678802490234
test-train,test,D:\Datasets\Alvaro\Floresta-3-20260714T215823Z-1-001\Floresta-3\valid\images\Cafezal-01_MP4-54_jpg.rf.d0a9cf5f6dec7181017f8477b2909faf.jpg,train,D:\Datasets\Alvaro\Floresta-3-20260714T215823Z-1-001\Floresta-3\train\images\Cafezal-01_MP4-54_jpg.rf.64ea75172e8a45a84dd575b7daaba0be.jpg,0.9711940884590149
test-train,test,D:\Datasets\Alvaro\Floresta-3-20260714T215823Z-1-001\Floresta-3\valid\images\Cafezal-01_MP4-58_jpg.rf.5d3edc3e4d5140bd45ae97af3b160ad4.jpg,train,D:\Datasets\Alvaro\Floresta-3-20260714T215823Z-1-001\Floresta-3\train\images\Cafezal-01_MP4-60_jpg.rf.50f07eb59118c13f5d8ef9eaa6116488.jpg,0.9234093427658081
test-train,test,D:\Datasets\Alvaro\Floresta-3-20260714T215823Z-1-001\Floresta-3\valid\images\Cafezal-01_MP4-58_jpg.rf.8e596298c9a003683c82fead2d19339f.jpg,train,D:\Datasets\Alvaro\Floresta-3-20260714T215823Z-1-001\Floresta-3\train\images\Cafezal-01_MP4-58_jpg.rf.6e96c8e6cf7b1546834ec20bcec30037.jpg,0.944415271282196
test-train,test,D:\Datasets\Alvaro\Floresta-3-20260714T215823Z-1-001\Floresta-3\valid\images\Cafezal-01_MP4-58_jpg.rf.b605a1ac13ded10e833b3af874e08125.jpg,train,D:\Datasets\Alvaro\Floresta-3-20260714T215823Z-1-001\Floresta-3\train\images\Cafezal-01_MP4-60_jpg.rf.ce0e15e4ed9f7d7bdbb308370477dca7.jpg,0.972263753414154
test-train,test,D:\Datasets\Alvaro\Floresta-3-20260714T215823Z-1-001\Floresta-3\valid\images\Cafezal-01_MP4-5_jpg.rf.00c6ab9c1cd533f5fb5bb38e106a57c4.jpg,train,D:\Datasets\Alvaro\Floresta-3-20260714T215823Z-1-001\Floresta-3\train\images\Cafezal-01_MP4-3_jpg.rf.1600e5edfdd412fde308c85ae9ccbd32.jpg,0.9862545728683472
test-train,test,D:\Datasets\Alvaro\Floresta-3-20260714T215823Z-1-001\Floresta-3\valid\images\Cafezal-01_MP4-60_jpg.rf.445a8aaf41c6386303931da96e94d1d0.jpg,train,D:\Datasets\Alvaro\Floresta-3-20260714T215823Z-1-001\Floresta-3\train\images\Cafezal-01_MP4-61_jpg.rf.ca0d9f71bf74bd5ec8793a0a6c914094.jpg,0.9666244983673096
test-train,test,D:\Datasets\Alvaro\Floresta-3-20260714T215823Z-1-001\Floresta-3\valid\images\Cafezal-01_MP4-62_jpg.rf.fde38a56da76678f496762cf6451ef4b.jpg,train,D:\Datasets\Alvaro\Floresta-3-20260714T215823Z-1-001\Floresta-3\train\images\Cafezal-01_MP4-61_jpg.rf.a9882302e6c7d4c337195535e0985b6d.jpg,0.9804283380508423
test-train,test,D:\Datasets\Alvaro\Floresta-3-20260714T215823Z-1-001\Floresta-3\valid\images\Cafezal-01_MP4-65_jpg.rf.129c6c4c43ff59bb518cee8c7b35394b.jpg,train,D:\Datasets\Alvaro\Floresta-3-20260714T215823Z-1-001\Floresta-3\train\images\Cafezal-01_MP4-61_jpg.rf.ca0d9f71bf74bd5ec8793a0a6c914094.jpg,0.9443283677101135
test-train,test,D:\Datasets\Alvaro\Floresta-3-20260714T215823Z-1-001\Floresta-3\valid\images\Cafezal-01_MP4-6_jpg.rf.384e2ee08905a5232fb59d6b3463d00d.jpg,train,D:\Datasets\Alvaro\Floresta-3-20260714T215823Z-1-001\Floresta-3\train\images\Cafezal-01_MP4-0_jpg.rf.c45da0cf46852621dcd34f94c78d3743.jpg,0.9536714553833008
test-train,test,D:\Datasets\Alvaro\Floresta-3-20260714T215823Z-1-001\Floresta-3\valid\images\Cafezal-01_MP4-6_jpg.rf.4588d22cdd598f01784c1f121f385604.jpg,train,D:\Datasets\Alvaro\Floresta-3-20260714T215823Z-1-001\Floresta-3\train\images\Cafezal-01_MP4-8_jpg.rf.2d262d0c150a7144e65b6c5486a79c58.jpg,0.9918066263198853
test-train,test,D:\Datasets\Alvaro\Floresta-3-20260714T215823Z-1-001\Floresta-3\valid\images\Cafezal-01_MP4-6_jpg.rf.80ce9e7dbeebdbdc9909172c3a3971f7.jpg,train,D:\Datasets\Alvaro\Floresta-3-20260714T215823Z-1-001\Floresta-3\train\images\Cafezal-01_MP4-6_jpg.rf.91fb3dfc5faee2aab480730c4d8acc24.jpg,0.969221830368042
test-train,test,D:\Datasets\Alvaro\Floresta-3-20260714T215823Z-1-001\Floresta-3\valid\images\Cafezal-01_MP4-7_jpg.rf.3070a21c403e64c272150b0f3cc858d2.jpg,train,D:\Datasets\Alvaro\Floresta-3-20260714T215823Z-1-001\Floresta-3\train\images\Cafezal-01_MP4-8_jpg.rf.2d262d0c150a7144e65b6c5486a79c58.jpg,0.9931225180625916
test-train,test,D:\Datasets\Alvaro\Floresta-3-20260714T215823Z-1-001\Floresta-3\valid\images\Cafezal-01_MP4-7_jpg.rf.48da12b9325ed887bd811551ed7d430f.jpg,train,D:\Datasets\Alvaro\Floresta-3-20260714T215823Z-1-001\Floresta-3\train\images\Cafezal-01_MP4-7_jpg.rf.0dc9b46d7f0b9d21460497aa6e274dbc.jpg,0.9474965929985046
test-train,test,D:\Datasets\Alvaro\Floresta-3-20260714T215823Z-1-001\Floresta-3\valid\images\Cafezal-01_MP4-9_jpg.rf.0671db8e206971c3e18116d418f1c1f1.jpg,train,D:\Datasets\Alvaro\Floresta-3-20260714T215823Z-1-001\Floresta-3\train\images\Cafezal-01_MP4-7_jpg.rf.c272804f2415750ae375e65ef8ed162b.jpg,0.9390361905097961
test-train,test,D:\Datasets\Alvaro\Floresta-3-20260714T215823Z-1-001\Floresta-3\valid\images\Cafezal-01_MP4-9_jpg.rf.0934dc67911ac5c288e166329e3df161.jpg,train,D:\Datasets\Alvaro\Floresta-3-20260714T215823Z-1-001\Floresta-3\train\images\Cafezal-01_MP4-11_jpg.rf.f6fe3537c7a61256775f09909951a6fc.jpg,0.9478528499603271
test-train,test,D:\Datasets\Alvaro\Floresta-3-20260714T215823Z-1-001\Floresta-3\valid\images\Cafezal-01_MP4-9_jpg.rf.4044aa1fffda906f2f93e00dc7c25434.jpg,train,D:\Datasets\Alvaro\Floresta-3-20260714T215823Z-1-001\Floresta-3\train\images\Cafezal-01_MP4-8_jpg.rf.2d262d0c150a7144e65b6c5486a79c58.jpg,0.9912140965461731
test-train,test,D:\Datasets\Alvaro\Floresta-3-20260714T215823Z-1-001\Floresta-3\valid\images\Cafezal-01_MP4-9_jpg.rf.536de126eb0ffe796368f590ae2dfa8e.jpg,train,D:\Datasets\Alvaro\Floresta-3-20260714T215823Z-1-001\Floresta-3\train\images\Cafezal-01_MP4-8_jpg.rf.40fdf362990314d654494640a2b2e8dc.jpg,0.964357852935791
test-train,test,D:\Datasets\Alvaro\Floresta-3-20260714T215823Z-1-001\Floresta-3\valid\images\Cafezal-01_MP4-9_jpg.rf.de8da6faaa203d2a1041fa945595e4e0.jpg,train,D:\Datasets\Alvaro\Floresta-3-20260714T215823Z-1-001\Floresta-3\train\images\Cafezal-01_MP4-9_jpg.rf.73c9f40725d5688db9a3a31433e11d74.jpg,0.9403995275497437
test-train,test,D:\Datasets\Alvaro\Floresta-3-20260714T215823Z-1-001\Floresta-3\valid\images\Cafezal-02_MP4-26_jpg.rf.305785f958efc351c37d5b5ecc369e2d.jpg,train,D:\Datasets\Alvaro\Floresta-3-20260714T215823Z-1-001\Floresta-3\train\images\Cafezal-02_MP4-27_jpg.rf.43d78c2592c2879928828cd51f3d3d23.jpg,0.9543856978416443
test-train,test,D:\Datasets\Alvaro\Floresta-3-20260714T215823Z-1-001\Floresta-3\valid\images\Cafezal-03_MP4-1_jpg.rf.7057967058e45e7b450035428a96083e.jpg,train,D:\Datasets\Alvaro\Floresta-3-20260714T215823Z-1-001\Floresta-3\train\images\Cafezal-03_MP4-2_jpg.rf.076e26eb247966034af39649b2de1266.jpg,0.9605027437210083
test-train,test,D:\Datasets\Alvaro\Floresta-3-20260714T215823Z-1-001\Floresta-3\valid\images\Cafezal-03_MP4-3_jpg.rf.d9222c4af27716ac240854dac323374c.jpg,train,D:\Datasets\Alvaro\Floresta-3-20260714T215823Z-1-001\Floresta-3\train\images\Cafezal-03_MP4-1_jpg.rf.0157025072ffe677d0c708bc5355e38e.jpg,0.9544699192047119
test-train,test,D:\Datasets\Alvaro\Floresta-3-20260714T215823Z-1-001\Floresta-3\valid\images\Cafezal-04_MP4-36_jpg.rf.70846794734675aa45c5df7c7bb8f725.jpg,train,D:\Datasets\Alvaro\Floresta-3-20260714T215823Z-1-001\Floresta-3\train\images\Cafezal-04_MP4-36_jpg.rf.bb234c7c84822acb2f1bbbff5ef520d7.jpg,0.9633566737174988
test-train,test,D:\Datasets\Alvaro\Floresta-3-20260714T215823Z-1-001\Floresta-3\valid\images\Cafezal-04_MP4-36_jpg.rf.76f3b9305d4d5323b0c41643d6ab6d1e.jpg,train,D:\Datasets\Alvaro\Floresta-3-20260714T215823Z-1-001\Floresta-3\train\images\Cafezal-04_MP4-36_jpg.rf.1b9b5d3bf577ac2a7c13283db7256341.jpg,0.9619776010513306
test-train,test,D:\Datasets\Alvaro\Floresta-3-20260714T215823Z-1-001\Floresta-3\valid\images\Cafezal-04_MP4-36_jpg.rf.e7c0c3e04459f1555cbb7eec132fa3ec.jpg,train,D:\Datasets\Alvaro\Floresta-3-20260714T215823Z-1-001\Floresta-3\train\images\Cafezal-04_MP4-36_jpg.rf.331fbe1b56b8b011cee102d52a3b8039.jpg,0.9395710229873657
test-train,test,D:\Datasets\Alvaro\Floresta-3-20260714T215823Z-1-001\Floresta-3\valid\images\Cafezal-04_MP4-37_jpg.rf.27bd91032fb5c63333ee361108985e4b.jpg,train,D:\Datasets\Alvaro\Floresta-3-20260714T215823Z-1-001\Floresta-3\train\images\Cafezal-04_MP4-37_jpg.rf.72e8397e2ab974e000a65ca4a9a1e5e2.jpg,0.9562946557998657
test-train,test,D:\Datasets\Alvaro\Floresta-3-20260714T215823Z-1-001\Floresta-3\valid\images\Cafezal-04_MP4-37_jpg.rf.b70e4b94b4f9adc9f528cd5221629455.jpg,train,D:\Datasets\Alvaro\Floresta-3-20260714T215823Z-1-001\Floresta-3\train\images\Cafezal-04_MP4-36_jpg.rf.e9c569c9e5ddb8ea5823646c55c46b7a.jpg,0.9768182039260864
test-train,test,D:\Datasets\Alvaro\Floresta-3-20260714T215823Z-1-001\Floresta-3\valid\images\Cafezal-04_MP4-37_jpg.rf.df9daf2ea552b55b1e4379eea3b628b2.jpg,train,D:\Datasets\Alvaro\Floresta-3-20260714T215823Z-1-001\Floresta-3\train\images\Cafezal-04_MP4-37_jpg.rf.24b81da8737d9dd028d98c08e8bf8826.jpg,0.9506169557571411
test-train,test,D:\Datasets\Alvaro\Floresta-3-20260714T215823Z-1-001\Floresta-3\valid\images\evo1105_jpg.rf.24309bced3c9954f69c4e43ed6044f85.jpg,train,D:\Datasets\Alvaro\Floresta-3-20260714T215823Z-1-001\Floresta-3\train\images\evo1105_jpg.rf.f204e3980fa11c74d51eed6ae55c466c.jpg,0.9817279577255249
test-train,test,D:\Datasets\Alvaro\Floresta-3-20260714T215823Z-1-001\Floresta-3\valid\images\evo1105_jpg.rf.eaf0914f06d329865448ebefbe479563.jpg,train,D:\Datasets\Alvaro\Floresta-3-20260714T215823Z-1-001\Floresta-3\train\images\evo1109_jpg.rf.b18b0cfc16c9fe90134c1219f72c8c35.jpg,0.9609596729278564
test-train,test,D:\Datasets\Alvaro\Floresta-3-20260714T215823Z-1-001\Floresta-3\valid\images\evo1109_jpg.rf.66c84c5182be2165ba9e0d7ed34e0075.jpg,train,D:\Datasets\Alvaro\Floresta-3-20260714T215823Z-1-001\Floresta-3\train\images\evo186_jpg.rf.efc456acb01cf4fe4beea02413fad4c8.jpg,0.9353702068328857
test-train,test,D:\Datasets\Alvaro\Floresta-3-20260714T215823Z-1-001\Floresta-3\valid\images\evo157_jpg.rf.135f815af3950b29d6b7b0d973414a40.jpg,train,D:\Datasets\Alvaro\Floresta-3-20260714T215823Z-1-001\Floresta-3\train\images\evo157_jpg.rf.68d933f110fb55d3c18795cb1ed883cf.jpg,0.9442062377929688
test-train,test,D:\Datasets\Alvaro\Floresta-3-20260714T215823Z-1-001\Floresta-3\valid\images\evo157_jpg.rf.6c034124e5372c03f677e381ab54f6ed.jpg,train,D:\Datasets\Alvaro\Floresta-3-20260714T215823Z-1-001\Floresta-3\train\images\evo157_jpg.rf.68d933f110fb55d3c18795cb1ed883cf.jpg,0.9641066193580627
test-train,test,D:\Datasets\Alvaro\Floresta-3-20260714T215823Z-1-001\Floresta-3\valid\images\evo157_jpg.rf.bef8be2b86169e5adcfe931ff656aacb.jpg,train,D:\Datasets\Alvaro\Floresta-3-20260714T215823Z-1-001\Floresta-3\train\images\evo157_jpg.rf.68d933f110fb55d3c18795cb1ed883cf.jpg,0.9775097370147705
test-train,test,D:\Datasets\Alvaro\Floresta-3-20260714T215823Z-1-001\Floresta-3\valid\images\evo157_jpg.rf.bf110a78e95679e99cecbd02e8ee03a5.jpg,train,D:\Datasets\Alvaro\Floresta-3-20260714T215823Z-1-001\Floresta-3\train\images\evo157_jpg.rf.7c5e6147b134d31686ad7c76ebc82dac.jpg,0.9356869459152222
test-train,test,D:\Datasets\Alvaro\Floresta-3-20260714T215823Z-1-001\Floresta-3\valid\images\evo157_jpg.rf.c1a8343b33389fa15213e4fc5cb8c573.jpg,train,D:\Datasets\Alvaro\Floresta-3-20260714T215823Z-1-001\Floresta-3\train\images\evo157_jpg.rf.9c8526ff7e6f39743640339b7273f79b.jpg,0.951707124710083
test-train,test,D:\Datasets\Alvaro\Floresta-3-20260714T215823Z-1-001\Floresta-3\valid\images\evo157_jpg.rf.d3a8e0aeafb140f0e0db03ae16c17558.jpg,train,D:\Datasets\Alvaro\Floresta-3-20260714T215823Z-1-001\Floresta-3\train\images\evo157_jpg.rf.e60560c1d20fb1a8c1772f895390b535.jpg,0.9324809908866882
test-train,test,D:\Datasets\Alvaro\Floresta-3-20260714T215823Z-1-001\Floresta-3\valid\images\evo160_jpg.rf.5b9f6748c1fedc8914585a33e84a2771.jpg,train,D:\Datasets\Alvaro\Floresta-3-20260714T215823Z-1-001\Floresta-3\train\images\evo160_jpg.rf.b5415025e58a28f7f990df9e03231f33.jpg,0.9581282138824463
test-train,test,D:\Datasets\Alvaro\Floresta-3-20260714T215823Z-1-001\Floresta-3\valid\images\evo160_jpg.rf.7bd9eeb1b216728bc946a7daf01b31ad.jpg,train,D:\Datasets\Alvaro\Floresta-3-20260714T215823Z-1-001\Floresta-3\train\images\evo160_jpg.rf.009e813d1dff77a8f0ca215d7413ce0e.jpg,0.939012885093689
test-train,test,D:\Datasets\Alvaro\Floresta-3-20260714T215823Z-1-001\Floresta-3\valid\images\evo160_jpg.rf.89988a2de0ea0973d8fb07dcab09eaea.jpg,train,D:\Datasets\Alvaro\Floresta-3-20260714T215823Z-1-001\Floresta-3\train\images\evo160_jpg.rf.353b397825f4784c13e86beb88d274f3.jpg,0.9447401762008667
test-train,test,D:\Datasets\Alvaro\Floresta-3-20260714T215823Z-1-001\Floresta-3\valid\images\evo163_jpg.rf.15d1e9c4b86a35b13e685bf97bd62960.jpg,train,D:\Datasets\Alvaro\Floresta-3-20260714T215823Z-1-001\Floresta-3\train\images\evo163_jpg.rf.b27eb4cb02d1e1453fbccdbd4d748b3b.jpg,0.9708693623542786
test-train,test,D:\Datasets\Alvaro\Floresta-3-20260714T215823Z-1-001\Floresta-3\valid\images\evo163_jpg.rf.8a0b1e0d24e0571ea2668e78e112b06f.jpg,train,D:\Datasets\Alvaro\Floresta-3-20260714T215823Z-1-001\Floresta-3\train\images\evo163_jpg.rf.21396346d47da8de99b68b8d9861683a.jpg,0.9351077079772949
test-train,test,D:\Datasets\Alvaro\Floresta-3-20260714T215823Z-1-001\Floresta-3\valid\images\evo166_jpg.rf.06baf2feb89de72d9a0e6d36e6758678.jpg,train,D:\Datasets\Alvaro\Floresta-3-20260714T215823Z-1-001\Floresta-3\train\images\evo163_jpg.rf.21396346d47da8de99b68b8d9861683a.jpg,0.9083796739578247
test-train,test,D:\Datasets\Alvaro\Floresta-3-20260714T215823Z-1-001\Floresta-3\valid\images\evo186_jpg.rf.80d5e065d80eea849b99b2c97b243beb.jpg,train,D:\Datasets\Alvaro\Floresta-3-20260714T215823Z-1-001\Floresta-3\train\images\evo186_jpg.rf.9d716c79e5a21570ccd2c65edf9ef10a.jpg,0.9607594013214111
test-train,test,D:\Datasets\Alvaro\Floresta-3-20260714T215823Z-1-001\Floresta-3\valid\images\evo191_jpg.rf.3205ad99e40f17811b3c28051cbf7bb6.jpg,train,D:\Datasets\Alvaro\Floresta-3-20260714T215823Z-1-001\Floresta-3\train\images\evo1105_jpg.rf.b10dd4ee992fa4767784c22a4769be5f.jpg,0.9432327747344971
test-train,test,D:\Datasets\Alvaro\Floresta-3-20260714T215823Z-1-001\Floresta-3\valid\images\evo191_jpg.rf.835a46767b319f3485a2f332b942d6d2.jpg,train,D:\Datasets\Alvaro\Floresta-3-20260714T215823Z-1-001\Floresta-3\train\images\evo191_jpg.rf.0618916f13dfdbe3053e0aed62d7d9b4.jpg,0.9403547048568726
test-train,test,D:\Datasets\Alvaro\Floresta-3-20260714T215823Z-1-001\Floresta-3\valid\images\evo3156_jpg.rf.bab18375d40a56a4232766b69d4f7a8b.jpg,train,D:\Datasets\Alvaro\Floresta-3-20260714T215823Z-1-001\Floresta-3\train\images\evo3156_jpg.rf.fda57d9b9eecad068b63f57b98a7d17e.jpg,0.9572172164916992
test-train,test,D:\Datasets\Alvaro\Floresta-3-20260714T215823Z-1-001\Floresta-3\valid\images\evo3373_jpg.rf.16f0c1f285cc1a03c10f57bac34c4a01.jpg,train,D:\Datasets\Alvaro\Floresta-3-20260714T215823Z-1-001\Floresta-3\train\images\evo3373_jpg.rf.fe5bd44b2970b27dfe45634c88781249.jpg,0.9521685242652893
test-train,test,D:\Datasets\Alvaro\Floresta-3-20260714T215823Z-1-001\Floresta-3\valid\images\evo3373_jpg.rf.8493f7478a4b4007f2d5ac7d740c87c2.jpg,train,D:\Datasets\Alvaro\Floresta-3-20260714T215823Z-1-001\Floresta-3\train\images\evo3373_jpg.rf.5ee091a902c08d975b24fed5fd55e43c.jpg,0.9380476474761963
test-train,test,D:\Datasets\Alvaro\Floresta-3-20260714T215823Z-1-001\Floresta-3\valid\images\evo3373_jpg.rf.9a18c2992b425987e2c36fdb2acb7631.jpg,train,D:\Datasets\Alvaro\Floresta-3-20260714T215823Z-1-001\Floresta-3\train\images\evo3373_jpg.rf.3eddee8bbb5dec55a606df95b08ae4f6.jpg,0.968518853187561
test-train,test,D:\Datasets\Alvaro\Floresta-3-20260714T215823Z-1-001\Floresta-3\valid\images\evo3377_jpg.rf.00c887dfefc4b0a5eb81202f47146006.jpg,train,D:\Datasets\Alvaro\Floresta-3-20260714T215823Z-1-001\Floresta-3\train\images\evo3377_jpg.rf.306a60db0288f29700cbc23660a4a39c.jpg,0.9687340259552002
test-train,test,D:\Datasets\Alvaro\Floresta-3-20260714T215823Z-1-001\Floresta-3\valid\images\evo3377_jpg.rf.1aa5cc8972522ce93a73813213fb4162.jpg,train,D:\Datasets\Alvaro\Floresta-3-20260714T215823Z-1-001\Floresta-3\train\images\evo3377_jpg.rf.97e85c604f6e0c0b45341b5541ad7824.jpg,0.9360854029655457
test-train,test,D:\Datasets\Alvaro\Floresta-3-20260714T215823Z-1-001\Floresta-3\valid\images\evo3377_jpg.rf.560ed875b907a0aff52faad5521b349f.jpg,train,D:\Datasets\Alvaro\Floresta-3-20260714T215823Z-1-001\Floresta-3\train\images\evo3377_jpg.rf.226ee068c5dc7e4617df3f3da4b04b5a.jpg,0.9544596672058105
test-train,test,D:\Datasets\Alvaro\Floresta-3-20260714T215823Z-1-001\Floresta-3\valid\images\evo3377_jpg.rf.9bb55086a63d8f9340e375dad1be2ec4.jpg,train,D:\Datasets\Alvaro\Floresta-3-20260714T215823Z-1-001\Floresta-3\train\images\evo3377_jpg.rf.226ee068c5dc7e4617df3f3da4b04b5a.jpg,0.9694828987121582
test-train,test,D:\Datasets\Alvaro\Floresta-3-20260714T215823Z-1-001\Floresta-3\valid\images\evo3377_jpg.rf.a9e46fa6500157316d21cebbb429f75a.jpg,train,D:\Datasets\Alvaro\Floresta-3-20260714T215823Z-1-001\Floresta-3\train\images\evo3377_jpg.rf.97e85c604f6e0c0b45341b5541ad7824.jpg,0.9417948722839355
test-train,test,D:\Datasets\Alvaro\Floresta-3-20260714T215823Z-1-001\Floresta-3\valid\images\evo3377_jpg.rf.c3c62ad592115853c628f131fb0d4b32.jpg,train,D:\Datasets\Alvaro\Floresta-3-20260714T215823Z-1-001\Floresta-3\train\images\evo3377_jpg.rf.97e85c604f6e0c0b45341b5541ad7824.jpg,0.9450770616531372
test-train,test,D:\Datasets\Alvaro\Floresta-3-20260714T215823Z-1-001\Floresta-3\valid\images\evo4201_jpg.rf.e8cd4a63ca140b5afcae33b9b1f302fa.jpg,train,D:\Datasets\Alvaro\Floresta-3-20260714T215823Z-1-001\Floresta-3\train\images\evo4201_jpg.rf.1e93119c3dca49d33daae5b804e563cf.jpg,0.9821617007255554
test-train,test,D:\Datasets\Alvaro\Floresta-3-20260714T215823Z-1-001\Floresta-3\valid\images\evo4204_jpg.rf.31518a275da41ac67aa53ca74f2f8cb8.jpg,train,D:\Datasets\Alvaro\Floresta-3-20260714T215823Z-1-001\Floresta-3\train\images\evo4204_jpg.rf.e3c7fa8ba433f1d5dfac7954988182b1.jpg,0.9681860208511353
test-train,test,D:\Datasets\Alvaro\Floresta-3-20260714T215823Z-1-001\Floresta-3\valid\images\evo4204_jpg.rf.45c6539ed2fbfafe00e2d9afcc169f5e.jpg,train,D:\Datasets\Alvaro\Floresta-3-20260714T215823Z-1-001\Floresta-3\train\images\ik_4_02251_png_jpg.rf.94707a843e5ecb103da3b4c8824ccfe0.jpg,0.9619916677474976
test-train,test,D:\Datasets\Alvaro\Floresta-3-20260714T215823Z-1-001\Floresta-3\valid\images\evo4204_jpg.rf.deb8d1e7ce4e7aca64d20191db70f37f.jpg,train,D:\Datasets\Alvaro\Floresta-3-20260714T215823Z-1-001\Floresta-3\train\images\evo4204_jpg.rf.7c9c99226dada38d47694a701e14ab81.jpg,0.9760684967041016
test-train,test,D:\Datasets\Alvaro\Floresta-3-20260714T215823Z-1-001\Floresta-3\valid\images\evo4208_jpg.rf.0c0ee8bb3d5dd2a4304f9647ed6da72c.jpg,train,D:\Datasets\Alvaro\Floresta-3-20260714T215823Z-1-001\Floresta-3\train\images\evo4208_jpg.rf.0b2694bb12fb3d3fca6f1a1904c70bb7.jpg,0.9520058631896973
test-train,test,D:\Datasets\Alvaro\Floresta-3-20260714T215823Z-1-001\Floresta-3\valid\images\evo4208_jpg.rf.53067c24a23037a862ad30fce4526c94.jpg,train,D:\Datasets\Alvaro\Floresta-3-20260714T215823Z-1-001\Floresta-3\train\images\ik_4_02301_png_jpg.rf.6e782defc5b29bc6512a119a084f94ea.jpg,0.9739055633544922
test-train,test,D:\Datasets\Alvaro\Floresta-3-20260714T215823Z-1-001\Floresta-3\valid\images\evo4208_jpg.rf.5cbc0780ad8b69fba895e0a1242450e7.jpg,train,D:\Datasets\Alvaro\Floresta-3-20260714T215823Z-1-001\Floresta-3\train\images\evo4208_jpg.rf.c21eb373c3ccf744d57f4fefc0aaf171.jpg,0.9536565542221069
test-train,test,D:\Datasets\Alvaro\Floresta-3-20260714T215823Z-1-001\Floresta-3\valid\images\evo4208_jpg.rf.9c0a938a677c957d721c6eb8987f0d99.jpg,train,D:\Datasets\Alvaro\Floresta-3-20260714T215823Z-1-001\Floresta-3\train\images\evo4208_jpg.rf.c21eb373c3ccf744d57f4fefc0aaf171.jpg,0.9422861933708191
test-train,test,D:\Datasets\Alvaro\Floresta-3-20260714T215823Z-1-001\Floresta-3\valid\images\evo4208_jpg.rf.b8422916949bd214932f0698e7660ceb.jpg,train,D:\Datasets\Alvaro\Floresta-3-20260714T215823Z-1-001\Floresta-3\train\images\evo4208_jpg.rf.222cc5be885a955cbbcb161a7c75523f.jpg,0.9542012214660645
test-train,test,D:\Datasets\Alvaro\Floresta-3-20260714T215823Z-1-001\Floresta-3\valid\images\evo4208_jpg.rf.cea8bce260d59e5d7078a7541988d905.jpg,train,D:\Datasets\Alvaro\Floresta-3-20260714T215823Z-1-001\Floresta-3\train\images\evo4208_jpg.rf.86fa11630d5b8c53cd274b1bb7491890.jpg,0.977147102355957
test-train,test,D:\Datasets\Alvaro\Floresta-3-20260714T215823Z-1-001\Floresta-3\valid\images\evo4224_jpg.rf.076a25c261c206a6850302a1bed36406.jpg,train,D:\Datasets\Alvaro\Floresta-3-20260714T215823Z-1-001\Floresta-3\train\images\ik_4_02451_png_jpg.rf.25e6fa7f8a4263aa7b6132ea5598a123.jpg,0.9615516662597656
test-train,test,D:\Datasets\Alvaro\Floresta-3-20260714T215823Z-1-001\Floresta-3\valid\images\evo4224_jpg.rf.805cc228931b6d69faff821db65f94ba.jpg,train,D:\Datasets\Alvaro\Floresta-3-20260714T215823Z-1-001\Floresta-3\train\images\evo4224_jpg.rf.3c327de7f2a4a9d301e35b7d6effb351.jpg,0.9734761714935303
test-train,test,D:\Datasets\Alvaro\Floresta-3-20260714T215823Z-1-001\Floresta-3\valid\images\evo4224_jpg.rf.980bf13fde14ae56b94d1ac86a572872.jpg,train,D:\Datasets\Alvaro\Floresta-3-20260714T215823Z-1-001\Floresta-3\train\images\evo4224_jpg.rf.98177ec50f940803b72b739239c3e161.jpg,0.9798131585121155
test-train,test,D:\Datasets\Alvaro\Floresta-3-20260714T215823Z-1-001\Floresta-3\valid\images\evo4224_jpg.rf.eda7d145aede335a64f3e6f351d818e8.jpg,train,D:\Datasets\Alvaro\Floresta-3-20260714T215823Z-1-001\Floresta-3\train\images\evo4224_jpg.rf.daf353c0343552cb0ba39a6e9ab52955.jpg,0.9704461097717285
test-train,test,D:\Datasets\Alvaro\Floresta-3-20260714T215823Z-1-001\Floresta-3\valid\images\evo4228_jpg.rf.662d45ec71d7ac583e91a60b01d0e101.jpg,train,D:\Datasets\Alvaro\Floresta-3-20260714T215823Z-1-001\Floresta-3\train\images\evo4228_jpg.rf.5b6a0a31970bde1ca586e4a04357d91b.jpg,0.9744632244110107
test-train,test,D:\Datasets\Alvaro\Floresta-3-20260714T215823Z-1-001\Floresta-3\valid\images\evo4228_jpg.rf.7a70fd7485468f2fa2bed72edfb4905f.jpg,train,D:\Datasets\Alvaro\Floresta-3-20260714T215823Z-1-001\Floresta-3\train\images\evo4228_jpg.rf.3d148912288d70f407b0547b2b8683ed.jpg,0.9140777587890625
test-train,test,D:\Datasets\Alvaro\Floresta-3-20260714T215823Z-1-001\Floresta-3\valid\images\evo422_jpg.rf.30e56bf9b07a2d225373b8a8a744f007.jpg,train,D:\Datasets\Alvaro\Floresta-3-20260714T215823Z-1-001\Floresta-3\train\images\evo422_jpg.rf.394c5895ba6247f0cb7b738cd9290f95.jpg,0.951440691947937
test-train,test,D:\Datasets\Alvaro\Floresta-3-20260714T215823Z-1-001\Floresta-3\valid\images\evo4236_jpg.rf.03d8734df772dde5347bf2e5ff61ca8f.jpg,train,D:\Datasets\Alvaro\Floresta-3-20260714T215823Z-1-001\Floresta-3\train\images\evo4236_jpg.rf.e763c700a8d93dc7a671682685f162e0.jpg,0.965039849281311
test-train,test,D:\Datasets\Alvaro\Floresta-3-20260714T215823Z-1-001\Floresta-3\valid\images\evo4236_jpg.rf.94fd8a99c169e0441cc64c5093115ae7.jpg,train,D:\Datasets\Alvaro\Floresta-3-20260714T215823Z-1-001\Floresta-3\train\images\evo4236_jpg.rf.e763c700a8d93dc7a671682685f162e0.jpg,0.977257490158081
test-train,test,D:\Datasets\Alvaro\Floresta-3-20260714T215823Z-1-001\Floresta-3\valid\images\evo4236_jpg.rf.e90bc174a8cf6c6407dbca0d820f5d67.jpg,train,D:\Datasets\Alvaro\Floresta-3-20260714T215823Z-1-001\Floresta-3\train\images\evo4236_jpg.rf.e763c700a8d93dc7a671682685f162e0.jpg,0.9675272703170776
test-train,test,D:\Datasets\Alvaro\Floresta-3-20260714T215823Z-1-001\Floresta-3\valid\images\evo4240_jpg.rf.2c1c72795cb735af0b2fea0e771e78bd.jpg,train,D:\Datasets\Alvaro\Floresta-3-20260714T215823Z-1-001\Floresta-3\train\images\evo4240_jpg.rf.62e381ec48028ab4d93a1d9b047b926a.jpg,0.9848523139953613
test-train,test,D:\Datasets\Alvaro\Floresta-3-20260714T215823Z-1-001\Floresta-3\valid\images\evo4240_jpg.rf.b73b1689a86f61ca566eb7cd721a71fa.jpg,train,D:\Datasets\Alvaro\Floresta-3-20260714T215823Z-1-001\Floresta-3\train\images\evo4240_jpg.rf.62e381ec48028ab4d93a1d9b047b926a.jpg,0.9732674360275269
test-train,test,D:\Datasets\Alvaro\Floresta-3-20260714T215823Z-1-001\Floresta-3\valid\images\evo4240_jpg.rf.e85b4a4566cbc61dcb100d83bc0c42ed.jpg,train,D:\Datasets\Alvaro\Floresta-3-20260714T215823Z-1-001\Floresta-3\train\images\evo4240_jpg.rf.077d85a528a7456644e42cb3cdbd48b1.jpg,0.9858427047729492
test-train,test,D:\Datasets\Alvaro\Floresta-3-20260714T215823Z-1-001\Floresta-3\valid\images\evo4244_jpg.rf.2414c630115d4d7773b9b4310c58e117.jpg,train,D:\Datasets\Alvaro\Floresta-3-20260714T215823Z-1-001\Floresta-3\train\images\evo4244_jpg.rf.7999978e6bd02c9feb9550d68b389d65.jpg,0.9547543525695801
test-train,test,D:\Datasets\Alvaro\Floresta-3-20260714T215823Z-1-001\Floresta-3\valid\images\evo4244_jpg.rf.3d1895d10464db80c20b0ab741e6d5bc.jpg,train,D:\Datasets\Alvaro\Floresta-3-20260714T215823Z-1-001\Floresta-3\train\images\evo4244_jpg.rf.560a87a1b3bb1166331863c7dcebac4b.jpg,0.9772855639457703
test-train,test,D:\Datasets\Alvaro\Floresta-3-20260714T215823Z-1-001\Floresta-3\valid\images\evo4244_jpg.rf.6ff0a39fc82cc7257b7ee7785749a18e.jpg,train,D:\Datasets\Alvaro\Floresta-3-20260714T215823Z-1-001\Floresta-3\train\images\evo4244_jpg.rf.cd38b6f5a1ac5b2e34b19cad9eff7b5f.jpg,0.9329458475112915
test-train,test,D:\Datasets\Alvaro\Floresta-3-20260714T215823Z-1-001\Floresta-3\valid\images\evo4244_jpg.rf.79d9871727e906c45d16327068fab119.jpg,train,D:\Datasets\Alvaro\Floresta-3-20260714T215823Z-1-001\Floresta-3\train\images\evo4244_jpg.rf.cd38b6f5a1ac5b2e34b19cad9eff7b5f.jpg,0.9557347297668457
test-train,test,D:\Datasets\Alvaro\Floresta-3-20260714T215823Z-1-001\Floresta-3\valid\images\evo4244_jpg.rf.c109c5de4e38a8cb8b87b33a242f928e.jpg,train,D:\Datasets\Alvaro\Floresta-3-20260714T215823Z-1-001\Floresta-3\train\images\evo4244_jpg.rf.560a87a1b3bb1166331863c7dcebac4b.jpg,0.9745901226997375
test-train,test,D:\Datasets\Alvaro\Floresta-3-20260714T215823Z-1-001\Floresta-3\valid\images\evo4248_jpg.rf.003ba3bb2bb66f0aa43edaffe198723f.jpg,train,D:\Datasets\Alvaro\Floresta-3-20260714T215823Z-1-001\Floresta-3\train\images\evo4248_jpg.rf.1e8b56961263479a01083b661c47ee8a.jpg,0.9692209959030151
test-train,test,D:\Datasets\Alvaro\Floresta-3-20260714T215823Z-1-001\Floresta-3\valid\images\evo4248_jpg.rf.b97c9103dcfe3ad7665fb513be1f8d45.jpg,train,D:\Datasets\Alvaro\Floresta-3-20260714T215823Z-1-001\Floresta-3\train\images\ik_4_02701_png_jpg.rf.ff1bfcd3ef8d9cd5e0437ef517ecfa38.jpg,0.9827356338500977
test-train,test,D:\Datasets\Alvaro\Floresta-3-20260714T215823Z-1-001\Floresta-3\valid\images\evo4248_jpg.rf.e9825a9df2c3bbd7b9ff8f1df0a95597.jpg,train,D:\Datasets\Alvaro\Floresta-3-20260714T215823Z-1-001\Floresta-3\train\images\evo4248_jpg.rf.1e8b56961263479a01083b661c47ee8a.jpg,0.971665620803833
test-train,test,D:\Datasets\Alvaro\Floresta-3-20260714T215823Z-1-001\Floresta-3\valid\images\evo4252_jpg.rf.296145ecb241d2199e861452247831f5.jpg,train,D:\Datasets\Alvaro\Floresta-3-20260714T215823Z-1-001\Floresta-3\train\images\evo4252_jpg.rf.dbe2cedd996df0aa907b04bc09805bdb.jpg,0.9666457176208496
test-train,test,D:\Datasets\Alvaro\Floresta-3-20260714T215823Z-1-001\Floresta-3\valid\images\evo4252_jpg.rf.3d03527b863a271c8ef52d468d3c7f42.jpg,train,D:\Datasets\Alvaro\Floresta-3-20260714T215823Z-1-001\Floresta-3\train\images\evo4252_jpg.rf.9f349b8f629f3a7a41f21c56277b64cb.jpg,0.9191666841506958
test-train,test,D:\Datasets\Alvaro\Floresta-3-20260714T215823Z-1-001\Floresta-3\valid\images\evo4256_jpg.rf.22a984e9087f9e533f2c1013398bb12c.jpg,train,D:\Datasets\Alvaro\Floresta-3-20260714T215823Z-1-001\Floresta-3\train\images\evo4256_jpg.rf.d244246aebe27de6997d0cf8d368e241.jpg,0.9470921158790588
test-train,test,D:\Datasets\Alvaro\Floresta-3-20260714T215823Z-1-001\Floresta-3\valid\images\evo4256_jpg.rf.6cd167e582978d7de01298916284823c.jpg,train,D:\Datasets\Alvaro\Floresta-3-20260714T215823Z-1-001\Floresta-3\train\images\evo4256_jpg.rf.e197769aa7114ff6c69d65d7e3218c6e.jpg,0.9549762010574341
test-train,test,D:\Datasets\Alvaro\Floresta-3-20260714T215823Z-1-001\Floresta-3\valid\images\evo4256_jpg.rf.a42fb8b463cecea7a362de28f6dae3d9.jpg,train,D:\Datasets\Alvaro\Floresta-3-20260714T215823Z-1-001\Floresta-3\train\images\evo4256_jpg.rf.e27bb0574c8368935b504e2c7eef91c8.jpg,0.9739158153533936
test-train,test,D:\Datasets\Alvaro\Floresta-3-20260714T215823Z-1-001\Floresta-3\valid\images\evo4256_jpg.rf.a7b1e529debe548046f5ffaa80bf1d81.jpg,train,D:\Datasets\Alvaro\Floresta-3-20260714T215823Z-1-001\Floresta-3\train\images\evo4256_jpg.rf.e27bb0574c8368935b504e2c7eef91c8.jpg,0.9541994333267212
test-train,test,D:\Datasets\Alvaro\Floresta-3-20260714T215823Z-1-001\Floresta-3\valid\images\evo4256_jpg.rf.c4518d15363ad869c27dc3370ad1b87b.jpg,train,D:\Datasets\Alvaro\Floresta-3-20260714T215823Z-1-001\Floresta-3\train\images\evo4256_jpg.rf.4a662a20baeec9a372463568cecc50c6.jpg,0.9686189293861389
test-train,test,D:\Datasets\Alvaro\Floresta-3-20260714T215823Z-1-001\Floresta-3\valid\images\evo4260_jpg.rf.32631121bd28e150a2d97cad9869412c.jpg,train,D:\Datasets\Alvaro\Floresta-3-20260714T215823Z-1-001\Floresta-3\train\images\evo4260_jpg.rf.d919b944deca852f892a279f6b31e1ea.jpg,0.961554765701294
test-train,test,D:\Datasets\Alvaro\Floresta-3-20260714T215823Z-1-001\Floresta-3\valid\images\evo4260_jpg.rf.c101b3c456bc7d1f64b1f4289f12748c.jpg,train,D:\Datasets\Alvaro\Floresta-3-20260714T215823Z-1-001\Floresta-3\train\images\evo4260_jpg.rf.8c6edd2747b2c09aba1098375bb5bbfb.jpg,0.9713726043701172
test-train,test,D:\Datasets\Alvaro\Floresta-3-20260714T215823Z-1-001\Floresta-3\valid\images\evo4260_jpg.rf.e15e2824afd1177fee913058ba044b20.jpg,train,D:\Datasets\Alvaro\Floresta-3-20260714T215823Z-1-001\Floresta-3\train\images\evo4264_jpg.rf.2785f9e46e20f1c47706450cdc4ca4be.jpg,0.9682367444038391
test-train,test,D:\Datasets\Alvaro\Floresta-3-20260714T215823Z-1-001\Floresta-3\valid\images\evo4264_jpg.rf.4c0e17bbbef3d752cb46d47cd18dd495.jpg,train,D:\Datasets\Alvaro\Floresta-3-20260714T215823Z-1-001\Floresta-3\train\images\evo4264_jpg.rf.d5b46590dfddf1927966e98fe79064ce.jpg,0.9549106955528259
test-train,test,D:\Datasets\Alvaro\Floresta-3-20260714T215823Z-1-001\Floresta-3\valid\images\evo4264_jpg.rf.b433e5785486e293e13a13a3f7014a3c.jpg,train,D:\Datasets\Alvaro\Floresta-3-20260714T215823Z-1-001\Floresta-3\train\images\evo4264_jpg.rf.d5b46590dfddf1927966e98fe79064ce.jpg,0.9550458192825317
test-train,test,D:\Datasets\Alvaro\Floresta-3-20260714T215823Z-1-001\Floresta-3\valid\images\evo4264_jpg.rf.bb0a4c07b927a7256733bddea4ef3cf3.jpg,train,D:\Datasets\Alvaro\Floresta-3-20260714T215823Z-1-001\Floresta-3\train\images\evo4264_jpg.rf.0bcc18ef7fcb27ce97fa2cb60c02268c.jpg,0.9652417898178101
test-train,test,D:\Datasets\Alvaro\Floresta-3-20260714T215823Z-1-001\Floresta-3\valid\images\evo4264_jpg.rf.bc5343a1cd312d4aeea336ce11904355.jpg,train,D:\Datasets\Alvaro\Floresta-3-20260714T215823Z-1-001\Floresta-3\train\images\evo4264_jpg.rf.d5b46590dfddf1927966e98fe79064ce.jpg,0.9501295685768127
test-train,test,D:\Datasets\Alvaro\Floresta-3-20260714T215823Z-1-001\Floresta-3\valid\images\evo75_jpg.rf.db0bf4867ac40dbfbd6ffb04e2730518.jpg,train,D:\Datasets\Alvaro\Floresta-3-20260714T215823Z-1-001\Floresta-3\train\images\evo75_jpg.rf.15d2c3f630868550537103cc87a25e43.jpg,0.9636659622192383
test-train,test,D:\Datasets\Alvaro\Floresta-3-20260714T215823Z-1-001\Floresta-3\valid\images\evo75_jpg.rf.e64134a88a0fe2e1ff003de634ed03da.jpg,train,D:\Datasets\Alvaro\Floresta-3-20260714T215823Z-1-001\Floresta-3\train\images\evo75_jpg.rf.15d2c3f630868550537103cc87a25e43.jpg,0.9669408798217773
test-train,test,D:\Datasets\Alvaro\Floresta-3-20260714T215823Z-1-001\Floresta-3\valid\images\evo75_jpg.rf.fe24bed86148e7f84bd1a346d79fda4c.jpg,train,D:\Datasets\Alvaro\Floresta-3-20260714T215823Z-1-001\Floresta-3\train\images\evo75_jpg.rf.3047be21d05b7fc9f8d89ada52767da1.jpg,0.9647975564002991
test-train,test,D:\Datasets\Alvaro\Floresta-3-20260714T215823Z-1-001\Floresta-3\valid\images\Fazenda-01_MP4-110_jpg.rf.0bb3e6ec65372dd4b0ce3f920080042b.jpg,train,D:\Datasets\Alvaro\Floresta-3-20260714T215823Z-1-001\Floresta-3\train\images\Fazenda-01_MP4-110_jpg.rf.b6d62ac01a0e9f01bb6dcb816fb41bcf.jpg,0.9481172561645508
test-train,test,D:\Datasets\Alvaro\Floresta-3-20260714T215823Z-1-001\Floresta-3\valid\images\Fazenda-01_MP4-20_jpg.rf.58ab376a22da64bbc802b9ae83ad8c83.jpg,train,D:\Datasets\Alvaro\Floresta-3-20260714T215823Z-1-001\Floresta-3\train\images\Fazenda-01_MP4-20_jpg.rf.896c57602838b6df689ae5fb328d3f97.jpg,0.9497000575065613
test-train,test,D:\Datasets\Alvaro\Floresta-3-20260714T215823Z-1-001\Floresta-3\valid\images\Fazenda-01_MP4-21_jpg.rf.51cb93b8f89b3edd6dc7ab91e50f1479.jpg,train,D:\Datasets\Alvaro\Floresta-3-20260714T215823Z-1-001\Floresta-3\train\images\Fazenda-01_MP4-20_jpg.rf.3089d7d8fefe8844a0bbf80c4a8dc42c.jpg,0.9566490650177002
test-train,test,D:\Datasets\Alvaro\Floresta-3-20260714T215823Z-1-001\Floresta-3\valid\images\Fazenda-01_MP4-21_jpg.rf.54563b2a9b8698c4cef69ff04c81ffb0.jpg,train,D:\Datasets\Alvaro\Floresta-3-20260714T215823Z-1-001\Floresta-3\train\images\Fazenda-01_MP4-21_jpg.rf.78c26a4747a7ac4447871db6166b690d.jpg,0.9368775486946106
test-train,test,D:\Datasets\Alvaro\Floresta-3-20260714T215823Z-1-001\Floresta-3\valid\images\Fazenda-01_MP4-27_jpg.rf.2627cd4600804b9c4e4792aaaf6a7490.jpg,train,D:\Datasets\Alvaro\Floresta-3-20260714T215823Z-1-001\Floresta-3\train\images\Fazenda-01_MP4-22_jpg.rf.e08d86e9571343843ee971181fd20240.jpg,0.9143381118774414
test-train,test,D:\Datasets\Alvaro\Floresta-3-20260714T215823Z-1-001\Floresta-3\valid\images\Fazenda-01_MP4-27_jpg.rf.2f288861bef6651cea26991f50b3e8aa.jpg,train,D:\Datasets\Alvaro\Floresta-3-20260714T215823Z-1-001\Floresta-3\train\images\Fazenda-01_MP4-22_jpg.rf.243115f4dbaa0ea6d092ade3f48b9318.jpg,0.9046039581298828
test-train,test,D:\Datasets\Alvaro\Floresta-3-20260714T215823Z-1-001\Floresta-3\valid\images\Fazenda-02_MP4-0_jpg.rf.8672a9fbae79895d2ed9d5cf2b78dcd2.jpg,train,D:\Datasets\Alvaro\Floresta-3-20260714T215823Z-1-001\Floresta-3\train\images\Cafezal-01_MP4-26_jpg.rf.47f59ed9743a939c6df0a8e858f99a9a.jpg,0.8246750831604004
test-train,test,D:\Datasets\Alvaro\Floresta-3-20260714T215823Z-1-001\Floresta-3\valid\images\IJ_08_25_01_0_0_png_jpg.rf.27cc3da5647ffe59416de61a09d2dc22.jpg,train,D:\Datasets\Alvaro\Floresta-3-20260714T215823Z-1-001\Floresta-3\train\images\IJ_08_25_01_0_0_png_jpg.rf.1d63b4819f7d71cb593c121c50c67a2a.jpg,0.9674919843673706
test-train,test,D:\Datasets\Alvaro\Floresta-3-20260714T215823Z-1-001\Floresta-3\valid\images\IJ_08_25_01_0_0_png_jpg.rf.4381f4e77fd3e1d7794abfbcedc53aeb.jpg,train,D:\Datasets\Alvaro\Floresta-3-20260714T215823Z-1-001\Floresta-3\train\images\IJ_08_25_05_0_0_png_jpg.rf.97d8ceaf4a7220e19e3655983bfe3e55.jpg,0.9609206914901733
test-train,test,D:\Datasets\Alvaro\Floresta-3-20260714T215823Z-1-001\Floresta-3\valid\images\IJ_08_25_01_0_0_png_jpg.rf.6bb36472fab1dd7d8218f217bd3ec328.jpg,train,D:\Datasets\Alvaro\Floresta-3-20260714T215823Z-1-001\Floresta-3\train\images\IJ_08_25_02_0_0_png_jpg.rf.1bcf2e65c6bb40aec4760a53ecdb0a1d.jpg,0.9635396599769592
test-train,test,D:\Datasets\Alvaro\Floresta-3-20260714T215823Z-1-001\Floresta-3\valid\images\IJ_08_25_01_0_0_png_jpg.rf.d70554b4cbee89b038df18564675b7d1.jpg,train,D:\Datasets\Alvaro\Floresta-3-20260714T215823Z-1-001\Floresta-3\train\images\IJ_08_25_03_0_0_png_jpg.rf.a6561947322eea21e9fe9ec2743a9edf.jpg,0.9670092463493347
test-train,test,D:\Datasets\Alvaro\Floresta-3-20260714T215823Z-1-001\Floresta-3\valid\images\IJ_08_25_01_2560_0_png_jpg.rf.058b1a72369adaceff7f5e8a4bfe0302.jpg,train,D:\Datasets\Alvaro\Floresta-3-20260714T215823Z-1-001\Floresta-3\train\images\IJ_08_25_01_2560_0_png_jpg.rf.35fd2d5e89d60361ed4b581ebc1efb7c.jpg,0.9260422587394714
test-train,test,D:\Datasets\Alvaro\Floresta-3-20260714T215823Z-1-001\Floresta-3\valid\images\IJ_08_25_01_2560_0_png_jpg.rf.7182bb3886866793f71cd61b9919ae30.jpg,train,D:\Datasets\Alvaro\Floresta-3-20260714T215823Z-1-001\Floresta-3\train\images\IJ_08_25_01_2560_0_png_jpg.rf.35fd2d5e89d60361ed4b581ebc1efb7c.jpg,0.949513852596283
test-train,test,D:\Datasets\Alvaro\Floresta-3-20260714T215823Z-1-001\Floresta-3\valid\images\IJ_08_25_01_2560_0_png_jpg.rf.73bab7c56c657a8e2c46ef1563a710bd.jpg,train,D:\Datasets\Alvaro\Floresta-3-20260714T215823Z-1-001\Floresta-3\train\images\IJ_08_25_03_2560_0_png_jpg.rf.12ed48ca4268e1b30555f02da458cab3.jpg,0.9433992505073547
test-train,test,D:\Datasets\Alvaro\Floresta-3-20260714T215823Z-1-001\Floresta-3\valid\images\IJ_08_25_01_2560_0_png_jpg.rf.7aae3e891626cd63fc43cc71d13fa885.jpg,train,D:\Datasets\Alvaro\Floresta-3-20260714T215823Z-1-001\Floresta-3\train\images\IJ_08_25_01_2560_0_png_jpg.rf.de3a5f7592786e19a07b8853b668e287.jpg,0.95864337682724
test-train,test,D:\Datasets\Alvaro\Floresta-3-20260714T215823Z-1-001\Floresta-3\valid\images\IJ_08_25_01_2560_0_png_jpg.rf.aa0447dac89213be5f4543f177f2deb0.jpg,train,D:\Datasets\Alvaro\Floresta-3-20260714T215823Z-1-001\Floresta-3\train\images\IJ_08_25_01_2560_0_png_jpg.rf.35fd2d5e89d60361ed4b581ebc1efb7c.jpg,0.9618726372718811
test-train,test,D:\Datasets\Alvaro\Floresta-3-20260714T215823Z-1-001\Floresta-3\valid\images\IJ_08_25_01_2560_880_png_jpg.rf.391b1bc8e852c2b0701fd751766a47da.jpg,train,D:\Datasets\Alvaro\Floresta-3-20260714T215823Z-1-001\Floresta-3\train\images\IJ_08_25_01_2560_880_png_jpg.rf.0cd0ddcd1551a63a2b6ef85b9fe5d8a4.jpg,0.9575359225273132
test-train,test,D:\Datasets\Alvaro\Floresta-3-20260714T215823Z-1-001\Floresta-3\valid\images\IJ_08_25_01_2560_880_png_jpg.rf.6ae57749857a81f3bb3a746889226fb7.jpg,train,D:\Datasets\Alvaro\Floresta-3-20260714T215823Z-1-001\Floresta-3\train\images\IJ_08_25_05_2560_880_png_jpg.rf.b6d539f99482d5ab4981ae223834f8ca.jpg,0.9548311829566956
test-train,test,D:\Datasets\Alvaro\Floresta-3-20260714T215823Z-1-001\Floresta-3\valid\images\IJ_08_25_01_2560_880_png_jpg.rf.c162d17ee5a542617e4d2fdffbbb2aaa.jpg,train,D:\Datasets\Alvaro\Floresta-3-20260714T215823Z-1-001\Floresta-3\train\images\IJ_08_25_01_2560_880_png_jpg.rf.b9ea54585530d55019f120de297d501e.jpg,0.9526798725128174
test-train,test,D:\Datasets\Alvaro\Floresta-3-20260714T215823Z-1-001\Floresta-3\valid\images\IJ_08_25_01_2560_880_png_jpg.rf.d43be537fb071041751803d37dcff576.jpg,train,D:\Datasets\Alvaro\Floresta-3-20260714T215823Z-1-001\Floresta-3\train\images\IJ_08_25_02_2560_880_png_jpg.rf.c229871868369473a10af3055eec5cc4.jpg,0.9352777004241943
test-train,test,D:\Datasets\Alvaro\Floresta-3-20260714T215823Z-1-001\Floresta-3\valid\images\IJ_08_25_01_2560_880_png_jpg.rf.dac77e1fad5918a3aae0b4ec83949f43.jpg,train,D:\Datasets\Alvaro\Floresta-3-20260714T215823Z-1-001\Floresta-3\train\images\IJ_08_25_02_2560_880_png_jpg.rf.e4dbdb40a2d918a91762530b74c06cbe.jpg,0.9861525297164917
test-train,test,D:\Datasets\Alvaro\Floresta-3-20260714T215823Z-1-001\Floresta-3\valid\images\IJ_08_25_01_2560_880_png_jpg.rf.fc410b4924fbb6f346c919dd8ceb403f.jpg,train,D:\Datasets\Alvaro\Floresta-3-20260714T215823Z-1-001\Floresta-3\train\images\IJ_08_25_01_2560_880_png_jpg.rf.9a43e546109b05d63ee6999458393777.jpg,0.9482989311218262
test-train,test,D:\Datasets\Alvaro\Floresta-3-20260714T215823Z-1-001\Floresta-3\valid\images\IJ_08_25_02_0_0_png_jpg.rf.5b5028f13fd1065a8b5097b40540e0e0.jpg,train,D:\Datasets\Alvaro\Floresta-3-20260714T215823Z-1-001\Floresta-3\train\images\IJ_08_25_03_0_0_png_jpg.rf.4e366936d6b4904ef5e8b2b55d186ec4.jpg,0.9653176665306091
test-train,test,D:\Datasets\Alvaro\Floresta-3-20260714T215823Z-1-001\Floresta-3\valid\images\IJ_08_25_02_0_0_png_jpg.rf.e06554d7ce9f369d5e05e3e99babaafb.jpg,train,D:\Datasets\Alvaro\Floresta-3-20260714T215823Z-1-001\Floresta-3\train\images\IJ_08_25_04_0_0_png_jpg.rf.b484fc096e33cb5e6a5f8b3d16680a66.jpg,0.9809502363204956
test-train,test,D:\Datasets\Alvaro\Floresta-3-20260714T215823Z-1-001\Floresta-3\valid\images\IJ_08_25_02_2560_0_png_jpg.rf.1dfecee1b98b756f9db66a5353be879a.jpg,train,D:\Datasets\Alvaro\Floresta-3-20260714T215823Z-1-001\Floresta-3\train\images\IJ_08_25_03_2560_0_png_jpg.rf.bad375e28203b3fde775c11707b74b91.jpg,0.969960629940033
test-train,test,D:\Datasets\Alvaro\Floresta-3-20260714T215823Z-1-001\Floresta-3\valid\images\IJ_08_25_02_2560_0_png_jpg.rf.643dc1f5d7a16929a1d1d6a935be04f9.jpg,train,D:\Datasets\Alvaro\Floresta-3-20260714T215823Z-1-001\Floresta-3\train\images\IJ_08_25_01_2560_0_png_jpg.rf.f5126489484c0005dd8446a827f6c218.jpg,0.9756312370300293
test-train,test,D:\Datasets\Alvaro\Floresta-3-20260714T215823Z-1-001\Floresta-3\valid\images\IJ_08_25_02_2560_0_png_jpg.rf.6b348e4097bfa6786e08740195efef0e.jpg,train,D:\Datasets\Alvaro\Floresta-3-20260714T215823Z-1-001\Floresta-3\train\images\IJ_08_25_02_2560_0_png_jpg.rf.126899ef94ad6f47da777002ecda9733.jpg,0.9882674217224121
test-train,test,D:\Datasets\Alvaro\Floresta-3-20260714T215823Z-1-001\Floresta-3\valid\images\IJ_08_25_02_2560_0_png_jpg.rf.742b0f3edef3cc3715db5e2d8cfee4c2.jpg,train,D:\Datasets\Alvaro\Floresta-3-20260714T215823Z-1-001\Floresta-3\train\images\IJ_08_25_35_2560_0_png_jpg.rf.066d2fc2597e507ad1acc24d7c0e5b6c.jpg,0.921748161315918
test-train,test,D:\Datasets\Alvaro\Floresta-3-20260714T215823Z-1-001\Floresta-3\valid\images\IJ_08_25_02_2560_0_png_jpg.rf.b48e8a125af97e60029b6ab2fc255412.jpg,train,D:\Datasets\Alvaro\Floresta-3-20260714T215823Z-1-001\Floresta-3\train\images\IJ_08_25_02_2560_0_png_jpg.rf.52b1dc7fe288efa53f527d34bfa0dfad.jpg,0.966830313205719
test-train,test,D:\Datasets\Alvaro\Floresta-3-20260714T215823Z-1-001\Floresta-3\valid\images\IJ_08_25_02_2560_0_png_jpg.rf.f285c7138771cbfbe2f4dcc766424b01.jpg,train,D:\Datasets\Alvaro\Floresta-3-20260714T215823Z-1-001\Floresta-3\train\images\IJ_08_25_01_2560_0_png_jpg.rf.cc79b04e52bc47998d50b6453b245ca2.jpg,0.9872474670410156
test-train,test,D:\Datasets\Alvaro\Floresta-3-20260714T215823Z-1-001\Floresta-3\valid\images\IJ_08_25_02_2560_880_png_jpg.rf.03caa444e77223ee7b485492dfb79e3e.jpg,train,D:\Datasets\Alvaro\Floresta-3-20260714T215823Z-1-001\Floresta-3\train\images\IJ_08_25_02_2560_880_png_jpg.rf.b6ac27d59a1c0cb2f1c69e1d6f796b0c.jpg,0.9469464421272278
test-train,test,D:\Datasets\Alvaro\Floresta-3-20260714T215823Z-1-001\Floresta-3\valid\images\IJ_08_25_02_2560_880_png_jpg.rf.0ad8e45ce064ef738453af8ab0ebf3b4.jpg,train,D:\Datasets\Alvaro\Floresta-3-20260714T215823Z-1-001\Floresta-3\train\images\IJ_08_25_02_2560_880_png_jpg.rf.b6ac27d59a1c0cb2f1c69e1d6f796b0c.jpg,0.9431376457214355
test-train,test,D:\Datasets\Alvaro\Floresta-3-20260714T215823Z-1-001\Floresta-3\valid\images\IJ_08_25_02_2560_880_png_jpg.rf.76fa55cf91cf51df15906d716a7ffa47.jpg,train,D:\Datasets\Alvaro\Floresta-3-20260714T215823Z-1-001\Floresta-3\train\images\IJ_08_25_05_2560_880_png_jpg.rf.bb5d72a1ae27b9bfaf90f972f9025a3c.jpg,0.9543728828430176
test-train,test,D:\Datasets\Alvaro\Floresta-3-20260714T215823Z-1-001\Floresta-3\valid\images\IJ_08_25_02_2560_880_png_jpg.rf.b5f859866b3f744aaf5197b7dd6f663a.jpg,train,D:\Datasets\Alvaro\Floresta-3-20260714T215823Z-1-001\Floresta-3\train\images\IJ_08_25_05_2560_880_png_jpg.rf.b6d539f99482d5ab4981ae223834f8ca.jpg,0.9544508457183838
test-train,test,D:\Datasets\Alvaro\Floresta-3-20260714T215823Z-1-001\Floresta-3\valid\images\IJ_08_25_03_0_0_png_jpg.rf.3a8ac078e11903d1eb792255bc92aab7.jpg,train,D:\Datasets\Alvaro\Floresta-3-20260714T215823Z-1-001\Floresta-3\train\images\IJ_08_25_02_0_0_png_jpg.rf.1bcf2e65c6bb40aec4760a53ecdb0a1d.jpg,0.9734770655632019
test-train,test,D:\Datasets\Alvaro\Floresta-3-20260714T215823Z-1-001\Floresta-3\valid\images\IJ_08_25_03_0_0_png_jpg.rf.fb49abf189e900194f7b3139e57504f4.jpg,train,D:\Datasets\Alvaro\Floresta-3-20260714T215823Z-1-001\Floresta-3\train\images\IJ_08_25_03_0_0_png_jpg.rf.a6561947322eea21e9fe9ec2743a9edf.jpg,0.9680131077766418
test-train,test,D:\Datasets\Alvaro\Floresta-3-20260714T215823Z-1-001\Floresta-3\valid\images\IJ_08_25_03_2560_0_png_jpg.rf.21a110b0b1bd70151ba70a1e296f115d.jpg,train,D:\Datasets\Alvaro\Floresta-3-20260714T215823Z-1-001\Floresta-3\train\images\IJ_08_25_04_2560_0_png_jpg.rf.6cf1c1f76f9ef3a821490b198cae19e5.jpg,0.991273045539856
test-train,test,D:\Datasets\Alvaro\Floresta-3-20260714T215823Z-1-001\Floresta-3\valid\images\IJ_08_25_03_2560_0_png_jpg.rf.56f9ff0f57511c6f03bc5c4d160e84f9.jpg,train,D:\Datasets\Alvaro\Floresta-3-20260714T215823Z-1-001\Floresta-3\train\images\IJ_08_25_03_2560_0_png_jpg.rf.d5ddf5408108dfebf009fc8f8df40b5d.jpg,0.9610927104949951
test-train,test,D:\Datasets\Alvaro\Floresta-3-20260714T215823Z-1-001\Floresta-3\valid\images\IJ_08_25_03_2560_0_png_jpg.rf.72828420bf0c47a0cd40bc77ff0498be.jpg,train,D:\Datasets\Alvaro\Floresta-3-20260714T215823Z-1-001\Floresta-3\train\images\IJ_08_25_03_2560_0_png_jpg.rf.5fc790765961bd821553a582c76e0ef7.jpg,0.9617307782173157
test-train,test,D:\Datasets\Alvaro\Floresta-3-20260714T215823Z-1-001\Floresta-3\valid\images\IJ_08_25_03_2560_0_png_jpg.rf.7c91c28969aa480ae152564200bfd1e7.jpg,train,D:\Datasets\Alvaro\Floresta-3-20260714T215823Z-1-001\Floresta-3\train\images\IJ_08_25_03_2560_0_png_jpg.rf.3f2eef923802f382ce0548628a80e2e2.jpg,0.9530806541442871
test-train,test,D:\Datasets\Alvaro\Floresta-3-20260714T215823Z-1-001\Floresta-3\valid\images\IJ_08_25_03_2560_880_png_jpg.rf.a57b18ae2f6beb7ca1d40b5569095100.jpg,train,D:\Datasets\Alvaro\Floresta-3-20260714T215823Z-1-001\Floresta-3\train\images\IJ_08_25_03_2560_880_png_jpg.rf.0f202a51293bceff4ea35e6ea33d06c1.jpg,0.9117053747177124
test-train,test,D:\Datasets\Alvaro\Floresta-3-20260714T215823Z-1-001\Floresta-3\valid\images\IJ_08_25_03_2560_880_png_jpg.rf.ab3396cbe3d7dba88a4d4b1da8d460bf.jpg,train,D:\Datasets\Alvaro\Floresta-3-20260714T215823Z-1-001\Floresta-3\train\images\IJ_08_25_03_2560_880_png_jpg.rf.2a4de7a21eb78950d053738eec4f97f8.jpg,0.95805823802948
test-train,test,D:\Datasets\Alvaro\Floresta-3-20260714T215823Z-1-001\Floresta-3\valid\images\IJ_08_25_04_0_0_png_jpg.rf.0a4f2c6f2503d873c6d4ebb1ec150ef7.jpg,train,D:\Datasets\Alvaro\Floresta-3-20260714T215823Z-1-001\Floresta-3\train\images\IJ_08_25_05_0_0_png_jpg.rf.97d8ceaf4a7220e19e3655983bfe3e55.jpg,0.9624815583229065
test-train,test,D:\Datasets\Alvaro\Floresta-3-20260714T215823Z-1-001\Floresta-3\valid\images\IJ_08_25_04_0_0_png_jpg.rf.428324a100ecdae05f92c8f11c392f96.jpg,train,D:\Datasets\Alvaro\Floresta-3-20260714T215823Z-1-001\Floresta-3\train\images\IJ_08_25_02_0_0_png_jpg.rf.b968c3f10e5672454afc04f16b388b64.jpg,0.9784432649612427
test-train,test,D:\Datasets\Alvaro\Floresta-3-20260714T215823Z-1-001\Floresta-3\valid\images\IJ_08_25_04_2560_0_png_jpg.rf.0fe7ed7fdab3d6eb4791c553ddf2f48f.jpg,train,D:\Datasets\Alvaro\Floresta-3-20260714T215823Z-1-001\Floresta-3\train\images\IJ_08_25_04_2560_0_png_jpg.rf.7807d4006cd350fe0a362048fbd44001.jpg,0.9624330997467041
test-train,test,D:\Datasets\Alvaro\Floresta-3-20260714T215823Z-1-001\Floresta-3\valid\images\IJ_08_25_04_2560_0_png_jpg.rf.1f78a283c00e4ff663e5b2530cc63c9f.jpg,train,D:\Datasets\Alvaro\Floresta-3-20260714T215823Z-1-001\Floresta-3\train\images\IJ_08_25_05_2560_0_png_jpg.rf.7f4eafb2c1f11e3b56fe516929bf30a9.jpg,0.9781460762023926
test-train,test,D:\Datasets\Alvaro\Floresta-3-20260714T215823Z-1-001\Floresta-3\valid\images\IJ_08_25_04_2560_0_png_jpg.rf.8041ee4b919c4bd4ae97544c430ce922.jpg,train,D:\Datasets\Alvaro\Floresta-3-20260714T215823Z-1-001\Floresta-3\train\images\IJ_08_25_26_2560_0_png_jpg.rf.91d8abff0abaebc9bd7a94b6b588c29b.jpg,0.9527817368507385
test-train,test,D:\Datasets\Alvaro\Floresta-3-20260714T215823Z-1-001\Floresta-3\valid\images\IJ_08_25_04_2560_0_png_jpg.rf.88a88dc7794998809fbc237a79033e82.jpg,train,D:\Datasets\Alvaro\Floresta-3-20260714T215823Z-1-001\Floresta-3\train\images\IJ_08_25_03_2560_0_png_jpg.rf.0b7239c5f5ebcb179a4367a59d7ecdbb.jpg,0.9795331358909607
test-train,test,D:\Datasets\Alvaro\Floresta-3-20260714T215823Z-1-001\Floresta-3\valid\images\IJ_08_25_05_2560_0_png_jpg.rf.ab049fcb2f03893841145ba07a7bb487.jpg,train,D:\Datasets\Alvaro\Floresta-3-20260714T215823Z-1-001\Floresta-3\train\images\IJ_08_25_03_2560_0_png_jpg.rf.0b7239c5f5ebcb179a4367a59d7ecdbb.jpg,0.9783807992935181
test-train,test,D:\Datasets\Alvaro\Floresta-3-20260714T215823Z-1-001\Floresta-3\valid\images\IJ_08_25_05_2560_880_png_jpg.rf.e4e4c0aedb66042bd2dff34e6ca88741.jpg,train,D:\Datasets\Alvaro\Floresta-3-20260714T215823Z-1-001\Floresta-3\train\images\IJ_08_25_27_2560_880_png_jpg.rf.19ddf6a4da2ac9fc4e14d13bcfc4454d.jpg,0.9201532006263733
test-train,test,D:\Datasets\Alvaro\Floresta-3-20260714T215823Z-1-001\Floresta-3\valid\images\IJ_08_25_06_0_0_png_jpg.rf.4c4cc1e77e694a53ddde41c2d33aec93.jpg,train,D:\Datasets\Alvaro\Floresta-3-20260714T215823Z-1-001\Floresta-3\train\images\IJ_08_25_08_0_0_png_jpg.rf.53caf753e49d2d48cc76fb5bee09c776.jpg,0.9709687232971191
test-train,test,D:\Datasets\Alvaro\Floresta-3-20260714T215823Z-1-001\Floresta-3\valid\images\IJ_08_25_06_0_0_png_jpg.rf.6a4557d846b09c6ee5c53a9b515eb58e.jpg,train,D:\Datasets\Alvaro\Floresta-3-20260714T215823Z-1-001\Floresta-3\train\images\IJ_08_25_08_0_0_png_jpg.rf.71668c0829d7c8f3eb73eae18cdb0af2.jpg,0.9401397705078125
test-train,test,D:\Datasets\Alvaro\Floresta-3-20260714T215823Z-1-001\Floresta-3\valid\images\IJ_08_25_06_0_0_png_jpg.rf.a083afe27844ef6a7b3a754124a20b9c.jpg,train,D:\Datasets\Alvaro\Floresta-3-20260714T215823Z-1-001\Floresta-3\train\images\IJ_08_25_03_0_0_png_jpg.rf.b78fb1e5e44e7c1fc23c2d70ddcb9ece.jpg,0.9650318622589111
test-train,test,D:\Datasets\Alvaro\Floresta-3-20260714T215823Z-1-001\Floresta-3\valid\images\IJ_08_25_06_2560_0_png_jpg.rf.d73501e28032e0097f7301a1816c65e5.jpg,train,D:\Datasets\Alvaro\Floresta-3-20260714T215823Z-1-001\Floresta-3\train\images\IJ_08_25_04_2560_0_png_jpg.rf.e01adf98ce0b30a94a10b4fffa591c34.jpg,0.9807190895080566
test-train,test,D:\Datasets\Alvaro\Floresta-3-20260714T215823Z-1-001\Floresta-3\valid\images\IJ_08_25_06_2560_0_png_jpg.rf.fedc4cde1f0116c5a54c8f0438f21cc5.jpg,train,D:\Datasets\Alvaro\Floresta-3-20260714T215823Z-1-001\Floresta-3\train\images\IJ_08_25_06_2560_0_png_jpg.rf.82df8f7a85d3cac832f3b6eb71e0b2ce.jpg,0.9688088893890381
test-train,test,D:\Datasets\Alvaro\Floresta-3-20260714T215823Z-1-001\Floresta-3\valid\images\IJ_08_25_07_0_0_png_jpg.rf.1f084a52fdca535d54402a948cdd2ea2.jpg,train,D:\Datasets\Alvaro\Floresta-3-20260714T215823Z-1-001\Floresta-3\train\images\IJ_08_25_04_0_0_png_jpg.rf.f6bf1435314a5be1cec8065f72e67dd6.jpg,0.9294390678405762
test-train,test,D:\Datasets\Alvaro\Floresta-3-20260714T215823Z-1-001\Floresta-3\valid\images\IJ_08_25_07_0_0_png_jpg.rf.9f91ea63d2c861ea76ed7c4ed6e8649b.jpg,train,D:\Datasets\Alvaro\Floresta-3-20260714T215823Z-1-001\Floresta-3\train\images\IJ_08_25_01_0_0_png_jpg.rf.82e86580ed83553ad75fb204d9d0bf0e.jpg,0.9327468872070312
test-train,test,D:\Datasets\Alvaro\Floresta-3-20260714T215823Z-1-001\Floresta-3\valid\images\IJ_08_25_07_2560_880_png_jpg.rf.993ff05296fd84c24faf72d44f9dd56b.jpg,train,D:\Datasets\Alvaro\Floresta-3-20260714T215823Z-1-001\Floresta-3\train\images\IJ_08_25_02_2560_880_png_jpg.rf.467732f173d24c0094bba7b7a2420126.jpg,0.9049381017684937
test-train,test,D:\Datasets\Alvaro\Floresta-3-20260714T215823Z-1-001\Floresta-3\valid\images\IJ_08_25_07_2560_880_png_jpg.rf.b2f3cc23dcd0877d38ebcef0633c6f49.jpg,train,D:\Datasets\Alvaro\Floresta-3-20260714T215823Z-1-001\Floresta-3\train\images\IJ_08_25_02_2560_880_png_jpg.rf.b6ac27d59a1c0cb2f1c69e1d6f796b0c.jpg,0.9066154956817627
test-train,test,D:\Datasets\Alvaro\Floresta-3-20260714T215823Z-1-001\Floresta-3\valid\images\IJ_08_25_08_0_0_png_jpg.rf.a25d783819b573de77fdf9d6d7f0954d.jpg,train,D:\Datasets\Alvaro\Floresta-3-20260714T215823Z-1-001\Floresta-3\train\images\IJ_08_25_08_0_0_png_jpg.rf.61c7ef3d7a1d520b1c8f3ae16eeb561d.jpg,0.9578167200088501
test-train,test,D:\Datasets\Alvaro\Floresta-3-20260714T215823Z-1-001\Floresta-3\valid\images\IJ_08_25_17_2560_880_png_jpg.rf.23af08089c54c37d63c943caa69829cb.jpg,train,D:\Datasets\Alvaro\Floresta-3-20260714T215823Z-1-001\Floresta-3\train\images\IJ_08_25_17_2560_880_png_jpg.rf.dad0fa43fc255c2e93e856d05b2874f9.jpg,0.9720488786697388
test-train,test,D:\Datasets\Alvaro\Floresta-3-20260714T215823Z-1-001\Floresta-3\valid\images\IJ_08_25_17_2560_880_png_jpg.rf.356e8888bdae0a0b3e4a12069d72d2ca.jpg,train,D:\Datasets\Alvaro\Floresta-3-20260714T215823Z-1-001\Floresta-3\train\images\IJ_08_25_17_2560_880_png_jpg.rf.09565f791ee9ade6d9c6982cdf94cb02.jpg,0.9545508623123169
test-train,test,D:\Datasets\Alvaro\Floresta-3-20260714T215823Z-1-001\Floresta-3\valid\images\IJ_08_25_18_0_0_png_jpg.rf.1d0e6e9e3a7ad0c05126f8222364aef3.jpg,train,D:\Datasets\Alvaro\Floresta-3-20260714T215823Z-1-001\Floresta-3\train\images\IJ_08_25_19_0_0_png_jpg.rf.90abd184b4248fa7db90d132afa014cf.jpg,0.9681079387664795
test-train,test,D:\Datasets\Alvaro\Floresta-3-20260714T215823Z-1-001\Floresta-3\valid\images\IJ_08_25_18_0_0_png_jpg.rf.e56695dd9d98d8b552587626b2370ab1.jpg,train,D:\Datasets\Alvaro\Floresta-3-20260714T215823Z-1-001\Floresta-3\train\images\IJ_08_25_18_0_0_png_jpg.rf.1873948af59073630bd2fcf67c7d32b4.jpg,0.9581637382507324
test-train,test,D:\Datasets\Alvaro\Floresta-3-20260714T215823Z-1-001\Floresta-3\valid\images\IJ_08_25_18_0_0_png_jpg.rf.efef812bc77caccab61e9e1bbceca577.jpg,train,D:\Datasets\Alvaro\Floresta-3-20260714T215823Z-1-001\Floresta-3\train\images\IJ_08_25_20_0_0_png_jpg.rf.e26c944d85c7a2631b0e54fe841b20a9.jpg,0.9742093086242676
test-train,test,D:\Datasets\Alvaro\Floresta-3-20260714T215823Z-1-001\Floresta-3\valid\images\IJ_08_25_18_2560_0_png_jpg.rf.552d3634635e88adefb3b6d5f7a3c36f.jpg,train,D:\Datasets\Alvaro\Floresta-3-20260714T215823Z-1-001\Floresta-3\train\images\IJ_08_25_03_2560_0_png_jpg.rf.bad375e28203b3fde775c11707b74b91.jpg,0.9728562235832214
test-train,test,D:\Datasets\Alvaro\Floresta-3-20260714T215823Z-1-001\Floresta-3\valid\images\IJ_08_25_18_2560_880_png_jpg.rf.7239ad6f78c678e5ce973f264f27c760.jpg,train,D:\Datasets\Alvaro\Floresta-3-20260714T215823Z-1-001\Floresta-3\train\images\IJ_08_25_18_2560_880_png_jpg.rf.a1c0b024ba13e122e49b86ed1a4dbfc9.jpg,0.9415452480316162
test-train,test,D:\Datasets\Alvaro\Floresta-3-20260714T215823Z-1-001\Floresta-3\valid\images\IJ_08_25_19_0_0_png_jpg.rf.97bea0e4bd15653e4d53140b58833fbe.jpg,train,D:\Datasets\Alvaro\Floresta-3-20260714T215823Z-1-001\Floresta-3\train\images\IJ_08_25_29_0_0_png_jpg.rf.0dd9d254a68c910379d70d82548f976f.jpg,0.9715277552604675
test-train,test,D:\Datasets\Alvaro\Floresta-3-20260714T215823Z-1-001\Floresta-3\valid\images\IJ_08_25_19_2560_0_png_jpg.rf.596f3c4f2561be07dc4d3bb8dea5495c.jpg,train,D:\Datasets\Alvaro\Floresta-3-20260714T215823Z-1-001\Floresta-3\train\images\IJ_08_25_05_2560_0_png_jpg.rf.7f4eafb2c1f11e3b56fe516929bf30a9.jpg,0.9680353403091431
test-train,test,D:\Datasets\Alvaro\Floresta-3-20260714T215823Z-1-001\Floresta-3\valid\images\IJ_08_25_19_2560_0_png_jpg.rf.6bcf49045aa15683d9bec1b3ad8b7493.jpg,train,D:\Datasets\Alvaro\Floresta-3-20260714T215823Z-1-001\Floresta-3\train\images\IJ_08_25_19_2560_0_png_jpg.rf.86bcba4edd5d46325061b2d7e95fe0f1.jpg,0.9865208864212036
test-train,test,D:\Datasets\Alvaro\Floresta-3-20260714T215823Z-1-001\Floresta-3\valid\images\IJ_08_25_19_2560_0_png_jpg.rf.c124534f81a8bd6d515b9cb410007f42.jpg,train,D:\Datasets\Alvaro\Floresta-3-20260714T215823Z-1-001\Floresta-3\train\images\IJ_08_25_25_2560_0_png_jpg.rf.ca0c2547bb33631e9065b78e19573ae8.jpg,0.9626970291137695
test-train,test,D:\Datasets\Alvaro\Floresta-3-20260714T215823Z-1-001\Floresta-3\valid\images\IJ_08_25_19_2560_0_png_jpg.rf.ccd599d5853672a68af79321ecff9e51.jpg,train,D:\Datasets\Alvaro\Floresta-3-20260714T215823Z-1-001\Floresta-3\train\images\IJ_08_25_19_2560_0_png_jpg.rf.2b2ec88a48183475427e1300f706ac4a.jpg,0.9713901877403259
test-train,test,D:\Datasets\Alvaro\Floresta-3-20260714T215823Z-1-001\Floresta-3\valid\images\IJ_08_25_19_2560_880_png_jpg.rf.5ec11178c2dff9f756b8789157f10d22.jpg,train,D:\Datasets\Alvaro\Floresta-3-20260714T215823Z-1-001\Floresta-3\train\images\IJ_08_25_19_2560_880_png_jpg.rf.e99fed6f201bad8282b4bd689b8789a1.jpg,0.9395729303359985
test-train,test,D:\Datasets\Alvaro\Floresta-3-20260714T215823Z-1-001\Floresta-3\valid\images\IJ_08_25_19_2560_880_png_jpg.rf.7cc763b31fff1abd649d9e7840c08f39.jpg,train,D:\Datasets\Alvaro\Floresta-3-20260714T215823Z-1-001\Floresta-3\train\images\IJ_08_25_19_2560_880_png_jpg.rf.bdab82ec122f5189a41cf304a17c84a2.jpg,0.9660866856575012
test-train,test,D:\Datasets\Alvaro\Floresta-3-20260714T215823Z-1-001\Floresta-3\valid\images\IJ_08_25_19_2560_880_png_jpg.rf.8e2a16e8b5a928dcef4f58bb9f0cb182.jpg,train,D:\Datasets\Alvaro\Floresta-3-20260714T215823Z-1-001\Floresta-3\train\images\IJ_08_25_19_2560_880_png_jpg.rf.e99fed6f201bad8282b4bd689b8789a1.jpg,0.9603023529052734
test-train,test,D:\Datasets\Alvaro\Floresta-3-20260714T215823Z-1-001\Floresta-3\valid\images\IJ_08_25_19_2560_880_png_jpg.rf.9a410870d2de8c762a4aaf5bf19a5bd4.jpg,train,D:\Datasets\Alvaro\Floresta-3-20260714T215823Z-1-001\Floresta-3\train\images\IJ_08_25_19_2560_880_png_jpg.rf.bdab82ec122f5189a41cf304a17c84a2.jpg,0.9609695672988892
test-train,test,D:\Datasets\Alvaro\Floresta-3-20260714T215823Z-1-001\Floresta-3\valid\images\IJ_08_25_19_2560_880_png_jpg.rf.dd34af87cc1722b0b8bef91c15cc9b0b.jpg,train,D:\Datasets\Alvaro\Floresta-3-20260714T215823Z-1-001\Floresta-3\train\images\IJ_08_25_19_2560_880_png_jpg.rf.63c0787f7e15df220d93bea49590669f.jpg,0.9532406330108643
test-train,test,D:\Datasets\Alvaro\Floresta-3-20260714T215823Z-1-001\Floresta-3\valid\images\IJ_08_25_20_0_0_png_jpg.rf.98ddfea3986fc897f09b0d90ee452239.jpg,train,D:\Datasets\Alvaro\Floresta-3-20260714T215823Z-1-001\Floresta-3\train\images\IJ_08_25_20_0_0_png_jpg.rf.9cf105c5cf27d3b0547d912a0893aea4.jpg,0.9712241291999817
test-train,test,D:\Datasets\Alvaro\Floresta-3-20260714T215823Z-1-001\Floresta-3\valid\images\IJ_08_25_20_0_0_png_jpg.rf.b00520d65328f7ff1b22f88152890e24.jpg,train,D:\Datasets\Alvaro\Floresta-3-20260714T215823Z-1-001\Floresta-3\train\images\IJ_08_25_20_0_0_png_jpg.rf.a5ebd67fb5270f5abd66558b8edc6e71.jpg,0.9718226194381714
test-train,test,D:\Datasets\Alvaro\Floresta-3-20260714T215823Z-1-001\Floresta-3\valid\images\IJ_08_25_20_0_0_png_jpg.rf.eb5b2cf2f84852e600a9148bab47d9d7.jpg,train,D:\Datasets\Alvaro\Floresta-3-20260714T215823Z-1-001\Floresta-3\train\images\IJ_08_25_20_0_0_png_jpg.rf.fbeb747713dd572a14daea8cfef02bc1.jpg,0.9570996761322021
test-train,test,D:\Datasets\Alvaro\Floresta-3-20260714T215823Z-1-001\Floresta-3\valid\images\IJ_08_25_20_0_0_png_jpg.rf.ed3eeae762eb8dc1b090e3c8f677c09f.jpg,train,D:\Datasets\Alvaro\Floresta-3-20260714T215823Z-1-001\Floresta-3\train\images\IJ_08_25_24_0_0_png_jpg.rf.7f3e350c6369e1d5d8a64b8ae33780bf.jpg,0.9502531290054321
test-train,test,D:\Datasets\Alvaro\Floresta-3-20260714T215823Z-1-001\Floresta-3\valid\images\IJ_08_25_20_0_0_png_jpg.rf.f0614a1b1c6e68d2115611eab11a1445.jpg,train,D:\Datasets\Alvaro\Floresta-3-20260714T215823Z-1-001\Floresta-3\train\images\IJ_08_25_20_0_0_png_jpg.rf.9cf105c5cf27d3b0547d912a0893aea4.jpg,0.9672260284423828
test-train,test,D:\Datasets\Alvaro\Floresta-3-20260714T215823Z-1-001\Floresta-3\valid\images\IJ_08_25_20_2560_0_png_jpg.rf.5e4d80bde523a327e8aaa05ee6d21734.jpg,train,D:\Datasets\Alvaro\Floresta-3-20260714T215823Z-1-001\Floresta-3\train\images\IJ_08_25_27_2560_0_png_jpg.rf.8731ac8a3c06b5f9f59ba5d59b0ce86c.jpg,0.9691752195358276
test-train,test,D:\Datasets\Alvaro\Floresta-3-20260714T215823Z-1-001\Floresta-3\valid\images\IJ_08_25_20_2560_0_png_jpg.rf.9c5138ff7cc44748efaa6a9c865378d4.jpg,train,D:\Datasets\Alvaro\Floresta-3-20260714T215823Z-1-001\Floresta-3\train\images\IJ_08_25_26_2560_0_png_jpg.rf.3c4613c22cac8a73f65e01ab11b36679.jpg,0.9699074029922485
test-train,test,D:\Datasets\Alvaro\Floresta-3-20260714T215823Z-1-001\Floresta-3\valid\images\IJ_08_25_20_2560_0_png_jpg.rf.b74c65ac0ce479c973d2b2cfb0ed7554.jpg,train,D:\Datasets\Alvaro\Floresta-3-20260714T215823Z-1-001\Floresta-3\train\images\IJ_08_25_27_2560_0_png_jpg.rf.d3f08299520551845d622bdf35416554.jpg,0.9744606018066406
test-train,test,D:\Datasets\Alvaro\Floresta-3-20260714T215823Z-1-001\Floresta-3\valid\images\IJ_08_25_20_2560_880_png_jpg.rf.297f1db3a9d87591e2dda4fde3da2841.jpg,train,D:\Datasets\Alvaro\Floresta-3-20260714T215823Z-1-001\Floresta-3\train\images\IJ_08_25_19_2560_880_png_jpg.rf.d2368c3233d0be5e37967d47509c9911.jpg,0.9828687906265259
test-train,test,D:\Datasets\Alvaro\Floresta-3-20260714T215823Z-1-001\Floresta-3\valid\images\IJ_08_25_20_2560_880_png_jpg.rf.93077a98bd91b99323e8ed704e3c22ea.jpg,train,D:\Datasets\Alvaro\Floresta-3-20260714T215823Z-1-001\Floresta-3\train\images\IJ_08_25_20_2560_880_png_jpg.rf.a6802589276911c0851da2254590f6b1.jpg,0.9719518423080444
test-train,test,D:\Datasets\Alvaro\Floresta-3-20260714T215823Z-1-001\Floresta-3\valid\images\IJ_08_25_20_2560_880_png_jpg.rf.d0041703b3b0e1c338edcaeea2d49c60.jpg,train,D:\Datasets\Alvaro\Floresta-3-20260714T215823Z-1-001\Floresta-3\train\images\IJ_08_25_20_2560_880_png_jpg.rf.6db3065ec37e7a8ed50a86f9cd264885.jpg,0.9440298080444336
test-train,test,D:\Datasets\Alvaro\Floresta-3-20260714T215823Z-1-001\Floresta-3\valid\images\IJ_08_25_20_2560_880_png_jpg.rf.ea9a28331cb61c25365bb4e8f63609b4.jpg,train,D:\Datasets\Alvaro\Floresta-3-20260714T215823Z-1-001\Floresta-3\train\images\IJ_08_25_20_2560_880_png_jpg.rf.a6802589276911c0851da2254590f6b1.jpg,0.9281331300735474
test-train,test,D:\Datasets\Alvaro\Floresta-3-20260714T215823Z-1-001\Floresta-3\valid\images\IJ_08_25_21_0_0_png_jpg.rf.5e777fcd92b248c6fc079a18ccaf2397.jpg,train,D:\Datasets\Alvaro\Floresta-3-20260714T215823Z-1-001\Floresta-3\train\images\IJ_08_25_20_0_0_png_jpg.rf.e26c944d85c7a2631b0e54fe841b20a9.jpg,0.956953763961792
test-train,test,D:\Datasets\Alvaro\Floresta-3-20260714T215823Z-1-001\Floresta-3\valid\images\IJ_08_25_21_0_0_png_jpg.rf.6f4f7ffaca9de7f72ca7cd001a313c7d.jpg,train,D:\Datasets\Alvaro\Floresta-3-20260714T215823Z-1-001\Floresta-3\train\images\IJ_08_25_29_0_0_png_jpg.rf.0dd9d254a68c910379d70d82548f976f.jpg,0.9660925269126892
test-train,test,D:\Datasets\Alvaro\Floresta-3-20260714T215823Z-1-001\Floresta-3\valid\images\IJ_08_25_21_2560_0_png_jpg.rf.ffea363b63767e66e2956b7ae2238524.jpg,train,D:\Datasets\Alvaro\Floresta-3-20260714T215823Z-1-001\Floresta-3\train\images\IJ_08_25_20_2560_0_png_jpg.rf.18482e51cc065ef40f70d11fb56825d6.jpg,0.9874643087387085
test-train,test,D:\Datasets\Alvaro\Floresta-3-20260714T215823Z-1-001\Floresta-3\valid\images\IJ_08_25_21_2560_880_png_jpg.rf.435a1c17dd75d6405e584feff5b0945d.jpg,train,D:\Datasets\Alvaro\Floresta-3-20260714T215823Z-1-001\Floresta-3\train\images\IJ_08_25_22_2560_880_png_jpg.rf.efbea3944dc756f16763cf63af84c1ed.jpg,0.9676547050476074
test-train,test,D:\Datasets\Alvaro\Floresta-3-20260714T215823Z-1-001\Floresta-3\valid\images\IJ_08_25_21_2560_880_png_jpg.rf.5df1a9d3f30d6da29ae99d052183b774.jpg,train,D:\Datasets\Alvaro\Floresta-3-20260714T215823Z-1-001\Floresta-3\train\images\IJ_08_25_22_2560_880_png_jpg.rf.126793e1366cd23424dec48bbbdbd8cf.jpg,0.9834716320037842
test-train,test,D:\Datasets\Alvaro\Floresta-3-20260714T215823Z-1-001\Floresta-3\valid\images\IJ_08_25_22_0_0_png_jpg.rf.7421f54971399c0e1fe2d27cf60f9f5d.jpg,train,D:\Datasets\Alvaro\Floresta-3-20260714T215823Z-1-001\Floresta-3\train\images\IJ_08_25_30_0_0_png_jpg.rf.80b31cd5205a5572c0b837d80fc111fe.jpg,0.9713184237480164
test-train,test,D:\Datasets\Alvaro\Floresta-3-20260714T215823Z-1-001\Floresta-3\valid\images\IJ_08_25_22_0_0_png_jpg.rf.bd9095901635836c26e3452453fbde45.jpg,train,D:\Datasets\Alvaro\Floresta-3-20260714T215823Z-1-001\Floresta-3\train\images\IJ_08_25_30_0_0_png_jpg.rf.80b31cd5205a5572c0b837d80fc111fe.jpg,0.9739506840705872
test-train,test,D:\Datasets\Alvaro\Floresta-3-20260714T215823Z-1-001\Floresta-3\valid\images\IJ_08_25_22_0_0_png_jpg.rf.d9471994d0a94aff894e4a78ef84f0d9.jpg,train,D:\Datasets\Alvaro\Floresta-3-20260714T215823Z-1-001\Floresta-3\train\images\IJ_08_25_24_0_0_png_jpg.rf.d7ee8aecbdedb41a7d9b01b25af414ed.jpg,0.9772555828094482
test-train,test,D:\Datasets\Alvaro\Floresta-3-20260714T215823Z-1-001\Floresta-3\valid\images\IJ_08_25_22_2560_0_png_jpg.rf.38e695a3e3996a03ebe4a704e6ce0f0f.jpg,train,D:\Datasets\Alvaro\Floresta-3-20260714T215823Z-1-001\Floresta-3\train\images\IJ_08_25_27_2560_0_png_jpg.rf.8731ac8a3c06b5f9f59ba5d59b0ce86c.jpg,0.9611495733261108
test-train,test,D:\Datasets\Alvaro\Floresta-3-20260714T215823Z-1-001\Floresta-3\valid\images\IJ_08_25_22_2560_880_png_jpg.rf.596b92475f5c476a8a2fbea9ac6cf557.jpg,train,D:\Datasets\Alvaro\Floresta-3-20260714T215823Z-1-001\Floresta-3\train\images\IJ_08_25_24_2560_880_png_jpg.rf.a70ecf9dc847c35d1bf2796a5a04f518.jpg,0.9589089155197144
test-train,test,D:\Datasets\Alvaro\Floresta-3-20260714T215823Z-1-001\Floresta-3\valid\images\IJ_08_25_22_2560_880_png_jpg.rf.d2d35e5b2f1304c1d5ce2be7f67d7fce.jpg,train,D:\Datasets\Alvaro\Floresta-3-20260714T215823Z-1-001\Floresta-3\train\images\IJ_08_25_19_2560_880_png_jpg.rf.8bc52e4f8ea63845c4a22f1c2cf79636.jpg,0.960716724395752
test-train,test,D:\Datasets\Alvaro\Floresta-3-20260714T215823Z-1-001\Floresta-3\valid\images\IJ_08_25_23_0_0_png_jpg.rf.1a460754c73736639c7d4d1acdd95487.jpg,train,D:\Datasets\Alvaro\Floresta-3-20260714T215823Z-1-001\Floresta-3\train\images\IJ_08_25_30_0_0_png_jpg.rf.f07e2860d1842d5eb1bce917abd11d76.jpg,0.973639965057373
test-train,test,D:\Datasets\Alvaro\Floresta-3-20260714T215823Z-1-001\Floresta-3\valid\images\IJ_08_25_23_0_0_png_jpg.rf.278974f7fe8f81a773e159242d7649af.jpg,train,D:\Datasets\Alvaro\Floresta-3-20260714T215823Z-1-001\Floresta-3\train\images\IJ_08_25_27_0_0_png_jpg.rf.2ca8da408519beeef8b3252e75747e91.jpg,0.9614615440368652
test-train,test,D:\Datasets\Alvaro\Floresta-3-20260714T215823Z-1-001\Floresta-3\valid\images\IJ_08_25_23_0_0_png_jpg.rf.53892f30ca71bc089173b36618d54756.jpg,train,D:\Datasets\Alvaro\Floresta-3-20260714T215823Z-1-001\Floresta-3\train\images\IJ_08_25_24_0_0_png_jpg.rf.d7ee8aecbdedb41a7d9b01b25af414ed.jpg,0.984376072883606
test-train,test,D:\Datasets\Alvaro\Floresta-3-20260714T215823Z-1-001\Floresta-3\valid\images\IJ_08_25_23_0_0_png_jpg.rf.592583dc3cf55b8a4e858695e93ab0ff.jpg,train,D:\Datasets\Alvaro\Floresta-3-20260714T215823Z-1-001\Floresta-3\train\images\IJ_08_25_20_0_0_png_jpg.rf.e26c944d85c7a2631b0e54fe841b20a9.jpg,0.9711747169494629
test-train,test,D:\Datasets\Alvaro\Floresta-3-20260714T215823Z-1-001\Floresta-3\valid\images\IJ_08_25_23_0_0_png_jpg.rf.a6a1d53df5fba5b509c050867976deb7.jpg,train,D:\Datasets\Alvaro\Floresta-3-20260714T215823Z-1-001\Floresta-3\train\images\IJ_08_25_27_0_0_png_jpg.rf.072e8d87efbb45ecf58b14eb396946e8.jpg,0.9718135595321655
test-train,test,D:\Datasets\Alvaro\Floresta-3-20260714T215823Z-1-001\Floresta-3\valid\images\IJ_08_25_23_0_0_png_jpg.rf.b699ff3181e5a236740ac25c1bb25cce.jpg,train,D:\Datasets\Alvaro\Floresta-3-20260714T215823Z-1-001\Floresta-3\train\images\IJ_08_25_23_0_0_png_jpg.rf.7eb77493055cf8e1f0b529062d5a6f3e.jpg,0.9543918371200562
test-train,test,D:\Datasets\Alvaro\Floresta-3-20260714T215823Z-1-001\Floresta-3\valid\images\IJ_08_25_23_2560_0_png_jpg.rf.49a35a6511d5c2037f7cc1e3b2ab56d7.jpg,train,D:\Datasets\Alvaro\Floresta-3-20260714T215823Z-1-001\Floresta-3\train\images\IJ_08_25_23_2560_0_png_jpg.rf.81af7854f38bfb30041822a8cdea2b85.jpg,0.9739847183227539
test-train,test,D:\Datasets\Alvaro\Floresta-3-20260714T215823Z-1-001\Floresta-3\valid\images\IJ_08_25_23_2560_0_png_jpg.rf.a2cabc0a1e3c9c6854d3d37d1acb95e2.jpg,train,D:\Datasets\Alvaro\Floresta-3-20260714T215823Z-1-001\Floresta-3\train\images\IJ_08_25_23_2560_0_png_jpg.rf.81af7854f38bfb30041822a8cdea2b85.jpg,0.9655280113220215
test-train,test,D:\Datasets\Alvaro\Floresta-3-20260714T215823Z-1-001\Floresta-3\valid\images\IJ_08_25_23_2560_880_png_jpg.rf.003b540b4ff368d6fdabe775d5089fe5.jpg,train,D:\Datasets\Alvaro\Floresta-3-20260714T215823Z-1-001\Floresta-3\train\images\IJ_08_25_23_2560_880_png_jpg.rf.58ac575e7a16de82571cd95bada8a494.jpg,0.9278548955917358
test-train,test,D:\Datasets\Alvaro\Floresta-3-20260714T215823Z-1-001\Floresta-3\valid\images\IJ_08_25_23_2560_880_png_jpg.rf.1d01743482f28e49dd2765276debb6a9.jpg,train,D:\Datasets\Alvaro\Floresta-3-20260714T215823Z-1-001\Floresta-3\train\images\IJ_08_25_23_2560_880_png_jpg.rf.97434941da543046e174a517f2a7f4a9.jpg,0.9510364532470703
test-train,test,D:\Datasets\Alvaro\Floresta-3-20260714T215823Z-1-001\Floresta-3\valid\images\IJ_08_25_23_2560_880_png_jpg.rf.5264c872e0c2f05f786a633c122f640f.jpg,train,D:\Datasets\Alvaro\Floresta-3-20260714T215823Z-1-001\Floresta-3\train\images\IJ_08_25_22_2560_880_png_jpg.rf.126793e1366cd23424dec48bbbdbd8cf.jpg,0.9818320274353027
test-train,test,D:\Datasets\Alvaro\Floresta-3-20260714T215823Z-1-001\Floresta-3\valid\images\IJ_08_25_23_2560_880_png_jpg.rf.55bc1e32b39ad7d5c75361a0f08394af.jpg,train,D:\Datasets\Alvaro\Floresta-3-20260714T215823Z-1-001\Floresta-3\train\images\IJ_08_25_19_2560_880_png_jpg.rf.f1a7ec3d0651b485696c05ed33e49672.jpg,0.9619882106781006
test-train,test,D:\Datasets\Alvaro\Floresta-3-20260714T215823Z-1-001\Floresta-3\valid\images\IJ_08_25_23_2560_880_png_jpg.rf.dce2768440cfc2a6cd6da0d414c1b55d.jpg,train,D:\Datasets\Alvaro\Floresta-3-20260714T215823Z-1-001\Floresta-3\train\images\IJ_08_25_34_2560_880_png_jpg.rf.e9d0c1ab74233bf89e41507d62e03084.jpg,0.9526062607765198
test-train,test,D:\Datasets\Alvaro\Floresta-3-20260714T215823Z-1-001\Floresta-3\valid\images\IJ_08_25_24_0_0_png_jpg.rf.1d804cafa370986382602a4551188e61.jpg,train,D:\Datasets\Alvaro\Floresta-3-20260714T215823Z-1-001\Floresta-3\train\images\IJ_08_25_24_0_0_png_jpg.rf.24c463af3455bc7fddc1805793aa9db4.jpg,0.9522867202758789
test-train,test,D:\Datasets\Alvaro\Floresta-3-20260714T215823Z-1-001\Floresta-3\valid\images\IJ_08_25_24_0_0_png_jpg.rf.4063a46913b8294a294b10f25f47771b.jpg,train,D:\Datasets\Alvaro\Floresta-3-20260714T215823Z-1-001\Floresta-3\train\images\IJ_08_25_24_0_0_png_jpg.rf.24c463af3455bc7fddc1805793aa9db4.jpg,0.9540294408798218
test-train,test,D:\Datasets\Alvaro\Floresta-3-20260714T215823Z-1-001\Floresta-3\valid\images\IJ_08_25_24_0_0_png_jpg.rf.6dab2e15a2afd836b06d6329887a5c8d.jpg,train,D:\Datasets\Alvaro\Floresta-3-20260714T215823Z-1-001\Floresta-3\train\images\IJ_08_25_24_0_0_png_jpg.rf.c7420729c6f0846d1550767c80c6eb18.jpg,0.9575084447860718
test-train,test,D:\Datasets\Alvaro\Floresta-3-20260714T215823Z-1-001\Floresta-3\valid\images\IJ_08_25_24_0_0_png_jpg.rf.7822321e1fb4ba025fcdecfb7422d3b1.jpg,train,D:\Datasets\Alvaro\Floresta-3-20260714T215823Z-1-001\Floresta-3\train\images\IJ_08_25_29_0_0_png_jpg.rf.90e0f6351ff797155fe051ea74ccf244.jpg,0.9708606004714966
test-train,test,D:\Datasets\Alvaro\Floresta-3-20260714T215823Z-1-001\Floresta-3\valid\images\IJ_08_25_24_0_0_png_jpg.rf.c588b8e0be848837ebffc73a9bf997cd.jpg,train,D:\Datasets\Alvaro\Floresta-3-20260714T215823Z-1-001\Floresta-3\train\images\IJ_08_25_24_0_0_png_jpg.rf.24c463af3455bc7fddc1805793aa9db4.jpg,0.9629653692245483
test-train,test,D:\Datasets\Alvaro\Floresta-3-20260714T215823Z-1-001\Floresta-3\valid\images\IJ_08_25_24_0_0_png_jpg.rf.e7e636b61553c082073954361d7fe39f.jpg,train,D:\Datasets\Alvaro\Floresta-3-20260714T215823Z-1-001\Floresta-3\train\images\IJ_08_25_24_0_0_png_jpg.rf.439f9fa57fb95c63a53e29f54d55ac9c.jpg,0.9651134014129639
test-train,test,D:\Datasets\Alvaro\Floresta-3-20260714T215823Z-1-001\Floresta-3\valid\images\IJ_08_25_24_2560_0_png_jpg.rf.14f739d3fbcb75d12c9e71b71243ef16.jpg,train,D:\Datasets\Alvaro\Floresta-3-20260714T215823Z-1-001\Floresta-3\train\images\IJ_08_25_24_2560_0_png_jpg.rf.b04031beaf9d66eff4b1b7199e6fccc7.jpg,0.9520465731620789
test-train,test,D:\Datasets\Alvaro\Floresta-3-20260714T215823Z-1-001\Floresta-3\valid\images\IJ_08_25_24_2560_0_png_jpg.rf.f180dc961f36d60880200aeb901e1fe0.jpg,train,D:\Datasets\Alvaro\Floresta-3-20260714T215823Z-1-001\Floresta-3\train\images\IJ_08_25_29_2560_0_png_jpg.rf.86dcc439394ace84dd909fff6577b462.jpg,0.9745646715164185
test-train,test,D:\Datasets\Alvaro\Floresta-3-20260714T215823Z-1-001\Floresta-3\valid\images\IJ_08_25_24_2560_0_png_jpg.rf.ff93e1abbdbb8b73144a1b2dfb5dae3b.jpg,train,D:\Datasets\Alvaro\Floresta-3-20260714T215823Z-1-001\Floresta-3\train\images\IJ_08_25_24_2560_0_png_jpg.rf.01f36c2c56c2039bfa69b38daf1a1880.jpg,0.9688453674316406
test-train,test,D:\Datasets\Alvaro\Floresta-3-20260714T215823Z-1-001\Floresta-3\valid\images\IJ_08_25_24_2560_880_png_jpg.rf.8ce305cb37beaed90d06acaa270125f1.jpg,train,D:\Datasets\Alvaro\Floresta-3-20260714T215823Z-1-001\Floresta-3\train\images\IJ_08_25_24_2560_880_png_jpg.rf.c9dc252cdb2d4beb0b90b3dcb042d9d1.jpg,0.9607723951339722
test-train,test,D:\Datasets\Alvaro\Floresta-3-20260714T215823Z-1-001\Floresta-3\valid\images\IJ_08_25_24_2560_880_png_jpg.rf.9c7d767bdb5bff00270a8243393f3f0c.jpg,train,D:\Datasets\Alvaro\Floresta-3-20260714T215823Z-1-001\Floresta-3\train\images\IJ_08_25_26_2560_880_png_jpg.rf.af5bb59a26aa042a2e7ea370c167ee80.jpg,0.9397369623184204
test-train,test,D:\Datasets\Alvaro\Floresta-3-20260714T215823Z-1-001\Floresta-3\valid\images\IJ_08_25_24_2560_880_png_jpg.rf.a009ea34e5677e8d416784fd3824fc3f.jpg,train,D:\Datasets\Alvaro\Floresta-3-20260714T215823Z-1-001\Floresta-3\train\images\IJ_08_25_20_2560_880_png_jpg.rf.21c388dbbb14418229d0a24a326c9076.jpg,0.9312508702278137
test-train,test,D:\Datasets\Alvaro\Floresta-3-20260714T215823Z-1-001\Floresta-3\valid\images\IJ_08_25_24_2560_880_png_jpg.rf.a37f6a54908ac03d1d417b3f4b5f43c7.jpg,train,D:\Datasets\Alvaro\Floresta-3-20260714T215823Z-1-001\Floresta-3\train\images\IJ_08_25_24_2560_880_png_jpg.rf.c9dc252cdb2d4beb0b90b3dcb042d9d1.jpg,0.9651509523391724
test-train,test,D:\Datasets\Alvaro\Floresta-3-20260714T215823Z-1-001\Floresta-3\valid\images\IJ_08_25_24_2560_880_png_jpg.rf.c171003afb2d521b49c26d550b9a041f.jpg,train,D:\Datasets\Alvaro\Floresta-3-20260714T215823Z-1-001\Floresta-3\train\images\IJ_08_25_24_2560_880_png_jpg.rf.69b628bac6e02b2f75aabbdd1caab937.jpg,0.9392319917678833
test-train,test,D:\Datasets\Alvaro\Floresta-3-20260714T215823Z-1-001\Floresta-3\valid\images\IJ_08_25_25_2560_0_png_jpg.rf.1cfb1c74a10fdbc1ec8bbca013f43bf5.jpg,train,D:\Datasets\Alvaro\Floresta-3-20260714T215823Z-1-001\Floresta-3\train\images\IJ_08_25_24_2560_0_png_jpg.rf.27c7850ea55f60488c32e3e9c6f29485.jpg,0.9837666749954224
test-train,test,D:\Datasets\Alvaro\Floresta-3-20260714T215823Z-1-001\Floresta-3\valid\images\IJ_08_25_25_2560_0_png_jpg.rf.37dc2740e9426c5b89f51af1ff179a46.jpg,train,D:\Datasets\Alvaro\Floresta-3-20260714T215823Z-1-001\Floresta-3\train\images\IJ_08_25_25_2560_0_png_jpg.rf.6fcebb4fc2e5347343ddddd0a0c658c3.jpg,0.9508813619613647
test-train,test,D:\Datasets\Alvaro\Floresta-3-20260714T215823Z-1-001\Floresta-3\valid\images\IJ_08_25_25_2560_880_png_jpg.rf.8e84aba3638a4ce2381706e3e8887fd2.jpg,train,D:\Datasets\Alvaro\Floresta-3-20260714T215823Z-1-001\Floresta-3\train\images\IJ_08_25_25_2560_880_png_jpg.rf.759dd8e77077d6d02ae7e77c4ff9cbe9.jpg,0.9592757821083069
test-train,test,D:\Datasets\Alvaro\Floresta-3-20260714T215823Z-1-001\Floresta-3\valid\images\IJ_08_25_25_2560_880_png_jpg.rf.dd157d8b21f865aa53672a5972014ed0.jpg,train,D:\Datasets\Alvaro\Floresta-3-20260714T215823Z-1-001\Floresta-3\train\images\IJ_08_25_25_2560_880_png_jpg.rf.eda725050b2f8c5a315fb68f0b88f892.jpg,0.9651224613189697
test-train,test,D:\Datasets\Alvaro\Floresta-3-20260714T215823Z-1-001\Floresta-3\valid\images\IJ_08_25_25_2560_880_png_jpg.rf.e872562dca73478bced1da07faaf8045.jpg,train,D:\Datasets\Alvaro\Floresta-3-20260714T215823Z-1-001\Floresta-3\train\images\IJ_08_25_25_2560_880_png_jpg.rf.e73727078f2cb917e810c274c6089833.jpg,0.9517776966094971
test-train,test,D:\Datasets\Alvaro\Floresta-3-20260714T215823Z-1-001\Floresta-3\valid\images\IJ_08_25_25_2560_880_png_jpg.rf.e8820e3eeac9a52de171871e2c562af4.jpg,train,D:\Datasets\Alvaro\Floresta-3-20260714T215823Z-1-001\Floresta-3\train\images\IJ_08_25_32_2560_880_png_jpg.rf.9577f87490a5e7d7c94fdef50bf8947e.jpg,0.9808534383773804
test-train,test,D:\Datasets\Alvaro\Floresta-3-20260714T215823Z-1-001\Floresta-3\valid\images\IJ_08_25_26_0_0_png_jpg.rf.3f02a2d0310151879c27002317ed247c.jpg,train,D:\Datasets\Alvaro\Floresta-3-20260714T215823Z-1-001\Floresta-3\train\images\IJ_08_25_31_0_0_png_jpg.rf.ebad4f3d3f6f6449d22baef661f883d7.jpg,0.955312967300415
test-train,test,D:\Datasets\Alvaro\Floresta-3-20260714T215823Z-1-001\Floresta-3\valid\images\IJ_08_25_26_0_0_png_jpg.rf.ba74569f7df644b33263055f0d4c1645.jpg,train,D:\Datasets\Alvaro\Floresta-3-20260714T215823Z-1-001\Floresta-3\train\images\IJ_08_25_20_0_0_png_jpg.rf.e26c944d85c7a2631b0e54fe841b20a9.jpg,0.9527448415756226
test-train,test,D:\Datasets\Alvaro\Floresta-3-20260714T215823Z-1-001\Floresta-3\valid\images\IJ_08_25_26_0_0_png_jpg.rf.d29509f7347d5839a46f024e6454dc7a.jpg,train,D:\Datasets\Alvaro\Floresta-3-20260714T215823Z-1-001\Floresta-3\train\images\IJ_08_25_27_0_0_png_jpg.rf.13ed5d16377289bb04b63dab74da35ad.jpg,0.9875369071960449
test-train,test,D:\Datasets\Alvaro\Floresta-3-20260714T215823Z-1-001\Floresta-3\valid\images\IJ_08_25_26_2560_0_png_jpg.rf.1bb092f4f65a8dbe68641fe3c4482b88.jpg,train,D:\Datasets\Alvaro\Floresta-3-20260714T215823Z-1-001\Floresta-3\train\images\IJ_08_25_41_2560_0_png_jpg.rf.50614f79b2643b34effcb7b3b95affd6.jpg,0.9662637710571289
test-train,test,D:\Datasets\Alvaro\Floresta-3-20260714T215823Z-1-001\Floresta-3\valid\images\IJ_08_25_26_2560_0_png_jpg.rf.2c12fa010bef01a75124cf1b0b36f001.jpg,train,D:\Datasets\Alvaro\Floresta-3-20260714T215823Z-1-001\Floresta-3\train\images\IJ_08_25_26_2560_0_png_jpg.rf.fcd30bb8b5832b07c547f12d9206c544.jpg,0.9664180278778076
test-train,test,D:\Datasets\Alvaro\Floresta-3-20260714T215823Z-1-001\Floresta-3\valid\images\IJ_08_25_26_2560_0_png_jpg.rf.3403b863873aee4ae6aed4f2b9e06f1b.jpg,train,D:\Datasets\Alvaro\Floresta-3-20260714T215823Z-1-001\Floresta-3\train\images\IJ_08_25_29_2560_0_png_jpg.rf.b162f788696568ee2cbfbcdaf941098c.jpg,0.9750066995620728
test-train,test,D:\Datasets\Alvaro\Floresta-3-20260714T215823Z-1-001\Floresta-3\valid\images\IJ_08_25_26_2560_0_png_jpg.rf.471d0daa224f56c6f7f94a48ed2d22e0.jpg,train,D:\Datasets\Alvaro\Floresta-3-20260714T215823Z-1-001\Floresta-3\train\images\IJ_08_25_25_2560_0_png_jpg.rf.c500452c37cd23c4fd955a016021e6fc.jpg,0.976455569267273
test-train,test,D:\Datasets\Alvaro\Floresta-3-20260714T215823Z-1-001\Floresta-3\valid\images\IJ_08_25_26_2560_0_png_jpg.rf.7c75aaa86bcff28aad03c9b294989b72.jpg,train,D:\Datasets\Alvaro\Floresta-3-20260714T215823Z-1-001\Floresta-3\train\images\IJ_08_25_24_2560_0_png_jpg.rf.e89c8cf50299eaeeaf6290461ca17160.jpg,0.9529645442962646
test-train,test,D:\Datasets\Alvaro\Floresta-3-20260714T215823Z-1-001\Floresta-3\valid\images\IJ_08_25_26_2560_0_png_jpg.rf.826878223b135afde7eb24a058400f83.jpg,train,D:\Datasets\Alvaro\Floresta-3-20260714T215823Z-1-001\Floresta-3\train\images\IJ_08_25_32_2560_0_png_jpg.rf.8ca95cb122815146afb5cad49e6ef3a0.jpg,0.9732577800750732
test-train,test,D:\Datasets\Alvaro\Floresta-3-20260714T215823Z-1-001\Floresta-3\valid\images\IJ_08_25_26_2560_0_png_jpg.rf.a1af5be4e0e70b973e4ea37871593348.jpg,train,D:\Datasets\Alvaro\Floresta-3-20260714T215823Z-1-001\Floresta-3\train\images\IJ_08_25_20_2560_0_png_jpg.rf.7c5b5b12f1fb2c18658eb2ccc5791c3f.jpg,0.9761994481086731
test-train,test,D:\Datasets\Alvaro\Floresta-3-20260714T215823Z-1-001\Floresta-3\valid\images\IJ_08_25_26_2560_0_png_jpg.rf.b998a0eadcb6b06ea4fbde2478a4d2af.jpg,train,D:\Datasets\Alvaro\Floresta-3-20260714T215823Z-1-001\Floresta-3\train\images\IJ_08_25_26_2560_0_png_jpg.rf.fcd30bb8b5832b07c547f12d9206c544.jpg,0.9563866853713989
test-train,test,D:\Datasets\Alvaro\Floresta-3-20260714T215823Z-1-001\Floresta-3\valid\images\IJ_08_25_27_0_0_png_jpg.rf.1bc6d9d840247a0062826d27afb9b5f0.jpg,train,D:\Datasets\Alvaro\Floresta-3-20260714T215823Z-1-001\Floresta-3\train\images\IJ_08_25_29_0_0_png_jpg.rf.d58ffaeacb6cf4c3428bda302110d9ac.jpg,0.9754689931869507
test-train,test,D:\Datasets\Alvaro\Floresta-3-20260714T215823Z-1-001\Floresta-3\valid\images\IJ_08_25_27_2560_0_png_jpg.rf.33350cefc2203856896de6c21776e110.jpg,train,D:\Datasets\Alvaro\Floresta-3-20260714T215823Z-1-001\Floresta-3\train\images\IJ_08_25_30_2560_0_png_jpg.rf.2d6853ecf3cf029ba5d7a1846cff4da3.jpg,0.9728938937187195
test-train,test,D:\Datasets\Alvaro\Floresta-3-20260714T215823Z-1-001\Floresta-3\valid\images\IJ_08_25_27_2560_0_png_jpg.rf.36666a1553fcb6c79e1a94e37a7847bb.jpg,train,D:\Datasets\Alvaro\Floresta-3-20260714T215823Z-1-001\Floresta-3\train\images\IJ_08_25_38_2560_0_png_jpg.rf.77b40b69c00cadcc62830d032555e8f5.jpg,0.9761952757835388
test-train,test,D:\Datasets\Alvaro\Floresta-3-20260714T215823Z-1-001\Floresta-3\valid\images\IJ_08_25_27_2560_0_png_jpg.rf.47a14cb18deff604b85ef8ec875e532b.jpg,train,D:\Datasets\Alvaro\Floresta-3-20260714T215823Z-1-001\Floresta-3\train\images\IJ_08_25_27_2560_0_png_jpg.rf.ed3d99d34eacf408b758bb584c453ff6.jpg,0.9518017768859863
test-train,test,D:\Datasets\Alvaro\Floresta-3-20260714T215823Z-1-001\Floresta-3\valid\images\IJ_08_25_27_2560_0_png_jpg.rf.48631799f1395fd6610095c837a2a7e3.jpg,train,D:\Datasets\Alvaro\Floresta-3-20260714T215823Z-1-001\Floresta-3\train\images\IJ_08_25_27_2560_0_png_jpg.rf.ed3d99d34eacf408b758bb584c453ff6.jpg,0.9371649026870728
test-train,test,D:\Datasets\Alvaro\Floresta-3-20260714T215823Z-1-001\Floresta-3\valid\images\IJ_08_25_27_2560_0_png_jpg.rf.6bb679fb8a03e6a1a34f0677744f28a0.jpg,train,D:\Datasets\Alvaro\Floresta-3-20260714T215823Z-1-001\Floresta-3\train\images\IJ_08_25_27_2560_0_png_jpg.rf.ed3d99d34eacf408b758bb584c453ff6.jpg,0.9309886693954468
test-train,test,D:\Datasets\Alvaro\Floresta-3-20260714T215823Z-1-001\Floresta-3\valid\images\IJ_08_25_27_2560_0_png_jpg.rf.7e7da94a26b51869b7ba0456623c147b.jpg,train,D:\Datasets\Alvaro\Floresta-3-20260714T215823Z-1-001\Floresta-3\train\images\IJ_08_25_19_2560_0_png_jpg.rf.ffd3a32905bb3ef8f916c622f1de824c.jpg,0.9747110605239868
test-train,test,D:\Datasets\Alvaro\Floresta-3-20260714T215823Z-1-001\Floresta-3\valid\images\IJ_08_25_27_2560_0_png_jpg.rf.8fe982780a9c0ac200d1bba84e07d511.jpg,train,D:\Datasets\Alvaro\Floresta-3-20260714T215823Z-1-001\Floresta-3\train\images\IJ_08_25_27_2560_0_png_jpg.rf.c1d4a678d053d5d67b16130d125e4bd3.jpg,0.9649592638015747
test-train,test,D:\Datasets\Alvaro\Floresta-3-20260714T215823Z-1-001\Floresta-3\valid\images\IJ_08_25_27_2560_0_png_jpg.rf.b037d2c966c1d5f8e102c034f2d58dfa.jpg,train,D:\Datasets\Alvaro\Floresta-3-20260714T215823Z-1-001\Floresta-3\train\images\IJ_08_25_27_2560_0_png_jpg.rf.ed3d99d34eacf408b758bb584c453ff6.jpg,0.9388664960861206
test-train,test,D:\Datasets\Alvaro\Floresta-3-20260714T215823Z-1-001\Floresta-3\valid\images\IJ_08_25_27_2560_880_png_jpg.rf.326bf1bbaa44d0d4c07388a575df7fca.jpg,train,D:\Datasets\Alvaro\Floresta-3-20260714T215823Z-1-001\Floresta-3\train\images\IJ_08_25_27_2560_880_png_jpg.rf.19ddf6a4da2ac9fc4e14d13bcfc4454d.jpg,0.9692327976226807
test-train,test,D:\Datasets\Alvaro\Floresta-3-20260714T215823Z-1-001\Floresta-3\valid\images\IJ_08_25_27_2560_880_png_jpg.rf.374ff6baf68eb02462521cdb55e0ec61.jpg,train,D:\Datasets\Alvaro\Floresta-3-20260714T215823Z-1-001\Floresta-3\train\images\IJ_08_25_27_2560_880_png_jpg.rf.bf1ceff1e95bd62c4c9ed1bc9ab517d3.jpg,0.9621710777282715
test-train,test,D:\Datasets\Alvaro\Floresta-3-20260714T215823Z-1-001\Floresta-3\valid\images\IJ_08_25_27_2560_880_png_jpg.rf.952cd02e41402e372167633aa2c07e2d.jpg,train,D:\Datasets\Alvaro\Floresta-3-20260714T215823Z-1-001\Floresta-3\train\images\IJ_08_25_26_2560_880_png_jpg.rf.62f6bf176052df0c936f1500403751c1.jpg,0.983635425567627
test-train,test,D:\Datasets\Alvaro\Floresta-3-20260714T215823Z-1-001\Floresta-3\valid\images\IJ_08_25_28_0_0_png_jpg.rf.15553a6b199a7a847b4867229fc30b9a.jpg,train,D:\Datasets\Alvaro\Floresta-3-20260714T215823Z-1-001\Floresta-3\train\images\IJ_08_25_28_0_0_png_jpg.rf.26caa7e1e9b82d9925a1e220c197cd50.jpg,0.9446490406990051
test-train,test,D:\Datasets\Alvaro\Floresta-3-20260714T215823Z-1-001\Floresta-3\valid\images\IJ_08_25_28_0_0_png_jpg.rf.2f9475c8ebc3987910d8916901a46d02.jpg,train,D:\Datasets\Alvaro\Floresta-3-20260714T215823Z-1-001\Floresta-3\train\images\IJ_08_25_24_0_0_png_jpg.rf.439f9fa57fb95c63a53e29f54d55ac9c.jpg,0.9759767055511475
test-train,test,D:\Datasets\Alvaro\Floresta-3-20260714T215823Z-1-001\Floresta-3\valid\images\IJ_08_25_28_0_0_png_jpg.rf.3f0b5cac9d31e459dc8d3826ab2bbe26.jpg,train,D:\Datasets\Alvaro\Floresta-3-20260714T215823Z-1-001\Floresta-3\train\images\IJ_08_25_27_0_0_png_jpg.rf.13ed5d16377289bb04b63dab74da35ad.jpg,0.9838719367980957
test-train,test,D:\Datasets\Alvaro\Floresta-3-20260714T215823Z-1-001\Floresta-3\valid\images\IJ_08_25_28_0_0_png_jpg.rf.89ebb04fa974a1a827aad62cec12c33e.jpg,train,D:\Datasets\Alvaro\Floresta-3-20260714T215823Z-1-001\Floresta-3\train\images\IJ_08_25_28_0_0_png_jpg.rf.66d4ca0e90d2a8d62b92901a349d8cc1.jpg,0.9519402980804443
test-train,test,D:\Datasets\Alvaro\Floresta-3-20260714T215823Z-1-001\Floresta-3\valid\images\IJ_08_25_28_0_0_png_jpg.rf.bb8a7da431dc5d566a11e4d3e09704f6.jpg,train,D:\Datasets\Alvaro\Floresta-3-20260714T215823Z-1-001\Floresta-3\train\images\IJ_08_25_28_0_0_png_jpg.rf.66d4ca0e90d2a8d62b92901a349d8cc1.jpg,0.9614424705505371
test-train,test,D:\Datasets\Alvaro\Floresta-3-20260714T215823Z-1-001\Floresta-3\valid\images\IJ_08_25_28_0_0_png_jpg.rf.da3e30fce3af7bd19f7850f868c46ee4.jpg,train,D:\Datasets\Alvaro\Floresta-3-20260714T215823Z-1-001\Floresta-3\train\images\IJ_08_25_28_0_0_png_jpg.rf.26caa7e1e9b82d9925a1e220c197cd50.jpg,0.9440450668334961
test-train,test,D:\Datasets\Alvaro\Floresta-3-20260714T215823Z-1-001\Floresta-3\valid\images\IJ_08_25_28_2560_0_png_jpg.rf.1245a708143d169dd5c154f10bdc31a1.jpg,train,D:\Datasets\Alvaro\Floresta-3-20260714T215823Z-1-001\Floresta-3\train\images\IJ_08_25_28_2560_0_png_jpg.rf.a71572c7929e5aa2442b20c5c46e232f.jpg,0.9637930989265442
test-train,test,D:\Datasets\Alvaro\Floresta-3-20260714T215823Z-1-001\Floresta-3\valid\images\IJ_08_25_28_2560_0_png_jpg.rf.67c71c7f45be7c7741f148506129a73a.jpg,train,D:\Datasets\Alvaro\Floresta-3-20260714T215823Z-1-001\Floresta-3\train\images\IJ_08_25_36_2560_0_png_jpg.rf.1d5bc531885850f20da30df8ccd35ffa.jpg,0.9282900094985962
test-train,test,D:\Datasets\Alvaro\Floresta-3-20260714T215823Z-1-001\Floresta-3\valid\images\IJ_08_25_28_2560_880_png_jpg.rf.10c55f891fa00fd3363dc4172a7f1c4a.jpg,train,D:\Datasets\Alvaro\Floresta-3-20260714T215823Z-1-001\Floresta-3\train\images\IJ_08_25_28_2560_880_png_jpg.rf.c708e4a2d02651d8c962a2961b3fe6ea.jpg,0.9229787588119507
test-train,test,D:\Datasets\Alvaro\Floresta-3-20260714T215823Z-1-001\Floresta-3\valid\images\IJ_08_25_28_2560_880_png_jpg.rf.93782d3c991608446a429c304111484a.jpg,train,D:\Datasets\Alvaro\Floresta-3-20260714T215823Z-1-001\Floresta-3\train\images\IJ_08_25_28_2560_880_png_jpg.rf.30421560fe2f713d32d618c8f1fa5a56.jpg,0.9553247690200806
test-train,test,D:\Datasets\Alvaro\Floresta-3-20260714T215823Z-1-001\Floresta-3\valid\images\IJ_08_25_28_2560_880_png_jpg.rf.cb456f842c44106da5298168b4bf6b38.jpg,train,D:\Datasets\Alvaro\Floresta-3-20260714T215823Z-1-001\Floresta-3\train\images\IJ_08_25_28_2560_880_png_jpg.rf.c708e4a2d02651d8c962a2961b3fe6ea.jpg,0.9552907347679138
test-train,test,D:\Datasets\Alvaro\Floresta-3-20260714T215823Z-1-001\Floresta-3\valid\images\IJ_08_25_28_2560_880_png_jpg.rf.f85590e6dbe04ab4b22907479a536f71.jpg,train,D:\Datasets\Alvaro\Floresta-3-20260714T215823Z-1-001\Floresta-3\train\images\IJ_08_25_21_2560_880_png_jpg.rf.f2bab08a6a189aa940814ef5c203e05b.jpg,0.9682838916778564
test-train,test,D:\Datasets\Alvaro\Floresta-3-20260714T215823Z-1-001\Floresta-3\valid\images\IJ_08_25_29_0_0_png_jpg.rf.21eb6dec22036ed00b48cce1637f171a.jpg,train,D:\Datasets\Alvaro\Floresta-3-20260714T215823Z-1-001\Floresta-3\train\images\IJ_08_25_24_0_0_png_jpg.rf.439f9fa57fb95c63a53e29f54d55ac9c.jpg,0.9812934994697571
test-train,test,D:\Datasets\Alvaro\Floresta-3-20260714T215823Z-1-001\Floresta-3\valid\images\IJ_08_25_29_0_0_png_jpg.rf.dd322a198647f24aa8d72c54d9ae4ab4.jpg,train,D:\Datasets\Alvaro\Floresta-3-20260714T215823Z-1-001\Floresta-3\train\images\IJ_08_25_25_0_0_png_jpg.rf.a7cc86335b6a61c5ddce6199dcbd7f4f.jpg,0.9693806171417236
test-train,test,D:\Datasets\Alvaro\Floresta-3-20260714T215823Z-1-001\Floresta-3\valid\images\imagem26_jpg.rf.1a93379f547cd46e6fa5be7774bec50f.jpg,train,D:\Datasets\Alvaro\Floresta-3-20260714T215823Z-1-001\Floresta-3\train\images\imagem22_jpg.rf.ff2131dc5d401cd619dfca66412fd5b8.jpg,0.791340708732605
test-train,test,D:\Datasets\Alvaro\Floresta-3-20260714T215823Z-1-001\Floresta-3\valid\images\imagem28_jpg.rf.b05d78721902dc8897a32998f4acb99d.jpg,train,D:\Datasets\Alvaro\Floresta-3-20260714T215823Z-1-001\Floresta-3\train\images\imagem61_jpg.rf.93bca013be3737ed84882c5e02e32a4c.jpg,0.8479102253913879
test-train,test,D:\Datasets\Alvaro\Floresta-3-20260714T215823Z-1-001\Floresta-3\valid\images\imagem37_jpg.rf.4e43099ab034e7ae9d502e7d8067d431.jpg,train,D:\Datasets\Alvaro\Floresta-3-20260714T215823Z-1-001\Floresta-3\train\images\imagem5_jpg.rf.d40ad5775a1b2e1a380caf88ac78b725.jpg,0.8586009740829468
test-train,test,D:\Datasets\Alvaro\Floresta-3-20260714T215823Z-1-001\Floresta-3\valid\images\imagem42_jpg.rf.571c73298f1c519ffb2a4e0bacec6736.jpg,train,D:\Datasets\Alvaro\Floresta-3-20260714T215823Z-1-001\Floresta-3\train\images\imagem44_jpg.rf.79653de9401e9d5b86d18c69524fc602.jpg,0.8233400583267212
test-train,test,D:\Datasets\Alvaro\Floresta-3-20260714T215823Z-1-001\Floresta-3\valid\images\imagem52_jpg.rf.6cac1d0bd76ee0f66bf6dd1323e1e584.jpg,train,D:\Datasets\Alvaro\Floresta-3-20260714T215823Z-1-001\Floresta-3\train\images\0-29-17_png_jpg.rf.61acb8a55ea6c1259cef733ef9ad5b0a.jpg,0.794155478477478
test-train,test,D:\Datasets\Alvaro\Floresta-3-20260714T215823Z-1-001\Floresta-3\valid\images\imagem55_jpg.rf.22b7810258fc23ae2d906ed9c87f6bfe.jpg,train,D:\Datasets\Alvaro\Floresta-3-20260714T215823Z-1-001\Floresta-3\train\images\imagem54_jpg.rf.bc64eff33552567b80b15958ad7294db.jpg,0.8252047300338745
test-train,test,D:\Datasets\Alvaro\Floresta-3-20260714T215823Z-1-001\Floresta-3\valid\images\imagem59_jpg.rf.1add3934ebae853a287d12fb9f91bf8e.jpg,train,D:\Datasets\Alvaro\Floresta-3-20260714T215823Z-1-001\Floresta-3\train\images\imagem58_jpg.rf.9dc3e43731e32cd9bf0e1756e15cd8f3.jpg,0.8583822250366211
test-train,test,D:\Datasets\Alvaro\Floresta-3-20260714T215823Z-1-001\Floresta-3\valid\images\imagem68_jpg.rf.222fc4e3e66c71ec918abaad9099eec8.jpg,train,D:\Datasets\Alvaro\Floresta-3-20260714T215823Z-1-001\Floresta-3\train\images\imagem67_jpg.rf.af4ce8627d6ed5360688d8de665dd798.jpg,0.8763819932937622
test-train,test,D:\Datasets\Alvaro\Floresta-3-20260714T215823Z-1-001\Floresta-3\valid\images\imagem73_jpg.rf.541c92df1a87536c839dca011eb2c36b.jpg,train,D:\Datasets\Alvaro\Floresta-3-20260714T215823Z-1-001\Floresta-3\train\images\imagem72_jpg.rf.543218707ab35b78ada70732bc927ddf.jpg,0.8436279892921448
test-train,test,D:\Datasets\Alvaro\Floresta-3-20260714T215823Z-1-001\Floresta-3\valid\images\imagem74_jpg.rf.8281b8b45f42ed6a42983b593b2086fc.jpg,train,D:\Datasets\Alvaro\Floresta-3-20260714T215823Z-1-001\Floresta-3\train\images\imagem72_jpg.rf.053af3d527767ab8decb27f2b58427c4.jpg,0.854244589805603
test-train,test,D:\Datasets\Alvaro\Floresta-3-20260714T215823Z-1-001\Floresta-3\valid\images\imagem78_jpg.rf.1f474d14590997731c09325b50771a3f.jpg,train,D:\Datasets\Alvaro\Floresta-3-20260714T215823Z-1-001\Floresta-3\train\images\imagem72_jpg.rf.543218707ab35b78ada70732bc927ddf.jpg,0.8212947845458984
test-train,test,D:\Datasets\Alvaro\Floresta-3-20260714T215823Z-1-001\Floresta-3\valid\images\sh6_jpg.rf.96904d75f12a1ab9ba018921afb25caa.jpg,train,D:\Datasets\Alvaro\Floresta-3-20260714T215823Z-1-001\Floresta-3\train\images\sh6_jpg.rf.755861a0bf3e02c06cf34ac9d7241d74.jpg,0.9607510566711426
test-train,test,D:\Datasets\Alvaro\Floresta-3-20260714T215823Z-1-001\Floresta-3\valid\images\sh6_jpg.rf.a076bfb1789d28104540ac963844b065.jpg,train,D:\Datasets\Alvaro\Floresta-3-20260714T215823Z-1-001\Floresta-3\train\images\sh6_jpg.rf.c38b5a16d4842de77a2fa4419e6be228.jpg,0.951526403427124
test-train,test,D:\Datasets\Alvaro\Floresta-3-20260714T215823Z-1-001\Floresta-3\valid\images\Soja_MP4-0_jpg.rf.2f344a1182f00c82775cd766e5e86f80.jpg,train,D:\Datasets\Alvaro\Floresta-3-20260714T215823Z-1-001\Floresta-3\train\images\Soja_MP4-0_jpg.rf.01e3e35dc4b7253dfb8ad222c9dd0100.jpg,0.8487647771835327
test-train,test,D:\Datasets\Alvaro\Floresta-3-20260714T215823Z-1-001\Floresta-3\valid\images\Soja_MP4-0_jpg.rf.ed18ada9f9c0debfa6459e3ccb1652c6.jpg,train,D:\Datasets\Alvaro\Floresta-3-20260714T215823Z-1-001\Floresta-3\train\images\Soja_MP4-0_jpg.rf.01e3e35dc4b7253dfb8ad222c9dd0100.jpg,0.8907326459884644
test-train,test,D:\Datasets\Alvaro\Floresta-3-20260714T215823Z-1-001\Floresta-3\valid\images\Soja_MP4-4_jpg.rf.6bbe3d46ae5918dad9573191b0449d82.jpg,train,D:\Datasets\Alvaro\Floresta-3-20260714T215823Z-1-001\Floresta-3\train\images\Soja_MP4-0_jpg.rf.01e3e35dc4b7253dfb8ad222c9dd0100.jpg,0.8867498636245728
test-train,test,D:\Datasets\Alvaro\Floresta-3-20260714T215823Z-1-001\Floresta-3\valid\images\Soja_MP4-4_jpg.rf.cb591d2f5d8ddece154476379010749b.jpg,train,D:\Datasets\Alvaro\Floresta-3-20260714T215823Z-1-001\Floresta-3\train\images\Soja_MP4-0_jpg.rf.01e3e35dc4b7253dfb8ad222c9dd0100.jpg,0.8728761672973633
test-train,test,D:\Datasets\Alvaro\Floresta-3-20260714T215823Z-1-001\Floresta-3\valid\images\Soja_MP4-6_jpg.rf.2d1985ef274e5a114ed0c9c2c6632356.jpg,train,D:\Datasets\Alvaro\Floresta-3-20260714T215823Z-1-001\Floresta-3\train\images\Cafezal-01_MP4-62_jpg.rf.1588a3848b4c91f1fdd41bbd0b94eeff.jpg,0.8049662113189697
test-train,test,D:\Datasets\Alvaro\Floresta-3-20260714T215823Z-1-001\Floresta-3\valid\images\Soja_MP4-6_jpg.rf.f5dbc03750f519b2d87379f45723cd23.jpg,train,D:\Datasets\Alvaro\Floresta-3-20260714T215823Z-1-001\Floresta-3\train\images\Mata_MP4-24_jpg.rf.39c94c5de7e57414b34e2bb06f191a22.jpg,0.8439433574676514
test-train,test,D:\Datasets\Alvaro\Floresta-3-20260714T215823Z-1-001\Floresta-3\valid\images\Soja_MP4-9_jpg.rf.8dd2de87c33d1278d34b07b3f0dffb1d.jpg,train,D:\Datasets\Alvaro\Floresta-3-20260714T215823Z-1-001\Floresta-3\train\images\Cafezal-01_MP4-108_jpg.rf.636ea123155004a8fe7add732f106408.jpg,0.8527282476425171
test-train,test,D:\Datasets\Alvaro\Floresta-3-20260714T215823Z-1-001\Floresta-3\valid\images\Soja_MP4-9_jpg.rf.8e1692a22a911243be7c90e165fef4a6.jpg,train,D:\Datasets\Alvaro\Floresta-3-20260714T215823Z-1-001\Floresta-3\train\images\Mata_MP4-24_jpg.rf.7aea4092a77bab1c849adfe35a0f74ed.jpg,0.8660611510276794
test-train,test,D:\Datasets\Alvaro\Floresta-3-20260714T215823Z-1-001\Floresta-3\valid\images\Soja_MP4-9_jpg.rf.bbabd90ac5f0c7ba2ffffe4bbf9b37c1.jpg,train,D:\Datasets\Alvaro\Floresta-3-20260714T215823Z-1-001\Floresta-3\train\images\Mata_MP4-84_jpg.rf.5ec7c3022ad2842ea553774f1c8fe83f.jpg,0.8905314207077026
test-train,test,D:\Datasets\Alvaro\Floresta-3-20260714T215823Z-1-001\Floresta-3\valid\images\youtube-26_jpg.rf.8fe850a4036e2afdb544811690bf4099.jpg,train,D:\Datasets\Alvaro\Floresta-3-20260714T215823Z-1-001\Floresta-3\train\images\Cafezal-01_MP4-15_jpg.rf.2b8a515be4462893ef945a07e9f1e0cf.jpg,0.8501746654510498
test-train,test,D:\Datasets\Alvaro\Floresta-3-20260714T215823Z-1-001\Floresta-3\valid\images\youtube-26_jpg.rf.b0b87891999cd7dc5630d4055768db9e.jpg,train,D:\Datasets\Alvaro\Floresta-3-20260714T215823Z-1-001\Floresta-3\train\images\Cafezal-01_MP4-14_jpg.rf.402d8ea31456349aa7e7f5ca7e432dff.jpg,0.8728780150413513
validation-test,validation,D:\Datasets\Alvaro\Floresta-3-20260714T215823Z-1-001\Floresta-3\test\images\0-13-24_png_jpg.rf.b2f5c1eb0430f15d455847c4f8dd9ef5.jpg,test,D:\Datasets\Alvaro\Floresta-3-20260714T215823Z-1-001\Floresta-3\valid\images\0-13-24_png_jpg.rf.b10c6d74717ffac0937a0e56b90320da.jpg,0.9099688529968262
validation-test,validation,D:\Datasets\Alvaro\Floresta-3-20260714T215823Z-1-001\Floresta-3\test\images\0-13-35_png_jpg.rf.296ded484754caf94091400642d515e6.jpg,test,D:\Datasets\Alvaro\Floresta-3-20260714T215823Z-1-001\Floresta-3\valid\images\0-13-35_png_jpg.rf.feb7275bda8ed2fc4200d19cfe3bfc86.jpg,0.9572585225105286
validation-test,validation,D:\Datasets\Alvaro\Floresta-3-20260714T215823Z-1-001\Floresta-3\test\images\0-13-54_png_jpg.rf.c1933ca1e408ef1277b450b9f47f0718.jpg,test,D:\Datasets\Alvaro\Floresta-3-20260714T215823Z-1-001\Floresta-3\valid\images\0-13-54_png_jpg.rf.12c375a1b250a5788d73edb8510c0e8c.jpg,0.8606075048446655
validation-test,validation,D:\Datasets\Alvaro\Floresta-3-20260714T215823Z-1-001\Floresta-3\test\images\0-14-1_png_jpg.rf.0b1e0cb558e8b86bf593e2e4aacb4a3c.jpg,test,D:\Datasets\Alvaro\Floresta-3-20260714T215823Z-1-001\Floresta-3\valid\images\0-14-1_png_jpg.rf.8c474687b48c5cf758202d913204195c.jpg,0.9704347848892212
validation-test,validation,D:\Datasets\Alvaro\Floresta-3-20260714T215823Z-1-001\Floresta-3\test\images\0-15-3_png_jpg.rf.369f7c038497cf9a999668f0ed2a4e8d.jpg,test,D:\Datasets\Alvaro\Floresta-3-20260714T215823Z-1-001\Floresta-3\valid\images\0-15-3_png_jpg.rf.6138eabd18c23a04041cddef19f1301d.jpg,0.977203369140625
validation-test,validation,D:\Datasets\Alvaro\Floresta-3-20260714T215823Z-1-001\Floresta-3\test\images\0-16-12_png_jpg.rf.8f86edd1732acb15938deae840a82114.jpg,test,D:\Datasets\Alvaro\Floresta-3-20260714T215823Z-1-001\Floresta-3\valid\images\0-16-12_png_jpg.rf.a0be0affed571cefaf52060ce513fa0f.jpg,0.956973671913147
validation-test,validation,D:\Datasets\Alvaro\Floresta-3-20260714T215823Z-1-001\Floresta-3\test\images\0-16-12_png_jpg.rf.afea783da8a5b6d1683d1b7701a50e62.jpg,test,D:\Datasets\Alvaro\Floresta-3-20260714T215823Z-1-001\Floresta-3\valid\images\0-67-2_png_jpg.rf.34c0e3eb8c2334c9859f85f856a6596d.jpg,0.8731262683868408
validation-test,validation,D:\Datasets\Alvaro\Floresta-3-20260714T215823Z-1-001\Floresta-3\test\images\0-16-12_png_jpg.rf.cb204fabce1898705a1999947b400b3e.jpg,test,D:\Datasets\Alvaro\Floresta-3-20260714T215823Z-1-001\Floresta-3\valid\images\0-16-12_png_jpg.rf.a0be0affed571cefaf52060ce513fa0f.jpg,0.9458425045013428
validation-test,validation,D:\Datasets\Alvaro\Floresta-3-20260714T215823Z-1-001\Floresta-3\test\images\0-17-25_png_jpg.rf.29e7e63bd7eb71df36977ef18966c66d.jpg,test,D:\Datasets\Alvaro\Floresta-3-20260714T215823Z-1-001\Floresta-3\valid\images\0-17-25_png_jpg.rf.7883c882d07ae6544369bc71a699b731.jpg,0.9408973455429077
validation-test,validation,D:\Datasets\Alvaro\Floresta-3-20260714T215823Z-1-001\Floresta-3\test\images\0-17-25_png_jpg.rf.f376ef0f86d58a4bd1df4a10a4748d04.jpg,test,D:\Datasets\Alvaro\Floresta-3-20260714T215823Z-1-001\Floresta-3\valid\images\0-17-25_png_jpg.rf.7883c882d07ae6544369bc71a699b731.jpg,0.9468077421188354
validation-test,validation,D:\Datasets\Alvaro\Floresta-3-20260714T215823Z-1-001\Floresta-3\test\images\0-17-35_png_jpg.rf.ce4cf2ad857b4c1e3f842cf68f871cb3.jpg,test,D:\Datasets\Alvaro\Floresta-3-20260714T215823Z-1-001\Floresta-3\valid\images\0-17-35_png_jpg.rf.445840c4106d0661b45eaa1e5a7f747d.jpg,0.9758496284484863
validation-test,validation,D:\Datasets\Alvaro\Floresta-3-20260714T215823Z-1-001\Floresta-3\test\images\0-17-41_png_jpg.rf.2bc50eb9f7d293b5260c6243bf60f9b8.jpg,test,D:\Datasets\Alvaro\Floresta-3-20260714T215823Z-1-001\Floresta-3\valid\images\0-17-41_png_jpg.rf.b603f235925fd58a196df78822ac5119.jpg,0.9217350482940674
validation-test,validation,D:\Datasets\Alvaro\Floresta-3-20260714T215823Z-1-001\Floresta-3\test\images\0-18-3_png_jpg.rf.43a9ebaaba8c83c64cf6629931599a84.jpg,test,D:\Datasets\Alvaro\Floresta-3-20260714T215823Z-1-001\Floresta-3\valid\images\0-18-3_png_jpg.rf.9c222aad07da3fff5805699dde541b95.jpg,0.9606882929801941
validation-test,validation,D:\Datasets\Alvaro\Floresta-3-20260714T215823Z-1-001\Floresta-3\test\images\0-21-10_png_jpg.rf.61fe03ca7d7915c21803a12c79625d20.jpg,test,D:\Datasets\Alvaro\Floresta-3-20260714T215823Z-1-001\Floresta-3\valid\images\0-21-10_png_jpg.rf.fad31cabffffa059dbab0ec75f1bcab1.jpg,0.8785290718078613
validation-test,validation,D:\Datasets\Alvaro\Floresta-3-20260714T215823Z-1-001\Floresta-3\test\images\0-21-10_png_jpg.rf.85919495197499d2c9e854b39d144d1e.jpg,test,D:\Datasets\Alvaro\Floresta-3-20260714T215823Z-1-001\Floresta-3\valid\images\0-21-10_png_jpg.rf.fad31cabffffa059dbab0ec75f1bcab1.jpg,0.9144913554191589
validation-test,validation,D:\Datasets\Alvaro\Floresta-3-20260714T215823Z-1-001\Floresta-3\test\images\0-22-21_png_jpg.rf.7b90667657ae39c7fc4f0bb495833775.jpg,test,D:\Datasets\Alvaro\Floresta-3-20260714T215823Z-1-001\Floresta-3\valid\images\1-27-22_png_jpg.rf.87a3672dc3b852a2502cdae5973834ae.jpg,0.8013623952865601
validation-test,validation,D:\Datasets\Alvaro\Floresta-3-20260714T215823Z-1-001\Floresta-3\test\images\0-22-41_png_jpg.rf.0ce7a9e1b9ac3d08391454e006a906e8.jpg,test,D:\Datasets\Alvaro\Floresta-3-20260714T215823Z-1-001\Floresta-3\valid\images\0-17-41_png_jpg.rf.b603f235925fd58a196df78822ac5119.jpg,0.856360673904419
validation-test,validation,D:\Datasets\Alvaro\Floresta-3-20260714T215823Z-1-001\Floresta-3\test\images\0-22-6_png_jpg.rf.966f0733a392b6c4bfb6ba6be3d8677e.jpg,test,D:\Datasets\Alvaro\Floresta-3-20260714T215823Z-1-001\Floresta-3\valid\images\0-3-29_png_jpg.rf.46c6e5b4e17a77b617edc2947758d67a.jpg,0.7897578477859497
validation-test,validation,D:\Datasets\Alvaro\Floresta-3-20260714T215823Z-1-001\Floresta-3\test\images\0-22-6_png_jpg.rf.bb882673b70b964fdc82b1cc229a2e83.jpg,test,D:\Datasets\Alvaro\Floresta-3-20260714T215823Z-1-001\Floresta-3\valid\images\0-3-29_png_jpg.rf.46c6e5b4e17a77b617edc2947758d67a.jpg,0.7913967370986938
validation-test,validation,D:\Datasets\Alvaro\Floresta-3-20260714T215823Z-1-001\Floresta-3\test\images\0-22-7_png_jpg.rf.3e2630443e52294600fea55b03496dd9.jpg,test,D:\Datasets\Alvaro\Floresta-3-20260714T215823Z-1-001\Floresta-3\valid\images\0-22-7_png_jpg.rf.6653a570cabf763612aecba489ab949a.jpg,0.9491668939590454
validation-test,validation,D:\Datasets\Alvaro\Floresta-3-20260714T215823Z-1-001\Floresta-3\test\images\0-22-7_png_jpg.rf.9088e653c334177e422a8d39c8724be3.jpg,test,D:\Datasets\Alvaro\Floresta-3-20260714T215823Z-1-001\Floresta-3\valid\images\0-22-7_png_jpg.rf.6653a570cabf763612aecba489ab949a.jpg,0.9022083282470703
validation-test,validation,D:\Datasets\Alvaro\Floresta-3-20260714T215823Z-1-001\Floresta-3\test\images\0-23-15_png_jpg.rf.e6a8220f347f935f49b029e9702cef42.jpg,test,D:\Datasets\Alvaro\Floresta-3-20260714T215823Z-1-001\Floresta-3\valid\images\0-23-15_png_jpg.rf.69a3735464446b6a4efd206f6fadb50c.jpg,0.9334089159965515
validation-test,validation,D:\Datasets\Alvaro\Floresta-3-20260714T215823Z-1-001\Floresta-3\test\images\0-23-39_png_jpg.rf.0d948d04f198f115131e0ebe3e27691a.jpg,test,D:\Datasets\Alvaro\Floresta-3-20260714T215823Z-1-001\Floresta-3\valid\images\0-23-39_png_jpg.rf.c3068c64eac4d4d6733925efbc70ac9b.jpg,0.9754147529602051
validation-test,validation,D:\Datasets\Alvaro\Floresta-3-20260714T215823Z-1-001\Floresta-3\test\images\0-27-29_png_jpg.rf.a84fd01decab7179c1efabec46ccbffb.jpg,test,D:\Datasets\Alvaro\Floresta-3-20260714T215823Z-1-001\Floresta-3\valid\images\0-27-13_png_jpg.rf.3f27cdf3bfd36a09ed5ae638621354cc.jpg,0.8397361636161804
validation-test,validation,D:\Datasets\Alvaro\Floresta-3-20260714T215823Z-1-001\Floresta-3\test\images\0-27-43_png_jpg.rf.e1619d2692201f0b996ef252112bb878.jpg,test,D:\Datasets\Alvaro\Floresta-3-20260714T215823Z-1-001\Floresta-3\valid\images\0-27-43_png_jpg.rf.4ea8386a16e133ca5b5496c04f334128.jpg,0.9340301752090454
validation-test,validation,D:\Datasets\Alvaro\Floresta-3-20260714T215823Z-1-001\Floresta-3\test\images\0-27-5_png_jpg.rf.defcd635a40fd01c8b60fe6b97ce89cc.jpg,test,D:\Datasets\Alvaro\Floresta-3-20260714T215823Z-1-001\Floresta-3\valid\images\0-27-5_png_jpg.rf.7e028446b49304597b4cbf60778c3420.jpg,0.9368239641189575
validation-test,validation,D:\Datasets\Alvaro\Floresta-3-20260714T215823Z-1-001\Floresta-3\test\images\0-29-17_png_jpg.rf.2f5d0dcc8917ea63bbdfad6eea7e4e54.jpg,test,D:\Datasets\Alvaro\Floresta-3-20260714T215823Z-1-001\Floresta-3\valid\images\0-29-17_png_jpg.rf.98d7877f1511e8778aa1df8f4984265e.jpg,0.9138685464859009
validation-test,validation,D:\Datasets\Alvaro\Floresta-3-20260714T215823Z-1-001\Floresta-3\test\images\0-3-29_png_jpg.rf.9d744a294f2377caa67f1b94682edaf5.jpg,test,D:\Datasets\Alvaro\Floresta-3-20260714T215823Z-1-001\Floresta-3\valid\images\0-3-29_png_jpg.rf.46c6e5b4e17a77b617edc2947758d67a.jpg,0.8970069289207458
validation-test,validation,D:\Datasets\Alvaro\Floresta-3-20260714T215823Z-1-001\Floresta-3\test\images\0-30-30_png_jpg.rf.55dd1f3f3d7df6d316ea3c220e54e315.jpg,test,D:\Datasets\Alvaro\Floresta-3-20260714T215823Z-1-001\Floresta-3\valid\images\0-30-30_png_jpg.rf.a24cf62d9e6379747abf2f750c6fae5b.jpg,0.9166889786720276
validation-test,validation,D:\Datasets\Alvaro\Floresta-3-20260714T215823Z-1-001\Floresta-3\test\images\0-30-30_png_jpg.rf.c60cca1c158a6250d8134d614df769db.jpg,test,D:\Datasets\Alvaro\Floresta-3-20260714T215823Z-1-001\Floresta-3\valid\images\0-30-30_png_jpg.rf.a24cf62d9e6379747abf2f750c6fae5b.jpg,0.9216662645339966
validation-test,validation,D:\Datasets\Alvaro\Floresta-3-20260714T215823Z-1-001\Floresta-3\test\images\0-31-40_png_jpg.rf.632708ce8dc42e6fb49b86bebdb28a88.jpg,test,D:\Datasets\Alvaro\Floresta-3-20260714T215823Z-1-001\Floresta-3\valid\images\0-31-40_png_jpg.rf.7384794353b257a84a998b19f8dd1f12.jpg,0.9343433380126953
validation-test,validation,D:\Datasets\Alvaro\Floresta-3-20260714T215823Z-1-001\Floresta-3\test\images\0-32-13_png_jpg.rf.e003ea93887edb505e812553e6d633f7.jpg,test,D:\Datasets\Alvaro\Floresta-3-20260714T215823Z-1-001\Floresta-3\valid\images\0-69-34_png_jpg.rf.16bf23ae08b4150c86a7146372c59047.jpg,0.8323126435279846
validation-test,validation,D:\Datasets\Alvaro\Floresta-3-20260714T215823Z-1-001\Floresta-3\test\images\0-32-22_png_jpg.rf.480b380dcd60f1506fc97b4a17a327fd.jpg,test,D:\Datasets\Alvaro\Floresta-3-20260714T215823Z-1-001\Floresta-3\valid\images\0-32-22_png_jpg.rf.ceab38837bddc180e02889f1707b807a.jpg,0.9677721261978149
validation-test,validation,D:\Datasets\Alvaro\Floresta-3-20260714T215823Z-1-001\Floresta-3\test\images\0-32-22_png_jpg.rf.4e70469901fb6e2cb464ebe5dceb67bf.jpg,test,D:\Datasets\Alvaro\Floresta-3-20260714T215823Z-1-001\Floresta-3\valid\images\0-32-22_png_jpg.rf.0b6da1c1bb70754dc84d0e406a8096ae.jpg,0.9532558917999268
validation-test,validation,D:\Datasets\Alvaro\Floresta-3-20260714T215823Z-1-001\Floresta-3\test\images\0-32-23_png_jpg.rf.3d71abe778b838b62fa355599f976944.jpg,test,D:\Datasets\Alvaro\Floresta-3-20260714T215823Z-1-001\Floresta-3\valid\images\0-32-23_png_jpg.rf.ed86fb001cba302864c83461e841f9fb.jpg,0.9534705877304077
validation-test,validation,D:\Datasets\Alvaro\Floresta-3-20260714T215823Z-1-001\Floresta-3\test\images\0-32-23_png_jpg.rf.49efd59bf61a25cb0d2e4a6619d0ad01.jpg,test,D:\Datasets\Alvaro\Floresta-3-20260714T215823Z-1-001\Floresta-3\valid\images\0-32-23_png_jpg.rf.3ba77a08d54c732c2b073394e40ad684.jpg,0.9712420105934143
validation-test,validation,D:\Datasets\Alvaro\Floresta-3-20260714T215823Z-1-001\Floresta-3\test\images\0-32-31_png_jpg.rf.f08b91de8427c268dc1f3c1c5f63c744.jpg,test,D:\Datasets\Alvaro\Floresta-3-20260714T215823Z-1-001\Floresta-3\valid\images\0-32-31_png_jpg.rf.98b887b2eee6748515850b40261c63d6.jpg,0.9189543724060059
validation-test,validation,D:\Datasets\Alvaro\Floresta-3-20260714T215823Z-1-001\Floresta-3\test\images\0-33-53_png_jpg.rf.6ec67b76f4a4646e557e5860e6b748cc.jpg,test,D:\Datasets\Alvaro\Floresta-3-20260714T215823Z-1-001\Floresta-3\valid\images\0-33-53_png_jpg.rf.f23a37cda6300e957edd47c801683048.jpg,0.946702241897583
validation-test,validation,D:\Datasets\Alvaro\Floresta-3-20260714T215823Z-1-001\Floresta-3\test\images\0-35-23_png_jpg.rf.517adb61f374edf5d545b23ca3d08ced.jpg,test,D:\Datasets\Alvaro\Floresta-3-20260714T215823Z-1-001\Floresta-3\valid\images\0-35-23_png_jpg.rf.1d387d6cfa391adcf4bd60ef648bf388.jpg,0.9429402947425842
validation-test,validation,D:\Datasets\Alvaro\Floresta-3-20260714T215823Z-1-001\Floresta-3\test\images\0-35-23_png_jpg.rf.6a193ea80bc4e156e4783d740b983ac8.jpg,test,D:\Datasets\Alvaro\Floresta-3-20260714T215823Z-1-001\Floresta-3\valid\images\0-35-23_png_jpg.rf.a863e196f9a99792be3d5a57c4b1dd08.jpg,0.9416126608848572
validation-test,validation,D:\Datasets\Alvaro\Floresta-3-20260714T215823Z-1-001\Floresta-3\test\images\0-35-26_png_jpg.rf.4ba0be5b85880a6b4bf1bbc003954ba2.jpg,test,D:\Datasets\Alvaro\Floresta-3-20260714T215823Z-1-001\Floresta-3\valid\images\0-35-26_png_jpg.rf.def375b33ca69d3794365c73924d2130.jpg,0.9396716356277466
validation-test,validation,D:\Datasets\Alvaro\Floresta-3-20260714T215823Z-1-001\Floresta-3\test\images\0-35-26_png_jpg.rf.debfbddb71657f3b5baddc5c08465b0a.jpg,test,D:\Datasets\Alvaro\Floresta-3-20260714T215823Z-1-001\Floresta-3\valid\images\0-35-26_png_jpg.rf.7efaa8163cd4bf4ee44ad5c36c549487.jpg,0.8997204303741455
validation-test,validation,D:\Datasets\Alvaro\Floresta-3-20260714T215823Z-1-001\Floresta-3\test\images\0-36-33_png_jpg.rf.8b8b2ccf377e7d1d828c370de10b0152.jpg,test,D:\Datasets\Alvaro\Floresta-3-20260714T215823Z-1-001\Floresta-3\valid\images\0-36-33_png_jpg.rf.08e93da8f253671e7930b58fbbf61eb3.jpg,0.9387795925140381
validation-test,validation,D:\Datasets\Alvaro\Floresta-3-20260714T215823Z-1-001\Floresta-3\test\images\0-38-35_png_jpg.rf.24306f47f7a7f2e1d8914bf066f5f57b.jpg,test,D:\Datasets\Alvaro\Floresta-3-20260714T215823Z-1-001\Floresta-3\valid\images\0-38-35_png_jpg.rf.174d858c9c3543318aade3e660f19a05.jpg,0.9131146669387817
validation-test,validation,D:\Datasets\Alvaro\Floresta-3-20260714T215823Z-1-001\Floresta-3\test\images\0-38-35_png_jpg.rf.37bee07eeb5b48251e0267eec641f4bc.jpg,test,D:\Datasets\Alvaro\Floresta-3-20260714T215823Z-1-001\Floresta-3\valid\images\0-38-35_png_jpg.rf.174d858c9c3543318aade3e660f19a05.jpg,0.8904075622558594
validation-test,validation,D:\Datasets\Alvaro\Floresta-3-20260714T215823Z-1-001\Floresta-3\test\images\0-39-33_png_jpg.rf.bf86b96a2d960462852a7529fb1a86ee.jpg,test,D:\Datasets\Alvaro\Floresta-3-20260714T215823Z-1-001\Floresta-3\valid\images\0-39-33_png_jpg.rf.b7c6282d314ad7f63b774b7aee854236.jpg,0.9527842998504639
validation-test,validation,D:\Datasets\Alvaro\Floresta-3-20260714T215823Z-1-001\Floresta-3\test\images\0-39-33_png_jpg.rf.fa9fcda32008bdf9e4f796c72cc2c137.jpg,test,D:\Datasets\Alvaro\Floresta-3-20260714T215823Z-1-001\Floresta-3\valid\images\0-39-33_png_jpg.rf.26d3df9413994e45a4eae7bb56541173.jpg,0.8773701786994934
validation-test,validation,D:\Datasets\Alvaro\Floresta-3-20260714T215823Z-1-001\Floresta-3\test\images\0-39-38_png_jpg.rf.1ad0e3b99c044178a6d3545305a5aea8.jpg,test,D:\Datasets\Alvaro\Floresta-3-20260714T215823Z-1-001\Floresta-3\valid\images\1-39-19_png_jpg.rf.1d7c15c46fec028ff7ae0472f41c510b.jpg,0.8838671445846558
validation-test,validation,D:\Datasets\Alvaro\Floresta-3-20260714T215823Z-1-001\Floresta-3\test\images\0-39-38_png_jpg.rf.714040e70f2f0796176e2371a6cf635c.jpg,test,D:\Datasets\Alvaro\Floresta-3-20260714T215823Z-1-001\Floresta-3\valid\images\0-39-38_png_jpg.rf.d382bff30be2f95c5fc60673871d5cdc.jpg,0.8917527198791504
validation-test,validation,D:\Datasets\Alvaro\Floresta-3-20260714T215823Z-1-001\Floresta-3\test\images\0-4-15_png_jpg.rf.c1a6591b5e8c66ed3a40c7e92c9cacc6.jpg,test,D:\Datasets\Alvaro\Floresta-3-20260714T215823Z-1-001\Floresta-3\valid\images\1-25-20_png_jpg.rf.a0890f7daa4d57942482ee232cfbe2c9.jpg,0.9138090014457703
validation-test,validation,D:\Datasets\Alvaro\Floresta-3-20260714T215823Z-1-001\Floresta-3\test\images\0-42-41_png_jpg.rf.621879c7b87f84c1d549c6b0351673ef.jpg,test,D:\Datasets\Alvaro\Floresta-3-20260714T215823Z-1-001\Floresta-3\valid\images\0-42-41_png_jpg.rf.b4e8a9689ff159d097e11a376132a50c.jpg,0.8989722728729248
validation-test,validation,D:\Datasets\Alvaro\Floresta-3-20260714T215823Z-1-001\Floresta-3\test\images\0-44-58_png_jpg.rf.2cf2d80632be1a09f2f3204ebb233d31.jpg,test,D:\Datasets\Alvaro\Floresta-3-20260714T215823Z-1-001\Floresta-3\valid\images\273002_sat_72_jpg.rf.5c3b5ede1f016f9faebfc94082b6b35c.jpg,0.8553739786148071
validation-test,validation,D:\Datasets\Alvaro\Floresta-3-20260714T215823Z-1-001\Floresta-3\test\images\0-45-23_png_jpg.rf.acd3731920b38fac09581ab5ea42611e.jpg,test,D:\Datasets\Alvaro\Floresta-3-20260714T215823Z-1-001\Floresta-3\valid\images\0-45-23_png_jpg.rf.6ddaa072145a609c5b5a63f068a39563.jpg,0.9711917042732239
validation-test,validation,D:\Datasets\Alvaro\Floresta-3-20260714T215823Z-1-001\Floresta-3\test\images\0-45-24_png_jpg.rf.e94334f053b9203a3b84f883985fa145.jpg,test,D:\Datasets\Alvaro\Floresta-3-20260714T215823Z-1-001\Floresta-3\valid\images\0-45-23_png_jpg.rf.e8f08ada9b013e2e39d3ea8e53a7c456.jpg,0.9394544363021851
validation-test,validation,D:\Datasets\Alvaro\Floresta-3-20260714T215823Z-1-001\Floresta-3\test\images\0-46-10_png_jpg.rf.1fdcbdfbd40c267a23dd1c1e1c5d8e50.jpg,test,D:\Datasets\Alvaro\Floresta-3-20260714T215823Z-1-001\Floresta-3\valid\images\0-46-10_png_jpg.rf.0b37954e03c303a08c8812ba3b276c3f.jpg,0.9551289081573486
validation-test,validation,D:\Datasets\Alvaro\Floresta-3-20260714T215823Z-1-001\Floresta-3\test\images\0-46-44_png_jpg.rf.24ea4ea729cc3f441c83b786858223f2.jpg,test,D:\Datasets\Alvaro\Floresta-3-20260714T215823Z-1-001\Floresta-3\valid\images\1-8-1_png_jpg.rf.ab54e19b8158f90fb97218bf13a9fe9a.jpg,0.8311316967010498
validation-test,validation,D:\Datasets\Alvaro\Floresta-3-20260714T215823Z-1-001\Floresta-3\test\images\0-47-21_png_jpg.rf.02cfea82f1edcaf8a4e5c13682e1e818.jpg,test,D:\Datasets\Alvaro\Floresta-3-20260714T215823Z-1-001\Floresta-3\valid\images\0-16-12_png_jpg.rf.a0be0affed571cefaf52060ce513fa0f.jpg,0.8273801803588867
validation-test,validation,D:\Datasets\Alvaro\Floresta-3-20260714T215823Z-1-001\Floresta-3\test\images\0-47-50_png_jpg.rf.5fbd30c5068f746cf735c636ca829c98.jpg,test,D:\Datasets\Alvaro\Floresta-3-20260714T215823Z-1-001\Floresta-3\valid\images\0-47-50_png_jpg.rf.17ea4507ca061b268d03c7ac0a002452.jpg,0.8303980827331543
validation-test,validation,D:\Datasets\Alvaro\Floresta-3-20260714T215823Z-1-001\Floresta-3\test\images\0-49-2_png_jpg.rf.13666593780a6ce9558a6eb7e8f0efb6.jpg,test,D:\Datasets\Alvaro\Floresta-3-20260714T215823Z-1-001\Floresta-3\valid\images\0-49-2_png_jpg.rf.cb2d9fce43ce226c3e1da53f4352a55d.jpg,0.9080896377563477
validation-test,validation,D:\Datasets\Alvaro\Floresta-3-20260714T215823Z-1-001\Floresta-3\test\images\0-49-2_png_jpg.rf.4cc6b1c94a0af1d5baad020f225cdcc5.jpg,test,D:\Datasets\Alvaro\Floresta-3-20260714T215823Z-1-001\Floresta-3\valid\images\0-49-2_png_jpg.rf.cb2d9fce43ce226c3e1da53f4352a55d.jpg,0.9050049781799316
validation-test,validation,D:\Datasets\Alvaro\Floresta-3-20260714T215823Z-1-001\Floresta-3\test\images\0-49-2_png_jpg.rf.57d55aab6681f61ad87de6e6323cd058.jpg,test,D:\Datasets\Alvaro\Floresta-3-20260714T215823Z-1-001\Floresta-3\valid\images\0-49-2_png_jpg.rf.cb2d9fce43ce226c3e1da53f4352a55d.jpg,0.8884587287902832
validation-test,validation,D:\Datasets\Alvaro\Floresta-3-20260714T215823Z-1-001\Floresta-3\test\images\0-49-2_png_jpg.rf.de7d4facbe8af39a3637cb01062a1203.jpg,test,D:\Datasets\Alvaro\Floresta-3-20260714T215823Z-1-001\Floresta-3\valid\images\0-49-2_png_jpg.rf.b0d3653f22ca3a63e8c67e42cdf792a4.jpg,0.9029523134231567
validation-test,validation,D:\Datasets\Alvaro\Floresta-3-20260714T215823Z-1-001\Floresta-3\test\images\0-49-45_png_jpg.rf.cb4b9088952fe5ec109a5aff57c78d04.jpg,test,D:\Datasets\Alvaro\Floresta-3-20260714T215823Z-1-001\Floresta-3\valid\images\0-44-58_png_jpg.rf.0178a55e5a86ef02db9cf561e7563e80.jpg,0.8727575540542603
validation-test,validation,D:\Datasets\Alvaro\Floresta-3-20260714T215823Z-1-001\Floresta-3\test\images\0-5-11_png_jpg.rf.70b0879e2680ae6c5076028515ad2331.jpg,test,D:\Datasets\Alvaro\Floresta-3-20260714T215823Z-1-001\Floresta-3\valid\images\0-5-11_png_jpg.rf.0c2a5deba500300636aabc1d5d588fa2.jpg,0.8728229999542236
validation-test,validation,D:\Datasets\Alvaro\Floresta-3-20260714T215823Z-1-001\Floresta-3\test\images\0-51-37_png_jpg.rf.0ac54cb512b830afa8d34a180afd8e55.jpg,test,D:\Datasets\Alvaro\Floresta-3-20260714T215823Z-1-001\Floresta-3\valid\images\0-51-37_png_jpg.rf.7aacd08beb69d968393836a7b41a95cb.jpg,0.9590597152709961
validation-test,validation,D:\Datasets\Alvaro\Floresta-3-20260714T215823Z-1-001\Floresta-3\test\images\0-52-58_png_jpg.rf.32f161aed7e23121aae5b678dc8a63a6.jpg,test,D:\Datasets\Alvaro\Floresta-3-20260714T215823Z-1-001\Floresta-3\valid\images\0-52-58_png_jpg.rf.c098aa9f957b5b15154d51201651c4cd.jpg,0.9170842170715332
validation-test,validation,D:\Datasets\Alvaro\Floresta-3-20260714T215823Z-1-001\Floresta-3\test\images\0-52-58_png_jpg.rf.7e89edd562d47d63b8f1362bcd259d6e.jpg,test,D:\Datasets\Alvaro\Floresta-3-20260714T215823Z-1-001\Floresta-3\valid\images\0-52-58_png_jpg.rf.d55622b6fcdc61a258337657c4c1742a.jpg,0.9423485994338989
validation-test,validation,D:\Datasets\Alvaro\Floresta-3-20260714T215823Z-1-001\Floresta-3\test\images\0-56-28_png_jpg.rf.2036bdcd62369863cf9772572c3aa975.jpg,test,D:\Datasets\Alvaro\Floresta-3-20260714T215823Z-1-001\Floresta-3\valid\images\0-56-28_png_jpg.rf.5c1e7010a80cccb372761bc76c7bf725.jpg,0.9096193313598633
validation-test,validation,D:\Datasets\Alvaro\Floresta-3-20260714T215823Z-1-001\Floresta-3\test\images\0-56-28_png_jpg.rf.693e23dc904f2ecca7b407fbf3062f7a.jpg,test,D:\Datasets\Alvaro\Floresta-3-20260714T215823Z-1-001\Floresta-3\valid\images\0-56-28_png_jpg.rf.5c1e7010a80cccb372761bc76c7bf725.jpg,0.9414887428283691
validation-test,validation,D:\Datasets\Alvaro\Floresta-3-20260714T215823Z-1-001\Floresta-3\test\images\0-56-28_png_jpg.rf.c4d761b8a0e9711859475833efe8f824.jpg,test,D:\Datasets\Alvaro\Floresta-3-20260714T215823Z-1-001\Floresta-3\valid\images\0-56-28_png_jpg.rf.5c1e7010a80cccb372761bc76c7bf725.jpg,0.9273537397384644
validation-test,validation,D:\Datasets\Alvaro\Floresta-3-20260714T215823Z-1-001\Floresta-3\test\images\0-57-29_png_jpg.rf.0f3bacd9259cb8cd8e3d864213e5913a.jpg,test,D:\Datasets\Alvaro\Floresta-3-20260714T215823Z-1-001\Floresta-3\valid\images\0-57-29_png_jpg.rf.901a1d781c19892d4d408fae896adbe2.jpg,0.905158281326294
validation-test,validation,D:\Datasets\Alvaro\Floresta-3-20260714T215823Z-1-001\Floresta-3\test\images\0-57-29_png_jpg.rf.1bdec7351cb14eab1da05a9f9b21a180.jpg,test,D:\Datasets\Alvaro\Floresta-3-20260714T215823Z-1-001\Floresta-3\valid\images\0-57-29_png_jpg.rf.46f79d5be9ca72a7444c0f4890df566f.jpg,0.919926643371582
validation-test,validation,D:\Datasets\Alvaro\Floresta-3-20260714T215823Z-1-001\Floresta-3\test\images\0-57-29_png_jpg.rf.fefa462afd8357ec6d386b43963fa909.jpg,test,D:\Datasets\Alvaro\Floresta-3-20260714T215823Z-1-001\Floresta-3\valid\images\0-57-29_png_jpg.rf.0069b1a0f7a6b4743c7b2c11ceb10678.jpg,0.9216735363006592
validation-test,validation,D:\Datasets\Alvaro\Floresta-3-20260714T215823Z-1-001\Floresta-3\test\images\0-57-57_png_jpg.rf.01508e059bf5abfdd0f044bf633e9bc0.jpg,test,D:\Datasets\Alvaro\Floresta-3-20260714T215823Z-1-001\Floresta-3\valid\images\0-57-57_png_jpg.rf.9332353a337a81d8a390a4eae12d8f7a.jpg,0.9547334313392639
validation-test,validation,D:\Datasets\Alvaro\Floresta-3-20260714T215823Z-1-001\Floresta-3\test\images\0-59-15_png_jpg.rf.b695dd486bc4f6080d83ade4de98f32a.jpg,test,D:\Datasets\Alvaro\Floresta-3-20260714T215823Z-1-001\Floresta-3\valid\images\0-59-15_png_jpg.rf.4dcc8ed2e66e764ee1045e2a93e6b5cf.jpg,0.9568188190460205
validation-test,validation,D:\Datasets\Alvaro\Floresta-3-20260714T215823Z-1-001\Floresta-3\test\images\0-59-44_png_jpg.rf.11f833393c07cb8f1ac5ecfb6af084c0.jpg,test,D:\Datasets\Alvaro\Floresta-3-20260714T215823Z-1-001\Floresta-3\valid\images\0-59-44_png_jpg.rf.09f5fee9e4713bf69dc9f5d934ab8285.jpg,0.9048137664794922
validation-test,validation,D:\Datasets\Alvaro\Floresta-3-20260714T215823Z-1-001\Floresta-3\test\images\0-59-44_png_jpg.rf.60027cf1601cfa6c8a39164944ad8ffe.jpg,test,D:\Datasets\Alvaro\Floresta-3-20260714T215823Z-1-001\Floresta-3\valid\images\0-59-44_png_jpg.rf.09f5fee9e4713bf69dc9f5d934ab8285.jpg,0.8934364318847656
validation-test,validation,D:\Datasets\Alvaro\Floresta-3-20260714T215823Z-1-001\Floresta-3\test\images\0-6-57_png_jpg.rf.edf739c93c189818ef358ed636e6e85e.jpg,test,D:\Datasets\Alvaro\Floresta-3-20260714T215823Z-1-001\Floresta-3\valid\images\0-6-57_png_jpg.rf.bb5a0f0f09979c9280649ec37edb1599.jpg,0.9441370964050293
validation-test,validation,D:\Datasets\Alvaro\Floresta-3-20260714T215823Z-1-001\Floresta-3\test\images\0-62-49_png_jpg.rf.b7d448b88485af72dd5d95ea629d39b4.jpg,test,D:\Datasets\Alvaro\Floresta-3-20260714T215823Z-1-001\Floresta-3\valid\images\0-62-49_png_jpg.rf.81dfb5404a0d714de5002b876d133499.jpg,0.8935739994049072
validation-test,validation,D:\Datasets\Alvaro\Floresta-3-20260714T215823Z-1-001\Floresta-3\test\images\0-63-9_png_jpg.rf.31cf99588f8e753d3f29b88465077bcf.jpg,test,D:\Datasets\Alvaro\Floresta-3-20260714T215823Z-1-001\Floresta-3\valid\images\0-63-9_png_jpg.rf.82adc955d8907d03eaca2cffccadc4f3.jpg,0.9685875177383423
validation-test,validation,D:\Datasets\Alvaro\Floresta-3-20260714T215823Z-1-001\Floresta-3\test\images\0-63-9_png_jpg.rf.dedb098cdafd87fd3775de04110e1724.jpg,test,D:\Datasets\Alvaro\Floresta-3-20260714T215823Z-1-001\Floresta-3\valid\images\0-63-9_png_jpg.rf.4130e9f0df98d89dbc619dd471deac05.jpg,0.978402853012085
validation-test,validation,D:\Datasets\Alvaro\Floresta-3-20260714T215823Z-1-001\Floresta-3\test\images\0-64-40_png_jpg.rf.1246182103a3de76c49a31d2473b7476.jpg,test,D:\Datasets\Alvaro\Floresta-3-20260714T215823Z-1-001\Floresta-3\valid\images\0-60-42_png_jpg.rf.fef1e76911bf12f5443307362ab6eeb6.jpg,0.8332270383834839
validation-test,validation,D:\Datasets\Alvaro\Floresta-3-20260714T215823Z-1-001\Floresta-3\test\images\0-64-40_png_jpg.rf.b9dcd111d89fe0df4ffcf4a3c0da3817.jpg,test,D:\Datasets\Alvaro\Floresta-3-20260714T215823Z-1-001\Floresta-3\valid\images\1-25-20_png_jpg.rf.a0890f7daa4d57942482ee232cfbe2c9.jpg,0.8729555606842041
validation-test,validation,D:\Datasets\Alvaro\Floresta-3-20260714T215823Z-1-001\Floresta-3\test\images\0-65-37_png_jpg.rf.0c5a356c69cb72d3e745fdd3f427ea08.jpg,test,D:\Datasets\Alvaro\Floresta-3-20260714T215823Z-1-001\Floresta-3\valid\images\0-66-35_png_jpg.rf.0e0881e3bcd6561c57a777808b6dd1c8.jpg,0.8814430832862854
validation-test,validation,D:\Datasets\Alvaro\Floresta-3-20260714T215823Z-1-001\Floresta-3\test\images\0-66-35_png_jpg.rf.35136e7a2044c79fcbdd4e454959d1ae.jpg,test,D:\Datasets\Alvaro\Floresta-3-20260714T215823Z-1-001\Floresta-3\valid\images\0-66-35_png_jpg.rf.0e0881e3bcd6561c57a777808b6dd1c8.jpg,0.944788932800293
validation-test,validation,D:\Datasets\Alvaro\Floresta-3-20260714T215823Z-1-001\Floresta-3\test\images\0-66-35_png_jpg.rf.9fb54d6cf71e8e765c304def3dfc5db1.jpg,test,D:\Datasets\Alvaro\Floresta-3-20260714T215823Z-1-001\Floresta-3\valid\images\0-46-14_png_jpg.rf.bdb7fc6409c38f72f4fd404efd7d19c2.jpg,0.9323782324790955
validation-test,validation,D:\Datasets\Alvaro\Floresta-3-20260714T215823Z-1-001\Floresta-3\test\images\0-66-35_png_jpg.rf.c47ab37cfce3473e40b556ebd10cd215.jpg,test,D:\Datasets\Alvaro\Floresta-3-20260714T215823Z-1-001\Floresta-3\valid\images\0-66-35_png_jpg.rf.0e0881e3bcd6561c57a777808b6dd1c8.jpg,0.9464287161827087
validation-test,validation,D:\Datasets\Alvaro\Floresta-3-20260714T215823Z-1-001\Floresta-3\test\images\0-66-9_png_jpg.rf.5d2b7780480fbf21f99cde88d2701568.jpg,test,D:\Datasets\Alvaro\Floresta-3-20260714T215823Z-1-001\Floresta-3\valid\images\0-17-35_png_jpg.rf.cc872dfacfc0278a84119fa19c655859.jpg,0.9302958250045776
validation-test,validation,D:\Datasets\Alvaro\Floresta-3-20260714T215823Z-1-001\Floresta-3\test\images\0-69-34_png_jpg.rf.713c6460cac18e95d471e4da6e6e2c76.jpg,test,D:\Datasets\Alvaro\Floresta-3-20260714T215823Z-1-001\Floresta-3\valid\images\0-69-34_png_jpg.rf.83659f1b41430aab1cf81b67b615f59d.jpg,0.9311848878860474
validation-test,validation,D:\Datasets\Alvaro\Floresta-3-20260714T215823Z-1-001\Floresta-3\test\images\0-69-34_png_jpg.rf.835a3509595b21137f49db8dd3f57d16.jpg,test,D:\Datasets\Alvaro\Floresta-3-20260714T215823Z-1-001\Floresta-3\valid\images\0-69-34_png_jpg.rf.16bf23ae08b4150c86a7146372c59047.jpg,0.9645694494247437
validation-test,validation,D:\Datasets\Alvaro\Floresta-3-20260714T215823Z-1-001\Floresta-3\test\images\0-7-37_png_jpg.rf.1274551c7f7b9103691988e33dc87ae2.jpg,test,D:\Datasets\Alvaro\Floresta-3-20260714T215823Z-1-001\Floresta-3\valid\images\0-7-37_png_jpg.rf.77fd2bf3c192b89cd76496e077d6ffe3.jpg,0.928367018699646
validation-test,validation,D:\Datasets\Alvaro\Floresta-3-20260714T215823Z-1-001\Floresta-3\test\images\0-7-37_png_jpg.rf.fd1427cd24670d975a1e4acbd134f0e1.jpg,test,D:\Datasets\Alvaro\Floresta-3-20260714T215823Z-1-001\Floresta-3\valid\images\0-7-37_png_jpg.rf.77fd2bf3c192b89cd76496e077d6ffe3.jpg,0.9064997434616089
validation-test,validation,D:\Datasets\Alvaro\Floresta-3-20260714T215823Z-1-001\Floresta-3\test\images\0-72-37_png_jpg.rf.9c5a83763517a41f2de86ce5e2b4a51a.jpg,test,D:\Datasets\Alvaro\Floresta-3-20260714T215823Z-1-001\Floresta-3\valid\images\0-72-37_png_jpg.rf.a75d905b537285a75af5c20ef7bad3a7.jpg,0.9557745456695557
validation-test,validation,D:\Datasets\Alvaro\Floresta-3-20260714T215823Z-1-001\Floresta-3\test\images\0-76-1_png_jpg.rf.4e7fcd26d80c2f4ebbd8a0c30f315bfd.jpg,test,D:\Datasets\Alvaro\Floresta-3-20260714T215823Z-1-001\Floresta-3\valid\images\0-76-1_png_jpg.rf.bfd317d4e0fc85903372f6acd685d56b.jpg,0.9343947172164917
validation-test,validation,D:\Datasets\Alvaro\Floresta-3-20260714T215823Z-1-001\Floresta-3\test\images\0-77-36_png_jpg.rf.51cddebbe92cf17e5f74adeb6fe27b6d.jpg,test,D:\Datasets\Alvaro\Floresta-3-20260714T215823Z-1-001\Floresta-3\valid\images\1-5-12_png_jpg.rf.8aad368953c3b1180853d9ee42be0442.jpg,0.8073285222053528
validation-test,validation,D:\Datasets\Alvaro\Floresta-3-20260714T215823Z-1-001\Floresta-3\test\images\0-77-36_png_jpg.rf.f1a0375bd541a25e6ecda4152fe3710f.jpg,test,D:\Datasets\Alvaro\Floresta-3-20260714T215823Z-1-001\Floresta-3\valid\images\0-39-33_png_jpg.rf.b7c6282d314ad7f63b774b7aee854236.jpg,0.8162668943405151
validation-test,validation,D:\Datasets\Alvaro\Floresta-3-20260714T215823Z-1-001\Floresta-3\test\images\0-79-31_png_jpg.rf.12393ca37282abaf1bb497a7592268a2.jpg,test,D:\Datasets\Alvaro\Floresta-3-20260714T215823Z-1-001\Floresta-3\valid\images\0-79-31_png_jpg.rf.c5337e751d09daea649368e7f28c9f40.jpg,0.9059942364692688
validation-test,validation,D:\Datasets\Alvaro\Floresta-3-20260714T215823Z-1-001\Floresta-3\test\images\0-79-31_png_jpg.rf.212e05a88acc6af026affc6c2f376f87.jpg,test,D:\Datasets\Alvaro\Floresta-3-20260714T215823Z-1-001\Floresta-3\valid\images\0-79-31_png_jpg.rf.c5337e751d09daea649368e7f28c9f40.jpg,0.9321917295455933
validation-test,validation,D:\Datasets\Alvaro\Floresta-3-20260714T215823Z-1-001\Floresta-3\test\images\0-8-33_png_jpg.rf.15a931276057116748e26bbf3c21d473.jpg,test,D:\Datasets\Alvaro\Floresta-3-20260714T215823Z-1-001\Floresta-3\valid\images\0-8-33_png_jpg.rf.14756955179a6b3876cc410b81841143.jpg,0.9638296961784363
validation-test,validation,D:\Datasets\Alvaro\Floresta-3-20260714T215823Z-1-001\Floresta-3\test\images\0-8-33_png_jpg.rf.4557720141184f10cd9eff22ac750fb5.jpg,test,D:\Datasets\Alvaro\Floresta-3-20260714T215823Z-1-001\Floresta-3\valid\images\0-8-33_png_jpg.rf.14756955179a6b3876cc410b81841143.jpg,0.9718593955039978
validation-test,validation,D:\Datasets\Alvaro\Floresta-3-20260714T215823Z-1-001\Floresta-3\test\images\0-8-34_png_jpg.rf.8309d7859fd737b5daaa8ac571298c98.jpg,test,D:\Datasets\Alvaro\Floresta-3-20260714T215823Z-1-001\Floresta-3\valid\images\0-8-34_png_jpg.rf.bd3f456be50efd4869c6df34d721a6c0.jpg,0.9132671356201172
validation-test,validation,D:\Datasets\Alvaro\Floresta-3-20260714T215823Z-1-001\Floresta-3\test\images\0-8-34_png_jpg.rf.b3649fa43fbcdf7c6375d3ed9dfb0d1b.jpg,test,D:\Datasets\Alvaro\Floresta-3-20260714T215823Z-1-001\Floresta-3\valid\images\0-8-34_png_jpg.rf.52db85235c5d8df4b774ae1df1adb0eb.jpg,0.9276221990585327
validation-test,validation,D:\Datasets\Alvaro\Floresta-3-20260714T215823Z-1-001\Floresta-3\test\images\0-9-42_png_jpg.rf.a8de2b34659aab13e26c083939610694.jpg,test,D:\Datasets\Alvaro\Floresta-3-20260714T215823Z-1-001\Floresta-3\valid\images\0-9-42_png_jpg.rf.0c14af923a1d3d89a5d3aae91996f770.jpg,0.9084088802337646
validation-test,validation,D:\Datasets\Alvaro\Floresta-3-20260714T215823Z-1-001\Floresta-3\test\images\0-9-42_png_jpg.rf.d49f05638ed72ba669495af30425d185.jpg,test,D:\Datasets\Alvaro\Floresta-3-20260714T215823Z-1-001\Floresta-3\valid\images\0-9-42_png_jpg.rf.f65744f5651421b6e288792f9a7503fa.jpg,0.9484695196151733
validation-test,validation,D:\Datasets\Alvaro\Floresta-3-20260714T215823Z-1-001\Floresta-3\test\images\1-12-20_png_jpg.rf.496d941beb27e749732c11ace170fe24.jpg,test,D:\Datasets\Alvaro\Floresta-3-20260714T215823Z-1-001\Floresta-3\valid\images\1-12-20_png_jpg.rf.99a7d999fde52593cc27b777aaed6246.jpg,0.9645010232925415
validation-test,validation,D:\Datasets\Alvaro\Floresta-3-20260714T215823Z-1-001\Floresta-3\test\images\1-12-20_png_jpg.rf.dee6f190cc82abd81736d7af8e6e35fb.jpg,test,D:\Datasets\Alvaro\Floresta-3-20260714T215823Z-1-001\Floresta-3\valid\images\1-12-20_png_jpg.rf.f3a3c91150a221ba932108fced7b0089.jpg,0.9314231872558594
validation-test,validation,D:\Datasets\Alvaro\Floresta-3-20260714T215823Z-1-001\Floresta-3\test\images\1-16-3_png_jpg.rf.d5a65a614e7a1d77132e193a65d9edbd.jpg,test,D:\Datasets\Alvaro\Floresta-3-20260714T215823Z-1-001\Floresta-3\valid\images\0-63-9_png_jpg.rf.4130e9f0df98d89dbc619dd471deac05.jpg,0.898340106010437
validation-test,validation,D:\Datasets\Alvaro\Floresta-3-20260714T215823Z-1-001\Floresta-3\test\images\1-2-18_png_jpg.rf.07f26c4de8197f9a9c01a0238a22f740.jpg,test,D:\Datasets\Alvaro\Floresta-3-20260714T215823Z-1-001\Floresta-3\valid\images\1-2-18_png_jpg.rf.6e47a3fb70d75457cfbaf374274b8c98.jpg,0.8612818717956543
validation-test,validation,D:\Datasets\Alvaro\Floresta-3-20260714T215823Z-1-001\Floresta-3\test\images\1-2-18_png_jpg.rf.8f71dbb9fce1720fd8ae7fae49a73615.jpg,test,D:\Datasets\Alvaro\Floresta-3-20260714T215823Z-1-001\Floresta-3\valid\images\1-2-18_png_jpg.rf.6e47a3fb70d75457cfbaf374274b8c98.jpg,0.8608087301254272
validation-test,validation,D:\Datasets\Alvaro\Floresta-3-20260714T215823Z-1-001\Floresta-3\test\images\1-2-3_png_jpg.rf.194fe584bd065d31a5126f0b23044502.jpg,test,D:\Datasets\Alvaro\Floresta-3-20260714T215823Z-1-001\Floresta-3\valid\images\1-2-3_png_jpg.rf.e7a4d32e39c6793ed95fa897a01dd303.jpg,0.9034026861190796
validation-test,validation,D:\Datasets\Alvaro\Floresta-3-20260714T215823Z-1-001\Floresta-3\test\images\1-21-23_png_jpg.rf.25a353b274aae5e4c276c3f793d9a15e.jpg,test,D:\Datasets\Alvaro\Floresta-3-20260714T215823Z-1-001\Floresta-3\valid\images\1-21-23_png_jpg.rf.a524ca3800cfcc4a52fe5e12e49c2cb7.jpg,0.931800365447998
validation-test,validation,D:\Datasets\Alvaro\Floresta-3-20260714T215823Z-1-001\Floresta-3\test\images\1-21-23_png_jpg.rf.446431153fdb90f20a81eeb1998a5a85.jpg,test,D:\Datasets\Alvaro\Floresta-3-20260714T215823Z-1-001\Floresta-3\valid\images\1-21-23_png_jpg.rf.a524ca3800cfcc4a52fe5e12e49c2cb7.jpg,0.8905531167984009
validation-test,validation,D:\Datasets\Alvaro\Floresta-3-20260714T215823Z-1-001\Floresta-3\test\images\1-25-0_png_jpg.rf.ea24e80f6adaa643803cf6e288123e8f.jpg,test,D:\Datasets\Alvaro\Floresta-3-20260714T215823Z-1-001\Floresta-3\valid\images\1-5-12_png_jpg.rf.8aad368953c3b1180853d9ee42be0442.jpg,0.8040810227394104
validation-test,validation,D:\Datasets\Alvaro\Floresta-3-20260714T215823Z-1-001\Floresta-3\test\images\1-25-20_png_jpg.rf.554cb2d764df22ab3531992cdee46acf.jpg,test,D:\Datasets\Alvaro\Floresta-3-20260714T215823Z-1-001\Floresta-3\valid\images\1-25-20_png_jpg.rf.e64908534ac8ce2af000e40c3e4decd1.jpg,0.9421249628067017
validation-test,validation,D:\Datasets\Alvaro\Floresta-3-20260714T215823Z-1-001\Floresta-3\test\images\1-25-20_png_jpg.rf.6ceeca6f2ae6adb645589f24e174fc7a.jpg,test,D:\Datasets\Alvaro\Floresta-3-20260714T215823Z-1-001\Floresta-3\valid\images\1-25-20_png_jpg.rf.78f9878f3739edc4a409af20d8163b24.jpg,0.8948673009872437
validation-test,validation,D:\Datasets\Alvaro\Floresta-3-20260714T215823Z-1-001\Floresta-3\test\images\1-25-20_png_jpg.rf.d163b61b200347aa92baf2571ead08d6.jpg,test,D:\Datasets\Alvaro\Floresta-3-20260714T215823Z-1-001\Floresta-3\valid\images\1-25-20_png_jpg.rf.a0890f7daa4d57942482ee232cfbe2c9.jpg,0.9381769895553589
validation-test,validation,D:\Datasets\Alvaro\Floresta-3-20260714T215823Z-1-001\Floresta-3\test\images\1-25-20_png_jpg.rf.ed224bac5091cb506abe9764f22d1d36.jpg,test,D:\Datasets\Alvaro\Floresta-3-20260714T215823Z-1-001\Floresta-3\valid\images\1-25-20_png_jpg.rf.e64908534ac8ce2af000e40c3e4decd1.jpg,0.904666543006897
validation-test,validation,D:\Datasets\Alvaro\Floresta-3-20260714T215823Z-1-001\Floresta-3\test\images\1-26-15_png_jpg.rf.65315b019e93c2d840211999ca655c09.jpg,test,D:\Datasets\Alvaro\Floresta-3-20260714T215823Z-1-001\Floresta-3\valid\images\0-27-5_png_jpg.rf.7e028446b49304597b4cbf60778c3420.jpg,0.8690602779388428
validation-test,validation,D:\Datasets\Alvaro\Floresta-3-20260714T215823Z-1-001\Floresta-3\test\images\1-27-22_png_jpg.rf.5d17043b694dc69b5837562d26a72e34.jpg,test,D:\Datasets\Alvaro\Floresta-3-20260714T215823Z-1-001\Floresta-3\valid\images\1-27-22_png_jpg.rf.fff27ed9e2376a8c91aee038ef6e5205.jpg,0.9335364103317261
validation-test,validation,D:\Datasets\Alvaro\Floresta-3-20260714T215823Z-1-001\Floresta-3\test\images\1-27-22_png_jpg.rf.6e4b2b42e2ddf6effd011e80383b9048.jpg,test,D:\Datasets\Alvaro\Floresta-3-20260714T215823Z-1-001\Floresta-3\valid\images\1-27-22_png_jpg.rf.87a3672dc3b852a2502cdae5973834ae.jpg,0.9478620290756226
validation-test,validation,D:\Datasets\Alvaro\Floresta-3-20260714T215823Z-1-001\Floresta-3\test\images\1-27-22_png_jpg.rf.e940059948af211898015bfe1fc7d1dd.jpg,test,D:\Datasets\Alvaro\Floresta-3-20260714T215823Z-1-001\Floresta-3\valid\images\1-27-22_png_jpg.rf.87a3672dc3b852a2502cdae5973834ae.jpg,0.9707522392272949
validation-test,validation,D:\Datasets\Alvaro\Floresta-3-20260714T215823Z-1-001\Floresta-3\test\images\1-3-6_png_jpg.rf.68c8322853cc478f9f894f40c8cfd2cf.jpg,test,D:\Datasets\Alvaro\Floresta-3-20260714T215823Z-1-001\Floresta-3\valid\images\1-3-6_png_jpg.rf.7096ca17b79d641b9a920e19b7d2965d.jpg,0.9655113816261292
validation-test,validation,D:\Datasets\Alvaro\Floresta-3-20260714T215823Z-1-001\Floresta-3\test\images\1-3-6_png_jpg.rf.c20b0845c3e362a2b30f6b0c286b380b.jpg,test,D:\Datasets\Alvaro\Floresta-3-20260714T215823Z-1-001\Floresta-3\valid\images\1-3-6_png_jpg.rf.7096ca17b79d641b9a920e19b7d2965d.jpg,0.9208101034164429
validation-test,validation,D:\Datasets\Alvaro\Floresta-3-20260714T215823Z-1-001\Floresta-3\test\images\1-36-17_png_jpg.rf.75aebc267f71a78f6f0455197ea36e6f.jpg,test,D:\Datasets\Alvaro\Floresta-3-20260714T215823Z-1-001\Floresta-3\valid\images\0-63-9_png_jpg.rf.4130e9f0df98d89dbc619dd471deac05.jpg,0.8864965438842773
validation-test,validation,D:\Datasets\Alvaro\Floresta-3-20260714T215823Z-1-001\Floresta-3\test\images\1-36-17_png_jpg.rf.7ad72615ab3398dc26b63ec7e898d6d8.jpg,test,D:\Datasets\Alvaro\Floresta-3-20260714T215823Z-1-001\Floresta-3\valid\images\0-63-9_png_jpg.rf.4130e9f0df98d89dbc619dd471deac05.jpg,0.869773268699646
validation-test,validation,D:\Datasets\Alvaro\Floresta-3-20260714T215823Z-1-001\Floresta-3\test\images\1-37-5_png_jpg.rf.0364545d02b4c7b134aff3baf0200976.jpg,test,D:\Datasets\Alvaro\Floresta-3-20260714T215823Z-1-001\Floresta-3\valid\images\1-37-5_png_jpg.rf.d081a4fa0bbce5cffd9b8845fa88d117.jpg,0.9266728758811951
validation-test,validation,D:\Datasets\Alvaro\Floresta-3-20260714T215823Z-1-001\Floresta-3\test\images\1-37-5_png_jpg.rf.3357bbe1676288673177179ac32d9c8a.jpg,test,D:\Datasets\Alvaro\Floresta-3-20260714T215823Z-1-001\Floresta-3\valid\images\1-37-5_png_jpg.rf.d081a4fa0bbce5cffd9b8845fa88d117.jpg,0.9325902462005615
validation-test,validation,D:\Datasets\Alvaro\Floresta-3-20260714T215823Z-1-001\Floresta-3\test\images\1-37-5_png_jpg.rf.7730bdd5ee8ef930c732a1971c1ec766.jpg,test,D:\Datasets\Alvaro\Floresta-3-20260714T215823Z-1-001\Floresta-3\valid\images\1-37-5_png_jpg.rf.b5d7de2411cb4e3e366897df9e0bd338.jpg,0.9637079238891602
validation-test,validation,D:\Datasets\Alvaro\Floresta-3-20260714T215823Z-1-001\Floresta-3\test\images\1-4-2_png_jpg.rf.47d66b15828eefca5b347b2e3abcf9d4.jpg,test,D:\Datasets\Alvaro\Floresta-3-20260714T215823Z-1-001\Floresta-3\valid\images\1-12-20_png_jpg.rf.45f08d72f48c29cbe4fafce3dd13ad62.jpg,0.8504514694213867
validation-test,validation,D:\Datasets\Alvaro\Floresta-3-20260714T215823Z-1-001\Floresta-3\test\images\1-4-2_png_jpg.rf.e1937771c9b52b3503eb0f67eb2f098c.jpg,test,D:\Datasets\Alvaro\Floresta-3-20260714T215823Z-1-001\Floresta-3\valid\images\1-4-2_png_jpg.rf.32938c62c1992cf5f3368f5df1ef3e23.jpg,0.9375883340835571
validation-test,validation,D:\Datasets\Alvaro\Floresta-3-20260714T215823Z-1-001\Floresta-3\test\images\1-5-12_png_jpg.rf.59572aac364c413c72a25002fd49e114.jpg,test,D:\Datasets\Alvaro\Floresta-3-20260714T215823Z-1-001\Floresta-3\valid\images\1-5-12_png_jpg.rf.423e13675e72367c172645c5b3b5d192.jpg,0.9491956233978271
validation-test,validation,D:\Datasets\Alvaro\Floresta-3-20260714T215823Z-1-001\Floresta-3\test\images\1-8-14_png_jpg.rf.b5ceca159a3cae5c9dfdd064da145b15.jpg,test,D:\Datasets\Alvaro\Floresta-3-20260714T215823Z-1-001\Floresta-3\valid\images\1-8-14_png_jpg.rf.c57dadd527c44219b27c0e2467720fdc.jpg,0.9525010585784912
validation-test,validation,D:\Datasets\Alvaro\Floresta-3-20260714T215823Z-1-001\Floresta-3\test\images\1-8-17_png_jpg.rf.0f4da20978f44bc549a54d48eef5233c.jpg,test,D:\Datasets\Alvaro\Floresta-3-20260714T215823Z-1-001\Floresta-3\valid\images\0-17-35_png_jpg.rf.445840c4106d0661b45eaa1e5a7f747d.jpg,0.9343278408050537
validation-test,validation,D:\Datasets\Alvaro\Floresta-3-20260714T215823Z-1-001\Floresta-3\test\images\1-8-1_png_jpg.rf.5c5dcf6ab2309894643aef3884a281d3.jpg,test,D:\Datasets\Alvaro\Floresta-3-20260714T215823Z-1-001\Floresta-3\valid\images\1-8-1_png_jpg.rf.7341477d070ce809ee2ee1800c73a7cd.jpg,0.9613732099533081
validation-test,validation,D:\Datasets\Alvaro\Floresta-3-20260714T215823Z-1-001\Floresta-3\test\images\1-8-1_png_jpg.rf.c76084a1cf98d573fd27aecb65f109aa.jpg,test,D:\Datasets\Alvaro\Floresta-3-20260714T215823Z-1-001\Floresta-3\valid\images\1-8-1_png_jpg.rf.ab54e19b8158f90fb97218bf13a9fe9a.jpg,0.9209593534469604
validation-test,validation,D:\Datasets\Alvaro\Floresta-3-20260714T215823Z-1-001\Floresta-3\test\images\1-9-4_png_jpg.rf.5ac2b2520553a462ca58248536f25410.jpg,test,D:\Datasets\Alvaro\Floresta-3-20260714T215823Z-1-001\Floresta-3\valid\images\1-8-1_png_jpg.rf.ab54e19b8158f90fb97218bf13a9fe9a.jpg,0.8073161840438843
validation-test,validation,D:\Datasets\Alvaro\Floresta-3-20260714T215823Z-1-001\Floresta-3\test\images\1-9-4_png_jpg.rf.8ec46c1836a3d620a653885e765c7a70.jpg,test,D:\Datasets\Alvaro\Floresta-3-20260714T215823Z-1-001\Floresta-3\valid\images\0-27-5_png_jpg.rf.7e028446b49304597b4cbf60778c3420.jpg,0.8573834896087646
validation-test,validation,D:\Datasets\Alvaro\Floresta-3-20260714T215823Z-1-001\Floresta-3\test\images\100_0001_0004-2_jpg.rf.8ffa884130c0aaadbe09567a86ea7da4.jpg,test,D:\Datasets\Alvaro\Floresta-3-20260714T215823Z-1-001\Floresta-3\valid\images\100_0001_0006-2_jpg.rf.ad3729dab32f7cc10a39a0dd0bd56491.jpg,0.918205738067627
validation-test,validation,D:\Datasets\Alvaro\Floresta-3-20260714T215823Z-1-001\Floresta-3\test\images\100_0001_0006-2_jpg.rf.d40076178f7b738f642c416dc27e6e4d.jpg,test,D:\Datasets\Alvaro\Floresta-3-20260714T215823Z-1-001\Floresta-3\valid\images\100_0001_0006-2_jpg.rf.ad3729dab32f7cc10a39a0dd0bd56491.jpg,0.961816668510437
validation-test,validation,D:\Datasets\Alvaro\Floresta-3-20260714T215823Z-1-001\Floresta-3\test\images\100_0001_0006-2_jpg.rf.eceb05793596eeecc82a634c97ca12f2.jpg,test,D:\Datasets\Alvaro\Floresta-3-20260714T215823Z-1-001\Floresta-3\valid\images\100_0001_0006-2_jpg.rf.ad3729dab32f7cc10a39a0dd0bd56491.jpg,0.8856854438781738
validation-test,validation,D:\Datasets\Alvaro\Floresta-3-20260714T215823Z-1-001\Floresta-3\test\images\100_0001_0013-2_jpg.rf.45b327a54571566b4d3413f6c6706653.jpg,test,D:\Datasets\Alvaro\Floresta-3-20260714T215823Z-1-001\Floresta-3\valid\images\100_0001_0013-2_jpg.rf.f94794d2a0a5549397cfeaef0f3ba276.jpg,0.9552454948425293
validation-test,validation,D:\Datasets\Alvaro\Floresta-3-20260714T215823Z-1-001\Floresta-3\test\images\100_0001_0015-5_jpg.rf.a39e5b6f78834a738b0c188a89ce80a5.jpg,test,D:\Datasets\Alvaro\Floresta-3-20260714T215823Z-1-001\Floresta-3\valid\images\100_0001_0014-5_jpg.rf.bf4f6a2f0e34c2fd72ec0482188e7201.jpg,0.9083781838417053
validation-test,validation,D:\Datasets\Alvaro\Floresta-3-20260714T215823Z-1-001\Floresta-3\test\images\100_0001_0015-5_jpg.rf.d4d45714924fe8c7ba9957a88975279c.jpg,test,D:\Datasets\Alvaro\Floresta-3-20260714T215823Z-1-001\Floresta-3\valid\images\100_0001_0014-5_jpg.rf.bf4f6a2f0e34c2fd72ec0482188e7201.jpg,0.9060503244400024
validation-test,validation,D:\Datasets\Alvaro\Floresta-3-20260714T215823Z-1-001\Floresta-3\test\images\100_0001_0016-5_jpg.rf.dec0bf078d5898064d6d07d9272449f0.jpg,test,D:\Datasets\Alvaro\Floresta-3-20260714T215823Z-1-001\Floresta-3\valid\images\100_0001_0016-5_jpg.rf.2a85f2a8bff1f4e41a0ad15180e00dbc.jpg,0.9599733948707581
validation-test,validation,D:\Datasets\Alvaro\Floresta-3-20260714T215823Z-1-001\Floresta-3\test\images\100_0001_0023-3_jpg.rf.9d7a115e256fca494b0f4bf91deb4739.jpg,test,D:\Datasets\Alvaro\Floresta-3-20260714T215823Z-1-001\Floresta-3\valid\images\100_0001_0024-3_jpg.rf.bfc9eb5e73ac5165ab3e3315bd4936fb.jpg,0.8671363592147827
validation-test,validation,D:\Datasets\Alvaro\Floresta-3-20260714T215823Z-1-001\Floresta-3\test\images\100_0001_0025-3_jpg.rf.3fe250e75e4f79af903adbdaaf1d6937.jpg,test,D:\Datasets\Alvaro\Floresta-3-20260714T215823Z-1-001\Floresta-3\valid\images\100_0001_0025-3_jpg.rf.67b40d3ec98cb21ab9c7741760649701.jpg,0.8794025182723999
validation-test,validation,D:\Datasets\Alvaro\Floresta-3-20260714T215823Z-1-001\Floresta-3\test\images\100_0001_0025-3_jpg.rf.75f8b14293be73ca7689b2e2d603aa18.jpg,test,D:\Datasets\Alvaro\Floresta-3-20260714T215823Z-1-001\Floresta-3\valid\images\100_0001_0025-3_jpg.rf.67b40d3ec98cb21ab9c7741760649701.jpg,0.9562516212463379
validation-test,validation,D:\Datasets\Alvaro\Floresta-3-20260714T215823Z-1-001\Floresta-3\test\images\100_0001_0025-3_jpg.rf.d88a08fd38da6fec5736dac83fac5a10.jpg,test,D:\Datasets\Alvaro\Floresta-3-20260714T215823Z-1-001\Floresta-3\valid\images\100_0001_0025-3_jpg.rf.67b40d3ec98cb21ab9c7741760649701.jpg,0.8736526966094971
validation-test,validation,D:\Datasets\Alvaro\Floresta-3-20260714T215823Z-1-001\Floresta-3\test\images\100_0001_0029-3_jpg.rf.62e910acd8f0f595d273bd90417ce6a0.jpg,test,D:\Datasets\Alvaro\Floresta-3-20260714T215823Z-1-001\Floresta-3\valid\images\100_0001_0029-3_jpg.rf.70604977095f8a7b8292cec56316ba37.jpg,0.933692455291748
validation-test,validation,D:\Datasets\Alvaro\Floresta-3-20260714T215823Z-1-001\Floresta-3\test\images\100_0001_0029-3_jpg.rf.c66548d03b6fd9140523cd3bea4e6c05.jpg,test,D:\Datasets\Alvaro\Floresta-3-20260714T215823Z-1-001\Floresta-3\valid\images\100_0001_0029-3_jpg.rf.58f2298e2d50635702c31d71694c0552.jpg,0.9555026292800903
validation-test,validation,D:\Datasets\Alvaro\Floresta-3-20260714T215823Z-1-001\Floresta-3\test\images\100_0001_0031-2_jpg.rf.78ee82c141ba58b6e6c047bbb3dc0aab.jpg,test,D:\Datasets\Alvaro\Floresta-3-20260714T215823Z-1-001\Floresta-3\valid\images\100_0001_0031-3_jpg.rf.8b650dc8677249b26e707d0b877db34e.jpg,0.743893027305603
validation-test,validation,D:\Datasets\Alvaro\Floresta-3-20260714T215823Z-1-001\Floresta-3\test\images\100_0001_0031-3_jpg.rf.146bc27b6d794bcec2bfcd51557f0155.jpg,test,D:\Datasets\Alvaro\Floresta-3-20260714T215823Z-1-001\Floresta-3\valid\images\100_0001_0031-3_jpg.rf.c00fef7ff244e377347cd19adda59ddd.jpg,0.9330890774726868
validation-test,validation,D:\Datasets\Alvaro\Floresta-3-20260714T215823Z-1-001\Floresta-3\test\images\100_0001_0031-3_jpg.rf.c4092f0576fd235b44745fa529504207.jpg,test,D:\Datasets\Alvaro\Floresta-3-20260714T215823Z-1-001\Floresta-3\valid\images\100_0001_0031-3_jpg.rf.a6139bbcc37e2690854210f29dcaa1b7.jpg,0.9268765449523926
validation-test,validation,D:\Datasets\Alvaro\Floresta-3-20260714T215823Z-1-001\Floresta-3\test\images\10_jpg.rf.0fe86a95f7bd47fe7d6f7c2dfad6d153.jpg,test,D:\Datasets\Alvaro\Floresta-3-20260714T215823Z-1-001\Floresta-3\valid\images\10_jpg.rf.11e5484ee917d589d25ff518f49281cd.jpg,0.902682900428772
validation-test,validation,D:\Datasets\Alvaro\Floresta-3-20260714T215823Z-1-001\Floresta-3\test\images\111335_sat_00_jpg.rf.41ee51a45be7c1358f537ef070e7fd82.jpg,test,D:\Datasets\Alvaro\Floresta-3-20260714T215823Z-1-001\Floresta-3\valid\images\111335_sat_00_jpg.rf.8359e8d7a6deb8dbcdb09a12a8302b36.jpg,0.9279396533966064
validation-test,validation,D:\Datasets\Alvaro\Floresta-3-20260714T215823Z-1-001\Floresta-3\test\images\111335_sat_00_jpg.rf.61d2a7ce0f8a0280a0563460cc13b14d.jpg,test,D:\Datasets\Alvaro\Floresta-3-20260714T215823Z-1-001\Floresta-3\valid\images\111335_sat_00_jpg.rf.a6762bd66fb2da8416d6ed22536e0c34.jpg,0.9387485980987549
validation-test,validation,D:\Datasets\Alvaro\Floresta-3-20260714T215823Z-1-001\Floresta-3\test\images\111335_sat_00_jpg.rf.e5eca4e0896df26c0fb840658886c5ae.jpg,test,D:\Datasets\Alvaro\Floresta-3-20260714T215823Z-1-001\Floresta-3\valid\images\111335_sat_00_jpg.rf.a6762bd66fb2da8416d6ed22536e0c34.jpg,0.9287704229354858
validation-test,validation,D:\Datasets\Alvaro\Floresta-3-20260714T215823Z-1-001\Floresta-3\test\images\111335_sat_00_jpg.rf.ea75af035fe112c5535d46ab6b84baea.jpg,test,D:\Datasets\Alvaro\Floresta-3-20260714T215823Z-1-001\Floresta-3\valid\images\111335_sat_00_jpg.rf.a6762bd66fb2da8416d6ed22536e0c34.jpg,0.911393404006958
validation-test,validation,D:\Datasets\Alvaro\Floresta-3-20260714T215823Z-1-001\Floresta-3\test\images\111335_sat_01_jpg.rf.cb5276ee1eb5f197ca0afdb5338eaa60.jpg,test,D:\Datasets\Alvaro\Floresta-3-20260714T215823Z-1-001\Floresta-3\valid\images\111335_sat_01_jpg.rf.9f71ca3a5a932cbfe9dc31e0324840eb.jpg,0.9423851370811462
validation-test,validation,D:\Datasets\Alvaro\Floresta-3-20260714T215823Z-1-001\Floresta-3\test\images\111335_sat_07_jpg.rf.7b8558fe73d8b51c5e5cc4730efc45df.jpg,test,D:\Datasets\Alvaro\Floresta-3-20260714T215823Z-1-001\Floresta-3\valid\images\111335_sat_07_jpg.rf.f021f17d5e3b4d4eca3554d6a0aced72.jpg,0.9235668182373047
validation-test,validation,D:\Datasets\Alvaro\Floresta-3-20260714T215823Z-1-001\Floresta-3\test\images\111335_sat_07_jpg.rf.7ff08ef32af1d069b5236700c9e59fb0.jpg,test,D:\Datasets\Alvaro\Floresta-3-20260714T215823Z-1-001\Floresta-3\valid\images\111335_sat_36_jpg.rf.25c5c8016cfd96f4e81bb100c1dc4b59.jpg,0.889329195022583
validation-test,validation,D:\Datasets\Alvaro\Floresta-3-20260714T215823Z-1-001\Floresta-3\test\images\111335_sat_23_jpg.rf.bfb0971a48310f80e37f1bbd0bf25f92.jpg,test,D:\Datasets\Alvaro\Floresta-3-20260714T215823Z-1-001\Floresta-3\valid\images\111335_sat_23_jpg.rf.c4fdd2a4d16d362cbdd2a3832fd962a3.jpg,0.8371914625167847
validation-test,validation,D:\Datasets\Alvaro\Floresta-3-20260714T215823Z-1-001\Floresta-3\test\images\111335_sat_25_jpg.rf.23233e924754cd7ae09c15d9b7a67510.jpg,test,D:\Datasets\Alvaro\Floresta-3-20260714T215823Z-1-001\Floresta-3\valid\images\111335_sat_25_jpg.rf.e7ac1afcd282263fc0902e50398ec291.jpg,0.9525796175003052
validation-test,validation,D:\Datasets\Alvaro\Floresta-3-20260714T215823Z-1-001\Floresta-3\test\images\111335_sat_25_jpg.rf.6635fba33d7146a69b81512e1a49bc28.jpg,test,D:\Datasets\Alvaro\Floresta-3-20260714T215823Z-1-001\Floresta-3\valid\images\111335_sat_25_jpg.rf.c4d5aaaa101f5833d883d5bc747ef2b4.jpg,0.8578287363052368
validation-test,validation,D:\Datasets\Alvaro\Floresta-3-20260714T215823Z-1-001\Floresta-3\test\images\111335_sat_25_jpg.rf.b6a36fe2a082156d935f65d5400788b1.jpg,test,D:\Datasets\Alvaro\Floresta-3-20260714T215823Z-1-001\Floresta-3\valid\images\111335_sat_25_jpg.rf.c4d5aaaa101f5833d883d5bc747ef2b4.jpg,0.9122848510742188
validation-test,validation,D:\Datasets\Alvaro\Floresta-3-20260714T215823Z-1-001\Floresta-3\test\images\111335_sat_25_jpg.rf.c324953472a3b076c22261836e5be094.jpg,test,D:\Datasets\Alvaro\Floresta-3-20260714T215823Z-1-001\Floresta-3\valid\images\111335_sat_25_jpg.rf.e7ac1afcd282263fc0902e50398ec291.jpg,0.950278639793396
validation-test,validation,D:\Datasets\Alvaro\Floresta-3-20260714T215823Z-1-001\Floresta-3\test\images\111335_sat_36_jpg.rf.4fa1cac0aa7cd08ddd49c81c9a121329.jpg,test,D:\Datasets\Alvaro\Floresta-3-20260714T215823Z-1-001\Floresta-3\valid\images\111335_sat_36_jpg.rf.25377aef12a6e1937076aac2ca8b9138.jpg,0.9709225296974182
validation-test,validation,D:\Datasets\Alvaro\Floresta-3-20260714T215823Z-1-001\Floresta-3\test\images\111335_sat_36_jpg.rf.6c7d42d58ffeaa1c5bab70ca0eede783.jpg,test,D:\Datasets\Alvaro\Floresta-3-20260714T215823Z-1-001\Floresta-3\valid\images\111335_sat_36_jpg.rf.b8943c735f53c81d04a843131d935860.jpg,0.9384363889694214
validation-test,validation,D:\Datasets\Alvaro\Floresta-3-20260714T215823Z-1-001\Floresta-3\test\images\111335_sat_61_jpg.rf.0cedf77842cc960b9373d696a303ddbe.jpg,test,D:\Datasets\Alvaro\Floresta-3-20260714T215823Z-1-001\Floresta-3\valid\images\111335_sat_61_jpg.rf.df8de611cb0a3077cff559275d451e1c.jpg,0.9747335314750671
validation-test,validation,D:\Datasets\Alvaro\Floresta-3-20260714T215823Z-1-001\Floresta-3\test\images\111335_sat_61_jpg.rf.4aaa2af5c66790e466cd1295104423d5.jpg,test,D:\Datasets\Alvaro\Floresta-3-20260714T215823Z-1-001\Floresta-3\valid\images\111335_sat_61_jpg.rf.df8de611cb0a3077cff559275d451e1c.jpg,0.9014180898666382
validation-test,validation,D:\Datasets\Alvaro\Floresta-3-20260714T215823Z-1-001\Floresta-3\test\images\111335_sat_85_jpg.rf.36d9001a6bbcf89199f600597a4b5458.jpg,test,D:\Datasets\Alvaro\Floresta-3-20260714T215823Z-1-001\Floresta-3\valid\images\111335_sat_36_jpg.rf.25377aef12a6e1937076aac2ca8b9138.jpg,0.876710057258606
validation-test,validation,D:\Datasets\Alvaro\Floresta-3-20260714T215823Z-1-001\Floresta-3\test\images\111335_sat_85_jpg.rf.7dff6bb33e1db3e35ae9757eeb5215f8.jpg,test,D:\Datasets\Alvaro\Floresta-3-20260714T215823Z-1-001\Floresta-3\valid\images\111335_sat_36_jpg.rf.25c5c8016cfd96f4e81bb100c1dc4b59.jpg,0.891486644744873
validation-test,validation,D:\Datasets\Alvaro\Floresta-3-20260714T215823Z-1-001\Floresta-3\test\images\119079_sat_00_jpg.rf.16478b567c4c7a2f61ad7f0b547fb368.jpg,test,D:\Datasets\Alvaro\Floresta-3-20260714T215823Z-1-001\Floresta-3\valid\images\111335_sat_00_jpg.rf.a6762bd66fb2da8416d6ed22536e0c34.jpg,0.8205245137214661
validation-test,validation,D:\Datasets\Alvaro\Floresta-3-20260714T215823Z-1-001\Floresta-3\test\images\119079_sat_00_jpg.rf.7cc49ab4206729d73e7487cada901c4b.jpg,test,D:\Datasets\Alvaro\Floresta-3-20260714T215823Z-1-001\Floresta-3\valid\images\111335_sat_00_jpg.rf.a6762bd66fb2da8416d6ed22536e0c34.jpg,0.8359326124191284
validation-test,validation,D:\Datasets\Alvaro\Floresta-3-20260714T215823Z-1-001\Floresta-3\test\images\119079_sat_10_jpg.rf.cdecfa99954af4ad4401916d9dec07ce.jpg,test,D:\Datasets\Alvaro\Floresta-3-20260714T215823Z-1-001\Floresta-3\valid\images\27460_sat_02_jpg.rf.a4683c50b9755a17ee55fce90e7102c5.jpg,0.8610761165618896
validation-test,validation,D:\Datasets\Alvaro\Floresta-3-20260714T215823Z-1-001\Floresta-3\test\images\119079_sat_12_jpg.rf.54d244136bb2735e99b8738a988c70e8.jpg,test,D:\Datasets\Alvaro\Floresta-3-20260714T215823Z-1-001\Floresta-3\valid\images\119079_sat_12_jpg.rf.1b2d5c2e24a98c25ef5ced212bbb64af.jpg,0.9540561437606812
validation-test,validation,D:\Datasets\Alvaro\Floresta-3-20260714T215823Z-1-001\Floresta-3\test\images\119079_sat_12_jpg.rf.ce546b66689315c2dc56d20fc46217a3.jpg,test,D:\Datasets\Alvaro\Floresta-3-20260714T215823Z-1-001\Floresta-3\valid\images\119079_sat_12_jpg.rf.28b44b3e2cb903d3bfac38604c2bddb8.jpg,0.8863439559936523
validation-test,validation,D:\Datasets\Alvaro\Floresta-3-20260714T215823Z-1-001\Floresta-3\test\images\119079_sat_16_jpg.rf.5dcd8388f5a4b836578f6504eed51a05.jpg,test,D:\Datasets\Alvaro\Floresta-3-20260714T215823Z-1-001\Floresta-3\valid\images\119079_sat_16_jpg.rf.231c77b72b185d620e10c3bea2377769.jpg,0.8536877632141113
validation-test,validation,D:\Datasets\Alvaro\Floresta-3-20260714T215823Z-1-001\Floresta-3\test\images\119079_sat_16_jpg.rf.83d2ea7881b135485a7880ce2e2fb2c1.jpg,test,D:\Datasets\Alvaro\Floresta-3-20260714T215823Z-1-001\Floresta-3\valid\images\119079_sat_72_jpg.rf.f263514bea78f6484d061ad4ffa5aa6d.jpg,0.8686807155609131
validation-test,validation,D:\Datasets\Alvaro\Floresta-3-20260714T215823Z-1-001\Floresta-3\test\images\119079_sat_23_jpg.rf.b63ff99ffd878db84429b82e867db5dc.jpg,test,D:\Datasets\Alvaro\Floresta-3-20260714T215823Z-1-001\Floresta-3\valid\images\119079_sat_23_jpg.rf.2aedf4690b0b124d87314405b4570506.jpg,0.9618500471115112
validation-test,validation,D:\Datasets\Alvaro\Floresta-3-20260714T215823Z-1-001\Floresta-3\test\images\119079_sat_40_jpg.rf.02e1ad959cf80b2c0a7cd89be869246d.jpg,test,D:\Datasets\Alvaro\Floresta-3-20260714T215823Z-1-001\Floresta-3\valid\images\119079_sat_40_jpg.rf.605f58c80663023eeaf035fc8b82c853.jpg,0.8716814517974854
validation-test,validation,D:\Datasets\Alvaro\Floresta-3-20260714T215823Z-1-001\Floresta-3\test\images\119079_sat_40_jpg.rf.b10c623e616b309b6085a058b1ea4c56.jpg,test,D:\Datasets\Alvaro\Floresta-3-20260714T215823Z-1-001\Floresta-3\valid\images\119079_sat_41_jpg.rf.4a1901e22c7316a2604f445460cd7209.jpg,0.8634750843048096
validation-test,validation,D:\Datasets\Alvaro\Floresta-3-20260714T215823Z-1-001\Floresta-3\test\images\119079_sat_41_jpg.rf.8e17d45d859f5279b06852eb92637e10.jpg,test,D:\Datasets\Alvaro\Floresta-3-20260714T215823Z-1-001\Floresta-3\valid\images\119079_sat_41_jpg.rf.378b47f66e7b793f43ab01788dd91eab.jpg,0.9517906904220581
validation-test,validation,D:\Datasets\Alvaro\Floresta-3-20260714T215823Z-1-001\Floresta-3\test\images\119079_sat_47_jpg.rf.8149f36924555c42dcd6302eb1f48df9.jpg,test,D:\Datasets\Alvaro\Floresta-3-20260714T215823Z-1-001\Floresta-3\valid\images\27460_sat_02_jpg.rf.a4683c50b9755a17ee55fce90e7102c5.jpg,0.9197279214859009
validation-test,validation,D:\Datasets\Alvaro\Floresta-3-20260714T215823Z-1-001\Floresta-3\test\images\122104_sat_71_jpg.rf.3cf3e2ee1d2c9d6d72bd9d65728bd223.jpg,test,D:\Datasets\Alvaro\Floresta-3-20260714T215823Z-1-001\Floresta-3\valid\images\119079_sat_23_jpg.rf.2aedf4690b0b124d87314405b4570506.jpg,0.8689447641372681
validation-test,validation,D:\Datasets\Alvaro\Floresta-3-20260714T215823Z-1-001\Floresta-3\test\images\13_jpg.rf.4bb21629a4a0e77868a478c83b88afd0.jpg,test,D:\Datasets\Alvaro\Floresta-3-20260714T215823Z-1-001\Floresta-3\valid\images\13_jpg.rf.aac9f5e27adcf71506d0edf9e25b76fc.jpg,0.8868534564971924
validation-test,validation,D:\Datasets\Alvaro\Floresta-3-20260714T215823Z-1-001\Floresta-3\test\images\13_jpg.rf.4fb1fad12cdd821d61af1b7cd6acbdd7.jpg,test,D:\Datasets\Alvaro\Floresta-3-20260714T215823Z-1-001\Floresta-3\valid\images\13_jpg.rf.067237cb0833285d9f82ba5ffa353086.jpg,0.9215425252914429
validation-test,validation,D:\Datasets\Alvaro\Floresta-3-20260714T215823Z-1-001\Floresta-3\test\images\13_jpg.rf.ad5b66540bbfbf05a0a84473f4fdca80.jpg,test,D:\Datasets\Alvaro\Floresta-3-20260714T215823Z-1-001\Floresta-3\valid\images\13_jpg.rf.067237cb0833285d9f82ba5ffa353086.jpg,0.927712082862854
validation-test,validation,D:\Datasets\Alvaro\Floresta-3-20260714T215823Z-1-001\Floresta-3\test\images\148381_sat_50_jpg.rf.750eb7b22af2e7ab8f77d362cc25b516.jpg,test,D:\Datasets\Alvaro\Floresta-3-20260714T215823Z-1-001\Floresta-3\valid\images\148381_sat_50_jpg.rf.ca76cbc2926dd7dc8dffec44f344ba0f.jpg,0.9266345500946045
validation-test,validation,D:\Datasets\Alvaro\Floresta-3-20260714T215823Z-1-001\Floresta-3\test\images\148381_sat_50_jpg.rf.c75397310fc1adb14025b4f826481b99.jpg,test,D:\Datasets\Alvaro\Floresta-3-20260714T215823Z-1-001\Floresta-3\valid\images\148381_sat_50_jpg.rf.ca76cbc2926dd7dc8dffec44f344ba0f.jpg,0.9062283039093018
validation-test,validation,D:\Datasets\Alvaro\Floresta-3-20260714T215823Z-1-001\Floresta-3\test\images\15_jpg.rf.1ce55b0cbd04cfeca4a2ac9dae76da6a.jpg,test,D:\Datasets\Alvaro\Floresta-3-20260714T215823Z-1-001\Floresta-3\valid\images\15_jpg.rf.6da7676869aab3a565a7e501e8c57a52.jpg,0.9018253087997437
validation-test,validation,D:\Datasets\Alvaro\Floresta-3-20260714T215823Z-1-001\Floresta-3\test\images\15_jpg.rf.6391cc20f4ff7804d19af34c9ecc6366.jpg,test,D:\Datasets\Alvaro\Floresta-3-20260714T215823Z-1-001\Floresta-3\valid\images\15_jpg.rf.6da7676869aab3a565a7e501e8c57a52.jpg,0.9007210731506348
validation-test,validation,D:\Datasets\Alvaro\Floresta-3-20260714T215823Z-1-001\Floresta-3\test\images\15_jpg.rf.7e0d009a742a0d203317d07890fd08a7.jpg,test,D:\Datasets\Alvaro\Floresta-3-20260714T215823Z-1-001\Floresta-3\valid\images\15_jpg.rf.6da7676869aab3a565a7e501e8c57a52.jpg,0.90556800365448
validation-test,validation,D:\Datasets\Alvaro\Floresta-3-20260714T215823Z-1-001\Floresta-3\test\images\2-13-9_png_jpg.rf.0f5bd3c2a30c65dea01ab7a7032b4a0b.jpg,test,D:\Datasets\Alvaro\Floresta-3-20260714T215823Z-1-001\Floresta-3\valid\images\2-13-9_png_jpg.rf.32a6de0d1bc406c0ed2783a571e2e465.jpg,0.9512816071510315
validation-test,validation,D:\Datasets\Alvaro\Floresta-3-20260714T215823Z-1-001\Floresta-3\test\images\2-4-12_png_jpg.rf.853ed4356797fe0fb612bb3710a49e75.jpg,test,D:\Datasets\Alvaro\Floresta-3-20260714T215823Z-1-001\Floresta-3\valid\images\1-21-23_png_jpg.rf.a524ca3800cfcc4a52fe5e12e49c2cb7.jpg,0.8235503435134888
validation-test,validation,D:\Datasets\Alvaro\Floresta-3-20260714T215823Z-1-001\Floresta-3\test\images\255876_sat_70_jpg.rf.463e2d2bb5f4ba13f69fa1f8196d3849.jpg,test,D:\Datasets\Alvaro\Floresta-3-20260714T215823Z-1-001\Floresta-3\valid\images\255876_sat_70_jpg.rf.811173944e482e5093909d55c3ccdb64.jpg,0.9427542686462402
validation-test,validation,D:\Datasets\Alvaro\Floresta-3-20260714T215823Z-1-001\Floresta-3\test\images\255876_sat_73_jpg.rf.1ea67bb4939a7db05042ed3d29ae0be7.jpg,test,D:\Datasets\Alvaro\Floresta-3-20260714T215823Z-1-001\Floresta-3\valid\images\255876_sat_71_jpg.rf.897dc855a98baf524b40d262475430dc.jpg,0.8933268785476685
validation-test,validation,D:\Datasets\Alvaro\Floresta-3-20260714T215823Z-1-001\Floresta-3\test\images\273002_sat_72_jpg.rf.845a1769aefbc07f3adcc250c47784c0.jpg,test,D:\Datasets\Alvaro\Floresta-3-20260714T215823Z-1-001\Floresta-3\valid\images\273002_sat_72_jpg.rf.097052b0b7f432ca2642391d32657c85.jpg,0.959750235080719
validation-test,validation,D:\Datasets\Alvaro\Floresta-3-20260714T215823Z-1-001\Floresta-3\test\images\273002_sat_72_jpg.rf.df37521a248c6a41d60a74107cc086cf.jpg,test,D:\Datasets\Alvaro\Floresta-3-20260714T215823Z-1-001\Floresta-3\valid\images\273002_sat_72_jpg.rf.5c3b5ede1f016f9faebfc94082b6b35c.jpg,0.9633543491363525
validation-test,validation,D:\Datasets\Alvaro\Floresta-3-20260714T215823Z-1-001\Floresta-3\test\images\27460_sat_02_jpg.rf.efa85665c86fd75cca0aac7b179c18d8.jpg,test,D:\Datasets\Alvaro\Floresta-3-20260714T215823Z-1-001\Floresta-3\valid\images\27460_sat_02_jpg.rf.a4683c50b9755a17ee55fce90e7102c5.jpg,0.9597271680831909
validation-test,validation,D:\Datasets\Alvaro\Floresta-3-20260714T215823Z-1-001\Floresta-3\test\images\27460_sat_17_jpg.rf.103b72852a1d098b6c9a65d20e71d50c.jpg,test,D:\Datasets\Alvaro\Floresta-3-20260714T215823Z-1-001\Floresta-3\valid\images\122104_sat_22_jpg.rf.673e9357f003fce7090445f0c287c1fb.jpg,0.8172532916069031
validation-test,validation,D:\Datasets\Alvaro\Floresta-3-20260714T215823Z-1-001\Floresta-3\test\images\27460_sat_33_jpg.rf.48ee27c8e14f50b7d4e545ad411ae17d.jpg,test,D:\Datasets\Alvaro\Floresta-3-20260714T215823Z-1-001\Floresta-3\valid\images\27460_sat_33_jpg.rf.6721a6030539edcc5e5dfffce63aadaa.jpg,0.9425889253616333
validation-test,validation,D:\Datasets\Alvaro\Floresta-3-20260714T215823Z-1-001\Floresta-3\test\images\27460_sat_33_jpg.rf.58dc8992d03e9ccad364b4533959bf26.jpg,test,D:\Datasets\Alvaro\Floresta-3-20260714T215823Z-1-001\Floresta-3\valid\images\27460_sat_33_jpg.rf.655eb2075fa26bd72aac4e14363b816c.jpg,0.9430315494537354
validation-test,validation,D:\Datasets\Alvaro\Floresta-3-20260714T215823Z-1-001\Floresta-3\test\images\27460_sat_50_jpg.rf.03d3daeddef1c5706391a5e3dcab7b51.jpg,test,D:\Datasets\Alvaro\Floresta-3-20260714T215823Z-1-001\Floresta-3\valid\images\255876_sat_82_jpg.rf.b3a294c336c568909a314cf3ecc9ddd3.jpg,0.8801025152206421
validation-test,validation,D:\Datasets\Alvaro\Floresta-3-20260714T215823Z-1-001\Floresta-3\test\images\27460_sat_51_jpg.rf.73a433b588b0c5770d94b79d4fc1a243.jpg,test,D:\Datasets\Alvaro\Floresta-3-20260714T215823Z-1-001\Floresta-3\valid\images\119079_sat_11_jpg.rf.89a3762a5c408bcf66fdcf40f23a0442.jpg,0.8045094609260559
validation-test,validation,D:\Datasets\Alvaro\Floresta-3-20260714T215823Z-1-001\Floresta-3\test\images\27460_sat_51_jpg.rf.ff8db12578cd21bdfb4b14700d4b2f1e.jpg,test,D:\Datasets\Alvaro\Floresta-3-20260714T215823Z-1-001\Floresta-3\valid\images\27460_sat_14_jpg.rf.84bdc10220c8ba497376cb1de188702c.jpg,0.9133723974227905
validation-test,validation,D:\Datasets\Alvaro\Floresta-3-20260714T215823Z-1-001\Floresta-3\test\images\27460_sat_58_jpg.rf.73ddf4c8a3c1e57d588f15a9a2b9046d.jpg,test,D:\Datasets\Alvaro\Floresta-3-20260714T215823Z-1-001\Floresta-3\valid\images\119079_sat_12_jpg.rf.1b2d5c2e24a98c25ef5ced212bbb64af.jpg,0.8807741403579712
validation-test,validation,D:\Datasets\Alvaro\Floresta-3-20260714T215823Z-1-001\Floresta-3\test\images\291214_sat_37_jpg.rf.9b1c2937b6d1228a4ba1770ba6c5f4b9.jpg,test,D:\Datasets\Alvaro\Floresta-3-20260714T215823Z-1-001\Floresta-3\valid\images\291214_sat_37_jpg.rf.01d3a915bf02a054ad6f126cfc5a47ad.jpg,0.9410732388496399
validation-test,validation,D:\Datasets\Alvaro\Floresta-3-20260714T215823Z-1-001\Floresta-3\test\images\291214_sat_40_jpg.rf.2e09a31a8dda3986fbc7f62dc4a4de5d.jpg,test,D:\Datasets\Alvaro\Floresta-3-20260714T215823Z-1-001\Floresta-3\valid\images\291214_sat_41_jpg.rf.8c9a363213067be3676b6216de9362d2.jpg,0.8582379817962646
validation-test,validation,D:\Datasets\Alvaro\Floresta-3-20260714T215823Z-1-001\Floresta-3\test\images\291214_sat_44_jpg.rf.ed4a2cca7b719e2f4c33744d8bcddc7a.jpg,test,D:\Datasets\Alvaro\Floresta-3-20260714T215823Z-1-001\Floresta-3\valid\images\119079_sat_16_jpg.rf.231c77b72b185d620e10c3bea2377769.jpg,0.8315272331237793
validation-test,validation,D:\Datasets\Alvaro\Floresta-3-20260714T215823Z-1-001\Floresta-3\test\images\291214_sat_78_jpg.rf.fb2aded0c68c4109df95ad1625c13fae.jpg,test,D:\Datasets\Alvaro\Floresta-3-20260714T215823Z-1-001\Floresta-3\valid\images\291214_sat_78_jpg.rf.cdd30c72ac54935fde9cad15bfec4d96.jpg,0.9651955962181091
validation-test,validation,D:\Datasets\Alvaro\Floresta-3-20260714T215823Z-1-001\Floresta-3\test\images\2aml0_jpg.rf.f3b2f462f1c1403cdbb77f012e50c259.jpg,test,D:\Datasets\Alvaro\Floresta-3-20260714T215823Z-1-001\Floresta-3\valid\images\2aml0_jpg.rf.98dbcac01ebaa99e78681958c41ebfe5.jpg,0.9132578372955322
validation-test,validation,D:\Datasets\Alvaro\Floresta-3-20260714T215823Z-1-001\Floresta-3\test\images\2aml12_jpg.rf.cb7fdad951152b8b01ab6cbae3a849bc.jpg,test,D:\Datasets\Alvaro\Floresta-3-20260714T215823Z-1-001\Floresta-3\valid\images\2aml0_jpg.rf.98dbcac01ebaa99e78681958c41ebfe5.jpg,0.9537642002105713
validation-test,validation,D:\Datasets\Alvaro\Floresta-3-20260714T215823Z-1-001\Floresta-3\test\images\2aml150_jpg.rf.bdce44cd3ff33ed017f5f1778ffbc351.jpg,test,D:\Datasets\Alvaro\Floresta-3-20260714T215823Z-1-001\Floresta-3\valid\images\2aml150_jpg.rf.b8dcdf815669dfb4948cb32b26b66dc8.jpg,0.9702892303466797
validation-test,validation,D:\Datasets\Alvaro\Floresta-3-20260714T215823Z-1-001\Floresta-3\test\images\2aml181_jpg.rf.e320cc0ebf60dbc79a1d5437feaa0519.jpg,test,D:\Datasets\Alvaro\Floresta-3-20260714T215823Z-1-001\Floresta-3\valid\images\2aml181_jpg.rf.65a49f3bb4b808e45d3fec8e67d7349e.jpg,0.9375547170639038
validation-test,validation,D:\Datasets\Alvaro\Floresta-3-20260714T215823Z-1-001\Floresta-3\test\images\2aml187_jpg.rf.3256f7f483be775db4d51f3e3cf2cb5e.jpg,test,D:\Datasets\Alvaro\Floresta-3-20260714T215823Z-1-001\Floresta-3\valid\images\2aml190_jpg.rf.7de1534e392239d301dfebc1006f24b6.jpg,0.8673330545425415
validation-test,validation,D:\Datasets\Alvaro\Floresta-3-20260714T215823Z-1-001\Floresta-3\test\images\2aml18_jpg.rf.5bf434de112b96cb1f7b45807e2aa298.jpg,test,D:\Datasets\Alvaro\Floresta-3-20260714T215823Z-1-001\Floresta-3\valid\images\2aml18_jpg.rf.61b294d5a83aecd4c467af9b0059c403.jpg,0.9331938028335571
validation-test,validation,D:\Datasets\Alvaro\Floresta-3-20260714T215823Z-1-001\Floresta-3\test\images\2aml190_jpg.rf.9ac30ac7816cf4c24029f5095312245f.jpg,test,D:\Datasets\Alvaro\Floresta-3-20260714T215823Z-1-001\Floresta-3\valid\images\2aml190_jpg.rf.7de1534e392239d301dfebc1006f24b6.jpg,0.9285138845443726
validation-test,validation,D:\Datasets\Alvaro\Floresta-3-20260714T215823Z-1-001\Floresta-3\test\images\2aml190_jpg.rf.ca7cffeb5d0296874a6fbcbf86549a16.jpg,test,D:\Datasets\Alvaro\Floresta-3-20260714T215823Z-1-001\Floresta-3\valid\images\2aml193_jpg.rf.acb537a9bf9cfa71922e48ee3b790b2b.jpg,0.906219482421875
validation-test,validation,D:\Datasets\Alvaro\Floresta-3-20260714T215823Z-1-001\Floresta-3\test\images\2aml190_jpg.rf.e1ead8180df2457412515b1d0d841b8a.jpg,test,D:\Datasets\Alvaro\Floresta-3-20260714T215823Z-1-001\Floresta-3\valid\images\2aml190_jpg.rf.7de1534e392239d301dfebc1006f24b6.jpg,0.946820855140686
validation-test,validation,D:\Datasets\Alvaro\Floresta-3-20260714T215823Z-1-001\Floresta-3\test\images\2aml193_jpg.rf.9de868041519337eb17b89849d6be919.jpg,test,D:\Datasets\Alvaro\Floresta-3-20260714T215823Z-1-001\Floresta-3\valid\images\2aml193_jpg.rf.cd4aacd9be25b4e8dd0701b681b06294.jpg,0.9253323078155518
validation-test,validation,D:\Datasets\Alvaro\Floresta-3-20260714T215823Z-1-001\Floresta-3\test\images\2aml196_jpg.rf.1913be352c1ce3c1ec64afd548aa2a81.jpg,test,D:\Datasets\Alvaro\Floresta-3-20260714T215823Z-1-001\Floresta-3\valid\images\2aml196_jpg.rf.91e7ce660d7e2c0db73ff888b09eb7c0.jpg,0.8954113721847534
validation-test,validation,D:\Datasets\Alvaro\Floresta-3-20260714T215823Z-1-001\Floresta-3\test\images\2aml196_jpg.rf.f416a37d3b3e20b26f95134059a800e2.jpg,test,D:\Datasets\Alvaro\Floresta-3-20260714T215823Z-1-001\Floresta-3\valid\images\2aml193_jpg.rf.2f818696ee168fc25c3235fb8eb082da.jpg,0.8941406011581421
validation-test,validation,D:\Datasets\Alvaro\Floresta-3-20260714T215823Z-1-001\Floresta-3\test\images\2aml24_jpg.rf.384c51c36819940e50e733f8808af4aa.jpg,test,D:\Datasets\Alvaro\Floresta-3-20260714T215823Z-1-001\Floresta-3\valid\images\2aml18_jpg.rf.ed70e0140d181f7392d2c7971a08ca99.jpg,0.8770875930786133
validation-test,validation,D:\Datasets\Alvaro\Floresta-3-20260714T215823Z-1-001\Floresta-3\test\images\2aml24_jpg.rf.3a6181d79306b184e682c819e49395b4.jpg,test,D:\Datasets\Alvaro\Floresta-3-20260714T215823Z-1-001\Floresta-3\valid\images\2aml24_jpg.rf.e5e759e98d366914c24c0629cce766f2.jpg,0.9314355850219727
validation-test,validation,D:\Datasets\Alvaro\Floresta-3-20260714T215823Z-1-001\Floresta-3\test\images\2aml301_jpg.rf.1aa7836c8977ccb8227a2d604a955df0.jpg,test,D:\Datasets\Alvaro\Floresta-3-20260714T215823Z-1-001\Floresta-3\valid\images\2aml301_jpg.rf.84582a90f93002d4423f6e2d5b1da179.jpg,0.9602887034416199
validation-test,validation,D:\Datasets\Alvaro\Floresta-3-20260714T215823Z-1-001\Floresta-3\test\images\2aml301_jpg.rf.c5eefa2436bfb40a07b5b5cddcdf14d1.jpg,test,D:\Datasets\Alvaro\Floresta-3-20260714T215823Z-1-001\Floresta-3\valid\images\2aml301_jpg.rf.84582a90f93002d4423f6e2d5b1da179.jpg,0.9781650304794312
validation-test,validation,D:\Datasets\Alvaro\Floresta-3-20260714T215823Z-1-001\Floresta-3\test\images\2aml317_jpg.rf.5606a7d3d35c0fa44a28b56f8361f0da.jpg,test,D:\Datasets\Alvaro\Floresta-3-20260714T215823Z-1-001\Floresta-3\valid\images\2aml317_jpg.rf.64bd2c94de93e22ed58fdc6902ec69f9.jpg,0.970335841178894
validation-test,validation,D:\Datasets\Alvaro\Floresta-3-20260714T215823Z-1-001\Floresta-3\test\images\2aml317_jpg.rf.9424b44e499e54de0bb7bbf8b8f8e8bb.jpg,test,D:\Datasets\Alvaro\Floresta-3-20260714T215823Z-1-001\Floresta-3\valid\images\2aml313_jpg.rf.24c9b7c9451a54a588d5fd977857e1a1.jpg,0.9284052848815918
validation-test,validation,D:\Datasets\Alvaro\Floresta-3-20260714T215823Z-1-001\Floresta-3\test\images\2aml321_jpg.rf.d4477d4aef43829902beedd53f244328.jpg,test,D:\Datasets\Alvaro\Floresta-3-20260714T215823Z-1-001\Floresta-3\valid\images\2aml321_jpg.rf.90c57d6b851beb0b9398ecfd73a056a8.jpg,0.90712571144104
validation-test,validation,D:\Datasets\Alvaro\Floresta-3-20260714T215823Z-1-001\Floresta-3\test\images\2aml36_jpg.rf.32285da7586c0485dd274c918530799a.jpg,test,D:\Datasets\Alvaro\Floresta-3-20260714T215823Z-1-001\Floresta-3\valid\images\2aml36_jpg.rf.9ee04cdbdbd756882c3338134b5a0ef2.jpg,0.8996291756629944
validation-test,validation,D:\Datasets\Alvaro\Floresta-3-20260714T215823Z-1-001\Floresta-3\test\images\2aml36_jpg.rf.b06b50ead72203fd015a2553a98bf2cf.jpg,test,D:\Datasets\Alvaro\Floresta-3-20260714T215823Z-1-001\Floresta-3\valid\images\2aml36_jpg.rf.01dfe2dea5c3e6da34c6755f8f0f1301.jpg,0.9055242538452148
validation-test,validation,D:\Datasets\Alvaro\Floresta-3-20260714T215823Z-1-001\Floresta-3\test\images\2aml877_jpg.rf.eabff83321fe41e2f66bbcca5f45c6a5.jpg,test,D:\Datasets\Alvaro\Floresta-3-20260714T215823Z-1-001\Floresta-3\valid\images\2aml877_jpg.rf.79a47abb2303dabe0f6abd3a2e3d875c.jpg,0.9214949011802673
validation-test,validation,D:\Datasets\Alvaro\Floresta-3-20260714T215823Z-1-001\Floresta-3\test\images\392711_sat_82_jpg.rf.75c5be7fcf97363bb5bce22b8f4848fc.jpg,test,D:\Datasets\Alvaro\Floresta-3-20260714T215823Z-1-001\Floresta-3\valid\images\226788_sat_76_jpg.rf.cfc6b06a0f52cc001bd6e26b14dd8190.jpg,0.8971104621887207
validation-test,validation,D:\Datasets\Alvaro\Floresta-3-20260714T215823Z-1-001\Floresta-3\test\images\525105_sat_57_jpg.rf.ce26729122939c38921ba634b1842ae4.jpg,test,D:\Datasets\Alvaro\Floresta-3-20260714T215823Z-1-001\Floresta-3\valid\images\525105_sat_57_jpg.rf.b31bf205bacee064de3929b9ba07afe4.jpg,0.9570066928863525
validation-test,validation,D:\Datasets\Alvaro\Floresta-3-20260714T215823Z-1-001\Floresta-3\test\images\651312_sat_00_jpg.rf.82967831ee07dfba33f39068f5553372.jpg,test,D:\Datasets\Alvaro\Floresta-3-20260714T215823Z-1-001\Floresta-3\valid\images\651312_sat_00_jpg.rf.91e6314b19e7c4be9eaad81684878c03.jpg,0.9608398675918579
validation-test,validation,D:\Datasets\Alvaro\Floresta-3-20260714T215823Z-1-001\Floresta-3\test\images\8_jpg.rf.d66d9a5d21b801101bc3945a9c8083a6.jpg,test,D:\Datasets\Alvaro\Floresta-3-20260714T215823Z-1-001\Floresta-3\valid\images\alina_153_4_jpg.rf.8311eb8836d68c8c33b44b6bdf1d7dff.jpg,0.7426849603652954
validation-test,validation,D:\Datasets\Alvaro\Floresta-3-20260714T215823Z-1-001\Floresta-3\test\images\9_jpg.rf.c13997e4c2aa82624305a5a48fedfec6.jpg,test,D:\Datasets\Alvaro\Floresta-3-20260714T215823Z-1-001\Floresta-3\valid\images\9_jpg.rf.49a8aab420217d92815e3d8c4413b8a3.jpg,0.9522674083709717
validation-test,validation,D:\Datasets\Alvaro\Floresta-3-20260714T215823Z-1-001\Floresta-3\test\images\9_jpg.rf.c83a95a2915e70f97ab6b75b92f79c96.jpg,test,D:\Datasets\Alvaro\Floresta-3-20260714T215823Z-1-001\Floresta-3\valid\images\9_jpg.rf.b6676235627e82c9dc21edfeab828a7b.jpg,0.914962649345398
validation-test,validation,D:\Datasets\Alvaro\Floresta-3-20260714T215823Z-1-001\Floresta-3\test\images\alina110_jpg.rf.05d0afbf3a18e6cb8191d6b59bcdc065.jpg,test,D:\Datasets\Alvaro\Floresta-3-20260714T215823Z-1-001\Floresta-3\valid\images\alina114_jpg.rf.dcfa8d58fc09a85678081fa1f103478c.jpg,0.9489725828170776
validation-test,validation,D:\Datasets\Alvaro\Floresta-3-20260714T215823Z-1-001\Floresta-3\test\images\alina110_jpg.rf.facf970a03bb12cf729cbe52f42a4269.jpg,test,D:\Datasets\Alvaro\Floresta-3-20260714T215823Z-1-001\Floresta-3\valid\images\alina119_jpg.rf.a225981281620554464fcc3d8c68eaf7.jpg,0.9621098041534424
validation-test,validation,D:\Datasets\Alvaro\Floresta-3-20260714T215823Z-1-001\Floresta-3\test\images\alina124_jpg.rf.c51c2f8e2710bde62d3288cc519c1478.jpg,test,D:\Datasets\Alvaro\Floresta-3-20260714T215823Z-1-001\Floresta-3\valid\images\alina124_jpg.rf.9a9a9ae809eab040d84b56f9d775dd2f.jpg,0.9533705711364746
validation-test,validation,D:\Datasets\Alvaro\Floresta-3-20260714T215823Z-1-001\Floresta-3\test\images\alina129_jpg.rf.6b0808e96e4229d2ffaa5f4c7c237ec8.jpg,test,D:\Datasets\Alvaro\Floresta-3-20260714T215823Z-1-001\Floresta-3\valid\images\alina129_jpg.rf.a9a3e51c728b83dc5a92a123e7e25d5f.jpg,0.8946942687034607
validation-test,validation,D:\Datasets\Alvaro\Floresta-3-20260714T215823Z-1-001\Floresta-3\test\images\alina139_jpg.rf.7fdd0e76c6b26b616e922f26ccded63e.jpg,test,D:\Datasets\Alvaro\Floresta-3-20260714T215823Z-1-001\Floresta-3\valid\images\alina139_jpg.rf.f16380283002799b553ff8236af88070.jpg,0.9178686738014221
validation-test,validation,D:\Datasets\Alvaro\Floresta-3-20260714T215823Z-1-001\Floresta-3\test\images\alina142_jpg.rf.f48f97000ec2e81f71de6bd198a628cc.jpg,test,D:\Datasets\Alvaro\Floresta-3-20260714T215823Z-1-001\Floresta-3\valid\images\alina139_jpg.rf.333a6bf0c6db32b3514102b5f7f9b252.jpg,0.9677786827087402
validation-test,validation,D:\Datasets\Alvaro\Floresta-3-20260714T215823Z-1-001\Floresta-3\test\images\alina144_jpg.rf.2ca549dd89a17f378d2ceed154480163.jpg,test,D:\Datasets\Alvaro\Floresta-3-20260714T215823Z-1-001\Floresta-3\valid\images\alina144_jpg.rf.0cdf9b2a6cc62a60b314473607c38ede.jpg,0.9610819816589355
validation-test,validation,D:\Datasets\Alvaro\Floresta-3-20260714T215823Z-1-001\Floresta-3\test\images\alina144_jpg.rf.a13d8f630756ee6a3c4acd97d03dc7fd.jpg,test,D:\Datasets\Alvaro\Floresta-3-20260714T215823Z-1-001\Floresta-3\valid\images\alina144_jpg.rf.351defb04c3d05bcdff2d4c20040e634.jpg,0.9597678184509277
validation-test,validation,D:\Datasets\Alvaro\Floresta-3-20260714T215823Z-1-001\Floresta-3\test\images\alina149_jpg.rf.5c6e75694f3333276a247697b457ba67.jpg,test,D:\Datasets\Alvaro\Floresta-3-20260714T215823Z-1-001\Floresta-3\valid\images\alina144_jpg.rf.0cdf9b2a6cc62a60b314473607c38ede.jpg,0.9625011086463928
validation-test,validation,D:\Datasets\Alvaro\Floresta-3-20260714T215823Z-1-001\Floresta-3\test\images\alina149_jpg.rf.814dc9ceb804e7a0a53c0ae1aaf9bcba.jpg,test,D:\Datasets\Alvaro\Floresta-3-20260714T215823Z-1-001\Floresta-3\valid\images\alina149_jpg.rf.80e444785fbc1ae953585970a28a6f4a.jpg,0.9676135778427124
validation-test,validation,D:\Datasets\Alvaro\Floresta-3-20260714T215823Z-1-001\Floresta-3\test\images\alina15_jpg.rf.2774d4d3b821055084377ea03ba9324f.jpg,test,D:\Datasets\Alvaro\Floresta-3-20260714T215823Z-1-001\Floresta-3\valid\images\alina15_jpg.rf.3904ea73ceec2786f0f681b6d17c0f17.jpg,0.909709095954895
validation-test,validation,D:\Datasets\Alvaro\Floresta-3-20260714T215823Z-1-001\Floresta-3\test\images\alina15_jpg.rf.6b370e62a562e81b51236722b4a1c94e.jpg,test,D:\Datasets\Alvaro\Floresta-3-20260714T215823Z-1-001\Floresta-3\valid\images\alina10_jpg.rf.841d21c7fc94a1f15eb574c375bdc3f4.jpg,0.9523677825927734
validation-test,validation,D:\Datasets\Alvaro\Floresta-3-20260714T215823Z-1-001\Floresta-3\test\images\alina_1010_jpg.rf.0b73fef67bed5eb45ac84bd77321df24.jpg,test,D:\Datasets\Alvaro\Floresta-3-20260714T215823Z-1-001\Floresta-3\valid\images\alina_1011_jpg.rf.33b871b0181d542104a446cbe7c818ec.jpg,0.9552791118621826
validation-test,validation,D:\Datasets\Alvaro\Floresta-3-20260714T215823Z-1-001\Floresta-3\test\images\alina_1010_jpg.rf.ad39ceb98bc715587bad73aef0c1189e.jpg,test,D:\Datasets\Alvaro\Floresta-3-20260714T215823Z-1-001\Floresta-3\valid\images\alina_1011_jpg.rf.33b871b0181d542104a446cbe7c818ec.jpg,0.9369311332702637
validation-test,validation,D:\Datasets\Alvaro\Floresta-3-20260714T215823Z-1-001\Floresta-3\test\images\alina_1013_jpg.rf.6797c2473549ccfb5eede414ef94f62c.jpg,test,D:\Datasets\Alvaro\Floresta-3-20260714T215823Z-1-001\Floresta-3\valid\images\alina_1013_jpg.rf.315a775c849f5758b1bd45429243c5e3.jpg,0.9669837355613708
validation-test,validation,D:\Datasets\Alvaro\Floresta-3-20260714T215823Z-1-001\Floresta-3\test\images\alina_1013_jpg.rf.b28974389eeb8e921a2b0a57ea0df79b.jpg,test,D:\Datasets\Alvaro\Floresta-3-20260714T215823Z-1-001\Floresta-3\valid\images\alina_1013_jpg.rf.7283d1e8d22efa0607d19f950f0671c4.jpg,0.945571780204773
validation-test,validation,D:\Datasets\Alvaro\Floresta-3-20260714T215823Z-1-001\Floresta-3\test\images\alina_1014_jpg.rf.ac1dc9c2882dcf9b80b399384789e495.jpg,test,D:\Datasets\Alvaro\Floresta-3-20260714T215823Z-1-001\Floresta-3\valid\images\alina_1015_jpg.rf.2880f13822754563dc8a084e636350ac.jpg,0.9638886451721191
validation-test,validation,D:\Datasets\Alvaro\Floresta-3-20260714T215823Z-1-001\Floresta-3\test\images\alina_1015_jpg.rf.5e244c5247b6763bde79e3532f4c19d0.jpg,test,D:\Datasets\Alvaro\Floresta-3-20260714T215823Z-1-001\Floresta-3\valid\images\alina_1014_jpg.rf.bd5a4558f9294f0728a1b642c1fb59ae.jpg,0.9593333601951599
validation-test,validation,D:\Datasets\Alvaro\Floresta-3-20260714T215823Z-1-001\Floresta-3\test\images\alina_1016_jpg.rf.1c71f6ef401916319b277878a56137f7.jpg,test,D:\Datasets\Alvaro\Floresta-3-20260714T215823Z-1-001\Floresta-3\valid\images\alina_1016_jpg.rf.5baa91fdd31ab08dbf2f313f332dbde2.jpg,0.9763610363006592
validation-test,validation,D:\Datasets\Alvaro\Floresta-3-20260714T215823Z-1-001\Floresta-3\test\images\alina_1016_jpg.rf.2073bfada0d87f26630a5c0e9dc0a6a5.jpg,test,D:\Datasets\Alvaro\Floresta-3-20260714T215823Z-1-001\Floresta-3\valid\images\alina_1015_jpg.rf.2abb3a6c8580e88e73f2da1478ff605b.jpg,0.9218803644180298
validation-test,validation,D:\Datasets\Alvaro\Floresta-3-20260714T215823Z-1-001\Floresta-3\test\images\alina_1017_jpg.rf.95d21f971cec3639e9d66286894dadc9.jpg,test,D:\Datasets\Alvaro\Floresta-3-20260714T215823Z-1-001\Floresta-3\valid\images\alina_1016_jpg.rf.5baa91fdd31ab08dbf2f313f332dbde2.jpg,0.9627524614334106
validation-test,validation,D:\Datasets\Alvaro\Floresta-3-20260714T215823Z-1-001\Floresta-3\test\images\alina_102_jpg.rf.639341035f6d115668ae20553d7dbcf1.jpg,test,D:\Datasets\Alvaro\Floresta-3-20260714T215823Z-1-001\Floresta-3\valid\images\alina_108_jpg.rf.f7139c948702f99400d49102c21d23cb.jpg,0.9080073833465576
validation-test,validation,D:\Datasets\Alvaro\Floresta-3-20260714T215823Z-1-001\Floresta-3\test\images\alina_108_jpg.rf.2411ad581c26aba6ae8a8deb64e0a41b.jpg,test,D:\Datasets\Alvaro\Floresta-3-20260714T215823Z-1-001\Floresta-3\valid\images\alina_108_jpg.rf.f7139c948702f99400d49102c21d23cb.jpg,0.947608470916748
validation-test,validation,D:\Datasets\Alvaro\Floresta-3-20260714T215823Z-1-001\Floresta-3\test\images\alina_110_jpg.rf.48462fd2b042e7a971956206d6a7acc3.jpg,test,D:\Datasets\Alvaro\Floresta-3-20260714T215823Z-1-001\Floresta-3\valid\images\alina_118_jpg.rf.d36104956309c811f869955e9b8cfe6d.jpg,0.9712313413619995
validation-test,validation,D:\Datasets\Alvaro\Floresta-3-20260714T215823Z-1-001\Floresta-3\test\images\alina_1110_jpg.rf.93a3406dac28d715f1e5a8cf689d4d84.jpg,test,D:\Datasets\Alvaro\Floresta-3-20260714T215823Z-1-001\Floresta-3\valid\images\alina_1113_jpg.rf.5faed4b05ceb190d8faaeb607d8d9188.jpg,0.9747800827026367
validation-test,validation,D:\Datasets\Alvaro\Floresta-3-20260714T215823Z-1-001\Floresta-3\test\images\alina_1110_jpg.rf.bfa492da19f3c82df4b4e87873e5cc7a.jpg,test,D:\Datasets\Alvaro\Floresta-3-20260714T215823Z-1-001\Floresta-3\valid\images\alina_1114_jpg.rf.8e20554f299b95e98f8488aebbcc251d.jpg,0.9724902510643005
validation-test,validation,D:\Datasets\Alvaro\Floresta-3-20260714T215823Z-1-001\Floresta-3\test\images\alina_1110_jpg.rf.e28128e29d9b1e4dd36da6aff83859cc.jpg,test,D:\Datasets\Alvaro\Floresta-3-20260714T215823Z-1-001\Floresta-3\valid\images\alina_118_jpg.rf.d36104956309c811f869955e9b8cfe6d.jpg,0.983252227306366
validation-test,validation,D:\Datasets\Alvaro\Floresta-3-20260714T215823Z-1-001\Floresta-3\test\images\alina_1111_jpg.rf.7f3ba75c4361668c5bb8e1961b40f503.jpg,test,D:\Datasets\Alvaro\Floresta-3-20260714T215823Z-1-001\Floresta-3\valid\images\alina_1113_jpg.rf.5faed4b05ceb190d8faaeb607d8d9188.jpg,0.9638310670852661
validation-test,validation,D:\Datasets\Alvaro\Floresta-3-20260714T215823Z-1-001\Floresta-3\test\images\alina_1111_jpg.rf.aab34247c2908c081297c7dcfdaeabcc.jpg,test,D:\Datasets\Alvaro\Floresta-3-20260714T215823Z-1-001\Floresta-3\valid\images\alina_1113_jpg.rf.5faed4b05ceb190d8faaeb607d8d9188.jpg,0.974931001663208
validation-test,validation,D:\Datasets\Alvaro\Floresta-3-20260714T215823Z-1-001\Floresta-3\test\images\alina_1112_jpg.rf.27a4b6386b6142f5978d3f4648e539da.jpg,test,D:\Datasets\Alvaro\Floresta-3-20260714T215823Z-1-001\Floresta-3\valid\images\alina_1112_jpg.rf.c9470626656e16f712b07fa8bfe4ea58.jpg,0.954198956489563
validation-test,validation,D:\Datasets\Alvaro\Floresta-3-20260714T215823Z-1-001\Floresta-3\test\images\alina_1112_jpg.rf.87a773f1941c3adfc3be81aea9a3a95b.jpg,test,D:\Datasets\Alvaro\Floresta-3-20260714T215823Z-1-001\Floresta-3\valid\images\alina_1113_jpg.rf.5faed4b05ceb190d8faaeb607d8d9188.jpg,0.9764105081558228
validation-test,validation,D:\Datasets\Alvaro\Floresta-3-20260714T215823Z-1-001\Floresta-3\test\images\alina_1114_jpg.rf.abc991c47bd0c3f1e3ae248123c96f45.jpg,test,D:\Datasets\Alvaro\Floresta-3-20260714T215823Z-1-001\Floresta-3\valid\images\alina_1114_jpg.rf.8e20554f299b95e98f8488aebbcc251d.jpg,0.9610440731048584
validation-test,validation,D:\Datasets\Alvaro\Floresta-3-20260714T215823Z-1-001\Floresta-3\test\images\alina_118_jpg.rf.76b43eed58d976fdaed5b315d52a442a.jpg,test,D:\Datasets\Alvaro\Floresta-3-20260714T215823Z-1-001\Floresta-3\valid\images\alina_1111_jpg.rf.7a781f0e796763c2831afa75672cf9f0.jpg,0.9742988348007202
validation-test,validation,D:\Datasets\Alvaro\Floresta-3-20260714T215823Z-1-001\Floresta-3\test\images\alina_130_jpg.rf.58bd6e765a258bb2efabcc5938b41b2e.jpg,test,D:\Datasets\Alvaro\Floresta-3-20260714T215823Z-1-001\Floresta-3\valid\images\alina_131_jpg.rf.e64951241bf7bb9c8c5ead8a1daaf875.jpg,0.950349748134613
validation-test,validation,D:\Datasets\Alvaro\Floresta-3-20260714T215823Z-1-001\Floresta-3\test\images\alina_130_jpg.rf.fbccfea5020e4fa17f4bae3be1e986d6.jpg,test,D:\Datasets\Alvaro\Floresta-3-20260714T215823Z-1-001\Floresta-3\valid\images\alina_131_jpg.rf.88fc20d5c5b3df3d3486255e4b27b51b.jpg,0.8089534044265747
validation-test,validation,D:\Datasets\Alvaro\Floresta-3-20260714T215823Z-1-001\Floresta-3\test\images\alina_1312_jpg.rf.179079e37ba87c81501dddc3d54159e6.jpg,test,D:\Datasets\Alvaro\Floresta-3-20260714T215823Z-1-001\Floresta-3\valid\images\alina_1312_jpg.rf.9dafe7d518a560ab38eb2d0d04d8224c.jpg,0.9597688913345337
validation-test,validation,D:\Datasets\Alvaro\Floresta-3-20260714T215823Z-1-001\Floresta-3\test\images\alina_1325_jpg.rf.ca4708264eae38a3535657f17e819f20.jpg,test,D:\Datasets\Alvaro\Floresta-3-20260714T215823Z-1-001\Floresta-3\valid\images\alina_1325_jpg.rf.1265c2e64e249e142216689cd2efdf3a.jpg,0.858701229095459
validation-test,validation,D:\Datasets\Alvaro\Floresta-3-20260714T215823Z-1-001\Floresta-3\test\images\alina_135_jpg.rf.2c650353d40e07e4348fd8b7195d4263.jpg,test,D:\Datasets\Alvaro\Floresta-3-20260714T215823Z-1-001\Floresta-3\valid\images\alina_135_jpg.rf.bc1e7bc4d82c503b150783552da9772c.jpg,0.8658294677734375
validation-test,validation,D:\Datasets\Alvaro\Floresta-3-20260714T215823Z-1-001\Floresta-3\test\images\alina_136_jpg.rf.305afb4b134ea4a6491fc50fc5228005.jpg,test,D:\Datasets\Alvaro\Floresta-3-20260714T215823Z-1-001\Floresta-3\valid\images\alina_136_jpg.rf.552f6c9d5d3b56ee804d1bce8fea8c11.jpg,0.9370901584625244
validation-test,validation,D:\Datasets\Alvaro\Floresta-3-20260714T215823Z-1-001\Floresta-3\test\images\alina_136_jpg.rf.45aee178f4a19a336e6488e70cba7288.jpg,test,D:\Datasets\Alvaro\Floresta-3-20260714T215823Z-1-001\Floresta-3\valid\images\alina_136_jpg.rf.552f6c9d5d3b56ee804d1bce8fea8c11.jpg,0.8921072483062744
validation-test,validation,D:\Datasets\Alvaro\Floresta-3-20260714T215823Z-1-001\Floresta-3\test\images\alina_136_jpg.rf.a21d6fa548361a8215c23be33b7c6a92.jpg,test,D:\Datasets\Alvaro\Floresta-3-20260714T215823Z-1-001\Floresta-3\valid\images\alina_135_jpg.rf.a7b49355cccaf42ecae4d64a75914a90.jpg,0.9506641626358032
validation-test,validation,D:\Datasets\Alvaro\Floresta-3-20260714T215823Z-1-001\Floresta-3\test\images\alina_136_jpg.rf.c41b53f9f73e2435bebd9544a31ffa61.jpg,test,D:\Datasets\Alvaro\Floresta-3-20260714T215823Z-1-001\Floresta-3\valid\images\alina_136_jpg.rf.bcf0a3c0393d2bae48160b5e2e6aadc8.jpg,0.9583736658096313
validation-test,validation,D:\Datasets\Alvaro\Floresta-3-20260714T215823Z-1-001\Floresta-3\test\images\alina_2021_jpg.rf.338928403e8c89f432c53da741152c82.jpg,test,D:\Datasets\Alvaro\Floresta-3-20260714T215823Z-1-001\Floresta-3\valid\images\alina_2021_jpg.rf.40bd5f6d52a04f3af413dfe2237b9efd.jpg,0.9674569368362427
validation-test,validation,D:\Datasets\Alvaro\Floresta-3-20260714T215823Z-1-001\Floresta-3\test\images\alina_2220_jpg.rf.ca66b3a89bf4d9afda57e5ae4a6fbe41.jpg,test,D:\Datasets\Alvaro\Floresta-3-20260714T215823Z-1-001\Floresta-3\valid\images\alina_2220_jpg.rf.671a5f7bcee251ea6566d71880a1b005.jpg,0.948299765586853
validation-test,validation,D:\Datasets\Alvaro\Floresta-3-20260714T215823Z-1-001\Floresta-3\test\images\alina_258_jpg.rf.d12113f45854f0a304586719d18dc53c.jpg,test,D:\Datasets\Alvaro\Floresta-3-20260714T215823Z-1-001\Floresta-3\valid\images\alina_258_jpg.rf.59aa4e1333a4975232157a0b24245b90.jpg,0.9472401738166809
validation-test,validation,D:\Datasets\Alvaro\Floresta-3-20260714T215823Z-1-001\Floresta-3\test\images\alina_824_jpg.rf.ecd1a51eefe19102d92788be6012c898.jpg,test,D:\Datasets\Alvaro\Floresta-3-20260714T215823Z-1-001\Floresta-3\valid\images\alina_824_jpg.rf.a2bdca959fe7d1295cf608ead7e1a703.jpg,0.9658150672912598
validation-test,validation,D:\Datasets\Alvaro\Floresta-3-20260714T215823Z-1-001\Floresta-3\test\images\aml437_jpg.rf.fcc9e161c3148ce859d33254178c2d38.jpg,test,D:\Datasets\Alvaro\Floresta-3-20260714T215823Z-1-001\Floresta-3\valid\images\aml437_jpg.rf.6e05262b54411f1b46278f361488df28.jpg,0.9804544448852539
validation-test,validation,D:\Datasets\Alvaro\Floresta-3-20260714T215823Z-1-001\Floresta-3\test\images\aml743_jpg.rf.a0358e5eddfbb3d98b99e0c1d8fb1122.jpg,test,D:\Datasets\Alvaro\Floresta-3-20260714T215823Z-1-001\Floresta-3\valid\images\aml749_jpg.rf.f40f7d6b243e92f7e260504367ba9a1d.jpg,0.830399215221405
validation-test,validation,D:\Datasets\Alvaro\Floresta-3-20260714T215823Z-1-001\Floresta-3\test\images\aml749_jpg.rf.5682d67bfb29aa2139b973d2152a774d.jpg,test,D:\Datasets\Alvaro\Floresta-3-20260714T215823Z-1-001\Floresta-3\valid\images\aml749_jpg.rf.c73213877d3693020d119148519a353d.jpg,0.9654592871665955
validation-test,validation,D:\Datasets\Alvaro\Floresta-3-20260714T215823Z-1-001\Floresta-3\test\images\aml749_jpg.rf.ca9af137b0eedd7c4ce57cebf3c42c1a.jpg,test,D:\Datasets\Alvaro\Floresta-3-20260714T215823Z-1-001\Floresta-3\valid\images\aml749_jpg.rf.c73213877d3693020d119148519a353d.jpg,0.9721658229827881
validation-test,validation,D:\Datasets\Alvaro\Floresta-3-20260714T215823Z-1-001\Floresta-3\test\images\aml785_jpg.rf.7d4a3fac2790a8a71af710433e0d23f1.jpg,test,D:\Datasets\Alvaro\Floresta-3-20260714T215823Z-1-001\Floresta-3\valid\images\aml785_jpg.rf.ab60274b4de0a83970a231988cd34477.jpg,0.9536008834838867
validation-test,validation,D:\Datasets\Alvaro\Floresta-3-20260714T215823Z-1-001\Floresta-3\test\images\aml785_jpg.rf.81a73e04cd7c3da1d9b6ebad01844389.jpg,test,D:\Datasets\Alvaro\Floresta-3-20260714T215823Z-1-001\Floresta-3\valid\images\aml785_jpg.rf.430337f904bf1eaae93e906b9388035c.jpg,0.9560166597366333
validation-test,validation,D:\Datasets\Alvaro\Floresta-3-20260714T215823Z-1-001\Floresta-3\test\images\bloco_220_jpg.rf.2c5441d8975f0af317fe9b9f02c5fb86.jpg,test,D:\Datasets\Alvaro\Floresta-3-20260714T215823Z-1-001\Floresta-3\valid\images\bloco_220_jpg.rf.d18a3faaa13068d60ce561bee0c98e9c.jpg,0.9230459332466125
validation-test,validation,D:\Datasets\Alvaro\Floresta-3-20260714T215823Z-1-001\Floresta-3\test\images\bloco_221_jpg.rf.50c90085150c07f2dfe02917eba62368.jpg,test,D:\Datasets\Alvaro\Floresta-3-20260714T215823Z-1-001\Floresta-3\valid\images\bloco_221_jpg.rf.8f548aeb83244da51c011e4732ed35ca.jpg,0.9596685171127319
validation-test,validation,D:\Datasets\Alvaro\Floresta-3-20260714T215823Z-1-001\Floresta-3\test\images\bloco_223_jpg.rf.356c925a968da0e19f9d8fe9758d210e.jpg,test,D:\Datasets\Alvaro\Floresta-3-20260714T215823Z-1-001\Floresta-3\valid\images\bloco_223_jpg.rf.83c0dd19c2b1349122327fac5ff4bbed.jpg,0.9727284908294678
validation-test,validation,D:\Datasets\Alvaro\Floresta-3-20260714T215823Z-1-001\Floresta-3\test\images\bloco_342_jpg.rf.687f12000a1fda20c599c85006880d31.jpg,test,D:\Datasets\Alvaro\Floresta-3-20260714T215823Z-1-001\Floresta-3\valid\images\bloco_48_jpg.rf.245dfc8a1272365d602b86aa88ae7b27.jpg,0.8857792019844055
validation-test,validation,D:\Datasets\Alvaro\Floresta-3-20260714T215823Z-1-001\Floresta-3\test\images\bloco_48_jpg.rf.cfa8ba766a66f194c5a154d193daa75e.jpg,test,D:\Datasets\Alvaro\Floresta-3-20260714T215823Z-1-001\Floresta-3\valid\images\bloco_48_jpg.rf.245dfc8a1272365d602b86aa88ae7b27.jpg,0.9596206545829773
validation-test,validation,D:\Datasets\Alvaro\Floresta-3-20260714T215823Z-1-001\Floresta-3\test\images\bloco_72_jpg.rf.274879573bd345208e45dc8440170fc6.jpg,test,D:\Datasets\Alvaro\Floresta-3-20260714T215823Z-1-001\Floresta-3\valid\images\bloco_72_jpg.rf.83705344b56dc9262cde339e9afa8619.jpg,0.9188353419303894
validation-test,validation,D:\Datasets\Alvaro\Floresta-3-20260714T215823Z-1-001\Floresta-3\test\images\bloco_90_jpg.rf.62fc54bc2fe2794088b6b8f9d6a7fdfd.jpg,test,D:\Datasets\Alvaro\Floresta-3-20260714T215823Z-1-001\Floresta-3\valid\images\bloco_90_jpg.rf.a19ee997d65a24cedc8c7ceac651c5b3.jpg,0.969901442527771
validation-test,validation,D:\Datasets\Alvaro\Floresta-3-20260714T215823Z-1-001\Floresta-3\test\images\bloco_90_jpg.rf.f038d6a3cc65ef09fff3fc6f8f2f30ec.jpg,test,D:\Datasets\Alvaro\Floresta-3-20260714T215823Z-1-001\Floresta-3\valid\images\bloco_90_jpg.rf.a19ee997d65a24cedc8c7ceac651c5b3.jpg,0.9335384368896484
validation-test,validation,D:\Datasets\Alvaro\Floresta-3-20260714T215823Z-1-001\Floresta-3\test\images\bloco_91_jpg.rf.3d8b79afca0fac6d02f0685a945ecbd3.jpg,test,D:\Datasets\Alvaro\Floresta-3-20260714T215823Z-1-001\Floresta-3\valid\images\bloco_91_jpg.rf.57f95dc2c6a2c74733210ef165580149.jpg,0.945671021938324
validation-test,validation,D:\Datasets\Alvaro\Floresta-3-20260714T215823Z-1-001\Floresta-3\test\images\Cafezal-01_MP4-105_jpg.rf.6b8652963f2710caa49a4cb33f3d5ff4.jpg,test,D:\Datasets\Alvaro\Floresta-3-20260714T215823Z-1-001\Floresta-3\valid\images\Cafezal-01_MP4-107_jpg.rf.6f32b3afdf34b031e564ada98d693276.jpg,0.9412391185760498
validation-test,validation,D:\Datasets\Alvaro\Floresta-3-20260714T215823Z-1-001\Floresta-3\test\images\Cafezal-01_MP4-106_jpg.rf.829708453147450a660e74e60dbe1db6.jpg,test,D:\Datasets\Alvaro\Floresta-3-20260714T215823Z-1-001\Floresta-3\valid\images\Cafezal-01_MP4-106_jpg.rf.5b608d2707e5b89411b3e7dee23688a5.jpg,0.9437417387962341
validation-test,validation,D:\Datasets\Alvaro\Floresta-3-20260714T215823Z-1-001\Floresta-3\test\images\Cafezal-01_MP4-107_jpg.rf.e379d89cc1d7abe17d157a42b0d964a2.jpg,test,D:\Datasets\Alvaro\Floresta-3-20260714T215823Z-1-001\Floresta-3\valid\images\Cafezal-01_MP4-106_jpg.rf.dd55023bc6ddc984fb64cfbfa6011efb.jpg,0.9499033093452454
validation-test,validation,D:\Datasets\Alvaro\Floresta-3-20260714T215823Z-1-001\Floresta-3\test\images\Cafezal-01_MP4-10_jpg.rf.d4dfb19ea41b2f83ef03423a88de1155.jpg,test,D:\Datasets\Alvaro\Floresta-3-20260714T215823Z-1-001\Floresta-3\valid\images\Cafezal-01_MP4-4_jpg.rf.2e96d538d02c4a86147960c3e1131c0e.jpg,0.966905951499939
validation-test,validation,D:\Datasets\Alvaro\Floresta-3-20260714T215823Z-1-001\Floresta-3\test\images\Cafezal-01_MP4-11_jpg.rf.50bfb1ea88e5a46bc0c6eb6626cd41de.jpg,test,D:\Datasets\Alvaro\Floresta-3-20260714T215823Z-1-001\Floresta-3\valid\images\Cafezal-01_MP4-4_jpg.rf.2e96d538d02c4a86147960c3e1131c0e.jpg,0.9485760927200317
validation-test,validation,D:\Datasets\Alvaro\Floresta-3-20260714T215823Z-1-001\Floresta-3\test\images\Cafezal-01_MP4-13_jpg.rf.e6c47ec64a0ae9b40a9f467a495d9d5e.jpg,test,D:\Datasets\Alvaro\Floresta-3-20260714T215823Z-1-001\Floresta-3\valid\images\Cafezal-01_MP4-12_jpg.rf.ce6e599c9ce7e75b93aa0942d6b73482.jpg,0.9799211025238037
validation-test,validation,D:\Datasets\Alvaro\Floresta-3-20260714T215823Z-1-001\Floresta-3\test\images\Cafezal-01_MP4-15_jpg.rf.91445e6c5ca4802a5bf5cec792564288.jpg,test,D:\Datasets\Alvaro\Floresta-3-20260714T215823Z-1-001\Floresta-3\valid\images\Cafezal-01_MP4-12_jpg.rf.ce6e599c9ce7e75b93aa0942d6b73482.jpg,0.9685672521591187
validation-test,validation,D:\Datasets\Alvaro\Floresta-3-20260714T215823Z-1-001\Floresta-3\test\images\Cafezal-01_MP4-15_jpg.rf.c7844148a8a51d4ba4e26e2cc23db704.jpg,test,D:\Datasets\Alvaro\Floresta-3-20260714T215823Z-1-001\Floresta-3\valid\images\Cafezal-01_MP4-10_jpg.rf.f40996b93e2bd0f429f719db757acea2.jpg,0.932030439376831
validation-test,validation,D:\Datasets\Alvaro\Floresta-3-20260714T215823Z-1-001\Floresta-3\test\images\Cafezal-01_MP4-19_jpg.rf.23985bd4dcb4192e853be3258c035844.jpg,test,D:\Datasets\Alvaro\Floresta-3-20260714T215823Z-1-001\Floresta-3\valid\images\Cafezal-01_MP4-19_jpg.rf.b3ea7c98b2983a1067169d1d28b4bb88.jpg,0.9167853593826294
validation-test,validation,D:\Datasets\Alvaro\Floresta-3-20260714T215823Z-1-001\Floresta-3\test\images\Cafezal-01_MP4-22_jpg.rf.832e2219845f8d7c8267f3776b460b04.jpg,test,D:\Datasets\Alvaro\Floresta-3-20260714T215823Z-1-001\Floresta-3\valid\images\Cafezal-01_MP4-22_jpg.rf.0a3fc3e79ec646afd55583487c8fcd09.jpg,0.9519575834274292
validation-test,validation,D:\Datasets\Alvaro\Floresta-3-20260714T215823Z-1-001\Floresta-3\test\images\Cafezal-01_MP4-24_jpg.rf.66149aac83cf4b2e71caa2ef55fbc342.jpg,test,D:\Datasets\Alvaro\Floresta-3-20260714T215823Z-1-001\Floresta-3\valid\images\Cafezal-01_MP4-22_jpg.rf.b7bffe598d2b818aeb7dca98f0bea2b6.jpg,0.9753503799438477
validation-test,validation,D:\Datasets\Alvaro\Floresta-3-20260714T215823Z-1-001\Floresta-3\test\images\Cafezal-01_MP4-24_jpg.rf.7ffeef8fd13552673cdd54cc410b59b4.jpg,test,D:\Datasets\Alvaro\Floresta-3-20260714T215823Z-1-001\Floresta-3\valid\images\Cafezal-01_MP4-29_jpg.rf.5855a4cf080ea2a45f251e4640795b70.jpg,0.9261861443519592
validation-test,validation,D:\Datasets\Alvaro\Floresta-3-20260714T215823Z-1-001\Floresta-3\test\images\Cafezal-01_MP4-25_jpg.rf.cf4110fc37aca1f7955d710e17678e2e.jpg,test,D:\Datasets\Alvaro\Floresta-3-20260714T215823Z-1-001\Floresta-3\valid\images\Cafezal-01_MP4-22_jpg.rf.b7bffe598d2b818aeb7dca98f0bea2b6.jpg,0.9582852125167847
validation-test,validation,D:\Datasets\Alvaro\Floresta-3-20260714T215823Z-1-001\Floresta-3\test\images\Cafezal-01_MP4-27_jpg.rf.5e2d7da1c230a09abe59c9117c93c6e2.jpg,test,D:\Datasets\Alvaro\Floresta-3-20260714T215823Z-1-001\Floresta-3\valid\images\Cafezal-01_MP4-29_jpg.rf.5855a4cf080ea2a45f251e4640795b70.jpg,0.9353195428848267
validation-test,validation,D:\Datasets\Alvaro\Floresta-3-20260714T215823Z-1-001\Floresta-3\test\images\Cafezal-01_MP4-29_jpg.rf.d2c34c4b14e3e5f827658af9ae4bab9d.jpg,test,D:\Datasets\Alvaro\Floresta-3-20260714T215823Z-1-001\Floresta-3\valid\images\Cafezal-01_MP4-22_jpg.rf.0a3fc3e79ec646afd55583487c8fcd09.jpg,0.9347805380821228
validation-test,validation,D:\Datasets\Alvaro\Floresta-3-20260714T215823Z-1-001\Floresta-3\test\images\Cafezal-01_MP4-32_jpg.rf.046e0901c7e10047bb022ed0682931fc.jpg,test,D:\Datasets\Alvaro\Floresta-3-20260714T215823Z-1-001\Floresta-3\valid\images\Cafezal-01_MP4-37_jpg.rf.c477c38f01b1c7870d9e2f0dc89f6bf7.jpg,0.917292594909668
validation-test,validation,D:\Datasets\Alvaro\Floresta-3-20260714T215823Z-1-001\Floresta-3\test\images\Cafezal-01_MP4-34_jpg.rf.4ee565bb5b02aab375c619c5bd3f2363.jpg,test,D:\Datasets\Alvaro\Floresta-3-20260714T215823Z-1-001\Floresta-3\valid\images\Cafezal-01_MP4-32_jpg.rf.0f27206c4f78fcdccc284b24a2f466f8.jpg,0.963727593421936
validation-test,validation,D:\Datasets\Alvaro\Floresta-3-20260714T215823Z-1-001\Floresta-3\test\images\Cafezal-01_MP4-36_jpg.rf.55057ab2b72ffa6663b295c8921684d0.jpg,test,D:\Datasets\Alvaro\Floresta-3-20260714T215823Z-1-001\Floresta-3\valid\images\Cafezal-01_MP4-37_jpg.rf.c477c38f01b1c7870d9e2f0dc89f6bf7.jpg,0.9472823143005371
validation-test,validation,D:\Datasets\Alvaro\Floresta-3-20260714T215823Z-1-001\Floresta-3\test\images\Cafezal-01_MP4-40_jpg.rf.b1cee60ade7d9495db564b86af362316.jpg,test,D:\Datasets\Alvaro\Floresta-3-20260714T215823Z-1-001\Floresta-3\valid\images\Cafezal-01_MP4-44_jpg.rf.c8b14775b099047a6a6418599d5986e6.jpg,0.9409154653549194
validation-test,validation,D:\Datasets\Alvaro\Floresta-3-20260714T215823Z-1-001\Floresta-3\test\images\Cafezal-01_MP4-42_jpg.rf.891202181ba575c015412e84575f8cc7.jpg,test,D:\Datasets\Alvaro\Floresta-3-20260714T215823Z-1-001\Floresta-3\valid\images\Cafezal-01_MP4-40_jpg.rf.e2739b674f71e8a3806babd4a117a412.jpg,0.9737347364425659
validation-test,validation,D:\Datasets\Alvaro\Floresta-3-20260714T215823Z-1-001\Floresta-3\test\images\Cafezal-01_MP4-44_jpg.rf.1a394bf5546f1c1e71625975b956c838.jpg,test,D:\Datasets\Alvaro\Floresta-3-20260714T215823Z-1-001\Floresta-3\valid\images\Cafezal-01_MP4-42_jpg.rf.ebc06e0d919913123a59e3dfb076ff43.jpg,0.9379228353500366
validation-test,validation,D:\Datasets\Alvaro\Floresta-3-20260714T215823Z-1-001\Floresta-3\test\images\Cafezal-01_MP4-44_jpg.rf.48ef330763664568e2391db147a32919.jpg,test,D:\Datasets\Alvaro\Floresta-3-20260714T215823Z-1-001\Floresta-3\valid\images\Cafezal-01_MP4-40_jpg.rf.e2739b674f71e8a3806babd4a117a412.jpg,0.9626872539520264
validation-test,validation,D:\Datasets\Alvaro\Floresta-3-20260714T215823Z-1-001\Floresta-3\test\images\Cafezal-01_MP4-44_jpg.rf.c69a15a36d9a606a604b7d61055a10c1.jpg,test,D:\Datasets\Alvaro\Floresta-3-20260714T215823Z-1-001\Floresta-3\valid\images\Cafezal-01_MP4-46_jpg.rf.8108fc86efba37534dc8e20e9940ec5c.jpg,0.9057930707931519
validation-test,validation,D:\Datasets\Alvaro\Floresta-3-20260714T215823Z-1-001\Floresta-3\test\images\Cafezal-01_MP4-46_jpg.rf.36887db367ee2b93bb4eb6333ed98996.jpg,test,D:\Datasets\Alvaro\Floresta-3-20260714T215823Z-1-001\Floresta-3\valid\images\Cafezal-01_MP4-46_jpg.rf.8108fc86efba37534dc8e20e9940ec5c.jpg,0.951210081577301
validation-test,validation,D:\Datasets\Alvaro\Floresta-3-20260714T215823Z-1-001\Floresta-3\test\images\Cafezal-01_MP4-46_jpg.rf.50b082292e12f209134a6165a9e5f21c.jpg,test,D:\Datasets\Alvaro\Floresta-3-20260714T215823Z-1-001\Floresta-3\valid\images\Cafezal-01_MP4-40_jpg.rf.e2739b674f71e8a3806babd4a117a412.jpg,0.9431705474853516
validation-test,validation,D:\Datasets\Alvaro\Floresta-3-20260714T215823Z-1-001\Floresta-3\test\images\Cafezal-01_MP4-46_jpg.rf.716f684da0abc7510e178caf1848903b.jpg,test,D:\Datasets\Alvaro\Floresta-3-20260714T215823Z-1-001\Floresta-3\valid\images\Cafezal-01_MP4-46_jpg.rf.8108fc86efba37534dc8e20e9940ec5c.jpg,0.9497047662734985
validation-test,validation,D:\Datasets\Alvaro\Floresta-3-20260714T215823Z-1-001\Floresta-3\test\images\Cafezal-01_MP4-46_jpg.rf.e60ce0264f728f4a5de3d35b98df6b56.jpg,test,D:\Datasets\Alvaro\Floresta-3-20260714T215823Z-1-001\Floresta-3\valid\images\Cafezal-01_MP4-46_jpg.rf.8108fc86efba37534dc8e20e9940ec5c.jpg,0.9609084129333496
validation-test,validation,D:\Datasets\Alvaro\Floresta-3-20260714T215823Z-1-001\Floresta-3\test\images\Cafezal-01_MP4-4_jpg.rf.fcf7c8542a8efee27da7886ebd3a7b64.jpg,test,D:\Datasets\Alvaro\Floresta-3-20260714T215823Z-1-001\Floresta-3\valid\images\Cafezal-01_MP4-4_jpg.rf.2e96d538d02c4a86147960c3e1131c0e.jpg,0.9546766877174377
validation-test,validation,D:\Datasets\Alvaro\Floresta-3-20260714T215823Z-1-001\Floresta-3\test\images\Cafezal-01_MP4-54_jpg.rf.37028829d2ab1c5287ee9ab7cc79d102.jpg,test,D:\Datasets\Alvaro\Floresta-3-20260714T215823Z-1-001\Floresta-3\valid\images\Cafezal-01_MP4-58_jpg.rf.5d3edc3e4d5140bd45ae97af3b160ad4.jpg,0.9160884022712708
validation-test,validation,D:\Datasets\Alvaro\Floresta-3-20260714T215823Z-1-001\Floresta-3\test\images\Cafezal-01_MP4-54_jpg.rf.ab7b93843440f3ecf660fcc327c14f9c.jpg,test,D:\Datasets\Alvaro\Floresta-3-20260714T215823Z-1-001\Floresta-3\valid\images\Cafezal-01_MP4-54_jpg.rf.d0a9cf5f6dec7181017f8477b2909faf.jpg,0.9755260348320007
validation-test,validation,D:\Datasets\Alvaro\Floresta-3-20260714T215823Z-1-001\Floresta-3\test\images\Cafezal-01_MP4-54_jpg.rf.d5685f600ab0bbef5f9565c3c7631394.jpg,test,D:\Datasets\Alvaro\Floresta-3-20260714T215823Z-1-001\Floresta-3\valid\images\Cafezal-01_MP4-58_jpg.rf.b605a1ac13ded10e833b3af874e08125.jpg,0.9428997039794922
validation-test,validation,D:\Datasets\Alvaro\Floresta-3-20260714T215823Z-1-001\Floresta-3\test\images\Cafezal-01_MP4-65_jpg.rf.6e82d265e0f6caa4351d227af9554c79.jpg,test,D:\Datasets\Alvaro\Floresta-3-20260714T215823Z-1-001\Floresta-3\valid\images\Cafezal-01_MP4-60_jpg.rf.445a8aaf41c6386303931da96e94d1d0.jpg,0.9152102470397949
validation-test,validation,D:\Datasets\Alvaro\Floresta-3-20260714T215823Z-1-001\Floresta-3\test\images\Cafezal-01_MP4-65_jpg.rf.e016f9be3cb8073ff08a536d68878185.jpg,test,D:\Datasets\Alvaro\Floresta-3-20260714T215823Z-1-001\Floresta-3\valid\images\Cafezal-01_MP4-60_jpg.rf.445a8aaf41c6386303931da96e94d1d0.jpg,0.9225687980651855
validation-test,validation,D:\Datasets\Alvaro\Floresta-3-20260714T215823Z-1-001\Floresta-3\test\images\Cafezal-01_MP4-6_jpg.rf.4ba2bf05b7d5ba79449c9a99a1d1dd8c.jpg,test,D:\Datasets\Alvaro\Floresta-3-20260714T215823Z-1-001\Floresta-3\valid\images\Cafezal-01_MP4-10_jpg.rf.f40996b93e2bd0f429f719db757acea2.jpg,0.9620944261550903
validation-test,validation,D:\Datasets\Alvaro\Floresta-3-20260714T215823Z-1-001\Floresta-3\test\images\Cafezal-01_MP4-6_jpg.rf.5cb4b4cc0a3705822574ee8affd23fc6.jpg,test,D:\Datasets\Alvaro\Floresta-3-20260714T215823Z-1-001\Floresta-3\valid\images\Cafezal-01_MP4-7_jpg.rf.48da12b9325ed887bd811551ed7d430f.jpg,0.9327934980392456
validation-test,validation,D:\Datasets\Alvaro\Floresta-3-20260714T215823Z-1-001\Floresta-3\test\images\Cafezal-03_MP4-2_jpg.rf.98599fb581e4691e7c5f2e400c637095.jpg,test,D:\Datasets\Alvaro\Floresta-3-20260714T215823Z-1-001\Floresta-3\valid\images\Cafezal-03_MP4-3_jpg.rf.d9222c4af27716ac240854dac323374c.jpg,0.8932543992996216
validation-test,validation,D:\Datasets\Alvaro\Floresta-3-20260714T215823Z-1-001\Floresta-3\test\images\Cafezal-04_MP4-32_jpg.rf.832f81686b16db8ab741119031934964.jpg,test,D:\Datasets\Alvaro\Floresta-3-20260714T215823Z-1-001\Floresta-3\valid\images\Cafezal-04_MP4-36_jpg.rf.76f3b9305d4d5323b0c41643d6ab6d1e.jpg,0.9549825191497803
validation-test,validation,D:\Datasets\Alvaro\Floresta-3-20260714T215823Z-1-001\Floresta-3\test\images\evo1105_jpg.rf.16f78c76af884bf1964c7a0f4e56c3e6.jpg,test,D:\Datasets\Alvaro\Floresta-3-20260714T215823Z-1-001\Floresta-3\valid\images\evo186_jpg.rf.80d5e065d80eea849b99b2c97b243beb.jpg,0.9386782646179199
validation-test,validation,D:\Datasets\Alvaro\Floresta-3-20260714T215823Z-1-001\Floresta-3\test\images\evo1109_jpg.rf.d3cef7325551fc4afdfa7b4b4cf6e9e3.jpg,test,D:\Datasets\Alvaro\Floresta-3-20260714T215823Z-1-001\Floresta-3\valid\images\evo1105_jpg.rf.24309bced3c9954f69c4e43ed6044f85.jpg,0.9617998600006104
validation-test,validation,D:\Datasets\Alvaro\Floresta-3-20260714T215823Z-1-001\Floresta-3\test\images\evo157_jpg.rf.d8c6186e7453d4246a4d8fcf67a7a964.jpg,test,D:\Datasets\Alvaro\Floresta-3-20260714T215823Z-1-001\Floresta-3\valid\images\evo157_jpg.rf.c1a8343b33389fa15213e4fc5cb8c573.jpg,0.9653154611587524
validation-test,validation,D:\Datasets\Alvaro\Floresta-3-20260714T215823Z-1-001\Floresta-3\test\images\evo160_jpg.rf.3ad295732f94fb67e433f99b39bd2a8b.jpg,test,D:\Datasets\Alvaro\Floresta-3-20260714T215823Z-1-001\Floresta-3\valid\images\evo160_jpg.rf.7bd9eeb1b216728bc946a7daf01b31ad.jpg,0.9505531191825867
validation-test,validation,D:\Datasets\Alvaro\Floresta-3-20260714T215823Z-1-001\Floresta-3\test\images\evo163_jpg.rf.3148aa79b4fe786d0e98e2ec008f83d5.jpg,test,D:\Datasets\Alvaro\Floresta-3-20260714T215823Z-1-001\Floresta-3\valid\images\evo163_jpg.rf.15d1e9c4b86a35b13e685bf97bd62960.jpg,0.9672500491142273
validation-test,validation,D:\Datasets\Alvaro\Floresta-3-20260714T215823Z-1-001\Floresta-3\test\images\evo166_jpg.rf.7210be437a6d997f19d1a1a37625808b.jpg,test,D:\Datasets\Alvaro\Floresta-3-20260714T215823Z-1-001\Floresta-3\valid\images\evo166_jpg.rf.06baf2feb89de72d9a0e6d36e6758678.jpg,0.9566668272018433
validation-test,validation,D:\Datasets\Alvaro\Floresta-3-20260714T215823Z-1-001\Floresta-3\test\images\evo186_jpg.rf.a58c7579323865b07165624e0659a6f7.jpg,test,D:\Datasets\Alvaro\Floresta-3-20260714T215823Z-1-001\Floresta-3\valid\images\evo186_jpg.rf.80d5e065d80eea849b99b2c97b243beb.jpg,0.9204312562942505
validation-test,validation,D:\Datasets\Alvaro\Floresta-3-20260714T215823Z-1-001\Floresta-3\test\images\evo191_jpg.rf.2b2240ea1b30328a98de35c630f17bcc.jpg,test,D:\Datasets\Alvaro\Floresta-3-20260714T215823Z-1-001\Floresta-3\valid\images\evo191_jpg.rf.835a46767b319f3485a2f332b942d6d2.jpg,0.9574393033981323
validation-test,validation,D:\Datasets\Alvaro\Floresta-3-20260714T215823Z-1-001\Floresta-3\test\images\evo3365_jpg.rf.3d6a539e20773d913bbe37bc3aea1d3b.jpg,test,D:\Datasets\Alvaro\Floresta-3-20260714T215823Z-1-001\Floresta-3\valid\images\evo3373_jpg.rf.8493f7478a4b4007f2d5ac7d740c87c2.jpg,0.8003836870193481
validation-test,validation,D:\Datasets\Alvaro\Floresta-3-20260714T215823Z-1-001\Floresta-3\test\images\evo3365_jpg.rf.98d4fbfb80bc0f91151a3293dbf39b08.jpg,test,D:\Datasets\Alvaro\Floresta-3-20260714T215823Z-1-001\Floresta-3\valid\images\evo4260_jpg.rf.c101b3c456bc7d1f64b1f4289f12748c.jpg,0.8505983352661133
validation-test,validation,D:\Datasets\Alvaro\Floresta-3-20260714T215823Z-1-001\Floresta-3\test\images\evo3369_jpg.rf.ca44776c3f08bb30ccb48471a452206f.jpg,test,D:\Datasets\Alvaro\Floresta-3-20260714T215823Z-1-001\Floresta-3\valid\images\evo3373_jpg.rf.16f0c1f285cc1a03c10f57bac34c4a01.jpg,0.8470268249511719
validation-test,validation,D:\Datasets\Alvaro\Floresta-3-20260714T215823Z-1-001\Floresta-3\test\images\evo3372_jpg.rf.a03b675a75b25d07cedae93ea604d0f3.jpg,test,D:\Datasets\Alvaro\Floresta-3-20260714T215823Z-1-001\Floresta-3\valid\images\evo3373_jpg.rf.16f0c1f285cc1a03c10f57bac34c4a01.jpg,0.9142612218856812
validation-test,validation,D:\Datasets\Alvaro\Floresta-3-20260714T215823Z-1-001\Floresta-3\test\images\IJ_08_25_31_0_0_png_jpg.rf.21d88a4faebe9704c6d2939cf063d05e.jpg,test,D:\Datasets\Alvaro\Floresta-3-20260714T215823Z-1-001\Floresta-3\valid\images\IJ_08_25_22_0_0_png_jpg.rf.bd9095901635836c26e3452453fbde45.jpg,0.9723145961761475
validation-test,validation,D:\Datasets\Alvaro\Floresta-3-20260714T215823Z-1-001\Floresta-3\test\images\IJ_08_25_31_0_0_png_jpg.rf.5a32ac84538835b387c957556b6dac4d.jpg,test,D:\Datasets\Alvaro\Floresta-3-20260714T215823Z-1-001\Floresta-3\valid\images\IJ_08_25_23_0_0_png_jpg.rf.592583dc3cf55b8a4e858695e93ab0ff.jpg,0.9630944728851318
validation-test,validation,D:\Datasets\Alvaro\Floresta-3-20260714T215823Z-1-001\Floresta-3\test\images\IJ_08_25_31_0_0_png_jpg.rf.813193e5803fa29e5e8018b605b5f18d.jpg,test,D:\Datasets\Alvaro\Floresta-3-20260714T215823Z-1-001\Floresta-3\valid\images\IJ_08_25_29_0_0_png_jpg.rf.21eb6dec22036ed00b48cce1637f171a.jpg,0.9598976373672485
validation-test,validation,D:\Datasets\Alvaro\Floresta-3-20260714T215823Z-1-001\Floresta-3\test\images\IJ_08_25_31_0_0_png_jpg.rf.9122c28f02cdf954c262ae20b729ad5b.jpg,test,D:\Datasets\Alvaro\Floresta-3-20260714T215823Z-1-001\Floresta-3\valid\images\IJ_08_25_23_0_0_png_jpg.rf.1a460754c73736639c7d4d1acdd95487.jpg,0.9751150608062744
validation-test,validation,D:\Datasets\Alvaro\Floresta-3-20260714T215823Z-1-001\Floresta-3\test\images\IJ_08_25_31_0_0_png_jpg.rf.b0e29c262c60c0ced47795ec55d47cb7.jpg,test,D:\Datasets\Alvaro\Floresta-3-20260714T215823Z-1-001\Floresta-3\valid\images\IJ_08_25_19_0_0_png_jpg.rf.97bea0e4bd15653e4d53140b58833fbe.jpg,0.9640134572982788
validation-test,validation,D:\Datasets\Alvaro\Floresta-3-20260714T215823Z-1-001\Floresta-3\test\images\IJ_08_25_31_2560_0_png_jpg.rf.21014744c9917b559dd53493ca0bda56.jpg,test,D:\Datasets\Alvaro\Floresta-3-20260714T215823Z-1-001\Floresta-3\valid\images\IJ_08_25_06_2560_0_png_jpg.rf.fedc4cde1f0116c5a54c8f0438f21cc5.jpg,0.9094817638397217
validation-test,validation,D:\Datasets\Alvaro\Floresta-3-20260714T215823Z-1-001\Floresta-3\test\images\IJ_08_25_31_2560_0_png_jpg.rf.98ec2170045b719707c7e8e83ae033e4.jpg,test,D:\Datasets\Alvaro\Floresta-3-20260714T215823Z-1-001\Floresta-3\valid\images\IJ_08_25_19_2560_0_png_jpg.rf.c124534f81a8bd6d515b9cb410007f42.jpg,0.931564211845398
validation-test,validation,D:\Datasets\Alvaro\Floresta-3-20260714T215823Z-1-001\Floresta-3\test\images\IJ_08_25_31_2560_0_png_jpg.rf.b0a47b420bb8ce3972b7f2e12a3ef381.jpg,test,D:\Datasets\Alvaro\Floresta-3-20260714T215823Z-1-001\Floresta-3\valid\images\IJ_08_25_06_2560_0_png_jpg.rf.fedc4cde1f0116c5a54c8f0438f21cc5.jpg,0.924606204032898
validation-test,validation,D:\Datasets\Alvaro\Floresta-3-20260714T215823Z-1-001\Floresta-3\test\images\IJ_08_25_31_2560_880_png_jpg.rf.0b488569f7e700c83da18640cc1e4ca4.jpg,test,D:\Datasets\Alvaro\Floresta-3-20260714T215823Z-1-001\Floresta-3\valid\images\IJ_08_25_21_2560_880_png_jpg.rf.5df1a9d3f30d6da29ae99d052183b774.jpg,0.9609345197677612
validation-test,validation,D:\Datasets\Alvaro\Floresta-3-20260714T215823Z-1-001\Floresta-3\test\images\IJ_08_25_31_2560_880_png_jpg.rf.418693ef043053a047086e3a7912ac9c.jpg,test,D:\Datasets\Alvaro\Floresta-3-20260714T215823Z-1-001\Floresta-3\valid\images\IJ_08_25_21_2560_880_png_jpg.rf.435a1c17dd75d6405e584feff5b0945d.jpg,0.9042236804962158
validation-test,validation,D:\Datasets\Alvaro\Floresta-3-20260714T215823Z-1-001\Floresta-3\test\images\IJ_08_25_31_2560_880_png_jpg.rf.4b2488ad53466f96322cbfac210bf0c8.jpg,test,D:\Datasets\Alvaro\Floresta-3-20260714T215823Z-1-001\Floresta-3\valid\images\IJ_08_25_25_2560_880_png_jpg.rf.e8820e3eeac9a52de171871e2c562af4.jpg,0.9551080465316772
validation-test,validation,D:\Datasets\Alvaro\Floresta-3-20260714T215823Z-1-001\Floresta-3\test\images\IJ_08_25_31_2560_880_png_jpg.rf.5a5663906a161793d5fada9f67d9d341.jpg,test,D:\Datasets\Alvaro\Floresta-3-20260714T215823Z-1-001\Floresta-3\valid\images\IJ_08_25_25_2560_880_png_jpg.rf.e8820e3eeac9a52de171871e2c562af4.jpg,0.9631460905075073
validation-test,validation,D:\Datasets\Alvaro\Floresta-3-20260714T215823Z-1-001\Floresta-3\test\images\IJ_08_25_31_2560_880_png_jpg.rf.e599004c00d958cf50e10cb02f246b1a.jpg,test,D:\Datasets\Alvaro\Floresta-3-20260714T215823Z-1-001\Floresta-3\valid\images\IJ_08_25_28_2560_880_png_jpg.rf.f85590e6dbe04ab4b22907479a536f71.jpg,0.944030225276947
validation-test,validation,D:\Datasets\Alvaro\Floresta-3-20260714T215823Z-1-001\Floresta-3\test\images\IJ_08_25_32_0_0_png_jpg.rf.70652b2a5682771580a137a042df612a.jpg,test,D:\Datasets\Alvaro\Floresta-3-20260714T215823Z-1-001\Floresta-3\valid\images\IJ_08_25_29_0_0_png_jpg.rf.21eb6dec22036ed00b48cce1637f171a.jpg,0.971441388130188
validation-test,validation,D:\Datasets\Alvaro\Floresta-3-20260714T215823Z-1-001\Floresta-3\test\images\IJ_08_25_32_0_0_png_jpg.rf.f279fc70da0fe3f575bdcfd7fa67ab13.jpg,test,D:\Datasets\Alvaro\Floresta-3-20260714T215823Z-1-001\Floresta-3\valid\images\IJ_08_25_28_0_0_png_jpg.rf.3f0b5cac9d31e459dc8d3826ab2bbe26.jpg,0.9721808433532715
validation-test,validation,D:\Datasets\Alvaro\Floresta-3-20260714T215823Z-1-001\Floresta-3\test\images\IJ_08_25_32_2560_0_png_jpg.rf.573afe7797381f478331021a82dae48f.jpg,test,D:\Datasets\Alvaro\Floresta-3-20260714T215823Z-1-001\Floresta-3\valid\images\IJ_08_25_24_2560_0_png_jpg.rf.f180dc961f36d60880200aeb901e1fe0.jpg,0.9271117448806763
validation-test,validation,D:\Datasets\Alvaro\Floresta-3-20260714T215823Z-1-001\Floresta-3\test\images\IJ_08_25_32_2560_0_png_jpg.rf.b979827c297640cc8fbe919a33817283.jpg,test,D:\Datasets\Alvaro\Floresta-3-20260714T215823Z-1-001\Floresta-3\valid\images\IJ_08_25_25_2560_0_png_jpg.rf.1cfb1c74a10fdbc1ec8bbca013f43bf5.jpg,0.9703373908996582
validation-test,validation,D:\Datasets\Alvaro\Floresta-3-20260714T215823Z-1-001\Floresta-3\test\images\IJ_08_25_32_2560_880_png_jpg.rf.760b97569ebf714e30f432ce18d2517a.jpg,test,D:\Datasets\Alvaro\Floresta-3-20260714T215823Z-1-001\Floresta-3\valid\images\IJ_08_25_28_2560_880_png_jpg.rf.93782d3c991608446a429c304111484a.jpg,0.898924708366394
validation-test,validation,D:\Datasets\Alvaro\Floresta-3-20260714T215823Z-1-001\Floresta-3\test\images\IJ_08_25_32_2560_880_png_jpg.rf.b349d3820eda66999777d4ae7e5bfccd.jpg,test,D:\Datasets\Alvaro\Floresta-3-20260714T215823Z-1-001\Floresta-3\valid\images\IJ_08_25_25_2560_880_png_jpg.rf.e8820e3eeac9a52de171871e2c562af4.jpg,0.9556009769439697
validation-test,validation,D:\Datasets\Alvaro\Floresta-3-20260714T215823Z-1-001\Floresta-3\test\images\IJ_08_25_32_2560_880_png_jpg.rf.bcc50b4e6f2ee55a5233d43c472d4505.jpg,test,D:\Datasets\Alvaro\Floresta-3-20260714T215823Z-1-001\Floresta-3\valid\images\IJ_08_25_28_2560_880_png_jpg.rf.93782d3c991608446a429c304111484a.jpg,0.9185420274734497
validation-test,validation,D:\Datasets\Alvaro\Floresta-3-20260714T215823Z-1-001\Floresta-3\test\images\IJ_08_25_32_2560_880_png_jpg.rf.fecff524faaac3d122f317c4b44025d8.jpg,test,D:\Datasets\Alvaro\Floresta-3-20260714T215823Z-1-001\Floresta-3\valid\images\IJ_08_25_25_2560_880_png_jpg.rf.e8820e3eeac9a52de171871e2c562af4.jpg,0.9591666460037231
validation-test,validation,D:\Datasets\Alvaro\Floresta-3-20260714T215823Z-1-001\Floresta-3\test\images\IJ_08_25_33_0_0_png_jpg.rf.2345a566f5b62f78fe9d8875045710e1.jpg,test,D:\Datasets\Alvaro\Floresta-3-20260714T215823Z-1-001\Floresta-3\valid\images\IJ_08_25_29_0_0_png_jpg.rf.dd322a198647f24aa8d72c54d9ae4ab4.jpg,0.8861852884292603
validation-test,validation,D:\Datasets\Alvaro\Floresta-3-20260714T215823Z-1-001\Floresta-3\test\images\IJ_08_25_33_0_0_png_jpg.rf.33b59efb626e43858ce7d4c3043b5280.jpg,test,D:\Datasets\Alvaro\Floresta-3-20260714T215823Z-1-001\Floresta-3\valid\images\IJ_08_25_22_0_0_png_jpg.rf.bd9095901635836c26e3452453fbde45.jpg,0.9582263827323914
validation-test,validation,D:\Datasets\Alvaro\Floresta-3-20260714T215823Z-1-001\Floresta-3\test\images\IJ_08_25_33_0_0_png_jpg.rf.4bd5ee965f2c2f1e4c6e22e020707be8.jpg,test,D:\Datasets\Alvaro\Floresta-3-20260714T215823Z-1-001\Floresta-3\valid\images\IJ_08_25_22_0_0_png_jpg.rf.7421f54971399c0e1fe2d27cf60f9f5d.jpg,0.8937548398971558
validation-test,validation,D:\Datasets\Alvaro\Floresta-3-20260714T215823Z-1-001\Floresta-3\test\images\IJ_08_25_33_0_0_png_jpg.rf.b9784594749cb601e877e244a046a6ef.jpg,test,D:\Datasets\Alvaro\Floresta-3-20260714T215823Z-1-001\Floresta-3\valid\images\IJ_08_25_29_0_0_png_jpg.rf.21eb6dec22036ed00b48cce1637f171a.jpg,0.9705890417098999
validation-test,validation,D:\Datasets\Alvaro\Floresta-3-20260714T215823Z-1-001\Floresta-3\test\images\IJ_08_25_33_2560_0_png_jpg.rf.3d42c7c8d240b11e832eef112ef4bd49.jpg,test,D:\Datasets\Alvaro\Floresta-3-20260714T215823Z-1-001\Floresta-3\valid\images\IJ_08_25_26_2560_0_png_jpg.rf.1bb092f4f65a8dbe68641fe3c4482b88.jpg,0.9542202949523926
validation-test,validation,D:\Datasets\Alvaro\Floresta-3-20260714T215823Z-1-001\Floresta-3\test\images\IJ_08_25_33_2560_0_png_jpg.rf.469c299f1eb769acc003cc55be85ef46.jpg,test,D:\Datasets\Alvaro\Floresta-3-20260714T215823Z-1-001\Floresta-3\valid\images\IJ_08_25_26_2560_0_png_jpg.rf.a1af5be4e0e70b973e4ea37871593348.jpg,0.9613430500030518
validation-test,validation,D:\Datasets\Alvaro\Floresta-3-20260714T215823Z-1-001\Floresta-3\test\images\IJ_08_25_33_2560_0_png_jpg.rf.902b471a8f999931edeab3b9361a3f00.jpg,test,D:\Datasets\Alvaro\Floresta-3-20260714T215823Z-1-001\Floresta-3\valid\images\IJ_08_25_24_2560_0_png_jpg.rf.f180dc961f36d60880200aeb901e1fe0.jpg,0.9672175645828247
validation-test,validation,D:\Datasets\Alvaro\Floresta-3-20260714T215823Z-1-001\Floresta-3\test\images\IJ_08_25_33_2560_0_png_jpg.rf.a3afe22d0ae55c538ec92869eaf0342b.jpg,test,D:\Datasets\Alvaro\Floresta-3-20260714T215823Z-1-001\Floresta-3\valid\images\IJ_08_25_27_2560_0_png_jpg.rf.36666a1553fcb6c79e1a94e37a7847bb.jpg,0.9630423784255981
validation-test,validation,D:\Datasets\Alvaro\Floresta-3-20260714T215823Z-1-001\Floresta-3\test\images\IJ_08_25_33_2560_880_png_jpg.rf.21f498285906bab8667d13a2bfdad0af.jpg,test,D:\Datasets\Alvaro\Floresta-3-20260714T215823Z-1-001\Floresta-3\valid\images\IJ_08_25_22_2560_880_png_jpg.rf.d2d35e5b2f1304c1d5ce2be7f67d7fce.jpg,0.9096631407737732
validation-test,validation,D:\Datasets\Alvaro\Floresta-3-20260714T215823Z-1-001\Floresta-3\test\images\IJ_08_25_33_2560_880_png_jpg.rf.542b954bcb2a52b6f563749eebdb158a.jpg,test,D:\Datasets\Alvaro\Floresta-3-20260714T215823Z-1-001\Floresta-3\valid\images\IJ_08_25_25_2560_880_png_jpg.rf.e8820e3eeac9a52de171871e2c562af4.jpg,0.9394824504852295
validation-test,validation,D:\Datasets\Alvaro\Floresta-3-20260714T215823Z-1-001\Floresta-3\test\images\IJ_08_25_33_2560_880_png_jpg.rf.69c7581afa7dd58a292f9d4b30716474.jpg,test,D:\Datasets\Alvaro\Floresta-3-20260714T215823Z-1-001\Floresta-3\valid\images\IJ_08_25_21_2560_880_png_jpg.rf.435a1c17dd75d6405e584feff5b0945d.jpg,0.8947397470474243
validation-test,validation,D:\Datasets\Alvaro\Floresta-3-20260714T215823Z-1-001\Floresta-3\test\images\IJ_08_25_33_2560_880_png_jpg.rf.91e16b051851a81f644377550498d99f.jpg,test,D:\Datasets\Alvaro\Floresta-3-20260714T215823Z-1-001\Floresta-3\valid\images\IJ_08_25_24_2560_880_png_jpg.rf.a37f6a54908ac03d1d417b3f4b5f43c7.jpg,0.9182026386260986
validation-test,validation,D:\Datasets\Alvaro\Floresta-3-20260714T215823Z-1-001\Floresta-3\test\images\IJ_08_25_33_2560_880_png_jpg.rf.9585348a6f5c4ae6f0ddefb153dcf23a.jpg,test,D:\Datasets\Alvaro\Floresta-3-20260714T215823Z-1-001\Floresta-3\valid\images\IJ_08_25_28_2560_880_png_jpg.rf.f85590e6dbe04ab4b22907479a536f71.jpg,0.9543975591659546
validation-test,validation,D:\Datasets\Alvaro\Floresta-3-20260714T215823Z-1-001\Floresta-3\test\images\IJ_08_25_33_2560_880_png_jpg.rf.9fd96891a5327883473abb65330056d4.jpg,test,D:\Datasets\Alvaro\Floresta-3-20260714T215823Z-1-001\Floresta-3\valid\images\IJ_08_25_21_2560_880_png_jpg.rf.5df1a9d3f30d6da29ae99d052183b774.jpg,0.9637056589126587
validation-test,validation,D:\Datasets\Alvaro\Floresta-3-20260714T215823Z-1-001\Floresta-3\test\images\IJ_08_25_33_2560_880_png_jpg.rf.b7897b8d9535020349947163607dbfef.jpg,test,D:\Datasets\Alvaro\Floresta-3-20260714T215823Z-1-001\Floresta-3\valid\images\IJ_08_25_21_2560_880_png_jpg.rf.435a1c17dd75d6405e584feff5b0945d.jpg,0.9364339113235474
validation-test,validation,D:\Datasets\Alvaro\Floresta-3-20260714T215823Z-1-001\Floresta-3\test\images\IJ_08_25_33_2560_880_png_jpg.rf.c0779fe934bd647df1dddc59d76908bf.jpg,test,D:\Datasets\Alvaro\Floresta-3-20260714T215823Z-1-001\Floresta-3\valid\images\IJ_08_25_28_2560_880_png_jpg.rf.f85590e6dbe04ab4b22907479a536f71.jpg,0.9486802220344543
validation-test,validation,D:\Datasets\Alvaro\Floresta-3-20260714T215823Z-1-001\Floresta-3\test\images\IJ_08_25_34_2560_0_png_jpg.rf.7d5ddee0f98b1394c77cbd3e2f469e24.jpg,test,D:\Datasets\Alvaro\Floresta-3-20260714T215823Z-1-001\Floresta-3\valid\images\IJ_08_25_26_2560_0_png_jpg.rf.a1af5be4e0e70b973e4ea37871593348.jpg,0.9723474979400635
validation-test,validation,D:\Datasets\Alvaro\Floresta-3-20260714T215823Z-1-001\Floresta-3\test\images\IJ_08_25_34_2560_0_png_jpg.rf.b36c3be4a7740c241bff677687ad6afc.jpg,test,D:\Datasets\Alvaro\Floresta-3-20260714T215823Z-1-001\Floresta-3\valid\images\IJ_08_25_26_2560_0_png_jpg.rf.7c75aaa86bcff28aad03c9b294989b72.jpg,0.943798303604126
validation-test,validation,D:\Datasets\Alvaro\Floresta-3-20260714T215823Z-1-001\Floresta-3\test\images\IJ_08_25_34_2560_0_png_jpg.rf.eb5d9f857bf2c9bb294cebf931c92dab.jpg,test,D:\Datasets\Alvaro\Floresta-3-20260714T215823Z-1-001\Floresta-3\valid\images\IJ_08_25_26_2560_0_png_jpg.rf.a1af5be4e0e70b973e4ea37871593348.jpg,0.970770537853241
validation-test,validation,D:\Datasets\Alvaro\Floresta-3-20260714T215823Z-1-001\Floresta-3\test\images\IJ_08_25_34_2560_0_png_jpg.rf.eb6004f03f156e0400672924163a36b7.jpg,test,D:\Datasets\Alvaro\Floresta-3-20260714T215823Z-1-001\Floresta-3\valid\images\IJ_08_25_24_2560_0_png_jpg.rf.f180dc961f36d60880200aeb901e1fe0.jpg,0.9271348118782043
validation-test,validation,D:\Datasets\Alvaro\Floresta-3-20260714T215823Z-1-001\Floresta-3\test\images\IJ_08_25_34_2560_880_png_jpg.rf.da11e7f2caf98b138871ced55d3ecbf6.jpg,test,D:\Datasets\Alvaro\Floresta-3-20260714T215823Z-1-001\Floresta-3\valid\images\IJ_08_25_28_2560_880_png_jpg.rf.f85590e6dbe04ab4b22907479a536f71.jpg,0.9253113269805908
validation-test,validation,D:\Datasets\Alvaro\Floresta-3-20260714T215823Z-1-001\Floresta-3\test\images\IJ_08_25_34_2560_880_png_jpg.rf.fa4066b7e45a9a112166f7a0e016be66.jpg,test,D:\Datasets\Alvaro\Floresta-3-20260714T215823Z-1-001\Floresta-3\valid\images\IJ_08_25_28_2560_880_png_jpg.rf.f85590e6dbe04ab4b22907479a536f71.jpg,0.9219805598258972
validation-test,validation,D:\Datasets\Alvaro\Floresta-3-20260714T215823Z-1-001\Floresta-3\test\images\IJ_08_25_35_0_0_png_jpg.rf.12e246f93f74a2f6ee489b1672c5d9f2.jpg,test,D:\Datasets\Alvaro\Floresta-3-20260714T215823Z-1-001\Floresta-3\valid\images\IJ_08_25_07_0_0_png_jpg.rf.1f084a52fdca535d54402a948cdd2ea2.jpg,0.9088037610054016
validation-test,validation,D:\Datasets\Alvaro\Floresta-3-20260714T215823Z-1-001\Floresta-3\test\images\IJ_08_25_35_0_0_png_jpg.rf.34ee9423021c73e904dae5a84e666935.jpg,test,D:\Datasets\Alvaro\Floresta-3-20260714T215823Z-1-001\Floresta-3\valid\images\IJ_08_25_29_0_0_png_jpg.rf.21eb6dec22036ed00b48cce1637f171a.jpg,0.9595177173614502
validation-test,validation,D:\Datasets\Alvaro\Floresta-3-20260714T215823Z-1-001\Floresta-3\test\images\IJ_08_25_35_0_0_png_jpg.rf.8f8b50dc9d02127cf5f70cdb36eb2a19.jpg,test,D:\Datasets\Alvaro\Floresta-3-20260714T215823Z-1-001\Floresta-3\valid\images\IJ_08_25_29_0_0_png_jpg.rf.21eb6dec22036ed00b48cce1637f171a.jpg,0.9293299913406372
validation-test,validation,D:\Datasets\Alvaro\Floresta-3-20260714T215823Z-1-001\Floresta-3\test\images\IJ_08_25_35_0_0_png_jpg.rf.fd930ab4b57825a7c71ad06c629b0fa2.jpg,test,D:\Datasets\Alvaro\Floresta-3-20260714T215823Z-1-001\Floresta-3\valid\images\IJ_08_25_29_0_0_png_jpg.rf.21eb6dec22036ed00b48cce1637f171a.jpg,0.956099271774292
validation-test,validation,D:\Datasets\Alvaro\Floresta-3-20260714T215823Z-1-001\Floresta-3\test\images\IJ_08_25_35_2560_0_png_jpg.rf.0f5c2dcaa9b5aa2957dee96edaa532bf.jpg,test,D:\Datasets\Alvaro\Floresta-3-20260714T215823Z-1-001\Floresta-3\valid\images\IJ_08_25_24_2560_0_png_jpg.rf.f180dc961f36d60880200aeb901e1fe0.jpg,0.9611821174621582
validation-test,validation,D:\Datasets\Alvaro\Floresta-3-20260714T215823Z-1-001\Floresta-3\test\images\IJ_08_25_35_2560_0_png_jpg.rf.39be03776f539ebd40cf3e78a9cb8e4c.jpg,test,D:\Datasets\Alvaro\Floresta-3-20260714T215823Z-1-001\Floresta-3\valid\images\IJ_08_25_26_2560_0_png_jpg.rf.1bb092f4f65a8dbe68641fe3c4482b88.jpg,0.965763509273529
validation-test,validation,D:\Datasets\Alvaro\Floresta-3-20260714T215823Z-1-001\Floresta-3\test\images\IJ_08_25_35_2560_0_png_jpg.rf.6357d45c9a61975dab37b3e2202b1f56.jpg,test,D:\Datasets\Alvaro\Floresta-3-20260714T215823Z-1-001\Floresta-3\valid\images\IJ_08_25_19_2560_0_png_jpg.rf.c124534f81a8bd6d515b9cb410007f42.jpg,0.9587741494178772
validation-test,validation,D:\Datasets\Alvaro\Floresta-3-20260714T215823Z-1-001\Floresta-3\test\images\IJ_08_25_35_2560_0_png_jpg.rf.9f99476e46e0bb8acd40c882aa05da46.jpg,test,D:\Datasets\Alvaro\Floresta-3-20260714T215823Z-1-001\Floresta-3\valid\images\IJ_08_25_24_2560_0_png_jpg.rf.f180dc961f36d60880200aeb901e1fe0.jpg,0.9703322649002075
validation-test,validation,D:\Datasets\Alvaro\Floresta-3-20260714T215823Z-1-001\Floresta-3\test\images\IJ_08_25_35_2560_0_png_jpg.rf.cad06640dcc14569ee9941a9bde42bfb.jpg,test,D:\Datasets\Alvaro\Floresta-3-20260714T215823Z-1-001\Floresta-3\valid\images\IJ_08_25_19_2560_0_png_jpg.rf.c124534f81a8bd6d515b9cb410007f42.jpg,0.9476174712181091
validation-test,validation,D:\Datasets\Alvaro\Floresta-3-20260714T215823Z-1-001\Floresta-3\test\images\IJ_08_25_35_2560_0_png_jpg.rf.e13a3fdb9fb72caf87e4e0355af135b8.jpg,test,D:\Datasets\Alvaro\Floresta-3-20260714T215823Z-1-001\Floresta-3\valid\images\IJ_08_25_19_2560_0_png_jpg.rf.596f3c4f2561be07dc4d3bb8dea5495c.jpg,0.940399169921875
validation-test,validation,D:\Datasets\Alvaro\Floresta-3-20260714T215823Z-1-001\Floresta-3\test\images\IJ_08_25_35_2560_880_png_jpg.rf.38deb908be969f692b1c67a540ba9b23.jpg,test,D:\Datasets\Alvaro\Floresta-3-20260714T215823Z-1-001\Floresta-3\valid\images\IJ_08_25_19_2560_880_png_jpg.rf.7cc763b31fff1abd649d9e7840c08f39.jpg,0.9411309361457825
validation-test,validation,D:\Datasets\Alvaro\Floresta-3-20260714T215823Z-1-001\Floresta-3\test\images\IJ_08_25_35_2560_880_png_jpg.rf.ad5e19f0c42d9798df19f0b5138b1ba9.jpg,test,D:\Datasets\Alvaro\Floresta-3-20260714T215823Z-1-001\Floresta-3\valid\images\IJ_08_25_28_2560_880_png_jpg.rf.f85590e6dbe04ab4b22907479a536f71.jpg,0.9291653037071228
validation-test,validation,D:\Datasets\Alvaro\Floresta-3-20260714T215823Z-1-001\Floresta-3\test\images\IJ_08_25_36_0_0_png_jpg.rf.093124dae5e9e2fbea0afa9ca0b5af41.jpg,test,D:\Datasets\Alvaro\Floresta-3-20260714T215823Z-1-001\Floresta-3\valid\images\IJ_08_25_29_0_0_png_jpg.rf.21eb6dec22036ed00b48cce1637f171a.jpg,0.9664202332496643
validation-test,validation,D:\Datasets\Alvaro\Floresta-3-20260714T215823Z-1-001\Floresta-3\test\images\IJ_08_25_36_0_0_png_jpg.rf.5a0bc549f7546e50d779a6ea3bfda828.jpg,test,D:\Datasets\Alvaro\Floresta-3-20260714T215823Z-1-001\Floresta-3\valid\images\IJ_08_25_23_0_0_png_jpg.rf.53892f30ca71bc089173b36618d54756.jpg,0.8759723901748657
validation-test,validation,D:\Datasets\Alvaro\Floresta-3-20260714T215823Z-1-001\Floresta-3\test\images\IJ_08_25_36_0_0_png_jpg.rf.c0e43c4a2d4cc3b97b02a09ee8c2bcd2.jpg,test,D:\Datasets\Alvaro\Floresta-3-20260714T215823Z-1-001\Floresta-3\valid\images\IJ_08_25_23_0_0_png_jpg.rf.b699ff3181e5a236740ac25c1bb25cce.jpg,0.8570814728736877
validation-test,validation,D:\Datasets\Alvaro\Floresta-3-20260714T215823Z-1-001\Floresta-3\test\images\IJ_08_25_36_2560_0_png_jpg.rf.168c3cf87e1546ddfc16621b76518c23.jpg,test,D:\Datasets\Alvaro\Floresta-3-20260714T215823Z-1-001\Floresta-3\valid\images\IJ_08_25_24_2560_0_png_jpg.rf.f180dc961f36d60880200aeb901e1fe0.jpg,0.9377604722976685
validation-test,validation,D:\Datasets\Alvaro\Floresta-3-20260714T215823Z-1-001\Floresta-3\test\images\IJ_08_25_36_2560_0_png_jpg.rf.5898a213432e672955dbfb0edb2e039c.jpg,test,D:\Datasets\Alvaro\Floresta-3-20260714T215823Z-1-001\Floresta-3\valid\images\IJ_08_25_26_2560_0_png_jpg.rf.a1af5be4e0e70b973e4ea37871593348.jpg,0.9710249900817871
validation-test,validation,D:\Datasets\Alvaro\Floresta-3-20260714T215823Z-1-001\Floresta-3\test\images\IJ_08_25_36_2560_0_png_jpg.rf.968e846c2d9ae4eb2ef5ddeb2b742ca9.jpg,test,D:\Datasets\Alvaro\Floresta-3-20260714T215823Z-1-001\Floresta-3\valid\images\IJ_08_25_27_2560_0_png_jpg.rf.33350cefc2203856896de6c21776e110.jpg,0.9155800342559814
validation-test,validation,D:\Datasets\Alvaro\Floresta-3-20260714T215823Z-1-001\Floresta-3\test\images\IJ_08_25_36_2560_0_png_jpg.rf.c3a915ac84e470b961fc6b322066a4e6.jpg,test,D:\Datasets\Alvaro\Floresta-3-20260714T215823Z-1-001\Floresta-3\valid\images\IJ_08_25_26_2560_0_png_jpg.rf.471d0daa224f56c6f7f94a48ed2d22e0.jpg,0.9442974925041199
validation-test,validation,D:\Datasets\Alvaro\Floresta-3-20260714T215823Z-1-001\Floresta-3\test\images\IJ_08_25_36_2560_0_png_jpg.rf.cbec1add57c99013895759bc8dbdcf06.jpg,test,D:\Datasets\Alvaro\Floresta-3-20260714T215823Z-1-001\Floresta-3\valid\images\IJ_08_25_25_2560_0_png_jpg.rf.1cfb1c74a10fdbc1ec8bbca013f43bf5.jpg,0.9680712223052979
validation-test,validation,D:\Datasets\Alvaro\Floresta-3-20260714T215823Z-1-001\Floresta-3\test\images\IJ_08_25_36_2560_880_png_jpg.rf.84e3efeaf0a6b871dd69149a9f9cc9d1.jpg,test,D:\Datasets\Alvaro\Floresta-3-20260714T215823Z-1-001\Floresta-3\valid\images\IJ_08_25_17_2560_880_png_jpg.rf.23af08089c54c37d63c943caa69829cb.jpg,0.9298017024993896
validation-test,validation,D:\Datasets\Alvaro\Floresta-3-20260714T215823Z-1-001\Floresta-3\test\images\IJ_08_25_36_2560_880_png_jpg.rf.8cdb79deeedef36232268c78c1bda432.jpg,test,D:\Datasets\Alvaro\Floresta-3-20260714T215823Z-1-001\Floresta-3\valid\images\IJ_08_25_28_2560_880_png_jpg.rf.cb456f842c44106da5298168b4bf6b38.jpg,0.9355640411376953
validation-test,validation,D:\Datasets\Alvaro\Floresta-3-20260714T215823Z-1-001\Floresta-3\test\images\IJ_08_25_36_2560_880_png_jpg.rf.ad03369cc58c1fc7a00fc52e795a95e1.jpg,test,D:\Datasets\Alvaro\Floresta-3-20260714T215823Z-1-001\Floresta-3\valid\images\IJ_08_25_25_2560_880_png_jpg.rf.e8820e3eeac9a52de171871e2c562af4.jpg,0.9331957697868347
validation-test,validation,D:\Datasets\Alvaro\Floresta-3-20260714T215823Z-1-001\Floresta-3\test\images\IJ_08_25_36_2560_880_png_jpg.rf.baf61c4da555d3c7d233847c7c2d1a99.jpg,test,D:\Datasets\Alvaro\Floresta-3-20260714T215823Z-1-001\Floresta-3\valid\images\IJ_08_25_21_2560_880_png_jpg.rf.5df1a9d3f30d6da29ae99d052183b774.jpg,0.9409933090209961
validation-test,validation,D:\Datasets\Alvaro\Floresta-3-20260714T215823Z-1-001\Floresta-3\test\images\IJ_08_25_37_0_0_png_jpg.rf.1474a79821efd604978f199faf9843ca.jpg,test,D:\Datasets\Alvaro\Floresta-3-20260714T215823Z-1-001\Floresta-3\valid\images\IJ_08_25_29_0_0_png_jpg.rf.21eb6dec22036ed00b48cce1637f171a.jpg,0.9737550020217896
validation-test,validation,D:\Datasets\Alvaro\Floresta-3-20260714T215823Z-1-001\Floresta-3\test\images\IJ_08_25_37_0_0_png_jpg.rf.5251d734bda5c91134b357b6add8772b.jpg,test,D:\Datasets\Alvaro\Floresta-3-20260714T215823Z-1-001\Floresta-3\valid\images\IJ_08_25_24_0_0_png_jpg.rf.c588b8e0be848837ebffc73a9bf997cd.jpg,0.9115973711013794
validation-test,validation,D:\Datasets\Alvaro\Floresta-3-20260714T215823Z-1-001\Floresta-3\test\images\IJ_08_25_37_2560_0_png_jpg.rf.28741680dd6dd6a0569d56549918f9c7.jpg,test,D:\Datasets\Alvaro\Floresta-3-20260714T215823Z-1-001\Floresta-3\valid\images\IJ_08_25_27_2560_0_png_jpg.rf.33350cefc2203856896de6c21776e110.jpg,0.968427300453186
validation-test,validation,D:\Datasets\Alvaro\Floresta-3-20260714T215823Z-1-001\Floresta-3\test\images\IJ_08_25_37_2560_0_png_jpg.rf.89ed4c6b9f6613fc89725c5b18e05088.jpg,test,D:\Datasets\Alvaro\Floresta-3-20260714T215823Z-1-001\Floresta-3\valid\images\IJ_08_25_26_2560_0_png_jpg.rf.471d0daa224f56c6f7f94a48ed2d22e0.jpg,0.9652895331382751
validation-test,validation,D:\Datasets\Alvaro\Floresta-3-20260714T215823Z-1-001\Floresta-3\test\images\IJ_08_25_37_2560_880_png_jpg.rf.e4c9122ab2edac3f83907f64fab34280.jpg,test,D:\Datasets\Alvaro\Floresta-3-20260714T215823Z-1-001\Floresta-3\valid\images\IJ_08_25_21_2560_880_png_jpg.rf.5df1a9d3f30d6da29ae99d052183b774.jpg,0.9248409271240234
validation-test,validation,D:\Datasets\Alvaro\Floresta-3-20260714T215823Z-1-001\Floresta-3\test\images\IJ_08_25_38_0_0_png_jpg.rf.a0c752614a575bc93e8d2d77b40550b0.jpg,test,D:\Datasets\Alvaro\Floresta-3-20260714T215823Z-1-001\Floresta-3\valid\images\IJ_08_25_28_0_0_png_jpg.rf.3f0b5cac9d31e459dc8d3826ab2bbe26.jpg,0.9553769826889038
validation-test,validation,D:\Datasets\Alvaro\Floresta-3-20260714T215823Z-1-001\Floresta-3\test\images\IJ_08_25_38_2560_0_png_jpg.rf.3473d78a4e6413afd9629129e7e6bcce.jpg,test,D:\Datasets\Alvaro\Floresta-3-20260714T215823Z-1-001\Floresta-3\valid\images\IJ_08_25_27_2560_0_png_jpg.rf.36666a1553fcb6c79e1a94e37a7847bb.jpg,0.9641836881637573
validation-test,validation,D:\Datasets\Alvaro\Floresta-3-20260714T215823Z-1-001\Floresta-3\test\images\IJ_08_25_38_2560_0_png_jpg.rf.9099bf848cd379e93ad188c3e8eba898.jpg,test,D:\Datasets\Alvaro\Floresta-3-20260714T215823Z-1-001\Floresta-3\valid\images\IJ_08_25_02_2560_0_png_jpg.rf.6b348e4097bfa6786e08740195efef0e.jpg,0.9231625199317932
validation-test,validation,D:\Datasets\Alvaro\Floresta-3-20260714T215823Z-1-001\Floresta-3\test\images\IJ_08_25_38_2560_880_png_jpg.rf.3fe73f13bc07a9cfe92d67501f487ddd.jpg,test,D:\Datasets\Alvaro\Floresta-3-20260714T215823Z-1-001\Floresta-3\valid\images\IJ_08_25_27_2560_880_png_jpg.rf.952cd02e41402e372167633aa2c07e2d.jpg,0.945939838886261
validation-test,validation,D:\Datasets\Alvaro\Floresta-3-20260714T215823Z-1-001\Floresta-3\test\images\IJ_08_25_39_0_0_png_jpg.rf.2ed2038cb6db1d2390dd1012c4649d3d.jpg,test,D:\Datasets\Alvaro\Floresta-3-20260714T215823Z-1-001\Floresta-3\valid\images\IJ_08_25_29_0_0_png_jpg.rf.21eb6dec22036ed00b48cce1637f171a.jpg,0.9533562660217285
validation-test,validation,D:\Datasets\Alvaro\Floresta-3-20260714T215823Z-1-001\Floresta-3\test\images\IJ_08_25_39_0_0_png_jpg.rf.453cee549953ce87cb68df38ade3c39d.jpg,test,D:\Datasets\Alvaro\Floresta-3-20260714T215823Z-1-001\Floresta-3\valid\images\IJ_08_25_29_0_0_png_jpg.rf.21eb6dec22036ed00b48cce1637f171a.jpg,0.9562273025512695
validation-test,validation,D:\Datasets\Alvaro\Floresta-3-20260714T215823Z-1-001\Floresta-3\test\images\IJ_08_25_39_0_0_png_jpg.rf.9f5077ecfc0d949c232e58866753ee03.jpg,test,D:\Datasets\Alvaro\Floresta-3-20260714T215823Z-1-001\Floresta-3\valid\images\IJ_08_25_29_0_0_png_jpg.rf.21eb6dec22036ed00b48cce1637f171a.jpg,0.9532828330993652
validation-test,validation,D:\Datasets\Alvaro\Floresta-3-20260714T215823Z-1-001\Floresta-3\test\images\IJ_08_25_39_0_0_png_jpg.rf.e5ed6920dcbccf29956ed087b1c9a3b3.jpg,test,D:\Datasets\Alvaro\Floresta-3-20260714T215823Z-1-001\Floresta-3\valid\images\IJ_08_25_22_0_0_png_jpg.rf.7421f54971399c0e1fe2d27cf60f9f5d.jpg,0.9502318501472473
validation-test,validation,D:\Datasets\Alvaro\Floresta-3-20260714T215823Z-1-001\Floresta-3\test\images\IJ_08_25_39_0_0_png_jpg.rf.e87d0ca7d361861c746887a54a81e1f9.jpg,test,D:\Datasets\Alvaro\Floresta-3-20260714T215823Z-1-001\Floresta-3\valid\images\IJ_08_25_29_0_0_png_jpg.rf.21eb6dec22036ed00b48cce1637f171a.jpg,0.9625332951545715
validation-test,validation,D:\Datasets\Alvaro\Floresta-3-20260714T215823Z-1-001\Floresta-3\test\images\IJ_08_25_39_2560_0_png_jpg.rf.23085a8eaf64e68239a33e61def9b30e.jpg,test,D:\Datasets\Alvaro\Floresta-3-20260714T215823Z-1-001\Floresta-3\valid\images\IJ_08_25_20_2560_0_png_jpg.rf.b74c65ac0ce479c973d2b2cfb0ed7554.jpg,0.9390901327133179
validation-test,validation,D:\Datasets\Alvaro\Floresta-3-20260714T215823Z-1-001\Floresta-3\test\images\IJ_08_25_39_2560_0_png_jpg.rf.71029465dd53156fe6d3e8cdc7d4e0a4.jpg,test,D:\Datasets\Alvaro\Floresta-3-20260714T215823Z-1-001\Floresta-3\valid\images\IJ_08_25_22_2560_0_png_jpg.rf.38e695a3e3996a03ebe4a704e6ce0f0f.jpg,0.9308156967163086
validation-test,validation,D:\Datasets\Alvaro\Floresta-3-20260714T215823Z-1-001\Floresta-3\test\images\IJ_08_25_39_2560_0_png_jpg.rf.7c78a1034d81a5c203f96cf2f337a530.jpg,test,D:\Datasets\Alvaro\Floresta-3-20260714T215823Z-1-001\Floresta-3\valid\images\IJ_08_25_26_2560_0_png_jpg.rf.a1af5be4e0e70b973e4ea37871593348.jpg,0.9643805027008057
validation-test,validation,D:\Datasets\Alvaro\Floresta-3-20260714T215823Z-1-001\Floresta-3\test\images\IJ_08_25_39_2560_0_png_jpg.rf.f292f3bdffb6f481f6dcca4b29c212c7.jpg,test,D:\Datasets\Alvaro\Floresta-3-20260714T215823Z-1-001\Floresta-3\valid\images\IJ_08_25_27_2560_0_png_jpg.rf.33350cefc2203856896de6c21776e110.jpg,0.9653887748718262
validation-test,validation,D:\Datasets\Alvaro\Floresta-3-20260714T215823Z-1-001\Floresta-3\test\images\IJ_08_25_39_2560_880_png_jpg.rf.459e4087f7960db76c023cf7ce735b6e.jpg,test,D:\Datasets\Alvaro\Floresta-3-20260714T215823Z-1-001\Floresta-3\valid\images\IJ_08_25_28_2560_880_png_jpg.rf.f85590e6dbe04ab4b22907479a536f71.jpg,0.9469169974327087
validation-test,validation,D:\Datasets\Alvaro\Floresta-3-20260714T215823Z-1-001\Floresta-3\test\images\IJ_08_25_39_2560_880_png_jpg.rf.783976372652c241ce5344dd5f4682b6.jpg,test,D:\Datasets\Alvaro\Floresta-3-20260714T215823Z-1-001\Floresta-3\valid\images\IJ_08_25_20_2560_880_png_jpg.rf.297f1db3a9d87591e2dda4fde3da2841.jpg,0.9233088493347168
validation-test,validation,D:\Datasets\Alvaro\Floresta-3-20260714T215823Z-1-001\Floresta-3\test\images\IJ_08_25_40_0_0_png_jpg.rf.14e6aadef253f89e3085cdd1e529b496.jpg,test,D:\Datasets\Alvaro\Floresta-3-20260714T215823Z-1-001\Floresta-3\valid\images\IJ_08_25_29_0_0_png_jpg.rf.21eb6dec22036ed00b48cce1637f171a.jpg,0.9479511976242065
validation-test,validation,D:\Datasets\Alvaro\Floresta-3-20260714T215823Z-1-001\Floresta-3\test\images\IJ_08_25_40_0_0_png_jpg.rf.22c10bce95df583f28bd1c9fe43bd1e6.jpg,test,D:\Datasets\Alvaro\Floresta-3-20260714T215823Z-1-001\Floresta-3\valid\images\IJ_08_25_29_0_0_png_jpg.rf.21eb6dec22036ed00b48cce1637f171a.jpg,0.9673442840576172
validation-test,validation,D:\Datasets\Alvaro\Floresta-3-20260714T215823Z-1-001\Floresta-3\test\images\IJ_08_25_40_0_0_png_jpg.rf.762dfa56f2dc885420aec948abf87a05.jpg,test,D:\Datasets\Alvaro\Floresta-3-20260714T215823Z-1-001\Floresta-3\valid\images\IJ_08_25_29_0_0_png_jpg.rf.21eb6dec22036ed00b48cce1637f171a.jpg,0.9558118581771851
validation-test,validation,D:\Datasets\Alvaro\Floresta-3-20260714T215823Z-1-001\Floresta-3\test\images\IJ_08_25_40_0_0_png_jpg.rf.8e6a5606baa8c634e5b3dd4196223409.jpg,test,D:\Datasets\Alvaro\Floresta-3-20260714T215823Z-1-001\Floresta-3\valid\images\IJ_08_25_29_0_0_png_jpg.rf.21eb6dec22036ed00b48cce1637f171a.jpg,0.9686091542243958
validation-test,validation,D:\Datasets\Alvaro\Floresta-3-20260714T215823Z-1-001\Floresta-3\test\images\IJ_08_25_40_0_0_png_jpg.rf.99b362e55dc4255dc18e299cd606d5a2.jpg,test,D:\Datasets\Alvaro\Floresta-3-20260714T215823Z-1-001\Floresta-3\valid\images\IJ_08_25_22_0_0_png_jpg.rf.bd9095901635836c26e3452453fbde45.jpg,0.922771692276001
validation-test,validation,D:\Datasets\Alvaro\Floresta-3-20260714T215823Z-1-001\Floresta-3\test\images\IJ_08_25_40_0_0_png_jpg.rf.d826fb7c22a11948e9d7d1e1c25f35c7.jpg,test,D:\Datasets\Alvaro\Floresta-3-20260714T215823Z-1-001\Floresta-3\valid\images\IJ_08_25_22_0_0_png_jpg.rf.bd9095901635836c26e3452453fbde45.jpg,0.937190055847168
validation-test,validation,D:\Datasets\Alvaro\Floresta-3-20260714T215823Z-1-001\Floresta-3\test\images\IJ_08_25_40_2560_0_png_jpg.rf.032dec8ff3d86620e17cc64f18569d71.jpg,test,D:\Datasets\Alvaro\Floresta-3-20260714T215823Z-1-001\Floresta-3\valid\images\IJ_08_25_26_2560_0_png_jpg.rf.471d0daa224f56c6f7f94a48ed2d22e0.jpg,0.9470034837722778
validation-test,validation,D:\Datasets\Alvaro\Floresta-3-20260714T215823Z-1-001\Floresta-3\test\images\IJ_08_25_40_2560_0_png_jpg.rf.7e714f76b6f326b4bd892869c515a0c6.jpg,test,D:\Datasets\Alvaro\Floresta-3-20260714T215823Z-1-001\Floresta-3\valid\images\IJ_08_25_25_2560_0_png_jpg.rf.1cfb1c74a10fdbc1ec8bbca013f43bf5.jpg,0.9701056480407715
validation-test,validation,D:\Datasets\Alvaro\Floresta-3-20260714T215823Z-1-001\Floresta-3\test\images\IJ_08_25_40_2560_0_png_jpg.rf.8f124f1ed6751299d207b11b05a11a12.jpg,test,D:\Datasets\Alvaro\Floresta-3-20260714T215823Z-1-001\Floresta-3\valid\images\IJ_08_25_26_2560_0_png_jpg.rf.a1af5be4e0e70b973e4ea37871593348.jpg,0.9331996440887451
validation-test,validation,D:\Datasets\Alvaro\Floresta-3-20260714T215823Z-1-001\Floresta-3\test\images\IJ_08_25_40_2560_0_png_jpg.rf.b885e38b0935caf03674e84e57c8ec61.jpg,test,D:\Datasets\Alvaro\Floresta-3-20260714T215823Z-1-001\Floresta-3\valid\images\IJ_08_25_27_2560_0_png_jpg.rf.7e7da94a26b51869b7ba0456623c147b.jpg,0.9653478860855103
validation-test,validation,D:\Datasets\Alvaro\Floresta-3-20260714T215823Z-1-001\Floresta-3\test\images\IJ_08_25_41_0_0_png_jpg.rf.103310d98b8138f59df342f9f440d632.jpg,test,D:\Datasets\Alvaro\Floresta-3-20260714T215823Z-1-001\Floresta-3\valid\images\IJ_08_25_29_0_0_png_jpg.rf.21eb6dec22036ed00b48cce1637f171a.jpg,0.9561415314674377
validation-test,validation,D:\Datasets\Alvaro\Floresta-3-20260714T215823Z-1-001\Floresta-3\test\images\IJ_08_25_41_0_0_png_jpg.rf.5bd60ba6b320207c9c4b7c6dc6ba73a7.jpg,test,D:\Datasets\Alvaro\Floresta-3-20260714T215823Z-1-001\Floresta-3\valid\images\IJ_08_25_29_0_0_png_jpg.rf.21eb6dec22036ed00b48cce1637f171a.jpg,0.9682794809341431
validation-test,validation,D:\Datasets\Alvaro\Floresta-3-20260714T215823Z-1-001\Floresta-3\test\images\IJ_08_25_41_2560_0_png_jpg.rf.85fe65cead0871f226a337f7ce6adc22.jpg,test,D:\Datasets\Alvaro\Floresta-3-20260714T215823Z-1-001\Floresta-3\valid\images\IJ_08_25_26_2560_0_png_jpg.rf.a1af5be4e0e70b973e4ea37871593348.jpg,0.9672685861587524
validation-test,validation,D:\Datasets\Alvaro\Floresta-3-20260714T215823Z-1-001\Floresta-3\test\images\IJ_08_25_41_2560_0_png_jpg.rf.b6ad932f2d15b98ac27f7bb0efb041ca.jpg,test,D:\Datasets\Alvaro\Floresta-3-20260714T215823Z-1-001\Floresta-3\valid\images\IJ_08_25_26_2560_0_png_jpg.rf.1bb092f4f65a8dbe68641fe3c4482b88.jpg,0.9466254711151123
validation-test,validation,D:\Datasets\Alvaro\Floresta-3-20260714T215823Z-1-001\Floresta-3\test\images\IJ_08_25_41_2560_880_png_jpg.rf.7032a91350a4370553d91b3979740751.jpg,test,D:\Datasets\Alvaro\Floresta-3-20260714T215823Z-1-001\Floresta-3\valid\images\IJ_08_25_28_2560_880_png_jpg.rf.f85590e6dbe04ab4b22907479a536f71.jpg,0.9415299296379089
validation-test,validation,D:\Datasets\Alvaro\Floresta-3-20260714T215823Z-1-001\Floresta-3\test\images\IJ_08_25_41_2560_880_png_jpg.rf.b8cd7427d6b133df05e62faa433dec56.jpg,test,D:\Datasets\Alvaro\Floresta-3-20260714T215823Z-1-001\Floresta-3\valid\images\IJ_08_25_28_2560_880_png_jpg.rf.f85590e6dbe04ab4b22907479a536f71.jpg,0.9493567943572998
validation-test,validation,D:\Datasets\Alvaro\Floresta-3-20260714T215823Z-1-001\Floresta-3\test\images\IJ_08_25_42_0_0_png_jpg.rf.c821ef3d588aaeb472fddae18e8b6dab.jpg,test,D:\Datasets\Alvaro\Floresta-3-20260714T215823Z-1-001\Floresta-3\valid\images\IJ_08_25_29_0_0_png_jpg.rf.21eb6dec22036ed00b48cce1637f171a.jpg,0.9534274339675903
validation-test,validation,D:\Datasets\Alvaro\Floresta-3-20260714T215823Z-1-001\Floresta-3\test\images\IJ_08_25_42_0_0_png_jpg.rf.de4c42d9a9e757b14c672a7a69940474.jpg,test,D:\Datasets\Alvaro\Floresta-3-20260714T215823Z-1-001\Floresta-3\valid\images\IJ_08_25_29_0_0_png_jpg.rf.21eb6dec22036ed00b48cce1637f171a.jpg,0.9580594301223755
validation-test,validation,D:\Datasets\Alvaro\Floresta-3-20260714T215823Z-1-001\Floresta-3\test\images\IJ_08_25_42_2560_0_png_jpg.rf.8dcedf9a4bfef19ccb3249773810d5dc.jpg,test,D:\Datasets\Alvaro\Floresta-3-20260714T215823Z-1-001\Floresta-3\valid\images\IJ_08_25_04_2560_0_png_jpg.rf.8041ee4b919c4bd4ae97544c430ce922.jpg,0.9061837196350098
validation-test,validation,D:\Datasets\Alvaro\Floresta-3-20260714T215823Z-1-001\Floresta-3\test\images\IJ_08_25_42_2560_0_png_jpg.rf.d5a67860281054471a988dbebd21f9c6.jpg,test,D:\Datasets\Alvaro\Floresta-3-20260714T215823Z-1-001\Floresta-3\valid\images\IJ_08_25_25_2560_0_png_jpg.rf.1cfb1c74a10fdbc1ec8bbca013f43bf5.jpg,0.9783896803855896
validation-test,validation,D:\Datasets\Alvaro\Floresta-3-20260714T215823Z-1-001\Floresta-3\test\images\IJ_08_25_42_2560_880_png_jpg.rf.99fd9aa378030ccecc949833ca58f1d5.jpg,test,D:\Datasets\Alvaro\Floresta-3-20260714T215823Z-1-001\Floresta-3\valid\images\IJ_08_25_25_2560_880_png_jpg.rf.e8820e3eeac9a52de171871e2c562af4.jpg,0.9555983543395996
validation-test,validation,D:\Datasets\Alvaro\Floresta-3-20260714T215823Z-1-001\Floresta-3\test\images\IJ_08_25_42_2560_880_png_jpg.rf.bcf2f3aad583c7f22d8e83ae2d748681.jpg,test,D:\Datasets\Alvaro\Floresta-3-20260714T215823Z-1-001\Floresta-3\valid\images\IJ_08_25_23_2560_880_png_jpg.rf.dce2768440cfc2a6cd6da0d414c1b55d.jpg,0.9372237920761108
validation-test,validation,D:\Datasets\Alvaro\Floresta-3-20260714T215823Z-1-001\Floresta-3\test\images\IJ_08_25_42_2560_880_png_jpg.rf.c48a6b1154e0f31c8b3d572be29b6155.jpg,test,D:\Datasets\Alvaro\Floresta-3-20260714T215823Z-1-001\Floresta-3\valid\images\IJ_08_25_24_2560_880_png_jpg.rf.8ce305cb37beaed90d06acaa270125f1.jpg,0.9167357087135315
validation-test,validation,D:\Datasets\Alvaro\Floresta-3-20260714T215823Z-1-001\Floresta-3\test\images\IJ_08_25_42_2560_880_png_jpg.rf.e36c1f4441931c3d64dee63b744d43d3.jpg,test,D:\Datasets\Alvaro\Floresta-3-20260714T215823Z-1-001\Floresta-3\valid\images\IJ_08_25_27_2560_880_png_jpg.rf.374ff6baf68eb02462521cdb55e0ec61.jpg,0.9531997442245483
validation-test,validation,D:\Datasets\Alvaro\Floresta-3-20260714T215823Z-1-001\Floresta-3\test\images\IJ_08_25_42_2560_880_png_jpg.rf.f6e7f1c3099c32eb57161b5b99bdb563.jpg,test,D:\Datasets\Alvaro\Floresta-3-20260714T215823Z-1-001\Floresta-3\valid\images\IJ_08_25_28_2560_880_png_jpg.rf.cb456f842c44106da5298168b4bf6b38.jpg,0.9321832656860352
validation-test,validation,D:\Datasets\Alvaro\Floresta-3-20260714T215823Z-1-001\Floresta-3\test\images\IJ_08_25_43_2560_0_png_jpg.rf.1ea8f456d77ad4171b9b35156be1fd04.jpg,test,D:\Datasets\Alvaro\Floresta-3-20260714T215823Z-1-001\Floresta-3\valid\images\IJ_08_25_26_2560_0_png_jpg.rf.b998a0eadcb6b06ea4fbde2478a4d2af.jpg,0.9450629949569702
validation-test,validation,D:\Datasets\Alvaro\Floresta-3-20260714T215823Z-1-001\Floresta-3\test\images\IJ_08_25_43_2560_0_png_jpg.rf.20ddf8b6328329160119f8738572cec5.jpg,test,D:\Datasets\Alvaro\Floresta-3-20260714T215823Z-1-001\Floresta-3\valid\images\IJ_08_25_26_2560_0_png_jpg.rf.b998a0eadcb6b06ea4fbde2478a4d2af.jpg,0.9237900376319885
validation-test,validation,D:\Datasets\Alvaro\Floresta-3-20260714T215823Z-1-001\Floresta-3\test\images\IJ_08_25_43_2560_0_png_jpg.rf.3768a385bc5d424e71d3eec0ed6f099d.jpg,test,D:\Datasets\Alvaro\Floresta-3-20260714T215823Z-1-001\Floresta-3\valid\images\IJ_08_25_27_2560_0_png_jpg.rf.36666a1553fcb6c79e1a94e37a7847bb.jpg,0.9071478843688965
validation-test,validation,D:\Datasets\Alvaro\Floresta-3-20260714T215823Z-1-001\Floresta-3\test\images\IJ_08_25_43_2560_0_png_jpg.rf.9077126cd96c36d723ae5a7066fbfbba.jpg,test,D:\Datasets\Alvaro\Floresta-3-20260714T215823Z-1-001\Floresta-3\valid\images\IJ_08_25_26_2560_0_png_jpg.rf.7c75aaa86bcff28aad03c9b294989b72.jpg,0.9442765712738037
validation-test,validation,D:\Datasets\Alvaro\Floresta-3-20260714T215823Z-1-001\Floresta-3\test\images\IJ_08_25_43_2560_880_png_jpg.rf.96c590da62ebc966adba355a5db6f881.jpg,test,D:\Datasets\Alvaro\Floresta-3-20260714T215823Z-1-001\Floresta-3\valid\images\IJ_08_25_19_2560_880_png_jpg.rf.8e2a16e8b5a928dcef4f58bb9f0cb182.jpg,0.8880847692489624
validation-test,validation,D:\Datasets\Alvaro\Floresta-3-20260714T215823Z-1-001\Floresta-3\test\images\IJ_08_25_43_2560_880_png_jpg.rf.9bab3fc7a0664ebed3ef289860d72f68.jpg,test,D:\Datasets\Alvaro\Floresta-3-20260714T215823Z-1-001\Floresta-3\valid\images\IJ_08_25_25_2560_880_png_jpg.rf.e8820e3eeac9a52de171871e2c562af4.jpg,0.9467815160751343
validation-test,validation,D:\Datasets\Alvaro\Floresta-3-20260714T215823Z-1-001\Floresta-3\test\images\IJ_08_25_43_2560_880_png_jpg.rf.ebe83842402f8085495ccabb6ac1ab1a.jpg,test,D:\Datasets\Alvaro\Floresta-3-20260714T215823Z-1-001\Floresta-3\valid\images\IJ_08_25_19_2560_880_png_jpg.rf.7cc763b31fff1abd649d9e7840c08f39.jpg,0.9425084590911865
validation-test,validation,D:\Datasets\Alvaro\Floresta-3-20260714T215823Z-1-001\Floresta-3\test\images\IJ_08_25_44_0_0_png_jpg.rf.08633b52f1272a3b324e1dc4533a5c02.jpg,test,D:\Datasets\Alvaro\Floresta-3-20260714T215823Z-1-001\Floresta-3\valid\images\IJ_08_25_29_0_0_png_jpg.rf.21eb6dec22036ed00b48cce1637f171a.jpg,0.955674409866333
validation-test,validation,D:\Datasets\Alvaro\Floresta-3-20260714T215823Z-1-001\Floresta-3\test\images\IJ_08_25_44_0_0_png_jpg.rf.285e04c06c82a139fd82d1241bf1292c.jpg,test,D:\Datasets\Alvaro\Floresta-3-20260714T215823Z-1-001\Floresta-3\valid\images\IJ_08_25_23_0_0_png_jpg.rf.b699ff3181e5a236740ac25c1bb25cce.jpg,0.8742780089378357
validation-test,validation,D:\Datasets\Alvaro\Floresta-3-20260714T215823Z-1-001\Floresta-3\test\images\IJ_08_25_44_0_0_png_jpg.rf.52aca8fca639f3392784f3d9453216be.jpg,test,D:\Datasets\Alvaro\Floresta-3-20260714T215823Z-1-001\Floresta-3\valid\images\IJ_08_25_22_0_0_png_jpg.rf.7421f54971399c0e1fe2d27cf60f9f5d.jpg,0.9124694466590881
validation-test,validation,D:\Datasets\Alvaro\Floresta-3-20260714T215823Z-1-001\Floresta-3\test\images\IJ_08_25_44_0_0_png_jpg.rf.bb34977b33a8d5dcf1933cdc58d0df99.jpg,test,D:\Datasets\Alvaro\Floresta-3-20260714T215823Z-1-001\Floresta-3\valid\images\IJ_08_25_29_0_0_png_jpg.rf.21eb6dec22036ed00b48cce1637f171a.jpg,0.9501132369041443
validation-test,validation,D:\Datasets\Alvaro\Floresta-3-20260714T215823Z-1-001\Floresta-3\test\images\IJ_08_25_44_0_0_png_jpg.rf.e86b112a1fdb9f9161e3ed2c3c6d0019.jpg,test,D:\Datasets\Alvaro\Floresta-3-20260714T215823Z-1-001\Floresta-3\valid\images\IJ_08_25_22_0_0_png_jpg.rf.bd9095901635836c26e3452453fbde45.jpg,0.9554268717765808
validation-test,validation,D:\Datasets\Alvaro\Floresta-3-20260714T215823Z-1-001\Floresta-3\test\images\IJ_08_25_44_2560_0_png_jpg.rf.1d3799b60475a38736bd3538610ee54b.jpg,test,D:\Datasets\Alvaro\Floresta-3-20260714T215823Z-1-001\Floresta-3\valid\images\IJ_08_25_26_2560_0_png_jpg.rf.1bb092f4f65a8dbe68641fe3c4482b88.jpg,0.9556425213813782
validation-test,validation,D:\Datasets\Alvaro\Floresta-3-20260714T215823Z-1-001\Floresta-3\test\images\IJ_08_25_44_2560_0_png_jpg.rf.9c771e0ad59a45437d1c359531b1f16c.jpg,test,D:\Datasets\Alvaro\Floresta-3-20260714T215823Z-1-001\Floresta-3\valid\images\IJ_08_25_23_2560_0_png_jpg.rf.a2cabc0a1e3c9c6854d3d37d1acb95e2.jpg,0.946025013923645
validation-test,validation,D:\Datasets\Alvaro\Floresta-3-20260714T215823Z-1-001\Floresta-3\test\images\IJ_08_25_44_2560_0_png_jpg.rf.a401051ea7a4d1542a611baf5fa40ef5.jpg,test,D:\Datasets\Alvaro\Floresta-3-20260714T215823Z-1-001\Floresta-3\valid\images\IJ_08_25_25_2560_0_png_jpg.rf.1cfb1c74a10fdbc1ec8bbca013f43bf5.jpg,0.9652645587921143
validation-test,validation,D:\Datasets\Alvaro\Floresta-3-20260714T215823Z-1-001\Floresta-3\test\images\IJ_08_25_44_2560_0_png_jpg.rf.e5e13879d9f00c9583aec9c48d561542.jpg,test,D:\Datasets\Alvaro\Floresta-3-20260714T215823Z-1-001\Floresta-3\valid\images\IJ_08_25_27_2560_0_png_jpg.rf.33350cefc2203856896de6c21776e110.jpg,0.9257146120071411
validation-test,validation,D:\Datasets\Alvaro\Floresta-3-20260714T215823Z-1-001\Floresta-3\test\images\IJ_08_25_44_2560_880_png_jpg.rf.04a4321f0f0dbdf765d7b4b8015455a5.jpg,test,D:\Datasets\Alvaro\Floresta-3-20260714T215823Z-1-001\Floresta-3\valid\images\IJ_08_25_28_2560_880_png_jpg.rf.f85590e6dbe04ab4b22907479a536f71.jpg,0.9030596613883972
validation-test,validation,D:\Datasets\Alvaro\Floresta-3-20260714T215823Z-1-001\Floresta-3\test\images\IJ_08_25_44_2560_880_png_jpg.rf.8f5bb7bf34865c7e32f209c43f0a11cc.jpg,test,D:\Datasets\Alvaro\Floresta-3-20260714T215823Z-1-001\Floresta-3\valid\images\IJ_08_25_28_2560_880_png_jpg.rf.f85590e6dbe04ab4b22907479a536f71.jpg,0.9402488470077515
validation-test,validation,D:\Datasets\Alvaro\Floresta-3-20260714T215823Z-1-001\Floresta-3\test\images\IJ_08_25_44_2560_880_png_jpg.rf.cf61da9f3d3c8bffaf5284d4f01d874e.jpg,test,D:\Datasets\Alvaro\Floresta-3-20260714T215823Z-1-001\Floresta-3\valid\images\IJ_08_25_27_2560_880_png_jpg.rf.374ff6baf68eb02462521cdb55e0ec61.jpg,0.9345594048500061
validation-test,validation,D:\Datasets\Alvaro\Floresta-3-20260714T215823Z-1-001\Floresta-3\test\images\IJ_08_25_44_2560_880_png_jpg.rf.dc690b569f31824336eaafee48e156f7.jpg,test,D:\Datasets\Alvaro\Floresta-3-20260714T215823Z-1-001\Floresta-3\valid\images\IJ_08_25_28_2560_880_png_jpg.rf.f85590e6dbe04ab4b22907479a536f71.jpg,0.9534085988998413
validation-test,validation,D:\Datasets\Alvaro\Floresta-3-20260714T215823Z-1-001\Floresta-3\test\images\IJ_08_25_45_0_0_png_jpg.rf.14bd9be5db0b5523fa20e9ebd52ea3bd.jpg,test,D:\Datasets\Alvaro\Floresta-3-20260714T215823Z-1-001\Floresta-3\valid\images\IJ_08_25_19_0_0_png_jpg.rf.97bea0e4bd15653e4d53140b58833fbe.jpg,0.8719058632850647
validation-test,validation,D:\Datasets\Alvaro\Floresta-3-20260714T215823Z-1-001\Floresta-3\test\images\IJ_08_25_45_0_0_png_jpg.rf.7245af305b8e067bda1c30d59488eba8.jpg,test,D:\Datasets\Alvaro\Floresta-3-20260714T215823Z-1-001\Floresta-3\valid\images\IJ_08_25_29_0_0_png_jpg.rf.21eb6dec22036ed00b48cce1637f171a.jpg,0.9403390884399414
validation-test,validation,D:\Datasets\Alvaro\Floresta-3-20260714T215823Z-1-001\Floresta-3\test\images\IJ_08_25_45_2560_0_png_jpg.rf.69ace1721ef84789c24e8420c3125035.jpg,test,D:\Datasets\Alvaro\Floresta-3-20260714T215823Z-1-001\Floresta-3\valid\images\IJ_08_25_26_2560_0_png_jpg.rf.a1af5be4e0e70b973e4ea37871593348.jpg,0.9522342681884766
validation-test,validation,D:\Datasets\Alvaro\Floresta-3-20260714T215823Z-1-001\Floresta-3\test\images\IJ_08_25_45_2560_0_png_jpg.rf.76dd3efb21a8a5095da7e85b1c65b8ca.jpg,test,D:\Datasets\Alvaro\Floresta-3-20260714T215823Z-1-001\Floresta-3\valid\images\IJ_08_25_27_2560_0_png_jpg.rf.7e7da94a26b51869b7ba0456623c147b.jpg,0.9443690776824951
validation-test,validation,D:\Datasets\Alvaro\Floresta-3-20260714T215823Z-1-001\Floresta-3\test\images\IJ_08_25_45_2560_0_png_jpg.rf.a1ed01f2f3b2f4e4dbad46518318919d.jpg,test,D:\Datasets\Alvaro\Floresta-3-20260714T215823Z-1-001\Floresta-3\valid\images\IJ_08_25_26_2560_0_png_jpg.rf.a1af5be4e0e70b973e4ea37871593348.jpg,0.9406021237373352
validation-test,validation,D:\Datasets\Alvaro\Floresta-3-20260714T215823Z-1-001\Floresta-3\test\images\IJ_08_25_45_2560_0_png_jpg.rf.fe92e41f6246ba5becb208d405fb0f76.jpg,test,D:\Datasets\Alvaro\Floresta-3-20260714T215823Z-1-001\Floresta-3\valid\images\IJ_08_25_25_2560_0_png_jpg.rf.1cfb1c74a10fdbc1ec8bbca013f43bf5.jpg,0.9632433652877808
validation-test,validation,D:\Datasets\Alvaro\Floresta-3-20260714T215823Z-1-001\Floresta-3\test\images\IJ_08_25_45_2560_880_png_jpg.rf.00619cbd40c0b08b7c293e1a37dc7d8f.jpg,test,D:\Datasets\Alvaro\Floresta-3-20260714T215823Z-1-001\Floresta-3\valid\images\IJ_08_25_25_2560_880_png_jpg.rf.e8820e3eeac9a52de171871e2c562af4.jpg,0.9507607221603394
validation-test,validation,D:\Datasets\Alvaro\Floresta-3-20260714T215823Z-1-001\Floresta-3\test\images\IJ_08_25_45_2560_880_png_jpg.rf.1c111988eb93ad462f2cae6aed784c2e.jpg,test,D:\Datasets\Alvaro\Floresta-3-20260714T215823Z-1-001\Floresta-3\valid\images\IJ_08_25_24_2560_880_png_jpg.rf.8ce305cb37beaed90d06acaa270125f1.jpg,0.9244637489318848
validation-test,validation,D:\Datasets\Alvaro\Floresta-3-20260714T215823Z-1-001\Floresta-3\test\images\IJ_08_25_45_2560_880_png_jpg.rf.37a7778ab7d9adfde7ed9136793cf7d9.jpg,test,D:\Datasets\Alvaro\Floresta-3-20260714T215823Z-1-001\Floresta-3\valid\images\IJ_08_25_25_2560_880_png_jpg.rf.e8820e3eeac9a52de171871e2c562af4.jpg,0.941662609577179
validation-test,validation,D:\Datasets\Alvaro\Floresta-3-20260714T215823Z-1-001\Floresta-3\test\images\IJ_08_25_46_0_0_png_jpg.rf.1060a825f3ce3b611110e7e418d53634.jpg,test,D:\Datasets\Alvaro\Floresta-3-20260714T215823Z-1-001\Floresta-3\valid\images\IJ_08_25_24_0_0_png_jpg.rf.e7e636b61553c082073954361d7fe39f.jpg,0.9566645622253418
validation-test,validation,D:\Datasets\Alvaro\Floresta-3-20260714T215823Z-1-001\Floresta-3\test\images\IJ_08_25_46_0_0_png_jpg.rf.bcc1d3ec51118cbd0669d975686866c5.jpg,test,D:\Datasets\Alvaro\Floresta-3-20260714T215823Z-1-001\Floresta-3\valid\images\IJ_08_25_22_0_0_png_jpg.rf.7421f54971399c0e1fe2d27cf60f9f5d.jpg,0.9409922361373901
validation-test,validation,D:\Datasets\Alvaro\Floresta-3-20260714T215823Z-1-001\Floresta-3\test\images\IJ_08_25_46_0_0_png_jpg.rf.c71699ca89523b3f8676046f7db0a868.jpg,test,D:\Datasets\Alvaro\Floresta-3-20260714T215823Z-1-001\Floresta-3\valid\images\IJ_08_25_29_0_0_png_jpg.rf.21eb6dec22036ed00b48cce1637f171a.jpg,0.9570299386978149
validation-test,validation,D:\Datasets\Alvaro\Floresta-3-20260714T215823Z-1-001\Floresta-3\test\images\IJ_08_25_46_0_0_png_jpg.rf.cc6491b20a40fcf5af6eab839180c811.jpg,test,D:\Datasets\Alvaro\Floresta-3-20260714T215823Z-1-001\Floresta-3\valid\images\IJ_08_25_18_0_0_png_jpg.rf.1d0e6e9e3a7ad0c05126f8222364aef3.jpg,0.9365750551223755
validation-test,validation,D:\Datasets\Alvaro\Floresta-3-20260714T215823Z-1-001\Floresta-3\test\images\IJ_08_25_46_2560_0_png_jpg.rf.0d319516c4782de85313dc933af57a5c.jpg,test,D:\Datasets\Alvaro\Floresta-3-20260714T215823Z-1-001\Floresta-3\valid\images\IJ_08_25_02_2560_0_png_jpg.rf.b48e8a125af97e60029b6ab2fc255412.jpg,0.943276047706604
validation-test,validation,D:\Datasets\Alvaro\Floresta-3-20260714T215823Z-1-001\Floresta-3\test\images\IJ_08_25_46_2560_0_png_jpg.rf.7dde367ee92fdba5f55e7c6cc2f04dce.jpg,test,D:\Datasets\Alvaro\Floresta-3-20260714T215823Z-1-001\Floresta-3\valid\images\IJ_08_25_27_2560_0_png_jpg.rf.7e7da94a26b51869b7ba0456623c147b.jpg,0.9600828886032104
validation-test,validation,D:\Datasets\Alvaro\Floresta-3-20260714T215823Z-1-001\Floresta-3\test\images\IJ_08_25_46_2560_0_png_jpg.rf.a5ed4f328c29a6cf5428c2f14371ac65.jpg,test,D:\Datasets\Alvaro\Floresta-3-20260714T215823Z-1-001\Floresta-3\valid\images\IJ_08_25_24_2560_0_png_jpg.rf.f180dc961f36d60880200aeb901e1fe0.jpg,0.8830518126487732
validation-test,validation,D:\Datasets\Alvaro\Floresta-3-20260714T215823Z-1-001\Floresta-3\test\images\IJ_08_25_46_2560_880_png_jpg.rf.065dff8e1013da27bdb1cb9cbab1689d.jpg,test,D:\Datasets\Alvaro\Floresta-3-20260714T215823Z-1-001\Floresta-3\valid\images\IJ_08_25_28_2560_880_png_jpg.rf.f85590e6dbe04ab4b22907479a536f71.jpg,0.9467421770095825
validation-test,validation,D:\Datasets\Alvaro\Floresta-3-20260714T215823Z-1-001\Floresta-3\test\images\IJ_08_25_46_2560_880_png_jpg.rf.75c62dbb222b9d5b372f6181295f817f.jpg,test,D:\Datasets\Alvaro\Floresta-3-20260714T215823Z-1-001\Floresta-3\valid\images\IJ_08_25_28_2560_880_png_jpg.rf.f85590e6dbe04ab4b22907479a536f71.jpg,0.9421204328536987
validation-test,validation,D:\Datasets\Alvaro\Floresta-3-20260714T215823Z-1-001\Floresta-3\test\images\IJ_08_25_46_2560_880_png_jpg.rf.ce2803a970a104e657d96b87eabafac2.jpg,test,D:\Datasets\Alvaro\Floresta-3-20260714T215823Z-1-001\Floresta-3\valid\images\IJ_08_25_19_2560_880_png_jpg.rf.7cc763b31fff1abd649d9e7840c08f39.jpg,0.947520911693573
validation-test,validation,D:\Datasets\Alvaro\Floresta-3-20260714T215823Z-1-001\Floresta-3\test\images\IJ_08_25_47_0_0_png_jpg.rf.0a9cb111978bd848887ea620e802e348.jpg,test,D:\Datasets\Alvaro\Floresta-3-20260714T215823Z-1-001\Floresta-3\valid\images\IJ_08_25_29_0_0_png_jpg.rf.21eb6dec22036ed00b48cce1637f171a.jpg,0.9522314667701721
validation-test,validation,D:\Datasets\Alvaro\Floresta-3-20260714T215823Z-1-001\Floresta-3\test\images\IJ_08_25_47_0_0_png_jpg.rf.55efee040682bedffddbc7f31ec6bfb2.jpg,test,D:\Datasets\Alvaro\Floresta-3-20260714T215823Z-1-001\Floresta-3\valid\images\IJ_08_25_24_0_0_png_jpg.rf.e7e636b61553c082073954361d7fe39f.jpg,0.9451972246170044
validation-test,validation,D:\Datasets\Alvaro\Floresta-3-20260714T215823Z-1-001\Floresta-3\test\images\IJ_08_25_47_0_0_png_jpg.rf.62704b0c8dbbe520ed15d51b269bf267.jpg,test,D:\Datasets\Alvaro\Floresta-3-20260714T215823Z-1-001\Floresta-3\valid\images\IJ_08_25_18_0_0_png_jpg.rf.efef812bc77caccab61e9e1bbceca577.jpg,0.9355913400650024
validation-test,validation,D:\Datasets\Alvaro\Floresta-3-20260714T215823Z-1-001\Floresta-3\test\images\IJ_08_25_47_0_0_png_jpg.rf.661be9b873f3ade4c8e368954e953689.jpg,test,D:\Datasets\Alvaro\Floresta-3-20260714T215823Z-1-001\Floresta-3\valid\images\IJ_08_25_24_0_0_png_jpg.rf.c588b8e0be848837ebffc73a9bf997cd.jpg,0.9217602014541626
validation-test,validation,D:\Datasets\Alvaro\Floresta-3-20260714T215823Z-1-001\Floresta-3\test\images\IJ_08_25_47_2560_0_png_jpg.rf.2750fc1bdee4d08b45f6f3f48a15d22f.jpg,test,D:\Datasets\Alvaro\Floresta-3-20260714T215823Z-1-001\Floresta-3\valid\images\IJ_08_25_26_2560_0_png_jpg.rf.471d0daa224f56c6f7f94a48ed2d22e0.jpg,0.9602792263031006
validation-test,validation,D:\Datasets\Alvaro\Floresta-3-20260714T215823Z-1-001\Floresta-3\test\images\IJ_08_25_47_2560_0_png_jpg.rf.30b65ab81ea2ee3b71f44e2b8236b373.jpg,test,D:\Datasets\Alvaro\Floresta-3-20260714T215823Z-1-001\Floresta-3\valid\images\IJ_08_25_04_2560_0_png_jpg.rf.8041ee4b919c4bd4ae97544c430ce922.jpg,0.8805636763572693
validation-test,validation,D:\Datasets\Alvaro\Floresta-3-20260714T215823Z-1-001\Floresta-3\test\images\IJ_08_25_47_2560_0_png_jpg.rf.38437645b8653cda744a5fe2a16421d8.jpg,test,D:\Datasets\Alvaro\Floresta-3-20260714T215823Z-1-001\Floresta-3\valid\images\IJ_08_25_26_2560_0_png_jpg.rf.a1af5be4e0e70b973e4ea37871593348.jpg,0.9652220010757446
validation-test,validation,D:\Datasets\Alvaro\Floresta-3-20260714T215823Z-1-001\Floresta-3\test\images\IJ_08_25_47_2560_880_png_jpg.rf.6388fe1ef05208134939309acf76d41f.jpg,test,D:\Datasets\Alvaro\Floresta-3-20260714T215823Z-1-001\Floresta-3\valid\images\IJ_08_25_25_2560_880_png_jpg.rf.e8820e3eeac9a52de171871e2c562af4.jpg,0.9177132248878479
validation-test,validation,D:\Datasets\Alvaro\Floresta-3-20260714T215823Z-1-001\Floresta-3\test\images\IJ_08_25_47_2560_880_png_jpg.rf.e2bf7a80d99b38dbf935916f21f41b93.jpg,test,D:\Datasets\Alvaro\Floresta-3-20260714T215823Z-1-001\Floresta-3\valid\images\IJ_08_25_24_2560_880_png_jpg.rf.8ce305cb37beaed90d06acaa270125f1.jpg,0.9209597110748291
validation-test,validation,D:\Datasets\Alvaro\Floresta-3-20260714T215823Z-1-001\Floresta-3\test\images\IJ_08_25_47_2560_880_png_jpg.rf.f9607cd302163ea3c6db849090025c84.jpg,test,D:\Datasets\Alvaro\Floresta-3-20260714T215823Z-1-001\Floresta-3\valid\images\IJ_08_25_25_2560_880_png_jpg.rf.e872562dca73478bced1da07faaf8045.jpg,0.9146243333816528
validation-test,validation,D:\Datasets\Alvaro\Floresta-3-20260714T215823Z-1-001\Floresta-3\test\images\IJ_08_25_48_0_0_png_jpg.rf.c2c8ecb6bd573f831c928f6448293492.jpg,test,D:\Datasets\Alvaro\Floresta-3-20260714T215823Z-1-001\Floresta-3\valid\images\IJ_08_25_29_0_0_png_jpg.rf.21eb6dec22036ed00b48cce1637f171a.jpg,0.9124569296836853
validation-test,validation,D:\Datasets\Alvaro\Floresta-3-20260714T215823Z-1-001\Floresta-3\test\images\IJ_08_25_48_0_0_png_jpg.rf.fe3023c35e85994ddcfe6bc3a5807882.jpg,test,D:\Datasets\Alvaro\Floresta-3-20260714T215823Z-1-001\Floresta-3\valid\images\IJ_08_25_29_0_0_png_jpg.rf.21eb6dec22036ed00b48cce1637f171a.jpg,0.9435849785804749
validation-test,validation,D:\Datasets\Alvaro\Floresta-3-20260714T215823Z-1-001\Floresta-3\test\images\IJ_08_25_48_2560_0_png_jpg.rf.2b6af59137e4c3c19c9ef609535d261a.jpg,test,D:\Datasets\Alvaro\Floresta-3-20260714T215823Z-1-001\Floresta-3\valid\images\IJ_08_25_04_2560_0_png_jpg.rf.8041ee4b919c4bd4ae97544c430ce922.jpg,0.930056631565094
validation-test,validation,D:\Datasets\Alvaro\Floresta-3-20260714T215823Z-1-001\Floresta-3\test\images\IJ_08_25_48_2560_0_png_jpg.rf.2bf30d817c814aea104c6ad9cb3dca40.jpg,test,D:\Datasets\Alvaro\Floresta-3-20260714T215823Z-1-001\Floresta-3\valid\images\IJ_08_25_25_2560_0_png_jpg.rf.1cfb1c74a10fdbc1ec8bbca013f43bf5.jpg,0.9547935724258423
validation-test,validation,D:\Datasets\Alvaro\Floresta-3-20260714T215823Z-1-001\Floresta-3\test\images\IJ_08_25_48_2560_0_png_jpg.rf.785bc95722281281d7e796edd93ba0d9.jpg,test,D:\Datasets\Alvaro\Floresta-3-20260714T215823Z-1-001\Floresta-3\valid\images\IJ_08_25_27_2560_0_png_jpg.rf.7e7da94a26b51869b7ba0456623c147b.jpg,0.9649871587753296
validation-test,validation,D:\Datasets\Alvaro\Floresta-3-20260714T215823Z-1-001\Floresta-3\test\images\IJ_08_25_48_2560_0_png_jpg.rf.d762b9c69a3840ea1588602c32a5a5a1.jpg,test,D:\Datasets\Alvaro\Floresta-3-20260714T215823Z-1-001\Floresta-3\valid\images\IJ_08_25_27_2560_0_png_jpg.rf.7e7da94a26b51869b7ba0456623c147b.jpg,0.9581722021102905
validation-test,validation,D:\Datasets\Alvaro\Floresta-3-20260714T215823Z-1-001\Floresta-3\test\images\IJ_08_25_48_2560_880_png_jpg.rf.3a392948881746a5f77cbad910e93710.jpg,test,D:\Datasets\Alvaro\Floresta-3-20260714T215823Z-1-001\Floresta-3\valid\images\IJ_08_25_22_2560_880_png_jpg.rf.d2d35e5b2f1304c1d5ce2be7f67d7fce.jpg,0.9192322492599487
validation-test,validation,D:\Datasets\Alvaro\Floresta-3-20260714T215823Z-1-001\Floresta-3\test\images\IJ_08_25_48_2560_880_png_jpg.rf.54cc2739203ae94123a36af8c3cc5ee3.jpg,test,D:\Datasets\Alvaro\Floresta-3-20260714T215823Z-1-001\Floresta-3\valid\images\IJ_08_25_27_2560_880_png_jpg.rf.374ff6baf68eb02462521cdb55e0ec61.jpg,0.9351499080657959
validation-test,validation,D:\Datasets\Alvaro\Floresta-3-20260714T215823Z-1-001\Floresta-3\test\images\IJ_08_25_48_2560_880_png_jpg.rf.65b9da32e2dc13f908174ae04cf7a6ac.jpg,test,D:\Datasets\Alvaro\Floresta-3-20260714T215823Z-1-001\Floresta-3\valid\images\IJ_08_25_22_2560_880_png_jpg.rf.d2d35e5b2f1304c1d5ce2be7f67d7fce.jpg,0.9276211261749268
validation-test,validation,D:\Datasets\Alvaro\Floresta-3-20260714T215823Z-1-001\Floresta-3\test\images\IJ_08_25_48_2560_880_png_jpg.rf.9d7c456b47c4e7876bf971e0dfffc67b.jpg,test,D:\Datasets\Alvaro\Floresta-3-20260714T215823Z-1-001\Floresta-3\valid\images\IJ_08_25_27_2560_880_png_jpg.rf.374ff6baf68eb02462521cdb55e0ec61.jpg,0.9523729085922241
validation-test,validation,D:\Datasets\Alvaro\Floresta-3-20260714T215823Z-1-001\Floresta-3\test\images\IJ_08_25_48_2560_880_png_jpg.rf.a96ffd39c1eefefc993886ce7bda84d8.jpg,test,D:\Datasets\Alvaro\Floresta-3-20260714T215823Z-1-001\Floresta-3\valid\images\IJ_08_25_24_2560_880_png_jpg.rf.c171003afb2d521b49c26d550b9a041f.jpg,0.9179444909095764
validation-test,validation,D:\Datasets\Alvaro\Floresta-3-20260714T215823Z-1-001\Floresta-3\test\images\IJ_08_25_48_2560_880_png_jpg.rf.d6595537c03db78d93f759fac512929e.jpg,test,D:\Datasets\Alvaro\Floresta-3-20260714T215823Z-1-001\Floresta-3\valid\images\IJ_08_25_24_2560_880_png_jpg.rf.8ce305cb37beaed90d06acaa270125f1.jpg,0.9306457042694092
validation-test,validation,D:\Datasets\Alvaro\Floresta-3-20260714T215823Z-1-001\Floresta-3\test\images\IJ_08_25_48_2560_880_png_jpg.rf.de641917e3d8089187fa2a2953f1cfc4.jpg,test,D:\Datasets\Alvaro\Floresta-3-20260714T215823Z-1-001\Floresta-3\valid\images\IJ_08_25_22_2560_880_png_jpg.rf.d2d35e5b2f1304c1d5ce2be7f67d7fce.jpg,0.9115267395973206
validation-test,validation,D:\Datasets\Alvaro\Floresta-3-20260714T215823Z-1-001\Floresta-3\test\images\IJ_08_25_49_0_0_png_jpg.rf.34f4cdb0eedfad9f00d9f88835b151d9.jpg,test,D:\Datasets\Alvaro\Floresta-3-20260714T215823Z-1-001\Floresta-3\valid\images\IJ_08_25_20_0_0_png_jpg.rf.eb5b2cf2f84852e600a9148bab47d9d7.jpg,0.8864643573760986
validation-test,validation,D:\Datasets\Alvaro\Floresta-3-20260714T215823Z-1-001\Floresta-3\test\images\IJ_08_25_49_0_0_png_jpg.rf.56bca3c7df1264126d288f35246fe068.jpg,test,D:\Datasets\Alvaro\Floresta-3-20260714T215823Z-1-001\Floresta-3\valid\images\IJ_08_25_29_0_0_png_jpg.rf.21eb6dec22036ed00b48cce1637f171a.jpg,0.9470357894897461
validation-test,validation,D:\Datasets\Alvaro\Floresta-3-20260714T215823Z-1-001\Floresta-3\test\images\IJ_08_25_49_0_0_png_jpg.rf.720cb97048af6c65c5279ca9dc98e7ce.jpg,test,D:\Datasets\Alvaro\Floresta-3-20260714T215823Z-1-001\Floresta-3\valid\images\IJ_08_25_28_0_0_png_jpg.rf.3f0b5cac9d31e459dc8d3826ab2bbe26.jpg,0.9464995861053467
validation-test,validation,D:\Datasets\Alvaro\Floresta-3-20260714T215823Z-1-001\Floresta-3\test\images\IJ_08_25_49_0_0_png_jpg.rf.7830a061fd7627f40f0d2fbe385701f8.jpg,test,D:\Datasets\Alvaro\Floresta-3-20260714T215823Z-1-001\Floresta-3\valid\images\IJ_08_25_22_0_0_png_jpg.rf.7421f54971399c0e1fe2d27cf60f9f5d.jpg,0.8991910815238953
validation-test,validation,D:\Datasets\Alvaro\Floresta-3-20260714T215823Z-1-001\Floresta-3\test\images\IJ_08_25_49_0_0_png_jpg.rf.fac30899ec35c740777849f924057691.jpg,test,D:\Datasets\Alvaro\Floresta-3-20260714T215823Z-1-001\Floresta-3\valid\images\IJ_08_25_29_0_0_png_jpg.rf.21eb6dec22036ed00b48cce1637f171a.jpg,0.9399556517601013
validation-test,validation,D:\Datasets\Alvaro\Floresta-3-20260714T215823Z-1-001\Floresta-3\test\images\IJ_08_25_49_2560_0_png_jpg.rf.1743c25170237b31298cbfd3fc550bf0.jpg,test,D:\Datasets\Alvaro\Floresta-3-20260714T215823Z-1-001\Floresta-3\valid\images\IJ_08_25_27_2560_0_png_jpg.rf.7e7da94a26b51869b7ba0456623c147b.jpg,0.9580825567245483
validation-test,validation,D:\Datasets\Alvaro\Floresta-3-20260714T215823Z-1-001\Floresta-3\test\images\IJ_08_25_49_2560_0_png_jpg.rf.285f5bf032b05da0dab5dd34f50230a0.jpg,test,D:\Datasets\Alvaro\Floresta-3-20260714T215823Z-1-001\Floresta-3\valid\images\IJ_08_25_24_2560_0_png_jpg.rf.f180dc961f36d60880200aeb901e1fe0.jpg,0.8981715440750122
validation-test,validation,D:\Datasets\Alvaro\Floresta-3-20260714T215823Z-1-001\Floresta-3\test\images\IJ_08_25_49_2560_0_png_jpg.rf.3545c4a124e740c5879e339d22aaa640.jpg,test,D:\Datasets\Alvaro\Floresta-3-20260714T215823Z-1-001\Floresta-3\valid\images\IJ_08_25_27_2560_0_png_jpg.rf.33350cefc2203856896de6c21776e110.jpg,0.9619576334953308
validation-test,validation,D:\Datasets\Alvaro\Floresta-3-20260714T215823Z-1-001\Floresta-3\test\images\IJ_08_25_49_2560_0_png_jpg.rf.67a089c8ab96a0a0260b1c9f131fa370.jpg,test,D:\Datasets\Alvaro\Floresta-3-20260714T215823Z-1-001\Floresta-3\valid\images\IJ_08_25_24_2560_0_png_jpg.rf.f180dc961f36d60880200aeb901e1fe0.jpg,0.9387553930282593
validation-test,validation,D:\Datasets\Alvaro\Floresta-3-20260714T215823Z-1-001\Floresta-3\test\images\IJ_08_25_49_2560_0_png_jpg.rf.803641a32877666cf642543e64c9793a.jpg,test,D:\Datasets\Alvaro\Floresta-3-20260714T215823Z-1-001\Floresta-3\valid\images\IJ_08_25_24_2560_0_png_jpg.rf.f180dc961f36d60880200aeb901e1fe0.jpg,0.9558271169662476
validation-test,validation,D:\Datasets\Alvaro\Floresta-3-20260714T215823Z-1-001\Floresta-3\test\images\IJ_08_25_49_2560_0_png_jpg.rf.ba2f5e6254581760c5959ce66329e2e0.jpg,test,D:\Datasets\Alvaro\Floresta-3-20260714T215823Z-1-001\Floresta-3\valid\images\IJ_08_25_27_2560_0_png_jpg.rf.7e7da94a26b51869b7ba0456623c147b.jpg,0.9620078802108765
validation-test,validation,D:\Datasets\Alvaro\Floresta-3-20260714T215823Z-1-001\Floresta-3\test\images\IJ_08_25_49_2560_880_png_jpg.rf.223f01d8aecf4d48985b4813ff135265.jpg,test,D:\Datasets\Alvaro\Floresta-3-20260714T215823Z-1-001\Floresta-3\valid\images\IJ_08_25_28_2560_880_png_jpg.rf.f85590e6dbe04ab4b22907479a536f71.jpg,0.8877034187316895
validation-test,validation,D:\Datasets\Alvaro\Floresta-3-20260714T215823Z-1-001\Floresta-3\test\images\IJ_08_25_49_2560_880_png_jpg.rf.6829bb70bdd4878dace262204270ed4a.jpg,test,D:\Datasets\Alvaro\Floresta-3-20260714T215823Z-1-001\Floresta-3\valid\images\IJ_08_25_25_2560_880_png_jpg.rf.e8820e3eeac9a52de171871e2c562af4.jpg,0.9064635634422302
validation-test,validation,D:\Datasets\Alvaro\Floresta-3-20260714T215823Z-1-001\Floresta-3\test\images\IJ_08_25_49_2560_880_png_jpg.rf.7ea845a8c56d897c36ea8c454a844d8e.jpg,test,D:\Datasets\Alvaro\Floresta-3-20260714T215823Z-1-001\Floresta-3\valid\images\IJ_08_25_24_2560_880_png_jpg.rf.8ce305cb37beaed90d06acaa270125f1.jpg,0.904786229133606
validation-test,validation,D:\Datasets\Alvaro\Floresta-3-20260714T215823Z-1-001\Floresta-3\test\images\IJ_08_25_49_2560_880_png_jpg.rf.a5e5cbb2dd39ffb48ce9c2b7dee06ede.jpg,test,D:\Datasets\Alvaro\Floresta-3-20260714T215823Z-1-001\Floresta-3\valid\images\IJ_08_25_18_2560_880_png_jpg.rf.7239ad6f78c678e5ce973f264f27c760.jpg,0.904181957244873
validation-test,validation,D:\Datasets\Alvaro\Floresta-3-20260714T215823Z-1-001\Floresta-3\test\images\IJ_08_25_50_0_0_png_jpg.rf.5600d53e72ef43bb198c3bc29bdd11e2.jpg,test,D:\Datasets\Alvaro\Floresta-3-20260714T215823Z-1-001\Floresta-3\valid\images\IJ_08_25_24_0_0_png_jpg.rf.1d804cafa370986382602a4551188e61.jpg,0.8869442343711853
validation-test,validation,D:\Datasets\Alvaro\Floresta-3-20260714T215823Z-1-001\Floresta-3\test\images\IJ_08_25_50_0_0_png_jpg.rf.80270458d064c2e3a871d9913962b4cd.jpg,test,D:\Datasets\Alvaro\Floresta-3-20260714T215823Z-1-001\Floresta-3\valid\images\IJ_08_25_18_0_0_png_jpg.rf.efef812bc77caccab61e9e1bbceca577.jpg,0.94989013671875
validation-test,validation,D:\Datasets\Alvaro\Floresta-3-20260714T215823Z-1-001\Floresta-3\test\images\IJ_08_25_50_0_0_png_jpg.rf.9bcb63ddbbca1e68c265c99cc54c9a19.jpg,test,D:\Datasets\Alvaro\Floresta-3-20260714T215823Z-1-001\Floresta-3\valid\images\IJ_08_25_24_0_0_png_jpg.rf.1d804cafa370986382602a4551188e61.jpg,0.9023484587669373
validation-test,validation,D:\Datasets\Alvaro\Floresta-3-20260714T215823Z-1-001\Floresta-3\test\images\IJ_08_25_50_0_0_png_jpg.rf.f0635b7f863794c61159b7e9b3b8e23f.jpg,test,D:\Datasets\Alvaro\Floresta-3-20260714T215823Z-1-001\Floresta-3\valid\images\IJ_08_25_24_0_0_png_jpg.rf.1d804cafa370986382602a4551188e61.jpg,0.8593850135803223
validation-test,validation,D:\Datasets\Alvaro\Floresta-3-20260714T215823Z-1-001\Floresta-3\test\images\IJ_08_25_50_2560_0_png_jpg.rf.19c7b3288ac4ef286cb80e291f41e84d.jpg,test,D:\Datasets\Alvaro\Floresta-3-20260714T215823Z-1-001\Floresta-3\valid\images\IJ_08_25_26_2560_0_png_jpg.rf.826878223b135afde7eb24a058400f83.jpg,0.9419803023338318
validation-test,validation,D:\Datasets\Alvaro\Floresta-3-20260714T215823Z-1-001\Floresta-3\test\images\IJ_08_25_50_2560_0_png_jpg.rf.2de0684aea9258011b6dcdd9892488b2.jpg,test,D:\Datasets\Alvaro\Floresta-3-20260714T215823Z-1-001\Floresta-3\valid\images\IJ_08_25_27_2560_0_png_jpg.rf.33350cefc2203856896de6c21776e110.jpg,0.9603542685508728
validation-test,validation,D:\Datasets\Alvaro\Floresta-3-20260714T215823Z-1-001\Floresta-3\test\images\IJ_08_25_50_2560_0_png_jpg.rf.49faa2a6d970244bff8233c478513a4f.jpg,test,D:\Datasets\Alvaro\Floresta-3-20260714T215823Z-1-001\Floresta-3\valid\images\IJ_08_25_27_2560_0_png_jpg.rf.33350cefc2203856896de6c21776e110.jpg,0.9584943056106567
validation-test,validation,D:\Datasets\Alvaro\Floresta-3-20260714T215823Z-1-001\Floresta-3\test\images\IJ_08_25_50_2560_0_png_jpg.rf.51c2b8b59b86758840f585468bc4a730.jpg,test,D:\Datasets\Alvaro\Floresta-3-20260714T215823Z-1-001\Floresta-3\valid\images\IJ_08_25_27_2560_0_png_jpg.rf.36666a1553fcb6c79e1a94e37a7847bb.jpg,0.9600845575332642
validation-test,validation,D:\Datasets\Alvaro\Floresta-3-20260714T215823Z-1-001\Floresta-3\test\images\IJ_08_25_50_2560_0_png_jpg.rf.628f0d74b9855fe9dd24d5048dc77fc9.jpg,test,D:\Datasets\Alvaro\Floresta-3-20260714T215823Z-1-001\Floresta-3\valid\images\IJ_08_25_27_2560_0_png_jpg.rf.33350cefc2203856896de6c21776e110.jpg,0.9298020005226135
validation-test,validation,D:\Datasets\Alvaro\Floresta-3-20260714T215823Z-1-001\Floresta-3\test\images\IJ_08_25_50_2560_0_png_jpg.rf.90ca49687da9cf8c0a685569e0c9921c.jpg,test,D:\Datasets\Alvaro\Floresta-3-20260714T215823Z-1-001\Floresta-3\valid\images\IJ_08_25_27_2560_0_png_jpg.rf.33350cefc2203856896de6c21776e110.jpg,0.9535832405090332
validation-test,validation,D:\Datasets\Alvaro\Floresta-3-20260714T215823Z-1-001\Floresta-3\test\images\IJ_08_25_50_2560_880_png_jpg.rf.0b970e7710fca4346d5dd9243eade2ec.jpg,test,D:\Datasets\Alvaro\Floresta-3-20260714T215823Z-1-001\Floresta-3\valid\images\IJ_08_25_25_2560_880_png_jpg.rf.e8820e3eeac9a52de171871e2c562af4.jpg,0.9202225804328918
validation-test,validation,D:\Datasets\Alvaro\Floresta-3-20260714T215823Z-1-001\Floresta-3\test\images\IJ_08_25_50_2560_880_png_jpg.rf.90b5f507fd68e6715832df7c8355f900.jpg,test,D:\Datasets\Alvaro\Floresta-3-20260714T215823Z-1-001\Floresta-3\valid\images\IJ_08_25_20_2560_880_png_jpg.rf.ea9a28331cb61c25365bb4e8f63609b4.jpg,0.9033674001693726
validation-test,validation,D:\Datasets\Alvaro\Floresta-3-20260714T215823Z-1-001\Floresta-3\test\images\IJ_08_25_51_0_0_png_jpg.rf.5a960c05b608b75d1ff833f9fd0320f9.jpg,test,D:\Datasets\Alvaro\Floresta-3-20260714T215823Z-1-001\Floresta-3\valid\images\IJ_08_25_29_0_0_png_jpg.rf.21eb6dec22036ed00b48cce1637f171a.jpg,0.9308392405509949
validation-test,validation,D:\Datasets\Alvaro\Floresta-3-20260714T215823Z-1-001\Floresta-3\test\images\IJ_08_25_51_0_0_png_jpg.rf.7487d2f1b1e06804afc013db45a09e0a.jpg,test,D:\Datasets\Alvaro\Floresta-3-20260714T215823Z-1-001\Floresta-3\valid\images\IJ_08_25_22_0_0_png_jpg.rf.7421f54971399c0e1fe2d27cf60f9f5d.jpg,0.940967321395874
validation-test,validation,D:\Datasets\Alvaro\Floresta-3-20260714T215823Z-1-001\Floresta-3\test\images\IJ_08_25_51_0_0_png_jpg.rf.823448915474e0d64911bd2bc2fab1d5.jpg,test,D:\Datasets\Alvaro\Floresta-3-20260714T215823Z-1-001\Floresta-3\valid\images\IJ_08_25_18_0_0_png_jpg.rf.efef812bc77caccab61e9e1bbceca577.jpg,0.9411182403564453
validation-test,validation,D:\Datasets\Alvaro\Floresta-3-20260714T215823Z-1-001\Floresta-3\test\images\IJ_08_25_51_0_0_png_jpg.rf.ee782599d814168da54e741afc595234.jpg,test,D:\Datasets\Alvaro\Floresta-3-20260714T215823Z-1-001\Floresta-3\valid\images\IJ_08_25_24_0_0_png_jpg.rf.1d804cafa370986382602a4551188e61.jpg,0.8656785488128662
validation-test,validation,D:\Datasets\Alvaro\Floresta-3-20260714T215823Z-1-001\Floresta-3\test\images\IJ_08_25_51_2560_0_png_jpg.rf.851df3a151e106635119c73665286006.jpg,test,D:\Datasets\Alvaro\Floresta-3-20260714T215823Z-1-001\Floresta-3\valid\images\IJ_08_25_28_2560_0_png_jpg.rf.1245a708143d169dd5c154f10bdc31a1.jpg,0.9161205291748047
validation-test,validation,D:\Datasets\Alvaro\Floresta-3-20260714T215823Z-1-001\Floresta-3\test\images\IJ_08_25_51_2560_0_png_jpg.rf.90cf65735efb70f9c5e45df9994eea16.jpg,test,D:\Datasets\Alvaro\Floresta-3-20260714T215823Z-1-001\Floresta-3\valid\images\IJ_08_25_21_2560_0_png_jpg.rf.ffea363b63767e66e2956b7ae2238524.jpg,0.9361156225204468
validation-test,validation,D:\Datasets\Alvaro\Floresta-3-20260714T215823Z-1-001\Floresta-3\test\images\IJ_08_25_51_2560_0_png_jpg.rf.f0e54ff2368268b191801b086531b7b9.jpg,test,D:\Datasets\Alvaro\Floresta-3-20260714T215823Z-1-001\Floresta-3\valid\images\IJ_08_25_26_2560_0_png_jpg.rf.a1af5be4e0e70b973e4ea37871593348.jpg,0.9274869561195374
validation-test,validation,D:\Datasets\Alvaro\Floresta-3-20260714T215823Z-1-001\Floresta-3\test\images\IJ_08_25_51_2560_880_png_jpg.rf.1b8dd2072da928a165df44e17c63e353.jpg,test,D:\Datasets\Alvaro\Floresta-3-20260714T215823Z-1-001\Floresta-3\valid\images\IJ_08_25_27_2560_880_png_jpg.rf.374ff6baf68eb02462521cdb55e0ec61.jpg,0.9127919673919678
validation-test,validation,D:\Datasets\Alvaro\Floresta-3-20260714T215823Z-1-001\Floresta-3\test\images\IJ_08_25_51_2560_880_png_jpg.rf.ac47edbf8c67aeac25de0f81b0cb166b.jpg,test,D:\Datasets\Alvaro\Floresta-3-20260714T215823Z-1-001\Floresta-3\valid\images\IJ_08_25_19_2560_880_png_jpg.rf.8e2a16e8b5a928dcef4f58bb9f0cb182.jpg,0.8962304592132568
validation-test,validation,D:\Datasets\Alvaro\Floresta-3-20260714T215823Z-1-001\Floresta-3\test\images\IJ_08_25_52_0_0_png_jpg.rf.7b465b67a05bae4c24623a85078900c7.jpg,test,D:\Datasets\Alvaro\Floresta-3-20260714T215823Z-1-001\Floresta-3\valid\images\IJ_08_25_23_0_0_png_jpg.rf.b699ff3181e5a236740ac25c1bb25cce.jpg,0.8802400827407837
validation-test,validation,D:\Datasets\Alvaro\Floresta-3-20260714T215823Z-1-001\Floresta-3\test\images\IJ_08_25_52_2560_0_png_jpg.rf.0539df9f18e648389cdb0d39ab55c613.jpg,test,D:\Datasets\Alvaro\Floresta-3-20260714T215823Z-1-001\Floresta-3\valid\images\IJ_08_25_24_2560_0_png_jpg.rf.f180dc961f36d60880200aeb901e1fe0.jpg,0.9312797784805298
validation-test,validation,D:\Datasets\Alvaro\Floresta-3-20260714T215823Z-1-001\Floresta-3\test\images\IJ_08_25_52_2560_0_png_jpg.rf.39527e719ca81be818f050275c0d6e82.jpg,test,D:\Datasets\Alvaro\Floresta-3-20260714T215823Z-1-001\Floresta-3\valid\images\IJ_08_25_24_2560_0_png_jpg.rf.f180dc961f36d60880200aeb901e1fe0.jpg,0.9311439990997314
validation-test,validation,D:\Datasets\Alvaro\Floresta-3-20260714T215823Z-1-001\Floresta-3\test\images\IJ_08_25_52_2560_0_png_jpg.rf.8a89e28c6e8cc0e7214c339043ea76e8.jpg,test,D:\Datasets\Alvaro\Floresta-3-20260714T215823Z-1-001\Floresta-3\valid\images\IJ_08_25_26_2560_0_png_jpg.rf.1bb092f4f65a8dbe68641fe3c4482b88.jpg,0.9410040378570557
validation-test,validation,D:\Datasets\Alvaro\Floresta-3-20260714T215823Z-1-001\Floresta-3\test\images\IJ_08_25_52_2560_0_png_jpg.rf.aecdfa2965a2c733b82d8cacbd53ccda.jpg,test,D:\Datasets\Alvaro\Floresta-3-20260714T215823Z-1-001\Floresta-3\valid\images\IJ_08_25_27_2560_0_png_jpg.rf.33350cefc2203856896de6c21776e110.jpg,0.9528250098228455
validation-test,validation,D:\Datasets\Alvaro\Floresta-3-20260714T215823Z-1-001\Floresta-3\test\images\IJ_08_25_52_2560_0_png_jpg.rf.ccc2a487e5529780094e127ab47085f6.jpg,test,D:\Datasets\Alvaro\Floresta-3-20260714T215823Z-1-001\Floresta-3\valid\images\IJ_08_25_24_2560_0_png_jpg.rf.f180dc961f36d60880200aeb901e1fe0.jpg,0.9310920834541321
validation-test,validation,D:\Datasets\Alvaro\Floresta-3-20260714T215823Z-1-001\Floresta-3\test\images\IJ_08_25_52_2560_880_png_jpg.rf.685396c832b6d3ccdb97030586d8493a.jpg,test,D:\Datasets\Alvaro\Floresta-3-20260714T215823Z-1-001\Floresta-3\valid\images\IJ_08_25_28_2560_880_png_jpg.rf.f85590e6dbe04ab4b22907479a536f71.jpg,0.9177486896514893
validation-test,validation,D:\Datasets\Alvaro\Floresta-3-20260714T215823Z-1-001\Floresta-3\test\images\IJ_08_25_52_2560_880_png_jpg.rf.b667517b91488ca05b222d010e002903.jpg,test,D:\Datasets\Alvaro\Floresta-3-20260714T215823Z-1-001\Floresta-3\valid\images\IJ_08_25_28_2560_880_png_jpg.rf.f85590e6dbe04ab4b22907479a536f71.jpg,0.9428318738937378
validation-test,validation,D:\Datasets\Alvaro\Floresta-3-20260714T215823Z-1-001\Floresta-3\test\images\IJ_08_25_52_2560_880_png_jpg.rf.b7ac35bde4d2301705ae3198615b4cac.jpg,test,D:\Datasets\Alvaro\Floresta-3-20260714T215823Z-1-001\Floresta-3\valid\images\IJ_08_25_21_2560_880_png_jpg.rf.5df1a9d3f30d6da29ae99d052183b774.jpg,0.8812606334686279
validation-test,validation,D:\Datasets\Alvaro\Floresta-3-20260714T215823Z-1-001\Floresta-3\test\images\IJ_08_25_52_2560_880_png_jpg.rf.cc12b48c491c2960e8c6bf999acca4bc.jpg,test,D:\Datasets\Alvaro\Floresta-3-20260714T215823Z-1-001\Floresta-3\valid\images\IJ_08_25_25_2560_880_png_jpg.rf.e8820e3eeac9a52de171871e2c562af4.jpg,0.9500767588615417
validation-test,validation,D:\Datasets\Alvaro\Floresta-3-20260714T215823Z-1-001\Floresta-3\test\images\IJ_08_25_53_0_0_png_jpg.rf.13702245e0bd3986e484b76097da6a97.jpg,test,D:\Datasets\Alvaro\Floresta-3-20260714T215823Z-1-001\Floresta-3\valid\images\IJ_08_25_18_0_0_png_jpg.rf.1d0e6e9e3a7ad0c05126f8222364aef3.jpg,0.9361125230789185
validation-test,validation,D:\Datasets\Alvaro\Floresta-3-20260714T215823Z-1-001\Floresta-3\test\images\IJ_08_25_53_0_0_png_jpg.rf.30e896668c81a09a09ed1e8d63660bcb.jpg,test,D:\Datasets\Alvaro\Floresta-3-20260714T215823Z-1-001\Floresta-3\valid\images\IJ_08_25_22_0_0_png_jpg.rf.7421f54971399c0e1fe2d27cf60f9f5d.jpg,0.9191440343856812
validation-test,validation,D:\Datasets\Alvaro\Floresta-3-20260714T215823Z-1-001\Floresta-3\test\images\IJ_08_25_53_0_0_png_jpg.rf.5e5360472bd610aaccc45b7d703d9e61.jpg,test,D:\Datasets\Alvaro\Floresta-3-20260714T215823Z-1-001\Floresta-3\valid\images\IJ_08_25_26_0_0_png_jpg.rf.d29509f7347d5839a46f024e6454dc7a.jpg,0.9497787952423096
validation-test,validation,D:\Datasets\Alvaro\Floresta-3-20260714T215823Z-1-001\Floresta-3\test\images\IJ_08_25_53_0_0_png_jpg.rf.c47061c9500e02f081e16dbc8e5e4dcc.jpg,test,D:\Datasets\Alvaro\Floresta-3-20260714T215823Z-1-001\Floresta-3\valid\images\IJ_08_25_22_0_0_png_jpg.rf.7421f54971399c0e1fe2d27cf60f9f5d.jpg,0.9241055250167847
validation-test,validation,D:\Datasets\Alvaro\Floresta-3-20260714T215823Z-1-001\Floresta-3\test\images\IJ_08_25_53_0_0_png_jpg.rf.f6e98dfbb5505fe484fa579ac4f38906.jpg,test,D:\Datasets\Alvaro\Floresta-3-20260714T215823Z-1-001\Floresta-3\valid\images\IJ_08_25_23_0_0_png_jpg.rf.1a460754c73736639c7d4d1acdd95487.jpg,0.938623309135437
validation-test,validation,D:\Datasets\Alvaro\Floresta-3-20260714T215823Z-1-001\Floresta-3\test\images\IJ_08_25_53_2560_880_png_jpg.rf.62f6ef80157d034c2440d2a19afbf2fb.jpg,test,D:\Datasets\Alvaro\Floresta-3-20260714T215823Z-1-001\Floresta-3\valid\images\IJ_08_25_25_2560_880_png_jpg.rf.e8820e3eeac9a52de171871e2c562af4.jpg,0.9426841139793396
validation-test,validation,D:\Datasets\Alvaro\Floresta-3-20260714T215823Z-1-001\Floresta-3\test\images\IJ_08_25_54_0_0_png_jpg.rf.07b4d670f69aa1d34869c14269f12fed.jpg,test,D:\Datasets\Alvaro\Floresta-3-20260714T215823Z-1-001\Floresta-3\valid\images\IJ_08_25_24_0_0_png_jpg.rf.1d804cafa370986382602a4551188e61.jpg,0.8790463209152222
validation-test,validation,D:\Datasets\Alvaro\Floresta-3-20260714T215823Z-1-001\Floresta-3\test\images\IJ_08_25_54_0_0_png_jpg.rf.8140b156157acc3e4dabb61847e777d9.jpg,test,D:\Datasets\Alvaro\Floresta-3-20260714T215823Z-1-001\Floresta-3\valid\images\IJ_08_25_26_0_0_png_jpg.rf.d29509f7347d5839a46f024e6454dc7a.jpg,0.9284088611602783
validation-test,validation,D:\Datasets\Alvaro\Floresta-3-20260714T215823Z-1-001\Floresta-3\test\images\IJ_08_25_54_0_0_png_jpg.rf.d2bbc1b554d2e439e8b993ec2ba7a671.jpg,test,D:\Datasets\Alvaro\Floresta-3-20260714T215823Z-1-001\Floresta-3\valid\images\IJ_08_25_24_0_0_png_jpg.rf.1d804cafa370986382602a4551188e61.jpg,0.9173017740249634
validation-test,validation,D:\Datasets\Alvaro\Floresta-3-20260714T215823Z-1-001\Floresta-3\test\images\IJ_08_25_54_2560_0_png_jpg.rf.015562c85061ce202d35243aab00154b.jpg,test,D:\Datasets\Alvaro\Floresta-3-20260714T215823Z-1-001\Floresta-3\valid\images\IJ_08_25_26_2560_0_png_jpg.rf.a1af5be4e0e70b973e4ea37871593348.jpg,0.9066863059997559
validation-test,validation,D:\Datasets\Alvaro\Floresta-3-20260714T215823Z-1-001\Floresta-3\test\images\IJ_08_25_54_2560_0_png_jpg.rf.225a23eaa4efb5d76eeb17c504cdbb79.jpg,test,D:\Datasets\Alvaro\Floresta-3-20260714T215823Z-1-001\Floresta-3\valid\images\IJ_08_25_26_2560_0_png_jpg.rf.a1af5be4e0e70b973e4ea37871593348.jpg,0.9177708625793457
validation-test,validation,D:\Datasets\Alvaro\Floresta-3-20260714T215823Z-1-001\Floresta-3\test\images\IJ_08_25_54_2560_0_png_jpg.rf.7313eda8a8455840cfc07b3cf4949e45.jpg,test,D:\Datasets\Alvaro\Floresta-3-20260714T215823Z-1-001\Floresta-3\valid\images\IJ_08_25_03_2560_0_png_jpg.rf.21a110b0b1bd70151ba70a1e296f115d.jpg,0.9501833915710449
validation-test,validation,D:\Datasets\Alvaro\Floresta-3-20260714T215823Z-1-001\Floresta-3\test\images\IJ_08_25_54_2560_0_png_jpg.rf.e59eeb7815e0e50896ab1670588ae98e.jpg,test,D:\Datasets\Alvaro\Floresta-3-20260714T215823Z-1-001\Floresta-3\valid\images\IJ_08_25_26_2560_0_png_jpg.rf.a1af5be4e0e70b973e4ea37871593348.jpg,0.9070726037025452
validation-test,validation,D:\Datasets\Alvaro\Floresta-3-20260714T215823Z-1-001\Floresta-3\test\images\IJ_08_25_54_2560_0_png_jpg.rf.f3bc02f13bdcbc0ebfeabc806caf2c64.jpg,test,D:\Datasets\Alvaro\Floresta-3-20260714T215823Z-1-001\Floresta-3\valid\images\IJ_08_25_04_2560_0_png_jpg.rf.8041ee4b919c4bd4ae97544c430ce922.jpg,0.9109865427017212
validation-test,validation,D:\Datasets\Alvaro\Floresta-3-20260714T215823Z-1-001\Floresta-3\test\images\IJ_08_25_54_2560_880_png_jpg.rf.6a965ded5e2891d34194fe0e7d6abeee.jpg,test,D:\Datasets\Alvaro\Floresta-3-20260714T215823Z-1-001\Floresta-3\valid\images\IJ_08_25_25_2560_880_png_jpg.rf.e8820e3eeac9a52de171871e2c562af4.jpg,0.9001156091690063
validation-test,validation,D:\Datasets\Alvaro\Floresta-3-20260714T215823Z-1-001\Floresta-3\test\images\IJ_08_25_54_2560_880_png_jpg.rf.d521fd95f17292050252f56f32480d0d.jpg,test,D:\Datasets\Alvaro\Floresta-3-20260714T215823Z-1-001\Floresta-3\valid\images\IJ_08_25_27_2560_880_png_jpg.rf.952cd02e41402e372167633aa2c07e2d.jpg,0.9385768175125122
validation-test,validation,D:\Datasets\Alvaro\Floresta-3-20260714T215823Z-1-001\Floresta-3\test\images\IJ_08_25_54_2560_880_png_jpg.rf.d7ffa05423b053ab1cff420a6194d624.jpg,test,D:\Datasets\Alvaro\Floresta-3-20260714T215823Z-1-001\Floresta-3\valid\images\IJ_08_25_28_2560_880_png_jpg.rf.f85590e6dbe04ab4b22907479a536f71.jpg,0.9299986362457275
validation-test,validation,D:\Datasets\Alvaro\Floresta-3-20260714T215823Z-1-001\Floresta-3\test\images\IJ_08_25_54_2560_880_png_jpg.rf.ea0f35bc497041faccfed071ac442554.jpg,test,D:\Datasets\Alvaro\Floresta-3-20260714T215823Z-1-001\Floresta-3\valid\images\IJ_08_25_25_2560_880_png_jpg.rf.e8820e3eeac9a52de171871e2c562af4.jpg,0.904135525226593
validation-test,validation,D:\Datasets\Alvaro\Floresta-3-20260714T215823Z-1-001\Floresta-3\test\images\IJ_08_25_54_2560_880_png_jpg.rf.ed040f35879f0db26e1763b0f14f780b.jpg,test,D:\Datasets\Alvaro\Floresta-3-20260714T215823Z-1-001\Floresta-3\valid\images\IJ_08_25_23_2560_880_png_jpg.rf.dce2768440cfc2a6cd6da0d414c1b55d.jpg,0.858396053314209
validation-test,validation,D:\Datasets\Alvaro\Floresta-3-20260714T215823Z-1-001\Floresta-3\test\images\IJ_08_25_55_0_0_png_jpg.rf.672746286c52bd68d11792dd6a4f9db9.jpg,test,D:\Datasets\Alvaro\Floresta-3-20260714T215823Z-1-001\Floresta-3\valid\images\IJ_08_25_24_0_0_png_jpg.rf.1d804cafa370986382602a4551188e61.jpg,0.909909725189209
validation-test,validation,D:\Datasets\Alvaro\Floresta-3-20260714T215823Z-1-001\Floresta-3\test\images\IJ_08_25_55_0_0_png_jpg.rf.93134f32d25dbc40fbc16b55d4990e39.jpg,test,D:\Datasets\Alvaro\Floresta-3-20260714T215823Z-1-001\Floresta-3\valid\images\IJ_08_25_24_0_0_png_jpg.rf.1d804cafa370986382602a4551188e61.jpg,0.8783081769943237
validation-test,validation,D:\Datasets\Alvaro\Floresta-3-20260714T215823Z-1-001\Floresta-3\test\images\IJ_08_25_55_0_0_png_jpg.rf.9838bbc6a86272ae7eaf235ad3c84dca.jpg,test,D:\Datasets\Alvaro\Floresta-3-20260714T215823Z-1-001\Floresta-3\valid\images\IJ_08_25_22_0_0_png_jpg.rf.d9471994d0a94aff894e4a78ef84f0d9.jpg,0.9409114122390747
validation-test,validation,D:\Datasets\Alvaro\Floresta-3-20260714T215823Z-1-001\Floresta-3\test\images\IJ_08_25_55_0_0_png_jpg.rf.ac75f2db044b2fec110359bb605c8c20.jpg,test,D:\Datasets\Alvaro\Floresta-3-20260714T215823Z-1-001\Floresta-3\valid\images\IJ_08_25_24_0_0_png_jpg.rf.e7e636b61553c082073954361d7fe39f.jpg,0.947647750377655
validation-test,validation,D:\Datasets\Alvaro\Floresta-3-20260714T215823Z-1-001\Floresta-3\test\images\IJ_08_25_55_0_0_png_jpg.rf.d3dc1451b70f5aaef015f626cd1830cd.jpg,test,D:\Datasets\Alvaro\Floresta-3-20260714T215823Z-1-001\Floresta-3\valid\images\IJ_08_25_24_0_0_png_jpg.rf.1d804cafa370986382602a4551188e61.jpg,0.8603824377059937
validation-test,validation,D:\Datasets\Alvaro\Floresta-3-20260714T215823Z-1-001\Floresta-3\test\images\IJ_08_25_55_0_0_png_jpg.rf.e32abc887f3860c8b7b66e6d3e596a84.jpg,test,D:\Datasets\Alvaro\Floresta-3-20260714T215823Z-1-001\Floresta-3\valid\images\IJ_08_25_29_0_0_png_jpg.rf.21eb6dec22036ed00b48cce1637f171a.jpg,0.9436684846878052
validation-test,validation,D:\Datasets\Alvaro\Floresta-3-20260714T215823Z-1-001\Floresta-3\test\images\IJ_08_25_55_2560_0_png_jpg.rf.0b56157fc7e7176cfb67bf694a038e53.jpg,test,D:\Datasets\Alvaro\Floresta-3-20260714T215823Z-1-001\Floresta-3\valid\images\IJ_08_25_26_2560_0_png_jpg.rf.3403b863873aee4ae6aed4f2b9e06f1b.jpg,0.9440224170684814
validation-test,validation,D:\Datasets\Alvaro\Floresta-3-20260714T215823Z-1-001\Floresta-3\test\images\IJ_08_25_55_2560_0_png_jpg.rf.0f63d1fff3f34df6dc725e87317aac7d.jpg,test,D:\Datasets\Alvaro\Floresta-3-20260714T215823Z-1-001\Floresta-3\valid\images\IJ_08_25_25_2560_0_png_jpg.rf.1cfb1c74a10fdbc1ec8bbca013f43bf5.jpg,0.9570136666297913
validation-test,validation,D:\Datasets\Alvaro\Floresta-3-20260714T215823Z-1-001\Floresta-3\test\images\IJ_08_25_55_2560_0_png_jpg.rf.7b26786db4e8b6c69a133c9d5e5fe0f7.jpg,test,D:\Datasets\Alvaro\Floresta-3-20260714T215823Z-1-001\Floresta-3\valid\images\IJ_08_25_27_2560_0_png_jpg.rf.7e7da94a26b51869b7ba0456623c147b.jpg,0.9440743923187256
validation-test,validation,D:\Datasets\Alvaro\Floresta-3-20260714T215823Z-1-001\Floresta-3\test\images\IJ_08_25_55_2560_0_png_jpg.rf.7fb5881205c5361580ec98f30737eb19.jpg,test,D:\Datasets\Alvaro\Floresta-3-20260714T215823Z-1-001\Floresta-3\valid\images\IJ_08_25_20_2560_0_png_jpg.rf.b74c65ac0ce479c973d2b2cfb0ed7554.jpg,0.9235295057296753
validation-test,validation,D:\Datasets\Alvaro\Floresta-3-20260714T215823Z-1-001\Floresta-3\test\images\IJ_08_25_55_2560_0_png_jpg.rf.cc8b82baeb947ecda2d6b4c085f55366.jpg,test,D:\Datasets\Alvaro\Floresta-3-20260714T215823Z-1-001\Floresta-3\valid\images\IJ_08_25_26_2560_0_png_jpg.rf.471d0daa224f56c6f7f94a48ed2d22e0.jpg,0.9450640678405762
validation-test,validation,D:\Datasets\Alvaro\Floresta-3-20260714T215823Z-1-001\Floresta-3\test\images\IJ_08_25_55_2560_0_png_jpg.rf.ddf8ebc42d2cdb5791d11dad06c594b5.jpg,test,D:\Datasets\Alvaro\Floresta-3-20260714T215823Z-1-001\Floresta-3\valid\images\IJ_08_25_27_2560_0_png_jpg.rf.7e7da94a26b51869b7ba0456623c147b.jpg,0.9439773559570312
validation-test,validation,D:\Datasets\Alvaro\Floresta-3-20260714T215823Z-1-001\Floresta-3\test\images\IJ_08_25_55_2560_880_png_jpg.rf.470deb2be3c48181dfda1c0074c1b13e.jpg,test,D:\Datasets\Alvaro\Floresta-3-20260714T215823Z-1-001\Floresta-3\valid\images\IJ_08_25_28_2560_880_png_jpg.rf.f85590e6dbe04ab4b22907479a536f71.jpg,0.9077367782592773
validation-test,validation,D:\Datasets\Alvaro\Floresta-3-20260714T215823Z-1-001\Floresta-3\test\images\IJ_08_25_56_0_0_png_jpg.rf.008d0e22fc3f59c022ccb3ce58fabbbd.jpg,test,D:\Datasets\Alvaro\Floresta-3-20260714T215823Z-1-001\Floresta-3\valid\images\IJ_08_25_20_0_0_png_jpg.rf.98ddfea3986fc897f09b0d90ee452239.jpg,0.9186590313911438
validation-test,validation,D:\Datasets\Alvaro\Floresta-3-20260714T215823Z-1-001\Floresta-3\test\images\IJ_08_25_56_0_0_png_jpg.rf.41cae8b27dc5ad5c3dd95b67ae2b39cb.jpg,test,D:\Datasets\Alvaro\Floresta-3-20260714T215823Z-1-001\Floresta-3\valid\images\IJ_08_25_22_0_0_png_jpg.rf.d9471994d0a94aff894e4a78ef84f0d9.jpg,0.9463465213775635
validation-test,validation,D:\Datasets\Alvaro\Floresta-3-20260714T215823Z-1-001\Floresta-3\test\images\IJ_08_25_56_0_0_png_jpg.rf.5eea420e12a02a54b87078073298fee8.jpg,test,D:\Datasets\Alvaro\Floresta-3-20260714T215823Z-1-001\Floresta-3\valid\images\IJ_08_25_19_0_0_png_jpg.rf.97bea0e4bd15653e4d53140b58833fbe.jpg,0.9409422874450684
validation-test,validation,D:\Datasets\Alvaro\Floresta-3-20260714T215823Z-1-001\Floresta-3\test\images\IJ_08_25_56_0_0_png_jpg.rf.653f96951b061f109be17049dab853e7.jpg,test,D:\Datasets\Alvaro\Floresta-3-20260714T215823Z-1-001\Floresta-3\valid\images\IJ_08_25_29_0_0_png_jpg.rf.21eb6dec22036ed00b48cce1637f171a.jpg,0.9462061524391174
validation-test,validation,D:\Datasets\Alvaro\Floresta-3-20260714T215823Z-1-001\Floresta-3\test\images\IJ_08_25_56_0_0_png_jpg.rf.c5c4fcb708bee83981e5bd41db5557d0.jpg,test,D:\Datasets\Alvaro\Floresta-3-20260714T215823Z-1-001\Floresta-3\valid\images\IJ_08_25_22_0_0_png_jpg.rf.bd9095901635836c26e3452453fbde45.jpg,0.9167686700820923
validation-test,validation,D:\Datasets\Alvaro\Floresta-3-20260714T215823Z-1-001\Floresta-3\test\images\IJ_08_25_56_2560_0_png_jpg.rf.44e072c5813492d861d79d5885557e6f.jpg,test,D:\Datasets\Alvaro\Floresta-3-20260714T215823Z-1-001\Floresta-3\valid\images\IJ_08_25_27_2560_0_png_jpg.rf.7e7da94a26b51869b7ba0456623c147b.jpg,0.9629911184310913
validation-test,validation,D:\Datasets\Alvaro\Floresta-3-20260714T215823Z-1-001\Floresta-3\test\images\IJ_08_25_56_2560_0_png_jpg.rf.a86e2ae20b54f3dd012f80ab5bbfa451.jpg,test,D:\Datasets\Alvaro\Floresta-3-20260714T215823Z-1-001\Floresta-3\valid\images\IJ_08_25_02_2560_0_png_jpg.rf.6b348e4097bfa6786e08740195efef0e.jpg,0.8980202674865723
validation-test,validation,D:\Datasets\Alvaro\Floresta-3-20260714T215823Z-1-001\Floresta-3\test\images\IJ_08_25_56_2560_880_png_jpg.rf.ca0d3b6e10ea3065404e26228c79fe28.jpg,test,D:\Datasets\Alvaro\Floresta-3-20260714T215823Z-1-001\Floresta-3\valid\images\IJ_08_25_28_2560_880_png_jpg.rf.f85590e6dbe04ab4b22907479a536f71.jpg,0.9011358022689819
validation-test,validation,D:\Datasets\Alvaro\Floresta-3-20260714T215823Z-1-001\Floresta-3\test\images\IJ_08_25_57_0_0_png_jpg.rf.65356ce80d55ee305c2fed8be76a372a.jpg,test,D:\Datasets\Alvaro\Floresta-3-20260714T215823Z-1-001\Floresta-3\valid\images\IJ_08_25_18_0_0_png_jpg.rf.1d0e6e9e3a7ad0c05126f8222364aef3.jpg,0.9277532696723938
validation-test,validation,D:\Datasets\Alvaro\Floresta-3-20260714T215823Z-1-001\Floresta-3\test\images\IJ_08_25_57_0_0_png_jpg.rf.91cfdd5f3a0bf9ff2fac17e080a02801.jpg,test,D:\Datasets\Alvaro\Floresta-3-20260714T215823Z-1-001\Floresta-3\valid\images\IJ_08_25_22_0_0_png_jpg.rf.7421f54971399c0e1fe2d27cf60f9f5d.jpg,0.8987549543380737
validation-test,validation,D:\Datasets\Alvaro\Floresta-3-20260714T215823Z-1-001\Floresta-3\test\images\IJ_08_25_57_0_0_png_jpg.rf.984681ec70821e1fbf9ef3e4c035df05.jpg,test,D:\Datasets\Alvaro\Floresta-3-20260714T215823Z-1-001\Floresta-3\valid\images\IJ_08_25_24_0_0_png_jpg.rf.1d804cafa370986382602a4551188e61.jpg,0.9139546155929565
validation-test,validation,D:\Datasets\Alvaro\Floresta-3-20260714T215823Z-1-001\Floresta-3\test\images\IJ_08_25_57_0_0_png_jpg.rf.bcd8fda4942ed096b3e34ca7ad9182cb.jpg,test,D:\Datasets\Alvaro\Floresta-3-20260714T215823Z-1-001\Floresta-3\valid\images\IJ_08_25_29_0_0_png_jpg.rf.21eb6dec22036ed00b48cce1637f171a.jpg,0.946994960308075
validation-test,validation,D:\Datasets\Alvaro\Floresta-3-20260714T215823Z-1-001\Floresta-3\test\images\IJ_08_25_57_2560_880_png_jpg.rf.3991e1cb36fba822f899cf3df0fa2d5b.jpg,test,D:\Datasets\Alvaro\Floresta-3-20260714T215823Z-1-001\Floresta-3\valid\images\IJ_08_25_25_2560_880_png_jpg.rf.e8820e3eeac9a52de171871e2c562af4.jpg,0.9052344560623169
validation-test,validation,D:\Datasets\Alvaro\Floresta-3-20260714T215823Z-1-001\Floresta-3\test\images\IJ_08_25_57_2560_880_png_jpg.rf.804bd9059bb897d98551f514a037b932.jpg,test,D:\Datasets\Alvaro\Floresta-3-20260714T215823Z-1-001\Floresta-3\valid\images\IJ_08_25_28_2560_880_png_jpg.rf.f85590e6dbe04ab4b22907479a536f71.jpg,0.8878889679908752
validation-test,validation,D:\Datasets\Alvaro\Floresta-3-20260714T215823Z-1-001\Floresta-3\test\images\IJ_08_25_57_2560_880_png_jpg.rf.a991ffef6bac10d48d91f2df2fbd284d.jpg,test,D:\Datasets\Alvaro\Floresta-3-20260714T215823Z-1-001\Floresta-3\valid\images\IJ_08_25_23_2560_880_png_jpg.rf.dce2768440cfc2a6cd6da0d414c1b55d.jpg,0.8915407657623291
validation-test,validation,D:\Datasets\Alvaro\Floresta-3-20260714T215823Z-1-001\Floresta-3\test\images\IJ_08_25_57_2560_880_png_jpg.rf.be9a46971149b5198cb28bf066d1ce9b.jpg,test,D:\Datasets\Alvaro\Floresta-3-20260714T215823Z-1-001\Floresta-3\valid\images\IJ_08_25_28_2560_880_png_jpg.rf.f85590e6dbe04ab4b22907479a536f71.jpg,0.9362685680389404
validation-test,validation,D:\Datasets\Alvaro\Floresta-3-20260714T215823Z-1-001\Floresta-3\test\images\IJ_08_25_57_2560_880_png_jpg.rf.f70da4872276d66993f9e9f2bbffdc9e.jpg,test,D:\Datasets\Alvaro\Floresta-3-20260714T215823Z-1-001\Floresta-3\valid\images\IJ_08_25_28_2560_880_png_jpg.rf.93782d3c991608446a429c304111484a.jpg,0.9077100157737732
validation-test,validation,D:\Datasets\Alvaro\Floresta-3-20260714T215823Z-1-001\Floresta-3\test\images\IJ_08_25_58_0_0_png_jpg.rf.c4484c97dace24c8e804c29c0b1f9afd.jpg,test,D:\Datasets\Alvaro\Floresta-3-20260714T215823Z-1-001\Floresta-3\valid\images\IJ_08_25_29_0_0_png_jpg.rf.21eb6dec22036ed00b48cce1637f171a.jpg,0.951532781124115
validation-test,validation,D:\Datasets\Alvaro\Floresta-3-20260714T215823Z-1-001\Floresta-3\test\images\IJ_08_25_58_0_0_png_jpg.rf.e6e64c03b0464bf3619966e2f1609034.jpg,test,D:\Datasets\Alvaro\Floresta-3-20260714T215823Z-1-001\Floresta-3\valid\images\IJ_08_25_23_0_0_png_jpg.rf.1a460754c73736639c7d4d1acdd95487.jpg,0.9348636269569397
validation-test,validation,D:\Datasets\Alvaro\Floresta-3-20260714T215823Z-1-001\Floresta-3\test\images\IJ_08_25_58_0_0_png_jpg.rf.ff73eb3ba111b1f3b2a5c7c155a3e7fb.jpg,test,D:\Datasets\Alvaro\Floresta-3-20260714T215823Z-1-001\Floresta-3\valid\images\IJ_08_25_22_0_0_png_jpg.rf.7421f54971399c0e1fe2d27cf60f9f5d.jpg,0.8961241245269775
validation-test,validation,D:\Datasets\Alvaro\Floresta-3-20260714T215823Z-1-001\Floresta-3\test\images\IJ_08_25_58_2560_0_png_jpg.rf.5c0a7756ba1c8a3477dbeae081e0e5e8.jpg,test,D:\Datasets\Alvaro\Floresta-3-20260714T215823Z-1-001\Floresta-3\valid\images\IJ_08_25_26_2560_0_png_jpg.rf.3403b863873aee4ae6aed4f2b9e06f1b.jpg,0.944625735282898
validation-test,validation,D:\Datasets\Alvaro\Floresta-3-20260714T215823Z-1-001\Floresta-3\test\images\IJ_08_25_58_2560_0_png_jpg.rf.b2f4aaa44d011fa503607989d30b5f43.jpg,test,D:\Datasets\Alvaro\Floresta-3-20260714T215823Z-1-001\Floresta-3\valid\images\IJ_08_25_27_2560_0_png_jpg.rf.33350cefc2203856896de6c21776e110.jpg,0.9452431201934814
validation-test,validation,D:\Datasets\Alvaro\Floresta-3-20260714T215823Z-1-001\Floresta-3\test\images\IJ_08_25_58_2560_0_png_jpg.rf.eb2e8ea84b423e79f2a72eed1b445e76.jpg,test,D:\Datasets\Alvaro\Floresta-3-20260714T215823Z-1-001\Floresta-3\valid\images\IJ_08_25_27_2560_0_png_jpg.rf.33350cefc2203856896de6c21776e110.jpg,0.957088828086853
validation-test,validation,D:\Datasets\Alvaro\Floresta-3-20260714T215823Z-1-001\Floresta-3\test\images\IJ_08_25_58_2560_880_png_jpg.rf.377d082c1be39559694b7cf56f3396c6.jpg,test,D:\Datasets\Alvaro\Floresta-3-20260714T215823Z-1-001\Floresta-3\valid\images\IJ_08_25_25_2560_880_png_jpg.rf.e8820e3eeac9a52de171871e2c562af4.jpg,0.9299789667129517
validation-test,validation,D:\Datasets\Alvaro\Floresta-3-20260714T215823Z-1-001\Floresta-3\test\images\IJ_08_25_58_2560_880_png_jpg.rf.67f667c34c5c06a99e09a90d1cd33a78.jpg,test,D:\Datasets\Alvaro\Floresta-3-20260714T215823Z-1-001\Floresta-3\valid\images\IJ_08_25_20_2560_880_png_jpg.rf.ea9a28331cb61c25365bb4e8f63609b4.jpg,0.8979157209396362
validation-test,validation,D:\Datasets\Alvaro\Floresta-3-20260714T215823Z-1-001\Floresta-3\test\images\IJ_08_25_59_0_0_png_jpg.rf.4a7b5ced17d309097af4028dea613b22.jpg,test,D:\Datasets\Alvaro\Floresta-3-20260714T215823Z-1-001\Floresta-3\valid\images\IJ_08_25_24_0_0_png_jpg.rf.1d804cafa370986382602a4551188e61.jpg,0.856581449508667
validation-test,validation,D:\Datasets\Alvaro\Floresta-3-20260714T215823Z-1-001\Floresta-3\test\images\IJ_08_25_59_0_0_png_jpg.rf.4f40e0282485049115e647488cf2ff0a.jpg,test,D:\Datasets\Alvaro\Floresta-3-20260714T215823Z-1-001\Floresta-3\valid\images\IJ_08_25_29_0_0_png_jpg.rf.21eb6dec22036ed00b48cce1637f171a.jpg,0.9427956938743591
validation-test,validation,D:\Datasets\Alvaro\Floresta-3-20260714T215823Z-1-001\Floresta-3\test\images\IJ_08_25_59_0_0_png_jpg.rf.a4c1b02acbcb2f4c44c95c41d0717552.jpg,test,D:\Datasets\Alvaro\Floresta-3-20260714T215823Z-1-001\Floresta-3\valid\images\IJ_08_25_29_0_0_png_jpg.rf.21eb6dec22036ed00b48cce1637f171a.jpg,0.9144572019577026
validation-test,validation,D:\Datasets\Alvaro\Floresta-3-20260714T215823Z-1-001\Floresta-3\test\images\IJ_08_25_59_0_0_png_jpg.rf.afb125f3aa20c1f50d93ecc2c9706275.jpg,test,D:\Datasets\Alvaro\Floresta-3-20260714T215823Z-1-001\Floresta-3\valid\images\IJ_08_25_18_0_0_png_jpg.rf.efef812bc77caccab61e9e1bbceca577.jpg,0.9513864517211914
validation-test,validation,D:\Datasets\Alvaro\Floresta-3-20260714T215823Z-1-001\Floresta-3\test\images\IJ_08_25_59_0_0_png_jpg.rf.fbed2bf7cac7ea6a7a7720aee24353e0.jpg,test,D:\Datasets\Alvaro\Floresta-3-20260714T215823Z-1-001\Floresta-3\valid\images\IJ_08_25_24_0_0_png_jpg.rf.1d804cafa370986382602a4551188e61.jpg,0.8832030892372131
validation-test,validation,D:\Datasets\Alvaro\Floresta-3-20260714T215823Z-1-001\Floresta-3\test\images\IJ_08_25_59_2560_0_png_jpg.rf.0c10bc745ef2d7de63ea69fb2718db87.jpg,test,D:\Datasets\Alvaro\Floresta-3-20260714T215823Z-1-001\Floresta-3\valid\images\IJ_08_25_24_2560_0_png_jpg.rf.f180dc961f36d60880200aeb901e1fe0.jpg,0.9274992942810059
validation-test,validation,D:\Datasets\Alvaro\Floresta-3-20260714T215823Z-1-001\Floresta-3\test\images\IJ_08_25_59_2560_0_png_jpg.rf.4108c004349891b3f11a6d9d9cf2186e.jpg,test,D:\Datasets\Alvaro\Floresta-3-20260714T215823Z-1-001\Floresta-3\valid\images\IJ_08_25_24_2560_0_png_jpg.rf.f180dc961f36d60880200aeb901e1fe0.jpg,0.9144172668457031
validation-test,validation,D:\Datasets\Alvaro\Floresta-3-20260714T215823Z-1-001\Floresta-3\test\images\IJ_08_25_59_2560_0_png_jpg.rf.4aca07ce0e7ad3ce325830d1214b5c9f.jpg,test,D:\Datasets\Alvaro\Floresta-3-20260714T215823Z-1-001\Floresta-3\valid\images\IJ_08_25_25_2560_0_png_jpg.rf.1cfb1c74a10fdbc1ec8bbca013f43bf5.jpg,0.9511706829071045
validation-test,validation,D:\Datasets\Alvaro\Floresta-3-20260714T215823Z-1-001\Floresta-3\test\images\IJ_08_25_59_2560_0_png_jpg.rf.c01c12f2961a857faa2758651f3a44d5.jpg,test,D:\Datasets\Alvaro\Floresta-3-20260714T215823Z-1-001\Floresta-3\valid\images\IJ_08_25_23_2560_0_png_jpg.rf.a2cabc0a1e3c9c6854d3d37d1acb95e2.jpg,0.9131837487220764
validation-test,validation,D:\Datasets\Alvaro\Floresta-3-20260714T215823Z-1-001\Floresta-3\test\images\IJ_08_25_59_2560_0_png_jpg.rf.c4b8aec85a1133230996d4fe8283fa27.jpg,test,D:\Datasets\Alvaro\Floresta-3-20260714T215823Z-1-001\Floresta-3\valid\images\IJ_08_25_26_2560_0_png_jpg.rf.1bb092f4f65a8dbe68641fe3c4482b88.jpg,0.9116554260253906
validation-test,validation,D:\Datasets\Alvaro\Floresta-3-20260714T215823Z-1-001\Floresta-3\test\images\IJ_08_25_59_2560_880_png_jpg.rf.0c539086fdd80d1a94c2fa7e9afc0d70.jpg,test,D:\Datasets\Alvaro\Floresta-3-20260714T215823Z-1-001\Floresta-3\valid\images\IJ_08_25_27_2560_880_png_jpg.rf.374ff6baf68eb02462521cdb55e0ec61.jpg,0.8955529928207397
validation-test,validation,D:\Datasets\Alvaro\Floresta-3-20260714T215823Z-1-001\Floresta-3\test\images\IJ_08_25_59_2560_880_png_jpg.rf.27f11cd69b96e812a388971e1fe7b96b.jpg,test,D:\Datasets\Alvaro\Floresta-3-20260714T215823Z-1-001\Floresta-3\valid\images\IJ_08_25_27_2560_880_png_jpg.rf.374ff6baf68eb02462521cdb55e0ec61.jpg,0.9169859290122986
validation-test,validation,D:\Datasets\Alvaro\Floresta-3-20260714T215823Z-1-001\Floresta-3\test\images\IJ_08_25_59_2560_880_png_jpg.rf.69268537378ab844cdb5ae9e1b33f9ff.jpg,test,D:\Datasets\Alvaro\Floresta-3-20260714T215823Z-1-001\Floresta-3\valid\images\IJ_08_25_27_2560_880_png_jpg.rf.374ff6baf68eb02462521cdb55e0ec61.jpg,0.9002344608306885
validation-test,validation,D:\Datasets\Alvaro\Floresta-3-20260714T215823Z-1-001\Floresta-3\test\images\IJ_08_25_59_2560_880_png_jpg.rf.d899beee4a0434e49c79a71f7083078a.jpg,test,D:\Datasets\Alvaro\Floresta-3-20260714T215823Z-1-001\Floresta-3\valid\images\IJ_08_25_27_2560_880_png_jpg.rf.374ff6baf68eb02462521cdb55e0ec61.jpg,0.909591794013977
validation-test,validation,D:\Datasets\Alvaro\Floresta-3-20260714T215823Z-1-001\Floresta-3\test\images\IJ_08_25_60_0_0_png_jpg.rf.23485dc19d40232edba5babd46c76623.jpg,test,D:\Datasets\Alvaro\Floresta-3-20260714T215823Z-1-001\Floresta-3\valid\images\IJ_08_25_24_0_0_png_jpg.rf.6dab2e15a2afd836b06d6329887a5c8d.jpg,0.8984017372131348
validation-test,validation,D:\Datasets\Alvaro\Floresta-3-20260714T215823Z-1-001\Floresta-3\test\images\IJ_08_25_60_0_0_png_jpg.rf.33a072c31ced87a8c25e25bf85379af9.jpg,test,D:\Datasets\Alvaro\Floresta-3-20260714T215823Z-1-001\Floresta-3\valid\images\IJ_08_25_27_0_0_png_jpg.rf.1bc6d9d840247a0062826d27afb9b5f0.jpg,0.9335726499557495
validation-test,validation,D:\Datasets\Alvaro\Floresta-3-20260714T215823Z-1-001\Floresta-3\test\images\IJ_08_25_60_2560_0_png_jpg.rf.bef6656ebefe12b74da8ff99a479f667.jpg,test,D:\Datasets\Alvaro\Floresta-3-20260714T215823Z-1-001\Floresta-3\valid\images\IJ_08_25_27_2560_0_png_jpg.rf.7e7da94a26b51869b7ba0456623c147b.jpg,0.9414736032485962
validation-test,validation,D:\Datasets\Alvaro\Floresta-3-20260714T215823Z-1-001\Floresta-3\test\images\IJ_08_25_60_2560_880_png_jpg.rf.41cb5ebe9a074589069b90700c961180.jpg,test,D:\Datasets\Alvaro\Floresta-3-20260714T215823Z-1-001\Floresta-3\valid\images\IJ_08_25_28_2560_880_png_jpg.rf.f85590e6dbe04ab4b22907479a536f71.jpg,0.9067710041999817
validation-test,validation,D:\Datasets\Alvaro\Floresta-3-20260714T215823Z-1-001\Floresta-3\test\images\IJ_08_25_61_0_0_png_jpg.rf.221dd86110c707d6bc900a9d90e89764.jpg,test,D:\Datasets\Alvaro\Floresta-3-20260714T215823Z-1-001\Floresta-3\valid\images\IJ_08_25_22_0_0_png_jpg.rf.7421f54971399c0e1fe2d27cf60f9f5d.jpg,0.9232196807861328
validation-test,validation,D:\Datasets\Alvaro\Floresta-3-20260714T215823Z-1-001\Floresta-3\test\images\IJ_08_25_61_0_0_png_jpg.rf.395681de25b063c0bb7651094a39370d.jpg,test,D:\Datasets\Alvaro\Floresta-3-20260714T215823Z-1-001\Floresta-3\valid\images\IJ_08_25_27_0_0_png_jpg.rf.1bc6d9d840247a0062826d27afb9b5f0.jpg,0.9407782554626465
validation-test,validation,D:\Datasets\Alvaro\Floresta-3-20260714T215823Z-1-001\Floresta-3\test\images\IJ_08_25_61_2560_880_png_jpg.rf.241f4277b518520d3a292fc5b63edf4a.jpg,test,D:\Datasets\Alvaro\Floresta-3-20260714T215823Z-1-001\Floresta-3\valid\images\IJ_08_25_21_2560_880_png_jpg.rf.435a1c17dd75d6405e584feff5b0945d.jpg,0.8920093774795532
validation-test,validation,D:\Datasets\Alvaro\Floresta-3-20260714T215823Z-1-001\Floresta-3\test\images\IJ_08_25_61_2560_880_png_jpg.rf.766289c5fabb09a70309a1c9e1c235dc.jpg,test,D:\Datasets\Alvaro\Floresta-3-20260714T215823Z-1-001\Floresta-3\valid\images\IJ_08_25_25_2560_880_png_jpg.rf.e8820e3eeac9a52de171871e2c562af4.jpg,0.9206121563911438
validation-test,validation,D:\Datasets\Alvaro\Floresta-3-20260714T215823Z-1-001\Floresta-3\test\images\IJ_08_25_61_2560_880_png_jpg.rf.c772cccd7d26180801ff76f1e9b4e714.jpg,test,D:\Datasets\Alvaro\Floresta-3-20260714T215823Z-1-001\Floresta-3\valid\images\IJ_08_25_28_2560_880_png_jpg.rf.f85590e6dbe04ab4b22907479a536f71.jpg,0.9271841049194336
validation-test,validation,D:\Datasets\Alvaro\Floresta-3-20260714T215823Z-1-001\Floresta-3\test\images\IJ_08_25_61_2560_880_png_jpg.rf.d151a59068d7432dcb4a0d7fc9ca9b7a.jpg,test,D:\Datasets\Alvaro\Floresta-3-20260714T215823Z-1-001\Floresta-3\valid\images\IJ_08_25_27_2560_880_png_jpg.rf.374ff6baf68eb02462521cdb55e0ec61.jpg,0.9045103788375854
validation-test,validation,D:\Datasets\Alvaro\Floresta-3-20260714T215823Z-1-001\Floresta-3\test\images\IJ_08_25_62_0_0_png_jpg.rf.4385070a5c59791db81fb4d6e5e6711d.jpg,test,D:\Datasets\Alvaro\Floresta-3-20260714T215823Z-1-001\Floresta-3\valid\images\IJ_08_25_24_0_0_png_jpg.rf.1d804cafa370986382602a4551188e61.jpg,0.8867923617362976
validation-test,validation,D:\Datasets\Alvaro\Floresta-3-20260714T215823Z-1-001\Floresta-3\test\images\IJ_08_25_62_0_0_png_jpg.rf.4f65ed6d1f17dab4703104b9f257d6e0.jpg,test,D:\Datasets\Alvaro\Floresta-3-20260714T215823Z-1-001\Floresta-3\valid\images\IJ_08_25_24_0_0_png_jpg.rf.1d804cafa370986382602a4551188e61.jpg,0.8499560356140137
validation-test,validation,D:\Datasets\Alvaro\Floresta-3-20260714T215823Z-1-001\Floresta-3\test\images\IJ_08_25_62_0_0_png_jpg.rf.7106af82cd2917cb3bd62189a581fb15.jpg,test,D:\Datasets\Alvaro\Floresta-3-20260714T215823Z-1-001\Floresta-3\valid\images\IJ_08_25_24_0_0_png_jpg.rf.e7e636b61553c082073954361d7fe39f.jpg,0.9063496589660645
validation-test,validation,D:\Datasets\Alvaro\Floresta-3-20260714T215823Z-1-001\Floresta-3\test\images\IJ_08_25_62_0_0_png_jpg.rf.7fa71865aefaf58f5c03c31d13153548.jpg,test,D:\Datasets\Alvaro\Floresta-3-20260714T215823Z-1-001\Floresta-3\valid\images\IJ_08_25_26_0_0_png_jpg.rf.d29509f7347d5839a46f024e6454dc7a.jpg,0.9296783804893494
validation-test,validation,D:\Datasets\Alvaro\Floresta-3-20260714T215823Z-1-001\Floresta-3\test\images\IJ_08_25_62_0_0_png_jpg.rf.a2929eaf445c33d5ac3fbd96c3c0a6a4.jpg,test,D:\Datasets\Alvaro\Floresta-3-20260714T215823Z-1-001\Floresta-3\valid\images\IJ_08_25_24_0_0_png_jpg.rf.1d804cafa370986382602a4551188e61.jpg,0.9088078141212463
validation-test,validation,D:\Datasets\Alvaro\Floresta-3-20260714T215823Z-1-001\Floresta-3\test\images\IJ_08_25_62_0_0_png_jpg.rf.ed2c06fbedf74008b0696e570500ea77.jpg,test,D:\Datasets\Alvaro\Floresta-3-20260714T215823Z-1-001\Floresta-3\valid\images\IJ_08_25_23_0_0_png_jpg.rf.a6a1d53df5fba5b509c050867976deb7.jpg,0.9009138345718384
validation-test,validation,D:\Datasets\Alvaro\Floresta-3-20260714T215823Z-1-001\Floresta-3\test\images\IJ_08_25_62_2560_0_png_jpg.rf.0402205079d4bb4c3ce56c8ecce1c8be.jpg,test,D:\Datasets\Alvaro\Floresta-3-20260714T215823Z-1-001\Floresta-3\valid\images\IJ_08_25_26_2560_0_png_jpg.rf.7c75aaa86bcff28aad03c9b294989b72.jpg,0.9338598251342773
validation-test,validation,D:\Datasets\Alvaro\Floresta-3-20260714T215823Z-1-001\Floresta-3\test\images\IJ_08_25_62_2560_0_png_jpg.rf.395448995bc217ea9130570bc6c94992.jpg,test,D:\Datasets\Alvaro\Floresta-3-20260714T215823Z-1-001\Floresta-3\valid\images\IJ_08_25_23_2560_0_png_jpg.rf.49a35a6511d5c2037f7cc1e3b2ab56d7.jpg,0.9204872846603394
validation-test,validation,D:\Datasets\Alvaro\Floresta-3-20260714T215823Z-1-001\Floresta-3\test\images\IJ_08_25_62_2560_0_png_jpg.rf.5fd13e36de9e2a8c0010d754ba05255b.jpg,test,D:\Datasets\Alvaro\Floresta-3-20260714T215823Z-1-001\Floresta-3\valid\images\IJ_08_25_27_2560_0_png_jpg.rf.7e7da94a26b51869b7ba0456623c147b.jpg,0.9478241205215454
validation-test,validation,D:\Datasets\Alvaro\Floresta-3-20260714T215823Z-1-001\Floresta-3\test\images\IJ_08_25_62_2560_0_png_jpg.rf.a1c74a44fd7a1c5ce261812d86c4b6e1.jpg,test,D:\Datasets\Alvaro\Floresta-3-20260714T215823Z-1-001\Floresta-3\valid\images\IJ_08_25_25_2560_0_png_jpg.rf.1cfb1c74a10fdbc1ec8bbca013f43bf5.jpg,0.9536972641944885
validation-test,validation,D:\Datasets\Alvaro\Floresta-3-20260714T215823Z-1-001\Floresta-3\test\images\IJ_08_25_62_2560_0_png_jpg.rf.f0c2a6fa19e2a8d94edf2d0b507511c4.jpg,test,D:\Datasets\Alvaro\Floresta-3-20260714T215823Z-1-001\Floresta-3\valid\images\IJ_08_25_27_2560_0_png_jpg.rf.33350cefc2203856896de6c21776e110.jpg,0.9419313669204712
validation-test,validation,D:\Datasets\Alvaro\Floresta-3-20260714T215823Z-1-001\Floresta-3\test\images\IJ_08_25_62_2560_880_png_jpg.rf.73e1a401b62a77c24143ea5ba9d404d6.jpg,test,D:\Datasets\Alvaro\Floresta-3-20260714T215823Z-1-001\Floresta-3\valid\images\IJ_08_25_23_2560_880_png_jpg.rf.003b540b4ff368d6fdabe775d5089fe5.jpg,0.8933428525924683
validation-test,validation,D:\Datasets\Alvaro\Floresta-3-20260714T215823Z-1-001\Floresta-3\test\images\IJ_08_25_62_2560_880_png_jpg.rf.8c56556941b1f82f4fa169e75e01a552.jpg,test,D:\Datasets\Alvaro\Floresta-3-20260714T215823Z-1-001\Floresta-3\valid\images\IJ_08_25_28_2560_880_png_jpg.rf.f85590e6dbe04ab4b22907479a536f71.jpg,0.9114381074905396
validation-test,validation,D:\Datasets\Alvaro\Floresta-3-20260714T215823Z-1-001\Floresta-3\test\images\IJ_08_25_62_2560_880_png_jpg.rf.8f01c864001dfd3614094a1d5b1b2895.jpg,test,D:\Datasets\Alvaro\Floresta-3-20260714T215823Z-1-001\Floresta-3\valid\images\IJ_08_25_23_2560_880_png_jpg.rf.003b540b4ff368d6fdabe775d5089fe5.jpg,0.8951101303100586
validation-test,validation,D:\Datasets\Alvaro\Floresta-3-20260714T215823Z-1-001\Floresta-3\test\images\IJ_08_25_62_2560_880_png_jpg.rf.ad8b32c20b3f308af997196aca2d237e.jpg,test,D:\Datasets\Alvaro\Floresta-3-20260714T215823Z-1-001\Floresta-3\valid\images\IJ_08_25_27_2560_880_png_jpg.rf.374ff6baf68eb02462521cdb55e0ec61.jpg,0.9049215316772461
validation-test,validation,D:\Datasets\Alvaro\Floresta-3-20260714T215823Z-1-001\Floresta-3\test\images\IJ_08_25_62_2560_880_png_jpg.rf.c23ab4ea20929afed429820e15065c7c.jpg,test,D:\Datasets\Alvaro\Floresta-3-20260714T215823Z-1-001\Floresta-3\valid\images\IJ_08_25_20_2560_880_png_jpg.rf.297f1db3a9d87591e2dda4fde3da2841.jpg,0.9158293008804321
validation-test,validation,D:\Datasets\Alvaro\Floresta-3-20260714T215823Z-1-001\Floresta-3\test\images\ik_4_00001_png_jpg.rf.4037c453b0fe65e174f2b586966d516d.jpg,test,D:\Datasets\Alvaro\Floresta-3-20260714T215823Z-1-001\Floresta-3\valid\images\evo4204_jpg.rf.45c6539ed2fbfafe00e2d9afcc169f5e.jpg,0.8775306940078735
validation-test,validation,D:\Datasets\Alvaro\Floresta-3-20260714T215823Z-1-001\Floresta-3\test\images\ik_4_00001_png_jpg.rf.818f05e7bceb0adbeaa3a735f5927d38.jpg,test,D:\Datasets\Alvaro\Floresta-3-20260714T215823Z-1-001\Floresta-3\valid\images\evo4204_jpg.rf.45c6539ed2fbfafe00e2d9afcc169f5e.jpg,0.8489038944244385
validation-test,validation,D:\Datasets\Alvaro\Floresta-3-20260714T215823Z-1-001\Floresta-3\test\images\ik_4_00001_png_jpg.rf.e9b1c60e1dcf085c6e66c52c52e2672b.jpg,test,D:\Datasets\Alvaro\Floresta-3-20260714T215823Z-1-001\Floresta-3\valid\images\evo422_jpg.rf.30e56bf9b07a2d225373b8a8a744f007.jpg,0.8773216009140015
validation-test,validation,D:\Datasets\Alvaro\Floresta-3-20260714T215823Z-1-001\Floresta-3\test\images\ik_4_00201_png_jpg.rf.3a1491b5127d44a477b0708c33aa14bf.jpg,test,D:\Datasets\Alvaro\Floresta-3-20260714T215823Z-1-001\Floresta-3\valid\images\evo422_jpg.rf.30e56bf9b07a2d225373b8a8a744f007.jpg,0.9049878120422363
validation-test,validation,D:\Datasets\Alvaro\Floresta-3-20260714T215823Z-1-001\Floresta-3\test\images\ik_4_00201_png_jpg.rf.45c9f231a20c9a5980430b07e35c8a58.jpg,test,D:\Datasets\Alvaro\Floresta-3-20260714T215823Z-1-001\Floresta-3\valid\images\evo4201_jpg.rf.e8cd4a63ca140b5afcae33b9b1f302fa.jpg,0.8689749240875244
validation-test,validation,D:\Datasets\Alvaro\Floresta-3-20260714T215823Z-1-001\Floresta-3\test\images\ik_4_00201_png_jpg.rf.a72a652bffc138e047b7a8acd3ba33b6.jpg,test,D:\Datasets\Alvaro\Floresta-3-20260714T215823Z-1-001\Floresta-3\valid\images\evo422_jpg.rf.30e56bf9b07a2d225373b8a8a744f007.jpg,0.9117220640182495
validation-test,validation,D:\Datasets\Alvaro\Floresta-3-20260714T215823Z-1-001\Floresta-3\test\images\ik_4_00201_png_jpg.rf.c57725482497772e6d0ebaa6353a770b.jpg,test,D:\Datasets\Alvaro\Floresta-3-20260714T215823Z-1-001\Floresta-3\valid\images\evo422_jpg.rf.30e56bf9b07a2d225373b8a8a744f007.jpg,0.9012482166290283
validation-test,validation,D:\Datasets\Alvaro\Floresta-3-20260714T215823Z-1-001\Floresta-3\test\images\ik_4_00251_png_jpg.rf.e12b82329207cfb42ab9eb7319354b5f.jpg,test,D:\Datasets\Alvaro\Floresta-3-20260714T215823Z-1-001\Floresta-3\valid\images\evo422_jpg.rf.30e56bf9b07a2d225373b8a8a744f007.jpg,0.8695015907287598
validation-test,validation,D:\Datasets\Alvaro\Floresta-3-20260714T215823Z-1-001\Floresta-3\test\images\ik_4_00301_png_jpg.rf.b19594460f2540d91ff156e273db3beb.jpg,test,D:\Datasets\Alvaro\Floresta-3-20260714T215823Z-1-001\Floresta-3\valid\images\evo422_jpg.rf.30e56bf9b07a2d225373b8a8a744f007.jpg,0.8310434818267822
validation-test,validation,D:\Datasets\Alvaro\Floresta-3-20260714T215823Z-1-001\Floresta-3\test\images\ik_4_00301_png_jpg.rf.e7c05b4d640c00eb988e324d03aeb435.jpg,test,D:\Datasets\Alvaro\Floresta-3-20260714T215823Z-1-001\Floresta-3\valid\images\evo422_jpg.rf.30e56bf9b07a2d225373b8a8a744f007.jpg,0.8277899622917175
validation-test,validation,D:\Datasets\Alvaro\Floresta-3-20260714T215823Z-1-001\Floresta-3\test\images\ik_4_00451_png_jpg.rf.2cf68f45f57b0fdbf719262059b29bd5.jpg,test,D:\Datasets\Alvaro\Floresta-3-20260714T215823Z-1-001\Floresta-3\valid\images\evo75_jpg.rf.e64134a88a0fe2e1ff003de634ed03da.jpg,0.832007646560669
validation-test,validation,D:\Datasets\Alvaro\Floresta-3-20260714T215823Z-1-001\Floresta-3\test\images\ik_4_00451_png_jpg.rf.76db3098253738ab3ea82a54bd5bed59.jpg,test,D:\Datasets\Alvaro\Floresta-3-20260714T215823Z-1-001\Floresta-3\valid\images\evo75_jpg.rf.e64134a88a0fe2e1ff003de634ed03da.jpg,0.8140672445297241
validation-test,validation,D:\Datasets\Alvaro\Floresta-3-20260714T215823Z-1-001\Floresta-3\test\images\ik_4_00501_png_jpg.rf.2e42b8dab3fd358bb9d3f8bac7e0894e.jpg,test,D:\Datasets\Alvaro\Floresta-3-20260714T215823Z-1-001\Floresta-3\valid\images\evo75_jpg.rf.db0bf4867ac40dbfbd6ffb04e2730518.jpg,0.8653539419174194
validation-test,validation,D:\Datasets\Alvaro\Floresta-3-20260714T215823Z-1-001\Floresta-3\test\images\ik_4_00551_png_jpg.rf.05a469fed3b4ede90bc9bb8498bf5d9d.jpg,test,D:\Datasets\Alvaro\Floresta-3-20260714T215823Z-1-001\Floresta-3\valid\images\2aml321_jpg.rf.faef715d0f0b50350f9863bd69f08226.jpg,0.795944333076477
validation-test,validation,D:\Datasets\Alvaro\Floresta-3-20260714T215823Z-1-001\Floresta-3\test\images\ik_4_00551_png_jpg.rf.1b064b3fba8c1cf0e0354b7ea9f499b0.jpg,test,D:\Datasets\Alvaro\Floresta-3-20260714T215823Z-1-001\Floresta-3\valid\images\2aml313_jpg.rf.fd7dff30a913d58027c317faeb04ec54.jpg,0.8002510070800781
validation-test,validation,D:\Datasets\Alvaro\Floresta-3-20260714T215823Z-1-001\Floresta-3\test\images\ik_4_00551_png_jpg.rf.2260c622fa63e4d2de56db014b08bd19.jpg,test,D:\Datasets\Alvaro\Floresta-3-20260714T215823Z-1-001\Floresta-3\valid\images\2aml313_jpg.rf.fd7dff30a913d58027c317faeb04ec54.jpg,0.776982307434082
validation-test,validation,D:\Datasets\Alvaro\Floresta-3-20260714T215823Z-1-001\Floresta-3\test\images\ik_4_00551_png_jpg.rf.5766de13f479ed6a6f06d718802154a4.jpg,test,D:\Datasets\Alvaro\Floresta-3-20260714T215823Z-1-001\Floresta-3\valid\images\evo4260_jpg.rf.c101b3c456bc7d1f64b1f4289f12748c.jpg,0.8282700777053833
validation-test,validation,D:\Datasets\Alvaro\Floresta-3-20260714T215823Z-1-001\Floresta-3\test\images\ik_4_00551_png_jpg.rf.819d185a7a2f8768d457d525885362f0.jpg,test,D:\Datasets\Alvaro\Floresta-3-20260714T215823Z-1-001\Floresta-3\valid\images\2aml313_jpg.rf.fd7dff30a913d58027c317faeb04ec54.jpg,0.786169171333313
validation-test,validation,D:\Datasets\Alvaro\Floresta-3-20260714T215823Z-1-001\Floresta-3\test\images\ik_4_00551_png_jpg.rf.91a216ddea39604b4ae4f65193197b89.jpg,test,D:\Datasets\Alvaro\Floresta-3-20260714T215823Z-1-001\Floresta-3\valid\images\2aml313_jpg.rf.fd7dff30a913d58027c317faeb04ec54.jpg,0.8111545443534851
validation-test,validation,D:\Datasets\Alvaro\Floresta-3-20260714T215823Z-1-001\Floresta-3\test\images\ik_4_00551_png_jpg.rf.a7040ed31eec191f2721990e3ba7d3bc.jpg,test,D:\Datasets\Alvaro\Floresta-3-20260714T215823Z-1-001\Floresta-3\valid\images\evo75_jpg.rf.db0bf4867ac40dbfbd6ffb04e2730518.jpg,0.8358768224716187
validation-test,validation,D:\Datasets\Alvaro\Floresta-3-20260714T215823Z-1-001\Floresta-3\test\images\ik_4_00601_png_jpg.rf.5d9ae2a0eb09207259a48199669a1b39.jpg,test,D:\Datasets\Alvaro\Floresta-3-20260714T215823Z-1-001\Floresta-3\valid\images\evo4204_jpg.rf.45c6539ed2fbfafe00e2d9afcc169f5e.jpg,0.8211979269981384
validation-test,validation,D:\Datasets\Alvaro\Floresta-3-20260714T215823Z-1-001\Floresta-3\test\images\ik_4_00601_png_jpg.rf.842559622d4732de638016e182ce6cb4.jpg,test,D:\Datasets\Alvaro\Floresta-3-20260714T215823Z-1-001\Floresta-3\valid\images\alina149_jpg.rf.71f4d9430cff87a69a437e19ff623fbb.jpg,0.8324497938156128
validation-test,validation,D:\Datasets\Alvaro\Floresta-3-20260714T215823Z-1-001\Floresta-3\test\images\ik_4_00651_png_jpg.rf.07ce1ad242ede67a584157cfe3cdcdb8.jpg,test,D:\Datasets\Alvaro\Floresta-3-20260714T215823Z-1-001\Floresta-3\valid\images\evo4208_jpg.rf.cea8bce260d59e5d7078a7541988d905.jpg,0.8185614347457886
validation-test,validation,D:\Datasets\Alvaro\Floresta-3-20260714T215823Z-1-001\Floresta-3\test\images\ik_4_00651_png_jpg.rf.22406ed5aafcf76f029aeebca9987db4.jpg,test,D:\Datasets\Alvaro\Floresta-3-20260714T215823Z-1-001\Floresta-3\valid\images\evo4260_jpg.rf.32631121bd28e150a2d97cad9869412c.jpg,0.8159399032592773
validation-test,validation,D:\Datasets\Alvaro\Floresta-3-20260714T215823Z-1-001\Floresta-3\test\images\ik_4_00651_png_jpg.rf.685f8e43e54993e57ee4bd211e9904cf.jpg,test,D:\Datasets\Alvaro\Floresta-3-20260714T215823Z-1-001\Floresta-3\valid\images\2aml313_jpg.rf.fd7dff30a913d58027c317faeb04ec54.jpg,0.8045885562896729
validation-test,validation,D:\Datasets\Alvaro\Floresta-3-20260714T215823Z-1-001\Floresta-3\test\images\ik_4_00651_png_jpg.rf.7829a8e2ae643ed303278422e4e00277.jpg,test,D:\Datasets\Alvaro\Floresta-3-20260714T215823Z-1-001\Floresta-3\valid\images\2aml313_jpg.rf.fd7dff30a913d58027c317faeb04ec54.jpg,0.797784149646759
validation-test,validation,D:\Datasets\Alvaro\Floresta-3-20260714T215823Z-1-001\Floresta-3\test\images\ik_4_00651_png_jpg.rf.9232daf3e118542f314951301962014a.jpg,test,D:\Datasets\Alvaro\Floresta-3-20260714T215823Z-1-001\Floresta-3\valid\images\2aml321_jpg.rf.faef715d0f0b50350f9863bd69f08226.jpg,0.8198627829551697
validation-test,validation,D:\Datasets\Alvaro\Floresta-3-20260714T215823Z-1-001\Floresta-3\test\images\ik_4_00651_png_jpg.rf.ab06238bf78e7b1876cfec8a6265d8af.jpg,test,D:\Datasets\Alvaro\Floresta-3-20260714T215823Z-1-001\Floresta-3\valid\images\evo4260_jpg.rf.32631121bd28e150a2d97cad9869412c.jpg,0.8227381110191345
validation-test,validation,D:\Datasets\Alvaro\Floresta-3-20260714T215823Z-1-001\Floresta-3\test\images\ik_4_00651_png_jpg.rf.efd7ed7f867b2806c1779a845cb12dff.jpg,test,D:\Datasets\Alvaro\Floresta-3-20260714T215823Z-1-001\Floresta-3\valid\images\evo4260_jpg.rf.32631121bd28e150a2d97cad9869412c.jpg,0.858805775642395
validation-test,validation,D:\Datasets\Alvaro\Floresta-3-20260714T215823Z-1-001\Floresta-3\test\images\ik_4_00701_png_jpg.rf.25dff7e627ecfd9e36dd0af998bd8c65.jpg,test,D:\Datasets\Alvaro\Floresta-3-20260714T215823Z-1-001\Floresta-3\valid\images\alina149_jpg.rf.71f4d9430cff87a69a437e19ff623fbb.jpg,0.7966665029525757
validation-test,validation,D:\Datasets\Alvaro\Floresta-3-20260714T215823Z-1-001\Floresta-3\test\images\ik_4_00701_png_jpg.rf.2f81c8f9f9bfd42f9c2199ced10fd4a1.jpg,test,D:\Datasets\Alvaro\Floresta-3-20260714T215823Z-1-001\Floresta-3\valid\images\evo4260_jpg.rf.32631121bd28e150a2d97cad9869412c.jpg,0.8340789079666138
validation-test,validation,D:\Datasets\Alvaro\Floresta-3-20260714T215823Z-1-001\Floresta-3\test\images\ik_4_00701_png_jpg.rf.4fbba23ecd77c62bff9d15768450a914.jpg,test,D:\Datasets\Alvaro\Floresta-3-20260714T215823Z-1-001\Floresta-3\valid\images\2aml321_jpg.rf.90c57d6b851beb0b9398ecfd73a056a8.jpg,0.8047913312911987
validation-test,validation,D:\Datasets\Alvaro\Floresta-3-20260714T215823Z-1-001\Floresta-3\test\images\ik_4_00701_png_jpg.rf.5f7f245ffc74446974c0b0148da0f490.jpg,test,D:\Datasets\Alvaro\Floresta-3-20260714T215823Z-1-001\Floresta-3\valid\images\evo4264_jpg.rf.bb0a4c07b927a7256733bddea4ef3cf3.jpg,0.8141652941703796
validation-test,validation,D:\Datasets\Alvaro\Floresta-3-20260714T215823Z-1-001\Floresta-3\test\images\ik_4_00701_png_jpg.rf.686e289c173a1a9fe5201b958cc78ddc.jpg,test,D:\Datasets\Alvaro\Floresta-3-20260714T215823Z-1-001\Floresta-3\valid\images\alina149_jpg.rf.71f4d9430cff87a69a437e19ff623fbb.jpg,0.7965285778045654
validation-test,validation,D:\Datasets\Alvaro\Floresta-3-20260714T215823Z-1-001\Floresta-3\test\images\ik_4_00701_png_jpg.rf.b045fc7562320b63e9cf2854570295a1.jpg,test,D:\Datasets\Alvaro\Floresta-3-20260714T215823Z-1-001\Floresta-3\valid\images\alina149_jpg.rf.71f4d9430cff87a69a437e19ff623fbb.jpg,0.7934926748275757
validation-test,validation,D:\Datasets\Alvaro\Floresta-3-20260714T215823Z-1-001\Floresta-3\test\images\ik_4_00701_png_jpg.rf.de12f974c598586b38e3ac2798e7ca7d.jpg,test,D:\Datasets\Alvaro\Floresta-3-20260714T215823Z-1-001\Floresta-3\valid\images\2aml321_jpg.rf.faef715d0f0b50350f9863bd69f08226.jpg,0.8082318305969238
validation-test,validation,D:\Datasets\Alvaro\Floresta-3-20260714T215823Z-1-001\Floresta-3\test\images\ik_4_00751_png_jpg.rf.74a4369d686319696b3ab9f76b5d644f.jpg,test,D:\Datasets\Alvaro\Floresta-3-20260714T215823Z-1-001\Floresta-3\valid\images\evo75_jpg.rf.e64134a88a0fe2e1ff003de634ed03da.jpg,0.8175225257873535
validation-test,validation,D:\Datasets\Alvaro\Floresta-3-20260714T215823Z-1-001\Floresta-3\test\images\ik_4_00751_png_jpg.rf.92e814914cbdbc0b2ead435a03729a60.jpg,test,D:\Datasets\Alvaro\Floresta-3-20260714T215823Z-1-001\Floresta-3\valid\images\evo4208_jpg.rf.cea8bce260d59e5d7078a7541988d905.jpg,0.7731477618217468
validation-test,validation,D:\Datasets\Alvaro\Floresta-3-20260714T215823Z-1-001\Floresta-3\test\images\ik_4_00751_png_jpg.rf.b974d6fc9d5d44769dc40fe52f52e5d9.jpg,test,D:\Datasets\Alvaro\Floresta-3-20260714T215823Z-1-001\Floresta-3\valid\images\evo75_jpg.rf.e64134a88a0fe2e1ff003de634ed03da.jpg,0.8161405324935913
validation-test,validation,D:\Datasets\Alvaro\Floresta-3-20260714T215823Z-1-001\Floresta-3\test\images\ik_4_00751_png_jpg.rf.d7cb5d94d2a8b97a365fad58bba93ac8.jpg,test,D:\Datasets\Alvaro\Floresta-3-20260714T215823Z-1-001\Floresta-3\valid\images\evo4256_jpg.rf.a7b1e529debe548046f5ffaa80bf1d81.jpg,0.7955706119537354
validation-test,validation,D:\Datasets\Alvaro\Floresta-3-20260714T215823Z-1-001\Floresta-3\test\images\ik_4_00801_png_jpg.rf.095fccf1de1fcc4febdd308383cccf7f.jpg,test,D:\Datasets\Alvaro\Floresta-3-20260714T215823Z-1-001\Floresta-3\valid\images\evo4260_jpg.rf.32631121bd28e150a2d97cad9869412c.jpg,0.835207462310791
validation-test,validation,D:\Datasets\Alvaro\Floresta-3-20260714T215823Z-1-001\Floresta-3\test\images\ik_4_00801_png_jpg.rf.353ac505b62c976f34a7dc197f1e9829.jpg,test,D:\Datasets\Alvaro\Floresta-3-20260714T215823Z-1-001\Floresta-3\valid\images\alina149_jpg.rf.71f4d9430cff87a69a437e19ff623fbb.jpg,0.811614990234375
validation-test,validation,D:\Datasets\Alvaro\Floresta-3-20260714T215823Z-1-001\Floresta-3\test\images\ik_4_00801_png_jpg.rf.c053615166f39f8a999160bc41f0cd9d.jpg,test,D:\Datasets\Alvaro\Floresta-3-20260714T215823Z-1-001\Floresta-3\valid\images\evo4260_jpg.rf.32631121bd28e150a2d97cad9869412c.jpg,0.8206838369369507
validation-test,validation,D:\Datasets\Alvaro\Floresta-3-20260714T215823Z-1-001\Floresta-3\test\images\ik_4_00851_png_jpg.rf.49ebe15194c52aba27e14eae309fa3f5.jpg,test,D:\Datasets\Alvaro\Floresta-3-20260714T215823Z-1-001\Floresta-3\valid\images\evo4204_jpg.rf.45c6539ed2fbfafe00e2d9afcc169f5e.jpg,0.8033223152160645
validation-test,validation,D:\Datasets\Alvaro\Floresta-3-20260714T215823Z-1-001\Floresta-3\test\images\ik_4_00851_png_jpg.rf.5f8072caa951938578e3cc176f547098.jpg,test,D:\Datasets\Alvaro\Floresta-3-20260714T215823Z-1-001\Floresta-3\valid\images\alina149_jpg.rf.71f4d9430cff87a69a437e19ff623fbb.jpg,0.8014687895774841
validation-test,validation,D:\Datasets\Alvaro\Floresta-3-20260714T215823Z-1-001\Floresta-3\test\images\ik_4_00851_png_jpg.rf.96fa318a6ca840af1965ff1a9362e09a.jpg,test,D:\Datasets\Alvaro\Floresta-3-20260714T215823Z-1-001\Floresta-3\valid\images\evo4264_jpg.rf.bb0a4c07b927a7256733bddea4ef3cf3.jpg,0.7815831303596497
validation-test,validation,D:\Datasets\Alvaro\Floresta-3-20260714T215823Z-1-001\Floresta-3\test\images\ik_4_00851_png_jpg.rf.d39e7b782be10c8a5f93233b245bbc10.jpg,test,D:\Datasets\Alvaro\Floresta-3-20260714T215823Z-1-001\Floresta-3\valid\images\alina149_jpg.rf.71f4d9430cff87a69a437e19ff623fbb.jpg,0.8055502772331238
validation-test,validation,D:\Datasets\Alvaro\Floresta-3-20260714T215823Z-1-001\Floresta-3\test\images\ik_4_00901_png_jpg.rf.f7012f1b995029d99f9f22c127d5d534.jpg,test,D:\Datasets\Alvaro\Floresta-3-20260714T215823Z-1-001\Floresta-3\valid\images\alina124_jpg.rf.e72b28204780362e6c5bb2e57e6a19e8.jpg,0.8239933848381042
validation-test,validation,D:\Datasets\Alvaro\Floresta-3-20260714T215823Z-1-001\Floresta-3\test\images\ik_4_01001_png_jpg.rf.05b2f5b9ee784e80681c1b13edaffbd5.jpg,test,D:\Datasets\Alvaro\Floresta-3-20260714T215823Z-1-001\Floresta-3\valid\images\evo4260_jpg.rf.32631121bd28e150a2d97cad9869412c.jpg,0.7810910940170288
validation-test,validation,D:\Datasets\Alvaro\Floresta-3-20260714T215823Z-1-001\Floresta-3\test\images\ik_4_01001_png_jpg.rf.0decec1f0a743b457bd3eae78d2a9198.jpg,test,D:\Datasets\Alvaro\Floresta-3-20260714T215823Z-1-001\Floresta-3\valid\images\2aml313_jpg.rf.fd7dff30a913d58027c317faeb04ec54.jpg,0.7944304347038269
validation-test,validation,D:\Datasets\Alvaro\Floresta-3-20260714T215823Z-1-001\Floresta-3\test\images\ik_4_01001_png_jpg.rf.522a6723cfb1d1c16272d73c0f3de3c5.jpg,test,D:\Datasets\Alvaro\Floresta-3-20260714T215823Z-1-001\Floresta-3\valid\images\evo4256_jpg.rf.22a984e9087f9e533f2c1013398bb12c.jpg,0.8039021492004395
validation-test,validation,D:\Datasets\Alvaro\Floresta-3-20260714T215823Z-1-001\Floresta-3\test\images\ik_4_01001_png_jpg.rf.c328ab3fd6452df04c1deffdfc645d7f.jpg,test,D:\Datasets\Alvaro\Floresta-3-20260714T215823Z-1-001\Floresta-3\valid\images\evo4204_jpg.rf.45c6539ed2fbfafe00e2d9afcc169f5e.jpg,0.8224711418151855
validation-test,validation,D:\Datasets\Alvaro\Floresta-3-20260714T215823Z-1-001\Floresta-3\test\images\ik_4_01051_png_jpg.rf.81b2f87178ce4647980d46cc165e07d9.jpg,test,D:\Datasets\Alvaro\Floresta-3-20260714T215823Z-1-001\Floresta-3\valid\images\0-28-54_png_jpg.rf.1b3eb75ae26f80144dac12c06064bd53.jpg,0.779830276966095
validation-test,validation,D:\Datasets\Alvaro\Floresta-3-20260714T215823Z-1-001\Floresta-3\test\images\ik_4_01101_png_jpg.rf.c870df5f60eb36f45f26db6b235bd83f.jpg,test,D:\Datasets\Alvaro\Floresta-3-20260714T215823Z-1-001\Floresta-3\valid\images\2aml321_jpg.rf.90c57d6b851beb0b9398ecfd73a056a8.jpg,0.783561646938324
validation-test,validation,D:\Datasets\Alvaro\Floresta-3-20260714T215823Z-1-001\Floresta-3\test\images\ik_4_01151_png_jpg.rf.720423d323c4266698bafd5368dd13cb.jpg,test,D:\Datasets\Alvaro\Floresta-3-20260714T215823Z-1-001\Floresta-3\valid\images\2aml317_jpg.rf.64bd2c94de93e22ed58fdc6902ec69f9.jpg,0.7663834095001221
validation-test,validation,D:\Datasets\Alvaro\Floresta-3-20260714T215823Z-1-001\Floresta-3\test\images\ik_4_01651_png_jpg.rf.01147ab6b4785e0e3f7519ded0a14b06.jpg,test,D:\Datasets\Alvaro\Floresta-3-20260714T215823Z-1-001\Floresta-3\valid\images\evo4201_jpg.rf.e8cd4a63ca140b5afcae33b9b1f302fa.jpg,0.8404546976089478
validation-test,validation,D:\Datasets\Alvaro\Floresta-3-20260714T215823Z-1-001\Floresta-3\test\images\ik_4_01651_png_jpg.rf.a1cc4ec98b24f867cd9ceddf2eb16f4d.jpg,test,D:\Datasets\Alvaro\Floresta-3-20260714T215823Z-1-001\Floresta-3\valid\images\evo4201_jpg.rf.e8cd4a63ca140b5afcae33b9b1f302fa.jpg,0.8590707778930664
validation-test,validation,D:\Datasets\Alvaro\Floresta-3-20260714T215823Z-1-001\Floresta-3\test\images\ik_4_01651_png_jpg.rf.d87780d898ff068ace081ceeb134bd01.jpg,test,D:\Datasets\Alvaro\Floresta-3-20260714T215823Z-1-001\Floresta-3\valid\images\evo4201_jpg.rf.e8cd4a63ca140b5afcae33b9b1f302fa.jpg,0.8410613536834717
validation-test,validation,D:\Datasets\Alvaro\Floresta-3-20260714T215823Z-1-001\Floresta-3\test\images\ik_4_01651_png_jpg.rf.d888abe7236a112abaaeddb858373306.jpg,test,D:\Datasets\Alvaro\Floresta-3-20260714T215823Z-1-001\Floresta-3\valid\images\evo4208_jpg.rf.0c0ee8bb3d5dd2a4304f9647ed6da72c.jpg,0.8514354228973389
validation-test,validation,D:\Datasets\Alvaro\Floresta-3-20260714T215823Z-1-001\Floresta-3\test\images\ik_4_01701_png_jpg.rf.2316b8dede5284942fae81c2e64cbedb.jpg,test,D:\Datasets\Alvaro\Floresta-3-20260714T215823Z-1-001\Floresta-3\valid\images\evo4204_jpg.rf.31518a275da41ac67aa53ca74f2f8cb8.jpg,0.8473062515258789
validation-test,validation,D:\Datasets\Alvaro\Floresta-3-20260714T215823Z-1-001\Floresta-3\test\images\ik_4_01751_png_jpg.rf.0efca7dadb1ce356f90b5712009e03e9.jpg,test,D:\Datasets\Alvaro\Floresta-3-20260714T215823Z-1-001\Floresta-3\valid\images\evo4204_jpg.rf.45c6539ed2fbfafe00e2d9afcc169f5e.jpg,0.8168017864227295
validation-test,validation,D:\Datasets\Alvaro\Floresta-3-20260714T215823Z-1-001\Floresta-3\test\images\ik_4_01751_png_jpg.rf.ebe207c160e3cdf2c849f50569c81bd0.jpg,test,D:\Datasets\Alvaro\Floresta-3-20260714T215823Z-1-001\Floresta-3\valid\images\evo4204_jpg.rf.45c6539ed2fbfafe00e2d9afcc169f5e.jpg,0.8109133839607239
validation-test,validation,D:\Datasets\Alvaro\Floresta-3-20260714T215823Z-1-001\Floresta-3\test\images\ik_4_01801_png_jpg.rf.3dc5139325a43ba959e2c07c38294f19.jpg,test,D:\Datasets\Alvaro\Floresta-3-20260714T215823Z-1-001\Floresta-3\valid\images\evo4204_jpg.rf.45c6539ed2fbfafe00e2d9afcc169f5e.jpg,0.8209690451622009
validation-test,validation,D:\Datasets\Alvaro\Floresta-3-20260714T215823Z-1-001\Floresta-3\test\images\ik_4_01801_png_jpg.rf.82b9e23538ad6c59e93f2b4c1d1e83a5.jpg,test,D:\Datasets\Alvaro\Floresta-3-20260714T215823Z-1-001\Floresta-3\valid\images\2aml321_jpg.rf.faef715d0f0b50350f9863bd69f08226.jpg,0.7971739768981934
validation-test,validation,D:\Datasets\Alvaro\Floresta-3-20260714T215823Z-1-001\Floresta-3\test\images\ik_4_01801_png_jpg.rf.c7e803385ab1b978119b9ebf9da839c9.jpg,test,D:\Datasets\Alvaro\Floresta-3-20260714T215823Z-1-001\Floresta-3\valid\images\2aml321_jpg.rf.faef715d0f0b50350f9863bd69f08226.jpg,0.7687239646911621
validation-test,validation,D:\Datasets\Alvaro\Floresta-3-20260714T215823Z-1-001\Floresta-3\test\images\ik_4_01801_png_jpg.rf.d8f50cc2dcbcda691cd96daa9ddccc12.jpg,test,D:\Datasets\Alvaro\Floresta-3-20260714T215823Z-1-001\Floresta-3\valid\images\2aml321_jpg.rf.faef715d0f0b50350f9863bd69f08226.jpg,0.7728196382522583
validation-test,validation,D:\Datasets\Alvaro\Floresta-3-20260714T215823Z-1-001\Floresta-3\test\images\ik_4_01801_png_jpg.rf.e0841ef31d9ece92a06d23ed60620e53.jpg,test,D:\Datasets\Alvaro\Floresta-3-20260714T215823Z-1-001\Floresta-3\valid\images\evo4208_jpg.rf.cea8bce260d59e5d7078a7541988d905.jpg,0.7988786101341248
validation-test,validation,D:\Datasets\Alvaro\Floresta-3-20260714T215823Z-1-001\Floresta-3\test\images\ik_4_02201_png_jpg.rf.a8c92578cbc6a47dc86d720196ced350.jpg,test,D:\Datasets\Alvaro\Floresta-3-20260714T215823Z-1-001\Floresta-3\valid\images\evo4201_jpg.rf.e8cd4a63ca140b5afcae33b9b1f302fa.jpg,0.8593260049819946
validation-test,validation,D:\Datasets\Alvaro\Floresta-3-20260714T215823Z-1-001\Floresta-3\test\images\ik_4_02251_png_jpg.rf.10bdb87ec2735161bd6ed4e47d186cb8.jpg,test,D:\Datasets\Alvaro\Floresta-3-20260714T215823Z-1-001\Floresta-3\valid\images\evo4204_jpg.rf.31518a275da41ac67aa53ca74f2f8cb8.jpg,0.9195032715797424
validation-test,validation,D:\Datasets\Alvaro\Floresta-3-20260714T215823Z-1-001\Floresta-3\test\images\ik_4_02251_png_jpg.rf.6d7deb3c9366beaada23c312033d9fff.jpg,test,D:\Datasets\Alvaro\Floresta-3-20260714T215823Z-1-001\Floresta-3\valid\images\evo4204_jpg.rf.45c6539ed2fbfafe00e2d9afcc169f5e.jpg,0.8973475694656372
validation-test,validation,D:\Datasets\Alvaro\Floresta-3-20260714T215823Z-1-001\Floresta-3\test\images\ik_4_02301_png_jpg.rf.407b9805d97bad69341656de70bc3001.jpg,test,D:\Datasets\Alvaro\Floresta-3-20260714T215823Z-1-001\Floresta-3\valid\images\evo4208_jpg.rf.53067c24a23037a862ad30fce4526c94.jpg,0.9725661277770996
validation-test,validation,D:\Datasets\Alvaro\Floresta-3-20260714T215823Z-1-001\Floresta-3\test\images\ik_4_02301_png_jpg.rf.d28e64eb7367a717c4d8254ba69eccf7.jpg,test,D:\Datasets\Alvaro\Floresta-3-20260714T215823Z-1-001\Floresta-3\valid\images\evo4208_jpg.rf.5cbc0780ad8b69fba895e0a1242450e7.jpg,0.8650820255279541
validation-test,validation,D:\Datasets\Alvaro\Floresta-3-20260714T215823Z-1-001\Floresta-3\test\images\ik_4_02351_png_jpg.rf.1f5b18bbd589d8ea763c774f053a983d.jpg,test,D:\Datasets\Alvaro\Floresta-3-20260714T215823Z-1-001\Floresta-3\valid\images\evo4208_jpg.rf.5cbc0780ad8b69fba895e0a1242450e7.jpg,0.8545361757278442
validation-test,validation,D:\Datasets\Alvaro\Floresta-3-20260714T215823Z-1-001\Floresta-3\test\images\ik_4_02351_png_jpg.rf.4700dd06a424479b51792455b9701ce3.jpg,test,D:\Datasets\Alvaro\Floresta-3-20260714T215823Z-1-001\Floresta-3\valid\images\evo4208_jpg.rf.cea8bce260d59e5d7078a7541988d905.jpg,0.9042519927024841
validation-test,validation,D:\Datasets\Alvaro\Floresta-3-20260714T215823Z-1-001\Floresta-3\test\images\ik_4_02351_png_jpg.rf.79f7a52a088f5cace8cab1bdbb3bca23.jpg,test,D:\Datasets\Alvaro\Floresta-3-20260714T215823Z-1-001\Floresta-3\valid\images\evo4208_jpg.rf.cea8bce260d59e5d7078a7541988d905.jpg,0.8805748224258423
validation-test,validation,D:\Datasets\Alvaro\Floresta-3-20260714T215823Z-1-001\Floresta-3\test\images\ik_4_02351_png_jpg.rf.8edf349a6b5851a740a1869d07c2d00d.jpg,test,D:\Datasets\Alvaro\Floresta-3-20260714T215823Z-1-001\Floresta-3\valid\images\2aml190_jpg.rf.7de1534e392239d301dfebc1006f24b6.jpg,0.858585000038147
validation-test,validation,D:\Datasets\Alvaro\Floresta-3-20260714T215823Z-1-001\Floresta-3\test\images\ik_4_02451_png_jpg.rf.5eb9b34cd554cafb2c355c3f250fbf46.jpg,test,D:\Datasets\Alvaro\Floresta-3-20260714T215823Z-1-001\Floresta-3\valid\images\evo4224_jpg.rf.980bf13fde14ae56b94d1ac86a572872.jpg,0.976387083530426
validation-test,validation,D:\Datasets\Alvaro\Floresta-3-20260714T215823Z-1-001\Floresta-3\test\images\ik_4_02551_png_jpg.rf.9fbc368e68ede8ea4043c599a612c8cd.jpg,test,D:\Datasets\Alvaro\Floresta-3-20260714T215823Z-1-001\Floresta-3\valid\images\evo4236_jpg.rf.94fd8a99c169e0441cc64c5093115ae7.jpg,0.9394850730895996
validation-test,validation,D:\Datasets\Alvaro\Floresta-3-20260714T215823Z-1-001\Floresta-3\test\images\ik_4_02651_png_jpg.rf.2d5a7529ba1c4a46cd6b5f5dea2cb49b.jpg,test,D:\Datasets\Alvaro\Floresta-3-20260714T215823Z-1-001\Floresta-3\valid\images\evo4244_jpg.rf.c109c5de4e38a8cb8b87b33a242f928e.jpg,0.9631866216659546
validation-test,validation,D:\Datasets\Alvaro\Floresta-3-20260714T215823Z-1-001\Floresta-3\test\images\ik_4_02651_png_jpg.rf.780a6432327f8ec2cb1b2870dad5dd2c.jpg,test,D:\Datasets\Alvaro\Floresta-3-20260714T215823Z-1-001\Floresta-3\valid\images\evo4264_jpg.rf.bb0a4c07b927a7256733bddea4ef3cf3.jpg,0.8258310556411743
validation-test,validation,D:\Datasets\Alvaro\Floresta-3-20260714T215823Z-1-001\Floresta-3\test\images\ik_4_02651_png_jpg.rf.8d6f653b912dd0240186c2716c8af80a.jpg,test,D:\Datasets\Alvaro\Floresta-3-20260714T215823Z-1-001\Floresta-3\valid\images\evo4244_jpg.rf.2414c630115d4d7773b9b4310c58e117.jpg,0.9527955055236816
validation-test,validation,D:\Datasets\Alvaro\Floresta-3-20260714T215823Z-1-001\Floresta-3\test\images\ik_4_02651_png_jpg.rf.f0f3eb9749a1c9b066750506f5e11662.jpg,test,D:\Datasets\Alvaro\Floresta-3-20260714T215823Z-1-001\Floresta-3\valid\images\evo4244_jpg.rf.3d1895d10464db80c20b0ab741e6d5bc.jpg,0.981525182723999
validation-test,validation,D:\Datasets\Alvaro\Floresta-3-20260714T215823Z-1-001\Floresta-3\test\images\ik_4_02701_png_jpg.rf.25ac2a1f0d7f476723b2481468a0d8fa.jpg,test,D:\Datasets\Alvaro\Floresta-3-20260714T215823Z-1-001\Floresta-3\valid\images\evo4248_jpg.rf.b97c9103dcfe3ad7665fb513be1f8d45.jpg,0.9668159484863281
validation-test,validation,D:\Datasets\Alvaro\Floresta-3-20260714T215823Z-1-001\Floresta-3\test\images\ik_4_02701_png_jpg.rf.3bb5b66c5a8750d81aa120a01986e0cb.jpg,test,D:\Datasets\Alvaro\Floresta-3-20260714T215823Z-1-001\Floresta-3\valid\images\evo4248_jpg.rf.b97c9103dcfe3ad7665fb513be1f8d45.jpg,0.9736714363098145
validation-test,validation,D:\Datasets\Alvaro\Floresta-3-20260714T215823Z-1-001\Floresta-3\test\images\ik_4_02751_png_jpg.rf.198d3ef634d590981136ddf2f56edefe.jpg,test,D:\Datasets\Alvaro\Floresta-3-20260714T215823Z-1-001\Floresta-3\valid\images\evo4264_jpg.rf.bb0a4c07b927a7256733bddea4ef3cf3.jpg,0.8304405212402344
validation-test,validation,D:\Datasets\Alvaro\Floresta-3-20260714T215823Z-1-001\Floresta-3\test\images\ik_4_02751_png_jpg.rf.3a0b1b640c95cd1a997d4920b7370636.jpg,test,D:\Datasets\Alvaro\Floresta-3-20260714T215823Z-1-001\Floresta-3\valid\images\evo4248_jpg.rf.b97c9103dcfe3ad7665fb513be1f8d45.jpg,0.9308379888534546
validation-test,validation,D:\Datasets\Alvaro\Floresta-3-20260714T215823Z-1-001\Floresta-3\test\images\ik_4_02751_png_jpg.rf.42d1f97b5bd0e4d1ef70c17ece3b5cf8.jpg,test,D:\Datasets\Alvaro\Floresta-3-20260714T215823Z-1-001\Floresta-3\valid\images\evo4256_jpg.rf.a42fb8b463cecea7a362de28f6dae3d9.jpg,0.946515679359436
validation-test,validation,D:\Datasets\Alvaro\Floresta-3-20260714T215823Z-1-001\Floresta-3\test\images\ik_4_02751_png_jpg.rf.dae1b9c4e525fc4df8fca8a4137b0088.jpg,test,D:\Datasets\Alvaro\Floresta-3-20260714T215823Z-1-001\Floresta-3\valid\images\evo4264_jpg.rf.bb0a4c07b927a7256733bddea4ef3cf3.jpg,0.8307422399520874
validation-test,validation,D:\Datasets\Alvaro\Floresta-3-20260714T215823Z-1-001\Floresta-3\test\images\ik_4_02751_png_jpg.rf.e8b8a7697bc36d756010ad68cd001fed.jpg,test,D:\Datasets\Alvaro\Floresta-3-20260714T215823Z-1-001\Floresta-3\valid\images\evo4248_jpg.rf.b97c9103dcfe3ad7665fb513be1f8d45.jpg,0.9463527798652649
validation-test,validation,D:\Datasets\Alvaro\Floresta-3-20260714T215823Z-1-001\Floresta-3\test\images\ik_4_02801_png_jpg.rf.0e19588571221b1409a92db4d5419977.jpg,test,D:\Datasets\Alvaro\Floresta-3-20260714T215823Z-1-001\Floresta-3\valid\images\evo4256_jpg.rf.a7b1e529debe548046f5ffaa80bf1d81.jpg,0.9067754149436951
validation-test,validation,D:\Datasets\Alvaro\Floresta-3-20260714T215823Z-1-001\Floresta-3\test\images\ik_4_02801_png_jpg.rf.4a6769b78a625952af3ef49172e803a2.jpg,test,D:\Datasets\Alvaro\Floresta-3-20260714T215823Z-1-001\Floresta-3\valid\images\evo4256_jpg.rf.a42fb8b463cecea7a362de28f6dae3d9.jpg,0.951705813407898
validation-test,validation,D:\Datasets\Alvaro\Floresta-3-20260714T215823Z-1-001\Floresta-3\test\images\ik_4_02801_png_jpg.rf.a156c12240b19fd957e730df0d4c1391.jpg,test,D:\Datasets\Alvaro\Floresta-3-20260714T215823Z-1-001\Floresta-3\valid\images\evo4260_jpg.rf.c101b3c456bc7d1f64b1f4289f12748c.jpg,0.9609415531158447
validation-test,validation,D:\Datasets\Alvaro\Floresta-3-20260714T215823Z-1-001\Floresta-3\test\images\ik_4_02801_png_jpg.rf.ec60488612013c5ce18116a5e80c8996.jpg,test,D:\Datasets\Alvaro\Floresta-3-20260714T215823Z-1-001\Floresta-3\valid\images\evo4260_jpg.rf.c101b3c456bc7d1f64b1f4289f12748c.jpg,0.9442802667617798
validation-test,validation,D:\Datasets\Alvaro\Floresta-3-20260714T215823Z-1-001\Floresta-3\test\images\ik_4_02851_png_jpg.rf.5bf143fa4d051058a160e967f8e7282f.jpg,test,D:\Datasets\Alvaro\Floresta-3-20260714T215823Z-1-001\Floresta-3\valid\images\evo4260_jpg.rf.e15e2824afd1177fee913058ba044b20.jpg,0.9671968221664429
validation-test,validation,D:\Datasets\Alvaro\Floresta-3-20260714T215823Z-1-001\Floresta-3\test\images\ik_4_02851_png_jpg.rf.6479ce7a5bf4887cf9f60340105e9504.jpg,test,D:\Datasets\Alvaro\Floresta-3-20260714T215823Z-1-001\Floresta-3\valid\images\evo4244_jpg.rf.6ff0a39fc82cc7257b7ee7785749a18e.jpg,0.8879709243774414
validation-test,validation,D:\Datasets\Alvaro\Floresta-3-20260714T215823Z-1-001\Floresta-3\test\images\ik_4_02851_png_jpg.rf.f6635104c400a68885e17457f90da95b.jpg,test,D:\Datasets\Alvaro\Floresta-3-20260714T215823Z-1-001\Floresta-3\valid\images\evo4260_jpg.rf.e15e2824afd1177fee913058ba044b20.jpg,0.890203595161438
validation-test,validation,D:\Datasets\Alvaro\Floresta-3-20260714T215823Z-1-001\Floresta-3\test\images\ik_4_02901_png_jpg.rf.1bc3311ec080377a07552e0389da3500.jpg,test,D:\Datasets\Alvaro\Floresta-3-20260714T215823Z-1-001\Floresta-3\valid\images\evo4260_jpg.rf.c101b3c456bc7d1f64b1f4289f12748c.jpg,0.9281200170516968
validation-test,validation,D:\Datasets\Alvaro\Floresta-3-20260714T215823Z-1-001\Floresta-3\test\images\ik_4_02951_png_jpg.rf.7ddea48de3ef4c09e6e4e539470f299f.jpg,test,D:\Datasets\Alvaro\Floresta-3-20260714T215823Z-1-001\Floresta-3\valid\images\evo4264_jpg.rf.bb0a4c07b927a7256733bddea4ef3cf3.jpg,0.8447609543800354
validation-test,validation,D:\Datasets\Alvaro\Floresta-3-20260714T215823Z-1-001\Floresta-3\test\images\ik_4_02951_png_jpg.rf.8a22914b6c46e36f239c8ddaaddc19b0.jpg,test,D:\Datasets\Alvaro\Floresta-3-20260714T215823Z-1-001\Floresta-3\valid\images\evo4248_jpg.rf.b97c9103dcfe3ad7665fb513be1f8d45.jpg,0.9125928282737732
validation-test,validation,D:\Datasets\Alvaro\Floresta-3-20260714T215823Z-1-001\Floresta-3\test\images\ik_4_02951_png_jpg.rf.e148e4570066d181b25dbc20a1d8769a.jpg,test,D:\Datasets\Alvaro\Floresta-3-20260714T215823Z-1-001\Floresta-3\valid\images\evo4260_jpg.rf.c101b3c456bc7d1f64b1f4289f12748c.jpg,0.8790870904922485
validation-test,validation,D:\Datasets\Alvaro\Floresta-3-20260714T215823Z-1-001\Floresta-3\test\images\ik_4_03001_png_jpg.rf.206ebe0c457bb286fd658af1f969f89a.jpg,test,D:\Datasets\Alvaro\Floresta-3-20260714T215823Z-1-001\Floresta-3\valid\images\evo4244_jpg.rf.3d1895d10464db80c20b0ab741e6d5bc.jpg,0.9263830780982971
validation-test,validation,D:\Datasets\Alvaro\Floresta-3-20260714T215823Z-1-001\Floresta-3\test\images\ik_4_03051_png_jpg.rf.6c4e38b235f996ff426e5675f1a73665.jpg,test,D:\Datasets\Alvaro\Floresta-3-20260714T215823Z-1-001\Floresta-3\valid\images\evo4240_jpg.rf.b73b1689a86f61ca566eb7cd721a71fa.jpg,0.927978515625
validation-test,validation,D:\Datasets\Alvaro\Floresta-3-20260714T215823Z-1-001\Floresta-3\test\images\ik_4_03101_png_jpg.rf.4e3294cd976f33dc817222f7aecd4b61.jpg,test,D:\Datasets\Alvaro\Floresta-3-20260714T215823Z-1-001\Floresta-3\valid\images\evo4248_jpg.rf.b97c9103dcfe3ad7665fb513be1f8d45.jpg,0.9212183356285095
validation-test,validation,D:\Datasets\Alvaro\Floresta-3-20260714T215823Z-1-001\Floresta-3\test\images\ik_4_03101_png_jpg.rf.577d3cdedd0640d5f009ec531508b0ee.jpg,test,D:\Datasets\Alvaro\Floresta-3-20260714T215823Z-1-001\Floresta-3\valid\images\evo4224_jpg.rf.980bf13fde14ae56b94d1ac86a572872.jpg,0.9112481474876404
validation-test,validation,D:\Datasets\Alvaro\Floresta-3-20260714T215823Z-1-001\Floresta-3\test\images\ik_4_03101_png_jpg.rf.749442c725c1902ad8b494cce5ed80cd.jpg,test,D:\Datasets\Alvaro\Floresta-3-20260714T215823Z-1-001\Floresta-3\valid\images\evo4248_jpg.rf.b97c9103dcfe3ad7665fb513be1f8d45.jpg,0.9289460182189941
validation-test,validation,D:\Datasets\Alvaro\Floresta-3-20260714T215823Z-1-001\Floresta-3\test\images\ik_4_03101_png_jpg.rf.c0cca071cdec5c193cda937bdc560906.jpg,test,D:\Datasets\Alvaro\Floresta-3-20260714T215823Z-1-001\Floresta-3\valid\images\evo4228_jpg.rf.662d45ec71d7ac583e91a60b01d0e101.jpg,0.9205950498580933
validation-test,validation,D:\Datasets\Alvaro\Floresta-3-20260714T215823Z-1-001\Floresta-3\test\images\ik_4_03151_png_jpg.rf.59259d96e7f3719d33c1863de8cf4b30.jpg,test,D:\Datasets\Alvaro\Floresta-3-20260714T215823Z-1-001\Floresta-3\valid\images\evo4248_jpg.rf.b97c9103dcfe3ad7665fb513be1f8d45.jpg,0.9026332497596741
validation-test,validation,D:\Datasets\Alvaro\Floresta-3-20260714T215823Z-1-001\Floresta-3\test\images\ik_4_03151_png_jpg.rf.704c9a040e3df2215d3cd635a2f477cd.jpg,test,D:\Datasets\Alvaro\Floresta-3-20260714T215823Z-1-001\Floresta-3\valid\images\evo4224_jpg.rf.980bf13fde14ae56b94d1ac86a572872.jpg,0.9087158441543579
validation-test,validation,D:\Datasets\Alvaro\Floresta-3-20260714T215823Z-1-001\Floresta-3\test\images\ik_4_03151_png_jpg.rf.cee83a7e9410d20f9ca7e69d538c39c1.jpg,test,D:\Datasets\Alvaro\Floresta-3-20260714T215823Z-1-001\Floresta-3\valid\images\evo4248_jpg.rf.b97c9103dcfe3ad7665fb513be1f8d45.jpg,0.9109115600585938
validation-test,validation,D:\Datasets\Alvaro\Floresta-3-20260714T215823Z-1-001\Floresta-3\test\images\ik_4_03201_png_jpg.rf.37e3d9e5d7f722325bab4e07eaa7e75d.jpg,test,D:\Datasets\Alvaro\Floresta-3-20260714T215823Z-1-001\Floresta-3\valid\images\evo163_jpg.rf.15d1e9c4b86a35b13e685bf97bd62960.jpg,0.8938401341438293
validation-test,validation,D:\Datasets\Alvaro\Floresta-3-20260714T215823Z-1-001\Floresta-3\test\images\ik_4_04051_png_jpg.rf.282252e41a348fdbe8d30883f4aa14aa.jpg,test,D:\Datasets\Alvaro\Floresta-3-20260714T215823Z-1-001\Floresta-3\valid\images\evo166_jpg.rf.06baf2feb89de72d9a0e6d36e6758678.jpg,0.8675520420074463
validation-test,validation,D:\Datasets\Alvaro\Floresta-3-20260714T215823Z-1-001\Floresta-3\test\images\ik_4_04101_png_jpg.rf.0cd3840a9aff41b69e6d7ccc76a5d489.jpg,test,D:\Datasets\Alvaro\Floresta-3-20260714T215823Z-1-001\Floresta-3\valid\images\evo186_jpg.rf.80d5e065d80eea849b99b2c97b243beb.jpg,0.8696324229240417
validation-test,validation,D:\Datasets\Alvaro\Floresta-3-20260714T215823Z-1-001\Floresta-3\test\images\ik_4_04101_png_jpg.rf.cb7a18cf8ad815ed7f8a15778f7c40eb.jpg,test,D:\Datasets\Alvaro\Floresta-3-20260714T215823Z-1-001\Floresta-3\valid\images\evo163_jpg.rf.8a0b1e0d24e0571ea2668e78e112b06f.jpg,0.8598641157150269
validation-test,validation,D:\Datasets\Alvaro\Floresta-3-20260714T215823Z-1-001\Floresta-3\test\images\ik_4_04101_png_jpg.rf.e4cca4fb0e866d464adec4fa9db25fc1.jpg,test,D:\Datasets\Alvaro\Floresta-3-20260714T215823Z-1-001\Floresta-3\valid\images\evo75_jpg.rf.e64134a88a0fe2e1ff003de634ed03da.jpg,0.7968671321868896
validation-test,validation,D:\Datasets\Alvaro\Floresta-3-20260714T215823Z-1-001\Floresta-3\test\images\ik_4_04151_png_jpg.rf.9a3278e4c4bf86f70c48fa1a5d3a6b40.jpg,test,D:\Datasets\Alvaro\Floresta-3-20260714T215823Z-1-001\Floresta-3\valid\images\evo163_jpg.rf.15d1e9c4b86a35b13e685bf97bd62960.jpg,0.8448057174682617
validation-test,validation,D:\Datasets\Alvaro\Floresta-3-20260714T215823Z-1-001\Floresta-3\test\images\ik_4_04151_png_jpg.rf.b42f0cea97d1adebfe159a2fddccc24a.jpg,test,D:\Datasets\Alvaro\Floresta-3-20260714T215823Z-1-001\Floresta-3\valid\images\evo1109_jpg.rf.66c84c5182be2165ba9e0d7ed34e0075.jpg,0.838390588760376
validation-test,validation,D:\Datasets\Alvaro\Floresta-3-20260714T215823Z-1-001\Floresta-3\test\images\ik_4_04201_png_jpg.rf.10155a2a1b9a864628e22986b6227c09.jpg,test,D:\Datasets\Alvaro\Floresta-3-20260714T215823Z-1-001\Floresta-3\valid\images\evo186_jpg.rf.80d5e065d80eea849b99b2c97b243beb.jpg,0.8603501915931702
validation-test,validation,D:\Datasets\Alvaro\Floresta-3-20260714T215823Z-1-001\Floresta-3\test\images\ik_4_04201_png_jpg.rf.48c723c5b5cc5331653a2dcbed00f1de.jpg,test,D:\Datasets\Alvaro\Floresta-3-20260714T215823Z-1-001\Floresta-3\valid\images\evo166_jpg.rf.06baf2feb89de72d9a0e6d36e6758678.jpg,0.8460955619812012
validation-test,validation,D:\Datasets\Alvaro\Floresta-3-20260714T215823Z-1-001\Floresta-3\test\images\ik_4_04201_png_jpg.rf.c818e0c279ef5b3dc147979409bfb58c.jpg,test,D:\Datasets\Alvaro\Floresta-3-20260714T215823Z-1-001\Floresta-3\valid\images\evo186_jpg.rf.80d5e065d80eea849b99b2c97b243beb.jpg,0.8495745658874512
validation-test,validation,D:\Datasets\Alvaro\Floresta-3-20260714T215823Z-1-001\Floresta-3\test\images\ik_4_04201_png_jpg.rf.e7583c85ea33ee3f3ade6ac0734c84aa.jpg,test,D:\Datasets\Alvaro\Floresta-3-20260714T215823Z-1-001\Floresta-3\valid\images\evo75_jpg.rf.e64134a88a0fe2e1ff003de634ed03da.jpg,0.8513858318328857
validation-test,validation,D:\Datasets\Alvaro\Floresta-3-20260714T215823Z-1-001\Floresta-3\test\images\ik_4_04201_png_jpg.rf.f416284b830860c98772ff0ddb8f6674.jpg,test,D:\Datasets\Alvaro\Floresta-3-20260714T215823Z-1-001\Floresta-3\valid\images\evo4228_jpg.rf.7a70fd7485468f2fa2bed72edfb4905f.jpg,0.8579703569412231
validation-test,validation,D:\Datasets\Alvaro\Floresta-3-20260714T215823Z-1-001\Floresta-3\test\images\ik_4_04301_png_jpg.rf.19ffb2a049faf8b95f89faa7656c11e2.jpg,test,D:\Datasets\Alvaro\Floresta-3-20260714T215823Z-1-001\Floresta-3\valid\images\evo4228_jpg.rf.662d45ec71d7ac583e91a60b01d0e101.jpg,0.8868697285652161
validation-test,validation,D:\Datasets\Alvaro\Floresta-3-20260714T215823Z-1-001\Floresta-3\test\images\ik_4_04301_png_jpg.rf.2701930971428fd786b792bb89f05565.jpg,test,D:\Datasets\Alvaro\Floresta-3-20260714T215823Z-1-001\Floresta-3\valid\images\evo4228_jpg.rf.662d45ec71d7ac583e91a60b01d0e101.jpg,0.9065294861793518
validation-test,validation,D:\Datasets\Alvaro\Floresta-3-20260714T215823Z-1-001\Floresta-3\test\images\ik_4_04301_png_jpg.rf.6808b95c6ab2816ccb219bef65006e4f.jpg,test,D:\Datasets\Alvaro\Floresta-3-20260714T215823Z-1-001\Floresta-3\valid\images\evo4228_jpg.rf.662d45ec71d7ac583e91a60b01d0e101.jpg,0.8929339647293091
validation-test,validation,D:\Datasets\Alvaro\Floresta-3-20260714T215823Z-1-001\Floresta-3\test\images\ik_4_04351_png_jpg.rf.574322fb2b6b8711660694bbe79b100e.jpg,test,D:\Datasets\Alvaro\Floresta-3-20260714T215823Z-1-001\Floresta-3\valid\images\evo4228_jpg.rf.662d45ec71d7ac583e91a60b01d0e101.jpg,0.9068471789360046
validation-test,validation,D:\Datasets\Alvaro\Floresta-3-20260714T215823Z-1-001\Floresta-3\test\images\ik_4_04351_png_jpg.rf.e25605df6d70cfa0a5b8bab0f129dda0.jpg,test,D:\Datasets\Alvaro\Floresta-3-20260714T215823Z-1-001\Floresta-3\valid\images\evo4228_jpg.rf.662d45ec71d7ac583e91a60b01d0e101.jpg,0.8968206644058228
validation-test,validation,D:\Datasets\Alvaro\Floresta-3-20260714T215823Z-1-001\Floresta-3\test\images\ik_4_04451_png_jpg.rf.4fce4d247b721c8d9db08233ade33071.jpg,test,D:\Datasets\Alvaro\Floresta-3-20260714T215823Z-1-001\Floresta-3\valid\images\evo4228_jpg.rf.662d45ec71d7ac583e91a60b01d0e101.jpg,0.8892374038696289
validation-test,validation,D:\Datasets\Alvaro\Floresta-3-20260714T215823Z-1-001\Floresta-3\test\images\ik_4_04451_png_jpg.rf.7720789ed12d382e1cb768f572fa87fd.jpg,test,D:\Datasets\Alvaro\Floresta-3-20260714T215823Z-1-001\Floresta-3\valid\images\evo4228_jpg.rf.662d45ec71d7ac583e91a60b01d0e101.jpg,0.8977676630020142
validation-test,validation,D:\Datasets\Alvaro\Floresta-3-20260714T215823Z-1-001\Floresta-3\test\images\ik_4_04451_png_jpg.rf.80502b6c659446b498838c7ec944a9bf.jpg,test,D:\Datasets\Alvaro\Floresta-3-20260714T215823Z-1-001\Floresta-3\valid\images\evo4228_jpg.rf.662d45ec71d7ac583e91a60b01d0e101.jpg,0.8989586234092712
validation-test,validation,D:\Datasets\Alvaro\Floresta-3-20260714T215823Z-1-001\Floresta-3\test\images\ik_4_04501_png_jpg.rf.2fb967624930ff106f5a72be776662fa.jpg,test,D:\Datasets\Alvaro\Floresta-3-20260714T215823Z-1-001\Floresta-3\valid\images\evo157_jpg.rf.bf110a78e95679e99cecbd02e8ee03a5.jpg,0.8519672155380249
validation-test,validation,D:\Datasets\Alvaro\Floresta-3-20260714T215823Z-1-001\Floresta-3\test\images\ik_4_04501_png_jpg.rf.60dee772b9d220c513d77d456e4da829.jpg,test,D:\Datasets\Alvaro\Floresta-3-20260714T215823Z-1-001\Floresta-3\valid\images\evo4228_jpg.rf.662d45ec71d7ac583e91a60b01d0e101.jpg,0.9021528959274292
validation-test,validation,D:\Datasets\Alvaro\Floresta-3-20260714T215823Z-1-001\Floresta-3\test\images\ik_4_04501_png_jpg.rf.c82ee5f8067c1f0d2eef9be4f5008662.jpg,test,D:\Datasets\Alvaro\Floresta-3-20260714T215823Z-1-001\Floresta-3\valid\images\evo4228_jpg.rf.662d45ec71d7ac583e91a60b01d0e101.jpg,0.9145397543907166
validation-test,validation,D:\Datasets\Alvaro\Floresta-3-20260714T215823Z-1-001\Floresta-3\test\images\ik_4_04551_png_jpg.rf.2184d0af54f8a56f4808132a5d29b7b5.jpg,test,D:\Datasets\Alvaro\Floresta-3-20260714T215823Z-1-001\Floresta-3\valid\images\evo4228_jpg.rf.662d45ec71d7ac583e91a60b01d0e101.jpg,0.8921056985855103
validation-test,validation,D:\Datasets\Alvaro\Floresta-3-20260714T215823Z-1-001\Floresta-3\test\images\ik_4_04551_png_jpg.rf.40709a63d30efb4c6d746708401af49d.jpg,test,D:\Datasets\Alvaro\Floresta-3-20260714T215823Z-1-001\Floresta-3\valid\images\evo4228_jpg.rf.662d45ec71d7ac583e91a60b01d0e101.jpg,0.8653315305709839
validation-test,validation,D:\Datasets\Alvaro\Floresta-3-20260714T215823Z-1-001\Floresta-3\test\images\ik_4_04551_png_jpg.rf.860a544128bde347b84b5eadc9b6fd72.jpg,test,D:\Datasets\Alvaro\Floresta-3-20260714T215823Z-1-001\Floresta-3\valid\images\evo4228_jpg.rf.662d45ec71d7ac583e91a60b01d0e101.jpg,0.8718304634094238
validation-test,validation,D:\Datasets\Alvaro\Floresta-3-20260714T215823Z-1-001\Floresta-3\test\images\ik_4_04551_png_jpg.rf.9e63fee2da5371770fef42ecfc31f984.jpg,test,D:\Datasets\Alvaro\Floresta-3-20260714T215823Z-1-001\Floresta-3\valid\images\evo4228_jpg.rf.662d45ec71d7ac583e91a60b01d0e101.jpg,0.8779318332672119
validation-test,validation,D:\Datasets\Alvaro\Floresta-3-20260714T215823Z-1-001\Floresta-3\test\images\ik_4_04551_png_jpg.rf.cf1b5816e35fc36e6dc6fefc3770f7b1.jpg,test,D:\Datasets\Alvaro\Floresta-3-20260714T215823Z-1-001\Floresta-3\valid\images\evo4228_jpg.rf.662d45ec71d7ac583e91a60b01d0e101.jpg,0.8803242444992065
validation-test,validation,D:\Datasets\Alvaro\Floresta-3-20260714T215823Z-1-001\Floresta-3\test\images\ik_4_04551_png_jpg.rf.d88ee4144fd5056ddaa21d734dbee84b.jpg,test,D:\Datasets\Alvaro\Floresta-3-20260714T215823Z-1-001\Floresta-3\valid\images\evo157_jpg.rf.bef8be2b86169e5adcfe931ff656aacb.jpg,0.8664149045944214
validation-test,validation,D:\Datasets\Alvaro\Floresta-3-20260714T215823Z-1-001\Floresta-3\test\images\ik_4_04601_png_jpg.rf.3e249e3e30af58a3781672724973e2c3.jpg,test,D:\Datasets\Alvaro\Floresta-3-20260714T215823Z-1-001\Floresta-3\valid\images\evo163_jpg.rf.8a0b1e0d24e0571ea2668e78e112b06f.jpg,0.8427540063858032
validation-test,validation,D:\Datasets\Alvaro\Floresta-3-20260714T215823Z-1-001\Floresta-3\test\images\ik_4_04651_png_jpg.rf.0b0526639f5a6525595465078c00d7ae.jpg,test,D:\Datasets\Alvaro\Floresta-3-20260714T215823Z-1-001\Floresta-3\valid\images\evo4208_jpg.rf.5cbc0780ad8b69fba895e0a1242450e7.jpg,0.8194406628608704
validation-test,validation,D:\Datasets\Alvaro\Floresta-3-20260714T215823Z-1-001\Floresta-3\test\images\ik_4_04651_png_jpg.rf.1b1f5866297f70883fd6f1af295fff4d.jpg,test,D:\Datasets\Alvaro\Floresta-3-20260714T215823Z-1-001\Floresta-3\valid\images\0-29-32_png_jpg.rf.4e10899bb2137dab884c1c7cf9b6c294.jpg,0.8102017641067505
validation-test,validation,D:\Datasets\Alvaro\Floresta-3-20260714T215823Z-1-001\Floresta-3\test\images\ik_4_04651_png_jpg.rf.21ad77048ae3dfb3bc36ce3ac53f6972.jpg,test,D:\Datasets\Alvaro\Floresta-3-20260714T215823Z-1-001\Floresta-3\valid\images\evo75_jpg.rf.e64134a88a0fe2e1ff003de634ed03da.jpg,0.8219283819198608
validation-test,validation,D:\Datasets\Alvaro\Floresta-3-20260714T215823Z-1-001\Floresta-3\test\images\ik_4_04651_png_jpg.rf.aec57597dcf2d12a91d32385c65c8b20.jpg,test,D:\Datasets\Alvaro\Floresta-3-20260714T215823Z-1-001\Floresta-3\valid\images\evo75_jpg.rf.e64134a88a0fe2e1ff003de634ed03da.jpg,0.8339788913726807
validation-test,validation,D:\Datasets\Alvaro\Floresta-3-20260714T215823Z-1-001\Floresta-3\test\images\ik_4_04651_png_jpg.rf.ec466c33d43136174abdd3c396a69135.jpg,test,D:\Datasets\Alvaro\Floresta-3-20260714T215823Z-1-001\Floresta-3\valid\images\evo75_jpg.rf.e64134a88a0fe2e1ff003de634ed03da.jpg,0.8384642601013184
validation-test,validation,D:\Datasets\Alvaro\Floresta-3-20260714T215823Z-1-001\Floresta-3\test\images\ik_4_04701_png_jpg.rf.4b2ba9b552702cb7be3f415b9ee67d94.jpg,test,D:\Datasets\Alvaro\Floresta-3-20260714T215823Z-1-001\Floresta-3\valid\images\evo163_jpg.rf.15d1e9c4b86a35b13e685bf97bd62960.jpg,0.8442374467849731
validation-test,validation,D:\Datasets\Alvaro\Floresta-3-20260714T215823Z-1-001\Floresta-3\test\images\ik_4_04701_png_jpg.rf.9c4b610667691a5a2fc49d6a12d27aaa.jpg,test,D:\Datasets\Alvaro\Floresta-3-20260714T215823Z-1-001\Floresta-3\valid\images\evo163_jpg.rf.8a0b1e0d24e0571ea2668e78e112b06f.jpg,0.8178154230117798
validation-test,validation,D:\Datasets\Alvaro\Floresta-3-20260714T215823Z-1-001\Floresta-3\test\images\ik_4_04701_png_jpg.rf.c4c84c38f580ca0fecf55228e034aaa1.jpg,test,D:\Datasets\Alvaro\Floresta-3-20260714T215823Z-1-001\Floresta-3\valid\images\evo191_jpg.rf.3205ad99e40f17811b3c28051cbf7bb6.jpg,0.8481588959693909
validation-test,validation,D:\Datasets\Alvaro\Floresta-3-20260714T215823Z-1-001\Floresta-3\test\images\ik_4_04701_png_jpg.rf.c665666809d44517157b023afd9e2f7c.jpg,test,D:\Datasets\Alvaro\Floresta-3-20260714T215823Z-1-001\Floresta-3\valid\images\evo191_jpg.rf.3205ad99e40f17811b3c28051cbf7bb6.jpg,0.8149670362472534
validation-test,validation,D:\Datasets\Alvaro\Floresta-3-20260714T215823Z-1-001\Floresta-3\test\images\ik_4_04751_png_jpg.rf.8747b028394b09631548dc0ce9174615.jpg,test,D:\Datasets\Alvaro\Floresta-3-20260714T215823Z-1-001\Floresta-3\valid\images\evo157_jpg.rf.d3a8e0aeafb140f0e0db03ae16c17558.jpg,0.8348513841629028
validation-test,validation,D:\Datasets\Alvaro\Floresta-3-20260714T215823Z-1-001\Floresta-3\test\images\ik_4_04751_png_jpg.rf.a630b0e9b16ca3a2a10aa6c596b6f5d0.jpg,test,D:\Datasets\Alvaro\Floresta-3-20260714T215823Z-1-001\Floresta-3\valid\images\evo191_jpg.rf.3205ad99e40f17811b3c28051cbf7bb6.jpg,0.8341628909111023
validation-test,validation,D:\Datasets\Alvaro\Floresta-3-20260714T215823Z-1-001\Floresta-3\test\images\ik_4_04751_png_jpg.rf.d6c959fbe8207cfc39a191b522cee288.jpg,test,D:\Datasets\Alvaro\Floresta-3-20260714T215823Z-1-001\Floresta-3\valid\images\evo191_jpg.rf.3205ad99e40f17811b3c28051cbf7bb6.jpg,0.8533841371536255
validation-test,validation,D:\Datasets\Alvaro\Floresta-3-20260714T215823Z-1-001\Floresta-3\test\images\ik_4_04751_png_jpg.rf.fdc381c8173ac3263ca10ef9ff2ea286.jpg,test,D:\Datasets\Alvaro\Floresta-3-20260714T215823Z-1-001\Floresta-3\valid\images\evo191_jpg.rf.3205ad99e40f17811b3c28051cbf7bb6.jpg,0.85420161485672
validation-test,validation,D:\Datasets\Alvaro\Floresta-3-20260714T215823Z-1-001\Floresta-3\test\images\ik_4_04801_png_jpg.rf.1ecde34c9cdd05258733a9fd992fc7fa.jpg,test,D:\Datasets\Alvaro\Floresta-3-20260714T215823Z-1-001\Floresta-3\valid\images\evo75_jpg.rf.e64134a88a0fe2e1ff003de634ed03da.jpg,0.856509804725647
validation-test,validation,D:\Datasets\Alvaro\Floresta-3-20260714T215823Z-1-001\Floresta-3\test\images\ik_4_04801_png_jpg.rf.2bed20267ac54f770509dc6e2f18b58d.jpg,test,D:\Datasets\Alvaro\Floresta-3-20260714T215823Z-1-001\Floresta-3\valid\images\evo186_jpg.rf.80d5e065d80eea849b99b2c97b243beb.jpg,0.8420011401176453
validation-test,validation,D:\Datasets\Alvaro\Floresta-3-20260714T215823Z-1-001\Floresta-3\test\images\ik_4_04801_png_jpg.rf.b5104e61de9d80c442e8e283c29cb52b.jpg,test,D:\Datasets\Alvaro\Floresta-3-20260714T215823Z-1-001\Floresta-3\valid\images\evo186_jpg.rf.80d5e065d80eea849b99b2c97b243beb.jpg,0.8541703224182129
validation-test,validation,D:\Datasets\Alvaro\Floresta-3-20260714T215823Z-1-001\Floresta-3\test\images\ik_4_04801_png_jpg.rf.c2e7bfaeb913accfb15306b19b8a86fc.jpg,test,D:\Datasets\Alvaro\Floresta-3-20260714T215823Z-1-001\Floresta-3\valid\images\evo186_jpg.rf.80d5e065d80eea849b99b2c97b243beb.jpg,0.8368667960166931
validation-test,validation,D:\Datasets\Alvaro\Floresta-3-20260714T215823Z-1-001\Floresta-3\test\images\ik_4_04851_png_jpg.rf.35a08eacf7f2ec79ff9cb26f743aa3f8.jpg,test,D:\Datasets\Alvaro\Floresta-3-20260714T215823Z-1-001\Floresta-3\valid\images\evo163_jpg.rf.8a0b1e0d24e0571ea2668e78e112b06f.jpg,0.8298110365867615
validation-test,validation,D:\Datasets\Alvaro\Floresta-3-20260714T215823Z-1-001\Floresta-3\test\images\ik_4_04851_png_jpg.rf.481fd6b45f211e3a40f7d6f6663513ce.jpg,test,D:\Datasets\Alvaro\Floresta-3-20260714T215823Z-1-001\Floresta-3\valid\images\evo163_jpg.rf.8a0b1e0d24e0571ea2668e78e112b06f.jpg,0.8307904601097107
validation-test,validation,D:\Datasets\Alvaro\Floresta-3-20260714T215823Z-1-001\Floresta-3\test\images\ik_4_04851_png_jpg.rf.a60b0f66b3a039bc208a4f03b5a7d454.jpg,test,D:\Datasets\Alvaro\Floresta-3-20260714T215823Z-1-001\Floresta-3\valid\images\evo4208_jpg.rf.5cbc0780ad8b69fba895e0a1242450e7.jpg,0.844438910484314
validation-test,validation,D:\Datasets\Alvaro\Floresta-3-20260714T215823Z-1-001\Floresta-3\test\images\ik_4_04901_png_jpg.rf.0483d09d7ae2ddfc6d1c9bb98264e0d9.jpg,test,D:\Datasets\Alvaro\Floresta-3-20260714T215823Z-1-001\Floresta-3\valid\images\evo157_jpg.rf.bf110a78e95679e99cecbd02e8ee03a5.jpg,0.8445720672607422
validation-test,validation,D:\Datasets\Alvaro\Floresta-3-20260714T215823Z-1-001\Floresta-3\test\images\ik_4_04901_png_jpg.rf.0a72023f70e536b24a317bcce5023f2e.jpg,test,D:\Datasets\Alvaro\Floresta-3-20260714T215823Z-1-001\Floresta-3\valid\images\evo157_jpg.rf.bf110a78e95679e99cecbd02e8ee03a5.jpg,0.850727379322052
validation-test,validation,D:\Datasets\Alvaro\Floresta-3-20260714T215823Z-1-001\Floresta-3\test\images\ik_4_04901_png_jpg.rf.4a84deac94d55aa7c3808d00e0bead6a.jpg,test,D:\Datasets\Alvaro\Floresta-3-20260714T215823Z-1-001\Floresta-3\valid\images\evo75_jpg.rf.e64134a88a0fe2e1ff003de634ed03da.jpg,0.8632838726043701
validation-test,validation,D:\Datasets\Alvaro\Floresta-3-20260714T215823Z-1-001\Floresta-3\test\images\ik_4_04901_png_jpg.rf.c4211a43b29e34265ff38bb9938202a5.jpg,test,D:\Datasets\Alvaro\Floresta-3-20260714T215823Z-1-001\Floresta-3\valid\images\evo163_jpg.rf.8a0b1e0d24e0571ea2668e78e112b06f.jpg,0.8205397725105286
validation-test,validation,D:\Datasets\Alvaro\Floresta-3-20260714T215823Z-1-001\Floresta-3\test\images\ik_4_04951_png_jpg.rf.12be94bc1ed18a5084de0b3dbf130db7.jpg,test,D:\Datasets\Alvaro\Floresta-3-20260714T215823Z-1-001\Floresta-3\valid\images\evo157_jpg.rf.bf110a78e95679e99cecbd02e8ee03a5.jpg,0.8685623407363892
validation-test,validation,D:\Datasets\Alvaro\Floresta-3-20260714T215823Z-1-001\Floresta-3\test\images\ik_4_04951_png_jpg.rf.b0745da216def6e64ddb9677e6d0b83e.jpg,test,D:\Datasets\Alvaro\Floresta-3-20260714T215823Z-1-001\Floresta-3\valid\images\evo75_jpg.rf.e64134a88a0fe2e1ff003de634ed03da.jpg,0.8759145736694336
validation-test,validation,D:\Datasets\Alvaro\Floresta-3-20260714T215823Z-1-001\Floresta-3\test\images\ik_4_04951_png_jpg.rf.c7595f3bddce4630635537e5b83eccee.jpg,test,D:\Datasets\Alvaro\Floresta-3-20260714T215823Z-1-001\Floresta-3\valid\images\evo75_jpg.rf.e64134a88a0fe2e1ff003de634ed03da.jpg,0.864585816860199
validation-test,validation,D:\Datasets\Alvaro\Floresta-3-20260714T215823Z-1-001\Floresta-3\test\images\ik_4_05001_png_jpg.rf.3236446a97da04a308e0b7480b0e3045.jpg,test,D:\Datasets\Alvaro\Floresta-3-20260714T215823Z-1-001\Floresta-3\valid\images\evo4264_jpg.rf.4c0e17bbbef3d752cb46d47cd18dd495.jpg,0.8138511180877686
validation-test,validation,D:\Datasets\Alvaro\Floresta-3-20260714T215823Z-1-001\Floresta-3\test\images\ik_4_05001_png_jpg.rf.b6d2db3eecd9592c6f2532717bd9881b.jpg,test,D:\Datasets\Alvaro\Floresta-3-20260714T215823Z-1-001\Floresta-3\valid\images\evo4252_jpg.rf.3d03527b863a271c8ef52d468d3c7f42.jpg,0.8283216953277588
validation-test,validation,D:\Datasets\Alvaro\Floresta-3-20260714T215823Z-1-001\Floresta-3\test\images\ik_4_05001_png_jpg.rf.feacf628ff2ea1e1b8c52e6ae56a723f.jpg,test,D:\Datasets\Alvaro\Floresta-3-20260714T215823Z-1-001\Floresta-3\valid\images\evo163_jpg.rf.15d1e9c4b86a35b13e685bf97bd62960.jpg,0.84989994764328
validation-test,validation,D:\Datasets\Alvaro\Floresta-3-20260714T215823Z-1-001\Floresta-3\test\images\ik_4_05051_png_jpg.rf.442d3e12ebf7efeb5a0841f8c786913d.jpg,test,D:\Datasets\Alvaro\Floresta-3-20260714T215823Z-1-001\Floresta-3\valid\images\evo4208_jpg.rf.cea8bce260d59e5d7078a7541988d905.jpg,0.8318871259689331
validation-test,validation,D:\Datasets\Alvaro\Floresta-3-20260714T215823Z-1-001\Floresta-3\test\images\ik_4_05051_png_jpg.rf.7f5eec2dceeee64a485a59c4a621cb9b.jpg,test,D:\Datasets\Alvaro\Floresta-3-20260714T215823Z-1-001\Floresta-3\valid\images\evo4208_jpg.rf.cea8bce260d59e5d7078a7541988d905.jpg,0.8325119018554688
validation-test,validation,D:\Datasets\Alvaro\Floresta-3-20260714T215823Z-1-001\Floresta-3\test\images\ik_4_05051_png_jpg.rf.f8cb20fdad9fac28aac2dca848081efa.jpg,test,D:\Datasets\Alvaro\Floresta-3-20260714T215823Z-1-001\Floresta-3\valid\images\evo3373_jpg.rf.9a18c2992b425987e2c36fdb2acb7631.jpg,0.8170679807662964
validation-test,validation,D:\Datasets\Alvaro\Floresta-3-20260714T215823Z-1-001\Floresta-3\test\images\ik_4_05251_png_jpg.rf.102399b34a413ee557f5a7b6a7ed18c1.jpg,test,D:\Datasets\Alvaro\Floresta-3-20260714T215823Z-1-001\Floresta-3\valid\images\evo4264_jpg.rf.bb0a4c07b927a7256733bddea4ef3cf3.jpg,0.857441782951355
validation-test,validation,D:\Datasets\Alvaro\Floresta-3-20260714T215823Z-1-001\Floresta-3\test\images\ik_4_05251_png_jpg.rf.1098dab973d4e91a4ab46f4eb819bb17.jpg,test,D:\Datasets\Alvaro\Floresta-3-20260714T215823Z-1-001\Floresta-3\valid\images\evo3377_jpg.rf.c3c62ad592115853c628f131fb0d4b32.jpg,0.8446054458618164
validation-test,validation,D:\Datasets\Alvaro\Floresta-3-20260714T215823Z-1-001\Floresta-3\test\images\ik_4_05251_png_jpg.rf.804f8238153b1c8dc5946165404c4b97.jpg,test,D:\Datasets\Alvaro\Floresta-3-20260714T215823Z-1-001\Floresta-3\valid\images\evo4260_jpg.rf.c101b3c456bc7d1f64b1f4289f12748c.jpg,0.867957353591919
validation-test,validation,D:\Datasets\Alvaro\Floresta-3-20260714T215823Z-1-001\Floresta-3\test\images\ik_4_05301_png_jpg.rf.a378e00f77a1e5cbc9cfb6c3ff529d96.jpg,test,D:\Datasets\Alvaro\Floresta-3-20260714T215823Z-1-001\Floresta-3\valid\images\evo4224_jpg.rf.980bf13fde14ae56b94d1ac86a572872.jpg,0.8855680227279663
validation-test,validation,D:\Datasets\Alvaro\Floresta-3-20260714T215823Z-1-001\Floresta-3\test\images\ik_4_05301_png_jpg.rf.b415acb3ebf2381912346ec961471975.jpg,test,D:\Datasets\Alvaro\Floresta-3-20260714T215823Z-1-001\Floresta-3\valid\images\evo4224_jpg.rf.805cc228931b6d69faff821db65f94ba.jpg,0.8644568920135498
validation-test,validation,D:\Datasets\Alvaro\Floresta-3-20260714T215823Z-1-001\Floresta-3\test\images\ik_4_05301_png_jpg.rf.eeb9e94008d010d5faeb3e3fa0e81118.jpg,test,D:\Datasets\Alvaro\Floresta-3-20260714T215823Z-1-001\Floresta-3\valid\images\evo4224_jpg.rf.980bf13fde14ae56b94d1ac86a572872.jpg,0.8861802220344543
validation-test,validation,D:\Datasets\Alvaro\Floresta-3-20260714T215823Z-1-001\Floresta-3\test\images\ik_4_05351_png_jpg.rf.40b7d534fc8f168adfc589bbf4ded23f.jpg,test,D:\Datasets\Alvaro\Floresta-3-20260714T215823Z-1-001\Floresta-3\valid\images\evo4256_jpg.rf.22a984e9087f9e533f2c1013398bb12c.jpg,0.8224492073059082
validation-test,validation,D:\Datasets\Alvaro\Floresta-3-20260714T215823Z-1-001\Floresta-3\test\images\ik_4_05351_png_jpg.rf.77e804768ac529703967edee6a49dfff.jpg,test,D:\Datasets\Alvaro\Floresta-3-20260714T215823Z-1-001\Floresta-3\valid\images\evo163_jpg.rf.8a0b1e0d24e0571ea2668e78e112b06f.jpg,0.8293272256851196
validation-test,validation,D:\Datasets\Alvaro\Floresta-3-20260714T215823Z-1-001\Floresta-3\test\images\ik_4_05351_png_jpg.rf.d3ae84f41535617ef30e13640762f5a3.jpg,test,D:\Datasets\Alvaro\Floresta-3-20260714T215823Z-1-001\Floresta-3\valid\images\evo160_jpg.rf.89988a2de0ea0973d8fb07dcab09eaea.jpg,0.8305691480636597
validation-test,validation,D:\Datasets\Alvaro\Floresta-3-20260714T215823Z-1-001\Floresta-3\test\images\ik_4_05451_png_jpg.rf.b8b92c5c4398e61bbbeca78655183682.jpg,test,D:\Datasets\Alvaro\Floresta-3-20260714T215823Z-1-001\Floresta-3\valid\images\evo4256_jpg.rf.22a984e9087f9e533f2c1013398bb12c.jpg,0.821753978729248
validation-test,validation,D:\Datasets\Alvaro\Floresta-3-20260714T215823Z-1-001\Floresta-3\test\images\ik_4_05451_png_jpg.rf.f91997efb62b7e486386842c06f8f5e9.jpg,test,D:\Datasets\Alvaro\Floresta-3-20260714T215823Z-1-001\Floresta-3\valid\images\evo4256_jpg.rf.22a984e9087f9e533f2c1013398bb12c.jpg,0.8508399724960327
validation-test,validation,D:\Datasets\Alvaro\Floresta-3-20260714T215823Z-1-001\Floresta-3\test\images\ik_4_05501_png_jpg.rf.7d80be41924c89997a8558cb23a4f1af.jpg,test,D:\Datasets\Alvaro\Floresta-3-20260714T215823Z-1-001\Floresta-3\valid\images\evo191_jpg.rf.3205ad99e40f17811b3c28051cbf7bb6.jpg,0.8112272024154663
validation-test,validation,D:\Datasets\Alvaro\Floresta-3-20260714T215823Z-1-001\Floresta-3\test\images\ik_4_05501_png_jpg.rf.a0747d72c01764fc42e34a4d5889f2f6.jpg,test,D:\Datasets\Alvaro\Floresta-3-20260714T215823Z-1-001\Floresta-3\valid\images\evo4204_jpg.rf.45c6539ed2fbfafe00e2d9afcc169f5e.jpg,0.7782336473464966
validation-test,validation,D:\Datasets\Alvaro\Floresta-3-20260714T215823Z-1-001\Floresta-3\test\images\ik_4_05551_png_jpg.rf.04834a623414138440e4127acc2b5ff5.jpg,test,D:\Datasets\Alvaro\Floresta-3-20260714T215823Z-1-001\Floresta-3\valid\images\evo4208_jpg.rf.b8422916949bd214932f0698e7660ceb.jpg,0.844186544418335
validation-test,validation,D:\Datasets\Alvaro\Floresta-3-20260714T215823Z-1-001\Floresta-3\test\images\ik_4_05551_png_jpg.rf.48310992404ee1f7fc2cea893abdc4a8.jpg,test,D:\Datasets\Alvaro\Floresta-3-20260714T215823Z-1-001\Floresta-3\valid\images\evo4224_jpg.rf.eda7d145aede335a64f3e6f351d818e8.jpg,0.8833950757980347
validation-test,validation,D:\Datasets\Alvaro\Floresta-3-20260714T215823Z-1-001\Floresta-3\test\images\ik_4_05551_png_jpg.rf.64a947f1bc7899191b349b0a895d0775.jpg,test,D:\Datasets\Alvaro\Floresta-3-20260714T215823Z-1-001\Floresta-3\valid\images\evo4256_jpg.rf.22a984e9087f9e533f2c1013398bb12c.jpg,0.8491814136505127
validation-test,validation,D:\Datasets\Alvaro\Floresta-3-20260714T215823Z-1-001\Floresta-3\test\images\ik_4_05551_png_jpg.rf.7dd91fdbbc64ea7fa59eb19dd3dbc86b.jpg,test,D:\Datasets\Alvaro\Floresta-3-20260714T215823Z-1-001\Floresta-3\valid\images\evo4224_jpg.rf.eda7d145aede335a64f3e6f351d818e8.jpg,0.8409485220909119
validation-test,validation,D:\Datasets\Alvaro\Floresta-3-20260714T215823Z-1-001\Floresta-3\test\images\ik_4_05551_png_jpg.rf.e0e42354f35cf16fb75ef0b3b5f5da2d.jpg,test,D:\Datasets\Alvaro\Floresta-3-20260714T215823Z-1-001\Floresta-3\valid\images\evo4208_jpg.rf.5cbc0780ad8b69fba895e0a1242450e7.jpg,0.853975772857666
validation-test,validation,D:\Datasets\Alvaro\Floresta-3-20260714T215823Z-1-001\Floresta-3\test\images\ik_4_05551_png_jpg.rf.fda2fc3f6ef9c8ab18e591765d77ab0c.jpg,test,D:\Datasets\Alvaro\Floresta-3-20260714T215823Z-1-001\Floresta-3\valid\images\evo4224_jpg.rf.eda7d145aede335a64f3e6f351d818e8.jpg,0.8442878723144531
validation-test,validation,D:\Datasets\Alvaro\Floresta-3-20260714T215823Z-1-001\Floresta-3\test\images\ik_4_05601_png_jpg.rf.12f31f8219f2a81122d1d29c2118dccb.jpg,test,D:\Datasets\Alvaro\Floresta-3-20260714T215823Z-1-001\Floresta-3\valid\images\evo4224_jpg.rf.eda7d145aede335a64f3e6f351d818e8.jpg,0.8884239792823792
validation-test,validation,D:\Datasets\Alvaro\Floresta-3-20260714T215823Z-1-001\Floresta-3\test\images\ik_4_05601_png_jpg.rf.98da66d7bcd804710965326b4a17fe72.jpg,test,D:\Datasets\Alvaro\Floresta-3-20260714T215823Z-1-001\Floresta-3\valid\images\evo4208_jpg.rf.5cbc0780ad8b69fba895e0a1242450e7.jpg,0.8127530813217163
validation-test,validation,D:\Datasets\Alvaro\Floresta-3-20260714T215823Z-1-001\Floresta-3\test\images\ik_4_05601_png_jpg.rf.995bbdb63c9838249f74799ad9d1d194.jpg,test,D:\Datasets\Alvaro\Floresta-3-20260714T215823Z-1-001\Floresta-3\valid\images\evo4224_jpg.rf.eda7d145aede335a64f3e6f351d818e8.jpg,0.8789699077606201
validation-test,validation,D:\Datasets\Alvaro\Floresta-3-20260714T215823Z-1-001\Floresta-3\test\images\ik_4_05601_png_jpg.rf.f76fa16fa3ca20691640db6c8ce4997b.jpg,test,D:\Datasets\Alvaro\Floresta-3-20260714T215823Z-1-001\Floresta-3\valid\images\evo4208_jpg.rf.5cbc0780ad8b69fba895e0a1242450e7.jpg,0.8591020703315735
validation-test,validation,D:\Datasets\Alvaro\Floresta-3-20260714T215823Z-1-001\Floresta-3\test\images\ik_4_05601_png_jpg.rf.ffae46923876057f08f449844620c672.jpg,test,D:\Datasets\Alvaro\Floresta-3-20260714T215823Z-1-001\Floresta-3\valid\images\evo4208_jpg.rf.5cbc0780ad8b69fba895e0a1242450e7.jpg,0.8472259044647217
validation-test,validation,D:\Datasets\Alvaro\Floresta-3-20260714T215823Z-1-001\Floresta-3\test\images\ik_4_05651_png_jpg.rf.b366e4fd7a7eb34d070e3cc669f8750d.jpg,test,D:\Datasets\Alvaro\Floresta-3-20260714T215823Z-1-001\Floresta-3\valid\images\evo4228_jpg.rf.662d45ec71d7ac583e91a60b01d0e101.jpg,0.8846249580383301
validation-test,validation,D:\Datasets\Alvaro\Floresta-3-20260714T215823Z-1-001\Floresta-3\test\images\ik_4_05751_png_jpg.rf.6b7fae1319a8464867e01701b2797389.jpg,test,D:\Datasets\Alvaro\Floresta-3-20260714T215823Z-1-001\Floresta-3\valid\images\evo4228_jpg.rf.662d45ec71d7ac583e91a60b01d0e101.jpg,0.9197587966918945
validation-test,validation,D:\Datasets\Alvaro\Floresta-3-20260714T215823Z-1-001\Floresta-3\test\images\ik_4_05751_png_jpg.rf.77b8741d0f75b2267b900ac558d0f65f.jpg,test,D:\Datasets\Alvaro\Floresta-3-20260714T215823Z-1-001\Floresta-3\valid\images\evo4228_jpg.rf.662d45ec71d7ac583e91a60b01d0e101.jpg,0.9008569717407227
validation-test,validation,D:\Datasets\Alvaro\Floresta-3-20260714T215823Z-1-001\Floresta-3\test\images\ik_4_05751_png_jpg.rf.d6f2fe5adfa708b2156c9e5de8fd17b6.jpg,test,D:\Datasets\Alvaro\Floresta-3-20260714T215823Z-1-001\Floresta-3\valid\images\evo4228_jpg.rf.662d45ec71d7ac583e91a60b01d0e101.jpg,0.8932622671127319
validation-test,validation,D:\Datasets\Alvaro\Floresta-3-20260714T215823Z-1-001\Floresta-3\test\images\imagem23_jpg.rf.6ac4a85f02d415b138ea314d65690fa3.jpg,test,D:\Datasets\Alvaro\Floresta-3-20260714T215823Z-1-001\Floresta-3\valid\images\273002_sat_71_jpg.rf.16e3a72c30a187b451f7bdf347602395.jpg,0.7778803706169128
validation-test,validation,D:\Datasets\Alvaro\Floresta-3-20260714T215823Z-1-001\Floresta-3\test\images\imagem24_jpg.rf.7474bb7ac2d9450c1b5b5253aaa858ff.jpg,test,D:\Datasets\Alvaro\Floresta-3-20260714T215823Z-1-001\Floresta-3\valid\images\273002_sat_71_jpg.rf.16e3a72c30a187b451f7bdf347602395.jpg,0.8534180521965027
validation-test,validation,D:\Datasets\Alvaro\Floresta-3-20260714T215823Z-1-001\Floresta-3\test\images\imagem2_jpg.rf.6209417cf626d65d571fa0e810a60759.jpg,test,D:\Datasets\Alvaro\Floresta-3-20260714T215823Z-1-001\Floresta-3\valid\images\imagem74_jpg.rf.8281b8b45f42ed6a42983b593b2086fc.jpg,0.7887201309204102
validation-test,validation,D:\Datasets\Alvaro\Floresta-3-20260714T215823Z-1-001\Floresta-3\test\images\imagem30_jpg.rf.ee343c5cecd107e081b39d8dc6aee2a0.jpg,test,D:\Datasets\Alvaro\Floresta-3-20260714T215823Z-1-001\Floresta-3\valid\images\imagem28_jpg.rf.b05d78721902dc8897a32998f4acb99d.jpg,0.8381661772727966
validation-test,validation,D:\Datasets\Alvaro\Floresta-3-20260714T215823Z-1-001\Floresta-3\test\images\imagem33_jpg.rf.c38aba9d1215aa4a213afa0c0abc9759.jpg,test,D:\Datasets\Alvaro\Floresta-3-20260714T215823Z-1-001\Floresta-3\valid\images\0-13-54_png_jpg.rf.12c375a1b250a5788d73edb8510c0e8c.jpg,0.8027634620666504
validation-test,validation,D:\Datasets\Alvaro\Floresta-3-20260714T215823Z-1-001\Floresta-3\test\images\imagem34_jpg.rf.d41c0e988dec12a04a9885180a69aaf6.jpg,test,D:\Datasets\Alvaro\Floresta-3-20260714T215823Z-1-001\Floresta-3\valid\images\1-9-1_png_jpg.rf.8bef805ce6cb3e9712fcdc80b4d39069.jpg,0.8012134432792664
validation-test,validation,D:\Datasets\Alvaro\Floresta-3-20260714T215823Z-1-001\Floresta-3\test\images\imagem36_jpg.rf.2afe30c5f6bdb5d101f012c8fc62ea6f.jpg,test,D:\Datasets\Alvaro\Floresta-3-20260714T215823Z-1-001\Floresta-3\valid\images\imagem59_jpg.rf.1add3934ebae853a287d12fb9f91bf8e.jpg,0.8293888568878174
validation-test,validation,D:\Datasets\Alvaro\Floresta-3-20260714T215823Z-1-001\Floresta-3\test\images\imagem38_jpg.rf.d1303465496b88ed6ae44e0d7c82bd85.jpg,test,D:\Datasets\Alvaro\Floresta-3-20260714T215823Z-1-001\Floresta-3\valid\images\1-3-6_png_jpg.rf.7096ca17b79d641b9a920e19b7d2965d.jpg,0.8580702543258667
validation-test,validation,D:\Datasets\Alvaro\Floresta-3-20260714T215823Z-1-001\Floresta-3\test\images\imagem66_jpg.rf.f3b6d3b2282962f5597da04d92348c9f.jpg,test,D:\Datasets\Alvaro\Floresta-3-20260714T215823Z-1-001\Floresta-3\valid\images\0-8-9_png_jpg.rf.774c5cc9a10522f8439ae83f9e961ecb.jpg,0.7873708605766296
validation-test,validation,D:\Datasets\Alvaro\Floresta-3-20260714T215823Z-1-001\Floresta-3\test\images\imagem77_jpg.rf.83740d09f99cd8900474b20f776a3c19.jpg,test,D:\Datasets\Alvaro\Floresta-3-20260714T215823Z-1-001\Floresta-3\valid\images\imagem59_jpg.rf.1add3934ebae853a287d12fb9f91bf8e.jpg,0.800261378288269
validation-test,validation,D:\Datasets\Alvaro\Floresta-3-20260714T215823Z-1-001\Floresta-3\test\images\imagem7_jpg.rf.f9ce973f04bcec8fb0a2b0a60074cdb7.jpg,test,D:\Datasets\Alvaro\Floresta-3-20260714T215823Z-1-001\Floresta-3\valid\images\imagem37_jpg.rf.4e43099ab034e7ae9d502e7d8067d431.jpg,0.7933375835418701
validation-test,validation,D:\Datasets\Alvaro\Floresta-3-20260714T215823Z-1-001\Floresta-3\test\images\Mata_MP4-10_jpg.rf.12b0a4c38c8eb7b39c47a1a392fbd4b6.jpg,test,D:\Datasets\Alvaro\Floresta-3-20260714T215823Z-1-001\Floresta-3\valid\images\Fazenda-01_MP4-110_jpg.rf.0bb3e6ec65372dd4b0ce3f920080042b.jpg,0.8497387170791626
validation-test,validation,D:\Datasets\Alvaro\Floresta-3-20260714T215823Z-1-001\Floresta-3\test\images\Mata_MP4-10_jpg.rf.77bb4bf3ec44d025719409c10b013246.jpg,test,D:\Datasets\Alvaro\Floresta-3-20260714T215823Z-1-001\Floresta-3\valid\images\Fazenda-01_MP4-110_jpg.rf.0bb3e6ec65372dd4b0ce3f920080042b.jpg,0.8333332538604736
validation-test,validation,D:\Datasets\Alvaro\Floresta-3-20260714T215823Z-1-001\Floresta-3\test\images\Mata_MP4-10_jpg.rf.cbad201b0e4d5a55fcd1c5d8e68f7f46.jpg,test,D:\Datasets\Alvaro\Floresta-3-20260714T215823Z-1-001\Floresta-3\valid\images\Fazenda-01_MP4-27_jpg.rf.2627cd4600804b9c4e4792aaaf6a7490.jpg,0.8636775016784668
validation-test,validation,D:\Datasets\Alvaro\Floresta-3-20260714T215823Z-1-001\Floresta-3\test\images\Mata_MP4-12_jpg.rf.11c908dfe746dc506490ccf23be7c7e8.jpg,test,D:\Datasets\Alvaro\Floresta-3-20260714T215823Z-1-001\Floresta-3\valid\images\Cafezal-01_MP4-107_jpg.rf.6f32b3afdf34b031e564ada98d693276.jpg,0.8780524134635925
validation-test,validation,D:\Datasets\Alvaro\Floresta-3-20260714T215823Z-1-001\Floresta-3\test\images\Mata_MP4-14_jpg.rf.91e6ea2664a394d5f6f0ebd6258d98ba.jpg,test,D:\Datasets\Alvaro\Floresta-3-20260714T215823Z-1-001\Floresta-3\valid\images\Cafezal-01_MP4-106_jpg.rf.dd55023bc6ddc984fb64cfbfa6011efb.jpg,0.8754453659057617
validation-test,validation,D:\Datasets\Alvaro\Floresta-3-20260714T215823Z-1-001\Floresta-3\test\images\Mata_MP4-24_jpg.rf.7c2dc6630452d394a1a4f886ccc8a73d.jpg,test,D:\Datasets\Alvaro\Floresta-3-20260714T215823Z-1-001\Floresta-3\valid\images\Soja_MP4-9_jpg.rf.bbabd90ac5f0c7ba2ffffe4bbf9b37c1.jpg,0.8663579821586609
validation-test,validation,D:\Datasets\Alvaro\Floresta-3-20260714T215823Z-1-001\Floresta-3\test\images\Mata_MP4-24_jpg.rf.fa2e36a44831637103e12f7dc38ffd13.jpg,test,D:\Datasets\Alvaro\Floresta-3-20260714T215823Z-1-001\Floresta-3\valid\images\Soja_MP4-9_jpg.rf.8dd2de87c33d1278d34b07b3f0dffb1d.jpg,0.882257342338562
validation-test,validation,D:\Datasets\Alvaro\Floresta-3-20260714T215823Z-1-001\Floresta-3\test\images\Mata_MP4-72_jpg.rf.62dcecee62bdac40c80f89788cec07c7.jpg,test,D:\Datasets\Alvaro\Floresta-3-20260714T215823Z-1-001\Floresta-3\valid\images\Cafezal-01_MP4-60_jpg.rf.445a8aaf41c6386303931da96e94d1d0.jpg,0.8949935436248779
validation-test,validation,D:\Datasets\Alvaro\Floresta-3-20260714T215823Z-1-001\Floresta-3\test\images\Mata_MP4-84_jpg.rf.60fd520524ea5b76a43cf774b9a100b3.jpg,test,D:\Datasets\Alvaro\Floresta-3-20260714T215823Z-1-001\Floresta-3\valid\images\Cafezal-01_MP4-60_jpg.rf.445a8aaf41c6386303931da96e94d1d0.jpg,0.8801221251487732
validation-test,validation,D:\Datasets\Alvaro\Floresta-3-20260714T215823Z-1-001\Floresta-3\test\images\Mata_MP4-84_jpg.rf.a7c2ef264024b2e22eebad3757d5861a.jpg,test,D:\Datasets\Alvaro\Floresta-3-20260714T215823Z-1-001\Floresta-3\valid\images\Fazenda-01_MP4-110_jpg.rf.0bb3e6ec65372dd4b0ce3f920080042b.jpg,0.8717682361602783
validation-test,validation,D:\Datasets\Alvaro\Floresta-3-20260714T215823Z-1-001\Floresta-3\test\images\sh6_jpg.rf.587bf670b656512d4256803a45621c41.jpg,test,D:\Datasets\Alvaro\Floresta-3-20260714T215823Z-1-001\Floresta-3\valid\images\sh6_jpg.rf.a076bfb1789d28104540ac963844b065.jpg,0.9345226883888245
validation-test,validation,D:\Datasets\Alvaro\Floresta-3-20260714T215823Z-1-001\Floresta-3\test\images\Soja_MP4-0_jpg.rf.11007ba7d47481d473c85cb974eff0f5.jpg,test,D:\Datasets\Alvaro\Floresta-3-20260714T215823Z-1-001\Floresta-3\valid\images\Soja_MP4-0_jpg.rf.ed18ada9f9c0debfa6459e3ccb1652c6.jpg,0.9646313190460205
validation-test,validation,D:\Datasets\Alvaro\Floresta-3-20260714T215823Z-1-001\Floresta-3\test\images\Soja_MP4-0_jpg.rf.ac8594891c4b2ad6303768a7c78d506a.jpg,test,D:\Datasets\Alvaro\Floresta-3-20260714T215823Z-1-001\Floresta-3\valid\images\Soja_MP4-0_jpg.rf.2f344a1182f00c82775cd766e5e86f80.jpg,0.9645711779594421
validation-test,validation,D:\Datasets\Alvaro\Floresta-3-20260714T215823Z-1-001\Floresta-3\test\images\Soja_MP4-3_jpg.rf.766bbc9a9ba2bacd4f7f94d074b0fd61.jpg,test,D:\Datasets\Alvaro\Floresta-3-20260714T215823Z-1-001\Floresta-3\valid\images\Soja_MP4-4_jpg.rf.6bbe3d46ae5918dad9573191b0449d82.jpg,0.95903480052948
validation-test,validation,D:\Datasets\Alvaro\Floresta-3-20260714T215823Z-1-001\Floresta-3\test\images\Soja_MP4-4_jpg.rf.2503f4719a1139d1d574a1c11b0087f0.jpg,test,D:\Datasets\Alvaro\Floresta-3-20260714T215823Z-1-001\Floresta-3\valid\images\Soja_MP4-4_jpg.rf.6bbe3d46ae5918dad9573191b0449d82.jpg,0.8934127688407898
validation-test,validation,D:\Datasets\Alvaro\Floresta-3-20260714T215823Z-1-001\Floresta-3\test\images\Soja_MP4-4_jpg.rf.2c182014cc5c921f95360e1886f048d7.jpg,test,D:\Datasets\Alvaro\Floresta-3-20260714T215823Z-1-001\Floresta-3\valid\images\Soja_MP4-4_jpg.rf.6bbe3d46ae5918dad9573191b0449d82.jpg,0.9621330499649048
validation-test,validation,D:\Datasets\Alvaro\Floresta-3-20260714T215823Z-1-001\Floresta-3\test\images\Soja_MP4-6_jpg.rf.51f2f41481e20e3524bd257cc3e528f4.jpg,test,D:\Datasets\Alvaro\Floresta-3-20260714T215823Z-1-001\Floresta-3\valid\images\Soja_MP4-6_jpg.rf.f5dbc03750f519b2d87379f45723cd23.jpg,0.9635705351829529
validation-test,validation,D:\Datasets\Alvaro\Floresta-3-20260714T215823Z-1-001\Floresta-3\test\images\Soja_MP4-7_jpg.rf.8768b857fa08096bbc21a67b408674de.jpg,test,D:\Datasets\Alvaro\Floresta-3-20260714T215823Z-1-001\Floresta-3\valid\images\Soja_MP4-6_jpg.rf.2d1985ef274e5a114ed0c9c2c6632356.jpg,0.9207168221473694
