model,image,iou,dice,precision,recall,pixel_accuracy,inference_time_s
U-Net,train_S2A_MSIL2A_20200111T142701_N0213_R053_T20NQG_20200111T164651_01_07.png,0.0,0.0,0.0,0.0,0.3524627685546875,0.9007809000031557
U-Net,train_S2A_MSIL2A_20200111T142701_N0213_R053_T20NQG_20200111T164651_01_13.png,0.001004062952412086,0.00200611164244559,1.0,0.001004062952412086,0.3471832275390625,0.013962800003355369
U-Net,train_S2A_MSIL2A_20200111T142701_N0213_R053_T20NQG_20200111T164651_02_03.png,0.0,0.0,0.0,0.0,0.4564056396484375,0.014108400006080046
U-Net,train_S2A_MSIL2A_20200111T142701_N0213_R053_T20NQG_20200111T164651_02_04.png,0.00022501526889324633,0.0004499292968247847,0.7777777777777778,0.00022502973607226669,0.525421142578125,0.01589619999867864
U-Net,train_S2A_MSIL2A_20200111T142701_N0213_R053_T20NQG_20200111T164651_02_07.png,0.00031209362808842653,0.000623992512089855,0.5454545454545454,0.0003121748178980229,0.7067413330078125,0.014413400000194088
U-Net,train_S2A_MSIL2A_20200111T142701_N0213_R053_T20NQG_20200111T164651_02_10.png,7.641608558601586e-05,0.00015282049322814189,0.26666666666666666,7.643214736118012e-05,0.2013397216796875,0.01377160000265576
U-Net,train_S2A_MSIL2A_20200111T142701_N0213_R053_T20NQG_20200111T164651_02_11.png,0.0012514886659534528,0.002499848799467774,0.6666666666666666,0.0012522722682286407,0.2450103759765625,0.013809099997160956
U-Net,train_S2A_MSIL2A_20200111T142701_N0213_R053_T20NQG_20200111T164651_03_05.png,0.0,0.0,0.0,0.0,0.4405670166015625,0.0143374000035692
U-Net,train_S2A_MSIL2A_20200111T142701_N0213_R053_T20NQG_20200111T164651_03_06.png,0.0001285644493584634,0.00025709584533113944,0.35714285714285715,0.00012859420811686643,0.406646728515625,0.012991099996725097
U-Net,train_S2A_MSIL2A_20200111T142701_N0213_R053_T20NQG_20200111T164651_03_11.png,0.0,0.0,0.0,0.0,0.11578369140625,0.013105300022289157
U-Net,train_S2A_MSIL2A_20200111T142701_N0213_R053_T20NQG_20200111T164651_04_07.png,0.0,0.0,0.0,0.0,0.7891998291015625,0.01315519999479875
U-Net,train_S2A_MSIL2A_20200111T142701_N0213_R053_T20NQG_20200111T164651_04_08.png,0.0,0.0,0.0,0.0,0.717437744140625,0.013306099979672581
U-Net,train_S2A_MSIL2A_20200111T142701_N0213_R053_T20NQG_20200111T164651_04_09.png,0.0,0.0,0.0,0.0,0.42974853515625,0.013155699998605996
U-Net,train_S2A_MSIL2A_20200111T142701_N0213_R053_T20NQG_20200111T164651_04_10.png,0.0007812916170960811,0.0015613633540923688,0.9777777777777777,0.0007813054904467647,0.1413421630859375,0.015753100014990196
U-Net,train_S2A_MSIL2A_20200111T142701_N0213_R053_T20NQG_20200111T164651_04_11.png,0.0,0.0,0.0,0.0,0.1552581787109375,0.014845099998638034
U-Net,train_S2A_MSIL2A_20200111T142701_N0213_R053_T20NQG_20200111T164651_05_05.png,0.0,0.0,0.0,0.0,0.517120361328125,0.014646299998275936
U-Net,train_S2A_MSIL2A_20200111T142701_N0213_R053_T20NQG_20200111T164651_05_06.png,3.227784771311449e-05,6.45536117745788e-05,1.0,3.227784771311449e-05,0.52728271484375,0.012433299998519942
U-Net,train_S2A_MSIL2A_20200111T142701_N0213_R053_T20NQG_20200111T164651_05_07.png,0.0,0.0,0.0,0.0,0.6261749267578125,0.015306000015698373
U-Net,train_S2A_MSIL2A_20200111T142701_N0213_R053_T20NQG_20200111T164651_05_11.png,0.0,0.0,0.0,0.0,0.03887939453125,0.01456270000198856
U-Net,train_S2A_MSIL2A_20200111T142701_N0213_R053_T20NQG_20200111T164651_06_01.png,0.0005239717055279015,0.0010473946059177796,1.0,0.0005239717055279015,0.068603515625,0.012687300011748448
U-Net,train_S2A_MSIL2A_20200111T142701_N0213_R053_T20NQG_20200111T164651_06_06.png,0.00042766610940476654,0.000854966578579201,0.9166666666666666,0.0004276827371695179,0.21539306640625,0.012745399988489226
U-Net,train_S2A_MSIL2A_20200111T142701_N0213_R053_T20NQG_20200111T164651_06_07.png,0.0008378913068776911,0.0016743796655891722,0.8780487804878049,0.0008379888268156424,0.3449554443359375,0.01326629999675788
U-Net,train_S2A_MSIL2A_20200111T142701_N0213_R053_T20NQG_20200111T164651_06_09.png,0.0,0.0,0.0,0.0,0.431671142578125,0.013095200003590435
U-Net,train_S2A_MSIL2A_20200111T142701_N0213_R053_T20NQG_20200111T164651_06_10.png,0.0,0.0,0.0,0.0,0.055389404296875,0.012701200001174584
U-Net,train_S2A_MSIL2A_20200111T142701_N0213_R053_T20NQG_20200111T164651_06_13.png,0.0,0.0,0.0,0.0,0.322723388671875,0.013900899997679517
U-Net,train_S2A_MSIL2A_20200111T142701_N0213_R053_T20NQG_20200111T164651_06_14.png,0.0,0.0,0.0,0.0,0.4719390869140625,0.012773800001014024
U-Net,train_S2A_MSIL2A_20200111T142701_N0213_R053_T20NQG_20200111T164651_07_01.png,0.00012733987011333248,0.00025464731347084286,0.5454545454545454,0.00012735338441619085,0.2811279296875,0.01474199999938719
U-Net,train_S2A_MSIL2A_20200111T142701_N0213_R053_T20NQG_20200111T164651_07_02.png,0.0,0.0,0.0,0.0,0.1866455078125,0.012537999980850145
U-Net,train_S2A_MSIL2A_20200111T142701_N0213_R053_T20NQG_20200111T164651_07_03.png,0.00012591683193250857,0.00025180195776022157,1.0,0.00012591683193250857,0.030670166015625,0.01258040001266636
U-Net,train_S2A_MSIL2A_20200111T142701_N0213_R053_T20NQG_20200111T164651_07_04.png,0.001032334181322125,0.002062539132996943,0.9032258064516129,0.001032448377581121,0.173126220703125,0.012464300001738593
U-Net,train_S2A_MSIL2A_20200111T142701_N0213_R053_T20NQG_20200111T164651_07_05.png,0.00018838600291998304,0.00037670104063662477,0.8888888888888888,0.00018839043918521134,0.352142333984375,0.012496700015617535
U-Net,train_S2A_MSIL2A_20200111T142701_N0213_R053_T20NQG_20200111T164651_07_06.png,0.0,0.0,0.0,0.0,0.3081207275390625,0.012795400019967929
U-Net,train_S2A_MSIL2A_20200111T142701_N0213_R053_T20NQG_20200111T164651_07_09.png,0.0,0.0,0.0,0.0,0.1577301025390625,0.012601700000232086
U-Net,train_S2A_MSIL2A_20200111T142701_N0213_R053_T20NQG_20200111T164651_07_11.png,0.0009031610637230306,0.00180469219971927,0.8653846153846154,0.0009032879682042635,0.24041748046875,0.012840600014897063
U-Net,train_S2A_MSIL2A_20200111T142701_N0213_R053_T20NQG_20200111T164651_07_12.png,0.03476385594134138,0.06719186361552248,0.9595238095238096,0.03481491080298907,0.317047119140625,0.012477300013415515
U-Net,train_S2A_MSIL2A_20200111T142701_N0213_R053_T20NQG_20200111T164651_07_13.png,0.0,0.0,0.0,0.0,0.1943511962890625,0.01237589999800548
U-Net,train_S2A_MSIL2A_20200111T142701_N0213_R053_T20NQG_20200111T164651_07_14.png,0.0,0.0,0.0,0.0,0.3763885498046875,0.012466100015444681
U-Net,train_S2A_MSIL2A_20200111T142701_N0213_R053_T20NQG_20200111T164651_07_15.png,0.0,0.0,0.0,0.0,0.5633087158203125,0.01230040000518784
U-Net,train_S2A_MSIL2A_20200111T142701_N0213_R053_T20NQG_20200111T164651_08_01.png,8.253276550790665e-05,0.00016505190882532556,1.0,8.253276550790665e-05,0.0756683349609375,0.012590400001499802
U-Net,train_S2A_MSIL2A_20200111T142701_N0213_R053_T20NQG_20200111T164651_08_09.png,0.0027986493474888205,0.005581677536781435,1.0,0.0027986493474888205,0.4998016357421875,0.012424200016539544
U-Net,train_S2A_MSIL2A_20200111T142701_N0213_R053_T20NQG_20200111T164651_08_10.png,0.0016779044837336482,0.0033501876725501754,1.0,0.0016779044837336482,0.5097503662109375,0.012299300025915727
U-Net,train_S2A_MSIL2A_20200111T142701_N0213_R053_T20NQG_20200111T164651_08_14.png,0.0019327084935264656,0.003857960673691197,0.9789473684210527,0.0019327888272336181,0.267181396484375,0.01255210000090301
U-Net,train_S2A_MSIL2A_20200111T142701_N0213_R053_T20NQG_20200111T164651_09_01.png,0.001989195935799676,0.003970493781506062,0.6,0.0019918373723368937,0.2191314697265625,0.012293300009332597
U-Net,train_S2A_MSIL2A_20200111T142701_N0213_R053_T20NQG_20200111T164651_09_02.png,0.0,0.0,0.0,0.0,0.3633575439453125,0.012795999995432794
U-Net,train_S2A_MSIL2A_20200111T142701_N0213_R053_T20NQG_20200111T164651_09_03.png,0.0,0.0,0.0,0.0,0.9460296630859375,0.012810500018531457
U-Net,train_S2A_MSIL2A_20200111T142701_N0213_R053_T20NQG_20200111T164651_09_07.png,0.0,0.0,0.0,0.0,0.7736663818359375,0.012419999984558672
U-Net,train_S2A_MSIL2A_20200111T142701_N0213_R053_T20NQG_20200111T164651_09_08.png,0.001175022381378693,0.002347286648409993,0.5915492957746479,0.0011759764804703905,0.455230712890625,0.01249279998592101
U-Net,train_S2A_MSIL2A_20200111T142701_N0213_R053_T20NQG_20200111T164651_09_09.png,0.0,0.0,0.0,0.0,0.1646270751953125,0.012437600002158433
U-Net,train_S2A_MSIL2A_20200111T142701_N0213_R053_T20NQG_20200111T164651_09_10.png,0.0,0.0,0.0,0.0,0.047943115234375,0.012412099982611835
U-Net,train_S2A_MSIL2A_20200111T142701_N0213_R053_T20NQG_20200111T164651_09_12.png,0.001472016957635352,0.0029397066172795953,1.0,0.001472016957635352,0.4824676513671875,0.012644400005228817
U-Net,train_S2A_MSIL2A_20200111T142701_N0213_R053_T20NQG_20200111T164651_09_13.png,0.00033715441672285906,0.0006740815638692282,1.0,0.00033715441672285906,0.6380615234375,0.01251509998110123
U-Net,train_S2A_MSIL2A_20200111T142701_N0213_R053_T20NQG_20200111T164651_09_15.png,0.007036263821232506,0.013974201474201474,0.978494623655914,0.007037352099605599,0.412139892578125,0.01260679998085834
U-Net,train_S2A_MSIL2A_20200111T142701_N0213_R053_T20NQG_20200111T164651_09_16.png,0.0,0.0,0.0,0.0,0.6819610595703125,0.012470300018321723
U-Net,train_S2A_MSIL2A_20200111T142701_N0213_R053_T20NQG_20200111T164651_10_01.png,0.0006279168434450572,0.0012550456226043893,0.7708333333333334,0.0006280340835794549,0.1014404296875,0.012392799981171265
U-Net,train_S2A_MSIL2A_20200111T142701_N0213_R053_T20NQG_20200111T164651_10_02.png,0.0,0.0,0.0,0.0,0.77069091796875,0.013933799986261874
U-Net,train_S2A_MSIL2A_20200111T142701_N0213_R053_T20NQG_20200111T164651_10_03.png,0.0,0.0,0.0,0.0,0.982269287109375,0.012061899993568659
U-Net,train_S2A_MSIL2A_20200111T142701_N0213_R053_T20NQG_20200111T164651_10_04.png,0.0,0.0,0.0,0.0,0.9838714599609375,0.01202769999508746
U-Net,train_S2A_MSIL2A_20200111T142701_N0213_R053_T20NQG_20200111T164651_10_09.png,0.0,0.0,0.0,0.0,0.3267974853515625,0.012421100022038445
U-Net,train_S2A_MSIL2A_20200111T142701_N0213_R053_T20NQG_20200111T164651_10_11.png,3.401534091875436e-05,6.802836782938485e-05,1.0,3.401534091875436e-05,0.1028594970703125,0.012451799993868917
U-Net,train_S2A_MSIL2A_20200111T142701_N0213_R053_T20NQG_20200111T164651_10_12.png,0.002644047344418221,0.005274149587625216,0.9551282051282052,0.0026443758208213536,0.14239501953125,0.012247699982253835
U-Net,train_S2A_MSIL2A_20200111T142701_N0213_R053_T20NQG_20200111T164651_10_17.png,2.6427759718808638e-05,5.285412262156448e-05,1.0,2.6427759718808638e-05,0.422637939453125,0.01273879999644123
U-Net,train_S2A_MSIL2A_20200111T142701_N0213_R053_T20NQG_20200111T164651_11_02.png,0.0,0.0,0.0,0.0,0.578704833984375,0.012635699997190386
U-Net,train_S2A_MSIL2A_20200111T142701_N0213_R053_T20NQG_20200111T164651_11_03.png,0.0,0.0,0.0,0.0,0.973052978515625,0.012466699990909547
U-Net,train_S2A_MSIL2A_20200111T142701_N0213_R053_T20NQG_20200111T164651_11_05.png,0.0,0.0,0.0,0.0,0.9417266845703125,0.012318899971432984
U-Net,train_S2A_MSIL2A_20200111T142701_N0213_R053_T20NQG_20200111T164651_11_07.png,0.0009423491717797834,0.0018829239717142977,0.5113636363636364,0.0009431984908824146,0.27203369140625,0.011989799997536466
U-Net,train_S2A_MSIL2A_20200111T142701_N0213_R053_T20NQG_20200111T164651_11_10.png,0.0,0.0,0.0,0.0,0.4597320556640625,0.012175399984698743
U-Net,train_S2A_MSIL2A_20200111T142701_N0213_R053_T20NQG_20200111T164651_11_11.png,0.0001325381047051027,0.00026504108136761196,1.0,0.0001325381047051027,0.1942138671875,0.012177099997643381
U-Net,train_S2A_MSIL2A_20200111T142701_N0213_R053_T20NQG_20200111T164651_11_14.png,0.0,0.0,0.0,0.0,0.66156005859375,0.012243800010764971
U-Net,train_S2A_MSIL2A_20200111T142701_N0213_R053_T20NQG_20200111T164651_11_17.png,0.0,0.0,0.0,0.0,0.249298095703125,0.012460500001907349
U-Net,train_S2A_MSIL2A_20200111T142701_N0213_R053_T20NQG_20200111T164651_11_18.png,0.00021337710299548624,0.00042666316584069055,1.0,0.00021337710299548624,0.070556640625,0.012676000013016164
U-Net,train_S2A_MSIL2A_20200111T142701_N0213_R053_T20NQG_20200111T164651_12_01.png,0.0,0.0,0.0,0.0,0.132110595703125,0.01224240000010468
U-Net,train_S2A_MSIL2A_20200111T142701_N0213_R053_T20NQG_20200111T164651_12_02.png,0.0,0.0,0.0,0.0,0.8369903564453125,0.012316799984546378
U-Net,train_S2A_MSIL2A_20200111T142701_N0213_R053_T20NQG_20200111T164651_12_05.png,0.0,0.0,0.0,0.0,0.9073486328125,0.012213199981488287
U-Net,train_S2A_MSIL2A_20200111T142701_N0213_R053_T20NQG_20200111T164651_12_07.png,0.0013407321887452981,0.0026778740655335294,0.11285266457680251,0.0013550135501355014,0.5908355712890625,0.012258300004759803
U-Net,train_S2A_MSIL2A_20200111T142701_N0213_R053_T20NQG_20200111T164651_12_11.png,0.0021233156390363414,0.004237633444707033,0.8666666666666667,0.0021240094763499712,0.4406585693359375,0.012611000012839213
U-Net,train_S2A_MSIL2A_20200111T142701_N0213_R053_T20NQG_20200111T164651_12_14.png,0.0,0.0,0.0,0.0,0.1894073486328125,0.013075800001388416
U-Net,train_S2A_MSIL2A_20200111T142701_N0213_R053_T20NQG_20200111T164651_12_15.png,0.0,0.0,0.0,0.0,0.4183502197265625,0.012859600014053285
U-Net,train_S2A_MSIL2A_20200111T142701_N0213_R053_T20NQG_20200111T164651_13_02.png,0.0,0.0,0.0,0.0,0.815032958984375,0.012747600005241111
U-Net,train_S2A_MSIL2A_20200111T142701_N0213_R053_T20NQG_20200111T164651_13_05.png,0.0,0.0,0.0,0.0,0.9241790771484375,0.012540800002170727
U-Net,train_S2A_MSIL2A_20200111T142701_N0213_R053_T20NQG_20200111T164651_13_06.png,0.0,0.0,0.0,0.0,0.581695556640625,0.012423100008163601
U-Net,train_S2A_MSIL2A_20200111T142701_N0213_R053_T20NQG_20200111T164651_13_07.png,0.0005903381325637073,0.0011799796781277656,0.13432835820895522,0.0005925925925925926,0.5350189208984375,0.012368800002150238
U-Net,train_S2A_MSIL2A_20200111T142701_N0213_R053_T20NQG_20200111T164651_13_08.png,0.0,0.0,0.0,0.0,0.623626708984375,0.012346699979389086
U-Net,train_S2A_MSIL2A_20200111T142701_N0213_R053_T20NQG_20200111T164651_13_10.png,0.0,0.0,0.0,0.0,0.8110809326171875,0.012902899994514883
U-Net,train_S2A_MSIL2A_20200111T142701_N0213_R053_T20NQG_20200111T164651_13_13.png,0.0002880184331797235,0.0005758710048949035,1.0,0.0002880184331797235,0.36444091796875,0.012641500012250617
U-Net,train_S2A_MSIL2A_20200111T142701_N0213_R053_T20NQG_20200111T164651_13_14.png,0.0009783596170420928,0.0019548067301203135,0.22826086956521738,0.0009816065627410195,0.3455963134765625,0.012498399999458343
U-Net,train_S2A_MSIL2A_20200111T142701_N0213_R053_T20NQG_20200111T164651_13_16.png,0.0,0.0,0.0,0.0,0.24786376953125,0.012354000005871058
U-Net,train_S2A_MSIL2A_20200111T142701_N0213_R053_T20NQG_20200111T164651_14_01.png,0.0,0.0,0.0,0.0,0.36236572265625,0.012436200020601973
U-Net,train_S2A_MSIL2A_20200111T142701_N0213_R053_T20NQG_20200111T164651_14_08.png,0.0,0.0,0.0,0.0,0.9358673095703125,0.012473900016630068
U-Net,train_S2A_MSIL2A_20200111T142701_N0213_R053_T20NQG_20200111T164651_14_11.png,0.0,0.0,0.0,0.0,0.7050933837890625,0.012727599998470396
U-Net,train_S2A_MSIL2A_20200111T142701_N0213_R053_T20NQG_20200111T164651_15_02.png,0.00011200089600716806,0.00022397670642253207,0.013888888888888888,0.00011289867344058707,0.7275543212890625,0.01385449999361299
U-Net,train_S2A_MSIL2A_20200111T142701_N0213_R053_T20NQG_20200111T164651_15_03.png,0.0,0.0,0.0,0.0,0.96685791015625,0.012356399995042011
U-Net,train_S2A_MSIL2A_20200111T142701_N0213_R053_T20NQG_20200111T164651_15_13.png,0.0,0.0,0.0,0.0,0.2025299072265625,0.012531599990325049
U-Net,train_S2A_MSIL2A_20200111T142701_N0213_R053_T20NQG_20200111T164651_17_01.png,4.991140725212747e-05,9.981783245576823e-05,0.4,4.99151442547669e-05,0.3885955810546875,0.012371899996651337
U-Net,train_S2A_MSIL2A_20200115T140641_N0213_R110_T21LUH_20200115T163049_01_09.png,0.0,0.0,0.0,0.0,0.779052734375,0.012563099997350946
U-Net,train_S2A_MSIL2A_20200115T140641_N0213_R110_T21LUH_20200115T163049_02_09.png,0.0,0.0,0.0,0.0,0.9057769775390625,0.01327080000191927
U-Net,train_S2A_MSIL2A_20200115T140641_N0213_R110_T21LUH_20200115T163049_03_03.png,0.0,0.0,0.0,0.0,0.8759765625,0.012792699999408796
U-Net,train_S2A_MSIL2A_20200115T140641_N0213_R110_T21LUH_20200115T163049_03_05.png,0.0,0.0,0.0,0.0,0.5659027099609375,0.01276260000304319
U-Net,train_S2A_MSIL2A_20200115T140641_N0213_R110_T21LUH_20200115T163049_03_08.png,0.0,0.0,0.0,0.0,0.7924346923828125,0.012497899995651096
U-Net,train_S2A_MSIL2A_20200115T140641_N0213_R110_T21LUH_20200115T163049_03_09.png,0.0,0.0,0.0,0.0,0.838958740234375,0.012567900004796684
U-Net,train_S2A_MSIL2A_20200115T140641_N0213_R110_T21LUH_20200115T163049_04_02.png,0.0,0.0,0.0,0.0,0.8005523681640625,0.012613400002010167
U-Net,train_S2A_MSIL2A_20200115T140641_N0213_R110_T21LUH_20200115T163049_04_06.png,0.0,0.0,0.0,0.0,0.4416351318359375,0.012596799992024899
U-Net,train_S2A_MSIL2A_20200115T140641_N0213_R110_T21LUH_20200115T163049_04_07.png,0.0,0.0,0.0,0.0,0.7834930419921875,0.012771799985785037
U-Net,train_S2A_MSIL2A_20200115T140641_N0213_R110_T21LUH_20200115T163049_04_08.png,0.0,0.0,0.0,0.0,0.4852752685546875,0.012929599994095042
U-Net,train_S2A_MSIL2A_20200115T140641_N0213_R110_T21LUH_20200115T163049_04_09.png,0.0,0.0,0.0,0.0,0.4221649169921875,0.013300199992954731
U-Net,train_S2A_MSIL2A_20200115T140641_N0213_R110_T21LUH_20200115T163049_04_11.png,0.0,0.0,0.0,0.0,0.010986328125,0.013756799977272749
U-Net,train_S2A_MSIL2A_20200115T140641_N0213_R110_T21LUH_20200115T163049_04_12.png,0.005743134497772206,0.011420678502846747,0.9211956521739131,0.00574595749008441,0.1044921875,0.015256499988026917
U-Net,train_S2A_MSIL2A_20200115T140641_N0213_R110_T21LUH_20200115T163049_04_13.png,8.023750300890636e-05,0.00016046213093709883,0.0007304601899196494,9.013068949977468e-05,0.61968994140625,0.01505149999866262
U-Net,train_S2A_MSIL2A_20200115T140641_N0213_R110_T21LUH_20200115T163049_04_14.png,0.0006129328838492185,0.001225114854517611,0.032,0.000624512099921936,0.701446533203125,0.012974699988262728
U-Net,train_S2A_MSIL2A_20200115T140641_N0213_R110_T21LUH_20200115T163049_04_15.png,0.0,0.0,0.0,0.0,0.534942626953125,0.013876099983463064
U-Net,train_S2A_MSIL2A_20200115T140641_N0213_R110_T21LUH_20200115T163049_05_02.png,0.0,0.0,0.0,0.0,0.7529754638671875,0.015140799980144948
U-Net,train_S2A_MSIL2A_20200115T140641_N0213_R110_T21LUH_20200115T163049_05_03.png,0.00010215548064153642,0.00020429009193054137,0.02040816326530612,0.0001026588645929576,0.85064697265625,0.016474800009746104
U-Net,train_S2A_MSIL2A_20200115T140641_N0213_R110_T21LUH_20200115T163049_05_06.png,0.0,0.0,0.0,0.0,0.839996337890625,0.015390699991257861
U-Net,train_S2A_MSIL2A_20200115T140641_N0213_R110_T21LUH_20200115T163049_05_08.png,0.0,0.0,0.0,0.0,0.3657989501953125,0.012716199998976663
U-Net,train_S2A_MSIL2A_20200115T140641_N0213_R110_T21LUH_20200115T163049_05_09.png,0.0,0.0,0.0,0.0,0.5554962158203125,0.013781299989204854
U-Net,train_S2A_MSIL2A_20200115T140641_N0213_R110_T21LUH_20200115T163049_05_10.png,0.0,0.0,0.0,0.0,0.398406982421875,0.013062599988188595
U-Net,train_S2A_MSIL2A_20200115T140641_N0213_R110_T21LUH_20200115T163049_06_06.png,0.0,0.0,0.0,0.0,0.8558349609375,0.01584589999401942
U-Net,train_S2A_MSIL2A_20200115T140641_N0213_R110_T21LUH_20200115T163049_06_09.png,0.0006213987120099423,0.0012420256308925649,0.025522041763341066,0.0006365004050457123,0.7300567626953125,0.015369700005976483
U-Net,train_S2A_MSIL2A_20200115T140641_N0213_R110_T21LUH_20200115T163049_07_04.png,0.0,0.0,0.0,0.0,0.9066619873046875,0.0151373999833595
U-Net,train_S2A_MSIL2A_20200115T140641_N0213_R110_T21LUH_20200115T163049_07_06.png,0.0,0.0,0.0,0.0,0.8529205322265625,0.015000799990957603
U-Net,train_S2A_MSIL2A_20200115T140641_N0213_R110_T21LUH_20200115T163049_07_13.png,5.7501006267609686e-05,0.00011499540018399264,0.004672897196261682,5.821399464431249e-05,0.734649658203125,0.015101199998753145
U-Net,train_S2A_MSIL2A_20200115T140641_N0213_R110_T21LUH_20200115T163049_08_03.png,0.0,0.0,0.0,0.0,0.8468170166015625,0.015323100000387058
U-Net,train_S2A_MSIL2A_20200115T140641_N0213_R110_T21LUH_20200115T163049_08_04.png,0.0,0.0,0.0,0.0,0.8818817138671875,0.014730800001416355
U-Net,train_S2A_MSIL2A_20200115T140641_N0213_R110_T21LUH_20200115T163049_08_05.png,0.0,0.0,0.0,0.0,0.7807159423828125,0.014281899988418445
U-Net,train_S2A_MSIL2A_20200115T140641_N0213_R110_T21LUH_20200115T163049_08_06.png,0.0,0.0,0.0,0.0,0.8950347900390625,0.015300000028219074
U-Net,train_S2A_MSIL2A_20200115T140641_N0213_R110_T21LUH_20200115T163049_09_06.png,0.0,0.0,0.0,0.0,0.829803466796875,0.012642099987715483
U-Net,train_S2A_MSIL2A_20200115T140641_N0213_R110_T21LUH_20200115T163049_16_11.png,0.00035636507622253017,0.0007124762507916402,0.06,0.00035836585171617423,0.614776611328125,0.013502500019967556
U-Net,train_S2A_MSIL2A_20200217T141651_N0209_R010_T20LQN_20200217T160045_02_11.png,0.0,0.0,0.0,0.0,0.0832977294921875,0.013489000004483387
U-Net,train_S2A_MSIL2A_20200217T141651_N0209_R010_T20LQN_20200217T160045_02_15.png,0.0017197682838522809,0.003433631517122978,0.926829268292683,0.0017200018105282217,0.32684326171875,0.014760499994736165
U-Net,train_S2A_MSIL2A_20200217T141651_N0209_R010_T20LQN_20200217T160045_02_16.png,0.0,0.0,0.0,0.0,0.22418212890625,0.012668300012592226
U-Net,train_S2A_MSIL2A_20200217T141651_N0209_R010_T20LQN_20200217T160045_02_17.png,0.00012028628134961207,0.00024054362860063743,1.0,0.00012028628134961207,0.2389678955078125,0.012418199999956414
U-Net,train_S2A_MSIL2A_20200217T141651_N0209_R010_T20LQN_20200217T160045_02_21.png,0.003496893716751609,0.006969416126042632,0.8468468468468469,0.0034991066110780225,0.182525634765625,0.01296239998191595
U-Net,train_S2A_MSIL2A_20200217T141651_N0209_R010_T20LQN_20200217T160045_03_02.png,0.0,0.0,0.0,0.0,0.0452728271484375,0.012666599999647588
U-Net,train_S2A_MSIL2A_20200217T141651_N0209_R010_T20LQN_20200217T160045_03_13.png,0.0,0.0,0.0,0.0,0.1457672119140625,0.01265439999406226
U-Net,train_S2A_MSIL2A_20200217T141651_N0209_R010_T20LQN_20200217T160045_03_14.png,0.0,0.0,0.0,0.0,0.2192840576171875,0.013037100026849657
U-Net,train_S2A_MSIL2A_20200217T141651_N0209_R010_T20LQN_20200217T160045_03_15.png,0.00030056543873161384,0.000600950252586903,1.0,0.00030056543873161384,0.1879730224609375,0.013218599982792512
U-Net,train_S2A_MSIL2A_20200217T141651_N0209_R010_T20LQN_20200217T160045_03_17.png,0.0,0.0,0.0,0.0,0.2406768798828125,0.013067099993349984
U-Net,train_S2A_MSIL2A_20200217T141651_N0209_R010_T20LQN_20200217T160045_03_19.png,0.0,0.0,0.0,0.0,0.1150360107421875,0.015210800018394366
U-Net,train_S2A_MSIL2A_20200217T141651_N0209_R010_T20LQN_20200217T160045_03_21.png,0.0,0.0,0.0,0.0,0.1660919189453125,0.01555840001674369
U-Net,train_S2A_MSIL2A_20200217T141651_N0209_R010_T20LQN_20200217T160045_04_15.png,0.0004569929861511256,0.000913568477915475,1.0,0.0004569929861511256,0.232391357421875,0.015132900007301942
U-Net,train_S2A_MSIL2A_20200217T141651_N0209_R010_T20LQN_20200217T160045_04_16.png,0.0,0.0,0.0,0.0,0.1272125244140625,0.01513620000332594
U-Net,train_S2A_MSIL2A_20200217T141651_N0209_R010_T20LQN_20200217T160045_04_17.png,0.00024092691153601857,0.000481737759481475,0.6875,0.00024095329886970998,0.303497314453125,0.013618099997984245
U-Net,train_S2A_MSIL2A_20200217T141651_N0209_R010_T20LQN_20200217T160045_04_21.png,0.00021941051707745192,0.0004387247733255338,1.0,0.00021941051707745192,0.1656494140625,0.012536599999293685
U-Net,train_S2A_MSIL2A_20200217T141651_N0209_R010_T20LQN_20200217T160045_05_01.png,0.0,0.0,0.0,0.0,0.0232391357421875,0.01218630000948906
U-Net,train_S2A_MSIL2A_20200217T141651_N0209_R010_T20LQN_20200217T160045_05_16.png,0.0,0.0,0.0,0.0,0.1042327880859375,0.012296399974729866
U-Net,train_S2A_MSIL2A_20200217T141651_N0209_R010_T20LQN_20200217T160045_05_17.png,0.00029057378637015223,0.0005809787555435056,0.5555555555555556,0.00029064134857585737,0.2125396728515625,0.012921400018967688
U-Net,train_S2A_MSIL2A_20200217T141651_N0209_R010_T20LQN_20200217T160045_05_18.png,0.0,0.0,0.0,0.0,0.2449188232421875,0.01294790001702495
U-Net,train_S2A_MSIL2A_20200217T141651_N0209_R010_T20LQN_20200217T160045_05_20.png,0.0,0.0,0.0,0.0,0.1349639892578125,0.016341000009560958
U-Net,train_S2A_MSIL2A_20200217T141651_N0209_R010_T20LQN_20200217T160045_05_21.png,0.0,0.0,0.0,0.0,0.084381103515625,0.015638900018529966
U-Net,train_S2A_MSIL2A_20200217T141651_N0209_R010_T20LQN_20200217T160045_06_01.png,0.0,0.0,0.0,0.0,0.0135650634765625,0.016670299984980375
U-Net,train_S2A_MSIL2A_20200217T141651_N0209_R010_T20LQN_20200217T160045_06_13.png,0.00021534320323014804,0.00043059368103773077,1.0,0.00021534320323014804,0.1498870849609375,0.01286909999907948
U-Net,train_S2A_MSIL2A_20200217T141651_N0209_R010_T20LQN_20200217T160045_06_14.png,0.00016616509425253402,0.00033227497600236283,1.0,0.00016616509425253402,0.173675537109375,0.012791999994078651
U-Net,train_S2A_MSIL2A_20200217T141651_N0209_R010_T20LQN_20200217T160045_06_16.png,0.0,0.0,0.0,0.0,0.120697021484375,0.014206799998646602
U-Net,train_S2A_MSIL2A_20200217T141651_N0209_R010_T20LQN_20200217T160045_06_17.png,0.0,0.0,0.0,0.0,0.15460205078125,0.013013799994951114
U-Net,train_S2A_MSIL2A_20200217T141651_N0209_R010_T20LQN_20200217T160045_06_18.png,0.0,0.0,0.0,0.0,0.275054931640625,0.015273100027116016
U-Net,train_S2A_MSIL2A_20200217T141651_N0209_R010_T20LQN_20200217T160045_06_19.png,0.0007326144944959988,0.0014641563268447432,1.0,0.0007326144944959988,0.1883087158203125,0.015518100000917912
U-Net,train_S2A_MSIL2A_20200217T141651_N0209_R010_T20LQN_20200217T160045_06_20.png,0.0,0.0,0.0,0.0,0.0758514404296875,0.01285600001574494
U-Net,train_S2A_MSIL2A_20200217T141651_N0209_R010_T20LQN_20200217T160045_07_01.png,0.0,0.0,0.0,0.0,0.0193023681640625,0.015486199990846217
U-Net,train_S2A_MSIL2A_20200217T141651_N0209_R010_T20LQN_20200217T160045_07_03.png,0.0,0.0,0.0,0.0,0.66748046875,0.01704710000194609
U-Net,train_S2A_MSIL2A_20200217T141651_N0209_R010_T20LQN_20200217T160045_07_04.png,0.0,0.0,0.0,0.0,0.595184326171875,0.015180199989117682
U-Net,train_S2A_MSIL2A_20200217T141651_N0209_R010_T20LQN_20200217T160045_07_09.png,0.00040078699992712963,0.000801252868121062,0.09821428571428571,0.00040226732492228926,0.5813751220703125,0.012650399992708117
U-Net,train_S2A_MSIL2A_20200217T141651_N0209_R010_T20LQN_20200217T160045_07_16.png,0.0,0.0,0.0,0.0,0.1526336669921875,0.01650489997700788
U-Net,train_S2A_MSIL2A_20200217T141651_N0209_R010_T20LQN_20200217T160045_07_18.png,0.0003266007735281478,0.0006529882805787538,1.0,0.0003266007735281478,0.11260986328125,0.0168073000095319
U-Net,train_S2A_MSIL2A_20200217T141651_N0209_R010_T20LQN_20200217T160045_07_19.png,0.00011682048029906043,0.00023361366973701774,1.0,0.00011682048029906043,0.085784912109375,0.013422400021227077
U-Net,train_S2A_MSIL2A_20200217T141651_N0209_R010_T20LQN_20200217T160045_07_20.png,0.0007230539168159335,0.0014450629751876119,1.0,0.0007230539168159335,0.0721282958984375,0.0161124000151176
U-Net,train_S2A_MSIL2A_20200217T141651_N0209_R010_T20LQN_20200217T160045_07_21.png,0.0,0.0,0.0,0.0,0.0089111328125,0.015422500000568107
U-Net,train_S2A_MSIL2A_20200217T141651_N0209_R010_T20LQN_20200217T160045_08_01.png,0.0,0.0,0.0,0.0,0.0519256591796875,0.016494000010425225
U-Net,train_S2A_MSIL2A_20200217T141651_N0209_R010_T20LQN_20200217T160045_08_05.png,0.0,0.0,0.0,0.0,0.633636474609375,0.015705500001786277
U-Net,train_S2A_MSIL2A_20200217T141651_N0209_R010_T20LQN_20200217T160045_08_15.png,0.0,0.0,0.0,0.0,0.1191864013671875,0.012848899990785867
U-Net,train_S2A_MSIL2A_20200217T141651_N0209_R010_T20LQN_20200217T160045_08_16.png,5.3325749226776637e-05,0.0001066458114857539,1.0,5.3325749226776637e-05,0.1416168212890625,0.015243699977872893
U-Net,train_S2A_MSIL2A_20200217T141651_N0209_R010_T20LQN_20200217T160045_08_17.png,0.0025580578823293375,0.0051030618371022615,1.0,0.0025580578823293375,0.089691162109375,0.014940799999749288
U-Net,train_S2A_MSIL2A_20200217T141651_N0209_R010_T20LQN_20200217T160045_08_19.png,0.00026205021537252076,0.0005239631260950011,1.0,0.00026205021537252076,0.0685882568359375,0.015160000009927899
U-Net,train_S2A_MSIL2A_20200217T141651_N0209_R010_T20LQN_20200217T160045_08_20.png,0.00017168560931222744,0.00034331227684702005,0.8333333333333334,0.00017169150470434724,0.11138916015625,0.014019800000824034
U-Net,train_S2A_MSIL2A_20200217T141651_N0209_R010_T20LQN_20200217T160045_08_21.png,0.002997052079921389,0.005976193197589928,1.0,0.002997052079921389,0.0710906982421875,0.012866700009908527
U-Net,train_S2A_MSIL2A_20200217T141651_N0209_R010_T20LQN_20200217T160045_09_03.png,0.0,0.0,0.0,0.0,0.781768798828125,0.01563410001108423
U-Net,train_S2A_MSIL2A_20200217T141651_N0209_R010_T20LQN_20200217T160045_09_09.png,4.857552279406407e-05,9.714632665452337e-05,0.07142857142857142,4.860621673512042e-05,0.3717803955078125,0.015084100014064461
U-Net,train_S2A_MSIL2A_20200217T141651_N0209_R010_T20LQN_20200217T160045_09_10.png,0.0,0.0,0.0,0.0,0.1653900146484375,0.014485499996226281
U-Net,train_S2A_MSIL2A_20200217T141651_N0209_R010_T20LQN_20200217T160045_09_13.png,0.00038166482195336056,0.0007630384189843959,0.7142857142857143,0.0003817230980646639,0.200714111328125,0.012823600001865998
U-Net,train_S2A_MSIL2A_20200217T141651_N0209_R010_T20LQN_20200217T160045_09_16.png,0.0006928869682548365,0.001384814416646927,1.0,0.0006928869682548365,0.1637420654296875,0.012971999996807426
U-Net,train_S2A_MSIL2A_20200217T141651_N0209_R010_T20LQN_20200217T160045_09_17.png,0.007176836595282382,0.014251393269812215,1.0,0.007176836595282382,0.0796661376953125,0.012897800013888627
U-Net,train_S2A_MSIL2A_20200217T141651_N0209_R010_T20LQN_20200217T160045_09_20.png,0.001179690449226123,0.0023566008389498986,1.0,0.001179690449226123,0.0310516357421875,0.01550660000066273
U-Net,train_S2A_MSIL2A_20200217T141651_N0209_R010_T20LQN_20200217T160045_10_08.png,0.0,0.0,0.0,0.0,0.5512847900390625,0.014351399993756786
U-Net,train_S2A_MSIL2A_20200217T141651_N0209_R010_T20LQN_20200217T160045_10_09.png,0.0,0.0,0.0,0.0,0.5523529052734375,0.012702899985015392
U-Net,train_S2A_MSIL2A_20200217T141651_N0209_R010_T20LQN_20200217T160045_10_12.png,0.0,0.0,0.0,0.0,0.1083831787109375,0.013068899977952242
U-Net,train_S2A_MSIL2A_20200217T141651_N0209_R010_T20LQN_20200217T160045_10_13.png,0.0,0.0,0.0,0.0,0.050811767578125,0.012466599990148097
U-Net,train_S2A_MSIL2A_20200217T141651_N0209_R010_T20LQN_20200217T160045_11_06.png,0.0,0.0,0.0,0.0,0.6328582763671875,0.013090199994621798
U-Net,train_S2A_MSIL2A_20200217T141651_N0209_R010_T20LQN_20200217T160045_11_09.png,0.0,0.0,0.0,0.0,0.68701171875,0.012712399999145418
U-Net,train_S2A_MSIL2A_20200217T141651_N0209_R010_T20LQN_20200217T160045_11_16.png,0.0,0.0,0.0,0.0,0.1846771240234375,0.012403800006723031
U-Net,train_S2A_MSIL2A_20200217T141651_N0209_R010_T20LQN_20200217T160045_12_01.png,0.0,0.0,0.0,0.0,0.8801422119140625,0.012331600009929389
U-Net,train_S2A_MSIL2A_20200217T141651_N0209_R010_T20LQN_20200217T160045_12_02.png,0.0,0.0,0.0,0.0,0.8067169189453125,0.012771900015650317
U-Net,train_S2A_MSIL2A_20200217T141651_N0209_R010_T20LQN_20200217T160045_12_05.png,0.0,0.0,0.0,0.0,0.6571044921875,0.012397200014675036
U-Net,train_S2A_MSIL2A_20200217T141651_N0209_R010_T20LQN_20200217T160045_12_12.png,0.0,0.0,0.0,0.0,0.094512939453125,0.012119400023948401
U-Net,train_S2A_MSIL2A_20200217T141651_N0209_R010_T20LQN_20200217T160045_12_13.png,0.0,0.0,0.0,0.0,0.2265625,0.012274800013983622
U-Net,train_S2A_MSIL2A_20200217T141651_N0209_R010_T20LQN_20200217T160045_12_14.png,0.0,0.0,0.0,0.0,0.233367919921875,0.01213879999704659
U-Net,train_S2A_MSIL2A_20200217T141651_N0209_R010_T20LQN_20200217T160045_12_17.png,0.0,0.0,0.0,0.0,0.1148681640625,0.012070400000084192
U-Net,train_S2A_MSIL2A_20200217T141651_N0209_R010_T20LQN_20200217T160045_12_18.png,0.00013074825357689866,0.0002614623214118965,1.0,0.00013074825357689866,0.1831817626953125,0.012882000009994954
U-Net,train_S2A_MSIL2A_20200217T141651_N0209_R010_T20LQN_20200217T160045_13_02.png,0.0,0.0,0.0,0.0,0.8045806884765625,0.012679200008278713
U-Net,train_S2A_MSIL2A_20200217T141651_N0209_R010_T20LQN_20200217T160045_13_03.png,0.0,0.0,0.0,0.0,0.6501922607421875,0.012133200012613088
U-Net,train_S2A_MSIL2A_20200217T141651_N0209_R010_T20LQN_20200217T160045_13_04.png,0.0,0.0,0.0,0.0,0.7626495361328125,0.012103000015486032
U-Net,train_S2A_MSIL2A_20200217T141651_N0209_R010_T20LQN_20200217T160045_13_10.png,0.0,0.0,0.0,0.0,0.595794677734375,0.012924699985887855
U-Net,train_S2A_MSIL2A_20200217T141651_N0209_R010_T20LQN_20200217T160045_13_13.png,0.0004554299672918478,0.0009104452905148154,1.0,0.0004554299672918478,0.26324462890625,0.012348999996902421
U-Net,train_S2A_MSIL2A_20200217T141651_N0209_R010_T20LQN_20200217T160045_13_15.png,0.0002270583714674957,0.00045401365533378736,1.0,0.0002270583714674957,0.1265716552734375,0.013471600017510355
U-Net,train_S2A_MSIL2A_20200217T141651_N0209_R010_T20LQN_20200217T160045_13_17.png,0.0,0.0,0.0,0.0,0.190277099609375,0.012373400008073077
U-Net,train_S2A_MSIL2A_20200217T141651_N0209_R010_T20LQN_20200217T160045_13_18.png,0.000854218712224998,0.0017069792907984155,1.0,0.000854218712224998,0.0540771484375,0.01230030000442639
U-Net,train_S2A_MSIL2A_20200217T141651_N0209_R010_T20LQN_20200217T160045_14_02.png,0.0,0.0,0.0,0.0,0.8644866943359375,0.01409589999821037
U-Net,train_S2A_MSIL2A_20200217T141651_N0209_R010_T20LQN_20200217T160045_14_03.png,0.0,0.0,0.0,0.0,0.873016357421875,0.012202599988086149
U-Net,train_S2A_MSIL2A_20200217T141651_N0209_R010_T20LQN_20200217T160045_14_08.png,0.0,0.0,0.0,0.0,0.758453369140625,0.01287060001050122
U-Net,train_S2A_MSIL2A_20200217T141651_N0209_R010_T20LQN_20200217T160045_14_18.png,9.56129587430083e-05,0.00019120763555824662,1.0,9.56129587430083e-05,0.0425567626953125,0.012142699997639284
U-Net,train_S2A_MSIL2A_20200217T141651_N0209_R010_T20LQN_20200217T160045_14_19.png,0.0010325983351337613,0.0020630663513878087,1.0,0.0010325983351337613,0.0404815673828125,0.01221139999688603
U-Net,train_S2A_MSIL2A_20200217T141651_N0209_R010_T20LQN_20200217T160045_14_20.png,3.5466652480005676e-05,7.093078928235773e-05,1.0,3.5466652480005676e-05,0.1395721435546875,0.01241880000452511
U-Net,train_S2A_MSIL2A_20200217T141651_N0209_R010_T20LQN_20200217T160045_14_21.png,0.0,0.0,0.0,0.0,0.1403656005859375,0.013396099995588884
U-Net,train_S2A_MSIL2A_20200217T141651_N0209_R010_T20LQN_20200217T160045_15_09.png,0.0,0.0,0.0,0.0,0.6812896728515625,0.012849099992308766
U-Net,train_S2A_MSIL2A_20200217T141651_N0209_R010_T20LQN_20200217T160045_15_12.png,0.00177447435382349,0.003542662344172989,0.9814814814814815,0.0017745337663642147,0.5450592041015625,0.01347220002207905
U-Net,train_S2A_MSIL2A_20200217T141651_N0209_R010_T20LQN_20200217T160045_15_17.png,1.5667350807651934e-05,3.1334210691232685e-05,1.0,1.5667350807651934e-05,0.026092529296875,0.012527999992016703
U-Net,train_S2A_MSIL2A_20200217T141651_N0209_R010_T20LQN_20200217T160045_15_18.png,1.6367683645410503e-05,3.273483149745487e-05,1.0,1.6367683645410503e-05,0.0677642822265625,0.012845699995523319
U-Net,train_S2A_MSIL2A_20200217T141651_N0209_R010_T20LQN_20200217T160045_15_20.png,4.862867146469558e-05,9.725261366399222e-05,1.0,4.862867146469558e-05,0.0587005615234375,0.012785700004315004
U-Net,train_S2A_MSIL2A_20200217T141651_N0209_R010_T20LQN_20200217T160045_16_09.png,0.0,0.0,0.0,0.0,0.814117431640625,0.012826999998651445
U-Net,train_S2A_MSIL2A_20200217T141651_N0209_R010_T20LQN_20200217T160045_16_12.png,0.0007012388553110495,0.001401494927923118,0.42,0.0007019185774450163,0.543365478515625,0.012825000012526289
U-Net,train_S2A_MSIL2A_20200217T141651_N0209_R010_T20LQN_20200217T160045_16_15.png,0.0,0.0,0.0,0.0,0.525726318359375,0.012698499980615452
U-Net,train_S2A_MSIL2A_20200217T141651_N0209_R010_T20LQN_20200217T160045_16_16.png,0.0,0.0,0.0,0.0,0.27520751953125,0.012929200020153075
U-Net,train_S2A_MSIL2A_20200217T141651_N0209_R010_T20LQN_20200217T160045_16_17.png,0.0018277691511387163,0.0036488690120606423,0.9912280701754386,0.0018277987156883361,0.0583648681640625,0.012675000005401671
U-Net,train_S2A_MSIL2A_20200217T141651_N0209_R010_T20LQN_20200217T160045_17_14.png,0.0003047175822044932,0.0006092495153697037,1.0,0.0003047175822044932,0.4493408203125,0.013184400013415143
U-Net,train_S2A_MSIL2A_20200217T141651_N0209_R010_T20LQN_20200217T160045_17_16.png,0.0006211694550273314,0.0012415676861316889,0.06147540983606557,0.0006271165182490907,0.263519287109375,0.013080900011118501
U-Net,train_S2A_MSIL2A_20200217T141651_N0209_R010_T20LQN_20200217T160045_17_18.png,0.0005574958597733944,0.00111437046262762,1.0,0.0005574958597733944,0.0699310302734375,0.013244500005384907
U-Net,train_S2A_MSIL2A_20200217T141651_N0209_R010_T20LQN_20200217T160045_17_19.png,0.00029512864136661924,0.0005900831323001094,0.8095238095238095,0.00029514913712281677,0.1213226318359375,0.013403700024355203
U-Net,train_S2A_MSIL2A_20200217T141651_N0209_R010_T20LQN_20200217T160045_18_04.png,0.0,0.0,0.0,0.0,0.39703369140625,0.015309600014006719
U-Net,train_S2A_MSIL2A_20200217T141651_N0209_R010_T20LQN_20200217T160045_18_05.png,0.0,0.0,0.0,0.0,0.5257568359375,0.013803000008920208
U-Net,train_S2A_MSIL2A_20200217T141651_N0209_R010_T20LQN_20200217T160045_18_06.png,0.0,0.0,0.0,0.0,0.553741455078125,0.012682700005825609
U-Net,train_S2A_MSIL2A_20200217T141651_N0209_R010_T20LQN_20200217T160045_18_14.png,0.0007415397060806255,0.001481980464802964,0.8461538461538461,0.0007416396979503776,0.3214569091796875,0.012619300017831847
U-Net,train_S2A_MSIL2A_20200217T141651_N0209_R010_T20LQN_20200217T160045_18_17.png,0.0,0.0,0.0,0.0,0.1386566162109375,0.013374000001931563
U-Net,train_S2A_MSIL2A_20200217T141651_N0209_R010_T20LQN_20200217T160045_19_05.png,0.0001550658060514431,0.0003100835287505572,0.1951219512195122,0.00015516505682920207,0.2129058837890625,0.014118700026301667
U-Net,train_S2A_MSIL2A_20200217T141651_N0209_R010_T20LQN_20200217T160045_19_10.png,3.7004144464179985e-05,7.400555041628122e-05,0.004784688995215311,3.729116945107399e-05,0.5876617431640625,0.012807599996449426
U-Net,train_S2A_MSIL2A_20200217T141651_N0209_R010_T20LQN_20200217T160045_19_11.png,0.0,0.0,0.0,0.0,0.587432861328125,0.01345890000811778
U-Net,train_S2A_MSIL2A_20200217T141651_N0209_R010_T20LQN_20200217T160045_20_01.png,0.046973831080243084,0.08973257914531939,0.9889033942558747,0.04699860400186133,0.5309906005859375,0.012233300018124282
U-Net,train_S2A_MSIL2A_20200217T141651_N0209_R010_T20LQN_20200217T160045_20_05.png,0.0,0.0,0.0,0.0,0.575897216796875,0.012397599988617003
U-Net,train_S2A_MSIL2A_20200217T141651_N0209_R010_T20LQN_20200217T160045_20_09.png,0.0,0.0,0.0,0.0,0.5912933349609375,0.012100699997972697
U-Net,train_S2A_MSIL2A_20200217T141651_N0209_R010_T20LQN_20200217T160045_20_10.png,0.002586811645036829,0.005160274631565137,0.4609375,0.0025946611548441005,0.305755615234375,0.012456099997507408
U-Net,train_S2A_MSIL2A_20200217T141651_N0209_R010_T20LQN_20200217T160045_20_12.png,0.0,0.0,0.0,0.0,0.3022308349609375,0.012397500016959384
U-Net,train_S2A_MSIL2A_20200217T141651_N0209_R010_T20LQN_20200217T160045_20_13.png,2.3284513470091044e-05,4.6567942628294685e-05,1.0,2.3284513470091044e-05,0.344696044921875,0.012438800011295825
U-Net,train_S2A_MSIL2A_20200217T141651_N0209_R010_T20LQN_20200217T160045_20_17.png,0.0,0.0,0.0,0.0,0.0887451171875,0.012582299998030066
U-Net,train_S2A_MSIL2A_20200217T141651_N0209_R010_T20LQN_20200217T160045_21_01.png,0.010578144853875477,0.020934837959324805,0.9970059880239521,0.010578480892023253,0.5247344970703125,0.012560900009702891
U-Net,train_S2A_MSIL2A_20200217T141651_N0209_R010_T20LQN_20200217T160045_21_02.png,0.06321814712741149,0.11891848779709682,0.9091463414634147,0.06362007168458782,0.662872314453125,0.012902899994514883
U-Net,train_S2A_MSIL2A_20200217T141651_N0209_R010_T20LQN_20200217T160045_21_03.png,0.049467670734874056,0.09427192873932946,0.2641247833622184,0.05737519765077931,0.776580810546875,0.01319959998363629
U-Net,train_S2A_MSIL2A_20200217T141651_N0209_R010_T20LQN_20200217T160045_21_04.png,0.03204443494979705,0.062098944317946596,0.27347310847766637,0.03502626970227671,0.585174560546875,0.012683900014963001
U-Net,train_S2A_MSIL2A_20200217T141651_N0209_R010_T20LQN_20200217T160045_21_05.png,5.316179793200606e-05,0.0001063179438109667,0.017543859649122806,5.332053640459623e-05,0.4259796142578125,0.012539099989226088
U-Net,train_S2A_MSIL2A_20200217T141651_N0209_R010_T20LQN_20200217T160045_21_06.png,0.0002008233758409479,0.00040156610782049993,0.027586206896551724,0.00020225514486524752,0.696136474609375,0.013390500011155382
U-Net,train_S2A_MSIL2A_20200217T141651_N0209_R010_T20LQN_20200217T160045_21_07.png,0.0,0.0,0.0,0.0,0.5632476806640625,0.013536099984776229
U-Net,train_S2A_MSIL2A_20200217T141651_N0209_R010_T20LQN_20200217T160045_21_08.png,0.0,0.0,0.0,0.0,0.380401611328125,0.012351300014415756
U-Net,train_S2A_MSIL2A_20200217T141651_N0209_R010_T20LQN_20200217T160045_21_12.png,0.00040175163713792136,0.000803180595156821,0.20833333333333334,0.00040236591155997265,0.6203460693359375,0.012458700017305091
U-Net,train_S2A_MSIL2A_20200818T142741_N0214_R053_T20LMP_20200818T165705_01_08.png,0.0,0.0,0.0,0.0,0.789794921875,0.01555819998611696
U-Net,train_S2A_MSIL2A_20200818T142741_N0214_R053_T20LMP_20200818T165705_01_09.png,0.0017248632730332352,0.0034437864852379153,1.0,0.0017248632730332352,0.6379241943359375,0.012466499989386648
U-Net,train_S2A_MSIL2A_20200818T142741_N0214_R053_T20LMP_20200818T165705_01_10.png,0.0,0.0,0.0,0.0,0.46258544921875,0.014653900027042255
U-Net,train_S2A_MSIL2A_20200818T142741_N0214_R053_T20LMP_20200818T165705_01_12.png,0.0,0.0,0.0,0.0,0.8160552978515625,0.012343800015514717
U-Net,train_S2A_MSIL2A_20200818T142741_N0214_R053_T20LMP_20200818T165705_01_13.png,0.0,0.0,0.0,0.0,0.7452239990234375,0.01238630001898855
U-Net,train_S2A_MSIL2A_20200818T142741_N0214_R053_T20LMP_20200818T165705_01_14.png,0.0,0.0,0.0,0.0,0.6767120361328125,0.013535300007788464
U-Net,train_S2A_MSIL2A_20200818T142741_N0214_R053_T20LMP_20200818T165705_01_15.png,0.0005135387488328665,0.0010265503242965798,1.0,0.0005135387488328665,0.6733245849609375,0.012731700000585988
U-Net,train_S2A_MSIL2A_20200818T142741_N0214_R053_T20LMP_20200818T165705_01_16.png,0.04865475255302435,0.09279460648906784,1.0,0.04865475255302435,0.7043304443359375,0.01390190000529401
U-Net,train_S2A_MSIL2A_20200818T142741_N0214_R053_T20LMP_20200818T165705_01_17.png,0.015272794185297636,0.03008608971454463,0.9273743016759777,0.015291083271923361,0.8366851806640625,0.01221439999062568
U-Net,train_S2A_MSIL2A_20200818T142741_N0214_R053_T20LMP_20200818T165705_01_19.png,0.00043000477783086477,0.0008596399063947657,1.0,0.00043000477783086477,0.6807708740234375,0.012884499999927357
U-Net,train_S2A_MSIL2A_20200818T142741_N0214_R053_T20LMP_20200818T165705_01_21.png,0.03554059109614665,0.06864161849710983,0.9907300115874855,0.03555241382178053,0.645965576171875,0.013066499988781288
U-Net,train_S2A_MSIL2A_20200818T142741_N0214_R053_T20LMP_20200818T165705_02_01.png,0.0,0.0,0.0,0.0,0.822967529296875,0.012521299999207258
U-Net,train_S2A_MSIL2A_20200818T142741_N0214_R053_T20LMP_20200818T165705_02_02.png,0.0,0.0,0.0,0.0,0.83148193359375,0.013038000004598871
U-Net,train_S2A_MSIL2A_20200818T142741_N0214_R053_T20LMP_20200818T165705_02_05.png,0.040781357093899934,0.07836680935133356,0.9885773624091381,0.040800582865469504,0.6583251953125,0.013987100013764575
U-Net,train_S2A_MSIL2A_20200818T142741_N0214_R053_T20LMP_20200818T165705_02_06.png,0.012118916871804582,0.02394761459307764,1.0,0.012118916871804582,0.68157958984375,0.013595600001281127
U-Net,train_S2A_MSIL2A_20200818T142741_N0214_R053_T20LMP_20200818T165705_02_08.png,0.01789022389244694,0.03515157818106183,0.9441340782122905,0.01790918242992635,0.7168731689453125,0.015572499978588894
U-Net,train_S2A_MSIL2A_20200818T142741_N0214_R053_T20LMP_20200818T165705_02_11.png,0.0,0.0,0.0,0.0,0.79132080078125,0.01295810000738129
U-Net,train_S2A_MSIL2A_20200818T142741_N0214_R053_T20LMP_20200818T165705_02_13.png,0.0,0.0,0.0,0.0,0.880096435546875,0.012804900004994124
U-Net,train_S2A_MSIL2A_20200818T142741_N0214_R053_T20LMP_20200818T165705_02_14.png,0.0030817858553931253,0.006144635260753112,0.29545454545454547,0.0031046011781563445,0.8074951171875,0.013739699992584065
U-Net,train_S2A_MSIL2A_20200818T142741_N0214_R053_T20LMP_20200818T165705_02_15.png,0.004266413842142688,0.008496577767288176,0.8888888888888888,0.004268690342088101,0.74359130859375,0.012800900003639981
U-Net,train_S2A_MSIL2A_20200818T142741_N0214_R053_T20LMP_20200818T165705_02_16.png,0.03522276650338232,0.06804867057232988,0.9983471074380166,0.035224820668338486,0.74755859375,0.016493800008902326
U-Net,train_S2A_MSIL2A_20200818T142741_N0214_R053_T20LMP_20200818T165705_02_17.png,0.009967960128159488,0.01973916108565386,0.3867403314917127,0.010128047457136656,0.7878265380859375,0.016833400004543364
U-Net,train_S2A_MSIL2A_20200818T142741_N0214_R053_T20LMP_20200818T165705_02_19.png,0.0009865765792699333,0.001971208410489218,0.22758620689655173,0.0009898911119776825,0.4901123046875,0.017264599999180064
U-Net,train_S2A_MSIL2A_20200818T142741_N0214_R053_T20LMP_20200818T165705_02_20.png,0.008694212138776186,0.017238548678377933,1.0,0.008694212138776186,0.81732177734375,0.016536700015421957
U-Net,train_S2A_MSIL2A_20200818T142741_N0214_R053_T20LMP_20200818T165705_02_21.png,0.009475218658892129,0.018772563176895306,0.8863636363636364,0.009486742884942837,0.75115966796875,0.016518899996299297
U-Net,train_S2A_MSIL2A_20200818T142741_N0214_R053_T20LMP_20200818T165705_03_01.png,0.0,0.0,0.0,0.0,0.744659423828125,0.015988600003765896
U-Net,train_S2A_MSIL2A_20200818T142741_N0214_R053_T20LMP_20200818T165705_03_02.png,0.0,0.0,0.0,0.0,0.7388458251953125,0.01615559999481775
U-Net,train_S2A_MSIL2A_20200818T142741_N0214_R053_T20LMP_20200818T165705_03_03.png,0.0042360643111581785,0.00843639152526124,0.5116279069767442,0.004253262445625906,0.8421783447265625,0.016001700016204268
U-Net,train_S2A_MSIL2A_20200818T142741_N0214_R053_T20LMP_20200818T165705_03_04.png,0.01794597317549273,0.0352591859458122,0.9895833333333334,0.017949363899735483,0.76202392578125,0.01552129999618046
U-Net,train_S2A_MSIL2A_20200818T142741_N0214_R053_T20LMP_20200818T165705_03_06.png,0.011124501715027348,0.022004217475016043,0.5263157894736842,0.01123700721041296,0.8372344970703125,0.01670080001349561
U-Net,train_S2A_MSIL2A_20200818T142741_N0214_R053_T20LMP_20200818T165705_03_10.png,0.056192323517310294,0.10640547609772386,0.9881136950904392,0.0562303326177102,0.509979248046875,0.014650500001152977
U-Net,train_S2A_MSIL2A_20200818T142741_N0214_R053_T20LMP_20200818T165705_03_11.png,0.03198283847691483,0.06198327585392356,0.8282828282828283,0.03219631901840491,0.6970367431640625,0.013541599997552112
U-Net,train_S2A_MSIL2A_20200818T142741_N0214_R053_T20LMP_20200818T165705_03_14.png,0.0,0.0,0.0,0.0,0.64105224609375,0.016277799993986264
U-Net,train_S2A_MSIL2A_20200818T142741_N0214_R053_T20LMP_20200818T165705_03_17.png,0.002383121889675475,0.004754912243899028,0.6071428571428571,0.002386802386802387,0.7828216552734375,0.015993600012734532
U-Net,train_S2A_MSIL2A_20200818T142741_N0214_R053_T20LMP_20200818T165705_03_20.png,0.0016216216216216215,0.0032379924446842958,0.4411764705882353,0.0016249593760155996,0.8590850830078125,0.016371100005926564
U-Net,train_S2A_MSIL2A_20200818T142741_N0214_R053_T20LMP_20200818T165705_04_01.png,0.0,0.0,0.0,0.0,0.8725128173828125,0.015607500012265518
U-Net,train_S2A_MSIL2A_20200818T142741_N0214_R053_T20LMP_20200818T165705_04_02.png,0.0,0.0,0.0,0.0,0.845245361328125,0.015865699999267235
U-Net,train_S2A_MSIL2A_20200818T142741_N0214_R053_T20LMP_20200818T165705_04_04.png,0.0,0.0,0.0,0.0,0.8212127685546875,0.015984600002411753
U-Net,train_S2A_MSIL2A_20200818T142741_N0214_R053_T20LMP_20200818T165705_04_05.png,0.0820409858764885,0.15164117985795636,0.9634146341463414,0.0822973817626224,0.7976837158203125,0.015052000002469867
U-Net,train_S2A_MSIL2A_20200818T142741_N0214_R053_T20LMP_20200818T165705_04_07.png,0.0170762662974501,0.033579126488939307,0.9487179487179487,0.017092042961080956,0.8700103759765625,0.012636200000997633
U-Net,train_S2A_MSIL2A_20200818T142741_N0214_R053_T20LMP_20200818T165705_04_08.png,0.03594487211323566,0.06939533768802061,0.9897435897435898,0.03595826605390635,0.7630462646484375,0.013965399994049221
U-Net,train_S2A_MSIL2A_20200818T142741_N0214_R053_T20LMP_20200818T165705_04_11.png,0.051901944209636515,0.09868209578913532,0.9860813704496788,0.05193999548838259,0.7432861328125,0.012730899994494393
U-Net,train_S2A_MSIL2A_20200818T142741_N0214_R053_T20LMP_20200818T165705_04_12.png,0.013659522136331693,0.026950907751635687,0.9040697674418605,0.013679349021332747,0.6573333740234375,0.013695500005269423
U-Net,train_S2A_MSIL2A_20200818T142741_N0214_R053_T20LMP_20200818T165705_04_13.png,0.000438129811604181,0.0008758758758758759,1.0,0.000438129811604181,0.756317138671875,0.01346919999923557
U-Net,train_S2A_MSIL2A_20200818T142741_N0214_R053_T20LMP_20200818T165705_04_14.png,0.00011553125120345054,0.00023103581055063536,0.04411764705882353,0.00011582117211026175,0.60382080078125,0.013689500017790124
U-Net,train_S2A_MSIL2A_20200818T142741_N0214_R053_T20LMP_20200818T165705_04_15.png,0.0,0.0,0.0,0.0,0.7725372314453125,0.012731099996017292
U-Net,train_S2A_MSIL2A_20200818T142741_N0214_R053_T20LMP_20200818T165705_04_16.png,0.028432732316227463,0.05529332434254889,0.9534883720930233,0.02847222222222222,0.786224365234375,0.014284800010500476
U-Net,train_S2A_MSIL2A_20200818T142741_N0214_R053_T20LMP_20200818T165705_04_18.png,0.03462108121451493,0.06692514166418133,0.8189781021897811,0.03488805970149254,0.7613067626953125,0.01311969998641871
U-Net,train_S2A_MSIL2A_20200818T142741_N0214_R053_T20LMP_20200818T165705_04_20.png,0.013244320017228384,0.02614240170031881,0.9919354838709677,0.0132457462847297,0.86016845703125,0.013910400011809543
U-Net,train_S2A_MSIL2A_20200818T142741_N0214_R053_T20LMP_20200818T165705_04_21.png,0.031062041690697866,0.06025251718075755,0.9331683168316832,0.031131296449215525,0.820556640625,0.01313890001620166
U-Net,train_S2A_MSIL2A_20200818T142741_N0214_R053_T20LMP_20200818T165705_05_01.png,0.0,0.0,0.0,0.0,0.8557586669921875,0.014350300014484674
U-Net,train_S2A_MSIL2A_20200818T142741_N0214_R053_T20LMP_20200818T165705_05_02.png,0.0,0.0,0.0,0.0,0.901641845703125,0.013502299989340827
U-Net,train_S2A_MSIL2A_20200818T142741_N0214_R053_T20LMP_20200818T165705_05_03.png,0.0,0.0,0.0,0.0,0.8473968505859375,0.01425740000559017
U-Net,train_S2A_MSIL2A_20200818T142741_N0214_R053_T20LMP_20200818T165705_05_04.png,0.10156341836134948,0.18439867676875468,0.9201277955271565,0.10246679316888045,0.8833770751953125,0.014729699993040413
U-Net,train_S2A_MSIL2A_20200818T142741_N0214_R053_T20LMP_20200818T165705_05_05.png,0.0,0.0,0.0,0.0,0.8248748779296875,0.013613799994345754
U-Net,train_S2A_MSIL2A_20200818T142741_N0214_R053_T20LMP_20200818T165705_05_12.png,0.001526929483620211,0.003049203049203049,1.0,0.001526929483620211,0.780487060546875,0.01588140000239946
U-Net,train_S2A_MSIL2A_20200818T142741_N0214_R053_T20LMP_20200818T165705_05_13.png,0.0,0.0,0.0,0.0,0.8386383056640625,0.015005499997641891
U-Net,train_S2A_MSIL2A_20200818T142741_N0214_R053_T20LMP_20200818T165705_05_14.png,8.351428094204109e-05,0.00016701461377870565,1.0,8.351428094204109e-05,0.634613037109375,0.013071800000034273
U-Net,train_S2A_MSIL2A_20200818T142741_N0214_R053_T20LMP_20200818T165705_05_15.png,0.0,0.0,0.0,0.0,0.736328125,0.014988100010668859
U-Net,train_S2A_MSIL2A_20200818T142741_N0214_R053_T20LMP_20200818T165705_05_17.png,0.001465370970229832,0.002926453600308048,0.7307692307692307,0.0014661625125395477,0.8024444580078125,0.015294300013920292
U-Net,train_S2A_MSIL2A_20200818T142741_N0214_R053_T20LMP_20200818T165705_05_20.png,0.0,0.0,0.0,0.0,0.7711334228515625,0.014734800002770498
U-Net,train_S2A_MSIL2A_20200818T142741_N0214_R053_T20LMP_20200818T165705_06_03.png,0.0,0.0,0.0,0.0,0.852142333984375,0.016018399997847155
U-Net,train_S2A_MSIL2A_20200818T142741_N0214_R053_T20LMP_20200818T165705_06_05.png,0.08162267839687194,0.1509263443289652,0.9916864608076009,0.08167856793504842,0.8566436767578125,0.015185500000370666
U-Net,train_S2A_MSIL2A_20200818T142741_N0214_R053_T20LMP_20200818T165705_06_06.png,0.0,0.0,0.0,0.0,0.9081878662109375,0.014862499985611066
U-Net,train_S2A_MSIL2A_20200818T142741_N0214_R053_T20LMP_20200818T165705_06_07.png,0.050802981001364544,0.09669363699930077,1.0,0.050802981001364544,0.724029541015625,0.015213300008326769
U-Net,train_S2A_MSIL2A_20200818T142741_N0214_R053_T20LMP_20200818T165705_06_10.png,0.006819357569486902,0.013546337817638266,0.9602649006622517,0.0068212824010914054,0.677764892578125,0.01533900000504218
U-Net,train_S2A_MSIL2A_20200818T142741_N0214_R053_T20LMP_20200818T165705_06_13.png,0.0016184971098265897,0.003231763619575254,0.9545454545454546,0.001618621859102821,0.802337646484375,0.01562799999373965
U-Net,train_S2A_MSIL2A_20200818T142741_N0214_R053_T20LMP_20200818T165705_06_15.png,0.0,0.0,0.0,0.0,0.6525115966796875,0.012969200004590675
U-Net,train_S2A_MSIL2A_20200818T142741_N0214_R053_T20LMP_20200818T165705_06_16.png,0.020892487818557858,0.040929849260035026,1.0,0.020892487818557858,0.5738067626953125,0.015601899998728186
U-Net,train_S2A_MSIL2A_20200818T142741_N0214_R053_T20LMP_20200818T165705_06_17.png,0.014975413500223514,0.02950891874036556,0.9537366548042705,0.014986299837834815,0.73101806640625,0.014245399972423911
U-Net,train_S2A_MSIL2A_20200818T142741_N0214_R053_T20LMP_20200818T165705_06_18.png,0.006321911746112024,0.012564392511622063,0.9569377990430622,0.006323710753470136,0.52032470703125,0.01501299999654293
U-Net,train_S2A_MSIL2A_20200818T142741_N0214_R053_T20LMP_20200818T165705_06_21.png,0.04204421891989851,0.08069565217391304,0.9789029535864979,0.04208235080718302,0.83868408203125,0.01468429999658838
U-Net,train_S2A_MSIL2A_20200818T142741_N0214_R053_T20LMP_20200818T165705_07_01.png,0.0,0.0,0.0,0.0,0.9190673828125,0.013186900003347546
U-Net,train_S2A_MSIL2A_20200818T142741_N0214_R053_T20LMP_20200818T165705_07_02.png,0.0,0.0,0.0,0.0,0.8644256591796875,0.015126999991480261
U-Net,train_S2A_MSIL2A_20200818T142741_N0214_R053_T20LMP_20200818T165705_07_03.png,0.0,0.0,0.0,0.0,0.899810791015625,0.0138130999985151
U-Net,train_S2A_MSIL2A_20200818T142741_N0214_R053_T20LMP_20200818T165705_07_04.png,0.006380789022298456,0.012680665394055086,0.9893617021276596,0.006381226842321943,0.779022216796875,0.014494899980491027
U-Net,train_S2A_MSIL2A_20200818T142741_N0214_R053_T20LMP_20200818T165705_07_05.png,0.029907511453021004,0.058078052874527906,0.9971181556195965,0.029910096818810513,0.8287506103515625,0.012834699999075383
U-Net,train_S2A_MSIL2A_20200818T142741_N0214_R053_T20LMP_20200818T165705_07_07.png,0.05754937354002973,0.10883534136546184,0.8272283272283272,0.05824950563150202,0.661407470703125,0.014101000007940456
U-Net,train_S2A_MSIL2A_20200818T142741_N0214_R053_T20LMP_20200818T165705_07_09.png,0.0005329678696512867,0.001065367932425234,1.0,0.0005329678696512867,0.7996978759765625,0.013271499978145584
U-Net,train_S2A_MSIL2A_20200818T142741_N0214_R053_T20LMP_20200818T165705_07_10.png,0.0,0.0,0.0,0.0,0.80755615234375,0.012660200009122491
U-Net,train_S2A_MSIL2A_20200818T142741_N0214_R053_T20LMP_20200818T165705_07_12.png,7.614986293024673e-05,0.0001522881291403335,0.3333333333333333,7.616146230007616e-05,0.7996368408203125,0.0131182000041008
U-Net,train_S2A_MSIL2A_20200818T142741_N0214_R053_T20LMP_20200818T165705_07_13.png,0.04489289375708196,0.08592822101729924,0.9881235154394299,0.044917130054526806,0.7299041748046875,0.013537799997720867
U-Net,train_S2A_MSIL2A_20200818T142741_N0214_R053_T20LMP_20200818T165705_07_16.png,0.026599355167147464,0.05182032315384933,0.9781591263650546,0.026615162577468376,0.6498870849609375,0.012893400009488687
U-Net,train_S2A_MSIL2A_20200818T142741_N0214_R053_T20LMP_20200818T165705_07_18.png,0.024922846722154682,0.04863360554769834,1.0,0.024922846722154682,0.6818084716796875,0.012538200011476874
U-Net,train_S2A_MSIL2A_20200818T142741_N0214_R053_T20LMP_20200818T165705_07_19.png,0.006020919398787026,0.011969769778515573,0.9927536231884058,0.006021184019689711,0.6548919677734375,0.012468900007661432
U-Net,train_S2A_MSIL2A_20200818T142741_N0214_R053_T20LMP_20200818T165705_07_20.png,0.0011602850986242334,0.002317880794701987,1.0,0.0011602850986242334,0.724151611328125,0.013021099992329255
U-Net,train_S2A_MSIL2A_20200818T142741_N0214_R053_T20LMP_20200818T165705_08_02.png,0.0,0.0,0.0,0.0,0.88360595703125,0.012421399995218962
U-Net,train_S2A_MSIL2A_20200818T142741_N0214_R053_T20LMP_20200818T165705_08_03.png,0.0032255587128484755,0.006430375870780066,0.20588235294117646,0.00326619488296135,0.8019561767578125,0.012478299991926178
U-Net,train_S2A_MSIL2A_20200818T142741_N0214_R053_T20LMP_20200818T165705_08_04.png,0.005337519623233909,0.010618363522798251,0.9444444444444444,0.005339195979899497,0.806640625,0.012430100003257394
U-Net,train_S2A_MSIL2A_20200818T142741_N0214_R053_T20LMP_20200818T165705_08_07.png,0.06519571882700374,0.12241077892952375,0.9965497412305923,0.06521043818554684,0.2416839599609375,0.012425799999618903
U-Net,train_S2A_MSIL2A_20200818T142741_N0214_R053_T20LMP_20200818T165705_08_08.png,0.0,0.0,0.0,0.0,0.8365936279296875,0.01314779999665916
U-Net,train_S2A_MSIL2A_20200818T142741_N0214_R053_T20LMP_20200818T165705_08_10.png,0.03105313394845689,0.06023575881009689,1.0,0.03105313394845689,0.7676544189453125,0.01245719997677952
U-Net,train_S2A_MSIL2A_20200818T142741_N0214_R053_T20LMP_20200818T165705_08_11.png,0.0014208685514427281,0.002837705096954924,0.7090909090909091,0.0014216972878390202,0.5817718505859375,0.012319999979808927
U-Net,train_S2A_MSIL2A_20200818T142741_N0214_R053_T20LMP_20200818T165705_08_12.png,0.003844366524439187,0.007659287938725697,0.7583333333333333,0.0038490821419507656,0.64019775390625,0.012329099990893155
U-Net,train_S2A_MSIL2A_20200818T142741_N0214_R053_T20LMP_20200818T165705_08_13.png,0.04848863472535922,0.09249243743697864,0.999009900990099,0.048490965013456365,0.6978759765625,0.012528999999631196
U-Net,train_S2A_MSIL2A_20200818T142741_N0214_R053_T20LMP_20200818T165705_08_18.png,0.01159505591524426,0.022924303252458252,0.985,0.011597103667510449,0.7437591552734375,0.012400899984641
U-Net,train_S2A_MSIL2A_20200818T142741_N0214_R053_T20LMP_20200818T165705_08_19.png,0.021147181554565388,0.04141847901371381,0.8794117647058823,0.021208682082564902,0.788818359375,0.012203400023281574
U-Net,train_S2A_MSIL2A_20200818T142741_N0214_R053_T20LMP_20200818T165705_08_20.png,0.015388268819757777,0.030310117404930073,0.9501466275659824,0.015400703488924803,0.6836700439453125,0.012019699992379174
U-Net,train_S2A_MSIL2A_20200818T142741_N0214_R053_T20LMP_20200818T165705_09_03.png,0.041334433140867016,0.07938743179017778,1.0,0.041334433140867016,0.84039306640625,0.012008199992123991
U-Net,train_S2A_MSIL2A_20200818T142741_N0214_R053_T20LMP_20200818T165705_09_05.png,0.016729160657629073,0.032907801418439714,0.8130841121495327,0.016793745777434612,0.8439483642578125,0.01208240000414662
U-Net,train_S2A_MSIL2A_20200818T142741_N0214_R053_T20LMP_20200818T165705_09_06.png,0.17628419962220462,0.299730625777041,0.9721102150537635,0.17718030377266045,0.793731689453125,0.012476099975174293
U-Net,train_S2A_MSIL2A_20200818T142741_N0214_R053_T20LMP_20200818T165705_09_07.png,0.05706267539756782,0.1079646017699115,0.9665492957746479,0.05717558841907936,0.861572265625,0.012067000003298745
U-Net,train_S2A_MSIL2A_20200818T142741_N0214_R053_T20LMP_20200818T165705_09_11.png,0.0,0.0,0.0,0.0,0.771820068359375,0.012308200006373227
U-Net,train_S2A_MSIL2A_20200818T142741_N0214_R053_T20LMP_20200818T165705_09_12.png,0.0004830917874396135,0.0009657170449058426,1.0,0.0004830917874396135,0.7790069580078125,0.012370799988275394
U-Net,train_S2A_MSIL2A_20200818T142741_N0214_R053_T20LMP_20200818T165705_09_14.png,0.046725784447476125,0.08927989573150863,0.9970887918486172,0.04673215991267567,0.7867584228515625,0.012610200006747618
U-Net,train_S2A_MSIL2A_20200818T142741_N0214_R053_T20LMP_20200818T165705_09_15.png,0.055444960554449606,0.10506461753405519,0.9966865473823724,0.05545518233103499,0.609039306640625,0.012966100010089576
U-Net,train_S2A_MSIL2A_20200818T142741_N0214_R053_T20LMP_20200818T165705_09_21.png,0.0,0.0,0.0,0.0,0.6185760498046875,0.013199999986682087
U-Net,train_S2A_MSIL2A_20200818T142741_N0214_R053_T20LMP_20200818T165705_10_02.png,0.023996082272282077,0.0468675274988044,0.9966101694915255,0.02399804097624684,0.817535400390625,0.013269900024170056
U-Net,train_S2A_MSIL2A_20200818T142741_N0214_R053_T20LMP_20200818T165705_10_03.png,0.07189317039519069,0.13414241713786604,0.9993150684931507,0.07189671315231853,0.7126007080078125,0.012326399999437854
U-Net,train_S2A_MSIL2A_20200818T142741_N0214_R053_T20LMP_20200818T165705_10_06.png,0.010777957860615884,0.021326064298885592,0.7687861271676301,0.0108130081300813,0.8137359619140625,0.012257499998668209
U-Net,train_S2A_MSIL2A_20200818T142741_N0214_R053_T20LMP_20200818T165705_10_07.png,0.0449460647223332,0.08602561651691837,0.9868421052631579,0.044973016190285826,0.854095458984375,0.013972099986858666
U-Net,train_S2A_MSIL2A_20200818T142741_N0214_R053_T20LMP_20200818T165705_10_09.png,0.0,0.0,0.0,0.0,0.851409912109375,0.011989999999059364
U-Net,train_S2A_MSIL2A_20200818T142741_N0214_R053_T20LMP_20200818T165705_10_10.png,0.0,0.0,0.0,0.0,0.852020263671875,0.012158900004578754
U-Net,train_S2A_MSIL2A_20200818T142741_N0214_R053_T20LMP_20200818T165705_10_11.png,0.0,0.0,0.0,0.0,0.7628936767578125,0.011980599985690787
U-Net,train_S2A_MSIL2A_20200818T142741_N0214_R053_T20LMP_20200818T165705_10_12.png,0.08988267944998107,0.164940100700272,0.8763837638376384,0.09103686194339743,0.7798309326171875,0.011940800002776086
U-Net,train_S2A_MSIL2A_20200818T142741_N0214_R053_T20LMP_20200818T165705_10_16.png,0.0388182096873084,0.07473532775093142,0.9921645445641528,0.03883011346212818,0.6172637939453125,0.011986799974692985
U-Net,train_S2A_MSIL2A_20200818T142741_N0214_R053_T20LMP_20200818T165705_10_17.png,0.04005938954401393,0.07703288859605777,0.9859451862262825,0.040082278661828986,0.48699951171875,0.01201579999178648
U-Net,train_S2A_MSIL2A_20200818T142741_N0214_R053_T20LMP_20200818T165705_10_18.png,0.02498507717233734,0.048752079866888516,0.9915397631133672,0.024990404708089897,0.65106201171875,0.012249299994437024
U-Net,train_S2A_MSIL2A_20200818T142741_N0214_R053_T20LMP_20200818T165705_10_19.png,0.04736781299341472,0.09045115270066552,0.9609375,0.04745919666628082,0.6225433349609375,0.011917099996935576
U-Net,train_S2A_MSIL2A_20200818T142741_N0214_R053_T20LMP_20200818T165705_10_20.png,8.855304327292048e-05,0.00017709040465157462,1.0,8.855304327292048e-05,0.4831085205078125,0.01254029999836348
U-Net,train_S2A_MSIL2A_20200818T142741_N0214_R053_T20LMP_20200818T165705_10_21.png,0.0,0.0,0.0,0.0,0.4938812255859375,0.01235659999656491
U-Net,train_S2A_MSIL2A_20200818T142741_N0214_R053_T20LMP_20200818T165705_11_02.png,0.10351901530692757,0.18761618761618762,0.9916855631141346,0.10360893942983496,0.826629638671875,0.01232389998040162
U-Net,train_S2A_MSIL2A_20200818T142741_N0214_R053_T20LMP_20200818T165705_11_04.png,0.004596273291925466,0.009150488438234202,0.8409090909090909,0.004600273529777446,0.8777313232421875,0.012498200027039275
U-Net,train_S2A_MSIL2A_20200818T142741_N0214_R053_T20LMP_20200818T165705_11_06.png,0.09755656108597285,0.17777044854881266,0.988537368179734,0.09766704416761042,0.6956787109375,0.012427200010279194
U-Net,train_S2A_MSIL2A_20200818T142741_N0214_R053_T20LMP_20200818T165705_11_10.png,0.0,0.0,0.0,0.0,0.7705230712890625,0.012977200007298961
U-Net,train_S2A_MSIL2A_20200818T142741_N0214_R053_T20LMP_20200818T165705_11_13.png,0.06960139716457776,0.13014455169764202,0.9992625368731564,0.06960497251759387,0.7236175537109375,0.013585999986389652
U-Net,train_S2A_MSIL2A_20200818T142741_N0214_R053_T20LMP_20200818T165705_11_14.png,0.0,0.0,0.0,0.0,0.6732025146484375,0.013206200004788116
U-Net,train_S2A_MSIL2A_20200818T142741_N0214_R053_T20LMP_20200818T165705_11_16.png,0.0012568788640532644,0.002510602205258694,0.9736842105263158,0.0012569215613004042,0.5513763427734375,0.013154099986422807
U-Net,train_S2A_MSIL2A_20200818T142741_N0214_R053_T20LMP_20200818T165705_11_21.png,0.0001923323503013207,0.00038459073136337413,1.0,0.0001923323503013207,0.7620391845703125,0.012750900001265109
U-Net,train_S2A_MSIL2A_20200818T142741_N0214_R053_T20LMP_20200818T165705_12_02.png,0.0,0.0,0.0,0.0,0.730682373046875,0.012753100018016994
U-Net,train_S2A_MSIL2A_20200818T142741_N0214_R053_T20LMP_20200818T165705_12_03.png,0.0,0.0,0.0,0.0,0.78289794921875,0.013657900010002777
U-Net,train_S2A_MSIL2A_20200818T142741_N0214_R053_T20LMP_20200818T165705_12_06.png,0.1033968624400363,0.1874155455026144,0.9974984365228268,0.10342368045649072,0.7889556884765625,0.012974199984455481
U-Net,train_S2A_MSIL2A_20200818T142741_N0214_R053_T20LMP_20200818T165705_12_07.png,0.02381353079771121,0.046519273444563164,0.827485380116959,0.0239323467230444,0.8229827880859375,0.012382599990814924
U-Net,train_S2A_MSIL2A_20200818T142741_N0214_R053_T20LMP_20200818T165705_12_08.png,0.00948821161587119,0.018798063229849046,0.7443609022556391,0.00951923076923077,0.684600830078125,0.012490799999795854
U-Net,train_S2A_MSIL2A_20200818T142741_N0214_R053_T20LMP_20200818T165705_12_09.png,0.014527476706598213,0.02863890242531019,0.9720101781170484,0.014533556536295846,0.6045989990234375,0.012235300004249439
U-Net,train_S2A_MSIL2A_20200818T142741_N0214_R053_T20LMP_20200818T165705_12_11.png,0.06598157335223245,0.12379496044146,0.9291417165668663,0.06631526461998719,0.7989044189453125,0.012461600010283291
U-Net,train_S2A_MSIL2A_20200818T142741_N0214_R053_T20LMP_20200818T165705_12_17.png,0.00987029094103664,0.019547640978405487,0.44941176470588234,0.009991107391327091,0.7076416015625,0.013145899982191622
U-Net,train_S2A_MSIL2A_20200818T142741_N0214_R053_T20LMP_20200818T165705_12_20.png,0.0007974178849439908,0.0015935650326301411,1.0,0.0007974178849439908,0.598480224609375,0.012927500007208437
U-Net,train_S2A_MSIL2A_20200818T142741_N0214_R053_T20LMP_20200818T165705_12_21.png,0.0,0.0,0.0,0.0,0.6632080078125,0.013098199997330084
U-Net,train_S2A_MSIL2A_20200818T142741_N0214_R053_T20LMP_20200818T165705_13_01.png,0.0,0.0,0.0,0.0,0.426025390625,0.012585799995576963
U-Net,train_S2A_MSIL2A_20200818T142741_N0214_R053_T20LMP_20200818T165705_13_02.png,0.0021128468012884902,0.004216784183602931,1.0,0.0021128468012884902,0.560394287109375,0.013028099987423047
U-Net,train_S2A_MSIL2A_20200818T142741_N0214_R053_T20LMP_20200818T165705_13_03.png,0.004973804628954174,0.009898376666226739,0.9868421052631579,0.004974134500596896,0.77105712890625,0.012904399976832792
U-Net,train_S2A_MSIL2A_20200818T142741_N0214_R053_T20LMP_20200818T165705_13_05.png,0.00993276283618582,0.019670146769556664,0.7558139534883721,0.00996474015023762,0.9011383056640625,0.013395899994065985
U-Net,train_S2A_MSIL2A_20200818T142741_N0214_R053_T20LMP_20200818T165705_13_07.png,0.0,0.0,0.0,0.0,0.7143402099609375,0.013111299980664626
U-Net,train_S2A_MSIL2A_20200818T142741_N0214_R053_T20LMP_20200818T165705_13_08.png,0.01508817452308875,0.029727810650887573,0.9905362776025236,0.015090349865436371,0.6872406005859375,0.01348270001471974
U-Net,train_S2A_MSIL2A_20200818T142741_N0214_R053_T20LMP_20200818T165705_13_09.png,0.0,0.0,0.0,0.0,0.619537353515625,0.012161999999079853
U-Net,train_S2A_MSIL2A_20200818T142741_N0214_R053_T20LMP_20200818T165705_13_10.png,0.04175028887672566,0.08015412008523308,0.9899062725306417,0.04176807009004624,0.5191497802734375,0.012275999994017184
U-Net,train_S2A_MSIL2A_20200818T142741_N0214_R053_T20LMP_20200818T165705_13_11.png,0.014647251073732482,0.028871612391857936,1.0,0.014647251073732482,0.1213226318359375,0.012481599987950176
U-Net,train_S2A_MSIL2A_20200818T142741_N0214_R053_T20LMP_20200818T165705_13_17.png,0.0006309148264984228,0.0012610340479192938,0.21875,0.0006323396567299006,0.830810546875,0.012259799987077713
U-Net,train_S2A_MSIL2A_20200818T142741_N0214_R053_T20LMP_20200818T165705_13_19.png,0.0,0.0,0.0,0.0,0.776092529296875,0.012178400007542223
U-Net,train_S2A_MSIL2A_20200818T142741_N0214_R053_T20LMP_20200818T165705_13_20.png,0.0,0.0,0.0,0.0,0.8344879150390625,0.012294999993173406
U-Net,train_S2A_MSIL2A_20200818T142741_N0214_R053_T20LMP_20200818T165705_13_21.png,0.0,0.0,0.0,0.0,0.8608856201171875,0.01199670002097264
U-Net,train_S2A_MSIL2A_20200818T142741_N0214_R053_T20LMP_20200818T165705_14_01.png,0.0049957519116397625,0.009941836872717436,1.0,0.0049957519116397625,0.10650634765625,0.012326299998676404
U-Net,train_S2A_MSIL2A_20200818T142741_N0214_R053_T20LMP_20200818T165705_14_04.png,0.0,0.0,0.0,0.0,0.7360992431640625,0.011968100006924942
U-Net,train_S2A_MSIL2A_20200818T142741_N0214_R053_T20LMP_20200818T165705_14_07.png,0.0,0.0,0.0,0.0,0.7131195068359375,0.01214609999442473
U-Net,train_S2A_MSIL2A_20200818T142741_N0214_R053_T20LMP_20200818T165705_14_08.png,0.019269927986093865,0.03781123617404863,0.9987129987129987,0.019270406516178697,0.397369384765625,0.01241890000528656
U-Net,train_S2A_MSIL2A_20200818T142741_N0214_R053_T20LMP_20200818T165705_14_09.png,0.04013869726236294,0.07717950955580766,0.995945945945946,0.04014525646845211,0.1932220458984375,0.012135299999499694
U-Net,train_S2A_MSIL2A_20200818T142741_N0214_R053_T20LMP_20200818T165705_14_16.png,0.03544665899692174,0.06846641242004745,0.9698000850701829,0.035485829014334405,0.053314208984375,0.012215099995955825
U-Net,train_S2A_MSIL2A_20200818T142741_N0214_R053_T20LMP_20200818T165705_14_17.png,0.09187916830129463,0.1682954872089681,0.9481781376518219,0.09234287516757353,0.823394775390625,0.012138099991716444
U-Net,train_S2A_MSIL2A_20200818T142741_N0214_R053_T20LMP_20200818T165705_14_19.png,0.0,0.0,0.0,0.0,0.8688201904296875,0.012140100006945431
U-Net,train_S2A_MSIL2A_20200818T142741_N0214_R053_T20LMP_20200818T165705_15_01.png,3.119930113565456e-05,6.23966555392631e-05,1.0,3.119930113565456e-05,0.021881103515625,0.012309400015510619
U-Net,train_S2A_MSIL2A_20200818T142741_N0214_R053_T20LMP_20200818T165705_15_02.png,3.0720078643401325e-05,6.143826989831967e-05,1.0,3.0720078643401325e-05,0.006622314453125,0.012056700012180954
U-Net,train_S2A_MSIL2A_20200818T142741_N0214_R053_T20LMP_20200818T165705_15_03.png,0.0009394588101215136,0.0018771541112752338,1.0,0.0009394588101215136,0.010162353515625,0.012076800019713119
U-Net,train_S2A_MSIL2A_20200818T142741_N0214_R053_T20LMP_20200818T165705_15_05.png,0.005557908109252593,0.011054377006895825,0.9210526315789473,0.005560557114865223,0.7133331298828125,0.012151000002631918
U-Net,train_S2A_MSIL2A_20200818T142741_N0214_R053_T20LMP_20200818T165705_15_06.png,0.1115666338690281,0.2007376444553725,0.941420664206642,0.11234656244839544,0.7519989013671875,0.01196850000997074
U-Net,train_S2A_MSIL2A_20200818T142741_N0214_R053_T20LMP_20200818T165705_15_07.png,0.00436532958238347,0.008692712609262567,0.989010989010989,0.004365541327124563,0.6867828369140625,0.012056300009135157
U-Net,train_S2A_MSIL2A_20200818T142741_N0214_R053_T20LMP_20200818T165705_15_08.png,0.005777859733234986,0.011489335696388193,0.962457337883959,0.005779162226412001,0.2595672607421875,0.012389800016535446
U-Net,train_S2A_MSIL2A_20200818T142741_N0214_R053_T20LMP_20200818T165705_15_09.png,0.0040955497638690205,0.008157689305230288,0.9858490566037735,0.0040957905463667,0.224517822265625,0.19661879999330267
U-Net,train_S2A_MSIL2A_20200818T142741_N0214_R053_T20LMP_20200818T165705_15_10.png,0.02678906327114796,0.052180266092440204,0.9692857142857143,0.026811823283015887,0.247772216796875,0.012849800026742741
U-Net,train_S2A_MSIL2A_20200818T142741_N0214_R053_T20LMP_20200818T165705_15_12.png,0.050963168438896596,0.09698373828760797,0.9960843373493976,0.05097338039675078,0.0603179931640625,0.012517800001660362
U-Net,train_S2A_MSIL2A_20200818T142741_N0214_R053_T20LMP_20200818T165705_15_13.png,0.05837773286790373,0.11031549711409104,1.0,0.05837773286790373,0.0615386962890625,0.012540800002170727
U-Net,train_S2A_MSIL2A_20200818T142741_N0214_R053_T20LMP_20200818T165705_15_14.png,0.0481687898089172,0.09191036840106342,0.993996840442338,0.04818280673272786,0.051422119140625,0.012629999982891604
U-Net,train_S2A_MSIL2A_20200818T142741_N0214_R053_T20LMP_20200818T165705_15_15.png,0.03714276990718124,0.07162518215405449,1.0,0.03714276990718124,0.0376129150390625,0.013136499997926876
U-Net,train_S2A_MSIL2A_20200818T142741_N0214_R053_T20LMP_20200818T165705_15_16.png,0.05311906636409948,0.10087950747581355,0.9997094712376525,0.053119886381178795,0.064056396484375,0.012993099982850254
U-Net,train_S2A_MSIL2A_20200818T142741_N0214_R053_T20LMP_20200818T165705_15_17.png,0.04104007704274391,0.07884437486657653,0.9981981981981982,0.041043117498888726,0.20989990234375,0.013014700001804158
U-Net,train_S2A_MSIL2A_20200818T142741_N0214_R053_T20LMP_20200818T165705_15_18.png,0.05507088331515812,0.10439276485788114,1.0,0.05507088331515812,0.8677825927734375,0.01579860001220368
U-Net,train_S2A_MSIL2A_20200818T142741_N0214_R053_T20LMP_20200818T165705_15_19.png,0.0,0.0,0.0,0.0,0.8639984130859375,0.013110499974573031
U-Net,train_S2A_MSIL2A_20200818T142741_N0214_R053_T20LMP_20200818T165705_15_20.png,0.0,0.0,0.0,0.0,0.928558349609375,0.013218400010373443
U-Net,train_S2A_MSIL2A_20200818T142741_N0214_R053_T20LMP_20200818T165705_16_05.png,0.005350492622448498,0.010644034417274283,0.8764478764478765,0.005354531301599283,0.3560943603515625,0.012946700007887557
U-Net,train_S2A_MSIL2A_20200818T142741_N0214_R053_T20LMP_20200818T165705_16_06.png,0.0,0.0,0.0,0.0,0.680328369140625,0.013299999991431832
U-Net,train_S2A_MSIL2A_20200818T142741_N0214_R053_T20LMP_20200818T165705_16_09.png,0.003617996006108305,0.007209906598937241,0.7661691542288557,0.0036219953901876854,0.3528594970703125,0.014150100003462285
U-Net,train_S2A_MSIL2A_20200818T142741_N0214_R053_T20LMP_20200818T165705_16_14.png,0.07802231392327678,0.14475083291982704,1.0,0.07802231392327678,0.0795135498046875,0.01289889999316074
U-Net,train_S2A_MSIL2A_20200818T142741_N0214_R053_T20LMP_20200818T165705_16_15.png,0.06915642013825167,0.12936632813617507,0.9982339955849889,0.06916488222698072,0.071258544921875,0.01334469998255372
U-Net,train_S2A_MSIL2A_20200818T142741_N0214_R053_T20LMP_20200818T165705_16_16.png,0.02331153673731237,0.04556097708355364,0.9986754966887417,0.0233122574860482,0.0359344482421875,0.013527500006603077
U-Net,train_S2A_MSIL2A_20200818T142741_N0214_R053_T20LMP_20200818T165705_16_18.png,0.009873437023482768,0.019553810728171833,1.0,0.009873437023482768,0.207366943359375,0.013165699987439439
U-Net,train_S2A_MSIL2A_20200818T142741_N0214_R053_T20LMP_20200818T165705_16_19.png,0.0008164153921515267,0.001631498803567544,0.09259259259259259,0.000823000109733348,0.719879150390625,0.013792700017802417
U-Net,train_S2A_MSIL2A_20200818T142741_N0214_R053_T20LMP_20200818T165705_16_20.png,0.0,0.0,0.0,0.0,0.835235595703125,0.01313889998709783
U-Net,train_S2A_MSIL2A_20200818T142741_N0214_R053_T20LMP_20200818T165705_16_21.png,0.0,0.0,0.0,0.0,0.849884033203125,0.013223800022387877
U-Net,train_S2A_MSIL2A_20200818T142741_N0214_R053_T20LMP_20200818T165705_17_05.png,0.000702079111550797,0.0014031730845890137,1.0,0.000702079111550797,0.0443878173828125,0.013017699995543808
U-Net,train_S2A_MSIL2A_20200818T142741_N0214_R053_T20LMP_20200818T165705_17_06.png,0.0029999062529295958,0.005981867464248995,0.9876543209876543,0.003000018750117188,0.1886138916015625,0.012837699992815033
U-Net,train_S2A_MSIL2A_20200818T142741_N0214_R053_T20LMP_20200818T165705_17_07.png,0.01886554697485194,0.03703245640382339,1.0,0.01886554697485194,0.1683502197265625,0.01300559999071993
U-Net,train_S2A_MSIL2A_20200818T142741_N0214_R053_T20LMP_20200818T165705_17_08.png,0.038458584539764216,0.07406859572894518,0.9355441382531527,0.03856075773910365,0.2358551025390625,0.012744999985443428
U-Net,train_S2A_MSIL2A_20200818T142741_N0214_R053_T20LMP_20200818T165705_17_10.png,0.039320976961718344,0.07566666666666666,1.0,0.039320976961718344,0.069122314453125,0.013183600007323548
U-Net,train_S2A_MSIL2A_20200818T142741_N0214_R053_T20LMP_20200818T165705_17_11.png,0.09298066817414567,0.17014146888704343,0.9965864481993514,0.09301029022906114,0.1308746337890625,0.013062899990472943
U-Net,train_S2A_MSIL2A_20200818T142741_N0214_R053_T20LMP_20200818T165705_17_13.png,0.03941578792978339,0.07584219594795318,0.9992172211350293,0.039417005048711574,0.050628662109375,0.013096800015773624
U-Net,train_S2A_MSIL2A_20200818T142741_N0214_R053_T20LMP_20200818T165705_17_16.png,0.028879404342814417,0.05613758856658391,0.9967741935483871,0.0288821036889332,0.0487060546875,0.01288399999612011
U-Net,train_S2A_MSIL2A_20200818T142741_N0214_R053_T20LMP_20200818T165705_17_17.png,0.024306359337279673,0.04745915929489249,0.9966101694915255,0.024308369024192616,0.099609375,0.012960099993506446
U-Net,train_S2A_MSIL2A_20200818T142741_N0214_R053_T20LMP_20200818T165705_17_18.png,0.010473656912446252,0.020730192896762978,0.9920760697305864,0.010474533163777526,0.0975494384765625,0.012985000008484349
U-Net,train_S2A_MSIL2A_20200818T142741_N0214_R053_T20LMP_20200818T165705_17_19.png,0.0,0.0,0.0,0.0,0.1180267333984375,0.012707000016234815
U-Net,train_S2A_MSIL2A_20200818T142741_N0214_R053_T20LMP_20200818T165705_17_20.png,0.012070434535643283,0.02385295355689631,0.9139784946236559,0.012084162638612454,0.787689208984375,0.012432899995474145
U-Net,train_S2A_MSIL2A_20200818T142741_N0214_R053_T20LMP_20200818T165705_17_21.png,0.0059191960905774655,0.011768730756072529,0.945054945054945,0.005921233819884329,0.7796173095703125,0.012859499984188005
U-Net,train_S2A_MSIL2A_20200818T142741_N0214_R053_T20LMP_20200818T165705_18_06.png,0.005091087529902472,0.010130599292078603,1.0,0.005091087529902472,0.010009765625,0.012585399992531165
U-Net,train_S2A_MSIL2A_20200818T142741_N0214_R053_T20LMP_20200818T165705_18_07.png,0.025787037037037035,0.050277564652254365,1.0,0.025787037037037035,0.0367279052734375,0.013065099978120998
U-Net,train_S2A_MSIL2A_20200818T142741_N0214_R053_T20LMP_20200818T165705_18_10.png,0.018760512356061586,0.036830073660147324,0.9965635738831615,0.01876172607879925,0.07421875,0.013384099991526455
U-Net,train_S2A_MSIL2A_20200818T142741_N0214_R053_T20LMP_20200818T165705_18_14.png,0.013455666876352088,0.026554031549943985,1.0,0.013455666876352088,0.01885986328125,0.012641799985431135
U-Net,train_S2A_MSIL2A_20200818T142741_N0214_R053_T20LMP_20200818T165705_18_15.png,0.00020235037746128102,0.0004046188801394379,1.0,0.00020235037746128102,0.0198974609375,0.012689800001680851
U-Net,train_S2A_MSIL2A_20200818T142741_N0214_R053_T20LMP_20200818T165705_18_16.png,0.006084489281210592,0.012095384326136684,0.9796954314720813,0.006085256652793543,0.037872314453125,0.012820000003557652
U-Net,train_S2A_MSIL2A_20200818T142741_N0214_R053_T20LMP_20200818T165705_18_17.png,0.015796840631873626,0.03110236220472441,0.9989462592202318,0.015797103864291548,0.0987548828125,0.012707099987892434
U-Net,train_S2A_MSIL2A_20200818T142741_N0214_R053_T20LMP_20200818T165705_18_18.png,0.007133003072678247,0.014164967389443207,1.0,0.007133003072678247,0.0336151123046875,0.012681299995165318
U-Net,train_S2A_MSIL2A_20200818T142741_N0214_R053_T20LMP_20200818T165705_19_16.png,0.0006203473945409429,0.0012399256044637321,1.0,0.0006203473945409429,0.0167236328125,0.0127238999994006
U-Net,train_S2A_MSIL2A_20200818T142741_N0214_R053_T20LMP_20200818T165705_19_17.png,0.005014315316597858,0.009978594812389826,0.9968553459119497,0.005014394634439558,0.040191650390625,0.012929099990287796
U-Net,train_S2A_MSIL2A_20200818T142741_N0214_R053_T20LMP_20200818T165705_20_01.png,0.00577152105536385,0.011476803497692494,1.0,0.00577152105536385,0.00640869140625,0.012596199987456203
U-Net,train_S2A_MSIL2A_20200818T142741_N0214_R053_T20LMP_20200818T165705_20_06.png,0.0,0.0,0.0,0.0,0.4781341552734375,0.012702199979685247
U-Net,train_S2A_MSIL2A_20200818T142741_N0214_R053_T20LMP_20200818T165705_20_14.png,0.0054649374958219135,0.010870468560410884,1.0,0.0054649374958219135,0.0919647216796875,0.012513199995737523
U-Net,train_S2A_MSIL2A_20200818T142741_N0214_R053_T20LMP_20200818T165705_20_15.png,0.0,0.0,0.0,0.0,0.0242767333984375,0.012674400000832975
U-Net,train_S2A_MSIL2A_20200818T142741_N0214_R053_T20LMP_20200818T165705_20_17.png,0.005445419534061494,0.010831855072918792,1.0,0.005445419534061494,0.0385284423828125,0.014975500002037734
U-Net,train_S2A_MSIL2A_20200818T142741_N0214_R053_T20LMP_20200818T165705_20_18.png,0.0010946991889975023,0.002187004266198463,1.0,0.0010946991889975023,0.0114288330078125,0.012887999997474253
U-Net,train_S2A_MSIL2A_20200818T142741_N0214_R053_T20LMP_20200818T165705_21_04.png,0.008832923269709797,0.017511171703400743,1.0,0.008832923269709797,0.0103302001953125,0.01314190000994131
U-Net,train_S2A_MSIL2A_20200818T142741_N0214_R053_T20LMP_20200818T165705_21_05.png,0.0055956457925636005,0.011129017544926567,1.0,0.0055956457925636005,0.007537841796875,0.01273600000422448
U-Net,train_S2A_MSIL2A_20200818T142741_N0214_R053_T20LMP_20200818T165705_21_06.png,0.004992030267467727,0.00993446737311768,0.9895833333333334,0.004992292600896861,0.133209228515625,0.01281889999518171
U-Net,train_S2A_MSIL2A_20200818T142741_N0214_R053_T20LMP_20200818T165705_21_17.png,0.03015741766385322,0.058549144328335606,0.9979349509550852,0.030159299767525315,0.05145263671875,0.012739099998725578
U-Net,train_S2A_MSIL2A_20200818T142741_N0214_R053_T20LMP_20200818T165705_21_18.png,9.262689885142645e-05,0.0001852366398073539,1.0,9.262689885142645e-05,0.011688232421875,0.012820200005080551
U-Net,train_S2B_MSIL2A_20200202T141649_N0213_R010_T20LQN_20200202T164215_03_02.png,0.40678619923466236,0.5783198604819515,0.9987498105773602,0.40699343882670785,0.4133758544921875,0.012970400013728067
U-Net,train_S2B_MSIL2A_20200202T141649_N0213_R010_T20LQN_20200202T164215_03_04.png,0.17481632401061925,0.297606222245579,0.9999117153703541,0.17481902233472765,0.184234619140625,0.01280979998409748
U-Net,train_S2B_MSIL2A_20200202T141649_N0213_R010_T20LQN_20200202T164215_04_02.png,0.25930705999846354,0.41182499206949563,1.0,0.25930705999846354,0.264404296875,0.012803799996618181
U-Net,train_S2B_MSIL2A_20200202T141649_N0213_R010_T20LQN_20200202T164215_04_03.png,0.087738037109375,0.161321998709424,1.0,0.087738037109375,0.087738037109375,0.012903200025903061
U-Net,train_S2B_MSIL2A_20200202T141649_N0213_R010_T20LQN_20200202T164215_04_04.png,0.06189437060322595,0.11657349792346272,1.0,0.06189437060322595,0.0619659423828125,0.012745499989250675
U-Net,train_S2B_MSIL2A_20200202T141649_N0213_R010_T20LQN_20200202T164215_04_06.png,0.0044161398289326885,0.008793446568241773,0.8878504672897196,0.004418604651162791,0.6732025146484375,0.013001699990127236
U-Net,train_S2B_MSIL2A_20200202T141649_N0213_R010_T20LQN_20200202T164215_04_09.png,0.014925838215131496,0.02941266771054005,1.0,0.014925838215131496,0.035247802734375,0.012904999981401488
U-Net,train_S2B_MSIL2A_20200202T141649_N0213_R010_T20LQN_20200202T164215_05_10.png,0.00012261100127208913,0.000245191939314995,1.0,0.00012261100127208913,0.0045318603515625,0.012749400018947199
U-Net,train_S2B_MSIL2A_20200202T141649_N0213_R010_T20LQN_20200202T164215_05_11.png,0.0010226533205243422,0.002043217138257693,1.0,0.0010226533205243422,0.0162353515625,0.012877200002549216
U-Net,train_S2B_MSIL2A_20200202T141649_N0213_R010_T20LQN_20200202T164215_05_12.png,0.031669670140249156,0.06139498146910505,1.0,0.031669670140249156,0.057098388671875,0.012869800004409626
U-Net,train_S2B_MSIL2A_20200202T141649_N0213_R010_T20LQN_20200202T164215_05_21.png,0.0016036655211912943,0.003202195791399817,1.0,0.0016036655211912943,0.002532958984375,0.08908770000562072
U-Net,train_S2B_MSIL2A_20200202T141649_N0213_R010_T20LQN_20200202T164215_06_11.png,0.0,0.0,0.0,0.0,0.0013275146484375,0.012806200014892966
U-Net,train_S2B_MSIL2A_20200202T141649_N0213_R010_T20LQN_20200202T164215_06_12.png,0.007502941580966061,0.014894133349511618,1.0,0.007502941580966061,0.008941650390625,0.012811199994757771
U-Net,train_S2B_MSIL2A_20200202T141649_N0213_R010_T20LQN_20200202T164215_07_11.png,0.0,0.0,0.0,0.0,4.57763671875e-05,0.013018199999351054
U-Net,train_S2B_MSIL2A_20200202T141649_N0213_R010_T20LQN_20200202T164215_07_17.png,0.011330185207898934,0.022406500613980564,1.0,0.011330185207898934,0.0160369873046875,0.01273889999720268
U-Net,train_S2B_MSIL2A_20200202T141649_N0213_R010_T20LQN_20200202T164215_08_11.png,0.00775146484375,0.015383683604869481,1.0,0.00775146484375,0.00775146484375,0.0129760000272654
U-Net,train_S2B_MSIL2A_20200202T141649_N0213_R010_T20LQN_20200202T164215_08_14.png,0.023027075284375146,0.045017528549719396,1.0,0.023027075284375146,0.0315093994140625,0.013739600020926446
U-Net,train_S2B_MSIL2A_20200202T141649_N0213_R010_T20LQN_20200202T164215_09_11.png,0.006714686851422293,0.013339801115692457,1.0,0.006714686851422293,0.0068359375,0.0126248000015039
U-Net,train_S2B_MSIL2A_20200202T141649_N0213_R010_T20LQN_20200202T164215_10_05.png,0.013218770654329148,0.02609262883235486,0.9967845659163987,0.013219334342551332,0.2937774658203125,0.012860699993325397
U-Net,train_S2B_MSIL2A_20200202T141649_N0213_R010_T20LQN_20200202T164215_10_06.png,0.004927115026565551,0.009805915181093111,1.0,0.004927115026565551,0.3312835693359375,0.012768200016580522
U-Net,train_S2B_MSIL2A_20200202T141649_N0213_R010_T20LQN_20200202T164215_11_05.png,0.004185786927942453,0.0083366782968475,0.8709677419354839,0.004188384214445272,0.5099334716796875,0.01386050001019612
U-Net,train_S2B_MSIL2A_20200202T141649_N0213_R010_T20LQN_20200202T164215_11_06.png,0.0,0.0,0.0,0.0,0.5340118408203125,0.013924500002758577
U-Net,train_S2B_MSIL2A_20200202T141649_N0213_R010_T20LQN_20200202T164215_11_07.png,0.0021815197200743012,0.004353542102200478,1.0,0.0021815197200743012,0.2950897216796875,0.012812700006179512
U-Net,train_S2B_MSIL2A_20200202T141649_N0213_R010_T20LQN_20200202T164215_12_03.png,4.494584026248371e-05,8.988764044943821e-05,0.08333333333333333,4.496807266840543e-05,0.6605224609375,0.012982799991732463
U-Net,train_S2B_MSIL2A_20200202T141649_N0213_R010_T20LQN_20200202T164215_13_04.png,0.0,0.0,0.0,0.0,0.6987457275390625,0.012790899985702708
U-Net,train_S2B_MSIL2A_20200202T141649_N0213_R010_T20LQN_20200202T164215_13_14.png,0.0,0.0,0.0,0.0,1.52587890625e-05,0.012640300003113225
U-Net,train_S2B_MSIL2A_20200202T141649_N0213_R010_T20LQN_20200202T164215_16_08.png,0.0,0.0,0.0,0.0,0.603515625,0.012700499995844439
U-Net,train_S2B_MSIL2A_20200202T141649_N0213_R010_T20LQN_20200202T164215_18_10.png,0.0008745190145420019,0.0017475097985370847,0.5737704918032787,0.0008750875087508751,0.3898468017578125,0.031388500006869435
U-Net,train_S2B_MSIL2A_20200202T141649_N0213_R010_T20LQN_20200202T164215_20_13.png,0.0,0.0,0.0,0.0,0.1020050048828125,0.018368599994573742
U-Net,val_S2A_MSIL2A_20200111T142701_N0213_R053_T20NQG_20200111T164651_01_04.png,0.0016561457408251926,0.0033068149142145118,1.0,0.0016561457408251926,0.365325927734375,0.013973499997518957
U-Net,val_S2A_MSIL2A_20200111T142701_N0213_R053_T20NQG_20200111T164651_01_05.png,0.0001565540223201306,0.00031305903398926656,0.7,0.000156564526951465,0.317840576171875,0.01538799999980256
U-Net,val_S2A_MSIL2A_20200111T142701_N0213_R053_T20NQG_20200111T164651_01_12.png,0.0,0.0,0.0,0.0,0.2923431396484375,0.014062400005059317
U-Net,val_S2A_MSIL2A_20200111T142701_N0213_R053_T20NQG_20200111T164651_01_14.png,0.0013937605983878835,0.002783641466979053,0.821917808219178,0.001394181615391765,0.3440399169921875,0.014506800012895837
U-Net,val_S2A_MSIL2A_20200111T142701_N0213_R053_T20NQG_20200111T164651_02_12.png,0.0019870945686081792,0.00396630770871095,1.0,0.0019870945686081792,0.2872772216796875,0.015620199992554262
U-Net,val_S2A_MSIL2A_20200111T142701_N0213_R053_T20NQG_20200111T164651_11_12.png,0.0012232297147738967,0.0024434705038203467,0.4012738853503185,0.001225466358030695,0.215087890625,0.014814899972407147
U-Net,val_S2A_MSIL2A_20200111T142701_N0213_R053_T20NQG_20200111T164651_12_06.png,0.0,0.0,0.0,0.0,0.681182861328125,0.013532499986467883
U-Net,val_S2A_MSIL2A_20200111T142701_N0213_R053_T20NQG_20200111T164651_12_08.png,0.0,0.0,0.0,0.0,0.61187744140625,0.013616600015666336
U-Net,val_S2A_MSIL2A_20200111T142701_N0213_R053_T20NQG_20200111T164651_12_16.png,0.0,0.0,0.0,0.0,0.219512939453125,0.01318320000427775
U-Net,val_S2A_MSIL2A_20200111T142701_N0213_R053_T20NQG_20200111T164651_14_12.png,0.0,0.0,0.0,0.0,0.753936767578125,0.013139399990905076
U-Net,val_S2A_MSIL2A_20200111T142701_N0213_R053_T20NQG_20200111T164651_14_13.png,0.006575768035899206,0.013065619588141493,0.9973821989528796,0.00657588153057526,0.1217193603515625,0.013338599994312972
U-Net,val_S2A_MSIL2A_20200111T142701_N0213_R053_T20NQG_20200111T164651_15_01.png,0.0008079478125561075,0.0016145911197488413,0.8181818181818182,0.0008080929007542201,0.4904937744140625,0.013296399993123487
U-Net,val_S2A_MSIL2A_20200111T142701_N0213_R053_T20NQG_20200111T164651_19_08.png,1.0,1.0,0.0,0.0,1.0,0.014416499994695187
U-Net,val_S2A_MSIL2A_20200115T140641_N0213_R110_T21LUH_20200115T163049_01_04.png,0.0,0.0,0.0,0.0,0.85052490234375,0.013142600015271455
U-Net,val_S2A_MSIL2A_20200115T140641_N0213_R110_T21LUH_20200115T163049_05_15.png,0.0,0.0,0.0,0.0,0.472869873046875,0.013075400027446449
U-Net,val_S2A_MSIL2A_20200115T140641_N0213_R110_T21LUH_20200115T163049_06_05.png,0.0,0.0,0.0,0.0,0.865753173828125,0.014069800003198907
U-Net,val_S2A_MSIL2A_20200115T140641_N0213_R110_T21LUH_20200115T163049_06_08.png,0.0,0.0,0.0,0.0,0.8013916015625,0.013385099999140948
U-Net,val_S2A_MSIL2A_20200115T140641_N0213_R110_T21LUH_20200115T163049_06_10.png,0.0,0.0,0.0,0.0,0.7025909423828125,0.013898400007747114
U-Net,val_S2A_MSIL2A_20200115T140641_N0213_R110_T21LUH_20200115T163049_07_07.png,0.0,0.0,0.0,0.0,0.763336181640625,0.013973599998280406
U-Net,val_S2A_MSIL2A_20200115T140641_N0213_R110_T21LUH_20200115T163049_09_15.png,0.0,0.0,0.0,0.0,0.655303955078125,0.013617699994938448
U-Net,val_S2A_MSIL2A_20200217T141651_N0209_R010_T20LQN_20200217T160045_01_21.png,0.0,0.0,0.0,0.0,0.1343994140625,0.013488099997630343
U-Net,val_S2A_MSIL2A_20200217T141651_N0209_R010_T20LQN_20200217T160045_03_18.png,0.0,0.0,0.0,0.0,0.1161041259765625,0.01349740001023747
U-Net,val_S2A_MSIL2A_20200217T141651_N0209_R010_T20LQN_20200217T160045_03_20.png,1.9708705335146533e-05,3.941663381947182e-05,1.0,1.9708705335146533e-05,0.225799560546875,0.013478600012604147
U-Net,val_S2A_MSIL2A_20200217T141651_N0209_R010_T20LQN_20200217T160045_05_06.png,0.0,0.0,0.0,0.0,0.7893218994140625,0.013520400010747835
U-Net,val_S2A_MSIL2A_20200217T141651_N0209_R010_T20LQN_20200217T160045_05_15.png,0.0,0.0,0.0,0.0,0.109466552734375,0.013493600010406226
U-Net,val_S2A_MSIL2A_20200217T141651_N0209_R010_T20LQN_20200217T160045_06_15.png,0.0,0.0,0.0,0.0,0.107513427734375,0.013762300019152462
U-Net,val_S2A_MSIL2A_20200217T141651_N0209_R010_T20LQN_20200217T160045_06_21.png,0.0,0.0,0.0,0.0,0.0796051025390625,0.015231500001391396
U-Net,val_S2A_MSIL2A_20200217T141651_N0209_R010_T20LQN_20200217T160045_07_15.png,0.0,0.0,0.0,0.0,0.1161956787109375,0.013434699998470023
U-Net,val_S2A_MSIL2A_20200217T141651_N0209_R010_T20LQN_20200217T160045_08_08.png,0.0,0.0,0.0,0.0,0.5424041748046875,0.013291100010974333
U-Net,val_S2A_MSIL2A_20200217T141651_N0209_R010_T20LQN_20200217T160045_09_15.png,0.00013690425258834602,0.00027377102475916707,1.0,0.00013690425258834602,0.1084747314453125,0.013459400011925027
U-Net,val_S2A_MSIL2A_20200217T141651_N0209_R010_T20LQN_20200217T160045_09_21.png,0.0,0.0,0.0,0.0,0.0378875732421875,0.013809900003252551
U-Net,val_S2A_MSIL2A_20200217T141651_N0209_R010_T20LQN_20200217T160045_10_02.png,0.0,0.0,0.0,0.0,0.6660919189453125,0.013670599990291521
U-Net,val_S2A_MSIL2A_20200217T141651_N0209_R010_T20LQN_20200217T160045_10_14.png,0.0,0.0,0.0,0.0,0.07293701171875,0.01385600000503473
U-Net,val_S2A_MSIL2A_20200217T141651_N0209_R010_T20LQN_20200217T160045_11_03.png,0.0,0.0,0.0,0.0,0.877410888671875,0.01353150000795722
U-Net,val_S2A_MSIL2A_20200217T141651_N0209_R010_T20LQN_20200217T160045_13_07.png,0.00027334540608876893,0.0005465414175918018,1.0,0.00027334540608876893,0.5535430908203125,0.013597499986644834
U-Net,val_S2A_MSIL2A_20200217T141651_N0209_R010_T20LQN_20200217T160045_13_16.png,0.00023017608470479918,0.0004602462317339777,1.0,0.00023017608470479918,0.204681396484375,0.013894800009438768
U-Net,val_S2A_MSIL2A_20200217T141651_N0209_R010_T20LQN_20200217T160045_14_04.png,0.0,0.0,0.0,0.0,0.8636627197265625,0.013249800016637892
U-Net,val_S2A_MSIL2A_20200217T141651_N0209_R010_T20LQN_20200217T160045_15_19.png,1.645169781521453e-05,3.290285432261249e-05,1.0,1.645169781521453e-05,0.0725250244140625,0.012967800023034215
U-Net,val_S2A_MSIL2A_20200217T141651_N0209_R010_T20LQN_20200217T160045_15_21.png,0.00022259892810054622,0.00044509877769027974,1.0,0.00022259892810054622,0.10906982421875,0.013259600003948435
U-Net,val_S2A_MSIL2A_20200217T141651_N0209_R010_T20LQN_20200217T160045_17_06.png,0.0,0.0,0.0,0.0,0.831207275390625,0.013748700002906844
U-Net,val_S2A_MSIL2A_20200217T141651_N0209_R010_T20LQN_20200217T160045_17_17.png,0.0,0.0,0.0,0.0,0.09808349609375,0.013621599995531142
U-Net,val_S2A_MSIL2A_20200217T141651_N0209_R010_T20LQN_20200217T160045_20_04.png,0.053845072402643045,0.10218783351120597,0.8454746136865342,0.05438023569501633,0.691925048828125,0.013455800013616681
U-Net,val_S2A_MSIL2A_20200217T141651_N0209_R010_T20LQN_20200217T160045_20_18.png,0.0001539224572865181,0.00030779753761969904,1.0,0.0001539224572865181,0.107940673828125,0.014225999999325722
U-Net,val_S2A_MSIL2A_20200818T142741_N0214_R053_T20LMP_20200818T165705_01_01.png,0.0,0.0,0.0,0.0,0.75164794921875,0.013388899998972192
U-Net,val_S2A_MSIL2A_20200818T142741_N0214_R053_T20LMP_20200818T165705_01_06.png,0.03409279893563945,0.06593760051463493,0.9927360774818402,0.034101305830491556,0.46826171875,0.013505599985364825
U-Net,val_S2A_MSIL2A_20200818T142741_N0214_R053_T20LMP_20200818T165705_01_11.png,0.00010837758751490192,0.00021673168617251842,1.0,0.00010837758751490192,0.577667236328125,0.013424000004306436
U-Net,val_S2A_MSIL2A_20200818T142741_N0214_R053_T20LMP_20200818T165705_03_05.png,0.021924035782372783,0.042907368874219705,1.0,0.021924035782372783,0.7964630126953125,0.013348199980100617
U-Net,val_S2A_MSIL2A_20200818T142741_N0214_R053_T20LMP_20200818T165705_03_08.png,0.009497716894977169,0.018816717930161028,1.0,0.009497716894977169,0.834503173828125,0.013919400022132322
U-Net,val_S2A_MSIL2A_20200818T142741_N0214_R053_T20LMP_20200818T165705_03_12.png,0.00011786892975011787,0.0002357100766057749,0.1,0.00011799410029498526,0.8705596923828125,0.014818800002103671
U-Net,val_S2A_MSIL2A_20200818T142741_N0214_R053_T20LMP_20200818T165705_03_16.png,0.033797708350506966,0.06538553544374452,0.9832134292565947,0.03381722203893105,0.8211517333984375,0.013584400003310293
U-Net,val_S2A_MSIL2A_20200818T142741_N0214_R053_T20LMP_20200818T165705_03_21.png,0.000547832637129357,0.0010950653617137773,0.3076923076923077,0.0005485087418580734,0.7772979736328125,0.013510099990526214
U-Net,val_S2A_MSIL2A_20200818T142741_N0214_R053_T20LMP_20200818T165705_04_06.png,0.0,0.0,0.0,0.0,0.8321075439453125,0.013324800005648285
U-Net,val_S2A_MSIL2A_20200818T142741_N0214_R053_T20LMP_20200818T165705_04_09.png,0.018246121694397557,0.03583833280707294,0.9912663755458515,0.018249055390304688,0.62725830078125,0.013154200016288087
U-Net,val_S2A_MSIL2A_20200818T142741_N0214_R053_T20LMP_20200818T165705_04_10.png,0.02330678746255571,0.04555190632586035,0.996875,0.023308490428174778,0.592041015625,0.01295800000661984
U-Net,val_S2A_MSIL2A_20200818T142741_N0214_R053_T20LMP_20200818T165705_05_11.png,0.0005309466019417476,0.0010613296944886666,0.875,0.0005309868770386104,0.597869873046875,0.01286170000093989
U-Net,val_S2A_MSIL2A_20200818T142741_N0214_R053_T20LMP_20200818T165705_05_19.png,0.04671514852705534,0.0892604804521903,1.0,0.04671514852705534,0.76397705078125,0.013242199987871572
U-Net,val_S2A_MSIL2A_20200818T142741_N0214_R053_T20LMP_20200818T165705_05_21.png,0.02743596182822702,0.05340666055606477,0.9357601713062098,0.02748773430620204,0.7636260986328125,0.013020799990044907
U-Net,val_S2A_MSIL2A_20200818T142741_N0214_R053_T20LMP_20200818T165705_06_14.png,0.0001458895616018674,0.00029173656188461817,0.2222222222222222,0.00014596409283316303,0.7908477783203125,0.013389100000495091
U-Net,val_S2A_MSIL2A_20200818T142741_N0214_R053_T20LMP_20200818T165705_08_01.png,0.0,0.0,0.0,0.0,0.783966064453125,0.012988400005269796
U-Net,val_S2A_MSIL2A_20200818T142741_N0214_R053_T20LMP_20200818T165705_08_14.png,0.13074527083491605,0.23125503896801936,0.9959490740740741,0.13081483733657648,0.825408935546875,0.01369610000983812
U-Net,val_S2A_MSIL2A_20200818T142741_N0214_R053_T20LMP_20200818T165705_08_16.png,0.037554686592589724,0.07239076084928542,0.9948717948717949,0.03756195786864932,0.6206817626953125,0.013578099984442815
U-Net,val_S2A_MSIL2A_20200818T142741_N0214_R053_T20LMP_20200818T165705_09_04.png,6.91323885240235e-05,0.00013825521913452232,0.041666666666666664,6.924248719013987e-05,0.779296875,0.013130900013493374
U-Net,val_S2A_MSIL2A_20200818T142741_N0214_R053_T20LMP_20200818T165705_09_13.png,0.0033270205251573937,0.006631976328946026,1.0,0.0033270205251573937,0.702880859375,0.013288899994222447
U-Net,val_S2A_MSIL2A_20200818T142741_N0214_R053_T20LMP_20200818T165705_09_19.png,0.015581192259962311,0.030684286748732803,0.9912280701754386,0.015583340994759585,0.673187255859375,0.013175500003853813
U-Net,val_S2A_MSIL2A_20200818T142741_N0214_R053_T20LMP_20200818T165705_09_20.png,0.015499290108849977,0.030525457299312594,0.7005347593582888,0.01560266793711291,0.746063232421875,0.013546700007282197
U-Net,val_S2A_MSIL2A_20200818T142741_N0214_R053_T20LMP_20200818T165705_10_08.png,0.00011330160888284614,0.00022657754616517504,0.2,0.00011335298118340512,0.8653411865234375,0.013066599989542738
U-Net,val_S2A_MSIL2A_20200818T142741_N0214_R053_T20LMP_20200818T165705_10_15.png,0.014947245017584994,0.029454230436038117,0.9839228295819936,0.014950896565202522,0.692291259765625,0.01311369999893941
U-Net,val_S2A_MSIL2A_20200818T142741_N0214_R053_T20LMP_20200818T165705_11_11.png,0.01589906657093035,0.03130048465266559,0.9451219512195121,0.01591375770020534,0.70721435546875,0.013165400014258921
U-Net,val_S2A_MSIL2A_20200818T142741_N0214_R053_T20LMP_20200818T165705_11_12.png,0.033135267389024815,0.06414507070843765,0.9423459244532804,0.033202577752871956,0.7889556884765625,0.013366600003791973
U-Net,val_S2A_MSIL2A_20200818T142741_N0214_R053_T20LMP_20200818T165705_11_19.png,0.004269436815054524,0.00850257243433523,0.9235294117647059,0.00427094668117519,0.4412841796875,0.013449100020807236
U-Net,val_S2A_MSIL2A_20200818T142741_N0214_R053_T20LMP_20200818T165705_12_04.png,0.019877499133248586,0.03898016997167139,0.8797953964194374,0.019931629874268497,0.741180419921875,0.014495700015686452
U-Net,val_S2A_MSIL2A_20200818T142741_N0214_R053_T20LMP_20200818T165705_12_05.png,0.0006033182503770739,0.0012059089538739825,0.75,0.0006034396057527909,0.8483428955078125,0.013957499992102385
U-Net,val_S2A_MSIL2A_20200818T142741_N0214_R053_T20LMP_20200818T165705_12_10.png,3.982477100756671e-05,7.964637011668193e-05,1.0,3.982477100756671e-05,0.6168670654296875,0.013465600000927225
U-Net,val_S2A_MSIL2A_20200818T142741_N0214_R053_T20LMP_20200818T165705_13_04.png,0.08380665352961632,0.1546524064171123,0.9082914572864321,0.0845218611176058,0.87939453125,0.013431900006253272
U-Net,val_S2A_MSIL2A_20200818T142741_N0214_R053_T20LMP_20200818T165705_13_06.png,0.0028373030687672664,0.005658551113096567,0.25,0.0028616612696739214,0.7962188720703125,0.013370899978326634
U-Net,val_S2A_MSIL2A_20200818T142741_N0214_R053_T20LMP_20200818T165705_13_14.png,0.031052364319017648,0.06023431087232296,1.0,0.031052364319017648,0.0391693115234375,0.013355000002775341
U-Net,val_S2A_MSIL2A_20200818T142741_N0214_R053_T20LMP_20200818T165705_14_02.png,6.342762907522517e-05,0.0001268472125325046,1.0,6.342762907522517e-05,0.03778076171875,0.013473200000589713
U-Net,val_S2A_MSIL2A_20200818T142741_N0214_R053_T20LMP_20200818T165705_14_03.png,0.0045345117567523,0.009028085553421645,1.0,0.0045345117567523,0.0788116455078125,0.013214300008257851
U-Net,val_S2A_MSIL2A_20200818T142741_N0214_R053_T20LMP_20200818T165705_14_05.png,0.0226640319393475,0.04432351433416144,0.9982238010657194,0.02266494595902565,0.6302032470703125,0.01339949999237433
U-Net,val_S2A_MSIL2A_20200818T142741_N0214_R053_T20LMP_20200818T165705_14_06.png,0.08210468835322568,0.1517499909887179,0.9836448598130841,0.0822169277037847,0.6409149169921875,0.013272100011818111
U-Net,val_S2A_MSIL2A_20200818T142741_N0214_R053_T20LMP_20200818T165705_14_18.png,0.0,0.0,0.0,0.0,0.91802978515625,0.01348419999703765
U-Net,val_S2A_MSIL2A_20200818T142741_N0214_R053_T20LMP_20200818T165705_15_04.png,0.0046494007439041194,0.009255767714510987,1.0,0.0046494007439041194,0.118011474609375,0.013323099992703646
U-Net,val_S2A_MSIL2A_20200818T142741_N0214_R053_T20LMP_20200818T165705_15_11.png,0.04106969205834684,0.07889902543824143,0.999211356466877,0.04107102337190833,0.097198486328125,0.013189899997087196
U-Net,val_S2A_MSIL2A_20200818T142741_N0214_R053_T20LMP_20200818T165705_17_15.png,0.022688607751554332,0.04437051039697543,1.0,0.022688607751554332,0.0357818603515625,0.013500599976396188
U-Net,val_S2A_MSIL2A_20200818T142741_N0214_R053_T20LMP_20200818T165705_18_11.png,0.05128283820279892,0.09756239964968617,1.0,0.05128283820279892,0.056610107421875,0.013794600003166124
U-Net,val_S2A_MSIL2A_20200818T142741_N0214_R053_T20LMP_20200818T165705_19_15.png,0.0,0.0,0.0,0.0,0.014556884765625,0.013805099995806813
U-Net,val_S2A_MSIL2A_20200818T142741_N0214_R053_T20LMP_20200818T165705_19_18.png,0.0014223880825290978,0.0028407355366851976,1.0,0.0014223880825290978,0.003753662109375,0.013395699992543086
U-Net,val_S2A_MSIL2A_20200818T142741_N0214_R053_T20LMP_20200818T165705_19_19.png,0.003968983694985902,0.007906586277951613,1.0,0.003968983694985902,0.0082244873046875,0.013358399999560788
U-Net,val_S2A_MSIL2A_20200818T142741_N0214_R053_T20LMP_20200818T165705_20_10.png,0.05091598627195938,0.09689830002982404,0.9990774907749077,0.050918380140421264,0.075897216796875,0.013306600012583658
U-Net,val_S2A_MSIL2A_20200818T142741_N0214_R053_T20LMP_20200818T165705_20_16.png,0.0,0.0,0.0,0.0,0.042633056640625,0.013234199985163286
U-Net,val_S2A_MSIL2A_20200818T142741_N0214_R053_T20LMP_20200818T165705_21_21.png,0.0,0.0,0.0,0.0,0.855926513671875,0.013415099994745106
U-Net,val_S2B_MSIL2A_20200202T141649_N0213_R010_T20LQN_20200202T164215_02_07.png,0.09588062697861169,0.17498370646985256,0.9965890850722311,0.0959121014926526,0.2853240966796875,0.013432799984002486
U-Net,val_S2B_MSIL2A_20200202T141649_N0213_R010_T20LQN_20200202T164215_03_03.png,0.20119093060538973,0.33498576367703886,1.0,0.20119093060538973,0.201690673828125,0.013389900006586686
U-Net,val_S2B_MSIL2A_20200202T141649_N0213_R010_T20LQN_20200202T164215_04_10.png,0.030991073472190434,0.060118994760678446,1.0,0.030991073472190434,0.031005859375,0.013509899989003316
U-Net,val_S2B_MSIL2A_20200202T141649_N0213_R010_T20LQN_20200202T164215_05_07.png,0.0057260089411476514,0.01138681686710306,0.9842105263157894,0.005726534986985147,0.5045318603515625,0.013692000007722527
U-Net,val_S2B_MSIL2A_20200202T141649_N0213_R010_T20LQN_20200202T164215_10_02.png,0.017161617669004627,0.03374413145539906,1.0,0.017161617669004627,0.5980224609375,0.013701500021852553
U-Net,val_S2B_MSIL2A_20200202T141649_N0213_R010_T20LQN_20200202T164215_10_03.png,0.0,0.0,0.0,0.0,0.4912567138671875,0.013250999996671453
U-Net,val_S2B_MSIL2A_20200202T141649_N0213_R010_T20LQN_20200202T164215_11_04.png,0.005194715838722995,0.01033574044286252,1.0,0.005194715838722995,0.5587615966796875,0.013390200008871034
U-Net,val_S2B_MSIL2A_20200202T141649_N0213_R010_T20LQN_20200202T164215_12_07.png,0.0005324183625177473,0.0010642700880979128,1.0,0.0005324183625177473,0.484405517578125,0.013039199984632432
U-Net,val_S2B_MSIL2A_20200202T141649_N0213_R010_T20LQN_20200202T164215_12_14.png,0.0,0.0,0.0,0.0,0.0010223388671875,0.01356110000051558
