image,instances,method,iou,dice_f1,precision,recall,boundary_iou,boundary_f1,pixel_accuracy
0-11-24_png_jpg.rf.0914ae816085b671b01c387df2dd7787.jpg,7,OR,0.7087975946831542,0.8295863675002184,0.7348368760877309,0.9523866105361346,0.27990927990852416,0.4567680738252523,0.9437231445310196
0-11-24_png_jpg.rf.0914ae816085b671b01c387df2dd7787.jpg,7,AND,0.0,0.0,0.0,0.0,0.0,0.0,0.856171874999791
0-11-24_png_jpg.rf.0914ae816085b671b01c387df2dd7787.jpg,7,weighted_mean,0.7087975946831542,0.8295863675002184,0.7348368760877309,0.9523866105361346,0.27990927990852416,0.4567680738252523,0.9437231445310196
0-13-19_png_jpg.rf.0802b67da70f9b5bd437aa1139aa1d99.jpg,8,OR,0.6426802690262678,0.7824776143530715,0.6575817641223684,0.9659407103011847,0.27290186287624135,0.4735966533579636,0.8883227539060331
0-13-19_png_jpg.rf.0802b67da70f9b5bd437aa1139aa1d99.jpg,8,AND,0.0,0.0,0.0,0.0,0.0,0.0,0.7920532226560566
0-13-19_png_jpg.rf.0802b67da70f9b5bd437aa1139aa1d99.jpg,8,weighted_mean,0.6426802690262678,0.7824776143530715,0.6575817641223684,0.9659407103011847,0.27290186287624135,0.4735966533579636,0.8883227539060331
0-13-24_png_jpg.rf.b10c6d74717ffac0937a0e56b90320da.jpg,8,OR,0.8077033653961312,0.8936237890104664,0.872310319589757,0.9160048628023922,0.23121092029902032,0.41223129501714334,0.8856933593747838
0-13-24_png_jpg.rf.b10c6d74717ffac0937a0e56b90320da.jpg,8,AND,0.0,0.0,0.0,0.0,0.0,0.0,0.47585205078113385
0-13-24_png_jpg.rf.b10c6d74717ffac0937a0e56b90320da.jpg,8,weighted_mean,0.8077033653961312,0.8936237890104664,0.872310319589757,0.9160048628023922,0.23121092029902032,0.41223129501714334,0.8856933593747838
0-13-24_png_jpg.rf.d7b8e23481af336f5081b102c591be2e.jpg,6,OR,0.8098548548132215,0.8949390086828805,0.8920452996187651,0.8978515526724554,0.13002755813301747,0.23210120064707057,0.8874829101560333
0-13-24_png_jpg.rf.d7b8e23481af336f5081b102c591be2e.jpg,6,AND,0.0,0.0,0.0,0.0,0.0,0.0,0.46625244140613614
0-13-24_png_jpg.rf.d7b8e23481af336f5081b102c591be2e.jpg,6,weighted_mean,0.8098548548132215,0.8949390086828805,0.8920452996187651,0.8978515526724554,0.13002755813301747,0.23210120064707057,0.8874829101560333
0-13-25_png_jpg.rf.15b87e94de094c41958f666acd54941f.jpg,11,OR,0.4934600920977793,0.6608279587901725,0.5192293454203151,0.9086158497071782,0.23515476942467792,0.41038860522672027,0.8418212890622945
0-13-25_png_jpg.rf.15b87e94de094c41958f666acd54941f.jpg,11,AND,0.0,0.0,0.0,0.0,0.0,0.0,0.8304077148435473
0-13-25_png_jpg.rf.15b87e94de094c41958f666acd54941f.jpg,11,weighted_mean,0.4934600920977793,0.6608279587901725,0.5192293454203151,0.9086158497071782,0.23515476942467792,0.41038860522672027,0.8418212890622945
0-13-25_png_jpg.rf.d6ce7565e97953930b57ba6a6296fb67.jpg,10,OR,0.3682112788068779,0.5382374557355928,0.3786474392716603,0.9303598651061802,0.18562733532257272,0.3421421309960992,0.8312695312497971
0-13-25_png_jpg.rf.d6ce7565e97953930b57ba6a6296fb67.jpg,10,AND,0.0,0.0,0.0,0.0,0.0,0.0,0.8943017578122817
0-13-25_png_jpg.rf.d6ce7565e97953930b57ba6a6296fb67.jpg,10,weighted_mean,0.36877763840915484,0.5388422897348939,0.37924638445279146,0.9303598651061802,0.18569279232642416,0.3422986550957852,0.8316796874997969
0-13-35_png_jpg.rf.feb7275bda8ed2fc4200d19cfe3bfc86.jpg,4,OR,0.8650580364798484,0.9276473113003797,0.8829976043993932,0.9770530301915495,0.21294674838770009,0.3433916059164688,0.8732421874997868
0-13-35_png_jpg.rf.feb7275bda8ed2fc4200d19cfe3bfc86.jpg,4,AND,0.0,0.0,0.0,0.0,0.0,0.0,0.1683227539062089
0-13-35_png_jpg.rf.feb7275bda8ed2fc4200d19cfe3bfc86.jpg,4,weighted_mean,0.8650580364798484,0.9276473113003797,0.8829976043993932,0.9770530301915495,0.21294674838770009,0.3433916059164688,0.8732421874997868
0-13-35_png_jpg.rf.ffde371a4fadbfcfc0941b00ff1b9072.jpg,3,OR,0.9094540345743269,0.9525801806243226,0.9214886728104519,0.9858430382493184,0.1795698690428179,0.3271050759179766,0.9117285156247774
0-13-35_png_jpg.rf.ffde371a4fadbfcfc0941b00ff1b9072.jpg,3,AND,0.0,0.0,0.0,0.0,0.0,0.0,0.10065917968747543
0-13-35_png_jpg.rf.ffde371a4fadbfcfc0941b00ff1b9072.jpg,3,weighted_mean,0.9094540345743269,0.9525801806243226,0.9214886728104519,0.9858430382493184,0.1795698690428179,0.3271050759179766,0.9117285156247774
0-13-37_png_jpg.rf.2a6ff5e784b4116463b0899ce9d073fb.jpg,1,OR,0.9448259148555657,0.9716303219105696,0.9882630037730051,0.9555482367115867,0.19921263577242515,0.3319306040557643,0.9466406249997689
0-13-37_png_jpg.rf.2a6ff5e784b4116463b0899ce9d073fb.jpg,1,AND,0.9448259148555657,0.9716303219105696,0.9882630037730051,0.9555482367115867,0.19921263577242515,0.3319306040557643,0.9466406249997689
0-13-37_png_jpg.rf.2a6ff5e784b4116463b0899ce9d073fb.jpg,1,weighted_mean,0.9448259148555657,0.9716303219105696,0.9882630037730051,0.9555482367115867,0.19921263577242515,0.3319306040557643,0.9466406249997689
0-13-37_png_jpg.rf.2c1691489ec339f8749b615a18276008.jpg,1,OR,0.960301084243062,0.9797485620571051,0.9853096652778991,0.9742498804353518,0.25192972138437125,0.4252848192216995,0.962375488281015
0-13-37_png_jpg.rf.2c1691489ec339f8749b615a18276008.jpg,1,AND,0.960301084243062,0.9797485620571051,0.9853096652778991,0.9742498804353518,0.25192972138437125,0.4252848192216995,0.962375488281015
0-13-37_png_jpg.rf.2c1691489ec339f8749b615a18276008.jpg,1,weighted_mean,0.960301084243062,0.9797485620571051,0.9853096652778991,0.9742498804353518,0.25192972138437125,0.4252848192216995,0.962375488281015
0-13-54_png_jpg.rf.12c375a1b250a5788d73edb8510c0e8c.jpg,1,OR,0.8444378502437345,0.915658773899208,0.9109417713627538,0.9204248815000456,0.09766587331392194,0.18025519455320915,0.8553735351560412
0-13-54_png_jpg.rf.12c375a1b250a5788d73edb8510c0e8c.jpg,1,AND,0.8444378502437345,0.915658773899208,0.9109417713627538,0.9204248815000456,0.09766587331392194,0.18025519455320915,0.8553735351560412
0-13-54_png_jpg.rf.12c375a1b250a5788d73edb8510c0e8c.jpg,1,weighted_mean,0.8444378502437345,0.915658773899208,0.9109417713627538,0.9204248815000456,0.09766587331392194,0.18025519455320915,0.8553735351560412
0-14-1_png_jpg.rf.865013a7e10bec1dc950173555e89f60.jpg,3,OR,0.9153460543335179,0.9558022710961549,0.9681391762419312,0.9437758258001118,0.18114838536260772,0.2955144623284636,0.9233154296872745
0-14-1_png_jpg.rf.865013a7e10bec1dc950173555e89f60.jpg,3,AND,0.0,0.0,0.0,0.0,0.0,0.0,0.12142822265622036
0-14-1_png_jpg.rf.865013a7e10bec1dc950173555e89f60.jpg,3,weighted_mean,0.9153460543335179,0.9558022710961549,0.9681391762419312,0.9437758258001118,0.18114838536260772,0.2955144623284636,0.9233154296872745
0-14-1_png_jpg.rf.8c474687b48c5cf758202d913204195c.jpg,3,OR,0.9260698419125075,0.9616160554104918,0.9772013943608572,0.9465200517461976,0.24671856237785864,0.4056416406953117,0.9286987304685232
0-14-1_png_jpg.rf.8c474687b48c5cf758202d913204195c.jpg,3,AND,0.0,0.0,0.0,0.0,0.0,0.0,0.05639648437498623
0-14-1_png_jpg.rf.8c474687b48c5cf758202d913204195c.jpg,3,weighted_mean,0.9260698419125075,0.9616160554104918,0.9772013943608572,0.9465200517461976,0.24671856237785864,0.4056416406953117,0.9286987304685232
0-14-59_png_jpg.rf.daf200354145a650f9eb32881efebfd5.jpg,1,OR,0.9644769763797197,0.9819173123190557,0.9931946968643837,0.9708931541287935,0.3879681393143622,0.6072017179250448,0.9799999999997607
0-14-59_png_jpg.rf.daf200354145a650f9eb32881efebfd5.jpg,1,AND,0.9644769763797197,0.9819173123190557,0.9931946968643837,0.9708931541287935,0.3879681393143622,0.6072017179250448,0.9799999999997607
0-14-59_png_jpg.rf.daf200354145a650f9eb32881efebfd5.jpg,1,weighted_mean,0.9644769763797197,0.9819173123190557,0.9931946968643837,0.9708931541287935,0.3879681393143622,0.6072017179250448,0.9799999999997607
0-15-3_png_jpg.rf.6138eabd18c23a04041cddef19f1301d.jpg,2,OR,0.6707263847031407,0.8029158943609037,0.6857847147697319,0.9683004035581528,0.12409078745682221,0.2253980624321911,0.6905664062498315
0-15-3_png_jpg.rf.6138eabd18c23a04041cddef19f1301d.jpg,2,AND,0.0,0.0,0.0,0.0,0.0,0.0,0.3490527343749148
0-15-3_png_jpg.rf.6138eabd18c23a04041cddef19f1301d.jpg,2,weighted_mean,0.6707263847031407,0.8029158943609037,0.6857847147697319,0.9683004035581528,0.12409078745682221,0.2253980624321911,0.6905664062498315
0-16-12_png_jpg.rf.a0be0affed571cefaf52060ce513fa0f.jpg,5,OR,0.7670044640020991,0.8681409465881099,0.7888449682680729,0.9651604429926145,0.11185217581431915,0.21370666183228382,0.8386767578122952
0-16-12_png_jpg.rf.a0be0affed571cefaf52060ce513fa0f.jpg,5,AND,0.0,0.0,0.0,0.0,0.0,0.0,0.4497656249998902
0-16-12_png_jpg.rf.a0be0affed571cefaf52060ce513fa0f.jpg,5,weighted_mean,0.7670044640020991,0.8681409465881099,0.7888449682680729,0.9651604429926145,0.11185217581431915,0.21370666183228382,0.8386767578122952
0-17-25_png_jpg.rf.7883c882d07ae6544369bc71a699b731.jpg,5,OR,0.8034204729190115,0.8909962873146242,0.8636151549080443,0.9201705216315638,0.2738830798473664,0.4463746689354675,0.9115478515622775
0-17-25_png_jpg.rf.7883c882d07ae6544369bc71a699b731.jpg,5,AND,0.0,0.0,0.0,0.0,0.0,0.0,0.6071337890623518
0-17-25_png_jpg.rf.7883c882d07ae6544369bc71a699b731.jpg,5,weighted_mean,0.8034204729190115,0.8909962873146242,0.8636151549080443,0.9201705216315638,0.2738830798473664,0.4463746689354675,0.9115478515622775
0-17-35_png_jpg.rf.3f247565818944865c9194dbd73291f0.jpg,2,OR,0.8751788927774432,0.9334350937378159,0.9507448763770128,0.9167443434478645,0.10269838996726192,0.1768579699416501,0.8924682617185321
0-17-35_png_jpg.rf.3f247565818944865c9194dbd73291f0.jpg,2,AND,0.002710276489760703,0.005405901491802212,0.9999999998904711,0.002710276489760703,0.0,0.0,0.1798022460937061
0-17-35_png_jpg.rf.3f247565818944865c9194dbd73291f0.jpg,2,weighted_mean,0.8751788927774432,0.9334350937378159,0.9507448763770128,0.9167443434478645,0.10269838996726192,0.1768579699416501,0.8924682617185321
0-17-35_png_jpg.rf.445840c4106d0661b45eaa1e5a7f747d.jpg,2,OR,0.9559882566492833,0.9774989736256846,0.9791547656825931,0.9758487721432005,0.35484160057275876,0.5484434411611575,0.958386230468516
0-17-35_png_jpg.rf.445840c4106d0661b45eaa1e5a7f747d.jpg,2,AND,0.0,0.0,0.0,0.0,0.0,0.0,0.073728027343732
0-17-35_png_jpg.rf.445840c4106d0661b45eaa1e5a7f747d.jpg,2,weighted_mean,0.9559882566492833,0.9774989736256846,0.9791547656825931,0.9758487721432005,0.35484160057275876,0.5484434411611575,0.958386230468516
0-17-35_png_jpg.rf.64210df1e3e7ae4601f81551527720a4.jpg,2,OR,0.9469126407903173,0.972732541718907,0.9752794814325083,0.9701988700079649,0.2896018028354495,0.4492692824486174,0.950266113281018
0-17-35_png_jpg.rf.64210df1e3e7ae4601f81551527720a4.jpg,2,AND,0.0,0.0,0.0,0.0,0.0,0.0,0.0856542968749791
0-17-35_png_jpg.rf.64210df1e3e7ae4601f81551527720a4.jpg,2,weighted_mean,0.9469126407903173,0.972732541718907,0.9752794814325083,0.9701988700079649,0.2896018028354495,0.4492692824486174,0.950266113281018
0-17-35_png_jpg.rf.6743f9574166ac2017290f5fb33bd2c7.jpg,2,OR,0.9082881629756666,0.9519402578689564,0.959253373878672,0.9447378050494146,0.16273361467538813,0.291906850168607,0.917260742187276
0-17-35_png_jpg.rf.6743f9574166ac2017290f5fb33bd2c7.jpg,2,AND,0.010026177273620056,0.01985330182368912,0.9999999999719259,0.010026177273620056,0.0002569813260229085,0.0,0.1413378906249655
0-17-35_png_jpg.rf.6743f9574166ac2017290f5fb33bd2c7.jpg,2,weighted_mean,0.9082881629756666,0.9519402578689564,0.959253373878672,0.9447378050494146,0.16273361467538813,0.291906850168607,0.917260742187276
0-17-35_png_jpg.rf.7db084a92a554d2fabbb52fb10e00bd5.jpg,2,OR,0.8795598672879819,0.9359210979079898,0.95897871093363,0.9139462422210318,0.10476019829161488,0.18923626492101941,0.8949780273435315
0-17-35_png_jpg.rf.7db084a92a554d2fabbb52fb10e00bd5.jpg,2,AND,0.016076955297507713,0.031645152886673585,0.9897922635925898,0.016079621327385954,0.0061103301873085564,0.013781982999947047,0.17417724609370747
0-17-35_png_jpg.rf.7db084a92a554d2fabbb52fb10e00bd5.jpg,2,weighted_mean,0.8795598672879819,0.9359210979079898,0.95897871093363,0.9139462422210318,0.10476019829161488,0.18923626492101941,0.8949780273435315
0-17-35_png_jpg.rf.83868463edd6f8bf0657ff28c9c278da.jpg,2,OR,0.9488915778530302,0.9737756462556667,0.9616240223241594,0.9862383102222438,0.2945200477145494,0.5148508191906754,0.9517407226560176
0-17-35_png_jpg.rf.83868463edd6f8bf0657ff28c9c278da.jpg,2,AND,0.0,0.0,0.0,0.0,0.0,0.0,0.09150390624997766
0-17-35_png_jpg.rf.83868463edd6f8bf0657ff28c9c278da.jpg,2,weighted_mean,0.9488915778530302,0.9737756462556667,0.9616240223241594,0.9862383102222438,0.2945200477145494,0.5148508191906754,0.9517407226560176
0-17-35_png_jpg.rf.cc872dfacfc0278a84119fa19c655859.jpg,3,OR,0.9568605824755333,0.9779547823126504,0.9707772414536769,0.9852392495075771,0.3348238074268822,0.5626170275729863,0.9595117187497657
0-17-35_png_jpg.rf.cc872dfacfc0278a84119fa19c655859.jpg,3,AND,0.0,0.0,0.0,0.0,0.0,0.0,0.08848876953122839
0-17-35_png_jpg.rf.cc872dfacfc0278a84119fa19c655859.jpg,3,weighted_mean,0.9568605824755333,0.9779547823126504,0.9707772414536769,0.9852392495075771,0.3348238074268822,0.5626170275729863,0.9595117187497657
0-17-41_png_jpg.rf.b603f235925fd58a196df78822ac5119.jpg,2,OR,0.7171046659090374,0.8352486370181765,0.7226832047416509,0.9893502353116026,0.35315813738941704,0.5670085376397662,0.7489379882810672
0-17-41_png_jpg.rf.b603f235925fd58a196df78822ac5119.jpg,2,AND,0.0,0.0,0.0,0.0,0.0,0.0,0.3567382812499129
0-17-41_png_jpg.rf.b603f235925fd58a196df78822ac5119.jpg,2,weighted_mean,0.7171046659090374,0.8352486370181765,0.7226832047416509,0.9893502353116026,0.35315813738941704,0.5670085376397662,0.7489379882810672
0-17-41_png_jpg.rf.dee793bf7417e2e943f78a6ea3ffdaac.jpg,2,OR,0.6728391305404082,0.8044277758173298,0.6880246414235126,0.9682388174712914,0.11003586817816124,0.1869085560514666,0.73748535156232
0-17-41_png_jpg.rf.dee793bf7417e2e943f78a6ea3ffdaac.jpg,2,AND,0.0,0.0,0.0,0.0,0.0,0.0,0.442402343749892
0-17-41_png_jpg.rf.dee793bf7417e2e943f78a6ea3ffdaac.jpg,2,weighted_mean,0.6728391305404082,0.8044277758173298,0.6880246414235126,0.9682388174712914,0.11003586817816124,0.1869085560514666,0.73748535156232
0-18-18_png_jpg.rf.4b1344dbb9b6596b8dc9489e95a40d04.jpg,6,OR,0.5763660648623232,0.7312591633500585,0.7222107302022283,0.7405372052209362,0.11645087729195369,0.21207750148484458,0.8621679687497895
0-18-18_png_jpg.rf.4b1344dbb9b6596b8dc9489e95a40d04.jpg,6,AND,0.0,0.0,0.0,0.0,0.0,0.0,0.7467724609373176
0-18-18_png_jpg.rf.4b1344dbb9b6596b8dc9489e95a40d04.jpg,6,weighted_mean,0.5763660648623232,0.7312591633500585,0.7222107302022283,0.7405372052209362,0.11645087729195369,0.21207750148484458,0.8621679687497895
0-18-3_png_jpg.rf.6b680d5abc933b330f42e77d28887c20.jpg,5,OR,0.5564212958095596,0.7150008770859714,0.617489395421832,0.8490850238745488,0.2638624324811109,0.4666351761570907,0.896870117187281
0-18-3_png_jpg.rf.6b680d5abc933b330f42e77d28887c20.jpg,5,AND,0.0,0.0,0.0,0.0,0.0,0.0,0.8476416015622931
0-18-3_png_jpg.rf.6b680d5abc933b330f42e77d28887c20.jpg,5,weighted_mean,0.5564212958095596,0.7150008770859714,0.617489395421832,0.8490850238745488,0.2638624324811109,0.4666351761570907,0.896870117187281
0-18-3_png_jpg.rf.9c222aad07da3fff5805699dde541b95.jpg,6,OR,0.6025113095922723,0.7519588860131907,0.6656592409057587,0.86396839697711,0.2951010603443207,0.5197738616649178,0.8996069335935304
0-18-3_png_jpg.rf.9c222aad07da3fff5805699dde541b95.jpg,6,AND,0.0,0.0,0.0,0.0,0.0,0.0,0.8238647460935489
0-18-3_png_jpg.rf.9c222aad07da3fff5805699dde541b95.jpg,6,weighted_mean,0.6025113095922723,0.7519588860131907,0.6656592409057587,0.86396839697711,0.2951010603443207,0.5197738616649178,0.8996069335935304
0-21-10_png_jpg.rf.fad31cabffffa059dbab0ec75f1bcab1.jpg,6,OR,0.6867447983178346,0.8142841750604063,0.699918901058942,0.9733231229761055,0.17667566805010546,0.3006187031412673,0.8442993164060438
0-21-10_png_jpg.rf.fad31cabffffa059dbab0ec75f1bcab1.jpg,6,AND,0.0,0.0,0.0,0.0,0.0,0.0,0.6493041992185915
0-21-10_png_jpg.rf.fad31cabffffa059dbab0ec75f1bcab1.jpg,6,weighted_mean,0.6867447983178346,0.8142841750604063,0.699918901058942,0.9733231229761055,0.17667566805010546,0.3006187031412673,0.8442993164060438
0-21-29_png_jpg.rf.fe01248cf583c577b7a8cd5f59237794.jpg,3,OR,0.8273095463976098,0.9054946908459843,0.8572440842718704,0.9595008964421783,0.17767055518195063,0.3246725690847143,0.9124536132810273
0-21-29_png_jpg.rf.fe01248cf583c577b7a8cd5f59237794.jpg,3,AND,0.0,0.0,0.0,0.0,0.0,0.0,0.5628881835936126
0-21-29_png_jpg.rf.fe01248cf583c577b7a8cd5f59237794.jpg,3,weighted_mean,0.8273095463976098,0.9054946908459843,0.8572440842718704,0.9595008964421783,0.17767055518195063,0.3246725690847143,0.9124536132810273
0-22-7_png_jpg.rf.6653a570cabf763612aecba489ab949a.jpg,6,OR,0.6697600760144592,0.802223128502516,0.8333563222904228,0.7733323581027404,0.3523573200983448,0.5675410513799353,0.9490893554685182
0-22-7_png_jpg.rf.6653a570cabf763612aecba489ab949a.jpg,6,AND,0.0,0.0,0.0,0.0,0.0,0.0,0.8664843749997885
0-22-7_png_jpg.rf.6653a570cabf763612aecba489ab949a.jpg,6,weighted_mean,0.6697600760144592,0.802223128502516,0.8333563222904228,0.7733323581027404,0.3523573200983448,0.5675410513799353,0.9490893554685182
0-23-10_png_jpg.rf.042dd1f8a58c7532edebeb93b5edd0d7.jpg,7,OR,0.7567482009503973,0.8615329169439285,0.8084011691098768,0.9221400968506643,0.25185071954173816,0.42932067555366255,0.8949438476560315
0-23-10_png_jpg.rf.042dd1f8a58c7532edebeb93b5edd0d7.jpg,7,AND,0.0,0.0,0.0,0.0,0.0,0.0,0.6455786132810923
0-23-10_png_jpg.rf.042dd1f8a58c7532edebeb93b5edd0d7.jpg,7,weighted_mean,0.7567482009503973,0.8615329169439285,0.8084011691098768,0.9221400968506643,0.25185071954173816,0.42932067555366255,0.8949438476560315
0-23-10_png_jpg.rf.a43edf7429ea1cce00ebd6fb02099cef.jpg,7,OR,0.8485920169199731,0.9180955117764195,0.9164276304601625,0.919769475187704,0.24054826850578553,0.4035689808705212,0.9248486328122743
0-23-10_png_jpg.rf.a43edf7429ea1cce00ebd6fb02099cef.jpg,7,AND,0.0,0.0,0.0,0.0,0.0,0.0,0.5420605468748677
0-23-10_png_jpg.rf.a43edf7429ea1cce00ebd6fb02099cef.jpg,7,weighted_mean,0.8485920169199731,0.9180955117764195,0.9164276304601625,0.919769475187704,0.24054826850578553,0.4035689808705212,0.9248486328122743
0-23-15_png_jpg.rf.69a3735464446b6a4efd206f6fadb50c.jpg,3,OR,0.5752152044438622,0.730332214698175,0.6164361520252775,0.8958552554650455,0.09549518170180107,0.19135203243086515,0.8342260742185463
0-23-15_png_jpg.rf.69a3735464446b6a4efd206f6fadb50c.jpg,3,AND,0.0,0.0,0.0,0.0,0.0,0.0,0.749423828124817
0-23-15_png_jpg.rf.69a3735464446b6a4efd206f6fadb50c.jpg,3,weighted_mean,0.5752152044438622,0.730332214698175,0.6164361520252775,0.8958552554650455,0.09549518170180107,0.19135203243086515,0.8342260742185463
0-23-30_png_jpg.rf.09ba17cca8b4f84372db9755908ef55b.jpg,2,OR,0.9472031434515091,0.9728857994472493,0.9775221335662428,0.9682932374783546,0.31311364828662375,0.520704377240145,0.9513183593747677
0-23-30_png_jpg.rf.09ba17cca8b4f84372db9755908ef55b.jpg,2,AND,0.0,0.0,0.0,0.0,0.0,0.0,0.09802734374997607
0-23-30_png_jpg.rf.09ba17cca8b4f84372db9755908ef55b.jpg,2,weighted_mean,0.9472031434515091,0.9728857994472493,0.9775221335662428,0.9682932374783546,0.31311364828662375,0.520704377240145,0.9513183593747677
0-23-39_png_jpg.rf.8b8c4cb5f6633a3cb7d447205b54409b.jpg,3,OR,0.9518987116412323,0.9753566678066392,0.9880469866453371,0.9629882000495403,0.3992921418482979,0.6135603861016364,0.9604223632810155
0-23-39_png_jpg.rf.8b8c4cb5f6633a3cb7d447205b54409b.jpg,3,AND,0.0,0.0,0.0,0.0,0.0,0.0,0.18667724609370442
0-23-39_png_jpg.rf.8b8c4cb5f6633a3cb7d447205b54409b.jpg,3,weighted_mean,0.9518987116412323,0.9753566678066392,0.9880469866453371,0.9629882000495403,0.3992921418482979,0.6135603861016364,0.9604223632810155
0-23-39_png_jpg.rf.c3068c64eac4d4d6733925efbc70ac9b.jpg,2,OR,0.9287128108937802,0.9630389819035916,0.9928789187952223,0.9349403287061031,0.27654715688450204,0.5046670540186758,0.9429345703122698
0-23-39_png_jpg.rf.c3068c64eac4d4d6733925efbc70ac9b.jpg,2,AND,0.0,0.0,0.0,0.0,0.0,0.0,0.2048315429687
0-23-39_png_jpg.rf.c3068c64eac4d4d6733925efbc70ac9b.jpg,2,weighted_mean,0.9287128108937802,0.9630389819035916,0.9928789187952223,0.9349403287061031,0.27654715688450204,0.5046670540186758,0.9429345703122698
0-24-36_png_jpg.rf.38d36818828eaef321c9d09c6a8ad9a1.jpg,4,OR,0.9425803127319813,0.9704415375304275,0.9542224447371921,0.9872215216474834,0.25008944543772343,0.4154100547540772,0.945859374999769
0-24-36_png_jpg.rf.38d36818828eaef321c9d09c6a8ad9a1.jpg,4,AND,0.0,0.0,0.0,0.0,0.0,0.0,0.09974365234372565
0-24-36_png_jpg.rf.38d36818828eaef321c9d09c6a8ad9a1.jpg,4,weighted_mean,0.9425803127319813,0.9704415375304275,0.9542224447371921,0.9872215216474834,0.25008944543772343,0.4154100547540772,0.945859374999769
0-24-36_png_jpg.rf.43c999a736e9e7b0d8e451a599128f01.jpg,4,OR,0.9295934187107832,0.9635122194103163,0.9642200925779018,0.9628053848369219,0.2362189482734999,0.3948489424251761,0.9370239257810212
0-24-36_png_jpg.rf.43c999a736e9e7b0d8e451a599128f01.jpg,4,AND,0.0,0.0,0.0,0.0,0.0,0.0,0.1363916015624667
0-24-36_png_jpg.rf.43c999a736e9e7b0d8e451a599128f01.jpg,4,weighted_mean,0.9295934187107832,0.9635122194103163,0.9642200925779018,0.9628053848369219,0.2362189482734999,0.3948489424251761,0.9370239257810212
0-24-36_png_jpg.rf.5304c2f577d47e46c9120cea788fb97e.jpg,3,OR,0.9394115336173006,0.9687593554372173,0.9707242232573567,0.9668024258276453,0.3127433273122361,0.47668279882562203,0.9487915039060184
0-24-36_png_jpg.rf.5304c2f577d47e46c9120cea788fb97e.jpg,3,AND,0.0,0.0,0.0,0.0,0.0,0.0,0.17875976562495635
0-24-36_png_jpg.rf.5304c2f577d47e46c9120cea788fb97e.jpg,3,weighted_mean,0.9394115336173006,0.9687593554372173,0.9707242232573567,0.9668024258276453,0.3127433273122361,0.47668279882562203,0.9487915039060184
0-24-36_png_jpg.rf.c476aa4ca2d2d500babea9e94b131f75.jpg,3,OR,0.9386935478964428,0.9683774404830113,0.9853592723155081,0.9519710267612954,0.2391503267968646,0.3818330051387119,0.945849609374769
0-24-36_png_jpg.rf.c476aa4ca2d2d500babea9e94b131f75.jpg,3,AND,0.0,0.0,0.0,0.0,0.0,0.0,0.12904541015621848
0-24-36_png_jpg.rf.c476aa4ca2d2d500babea9e94b131f75.jpg,3,weighted_mean,0.9386935478964428,0.9683774404830113,0.9853592723155081,0.9519710267612954,0.2391503267968646,0.3818330051387119,0.945849609374769
0-24-36_png_jpg.rf.d06729c789f0205db77d2bcd5752b515.jpg,4,OR,0.9478798634661068,0.973242632920313,0.9784409972265287,0.9680992135306684,0.3168335819298597,0.5230477399507282,0.9532519531247673
0-24-36_png_jpg.rf.d06729c789f0205db77d2bcd5752b515.jpg,4,AND,0.0,0.0,0.0,0.0,0.0,0.0,0.12180419921872027
0-24-36_png_jpg.rf.d06729c789f0205db77d2bcd5752b515.jpg,4,weighted_mean,0.9478798634661068,0.973242632920313,0.9784409972265287,0.9680992135306684,0.3168335819298597,0.5230477399507282,0.9532519531247673
0-27-12_png_jpg.rf.397e5c3f99b58208b151fda3301c2bd4.jpg,3,OR,0.859024668520651,0.9241670463730143,0.9283886034545943,0.9199837079258711,0.3582985745044768,0.5452224578668171,0.9800903320310107
0-27-12_png_jpg.rf.397e5c3f99b58208b151fda3301c2bd4.jpg,3,AND,0.0,0.0,0.0,0.0,0.0,0.0,0.8681298828122881
0-27-12_png_jpg.rf.397e5c3f99b58208b151fda3301c2bd4.jpg,3,weighted_mean,0.859024668520651,0.9241670463730143,0.9283886034545943,0.9199837079258711,0.3582985745044768,0.5452224578668171,0.9800903320310107
0-27-13_png_jpg.rf.3f27cdf3bfd36a09ed5ae638621354cc.jpg,4,OR,0.47432537570026956,0.6434473468585268,0.5518580276308912,0.7714875620208083,0.15623509207062192,0.2763541805976886,0.9373168945310212
0-27-13_png_jpg.rf.3f27cdf3bfd36a09ed5ae638621354cc.jpg,4,AND,0.0,0.0,0.0,0.0,0.0,0.0,0.9266870117185237
0-27-13_png_jpg.rf.3f27cdf3bfd36a09ed5ae638621354cc.jpg,4,weighted_mean,0.47432537570026956,0.6434473468585268,0.5518580276308912,0.7714875620208083,0.15623509207062192,0.2763541805976886,0.9373168945310212
0-27-13_png_jpg.rf.cab26e17a3286eda83dda9fc6d491dff.jpg,3,OR,0.6693934886781743,0.8019601049339182,0.7867148996072089,0.8178078388793938,0.26308981496955686,0.43632368483730977,0.9609277343747654
0-27-13_png_jpg.rf.cab26e17a3286eda83dda9fc6d491dff.jpg,3,AND,0.0,0.0,0.0,0.0,0.0,0.0,0.9032641601560295
0-27-13_png_jpg.rf.cab26e17a3286eda83dda9fc6d491dff.jpg,3,weighted_mean,0.6693934886781743,0.8019601049339182,0.7867148996072089,0.8178078388793938,0.26308981496955686,0.43632368483730977,0.9609277343747654
0-27-13_png_jpg.rf.f8f2aca68fac66250de3506149e4724e.jpg,4,OR,0.4973159120824525,0.6642765338555581,0.5735177311578434,0.7891606930444914,0.15608452988524502,0.26692603309893165,0.9394165039060206
0-27-13_png_jpg.rf.f8f2aca68fac66250de3506149e4724e.jpg,4,AND,0.0,0.0,0.0,0.0,0.0,0.0,0.9240502929685244
0-27-13_png_jpg.rf.f8f2aca68fac66250de3506149e4724e.jpg,4,weighted_mean,0.4973159120824525,0.6642765338555581,0.5735177311578434,0.7891606930444914,0.15608452988524502,0.26692603309893165,0.9394165039060206
0-27-43_png_jpg.rf.4ea8386a16e133ca5b5496c04f334128.jpg,3,OR,0.5637598792266949,0.7210312615329196,0.6238698899340415,0.8540391470985804,0.2778895791383508,0.4940693593578976,0.9760131835935117
0-27-43_png_jpg.rf.4ea8386a16e133ca5b5496c04f334128.jpg,3,AND,0.0,0.0,0.0,0.0,0.0,0.0,0.9637036132810147
0-27-43_png_jpg.rf.4ea8386a16e133ca5b5496c04f334128.jpg,3,weighted_mean,0.5637598792266949,0.7210312615329196,0.6238698899340415,0.8540391470985804,0.2778895791383508,0.4940693593578976,0.9760131835935117
0-27-54_png_jpg.rf.cda86a8c563682075ce93a561dbf9703.jpg,5,OR,0.26490497737460666,0.41885356151326775,0.27304951307685144,0.8987963645185606,0.07529706066244342,0.1398762080845547,0.9504223632810179
0-27-54_png_jpg.rf.cda86a8c563682075ce93a561dbf9703.jpg,5,AND,0.0,0.0,0.0,0.0,0.0,0.0,0.9801220703122607
0-27-54_png_jpg.rf.cda86a8c563682075ce93a561dbf9703.jpg,5,weighted_mean,0.26490497737460666,0.41885356151326775,0.27304951307685144,0.8987963645185606,0.07529706066244342,0.1398762080845547,0.9504223632810179
0-27-5_png_jpg.rf.7e028446b49304597b4cbf60778c3420.jpg,4,OR,0.8870404976275845,0.9401393332499065,0.9270364578703475,0.9536179150181906,0.37150572734176657,0.5440002142724579,0.9577929687497662
0-27-5_png_jpg.rf.7e028446b49304597b4cbf60778c3420.jpg,4,AND,0.0,0.0,0.0,0.0,0.0,0.0,0.6524389648435908
0-27-5_png_jpg.rf.7e028446b49304597b4cbf60778c3420.jpg,4,weighted_mean,0.8870404976275845,0.9401393332499065,0.9270364578703475,0.9536179150181906,0.37150572734176657,0.5440002142724579,0.9577929687497662
0-28-28_png_jpg.rf.3244f4153824d93233fa85650de7c58e.jpg,4,OR,0.7098605081482547,0.8303139405412897,0.7204550584617214,0.9797045931698163,0.37896518200994145,0.5996889272727872,0.9203759765622753
0-28-28_png_jpg.rf.3244f4153824d93233fa85650de7c58e.jpg,4,AND,0.0,0.0,0.0,0.0,0.0,0.0,0.8011547851560544
0-28-28_png_jpg.rf.3244f4153824d93233fa85650de7c58e.jpg,4,weighted_mean,0.7098605081482547,0.8303139405412897,0.7204550584617214,0.9797045931698163,0.37896518200994145,0.5996889272727872,0.9203759765622753
0-28-54_png_jpg.rf.072cf6697af2445c5fdccfcab904ef0b.jpg,3,OR,0.9193844589049853,0.9579992738187502,0.9479525746958741,0.9682612102387667,0.4252853905663975,0.6387339070557624,0.979101562499761
0-28-54_png_jpg.rf.072cf6697af2445c5fdccfcab904ef0b.jpg,3,AND,0.0436507542921321,0.0836501178437584,0.999999999977278,0.0436507542921321,0.020306376914752372,0.015263959133461692,0.7645947265623133
0-28-54_png_jpg.rf.072cf6697af2445c5fdccfcab904ef0b.jpg,3,weighted_mean,0.9193844589049853,0.9579992738187502,0.9479525746958741,0.9682612102387667,0.4252853905663975,0.6387339070557624,0.979101562499761
0-28-54_png_jpg.rf.1b3eb75ae26f80144dac12c06064bd53.jpg,2,OR,0.8167602922459819,0.8991393038827996,0.899892090345311,0.8983877758229545,0.1927149339757462,0.3404016404152268,0.9602612304685155
0-28-54_png_jpg.rf.1b3eb75ae26f80144dac12c06064bd53.jpg,2,AND,0.6541979804861762,0.7909548774734987,0.9756403269737045,0.6650610465827966,0.10117368756209091,0.19456196544179055,0.9306884765622728
0-28-54_png_jpg.rf.1b3eb75ae26f80144dac12c06064bd53.jpg,2,weighted_mean,0.8167602922459819,0.8991393038827996,0.899892090345311,0.8983877758229545,0.1927149339757462,0.3404016404152268,0.9602612304685155
0-28-54_png_jpg.rf.6287511c541bdedfe5a28e22efe46445.jpg,1,OR,0.8959453224741194,0.9451172582392333,0.9417702388729143,0.9484881528420132,0.3505991495926186,0.6142615295439766,0.9763232421872616
0-28-54_png_jpg.rf.6287511c541bdedfe5a28e22efe46445.jpg,1,AND,0.8959453224741194,0.9451172582392333,0.9417702388729143,0.9484881528420132,0.3505991495926186,0.6142615295439766,0.9763232421872616
0-28-54_png_jpg.rf.6287511c541bdedfe5a28e22efe46445.jpg,1,weighted_mean,0.8959453224741194,0.9451172582392333,0.9417702388729143,0.9484881528420132,0.3505991495926186,0.6142615295439766,0.9763232421872616
0-29-17_png_jpg.rf.98d7877f1511e8778aa1df8f4984265e.jpg,6,OR,0.8559711777929463,0.9223970587849712,0.9312806806159372,0.9136813198153488,0.2147121124585627,0.3680755192336785,0.9272875976560236
0-29-17_png_jpg.rf.98d7877f1511e8778aa1df8f4984265e.jpg,6,AND,0.0,0.0,0.0,0.0,0.0,0.0,0.5270410156248714
0-29-17_png_jpg.rf.98d7877f1511e8778aa1df8f4984265e.jpg,6,weighted_mean,0.8559711777929463,0.9223970587849712,0.9312806806159372,0.9136813198153488,0.2147121124585627,0.3680755192336785,0.9272875976560236
0-29-17_png_jpg.rf.aa06217e5e00202135e36d19319122e1.jpg,7,OR,0.8782078346189878,0.9351551180140195,0.8981500749121347,0.9753405155606288,0.23767519055742048,0.40661979281553373,0.9415454101560201
0-29-17_png_jpg.rf.aa06217e5e00202135e36d19319122e1.jpg,7,AND,0.0,0.0,0.0,0.0,0.0,0.0,0.5678442382811114
0-29-17_png_jpg.rf.aa06217e5e00202135e36d19319122e1.jpg,7,weighted_mean,0.8782078346189878,0.9351551180140195,0.8981500749121347,0.9753405155606288,0.23767519055742048,0.40661979281553373,0.9415454101560201
0-29-26_png_jpg.rf.436b54c49df11408d0f6b7266670e460.jpg,4,OR,0.8451678535077537,0.9160877715282635,0.9233390960708241,0.9089494541807664,0.33443332431520456,0.5150506876738594,0.9832788085935099
0-29-26_png_jpg.rf.436b54c49df11408d0f6b7266670e460.jpg,4,AND,0.0,0.0,0.0,0.0,0.0,0.0,0.8995825195310304
0-29-26_png_jpg.rf.436b54c49df11408d0f6b7266670e460.jpg,4,weighted_mean,0.8451678535077537,0.9160877715282635,0.9233390960708241,0.9089494541807664,0.33443332431520456,0.5150506876738594,0.9832788085935099
0-29-26_png_jpg.rf.69df9396cb7854ddbfca4de281661417.jpg,3,OR,0.8528559187601815,0.9205852544982135,0.9264283592416548,0.9148153942410145,0.3463757575740782,0.5233604567157786,0.9802954101560106
0-29-26_png_jpg.rf.69df9396cb7854ddbfca4de281661417.jpg,3,AND,0.0,0.0,0.0,0.0,0.0,0.0,0.8751562499997864
0-29-26_png_jpg.rf.69df9396cb7854ddbfca4de281661417.jpg,3,weighted_mean,0.8528559187601815,0.9205852544982135,0.9264283592416548,0.9148153942410145,0.3463757575740782,0.5233604567157786,0.9802954101560106
0-29-32_png_jpg.rf.4e10899bb2137dab884c1c7cf9b6c294.jpg,4,OR,0.7836543161595342,0.8787064949298644,0.8173841175108718,0.9499762979959644,0.20291055371449682,0.36411905905428565,0.8973461914060309
0-29-32_png_jpg.rf.4e10899bb2137dab884c1c7cf9b6c294.jpg,4,AND,0.0,0.0,0.0,0.0,0.0,0.0,0.6085839843748514
0-29-32_png_jpg.rf.4e10899bb2137dab884c1c7cf9b6c294.jpg,4,weighted_mean,0.7836543161595342,0.8787064949298644,0.8173841175108718,0.9499762979959644,0.20291055371449682,0.36411905905428565,0.8973461914060309
0-29-32_png_jpg.rf.b1f8df50962ea86f2a9dc08268cd2c4b.jpg,5,OR,0.7837554049028955,0.8787700407226648,0.8355885206463964,0.9266578384429264,0.14097313237183,0.2488218575968647,0.9019555664060298
0-29-32_png_jpg.rf.b1f8df50962ea86f2a9dc08268cd2c4b.jpg,5,AND,0.0,0.0,0.0,0.0,0.0,0.0,0.6165234374998495
0-29-32_png_jpg.rf.b1f8df50962ea86f2a9dc08268cd2c4b.jpg,5,weighted_mean,0.7837554049028955,0.8787700407226648,0.8355885206463964,0.9266578384429264,0.14097313237183,0.2488218575968647,0.9019555664060298
0-29-32_png_jpg.rf.fdfc355d631c56750c8272c9008c8e05.jpg,3,OR,0.7547909221935666,0.8602630805156485,0.7878039336116024,0.9474013809340324,0.1505230480261119,0.2755904699062472,0.8596118164060401
0-29-32_png_jpg.rf.fdfc355d631c56750c8272c9008c8e05.jpg,3,AND,0.0,0.0,0.0,0.0,0.0,0.0,0.5438720703123672
0-29-32_png_jpg.rf.fdfc355d631c56750c8272c9008c8e05.jpg,3,weighted_mean,0.7547909221935666,0.8602630805156485,0.7878039336116024,0.9474013809340324,0.1505230480261119,0.2755904699062472,0.8596118164060401
0-3-29_png_jpg.rf.46c6e5b4e17a77b617edc2947758d67a.jpg,4,OR,0.792345115166837,0.8841434704310092,0.9579282198958232,0.8209124106319965,0.481389918963869,0.7308450599029316,0.9897875976560083
0-3-29_png_jpg.rf.46c6e5b4e17a77b617edc2947758d67a.jpg,4,AND,0.0,0.0,0.0,0.0,0.0,0.0,0.9525317382810174
0-3-29_png_jpg.rf.46c6e5b4e17a77b617edc2947758d67a.jpg,4,weighted_mean,0.792345115166837,0.8841434704310092,0.9579282198958232,0.8209124106319965,0.481389918963869,0.7308450599029316,0.9897875976560083
0-3-6_png_jpg.rf.5ca3887e77a381cccf40bc81bee9ea65.jpg,6,OR,0.5066450143716977,0.6725472948688969,0.5949541887672725,0.7734150163818965,0.13350093049027556,0.24360880200805277,0.9354711914060216
0-3-6_png_jpg.rf.5ca3887e77a381cccf40bc81bee9ea65.jpg,6,AND,0.0,0.0,0.0,0.0,0.0,0.0,0.9143188476560268
0-3-6_png_jpg.rf.5ca3887e77a381cccf40bc81bee9ea65.jpg,6,weighted_mean,0.5066450143716977,0.6725472948688969,0.5949541887672725,0.7734150163818965,0.13350093049027556,0.24360880200805277,0.9354711914060216
0-30-30_png_jpg.rf.6cd004e9d16ff9e4e5a9a3937c5b1108.jpg,3,OR,0.788468931579411,0.8817250528172249,0.949021007679968,0.8233411710720613,0.23306024393176955,0.400706729772898,0.9529833984372673
0-30-30_png_jpg.rf.6cd004e9d16ff9e4e5a9a3937c5b1108.jpg,3,AND,0.0,0.0,0.0,0.0,0.0,0.0,0.7871459960935578
0-30-30_png_jpg.rf.6cd004e9d16ff9e4e5a9a3937c5b1108.jpg,3,weighted_mean,0.788468931579411,0.8817250528172249,0.949021007679968,0.8233411710720613,0.23306024393176955,0.400706729772898,0.9529833984372673
0-30-30_png_jpg.rf.a24cf62d9e6379747abf2f750c6fae5b.jpg,4,OR,0.830186423044196,0.9072151476933433,0.970857222764689,0.8514035539520849,0.2605645454837666,0.41954116055546664,0.9653295898435144
0-30-30_png_jpg.rf.a24cf62d9e6379747abf2f750c6fae5b.jpg,4,AND,0.0,0.0,0.0,0.0,0.0,0.0,0.8009204101560544
0-30-30_png_jpg.rf.a24cf62d9e6379747abf2f750c6fae5b.jpg,4,weighted_mean,0.830186423044196,0.9072151476933433,0.970857222764689,0.8514035539520849,0.2605645454837666,0.41954116055546664,0.9653295898435144
0-31-40_png_jpg.rf.7384794353b257a84a998b19f8dd1f12.jpg,6,OR,0.8858210408696371,0.9394539796428881,0.8952690277492552,0.9882267508342549,0.39151268955376245,0.6155901428643333,0.9456127929685192
0-31-40_png_jpg.rf.7384794353b257a84a998b19f8dd1f12.jpg,6,AND,0.0,0.0,0.0,0.0,0.0,0.0,0.5730273437498601
0-31-40_png_jpg.rf.7384794353b257a84a998b19f8dd1f12.jpg,6,weighted_mean,0.8858210408696371,0.9394539796428881,0.8952690277492552,0.9882267508342549,0.39151268955376245,0.6155901428643333,0.9456127929685192
0-31-40_png_jpg.rf.fce1bc7c01b82e5096169c85c9f99cb0.jpg,5,OR,0.8311644455751112,0.9077988026510295,0.8625898367062689,0.9580087434771073,0.22409388767497668,0.37900804541461736,0.9157763671872764
0-31-40_png_jpg.rf.fce1bc7c01b82e5096169c85c9f99cb0.jpg,5,AND,0.0,0.0,0.0,0.0,0.0,0.0,0.5671997070311116
0-31-40_png_jpg.rf.fce1bc7c01b82e5096169c85c9f99cb0.jpg,5,weighted_mean,0.8311644455751112,0.9077988026510295,0.8625898367062689,0.9580087434771073,0.22409388767497668,0.37900804541461736,0.9157763671872764
0-32-22_png_jpg.rf.0b6da1c1bb70754dc84d0e406a8096ae.jpg,5,OR,0.8605548777077119,0.9250518627732761,0.961379470091619,0.8913697113868172,0.3938900110163563,0.6188720263810766,0.9573095703122663
0-32-22_png_jpg.rf.0b6da1c1bb70754dc84d0e406a8096ae.jpg,5,AND,0.0,0.0,0.0,0.0,0.0,0.0,0.704438476562328
0-32-22_png_jpg.rf.0b6da1c1bb70754dc84d0e406a8096ae.jpg,5,weighted_mean,0.8605548777077119,0.9250518627732761,0.961379470091619,0.8913697113868172,0.3938900110163563,0.6188720263810766,0.9573095703122663
0-32-22_png_jpg.rf.ba206d48c5d3845ec9ae1378537e3123.jpg,5,OR,0.872175447284659,0.9317240524114695,0.967167816564577,0.8987862645330079,0.3677569549520015,0.5969051808330103,0.9596728515622657
0-32-22_png_jpg.rf.ba206d48c5d3845ec9ae1378537e3123.jpg,5,AND,0.0,0.0,0.0,0.0,0.0,0.0,0.6938525390623306
0-32-22_png_jpg.rf.ba206d48c5d3845ec9ae1378537e3123.jpg,5,weighted_mean,0.872175447284659,0.9317240524114695,0.967167816564577,0.8987862645330079,0.3677569549520015,0.5969051808330103,0.9596728515622657
0-32-22_png_jpg.rf.ceab38837bddc180e02889f1707b807a.jpg,5,OR,0.8674456441348414,0.9290183592323144,0.9636226216679015,0.8968132607492073,0.39301265198736235,0.6365376435185552,0.9562402343747666
0-32-22_png_jpg.rf.ceab38837bddc180e02889f1707b807a.jpg,5,AND,0.0,0.0,0.0,0.0,0.0,0.0,0.6806835937498338
0-32-22_png_jpg.rf.ceab38837bddc180e02889f1707b807a.jpg,5,weighted_mean,0.8674456441348414,0.9290183592323144,0.9636226216679015,0.8968132607492073,0.39301265198736235,0.6365376435185552,0.9562402343747666
0-32-23_png_jpg.rf.021f6c84d7c2dad41e63f86da52bdcfa.jpg,4,OR,0.6758475552609474,0.8065740265446886,0.7413142375724662,0.8844329192279089,0.3117348953524031,0.5075059812568132,0.9484814453122684
0-32-23_png_jpg.rf.021f6c84d7c2dad41e63f86da52bdcfa.jpg,4,AND,0.0,0.0,0.0,0.0,0.0,0.0,0.8785498046872855
0-32-23_png_jpg.rf.021f6c84d7c2dad41e63f86da52bdcfa.jpg,4,weighted_mean,0.6758475552609474,0.8065740265446886,0.7413142375724662,0.8844329192279089,0.3117348953524031,0.5075059812568132,0.9484814453122684
0-32-23_png_jpg.rf.3ba77a08d54c732c2b073394e40ad684.jpg,5,OR,0.7418139815174404,0.8517717613808381,0.8164833342530973,0.8902483124379414,0.3985494040879158,0.63282855197651,0.9623461914060151
0-32-23_png_jpg.rf.3ba77a08d54c732c2b073394e40ad684.jpg,5,AND,0.0,0.0,0.0,0.0,0.0,0.0,0.8784765624997856
0-32-23_png_jpg.rf.3ba77a08d54c732c2b073394e40ad684.jpg,5,weighted_mean,0.7418139815174404,0.8517717613808381,0.8164833342530973,0.8902483124379414,0.3985494040879158,0.63282855197651,0.9623461914060151
0-32-23_png_jpg.rf.4c058f411c3953b7aa24178f4bc09a68.jpg,2,OR,0.8432391008160026,0.9149535732425602,0.9553347482134761,0.8778477085349209,0.3713359060662972,0.5852447490700257,0.9775268554685114
0-32-23_png_jpg.rf.4c058f411c3953b7aa24178f4bc09a68.jpg,2,AND,0.23692367299454595,0.38308535630329166,0.9727404193711298,0.238507224536409,0.04241028593339853,0.08267812419517673,0.8942163085935317
0-32-23_png_jpg.rf.4c058f411c3953b7aa24178f4bc09a68.jpg,2,weighted_mean,0.8432391008160026,0.9149535732425602,0.9553347482134761,0.8778477085349209,0.3713359060662972,0.5852447490700257,0.9775268554685114
0-32-23_png_jpg.rf.4e8a24848959715953077f18522acdda.jpg,3,OR,0.7243493575097444,0.8401422302912315,0.7928320274139382,0.8934569664281967,0.1951498051854254,0.3138006044992744,0.958730468749766
0-32-23_png_jpg.rf.4e8a24848959715953077f18522acdda.jpg,3,AND,0.0,0.0,0.0,0.0,0.0,0.0,0.8786206054685355
0-32-23_png_jpg.rf.4e8a24848959715953077f18522acdda.jpg,3,weighted_mean,0.7243493575097444,0.8401422302912315,0.7928320274139382,0.8934569664281967,0.1951498051854254,0.3138006044992744,0.958730468749766
0-32-23_png_jpg.rf.d5145190c17531987cfa0a50e880d750.jpg,3,OR,0.7275126222170449,0.8422660568272712,0.8001979732890406,0.8890027958976906,0.16052244897906767,0.26351109256129035,0.9563867187497666
0-32-23_png_jpg.rf.d5145190c17531987cfa0a50e880d750.jpg,3,AND,0.0,0.0,0.0,0.0,0.0,0.0,0.8690185546872878
0-32-23_png_jpg.rf.d5145190c17531987cfa0a50e880d750.jpg,3,weighted_mean,0.7275126222170449,0.8422660568272712,0.8001979732890406,0.8890027958976906,0.16052244897906767,0.26351109256129035,0.9563867187497666
0-32-23_png_jpg.rf.e03dc2d5698c8e8057045184b2ed2602.jpg,3,OR,0.82183867682547,0.9022079586733915,0.8949713193099522,0.9095625813705338,0.4778590996423197,0.718937364693057,0.9752270507810119
0-32-23_png_jpg.rf.e03dc2d5698c8e8057045184b2ed2602.jpg,3,AND,0.0,0.0,0.0,0.0,0.0,0.0,0.8743627929685366
0-32-23_png_jpg.rf.e03dc2d5698c8e8057045184b2ed2602.jpg,3,weighted_mean,0.82183867682547,0.9022079586733915,0.8949713193099522,0.9095625813705338,0.4778590996423197,0.718937364693057,0.9752270507810119
0-32-23_png_jpg.rf.eb5764fd75e6b9780fed420522eeca11.jpg,2,OR,0.8119366549812032,0.8962086535962551,0.888489331824911,0.9040632840798298,0.2989001020512571,0.5022727199859022,0.970659179687263
0-32-23_png_jpg.rf.eb5764fd75e6b9780fed420522eeca11.jpg,2,AND,0.3721802038796906,0.542465490796896,0.8684775936123831,0.3944103707826972,0.08028098344168097,0.1560854262124548,0.9067773437497786
0-32-23_png_jpg.rf.eb5764fd75e6b9780fed420522eeca11.jpg,2,weighted_mean,0.8119366549812032,0.8962086535962551,0.888489331824911,0.9040632840798298,0.2989001020512571,0.5022727199859022,0.970659179687263
0-32-23_png_jpg.rf.ed86fb001cba302864c83461e841f9fb.jpg,3,OR,0.8555883851230656,0.9221747581334656,0.9947405827979277,0.8594763883469603,0.4422319571642894,0.6747840039827937,0.9826977539060101
0-32-23_png_jpg.rf.ed86fb001cba302864c83461e841f9fb.jpg,3,AND,0.021329294004418707,0.04176771219552707,0.9999999999040307,0.021329294004418707,0.0002773309667742119,0.0,0.8832739257810344
0-32-23_png_jpg.rf.ed86fb001cba302864c83461e841f9fb.jpg,3,weighted_mean,0.8555883851230656,0.9221747581334656,0.9947405827979277,0.8594763883469603,0.4422319571642894,0.6747840039827937,0.9826977539060101
0-32-30_png_jpg.rf.d3f95e4f8f4adfd07f199e5ec8ea88d6.jpg,5,OR,0.7400338016259216,0.8505970412004865,0.8600206231115611,0.8413777366773856,0.17859667727059444,0.31067978948756125,0.9399145507810205
0-32-30_png_jpg.rf.d3f95e4f8f4adfd07f199e5ec8ea88d6.jpg,5,AND,0.0,0.0,0.0,0.0,0.0,0.0,0.7967114257810555
0-32-30_png_jpg.rf.d3f95e4f8f4adfd07f199e5ec8ea88d6.jpg,5,weighted_mean,0.7400338016259216,0.8505970412004865,0.8600206231115611,0.8413777366773856,0.17859667727059444,0.31067978948756125,0.9399145507810205
0-32-30_png_jpg.rf.f66d03efa80f77d54c84230110c3ca1c.jpg,5,OR,0.7373608458701035,0.8488286674848127,0.8644917484891005,0.8337230613654872,0.23021076751995323,0.3666389371763305,0.9311694335935227
0-32-30_png_jpg.rf.f66d03efa80f77d54c84230110c3ca1c.jpg,5,AND,0.0,0.0,0.0,0.0,0.0,0.0,0.7682177734373125
0-32-30_png_jpg.rf.f66d03efa80f77d54c84230110c3ca1c.jpg,5,weighted_mean,0.7373608458701035,0.8488286674848127,0.8644917484891005,0.8337230613654872,0.23021076751995323,0.3666389371763305,0.9311694335935227
0-32-31_png_jpg.rf.98b887b2eee6748515850b40261c63d6.jpg,3,OR,0.8327828026895305,0.9087632222077349,0.9656873558588877,0.8581765041330586,0.30906791119505794,0.49396666780533394,0.9763940429685116
0-32-31_png_jpg.rf.98b887b2eee6748515850b40261c63d6.jpg,3,AND,0.0,0.0,0.0,0.0,0.0,0.0,0.8630078124997893
0-32-31_png_jpg.rf.98b887b2eee6748515850b40261c63d6.jpg,3,weighted_mean,0.8327828026895305,0.9087632222077349,0.9656873558588877,0.8581765041330586,0.30906791119505794,0.49396666780533394,0.9763940429685116
0-33-46_png_jpg.rf.4743a9408eb03dad512115e67892a075.jpg,1,OR,0.8717706177897028,0.931493004008302,0.967458338794335,0.8981058529697417,0.5060690942984819,0.7280002848902631,0.9947045898435072
0-33-46_png_jpg.rf.4743a9408eb03dad512115e67892a075.jpg,1,AND,0.8717706177897028,0.931493004008302,0.967458338794335,0.8981058529697417,0.5060690942984819,0.7280002848902631,0.9947045898435072
0-33-46_png_jpg.rf.4743a9408eb03dad512115e67892a075.jpg,1,weighted_mean,0.8717706177897028,0.931493004008302,0.967458338794335,0.8981058529697417,0.5060690942984819,0.7280002848902631,0.9947045898435072
0-33-46_png_jpg.rf.4e16c47e9bc53b428d580a9ba2aa7256.jpg,1,OR,0.8810419895145668,0.9367595135310445,0.9075636639991823,0.9678962302313101,0.5431883137417722,0.7947841271256115,0.9960644531247568
0-33-46_png_jpg.rf.4e16c47e9bc53b428d580a9ba2aa7256.jpg,1,AND,0.8810419895145668,0.9367595135310445,0.9075636639991823,0.9678962302313101,0.5431883137417722,0.7947841271256115,0.9960644531247568
0-33-46_png_jpg.rf.4e16c47e9bc53b428d580a9ba2aa7256.jpg,1,weighted_mean,0.8810419895145668,0.9367595135310445,0.9075636639991823,0.9678962302313101,0.5431883137417722,0.7947841271256115,0.9960644531247568
0-33-46_png_jpg.rf.6f4c5016563f5cacedd193601a0404ea.jpg,2,OR,0.8508369762144062,0.9194077999831821,0.8896321070134935,0.9512456788538413,0.361644967961115,0.5218602143859543,0.9965844726560067
0-33-46_png_jpg.rf.6f4c5016563f5cacedd193601a0404ea.jpg,2,AND,0.8629086057275638,0.9264100268521253,0.9276834807443498,0.9251400643589802,0.4750561797646055,0.6829614626817434,0.9969897460935065
0-33-46_png_jpg.rf.6f4c5016563f5cacedd193601a0404ea.jpg,2,weighted_mean,0.8508369762144062,0.9194077999831821,0.8896321070134935,0.9512456788538413,0.361644967961115,0.5218602143859543,0.9965844726560067
0-33-46_png_jpg.rf.f61ed20167ea064f173a52e7247844cc.jpg,1,OR,0.6422452371737343,0.7821550918656014,0.6678633160395179,0.9436408040401345,0.3015291837109298,0.4957900042315119,0.9931689453122575
0-33-46_png_jpg.rf.f61ed20167ea064f173a52e7247844cc.jpg,1,AND,0.6422452371737343,0.7821550918656014,0.6678633160395179,0.9436408040401345,0.3015291837109298,0.4957900042315119,0.9931689453122575
0-33-46_png_jpg.rf.f61ed20167ea064f173a52e7247844cc.jpg,1,weighted_mean,0.6422452371737343,0.7821550918656014,0.6678633160395179,0.9436408040401345,0.3015291837109298,0.4957900042315119,0.9931689453122575
0-33-53_png_jpg.rf.f23a37cda6300e957edd47c801683048.jpg,5,OR,0.6717640948659948,0.803658957539511,0.7401449643900041,0.8790968131635772,0.3654600683434662,0.5945932774137296,0.9861132812497593
0-33-53_png_jpg.rf.f23a37cda6300e957edd47c801683048.jpg,5,AND,0.0,0.0,0.0,0.0,0.0,0.0,0.9676708984372637
0-33-53_png_jpg.rf.f23a37cda6300e957edd47c801683048.jpg,5,weighted_mean,0.6717640948659948,0.803658957539511,0.7401449643900041,0.8790968131635772,0.3654600683434662,0.5945932774137296,0.9861132812497593
0-35-23_png_jpg.rf.1d387d6cfa391adcf4bd60ef648bf388.jpg,10,OR,0.8076509986674559,0.8935917378551846,0.8780657706142676,0.9096766489445351,0.31705549263825283,0.5066805546575057,0.8981249999997807
0-35-23_png_jpg.rf.1d387d6cfa391adcf4bd60ef648bf388.jpg,10,AND,0.0,0.0,0.0,0.0,0.0,0.0,0.5297656249998707
0-35-23_png_jpg.rf.1d387d6cfa391adcf4bd60ef648bf388.jpg,10,weighted_mean,0.8076509986674559,0.8935917378551846,0.8780657706142676,0.9096766489445351,0.31705549263825283,0.5066805546575057,0.8981249999997807
0-35-23_png_jpg.rf.40d8ed6aaf44c234c4b108b276bde6b8.jpg,10,OR,0.7311771194111909,0.8447167088944421,0.7964181867475731,0.8992515254518827,0.25332054600121745,0.4372589592107434,0.8470800781247932
0-35-23_png_jpg.rf.40d8ed6aaf44c234c4b108b276bde6b8.jpg,10,AND,0.0,0.0,0.0,0.0,0.0,0.0,0.5374707031248688
0-35-23_png_jpg.rf.40d8ed6aaf44c234c4b108b276bde6b8.jpg,10,weighted_mean,0.7311771194111909,0.8447167088944421,0.7964181867475731,0.8992515254518827,0.25332054600121745,0.4372589592107434,0.8470800781247932
0-35-23_png_jpg.rf.4509a0ba5442e302cd234709719f1835.jpg,9,OR,0.7867105233099035,0.8806244918203229,0.8703037347749177,0.8911929701080095,0.2938928414974186,0.4856322161433287,0.8860156249997837
0-35-23_png_jpg.rf.4509a0ba5442e302cd234709719f1835.jpg,9,AND,0.0,0.0,0.0,0.0,0.0,0.0,0.5282421874998711
0-35-23_png_jpg.rf.4509a0ba5442e302cd234709719f1835.jpg,9,weighted_mean,0.7867105233099035,0.8806244918203229,0.8703037347749177,0.8911929701080095,0.2938928414974186,0.4856322161433287,0.8860156249997837
0-35-23_png_jpg.rf.49b6354df9f785e309fef51844331db0.jpg,10,OR,0.7534368593440849,0.8593829373769707,0.8200293402542035,0.9027041372334668,0.3334475923630256,0.5541933472823587,0.872272949218537
0-35-23_png_jpg.rf.49b6354df9f785e309fef51844331db0.jpg,10,AND,0.0,0.0,0.0,0.0,0.0,0.0,0.5676293945311114
0-35-23_png_jpg.rf.49b6354df9f785e309fef51844331db0.jpg,10,weighted_mean,0.7530747799684375,0.8591473547774111,0.8201551501954419,0.9020321966804431,0.3335368123273527,0.5552288055786879,0.8721191406247871
0-35-23_png_jpg.rf.a863e196f9a99792be3d5a57c4b1dd08.jpg,9,OR,0.7287133629065488,0.8430702030107946,0.8194791238656829,0.868059818090024,0.30829122836037953,0.5219217304252638,0.8586083984372904
0-35-23_png_jpg.rf.a863e196f9a99792be3d5a57c4b1dd08.jpg,9,AND,0.0,0.0,0.0,0.0,0.0,0.0,0.5624755859373627
0-35-23_png_jpg.rf.a863e196f9a99792be3d5a57c4b1dd08.jpg,9,weighted_mean,0.7287133629065488,0.8430702030107946,0.8194791238656829,0.868059818090024,0.30829122836037953,0.5219217304252638,0.8586083984372904
0-35-23_png_jpg.rf.a8a54dded5faae83bc36990564c86df3.jpg,11,OR,0.6967824445802788,0.8212985074260796,0.7611286428613199,0.8917982593213729,0.24615464695592984,0.4208560831063715,0.8211401367185496
0-35-23_png_jpg.rf.a8a54dded5faae83bc36990564c86df3.jpg,11,AND,0.0,0.0,0.0,0.0,0.0,0.0,0.5391186523436183
0-35-23_png_jpg.rf.a8a54dded5faae83bc36990564c86df3.jpg,11,weighted_mean,0.6971402305701745,0.8215469977232959,0.7615555816916695,0.8917982593213729,0.24619309159975247,0.42099446747643815,0.8214428710935494
0-35-26_png_jpg.rf.2fbd3be8bec1d774b10c2e9e7e936cf8.jpg,8,OR,0.8569250215681583,0.9229505894045114,0.906043827827857,0.9405003082880403,0.3061537776979929,0.4822522336992197,0.9303613281247729
0-35-26_png_jpg.rf.2fbd3be8bec1d774b10c2e9e7e936cf8.jpg,8,AND,0.0,0.0,0.0,0.0,0.0,0.0,0.5565234374998641
0-35-26_png_jpg.rf.2fbd3be8bec1d774b10c2e9e7e936cf8.jpg,8,weighted_mean,0.8569250215681583,0.9229505894045114,0.906043827827857,0.9405003082880403,0.3061537776979929,0.4822522336992197,0.9303613281247729
0-35-26_png_jpg.rf.36662ec7474f3b8b64a5ce01cc2caffc.jpg,7,OR,0.8454023996188436,0.9162255341094779,0.9109876703154158,0.9215239780255553,0.18948408853019597,0.32722182016776097,0.9246582031247742
0-35-26_png_jpg.rf.36662ec7474f3b8b64a5ce01cc2caffc.jpg,7,AND,0.0,0.0,0.0,0.0,0.0,0.0,0.552915039062365
0-35-26_png_jpg.rf.36662ec7474f3b8b64a5ce01cc2caffc.jpg,7,weighted_mean,0.8454023996188436,0.9162255341094779,0.9109876703154158,0.9215239780255553,0.18948408853019597,0.32722182016776097,0.9246582031247742
0-35-26_png_jpg.rf.7efaa8163cd4bf4ee44ad5c36c549487.jpg,7,OR,0.8774220746434209,0.9347094470592819,0.9322749040551377,0.937156738487016,0.28962356500780984,0.47924613112128883,0.9424999999997699
0-35-26_png_jpg.rf.7efaa8163cd4bf4ee44ad5c36c549487.jpg,7,AND,0.0,0.0,0.0,0.0,0.0,0.0,0.5608105468748631
0-35-26_png_jpg.rf.7efaa8163cd4bf4ee44ad5c36c549487.jpg,7,weighted_mean,0.8774220746434209,0.9347094470592819,0.9322749040551377,0.937156738487016,0.28962356500780984,0.47924613112128883,0.9424999999997699
0-35-26_png_jpg.rf.def375b33ca69d3794365c73924d2130.jpg,7,OR,0.68016310472682,0.809639377050133,0.8974989860748294,0.7374477916995815,0.2153927696746438,0.377385507088491,0.847568359374793
0-35-26_png_jpg.rf.def375b33ca69d3794365c73924d2130.jpg,7,AND,0.0,0.0,0.0,0.0,0.0,0.0,0.5604296874998632
0-35-26_png_jpg.rf.def375b33ca69d3794365c73924d2130.jpg,7,weighted_mean,0.68016310472682,0.809639377050133,0.8974989860748294,0.7374477916995815,0.2153927696746438,0.377385507088491,0.847568359374793
0-36-33_png_jpg.rf.08e93da8f253671e7930b58fbbf61eb3.jpg,5,OR,0.6909747526270134,0.8172502298494401,0.7817905306354608,0.8560794542527527,0.10826684773346369,0.17560893201826455,0.9068261718747787
0-36-33_png_jpg.rf.08e93da8f253671e7930b58fbbf61eb3.jpg,5,AND,0.0,0.0,0.0,0.0,0.0,0.0,0.7566406249998153
0-36-33_png_jpg.rf.08e93da8f253671e7930b58fbbf61eb3.jpg,5,weighted_mean,0.6909747526270134,0.8172502298494401,0.7817905306354608,0.8560794542527527,0.10826684773346369,0.17560893201826455,0.9068261718747787
0-38-35_png_jpg.rf.174d858c9c3543318aade3e660f19a05.jpg,1,OR,0.8724909518397822,0.931904051106396,0.9476592875278841,0.9166641224125863,0.16301361681747786,0.3171033385961483,0.8821630859372847
0-38-35_png_jpg.rf.174d858c9c3543318aade3e660f19a05.jpg,1,AND,0.8724909518397822,0.931904051106396,0.9476592875278841,0.9166641224125863,0.16301361681747786,0.3171033385961483,0.8821630859372847
0-38-35_png_jpg.rf.174d858c9c3543318aade3e660f19a05.jpg,1,weighted_mean,0.8724909518397822,0.931904051106396,0.9476592875278841,0.9166641224125863,0.16301361681747786,0.3171033385961483,0.8821630859372847
0-39-33_png_jpg.rf.26d3df9413994e45a4eae7bb56541173.jpg,2,OR,0.9044274426165698,0.9498155953622894,0.9780810026287114,0.9231379778249145,0.36143999999710846,0.5786304266163563,0.9906982421872581
0-39-33_png_jpg.rf.26d3df9413994e45a4eae7bb56541173.jpg,2,AND,0.1617688288513782,0.2784871221089937,0.9727203064985024,0.16250608085576848,0.136274188257328,0.2620279281023137,0.9197070312497755
0-39-33_png_jpg.rf.26d3df9413994e45a4eae7bb56541173.jpg,2,weighted_mean,0.9044274426165698,0.9498155953622894,0.9780810026287114,0.9231379778249145,0.36143999999710846,0.5786304266163563,0.9906982421872581
0-39-33_png_jpg.rf.661f4d62b32aa9c5e1db57e04bc25692.jpg,1,OR,0.951330824968815,0.9750584706558085,0.9964603707451596,0.9545565770582215,0.742956053459535,0.9578580913651558,0.9965893554685067
0-39-33_png_jpg.rf.661f4d62b32aa9c5e1db57e04bc25692.jpg,1,AND,0.951330824968815,0.9750584706558085,0.9964603707451596,0.9545565770582215,0.742956053459535,0.9578580913651558,0.9965893554685067
0-39-33_png_jpg.rf.661f4d62b32aa9c5e1db57e04bc25692.jpg,1,weighted_mean,0.951330824968815,0.9750584706558085,0.9964603707451596,0.9545565770582215,0.742956053459535,0.9578580913651558,0.9965893554685067
0-39-33_png_jpg.rf.b7c6282d314ad7f63b774b7aee854236.jpg,1,OR,0.9056171470783305,0.9504712407387936,0.9551761771100842,0.9458124276316845,0.4837827853676854,0.7180053918701204,0.9906469726560081
0-39-33_png_jpg.rf.b7c6282d314ad7f63b774b7aee854236.jpg,1,AND,0.9056171470783305,0.9504712407387936,0.9551761771100842,0.9458124276316845,0.4837827853676854,0.7180053918701204,0.9906469726560081
0-39-33_png_jpg.rf.b7c6282d314ad7f63b774b7aee854236.jpg,1,weighted_mean,0.9056171470783305,0.9504712407387936,0.9551761771100842,0.9458124276316845,0.4837827853676854,0.7180053918701204,0.9906469726560081
0-39-38_png_jpg.rf.d382bff30be2f95c5fc60673871d5cdc.jpg,2,OR,0.936374460878751,0.967141924040676,0.9752282478991341,0.959188596550408,0.19572764972467036,0.30470996239430587,0.9412939453122702
0-39-38_png_jpg.rf.d382bff30be2f95c5fc60673871d5cdc.jpg,2,AND,0.0,0.0,0.0,0.0,0.0,0.0,0.09926513671872576
0-39-38_png_jpg.rf.d382bff30be2f95c5fc60673871d5cdc.jpg,2,weighted_mean,0.936374460878751,0.967141924040676,0.9752282478991341,0.959188596550408,0.19572764972467036,0.30470996239430587,0.9412939453122702
0-39-59_png_jpg.rf.9f7c14b7d8ea2edb9ee74ca5648248c8.jpg,1,OR,0.9834019570335979,0.9916315283911354,0.9925900146825436,0.9906748914223222,0.46396623165215517,0.765697532809719,0.9838989257810098
0-39-59_png_jpg.rf.9f7c14b7d8ea2edb9ee74ca5648248c8.jpg,1,AND,0.9834019570335979,0.9916315283911354,0.9925900146825436,0.9906748914223222,0.46396623165215517,0.765697532809719,0.9838989257810098
0-39-59_png_jpg.rf.9f7c14b7d8ea2edb9ee74ca5648248c8.jpg,1,weighted_mean,0.9834019570335979,0.9916315283911354,0.9925900146825436,0.9906748914223222,0.46396623165215517,0.765697532809719,0.9838989257810098
0-4-48_png_jpg.rf.a59f094041a0973a55cff4f410c93fa6.jpg,6,OR,0.4806256970445805,0.6492197156971392,0.5208404350908896,0.8615881478399467,0.16536513296662428,0.25902439056075,0.9556591796872667
0-4-48_png_jpg.rf.a59f094041a0973a55cff4f410c93fa6.jpg,6,AND,0.0,0.0,0.0,0.0,0.0,0.0,0.9523754882810175
0-4-48_png_jpg.rf.a59f094041a0973a55cff4f410c93fa6.jpg,6,weighted_mean,0.4806256970445805,0.6492197156971392,0.5208404350908896,0.8615881478399467,0.16536513296662428,0.25902439056075,0.9556591796872667
0-42-41_png_jpg.rf.b4e8a9689ff159d097e11a376132a50c.jpg,2,OR,0.9773647929272412,0.9885528420685339,0.9948347808826845,0.9823497407253026,0.3663528299815829,0.561392768504349,0.9784594726560111
0-42-41_png_jpg.rf.b4e8a9689ff159d097e11a376132a50c.jpg,2,AND,0.07235188093228635,0.13494055863339321,0.9999999999964361,0.07235188093228635,0.04284289659388293,0.07138018871677151,0.12169433593747028
0-42-41_png_jpg.rf.b4e8a9689ff159d097e11a376132a50c.jpg,2,weighted_mean,0.9773647929272412,0.9885528420685339,0.9948347808826845,0.9823497407253026,0.3663528299815829,0.561392768504349,0.9784594726560111
0-44-58_png_jpg.rf.0178a55e5a86ef02db9cf561e7563e80.jpg,1,OR,0.9733243384510676,0.986481866650532,0.9966594247985645,0.9765100671138417,0.2750041799021066,0.3684405513415061,0.974707031249762
0-44-58_png_jpg.rf.0178a55e5a86ef02db9cf561e7563e80.jpg,1,AND,0.9733243384510676,0.986481866650532,0.9966594247985645,0.9765100671138417,0.2750041799021066,0.3684405513415061,0.974707031249762
0-44-58_png_jpg.rf.0178a55e5a86ef02db9cf561e7563e80.jpg,1,weighted_mean,0.9733243384510676,0.986481866650532,0.9966594247985645,0.9765100671138417,0.2750041799021066,0.3684405513415061,0.974707031249762
0-44-58_png_jpg.rf.1574fdf651c742633232e0bbc903aacc.jpg,1,OR,0.9808607299626063,0.9903379022321499,0.998539073913225,0.9822703483678058,0.3731866123429418,0.5782015235035208,0.9817333984372603
0-44-58_png_jpg.rf.1574fdf651c742633232e0bbc903aacc.jpg,1,AND,0.9808607299626063,0.9903379022321499,0.998539073913225,0.9822703483678058,0.3731866123429418,0.5782015235035208,0.9817333984372603
0-44-58_png_jpg.rf.1574fdf651c742633232e0bbc903aacc.jpg,1,weighted_mean,0.9808607299626063,0.9903379022321499,0.998539073913225,0.9822703483678058,0.3731866123429418,0.5782015235035208,0.9817333984372603
0-44-58_png_jpg.rf.c92dad5800754ef62a54754095efb2c3.jpg,1,OR,0.9751468524195626,0.9874170634198707,0.9957428964226009,0.9792293076085309,0.30460066756028836,0.4802922358111313,0.9766552734372616
0-44-58_png_jpg.rf.c92dad5800754ef62a54754095efb2c3.jpg,1,AND,0.9751468524195626,0.9874170634198707,0.9957428964226009,0.9792293076085309,0.30460066756028836,0.4802922358111313,0.9766552734372616
0-44-58_png_jpg.rf.c92dad5800754ef62a54754095efb2c3.jpg,1,weighted_mean,0.9751468524195626,0.9874170634198707,0.9957428964226009,0.9792293076085309,0.30460066756028836,0.4802922358111313,0.9766552734372616
0-45-23_png_jpg.rf.6ddaa072145a609c5b5a63f068a39563.jpg,4,OR,0.9610871866493299,0.9801575301620549,0.9731498239260987,0.9872668942093299,0.3943236125999079,0.600644375001219,0.9657177734372643
0-45-23_png_jpg.rf.6ddaa072145a609c5b5a63f068a39563.jpg,4,AND,0.0,0.0,0.0,0.0,0.0,0.0,0.14236083984371525
0-45-23_png_jpg.rf.6ddaa072145a609c5b5a63f068a39563.jpg,4,weighted_mean,0.9610871866493299,0.9801575301620549,0.9731498239260987,0.9872668942093299,0.3943236125999079,0.600644375001219,0.9657177734372643
0-45-23_png_jpg.rf.87c826a284f8e40adfa04f9bb4b7868f.jpg,2,OR,0.9696753114148983,0.9846042195841312,0.980079965917642,0.989170436760962,0.3823477803109937,0.5788916236683077,0.9717211914060128
0-45-23_png_jpg.rf.87c826a284f8e40adfa04f9bb4b7868f.jpg,2,AND,0.18355467540642686,0.31017523604204444,0.9964358673432775,0.1836752680015961,0.022330066292313478,0.04417871105786708,0.2531518554686882
0-45-23_png_jpg.rf.87c826a284f8e40adfa04f9bb4b7868f.jpg,2,weighted_mean,0.9696753114148983,0.9846042195841312,0.980079965917642,0.989170436760962,0.3823477803109937,0.5788916236683077,0.9717211914060128
0-45-23_png_jpg.rf.e8f08ada9b013e2e39d3ea8e53a7c456.jpg,3,OR,0.9250548281184742,0.9610685520293589,0.9450825975125434,0.9776046123798692,0.33787097319597004,0.5733412240143367,0.929501953124773
0-45-23_png_jpg.rf.e8f08ada9b013e2e39d3ea8e53a7c456.jpg,3,AND,0.0,0.0,0.0,0.0,0.0,0.0,0.10990234374997317
0-45-23_png_jpg.rf.e8f08ada9b013e2e39d3ea8e53a7c456.jpg,3,weighted_mean,0.9250548281184742,0.9610685520293589,0.9450825975125434,0.9776046123798692,0.33787097319597004,0.5733412240143367,0.929501953124773
0-45-23_png_jpg.rf.efefab866442c08f3ff4f1a41b849a1b.jpg,4,OR,0.9580871607017762,0.9785950083635694,0.9800661226705959,0.9771283038274413,0.32129254939204566,0.5296192629372668,0.9622607421872651
0-45-23_png_jpg.rf.efefab866442c08f3ff4f1a41b849a1b.jpg,4,AND,0.0,0.0,0.0,0.0,0.0,0.0,0.1171240234374714
0-45-23_png_jpg.rf.efefab866442c08f3ff4f1a41b849a1b.jpg,4,weighted_mean,0.9580871607017762,0.9785950083635694,0.9800661226705959,0.9771283038274413,0.32129254939204566,0.5296192629372668,0.9622607421872651
0-45-24_png_jpg.rf.4706a212c9e8f5f2f75ba75e37223206.jpg,2,OR,0.9541394077925031,0.9765315657498032,0.9858564195835691,0.967381459775981,0.3148528245549404,0.5558087104083035,0.9573852539060163
0-45-24_png_jpg.rf.4706a212c9e8f5f2f75ba75e37223206.jpg,2,AND,0.0002954359143607684,0.0005906973155200157,0.2599531615316269,0.0002956846030899585,0.0353215084396798,0.06515670665992801,0.08299560546872974
0-45-24_png_jpg.rf.4706a212c9e8f5f2f75ba75e37223206.jpg,2,weighted_mean,0.9541394077925031,0.9765315657498032,0.9858564195835691,0.967381459775981,0.3148528245549404,0.5558087104083035,0.9573852539060163
0-46-10_png_jpg.rf.0b37954e03c303a08c8812ba3b276c3f.jpg,2,OR,0.9058945246603061,0.9506239856812293,0.947099515071636,0.9541747857132125,0.13337641357005917,0.20071827185059832,0.9140600585935268
0-46-10_png_jpg.rf.0b37954e03c303a08c8812ba3b276c3f.jpg,2,AND,0.0,0.0,0.0,0.0,0.0,0.0,0.13297851562496754
0-46-10_png_jpg.rf.0b37954e03c303a08c8812ba3b276c3f.jpg,2,weighted_mean,0.9058945246603061,0.9506239856812293,0.947099515071636,0.9541747857132125,0.13337641357005917,0.20071827185059832,0.9140600585935268
0-46-10_png_jpg.rf.b3ef76f13b3465af0f2a76768191c7b1.jpg,1,OR,0.9319189146012384,0.9647598639444896,0.9472117035795025,0.9829704960914724,0.22704710144886403,0.40261286978951344,0.9386108398435209
0-46-10_png_jpg.rf.b3ef76f13b3465af0f2a76768191c7b1.jpg,1,AND,0.9319189146012384,0.9647598639444896,0.9472117035795025,0.9829704960914724,0.22704710144886403,0.40261286978951344,0.9386108398435209
0-46-10_png_jpg.rf.b3ef76f13b3465af0f2a76768191c7b1.jpg,1,weighted_mean,0.9319189146012384,0.9647598639444896,0.9472117035795025,0.9829704960914724,0.22704710144886403,0.40261286978951344,0.9386108398435209
0-46-14_png_jpg.rf.2234cac13cad9059676dcfb807866a9d.jpg,3,OR,0.9691204100883922,0.984318079405707,0.983858714231957,0.9847778737362011,0.3111912401987787,0.4831459137802742,0.9717919921872628
0-46-14_png_jpg.rf.2234cac13cad9059676dcfb807866a9d.jpg,3,AND,0.11724478151619491,0.20988199444903008,0.9837389128929185,0.11747244808722171,0.07195244881618425,0.14251472090733686,0.20489746093744998
0-46-14_png_jpg.rf.2234cac13cad9059676dcfb807866a9d.jpg,3,weighted_mean,0.9691204100883922,0.984318079405707,0.983858714231957,0.9847778737362011,0.3111912401987787,0.4831459137802742,0.9717919921872628
0-46-14_png_jpg.rf.bdb7fc6409c38f72f4fd404efd7d19c2.jpg,3,OR,0.969180587732957,0.9843491183799835,0.9946606042274576,0.9742492339119064,0.29603480006593264,0.5168354142372149,0.970380859374763
0-46-14_png_jpg.rf.bdb7fc6409c38f72f4fd404efd7d19c2.jpg,3,AND,0.11450716770408509,0.2054848475133147,0.9949660708719675,0.11457354443306574,0.06296600059624602,0.1260946747770122,0.15292968749996266
0-46-14_png_jpg.rf.bdb7fc6409c38f72f4fd404efd7d19c2.jpg,3,weighted_mean,0.969180587732957,0.9843491183799835,0.9946606042274576,0.9742492339119064,0.29603480006593264,0.5168354142372149,0.970380859374763
0-46-44_png_jpg.rf.e4e348612b8b7e14f548bb69317e15bd.jpg,3,OR,0.8837886269198668,0.9383097596941397,0.9077406547123857,0.9710095087432952,0.1495019280202653,0.27990680305265425,0.8912280273435325
0-46-44_png_jpg.rf.e4e348612b8b7e14f548bb69317e15bd.jpg,3,AND,0.038967936472572545,0.07501277971074567,0.9149235719970842,0.039109651460689995,0.015469315699663477,0.031533866500963785,0.17831054687495645
0-46-44_png_jpg.rf.e4e348612b8b7e14f548bb69317e15bd.jpg,3,weighted_mean,0.8837886269198668,0.9383097596941397,0.9077406547123857,0.9710095087432952,0.1495019280202653,0.27990680305265425,0.8912280273435325
0-47-50_png_jpg.rf.17ea4507ca061b268d03c7ac0a002452.jpg,1,OR,0.7999948576201581,0.8888857145712759,0.8187971389019777,0.972096641661338,0.20987919079226564,0.33468029781017206,0.8100903320310522
0-47-50_png_jpg.rf.17ea4507ca061b268d03c7ac0a002452.jpg,1,AND,0.7999948576201581,0.8888857145712759,0.8187971389019777,0.972096641661338,0.20987919079226564,0.33468029781017206,0.8100903320310522
0-47-50_png_jpg.rf.17ea4507ca061b268d03c7ac0a002452.jpg,1,weighted_mean,0.7999948576201581,0.8888857145712759,0.8187971389019777,0.972096641661338,0.20987919079226564,0.33468029781017206,0.8100903320310522
0-49-2_png_jpg.rf.b0d3653f22ca3a63e8c67e42cdf792a4.jpg,5,OR,0.37683656092803136,0.5473947621989811,0.3782496356165508,0.9901836660348078,0.07331766973892007,0.11674877010824526,0.7694995117185621
0-49-2_png_jpg.rf.b0d3653f22ca3a63e8c67e42cdf792a4.jpg,5,AND,0.0,0.0,0.0,0.0,0.0,0.0,0.8592309570310402
0-49-2_png_jpg.rf.b0d3653f22ca3a63e8c67e42cdf792a4.jpg,5,weighted_mean,0.37683656092803136,0.5473947621989811,0.3782496356165508,0.9901836660348078,0.07331766973892007,0.11674877010824526,0.7694995117185621
0-49-2_png_jpg.rf.cb2d9fce43ce226c3e1da53f4352a55d.jpg,4,OR,0.43892220723651665,0.6100707946949778,0.4430712189088878,0.9791111016259221,0.13756872327372197,0.22984296581988137,0.8567895507810408
0-49-2_png_jpg.rf.cb2d9fce43ce226c3e1da53f4352a55d.jpg,4,AND,0.0,0.0,0.0,0.0,0.0,0.0,0.8855786132810338
0-49-2_png_jpg.rf.cb2d9fce43ce226c3e1da53f4352a55d.jpg,4,weighted_mean,0.43892220723651665,0.6100707946949778,0.4430712189088878,0.9791111016259221,0.13756872327372197,0.22984296581988137,0.8567895507810408
0-49-45_png_jpg.rf.024cc34284ae0afaa6e5ad939e6a6927.jpg,3,OR,0.9383350675759026,0.9681866497409986,0.987292417871406,0.9498063009938665,0.2365430622004128,0.3792759902311239,0.9492163085935182
0-49-45_png_jpg.rf.024cc34284ae0afaa6e5ad939e6a6927.jpg,3,AND,0.0,0.0,0.0,0.0,0.0,0.0,0.18640380859370448
0-49-45_png_jpg.rf.024cc34284ae0afaa6e5ad939e6a6927.jpg,3,weighted_mean,0.9383350675759026,0.9681866497409986,0.987292417871406,0.9498063009938665,0.2365430622004128,0.3792759902311239,0.9492163085935182
0-49-45_png_jpg.rf.d82c36274956fd55ba47ded671a957ce.jpg,2,OR,0.9401514213386764,0.9691526248915,0.9909242952666737,0.948317080751381,0.25073711522526065,0.4280850039648334,0.9492626953122683
0-49-45_png_jpg.rf.d82c36274956fd55ba47ded671a957ce.jpg,2,AND,0.0,0.0,0.0,0.0,0.0,0.0,0.15953857421871104
0-49-45_png_jpg.rf.d82c36274956fd55ba47ded671a957ce.jpg,2,weighted_mean,0.9401514213386764,0.9691526248915,0.9909242952666737,0.948317080751381,0.25073711522526065,0.4280850039648334,0.9492626953122683
0-5-11_png_jpg.rf.0c2a5deba500300636aabc1d5d588fa2.jpg,3,OR,0.876463052102844,0.9341649984748086,0.9605501710751775,0.9091906119751375,0.37139185448610423,0.5649489214422799,0.9757519531247618
0-5-11_png_jpg.rf.0c2a5deba500300636aabc1d5d588fa2.jpg,3,AND,0.0,0.0,0.0,0.0,0.0,0.0,0.810783691406052
0-5-11_png_jpg.rf.0c2a5deba500300636aabc1d5d588fa2.jpg,3,weighted_mean,0.876463052102844,0.9341649984748086,0.9605501710751775,0.9091906119751375,0.37139185448610423,0.5649489214422799,0.9757519531247618
0-51-37_png_jpg.rf.7aacd08beb69d968393836a7b41a95cb.jpg,2,OR,0.9822677444640401,0.991054560825357,0.9847684866660521,0.9974214023601483,0.3003317392602631,0.4534773982840313,0.98315673828101
0-51-37_png_jpg.rf.7aacd08beb69d968393836a7b41a95cb.jpg,2,AND,0.34646466491480427,0.5146286775178409,0.9994204120336014,0.34653429169463285,0.06071263632789544,0.13246650396068518,0.38853759765615514
0-51-37_png_jpg.rf.7aacd08beb69d968393836a7b41a95cb.jpg,2,weighted_mean,0.9822677444640401,0.991054560825357,0.9847684866660521,0.9974214023601483,0.3003317392602631,0.4534773982840313,0.98315673828101
0-51-37_png_jpg.rf.f6772a97ba0d0fb066b29c9f6a9b9ce7.jpg,3,OR,0.969605122731865,0.9845680350252254,0.9868834829645536,0.9822634267640667,0.29883716407926403,0.5229669378445889,0.9721874999997626
0-51-37_png_jpg.rf.f6772a97ba0d0fb066b29c9f6a9b9ce7.jpg,3,AND,0.18158229045593383,0.3073544549924952,0.9999999999985114,0.18158229045593383,0.0,0.0,0.26076660156243636
0-51-37_png_jpg.rf.f6772a97ba0d0fb066b29c9f6a9b9ce7.jpg,3,weighted_mean,0.969605122731865,0.9845680350252254,0.9868834829645536,0.9822634267640667,0.29883716407926403,0.5229669378445889,0.9721874999997626
0-52-40_png_jpg.rf.5f5ce8d1f8c2c923e1c161dd7fc695ef.jpg,1,OR,0.8706276617966164,0.9308401448104697,0.9716378369879098,0.8933304677921532,0.4872131147461113,0.6882251049610585,0.9954760742185069
0-52-40_png_jpg.rf.5f5ce8d1f8c2c923e1c161dd7fc695ef.jpg,1,AND,0.8706276617966164,0.9308401448104697,0.9716378369879098,0.8933304677921532,0.4872131147461113,0.6882251049610585,0.9954760742185069
0-52-40_png_jpg.rf.5f5ce8d1f8c2c923e1c161dd7fc695ef.jpg,1,weighted_mean,0.8706276617966164,0.9308401448104697,0.9716378369879098,0.8933304677921532,0.4872131147461113,0.6882251049610585,0.9954760742185069
0-52-45_png_jpg.rf.335c0c73abcfbc0f902b8be4c21ec05e.jpg,2,OR,0.9435724116834551,0.9709670769263136,0.9782223363739054,0.9638186464715405,0.3623480863405534,0.5576833467001261,0.9549584960935169
0-52-45_png_jpg.rf.335c0c73abcfbc0f902b8be4c21ec05e.jpg,2,AND,0.0,0.0,0.0,0.0,0.0,0.0,0.21854980468744664
0-52-45_png_jpg.rf.335c0c73abcfbc0f902b8be4c21ec05e.jpg,2,weighted_mean,0.9435724116834551,0.9709670769263136,0.9782223363739054,0.9638186464715405,0.3623480863405534,0.5576833467001261,0.9549584960935169
0-52-45_png_jpg.rf.cbd3bc7ae21a9875bfa622d7477508b2.jpg,3,OR,0.8827433333330391,0.9377203123808808,0.9145861753377028,0.9620551607884091,0.17579466052712994,0.3370508391582277,0.9141186523435268
0-52-45_png_jpg.rf.cbd3bc7ae21a9875bfa622d7477508b2.jpg,3,AND,0.0,0.0,0.0,0.0,0.0,0.0,0.32795898437491994
0-52-45_png_jpg.rf.cbd3bc7ae21a9875bfa622d7477508b2.jpg,3,weighted_mean,0.8827433333330391,0.9377203123808808,0.9145861753377028,0.9620551607884091,0.17579466052712994,0.3370508391582277,0.9141186523435268
0-52-58_png_jpg.rf.6ba9117add84dbd6a21e484f2404da1a.jpg,3,OR,0.8387043448705184,0.9122775471872613,0.8590914649625513,0.9724837074573279,0.32146335873396703,0.5083907018871522,0.9571215820310163
0-52-58_png_jpg.rf.6ba9117add84dbd6a21e484f2404da1a.jpg,3,AND,0.0,0.0,0.0,0.0,0.0,0.0,0.7707324218748118
0-52-58_png_jpg.rf.6ba9117add84dbd6a21e484f2404da1a.jpg,3,weighted_mean,0.8387043448705184,0.9122775471872613,0.8590914649625513,0.9724837074573279,0.32146335873396703,0.5083907018871522,0.9571215820310163
0-52-58_png_jpg.rf.c098aa9f957b5b15154d51201651c4cd.jpg,3,OR,0.11289249166796389,0.20288121721221178,0.11350123062871917,0.954646774511808,0.16856747883137904,0.3171530314332741,0.17015380859370846
0-52-58_png_jpg.rf.c098aa9f957b5b15154d51201651c4cd.jpg,3,AND,0.0,0.0,0.0,0.0,0.0,0.0,0.8893774414060329
0-52-58_png_jpg.rf.c098aa9f957b5b15154d51201651c4cd.jpg,3,weighted_mean,0.11289249166796389,0.20288121721221178,0.11350123062871917,0.954646774511808,0.16856747883137904,0.3171530314332741,0.17015380859370846
0-52-58_png_jpg.rf.d55622b6fcdc61a258337657c4c1742a.jpg,3,OR,0.055018680644606306,0.10429896958979043,0.055151384723724585,0.9580986599293159,0.1654668249956751,0.3256309021121675,0.17254150390620787
0-52-58_png_jpg.rf.d55622b6fcdc61a258337657c4c1742a.jpg,3,AND,0.0,0.0,0.0,0.0,0.0,0.0,0.9497167968747682
0-52-58_png_jpg.rf.d55622b6fcdc61a258337657c4c1742a.jpg,3,weighted_mean,0.055018680644606306,0.10429896958979043,0.055151384723724585,0.9580986599293159,0.1654668249956751,0.3256309021121675,0.17254150390620787
0-53-9_png_jpg.rf.d59ca1fd938d7fd40975fb2bf73a5630.jpg,3,OR,0.9526430994565984,0.9757472829742514,0.9915839742675319,0.9604084984632403,0.2632672280072478,0.48209094619362214,0.9560009765622666
0-53-9_png_jpg.rf.d59ca1fd938d7fd40975fb2bf73a5630.jpg,3,AND,0.0,0.0,0.0,0.0,0.0,0.0,0.07841796874998086
0-53-9_png_jpg.rf.d59ca1fd938d7fd40975fb2bf73a5630.jpg,3,weighted_mean,0.9526430994565984,0.9757472829742514,0.9915839742675319,0.9604084984632403,0.2632672280072478,0.48209094619362214,0.9560009765622666
0-56-28_png_jpg.rf.5c1e7010a80cccb372761bc76c7bf725.jpg,1,OR,0.8988702960710991,0.9467421739451369,0.9413573217940439,0.9521889865349672,0.1169217007950774,0.20375106672129784,0.954584960937267
0-56-28_png_jpg.rf.5c1e7010a80cccb372761bc76c7bf725.jpg,1,AND,0.8988702960710991,0.9467421739451369,0.9413573217940439,0.9521889865349672,0.1169217007950774,0.20375106672129784,0.954584960937267
0-56-28_png_jpg.rf.5c1e7010a80cccb372761bc76c7bf725.jpg,1,weighted_mean,0.8988702960710991,0.9467421739451369,0.9413573217940439,0.9521889865349672,0.1169217007950774,0.20375106672129784,0.954584960937267
0-56-28_png_jpg.rf.62416bde8871e032421b722ee2145dec.jpg,2,OR,0.9452892727406317,0.9718752742710143,0.9681511763919732,0.9756281330694361,0.31055126968695534,0.47735834297602125,0.9773120117185113
0-56-28_png_jpg.rf.62416bde8871e032421b722ee2145dec.jpg,2,AND,0.5882125743801594,0.7407227267542879,0.9885694000699948,0.5922406197778568,0.15852613538924173,0.29548741198113654,0.8334130859372966
0-56-28_png_jpg.rf.62416bde8871e032421b722ee2145dec.jpg,2,weighted_mean,0.9452892727406317,0.9718752742710143,0.9681511763919732,0.9756281330694361,0.31055126968695534,0.47735834297602125,0.9773120117185113
0-57-29_png_jpg.rf.0069b1a0f7a6b4743c7b2c11ceb10678.jpg,5,OR,0.8687243683335526,0.9297512068173471,0.8854374158812207,0.9787342568462352,0.2716634212097969,0.4432383853717205,0.9150512695310266
0-57-29_png_jpg.rf.0069b1a0f7a6b4743c7b2c11ceb10678.jpg,5,AND,0.0,0.0,0.0,0.0,0.0,0.0,0.4256323242186461
0-57-29_png_jpg.rf.0069b1a0f7a6b4743c7b2c11ceb10678.jpg,5,weighted_mean,0.8687243683335526,0.9297512068173471,0.8854374158812207,0.9787342568462352,0.2716634212097969,0.4432383853717205,0.9150512695310266
0-57-29_png_jpg.rf.46f79d5be9ca72a7444c0f4890df566f.jpg,6,OR,0.8247305448429574,0.903947760587234,0.8388865033400881,0.9799493876808804,0.22441208158371212,0.3720600689221092,0.8874877929685333
0-57-29_png_jpg.rf.46f79d5be9ca72a7444c0f4890df566f.jpg,6,AND,0.0,0.0,0.0,0.0,0.0,0.0,0.45974121093738773
0-57-29_png_jpg.rf.46f79d5be9ca72a7444c0f4890df566f.jpg,6,weighted_mean,0.8247305448429574,0.903947760587234,0.8388865033400881,0.9799493876808804,0.22441208158371212,0.3720600689221092,0.8874877929685333
0-57-29_png_jpg.rf.8701f38a921eacded42090f4d4435400.jpg,7,OR,0.8706270351504026,0.9308397866498302,0.8893769457116546,0.9763576779022408,0.17572544642824456,0.30459800414864235,0.909208984374778
0-57-29_png_jpg.rf.8701f38a921eacded42090f4d4435400.jpg,7,AND,0.0,0.0,0.0,0.0,0.0,0.0,0.3742187499999086
0-57-29_png_jpg.rf.8701f38a921eacded42090f4d4435400.jpg,7,weighted_mean,0.8706270351504026,0.9308397866498302,0.8893769457116546,0.9763576779022408,0.17572544642824456,0.30459800414864235,0.909208984374778
0-57-29_png_jpg.rf.901a1d781c19892d4d408fae896adbe2.jpg,5,OR,0.8792926783825687,0.9357698122246083,0.9040908927648529,0.9697493739695783,0.26225453172155916,0.45373140302825526,0.9240722656247744
0-57-29_png_jpg.rf.901a1d781c19892d4d408fae896adbe2.jpg,5,AND,0.0,0.0,0.0,0.0,0.0,0.0,0.4296508789061451
0-57-29_png_jpg.rf.901a1d781c19892d4d408fae896adbe2.jpg,5,weighted_mean,0.8792926783825687,0.9357698122246083,0.9040908927648529,0.9697493739695783,0.26225453172155916,0.45373140302825526,0.9240722656247744
0-57-29_png_jpg.rf.e6a5b82ca0c196f153ea0b816a057c75.jpg,6,OR,0.7915746896584975,0.8836636219831663,0.8028757507109358,0.9825287393369372,0.23152816069273036,0.4001499821754385,0.8432495117185441
0-57-29_png_jpg.rf.e6a5b82ca0c196f153ea0b816a057c75.jpg,6,AND,0.0,0.0,0.0,0.0,0.0,0.0,0.3940942382811538
0-57-29_png_jpg.rf.e6a5b82ca0c196f153ea0b816a057c75.jpg,6,weighted_mean,0.7915746896584975,0.8836636219831663,0.8028757507109358,0.9825287393369372,0.23152816069273036,0.4001499821754385,0.8432495117185441
0-57-57_png_jpg.rf.400d7d668e8dbcc69463de6b5edc97fb.jpg,5,OR,0.8849143064073859,0.938943805985554,0.9076898349878892,0.9724268293145842,0.34292170982008785,0.5345974516397103,0.9193090820310256
0-57-57_png_jpg.rf.400d7d668e8dbcc69463de6b5edc97fb.jpg,5,AND,0.0,0.0,0.0,0.0,0.0,0.0,0.3619604492186616
0-57-57_png_jpg.rf.400d7d668e8dbcc69463de6b5edc97fb.jpg,5,weighted_mean,0.8849143064073859,0.938943805985554,0.9076898349878892,0.9724268293145842,0.34292170982008785,0.5345974516397103,0.9193090820310256
0-57-57_png_jpg.rf.9332353a337a81d8a390a4eae12d8f7a.jpg,6,OR,0.8947700130319202,0.9444629236032209,0.9197448172870843,0.9705463182894114,0.33462347183652214,0.5487031862592193,0.9278491210935235
0-57-57_png_jpg.rf.9332353a337a81d8a390a4eae12d8f7a.jpg,6,AND,0.0,0.0,0.0,0.0,0.0,0.0,0.36788330078116016
0-57-57_png_jpg.rf.9332353a337a81d8a390a4eae12d8f7a.jpg,6,weighted_mean,0.8947700130319202,0.9444629236032209,0.9197448172870843,0.9705463182894114,0.33462347183652214,0.5487031862592193,0.9278491210935235
0-57-57_png_jpg.rf.9bad1a0a02be9ee66e28206fcc8a9de9.jpg,7,OR,0.8795282765605782,0.9359032130871275,0.9071251135779578,0.9665670798338881,0.3285619828797359,0.5232816008173538,0.9222119140622749
0-57-57_png_jpg.rf.9bad1a0a02be9ee66e28206fcc8a9de9.jpg,7,AND,0.0,0.0,0.0,0.0,0.0,0.0,0.4124487304686493
0-57-57_png_jpg.rf.9bad1a0a02be9ee66e28206fcc8a9de9.jpg,7,weighted_mean,0.8795282765605782,0.9359032130871275,0.9071251135779578,0.9665670798338881,0.3285619828797359,0.5232816008173538,0.9222119140622749
0-57-57_png_jpg.rf.d1c5dcaf7de31334af86f2bd3bdd2752.jpg,5,OR,0.8504193284129988,0.9191639055590237,0.9148215619402289,0.9235476690093896,0.28789258485495045,0.4721616307336816,0.9005883789060302
0-57-57_png_jpg.rf.d1c5dcaf7de31334af86f2bd3bdd2752.jpg,5,AND,0.0,0.0,0.0,0.0,0.0,0.0,0.3880224609374053
0-57-57_png_jpg.rf.d1c5dcaf7de31334af86f2bd3bdd2752.jpg,5,weighted_mean,0.8504193284129988,0.9191639055590237,0.9148215619402289,0.9235476690093896,0.28789258485495045,0.4721616307336816,0.9005883789060302
0-57-57_png_jpg.rf.d30fb18f76779c00359a67c71027d600.jpg,5,OR,0.8534020981965111,0.920903347446224,0.8959608027704782,0.9472744053108597,0.3217240459027761,0.5033795585128241,0.9065917968747786
0-57-57_png_jpg.rf.d30fb18f76779c00359a67c71027d600.jpg,5,AND,0.0,0.0,0.0,0.0,0.0,0.0,0.425969238281146
0-57-57_png_jpg.rf.d30fb18f76779c00359a67c71027d600.jpg,5,weighted_mean,0.8534020981965111,0.920903347446224,0.8959608027704782,0.9472744053108597,0.3217240459027761,0.5033795585128241,0.9065917968747786
0-58-9_png_jpg.rf.cec9bdb09baed6bb02ce8ee158cf4c51.jpg,3,OR,0.9563573760272195,0.977691895914536,0.9918198675494061,0.9639607631108973,0.37105166569430004,0.5566585084245868,0.958286132812266
0-58-9_png_jpg.rf.cec9bdb09baed6bb02ce8ee158cf4c51.jpg,3,AND,0.0,0.0,0.0,0.0,0.0,0.0,0.05173339843748737
0-58-9_png_jpg.rf.cec9bdb09baed6bb02ce8ee158cf4c51.jpg,3,weighted_mean,0.9563573760272195,0.977691895914536,0.9918198675494061,0.9639607631108973,0.37105166569430004,0.5566585084245868,0.958286132812266
0-59-15_png_jpg.rf.4dcc8ed2e66e764ee1045e2a93e6b5cf.jpg,4,OR,0.955368158697374,0.9771747120335851,0.967879040897896,0.9866506690045336,0.39066502462957964,0.5919264072129756,0.9561059570310165
0-59-15_png_jpg.rf.4dcc8ed2e66e764ee1045e2a93e6b5cf.jpg,4,AND,0.0,0.0,0.0,0.0,0.0,0.0,0.04771240234373835
0-59-15_png_jpg.rf.4dcc8ed2e66e764ee1045e2a93e6b5cf.jpg,4,weighted_mean,0.955368158697374,0.9771747120335851,0.967879040897896,0.9866506690045336,0.39066502462957964,0.5919264072129756,0.9561059570310165
0-59-44_png_jpg.rf.09f5fee9e4713bf69dc9f5d934ab8285.jpg,4,OR,0.9529024816415173,0.9758833230019275,0.9795034337028293,0.9722898726356747,0.3981971732367781,0.6408992509704168,0.9597265624997657
0-59-44_png_jpg.rf.09f5fee9e4713bf69dc9f5d934ab8285.jpg,4,AND,0.0,0.0,0.0,0.0,0.0,0.0,0.16194335937496046
0-59-44_png_jpg.rf.09f5fee9e4713bf69dc9f5d934ab8285.jpg,4,weighted_mean,0.9529024816415173,0.9758833230019275,0.9795034337028293,0.9722898726356747,0.3981971732367781,0.6408992509704168,0.9597265624997657
0-59-44_png_jpg.rf.17094e742d2f493881f47bdea850e83d.jpg,3,OR,0.9474848918659372,0.9730343951044741,0.9860735163657547,0.9603356132138121,0.3095887116164724,0.49456942203495535,0.9530712890622673
0-59-44_png_jpg.rf.17094e742d2f493881f47bdea850e83d.jpg,3,AND,0.0,0.0,0.0,0.0,0.0,0.0,0.1183349609374711
0-59-44_png_jpg.rf.17094e742d2f493881f47bdea850e83d.jpg,3,weighted_mean,0.9474848918659372,0.9730343951044741,0.9860735163657547,0.9603356132138121,0.3095887116164724,0.49456942203495535,0.9530712890622673
0-59-44_png_jpg.rf.76b62e20d8f4d2a504f4dc16ed39fd1e.jpg,3,OR,0.9458497325165452,0.9721714032802405,0.9729105829935212,0.9714333459140979,0.3118078689107954,0.5148280288048451,0.9528735351560174
0-59-44_png_jpg.rf.76b62e20d8f4d2a504f4dc16ed39fd1e.jpg,3,AND,0.0,0.0,0.0,0.0,0.0,0.0,0.15262939453121274
0-59-44_png_jpg.rf.76b62e20d8f4d2a504f4dc16ed39fd1e.jpg,3,weighted_mean,0.9458497325165452,0.9721714032802405,0.9729105829935212,0.9714333459140979,0.3118078689107954,0.5148280288048451,0.9528735351560174
0-6-57_png_jpg.rf.75642c35ebc33d4f72729ae34246b6de.jpg,8,OR,0.5835325527417388,0.7370010193114207,0.6153258749488322,0.9186571981911203,0.17918938645790394,0.30508316489687853,0.8834643554685343
0-6-57_png_jpg.rf.75642c35ebc33d4f72729ae34246b6de.jpg,8,AND,0.0,0.0,0.0,0.0,0.0,0.0,0.8222583007810492
0-6-57_png_jpg.rf.75642c35ebc33d4f72729ae34246b6de.jpg,8,weighted_mean,0.5835325527417388,0.7370010193114207,0.6153258749488322,0.9186571981911203,0.17918938645790394,0.30508316489687853,0.8834643554685343
0-6-57_png_jpg.rf.bb5a0f0f09979c9280649ec37edb1599.jpg,8,OR,0.6746303276305454,0.8057065687865429,0.736468949799818,0.8893135606165096,0.3482101141336503,0.5565256803459139,0.9178076171872759
0-6-57_png_jpg.rf.bb5a0f0f09979c9280649ec37edb1599.jpg,8,AND,0.0,0.0,0.0,0.0,0.0,0.0,0.8083691406248027
0-6-57_png_jpg.rf.bb5a0f0f09979c9280649ec37edb1599.jpg,8,weighted_mean,0.6746303276305454,0.8057065687865429,0.736468949799818,0.8893135606165096,0.3482101141336503,0.5565256803459139,0.9178076171872759
0-60-42_png_jpg.rf.fef1e76911bf12f5443307362ab6eeb6.jpg,6,OR,0.5832112840394215,0.7367447287912328,0.5997643889892164,0.9548152164715998,0.14328914585643834,0.2552197916068747,0.6651220703123376
0-60-42_png_jpg.rf.fef1e76911bf12f5443307362ab6eeb6.jpg,6,AND,0.0,0.0,0.0,0.0,0.0,0.0,0.5092309570311256
0-60-42_png_jpg.rf.fef1e76911bf12f5443307362ab6eeb6.jpg,6,weighted_mean,0.5832112840394215,0.7367447287912328,0.5997643889892164,0.9548152164715998,0.14328914585643834,0.2552197916068747,0.6651220703123376
0-62-39_png_jpg.rf.6731508108471bf5520a187fd8833f13.jpg,2,OR,0.8562538605492295,0.9225611633700582,0.9535332587282183,0.8935378043726913,0.2281217709235032,0.38555054220699453,0.9619335937497652
0-62-39_png_jpg.rf.6731508108471bf5520a187fd8833f13.jpg,2,AND,0.0,0.0,0.0,0.0,0.0,0.0,0.7462329101560679
0-62-39_png_jpg.rf.6731508108471bf5520a187fd8833f13.jpg,2,weighted_mean,0.8562538605492295,0.9225611633700582,0.9535332587282183,0.8935378043726913,0.2281217709235032,0.38555054220699453,0.9619335937497652
0-62-39_png_jpg.rf.75f09082e2c292696f38408edee2ca2e.jpg,1,OR,0.8588056140206415,0.924040262782534,0.9226392680731481,0.9254455186820743,0.27722031511188616,0.4795232430364002,0.9644604492185145
0-62-39_png_jpg.rf.75f09082e2c292696f38408edee2ca2e.jpg,1,AND,0.8588056140206415,0.924040262782534,0.9226392680731481,0.9254455186820743,0.27722031511188616,0.4795232430364002,0.9644604492185145
0-62-39_png_jpg.rf.75f09082e2c292696f38408edee2ca2e.jpg,1,weighted_mean,0.8588056140206415,0.924040262782534,0.9226392680731481,0.9254455186820743,0.27722031511188616,0.4795232430364002,0.9644604492185145
0-62-49_png_jpg.rf.4a5f8f28090f278891bfb5e080bb9e62.jpg,2,OR,0.823554410705363,0.9032408420287351,0.9745871437212237,0.8416280368357146,0.23478160187502595,0.4050069057498584,0.950332031249768
0-62-49_png_jpg.rf.4a5f8f28090f278891bfb5e080bb9e62.jpg,2,AND,0.0,0.0,0.0,0.0,0.0,0.0,0.7245532226560731
0-62-49_png_jpg.rf.4a5f8f28090f278891bfb5e080bb9e62.jpg,2,weighted_mean,0.823554410705363,0.9032408420287351,0.9745871437212237,0.8416280368357146,0.23478160187502595,0.4050069057498584,0.950332031249768
0-62-49_png_jpg.rf.81dfb5404a0d714de5002b876d133499.jpg,6,OR,0.7370246539381174,0.8486058643637127,0.8361589932194478,0.861428897511197,0.14151724137898503,0.2610471684345076,0.9178124999997759
0-62-49_png_jpg.rf.81dfb5404a0d714de5002b876d133499.jpg,6,AND,0.0,0.0,0.0,0.0,0.0,0.0,0.7326049804685711
0-62-49_png_jpg.rf.81dfb5404a0d714de5002b876d133499.jpg,6,weighted_mean,0.7370246539381174,0.8486058643637127,0.8361589932194478,0.861428897511197,0.14151724137898503,0.2610471684345076,0.9178124999997759
0-63-15_png_jpg.rf.52940eeca5a67cf8b54048e829af7027.jpg,1,OR,0.953410752505628,0.9761497946939156,0.9723129455684308,0.9800170450056281,0.23621087314584444,0.2900967804325863,0.9570605468747664
0-63-15_png_jpg.rf.52940eeca5a67cf8b54048e829af7027.jpg,1,AND,0.953410752505628,0.9761497946939156,0.9723129455684308,0.9800170450056281,0.23621087314584444,0.2900967804325863,0.9570605468747664
0-63-15_png_jpg.rf.52940eeca5a67cf8b54048e829af7027.jpg,1,weighted_mean,0.953410752505628,0.9761497946939156,0.9723129455684308,0.9800170450056281,0.23621087314584444,0.2900967804325863,0.9570605468747664
0-63-9_png_jpg.rf.4130e9f0df98d89dbc619dd471deac05.jpg,5,OR,0.7293372536020575,0.8434875870312885,0.7467684893463673,0.9689878326623649,0.14032479193592923,0.2739267631631628,0.782670898437309
0-63-9_png_jpg.rf.4130e9f0df98d89dbc619dd471deac05.jpg,5,AND,0.0,0.0,0.0,0.0,0.0,0.0,0.3956347656249034
0-63-9_png_jpg.rf.4130e9f0df98d89dbc619dd471deac05.jpg,5,weighted_mean,0.7293372536020575,0.8434875870312885,0.7467684893463673,0.9689878326623649,0.14032479193592923,0.2739267631631628,0.782670898437309
0-63-9_png_jpg.rf.82adc955d8907d03eaca2cffccadc4f3.jpg,4,OR,0.9073372472274215,0.9514177406710446,0.9283780608918827,0.9756300799889526,0.18339035380469085,0.3223796254021461,0.913298339843527
0-63-9_png_jpg.rf.82adc955d8907d03eaca2cffccadc4f3.jpg,4,AND,0.0,0.0,0.0,0.0,0.0,0.0,0.1298266601562183
0-63-9_png_jpg.rf.82adc955d8907d03eaca2cffccadc4f3.jpg,4,weighted_mean,0.9073372472274215,0.9514177406710446,0.9283780608918827,0.9756300799889526,0.18339035380469085,0.3223796254021461,0.913298339843527
0-63-9_png_jpg.rf.de7853bdb6f39ebe53b20e64a610ff98.jpg,3,OR,0.69638485026376,0.8210222464029711,0.7007486636532566,0.9911368479431244,0.1522831428409467,0.29267795145517034,0.7108740234373264
0-63-9_png_jpg.rf.de7853bdb6f39ebe53b20e64a610ff98.jpg,3,AND,0.0,0.0,0.0,0.0,0.0,0.0,0.3309179687499192
0-63-9_png_jpg.rf.de7853bdb6f39ebe53b20e64a610ff98.jpg,3,weighted_mean,0.69638485026376,0.8210222464029711,0.7007486636532566,0.9911368479431244,0.1522831428409467,0.29267795145517034,0.7108740234373264
0-63-9_png_jpg.rf.ea662b5d88f951cb7cf7d1306292f543.jpg,3,OR,0.7463902090443989,0.8547805698622343,0.8153696510105337,0.8981948472953768,0.18199805939730598,0.3283089970179387,0.7816503906248091
0-63-9_png_jpg.rf.ea662b5d88f951cb7cf7d1306292f543.jpg,3,AND,0.0,0.0,0.0,0.0,0.0,0.0,0.28454589843743056
0-63-9_png_jpg.rf.ea662b5d88f951cb7cf7d1306292f543.jpg,3,weighted_mean,0.7463902090443989,0.8547805698622343,0.8153696510105337,0.8981948472953768,0.18199805939730598,0.3283089970179387,0.7816503906248091
0-63-9_png_jpg.rf.fafcc3933e10fac31f76b6ba08f97518.jpg,5,OR,0.828181499059391,0.9060167160487016,0.9591724757963518,0.8584432065930291,0.16886213268131198,0.29686709576896375,0.8530175781247917
0-63-9_png_jpg.rf.fafcc3933e10fac31f76b6ba08f97518.jpg,5,AND,0.0,0.0,0.0,0.0,0.0,0.0,0.17470458984370735
0-63-9_png_jpg.rf.fafcc3933e10fac31f76b6ba08f97518.jpg,5,weighted_mean,0.828181499059391,0.9060167160487016,0.9591724757963518,0.8584432065930291,0.16886213268131198,0.29686709576896375,0.8530175781247917
0-65-37_png_jpg.rf.08e1cccc78a0a5d1568c14984814b3a5.jpg,2,OR,0.9364493292348797,0.9671818571208212,0.9730152736661201,0.9614179686829759,0.1456371970462338,0.2434086294779441,0.9440698242185195
0-65-37_png_jpg.rf.08e1cccc78a0a5d1568c14984814b3a5.jpg,2,AND,0.0,0.0,0.0,0.0,0.0,0.0,0.14276855468746513
0-65-37_png_jpg.rf.08e1cccc78a0a5d1568c14984814b3a5.jpg,2,weighted_mean,0.9364493292348797,0.9671818571208212,0.9730152736661201,0.9614179686829759,0.1456371970462338,0.2434086294779441,0.9440698242185195
0-65-37_png_jpg.rf.3ab0cff8f706179cfc0886ee72fa565b.jpg,1,OR,0.9482914542193651,0.9734595428888984,0.9731879519441515,0.9737312854633418,0.24480060501979464,0.39172000565124176,0.9544921874997669
0-65-37_png_jpg.rf.3ab0cff8f706179cfc0886ee72fa565b.jpg,1,AND,0.9482914542193651,0.9734595428888984,0.9731879519441515,0.9737312854633418,0.24480060501979464,0.39172000565124176,0.9544921874997669
0-65-37_png_jpg.rf.3ab0cff8f706179cfc0886ee72fa565b.jpg,1,weighted_mean,0.9482914542193651,0.9734595428888984,0.9731879519441515,0.9737312854633418,0.24480060501979464,0.39172000565124176,0.9544921874997669
0-66-35_png_jpg.rf.0e0881e3bcd6561c57a777808b6dd1c8.jpg,4,OR,0.9035477085642701,0.9493302474102538,0.9105376918388147,0.9915753312609461,0.23280898876346365,0.41031032455754834,0.9146948242185267
0-66-35_png_jpg.rf.0e0881e3bcd6561c57a777808b6dd1c8.jpg,4,AND,0.0,0.0,0.0,0.0,0.0,0.0,0.19408691406245263
0-66-35_png_jpg.rf.0e0881e3bcd6561c57a777808b6dd1c8.jpg,4,weighted_mean,0.9035477085642701,0.9493302474102538,0.9105376918388147,0.9915753312609461,0.23280898876346365,0.41031032455754834,0.9146948242185267
0-67-2_png_jpg.rf.34c0e3eb8c2334c9859f85f856a6596d.jpg,7,OR,0.8559394211062833,0.9223786200910343,0.8638610981849233,0.9894000910463379,0.17018907902503064,0.29843899807670954,0.8901538085935327
0-67-2_png_jpg.rf.34c0e3eb8c2334c9859f85f856a6596d.jpg,7,AND,0.0,0.0,0.0,0.0,0.0,0.0,0.3403540039061669
0-67-2_png_jpg.rf.34c0e3eb8c2334c9859f85f856a6596d.jpg,7,weighted_mean,0.8559394211062833,0.9223786200910343,0.8638610981849233,0.9894000910463379,0.17018907902503064,0.29843899807670954,0.8901538085935327
0-67-2_png_jpg.rf.69c29968d2b90bae8c61fc6c4c301503.jpg,4,OR,0.7899561273254232,0.8826541782404314,0.8535347687867053,0.9138306575854472,0.17455348922818165,0.30497578845720946,0.8325048828122967
0-67-2_png_jpg.rf.69c29968d2b90bae8c61fc6c4c301503.jpg,4,AND,0.0,0.0,0.0,0.0,0.0,0.0,0.3106665039061742
0-67-2_png_jpg.rf.69c29968d2b90bae8c61fc6c4c301503.jpg,4,weighted_mean,0.7899561273254232,0.8826541782404314,0.8535347687867053,0.9138306575854472,0.17455348922818165,0.30497578845720946,0.8325048828122967
0-67-2_png_jpg.rf.9c988645396ab70a3e39be2279eef4e5.jpg,4,OR,0.9016427864061457,0.9482777657839008,0.9188922459770558,0.9796048308287182,0.23599474289420896,0.37399897123002224,0.9233764648435245
0-67-2_png_jpg.rf.9c988645396ab70a3e39be2279eef4e5.jpg,4,AND,0.0,0.0,0.0,0.0,0.0,0.0,0.28296630859368094
0-67-2_png_jpg.rf.9c988645396ab70a3e39be2279eef4e5.jpg,4,weighted_mean,0.9016427864061457,0.9482777657839008,0.9188922459770558,0.9796048308287182,0.23599474289420896,0.37399897123002224,0.9233764648435245
0-67-2_png_jpg.rf.fcdf51c47ad38821ace4aad8b0ab3e8f.jpg,4,OR,0.8154150482374437,0.898323553095053,0.8820202282575833,0.9152409317867849,0.16791099668965076,0.31374876846790445,0.8498706054685425
0-67-2_png_jpg.rf.fcdf51c47ad38821ace4aad8b0ab3e8f.jpg,4,AND,0.0,0.0,0.0,0.0,0.0,0.0,0.2753759765624328
0-67-2_png_jpg.rf.fcdf51c47ad38821ace4aad8b0ab3e8f.jpg,4,weighted_mean,0.8154150482374437,0.898323553095053,0.8820202282575833,0.9152409317867849,0.16791099668965076,0.31374876846790445,0.8498706054685425
0-67-2_png_jpg.rf.fe57ad161748021793d989d473240e4b.jpg,3,OR,0.8204385551686536,0.9013636333280631,0.8425367893756831,0.9690217996069506,0.15675610965718065,0.2924633372459104,0.8557568359372911
0-67-2_png_jpg.rf.fe57ad161748021793d989d473240e4b.jpg,3,AND,0.00018306931865900536,0.0003660716208358039,0.9999999980392157,0.00018306931865900536,0.0,0.0,0.31999023437492186
0-67-2_png_jpg.rf.fe57ad161748021793d989d473240e4b.jpg,3,weighted_mean,0.8204385551686536,0.9013636333280631,0.8425367893756831,0.9690217996069506,0.15675610965718065,0.2924633372459104,0.8557568359372911
0-68-9_png_jpg.rf.66bf30a139a14d1f90d923ec557f6f17.jpg,4,OR,0.9313622267562613,0.9644614706175463,0.9563527300331965,0.9727088921204572,0.22450800022258552,0.3992731800789781,0.9358593749997716
0-68-9_png_jpg.rf.66bf30a139a14d1f90d923ec557f6f17.jpg,4,AND,0.0,0.0,0.0,0.0,0.0,0.0,0.10524169921872431
0-68-9_png_jpg.rf.66bf30a139a14d1f90d923ec557f6f17.jpg,4,weighted_mean,0.9313622267562613,0.9644614706175463,0.9563527300331965,0.9727088921204572,0.22450800022258552,0.3992731800789781,0.9358593749997716
0-68-9_png_jpg.rf.9dad5e3924f3bb99a9070332d85148d2.jpg,4,OR,0.9231784899769527,0.9600549244787113,0.9477231510226473,0.9727118508923368,0.2580436030891547,0.4164052614156657,0.9281249999997734
0-68-9_png_jpg.rf.9dad5e3924f3bb99a9070332d85148d2.jpg,4,AND,0.0,0.0,0.0,0.0,0.0,0.0,0.11203369140622264
0-68-9_png_jpg.rf.9dad5e3924f3bb99a9070332d85148d2.jpg,4,weighted_mean,0.9231784899769527,0.9600549244787113,0.9477231510226473,0.9727118508923368,0.2580436030891547,0.4164052614156657,0.9281249999997734
0-68-9_png_jpg.rf.f38ca677e7dfc38f8c8deff7a8736455.jpg,4,OR,0.8861166511794059,0.9396201985972703,0.9159714067333815,0.9645224952971215,0.1550688628171144,0.25628522441955653,0.9018579101560298
0-68-9_png_jpg.rf.f38ca677e7dfc38f8c8deff7a8736455.jpg,4,AND,0.0,0.0,0.0,0.0,0.0,0.0,0.20827636718744916
0-68-9_png_jpg.rf.f38ca677e7dfc38f8c8deff7a8736455.jpg,4,weighted_mean,0.8861166511794059,0.9396201985972703,0.9159714067333815,0.9645224952971215,0.1550688628171144,0.25628522441955653,0.9018579101560298
0-68-9_png_jpg.rf.f985d20d40ba6844a1b8e54f994432bc.jpg,3,OR,0.9039794275168272,0.9495684821508797,0.9464202057822261,0.9527377739736215,0.1587491660534089,0.26567840415982363,0.9151293945310266
0-68-9_png_jpg.rf.f985d20d40ba6844a1b8e54f994432bc.jpg,3,AND,0.0,0.0,0.0,0.0,0.0,0.0,0.1613549804687106
0-68-9_png_jpg.rf.f985d20d40ba6844a1b8e54f994432bc.jpg,3,weighted_mean,0.9039794275168272,0.9495684821508797,0.9464202057822261,0.9527377739736215,0.1587491660534089,0.26567840415982363,0.9151293945310266
0-69-34_png_jpg.rf.16bf23ae08b4150c86a7146372c59047.jpg,4,OR,0.9588564029864333,0.9789961137779982,0.9819682183622336,0.9760419461292881,0.3081361974672705,0.45519920074430276,0.9607446289060154
0-69-34_png_jpg.rf.16bf23ae08b4150c86a7146372c59047.jpg,4,AND,0.0,0.0,0.0,0.0,0.0,0.0,0.0626928710937347
0-69-34_png_jpg.rf.16bf23ae08b4150c86a7146372c59047.jpg,4,weighted_mean,0.9588564029864333,0.9789961137779982,0.9819682183622336,0.9760419461292881,0.3081361974672705,0.45519920074430276,0.9607446289060154
0-69-34_png_jpg.rf.83659f1b41430aab1cf81b67b615f59d.jpg,1,OR,0.9574732837683888,0.9782746888122316,0.9938698903434535,0.9631613470552958,0.2613161351956846,0.37450310322585645,0.9635375976560148
0-69-34_png_jpg.rf.83659f1b41430aab1cf81b67b615f59d.jpg,1,AND,0.9574732837683888,0.9782746888122316,0.9938698903434535,0.9631613470552958,0.2613161351956846,0.37450310322585645,0.9635375976560148
0-69-34_png_jpg.rf.83659f1b41430aab1cf81b67b615f59d.jpg,1,weighted_mean,0.9574732837683888,0.9782746888122316,0.9938698903434535,0.9631613470552958,0.2613161351956846,0.37450310322585645,0.9635375976560148
0-69-45_png_jpg.rf.a6f7182f5d7026b0abd041bb08eced93.jpg,2,OR,0.9456685662089834,0.9720756994615594,0.985438010218499,0.9590709203250916,0.22007530428119412,0.36337238299864755,0.9471386718747687
0-69-45_png_jpg.rf.a6f7182f5d7026b0abd041bb08eced93.jpg,2,AND,0.05718116510621934,0.10817666260725353,0.9635017757008107,0.057305292303292725,0.06019889167213163,0.13716202120528684,0.09354736328122716
0-69-45_png_jpg.rf.a6f7182f5d7026b0abd041bb08eced93.jpg,2,weighted_mean,0.9456685662089834,0.9720756994615594,0.985438010218499,0.9590709203250916,0.22007530428119412,0.36337238299864755,0.9471386718747687
0-69-45_png_jpg.rf.e7b6feb01fa29b79bee04a578e150174.jpg,1,OR,0.9557265589291605,0.9773621517442188,0.9982674880451315,0.9573144385574411,0.13568644042145692,0.23279521940286366,0.9579028320310161
0-69-45_png_jpg.rf.e7b6feb01fa29b79bee04a578e150174.jpg,1,AND,0.9557265589291605,0.9773621517442188,0.9982674880451315,0.9573144385574411,0.13568644042145692,0.23279521940286366,0.9579028320310161
0-69-45_png_jpg.rf.e7b6feb01fa29b79bee04a578e150174.jpg,1,weighted_mean,0.9557265589291605,0.9773621517442188,0.9982674880451315,0.9573144385574411,0.13568644042145692,0.23279521940286366,0.9579028320310161
0-7-17_png_jpg.rf.274eb2767cb3316ee9acdd86843d95e8.jpg,7,OR,0.16865167566309577,0.2886260793959884,0.17288253953213895,0.8732811192129819,0.15489888850767541,0.31708634412724646,0.6484326171873417
0-7-17_png_jpg.rf.274eb2767cb3316ee9acdd86843d95e8.jpg,7,AND,0.0,0.0,0.0,0.0,0.0,0.0,0.9183300781247759
0-7-17_png_jpg.rf.274eb2767cb3316ee9acdd86843d95e8.jpg,7,weighted_mean,0.16865167566309577,0.2886260793959884,0.17288253953213895,0.8732811192129819,0.15489888850767541,0.31708634412724646,0.6484326171873417
0-7-17_png_jpg.rf.3292c8fd43f76a41d4c818bca8c6385b.jpg,6,OR,0.1986096757523264,0.3314000875684003,0.20442948558114815,0.8746311111080013,0.1435286576567931,0.28946880084911625,0.757673339843565
0-7-17_png_jpg.rf.3292c8fd43f76a41d4c818bca8c6385b.jpg,6,AND,0.0,0.0,0.0,0.0,0.0,0.0,0.9313354492185226
0-7-17_png_jpg.rf.3292c8fd43f76a41d4c818bca8c6385b.jpg,6,weighted_mean,0.1986096757523264,0.3314000875684003,0.20442948558114815,0.8746311111080013,0.1435286576567931,0.28946880084911625,0.757673339843565
0-7-17_png_jpg.rf.e84c649633aebc6791e169db26540949.jpg,8,OR,0.2728465748361804,0.4287187163485068,0.2939642441948723,0.7915844097219482,0.12046046684713016,0.21141915025002564,0.8173754882810504
0-7-17_png_jpg.rf.e84c649633aebc6791e169db26540949.jpg,8,AND,0.0,0.0,0.0,0.0,0.0,0.0,0.913432617187277
0-7-17_png_jpg.rf.e84c649633aebc6791e169db26540949.jpg,8,weighted_mean,0.2728465748361804,0.4287187163485068,0.2939642441948723,0.7915844097219482,0.12046046684713016,0.21141915025002564,0.8173754882810504
0-7-37_png_jpg.rf.77fd2bf3c192b89cd76496e077d6ffe3.jpg,4,OR,0.676653013456183,0.8071473441739249,0.7914855754396103,0.8234414497781057,0.17523636834531262,0.27083103595306135,0.9730175781247624
0-7-37_png_jpg.rf.77fd2bf3c192b89cd76496e077d6ffe3.jpg,4,AND,0.0,0.0,0.0,0.0,0.0,0.0,0.9314282226560227
0-7-37_png_jpg.rf.77fd2bf3c192b89cd76496e077d6ffe3.jpg,4,weighted_mean,0.676653013456183,0.8071473441739249,0.7914855754396103,0.8234414497781057,0.17523636834531262,0.27083103595306135,0.9730175781247624
0-7-37_png_jpg.rf.f326fcc06ac2a07ce32e05c1529f4bc5.jpg,4,OR,0.8267256993335056,0.9051448716522055,0.8770014334048705,0.9351544715416743,0.40852321479450604,0.6599401246894786,0.9852856445310094
0-7-37_png_jpg.rf.f326fcc06ac2a07ce32e05c1529f4bc5.jpg,4,AND,0.0,0.0,0.0,0.0,0.0,0.0,0.9249267578122742
0-7-37_png_jpg.rf.f326fcc06ac2a07ce32e05c1529f4bc5.jpg,4,weighted_mean,0.8267256993335056,0.9051448716522055,0.8770014334048705,0.9351544715416743,0.40852321479450604,0.6599401246894786,0.9852856445310094
0-72-37_png_jpg.rf.70c06592088a809dce34e490da7c9729.jpg,1,OR,0.9786277833842131,0.9891984653226529,0.9952801927357451,0.9831906121152001,0.2554180727399497,0.395677320465157,0.979008789062261
0-72-37_png_jpg.rf.70c06592088a809dce34e490da7c9729.jpg,1,AND,0.9786277833842131,0.9891984653226529,0.9952801927357451,0.9831906121152001,0.2554180727399497,0.395677320465157,0.979008789062261
0-72-37_png_jpg.rf.70c06592088a809dce34e490da7c9729.jpg,1,weighted_mean,0.9786277833842131,0.9891984653226529,0.9952801927357451,0.9831906121152001,0.2554180727399497,0.395677320465157,0.979008789062261
0-72-37_png_jpg.rf.9d1a99523b7375f4c350eacb2355fc59.jpg,1,OR,0.9785734387389724,0.9891707020616411,0.9977254171587545,0.9807614398020039,0.2024559777562444,0.3410137759645605,0.9795532226560109
0-72-37_png_jpg.rf.9d1a99523b7375f4c350eacb2355fc59.jpg,1,AND,0.9785734387389724,0.9891707020616411,0.9977254171587545,0.9807614398020039,0.2024559777562444,0.3410137759645605,0.9795532226560109
0-72-37_png_jpg.rf.9d1a99523b7375f4c350eacb2355fc59.jpg,1,weighted_mean,0.9785734387389724,0.9891707020616411,0.9977254171587545,0.9807614398020039,0.2024559777562444,0.3410137759645605,0.9795532226560109
0-72-37_png_jpg.rf.a75d905b537285a75af5c20ef7bad3a7.jpg,1,OR,0.9760414657043701,0.9878754901091664,0.9914220169100993,0.9843542462225572,0.191023656864068,0.28328064009621184,0.9772607421872614
0-72-37_png_jpg.rf.a75d905b537285a75af5c20ef7bad3a7.jpg,1,AND,0.9760414657043701,0.9878754901091664,0.9914220169100993,0.9843542462225572,0.191023656864068,0.28328064009621184,0.9772607421872614
0-72-37_png_jpg.rf.a75d905b537285a75af5c20ef7bad3a7.jpg,1,weighted_mean,0.9760414657043701,0.9878754901091664,0.9914220169100993,0.9843542462225572,0.191023656864068,0.28328064009621184,0.9772607421872614
0-76-1_png_jpg.rf.b89e51a758f25ee48d6cef46ad3780cb.jpg,3,OR,0.9513476669419201,0.975067316869102,0.9813156029936608,0.9688980961696642,0.27148862888043485,0.49309285927142377,0.9557373046872667
0-76-1_png_jpg.rf.b89e51a758f25ee48d6cef46ad3780cb.jpg,3,AND,0.0,0.0,0.0,0.0,0.0,0.0,0.10670410156247395
0-76-1_png_jpg.rf.b89e51a758f25ee48d6cef46ad3780cb.jpg,3,weighted_mean,0.9513476669419201,0.975067316869102,0.9813156029936608,0.9688980961696642,0.27148862888043485,0.49309285927142377,0.9557373046872667
0-76-1_png_jpg.rf.bfd317d4e0fc85903372f6acd685d56b.jpg,2,OR,0.9648857518480745,0.9821291145712168,0.97545968864708,0.9888903689204449,0.2738505667863479,0.46993402674132145,0.9657006835935142
0-76-1_png_jpg.rf.bfd317d4e0fc85903372f6acd685d56b.jpg,2,AND,0.3063714103381477,0.4690418175315778,0.9887304450971762,0.3074450153950983,0.07862097478047081,0.14485800926608025,0.3365991210936678
0-76-1_png_jpg.rf.bfd317d4e0fc85903372f6acd685d56b.jpg,2,weighted_mean,0.9648857518480745,0.9821291145712168,0.97545968864708,0.9888903689204449,0.2738505667863479,0.46993402674132145,0.9657006835935142
0-79-31_png_jpg.rf.c5337e751d09daea649368e7f28c9f40.jpg,2,OR,0.9414470875054224,0.9698405828974651,0.9864708446265883,0.9537617423626629,0.23728181585086042,0.3615584755360392,0.9481079101560185
0-79-31_png_jpg.rf.c5337e751d09daea649368e7f28c9f40.jpg,2,AND,0.03657829444396962,0.07057507308425856,0.9709908976469251,0.036618311109116314,0.062496161169269406,0.13345929835119535,0.15627685546871184
0-79-31_png_jpg.rf.c5337e751d09daea649368e7f28c9f40.jpg,2,weighted_mean,0.9414470875054224,0.9698405828974651,0.9864708446265883,0.9537617423626629,0.23728181585086042,0.3615584755360392,0.9481079101560185
0-79-43_png_jpg.rf.4cf932e6db050bbcb82ac031e7df7326.jpg,4,OR,0.8435877484602906,0.9151587703539795,0.8982706155269526,0.9326941124930666,0.350981270053164,0.5529258237241035,0.9730078124997624
0-79-43_png_jpg.rf.4cf932e6db050bbcb82ac031e7df7326.jpg,4,AND,0.0,0.0,0.0,0.0,0.0,0.0,0.843916015624794
0-79-43_png_jpg.rf.4cf932e6db050bbcb82ac031e7df7326.jpg,4,weighted_mean,0.8435877484602906,0.9151587703539795,0.8982706155269526,0.9326941124930666,0.350981270053164,0.5529258237241035,0.9730078124997624
0-79-43_png_jpg.rf.d8283e9384435f0b58930ef55d3600a6.jpg,3,OR,0.8996017631129839,0.9471477449449784,0.9586696722021953,0.935899484883471,0.5094726424412926,0.7268065812828476,0.979257812499761
0-79-43_png_jpg.rf.d8283e9384435f0b58930ef55d3600a6.jpg,3,AND,0.0,0.0,0.0,0.0,0.0,0.0,0.8014135742185543
0-79-43_png_jpg.rf.d8283e9384435f0b58930ef55d3600a6.jpg,3,weighted_mean,0.8996017631129839,0.9471477449449784,0.9586696722021953,0.935899484883471,0.5094726424412926,0.7268065812828476,0.979257812499761
0-79-43_png_jpg.rf.fc5339dd60d71bf59a08d302462a32c7.jpg,2,OR,0.8486609597096542,0.9181358596364178,0.9238266222092437,0.9125147779075958,0.34080619884929125,0.5527299181708042,0.9764770507810115
0-79-43_png_jpg.rf.fc5339dd60d71bf59a08d302462a32c7.jpg,2,AND,0.0,0.0,0.0,0.0,0.0,0.0,0.8554443359372912
0-79-43_png_jpg.rf.fc5339dd60d71bf59a08d302462a32c7.jpg,2,weighted_mean,0.8486609597096542,0.9181358596364178,0.9238266222092437,0.9125147779075958,0.34080619884929125,0.5527299181708042,0.9764770507810115
0-8-33_png_jpg.rf.14756955179a6b3876cc410b81841143.jpg,2,OR,0.8547059299840383,0.9216619369857667,0.9368500465962509,0.9069584270139147,0.23729662077497998,0.38532711440692524,0.9474316406247687
0-8-33_png_jpg.rf.14756955179a6b3876cc410b81841143.jpg,2,AND,0.0,0.0,0.0,0.0,0.0,0.0,0.6590380859373391
0-8-33_png_jpg.rf.14756955179a6b3876cc410b81841143.jpg,2,weighted_mean,0.8547059299840383,0.9216619369857667,0.9368500465962509,0.9069584270139147,0.23729662077497998,0.38532711440692524,0.9474316406247687
0-8-33_png_jpg.rf.de2b4ecccac3e72a7ee1a121a95b00c0.jpg,1,OR,0.8963121526204594,0.9453213189420016,0.914987828019595,0.9777349910888985,0.2768991444113202,0.46977322139981975,0.9730371093747624
0-8-33_png_jpg.rf.de2b4ecccac3e72a7ee1a121a95b00c0.jpg,1,AND,0.8963121526204594,0.9453213189420016,0.914987828019595,0.9777349910888985,0.2768991444113202,0.46977322139981975,0.9730371093747624
0-8-33_png_jpg.rf.de2b4ecccac3e72a7ee1a121a95b00c0.jpg,1,weighted_mean,0.8963121526204594,0.9453213189420016,0.914987828019595,0.9777349910888985,0.2768991444113202,0.46977322139981975,0.9730371093747624
0-8-34_png_jpg.rf.52db85235c5d8df4b774ae1df1adb0eb.jpg,7,OR,0.6324542146563732,0.7748507847609103,0.7302303779435596,0.8252791021625262,0.31798219227434127,0.5386141293169302,0.9403222656247704
0-8-34_png_jpg.rf.52db85235c5d8df4b774ae1df1adb0eb.jpg,7,AND,0.0,0.0,0.0,0.0,0.0,0.0,0.8755688476560363
0-8-34_png_jpg.rf.52db85235c5d8df4b774ae1df1adb0eb.jpg,7,weighted_mean,0.6324542146563732,0.7748507847609103,0.7302303779435596,0.8252791021625262,0.31798219227434127,0.5386141293169302,0.9403222656247704
0-8-34_png_jpg.rf.bd3f456be50efd4869c6df34d721a6c0.jpg,6,OR,0.6435492449637588,0.7831213417374049,0.7791527843872957,0.7871305331625129,0.2204364121307387,0.36827551653881024,0.9247363281247742
0-8-34_png_jpg.rf.bd3f456be50efd4869c6df34d721a6c0.jpg,6,AND,0.0,0.0,0.0,0.0,0.0,0.0,0.827368164062298
0-8-34_png_jpg.rf.bd3f456be50efd4869c6df34d721a6c0.jpg,6,weighted_mean,0.6435492449637588,0.7831213417374049,0.7791527843872957,0.7871305331625129,0.2204364121307387,0.36827551653881024,0.9247363281247742
0-8-9_png_jpg.rf.50c4c88d744794056354f36088f2a85c.jpg,2,OR,0.867522180835727,0.9290622512954634,0.9300009715336005,0.9281254241885007,0.20569404270465177,0.34667501827694214,0.9286230468747733
0-8-9_png_jpg.rf.50c4c88d744794056354f36088f2a85c.jpg,2,AND,0.0,0.0,0.0,0.0,0.0,0.0,0.4963964843748788
0-8-9_png_jpg.rf.50c4c88d744794056354f36088f2a85c.jpg,2,weighted_mean,0.867522180835727,0.9290622512954634,0.9300009715336005,0.9281254241885007,0.20569404270465177,0.34667501827694214,0.9286230468747733
0-8-9_png_jpg.rf.6844730c95875e53aa058618569d0e41.jpg,1,OR,0.9162189669398016,0.9562779439585672,0.9524724435970435,0.9601139752305716,0.2148049036263161,0.3600807495495806,0.9596044921872657
0-8-9_png_jpg.rf.6844730c95875e53aa058618569d0e41.jpg,1,AND,0.9162189669398016,0.9562779439585672,0.9524724435970435,0.9601139752305716,0.2148049036263161,0.3600807495495806,0.9596044921872657
0-8-9_png_jpg.rf.6844730c95875e53aa058618569d0e41.jpg,1,weighted_mean,0.9162189669398016,0.9562779439585672,0.9524724435970435,0.9601139752305716,0.2148049036263161,0.3600807495495806,0.9596044921872657
0-8-9_png_jpg.rf.73cb85238533fb2a50fc78ec7a0de7a0.jpg,1,OR,0.8443187068070526,0.915588725192476,0.9141604785473834,0.9170214416879616,0.18860504312704118,0.3402627508048265,0.9201977539060253
0-8-9_png_jpg.rf.73cb85238533fb2a50fc78ec7a0de7a0.jpg,1,AND,0.8443187068070526,0.915588725192476,0.9141604785473834,0.9170214416879616,0.18860504312704118,0.3402627508048265,0.9201977539060253
0-8-9_png_jpg.rf.73cb85238533fb2a50fc78ec7a0de7a0.jpg,1,weighted_mean,0.8443187068070526,0.915588725192476,0.9141604785473834,0.9170214416879616,0.18860504312704118,0.3402627508048265,0.9201977539060253
0-8-9_png_jpg.rf.774c5cc9a10522f8439ae83f9e961ecb.jpg,1,OR,0.9107940496126911,0.9533147225336029,0.9522613196281854,0.9543704585933698,0.20133975870603457,0.3063656752685116,0.9563134765622665
0-8-9_png_jpg.rf.774c5cc9a10522f8439ae83f9e961ecb.jpg,1,AND,0.9107940496126911,0.9533147225336029,0.9522613196281854,0.9543704585933698,0.20133975870603457,0.3063656752685116,0.9563134765622665
0-8-9_png_jpg.rf.774c5cc9a10522f8439ae83f9e961ecb.jpg,1,weighted_mean,0.9107940496126911,0.9533147225336029,0.9522613196281854,0.9543704585933698,0.20133975870603457,0.3063656752685116,0.9563134765622665
0-8-9_png_jpg.rf.80f6bc94ad6364d5abef02162961f1b4.jpg,2,OR,0.8717216803174133,0.9314650671456491,0.8949699240747885,0.9710631446230253,0.24099150050014223,0.4249380031101285,0.9310986328122727
0-8-9_png_jpg.rf.80f6bc94ad6364d5abef02162961f1b4.jpg,2,AND,0.0,0.0,0.0,0.0,0.0,0.0,0.5091601562498757
0-8-9_png_jpg.rf.80f6bc94ad6364d5abef02162961f1b4.jpg,2,weighted_mean,0.8717216803174133,0.9314650671456491,0.8949699240747885,0.9710631446230253,0.24099150050014223,0.4249380031101285,0.9310986328122727
0-9-42_png_jpg.rf.0c14af923a1d3d89a5d3aae91996f770.jpg,2,OR,0.3560723514150547,0.5251524390177191,0.36564655934255,0.9315006759381929,0.18295683291919132,0.31857401453751705,0.9908740234372581
0-9-42_png_jpg.rf.0c14af923a1d3d89a5d3aae91996f770.jpg,2,AND,0.0,0.0,0.0,0.0,0.0,0.0,0.9945825195310072
0-9-42_png_jpg.rf.0c14af923a1d3d89a5d3aae91996f770.jpg,2,weighted_mean,0.3560723514150547,0.5251524390177191,0.36564655934255,0.9315006759381929,0.18295683291919132,0.31857401453751705,0.9908740234372581
0-9-42_png_jpg.rf.d425ca309c40dcb3f70651ccdb7d9897.jpg,1,OR,0.5489604292237102,0.7088114310303354,0.5798795607304329,0.9114699331341052,0.3045375218017218,0.5014096231875532,0.9967163085935067
0-9-42_png_jpg.rf.d425ca309c40dcb3f70651ccdb7d9897.jpg,1,AND,0.5489604292237102,0.7088114310303354,0.5798795607304329,0.9114699331341052,0.3045375218017218,0.5014096231875532,0.9967163085935067
0-9-42_png_jpg.rf.d425ca309c40dcb3f70651ccdb7d9897.jpg,1,weighted_mean,0.5489604292237102,0.7088114310303354,0.5798795607304329,0.9114699331341052,0.3045375218017218,0.5014096231875532,0.9967163085935067
0-9-42_png_jpg.rf.f65744f5651421b6e288792f9a7503fa.jpg,2,OR,0.3202760300320626,0.48516525748677686,0.35548546969237477,0.7637947724702907,0.12972322502696215,0.21840635226294214,0.9918237304685078
0-9-42_png_jpg.rf.f65744f5651421b6e288792f9a7503fa.jpg,2,AND,0.0,0.0,0.0,0.0,0.0,0.0,0.9949560546872571
0-9-42_png_jpg.rf.f65744f5651421b6e288792f9a7503fa.jpg,2,weighted_mean,0.3202760300320626,0.48516525748677686,0.35548546969237477,0.7637947724702907,0.12972322502696215,0.21840635226294214,0.9918237304685078
1-12-20_png_jpg.rf.45f08d72f48c29cbe4fafce3dd13ad62.jpg,5,OR,0.9286742247126696,0.9630182358568324,0.9513427098036469,0.9749839027400563,0.5013544719768599,0.756264253158948,0.9713232421872628
1-12-20_png_jpg.rf.45f08d72f48c29cbe4fafce3dd13ad62.jpg,5,AND,0.0,0.0,0.0,0.0,0.0,0.0,0.6170434570310993
1-12-20_png_jpg.rf.45f08d72f48c29cbe4fafce3dd13ad62.jpg,5,weighted_mean,0.9286742247126696,0.9630182358568324,0.9513427098036469,0.9749839027400563,0.5013544719768599,0.756264253158948,0.9713232421872628
1-12-20_png_jpg.rf.99a7d999fde52593cc27b777aaed6246.jpg,6,OR,0.8497148068012172,0.9187522354007228,0.9175548347229189,0.9199527653555053,0.31243508084211186,0.513776037801397,0.9384399414060209
1-12-20_png_jpg.rf.99a7d999fde52593cc27b777aaed6246.jpg,6,AND,0.0,0.0,0.0,0.0,0.0,0.0,0.6216528320310982
1-12-20_png_jpg.rf.99a7d999fde52593cc27b777aaed6246.jpg,6,weighted_mean,0.8497148068012172,0.9187522354007228,0.9175548347229189,0.9199527653555053,0.31243508084211186,0.513776037801397,0.9384399414060209
1-12-20_png_jpg.rf.efa2e9a72097c8d103f2a4fbed2e945c.jpg,6,OR,0.9370452901166622,0.9674996190308248,0.9586002723660616,0.976565751614474,0.5364452040150899,0.7919388125310838,0.9734448242185123
1-12-20_png_jpg.rf.efa2e9a72097c8d103f2a4fbed2e945c.jpg,6,AND,0.0,0.0,0.0,0.0,0.0,0.0,0.5952563476561047
1-12-20_png_jpg.rf.efa2e9a72097c8d103f2a4fbed2e945c.jpg,6,weighted_mean,0.9370452901166622,0.9674996190308248,0.9586002723660616,0.976565751614474,0.5364452040150899,0.7919388125310838,0.9734448242185123
1-12-20_png_jpg.rf.f3a3c91150a221ba932108fced7b0089.jpg,6,OR,0.8576344602012592,0.9233619192317758,0.9426473547959674,0.9048497768297217,0.40001979022283785,0.6212250300643736,0.9449536132810193
1-12-20_png_jpg.rf.f3a3c91150a221ba932108fced7b0089.jpg,6,AND,0.0,0.0,0.0,0.0,0.0,0.0,0.6335205078123454
1-12-20_png_jpg.rf.f3a3c91150a221ba932108fced7b0089.jpg,6,weighted_mean,0.8576344602012592,0.9233619192317758,0.9426473547959674,0.9048497768297217,0.40001979022283785,0.6212250300643736,0.9449536132810193
1-15-3_png_jpg.rf.75783ee7aaa23fe79b723806ead986d4.jpg,3,OR,0.8974693119233236,0.9459645078671925,0.970938796605754,0.9222427683862927,0.18820376299566824,0.33579855097326083,0.9056860351560289
1-15-3_png_jpg.rf.75783ee7aaa23fe79b723806ead986d4.jpg,3,AND,0.0,0.0,0.0,0.0,0.0,0.0,0.1048486328124744
1-15-3_png_jpg.rf.75783ee7aaa23fe79b723806ead986d4.jpg,3,weighted_mean,0.8974693119233236,0.9459645078671925,0.970938796605754,0.9222427683862927,0.18820376299566824,0.33579855097326083,0.9056860351560289
1-15-3_png_jpg.rf.9ebca2f18ac8379f30d07135d39e29c0.jpg,5,OR,0.9473478030991523,0.9729620991088223,0.9739046927053748,0.972021328326094,0.2705613637624732,0.44180594391452516,0.9530761718747673
1-15-3_png_jpg.rf.9ebca2f18ac8379f30d07135d39e29c0.jpg,5,AND,0.0,0.0,0.0,0.0,0.0,0.0,0.1314184570312179
1-15-3_png_jpg.rf.9ebca2f18ac8379f30d07135d39e29c0.jpg,5,weighted_mean,0.9473478030991523,0.9729620991088223,0.9739046927053748,0.972021328326094,0.2705613637624732,0.44180594391452516,0.9530761718747673
1-19-24_png_jpg.rf.eb6200b550939f5d19ac5c1da425484b.jpg,4,OR,0.9385673696132666,0.9683102938026915,0.9584070522731338,0.9784203330098872,0.38805763094712925,0.6105537563825234,0.950485839843518
1-19-24_png_jpg.rf.eb6200b550939f5d19ac5c1da425484b.jpg,4,AND,0.0,0.0,0.0,0.0,0.0,0.0,0.22683837890619463
1-19-24_png_jpg.rf.eb6200b550939f5d19ac5c1da425484b.jpg,4,weighted_mean,0.9385673696132666,0.9683102938026915,0.9584070522731338,0.9784203330098872,0.38805763094712925,0.6105537563825234,0.950485839843518
1-19-24_png_jpg.rf.f4c6f3020c645bd4362f8b17dfb1f384.jpg,4,OR,0.9253887618969433,0.9612487412518458,0.9536789869412342,0.9689396257199502,0.37457930388025695,0.5874440508462364,0.9401538085935205
1-19-24_png_jpg.rf.f4c6f3020c645bd4362f8b17dfb1f384.jpg,4,AND,0.0,0.0,0.0,0.0,0.0,0.0,0.23394531249994288
1-19-24_png_jpg.rf.f4c6f3020c645bd4362f8b17dfb1f384.jpg,4,weighted_mean,0.9253887618969433,0.9612487412518458,0.9536789869412342,0.9689396257199502,0.37457930388025695,0.5874440508462364,0.9401538085935205
1-2-15_png_jpg.rf.30c23f9e5e537954b29d9a17de5d213c.jpg,3,OR,0.8399236670791616,0.9129983836911255,0.9511622549600685,0.8777789026109761,0.2615324706438368,0.4578052212875087,0.9596557617185157
1-2-15_png_jpg.rf.30c23f9e5e537954b29d9a17de5d213c.jpg,3,AND,0.0,0.0,0.0,0.0,0.0,0.0,0.7588378906248148
1-2-15_png_jpg.rf.30c23f9e5e537954b29d9a17de5d213c.jpg,3,weighted_mean,0.8399236670791616,0.9129983836911255,0.9511622549600685,0.8777789026109761,0.2615324706438368,0.4578052212875087,0.9596557617185157
1-2-15_png_jpg.rf.4a5308bf2e6d422c8083ea01926f93f6.jpg,5,OR,0.8693379316596004,0.9301024891607492,0.9416830515130341,0.9188032958275361,0.2992772477586028,0.48265967417864497,0.9648510742185145
1-2-15_png_jpg.rf.4a5308bf2e6d422c8083ea01926f93f6.jpg,5,AND,0.0,0.0,0.0,0.0,0.0,0.0,0.745476074218568
1-2-15_png_jpg.rf.4a5308bf2e6d422c8083ea01926f93f6.jpg,5,weighted_mean,0.8693379316596004,0.9301024891607492,0.9416830515130341,0.9188032958275361,0.2992772477586028,0.48265967417864497,0.9648510742185145
1-2-15_png_jpg.rf.956931753986a1ede58e285715f94755.jpg,4,OR,0.8272855918101626,0.9054803425562277,0.9325927737206919,0.8798998066434348,0.2806355287613932,0.48863240061069924,0.9591772460935158
1-2-15_png_jpg.rf.956931753986a1ede58e285715f94755.jpg,4,AND,0.0,0.0,0.0,0.0,0.0,0.0,0.7777734374998101
1-2-15_png_jpg.rf.956931753986a1ede58e285715f94755.jpg,4,weighted_mean,0.8272855918101626,0.9054803425562277,0.9325927737206919,0.8798998066434348,0.2806355287613932,0.48863240061069924,0.9591772460935158
1-2-15_png_jpg.rf.b00eb799d644b840d7e8d29971fcc3ae.jpg,4,OR,0.8633874986831297,0.9266859408397795,0.9523634392774647,0.9023567171014192,0.35827486251359064,0.5579868225056581,0.9619873046872651
1-2-15_png_jpg.rf.b00eb799d644b840d7e8d29971fcc3ae.jpg,4,AND,0.0,0.0,0.0,0.0,0.0,0.0,0.7337646484373208
1-2-15_png_jpg.rf.b00eb799d644b840d7e8d29971fcc3ae.jpg,4,weighted_mean,0.8633874986831297,0.9266859408397795,0.9523634392774647,0.9023567171014192,0.35827486251359064,0.5579868225056581,0.9619873046872651
1-2-15_png_jpg.rf.c73ecf352fdb09a477653fd920fc7d4d.jpg,5,OR,0.8543591738796978,0.9214602930371942,0.9460061030324346,0.8981560380370859,0.31334742031955937,0.508328017701208,0.9670996093747639
1-2-15_png_jpg.rf.c73ecf352fdb09a477653fd920fc7d4d.jpg,5,AND,0.0,0.0,0.0,0.0,0.0,0.0,0.7851147460935584
1-2-15_png_jpg.rf.c73ecf352fdb09a477653fd920fc7d4d.jpg,5,weighted_mean,0.8543591738796978,0.9214602930371942,0.9460061030324346,0.8981560380370859,0.31334742031955937,0.508328017701208,0.9670996093747639
1-2-18_png_jpg.rf.6e47a3fb70d75457cfbaf374274b8c98.jpg,7,OR,0.6818650057834801,0.8108439184342742,0.8138501116013811,0.8078598520394911,0.29008247375246365,0.47838292296887275,0.9509912109372678
1-2-18_png_jpg.rf.6e47a3fb70d75457cfbaf374274b8c98.jpg,7,AND,0.0,0.0,0.0,0.0,0.0,0.0,0.8699755859372876
1-2-18_png_jpg.rf.6e47a3fb70d75457cfbaf374274b8c98.jpg,7,weighted_mean,0.6818650057834801,0.8108439184342742,0.8138501116013811,0.8078598520394911,0.29008247375246365,0.47838292296887275,0.9509912109372678
1-2-18_png_jpg.rf.b33b47651b8e2ccdb7cfa64786088f56.jpg,7,OR,0.7477434395350174,0.8556672823031195,0.8808689681867492,0.8318675289683422,0.3906134173452775,0.6232699604952157,0.9587890624997659
1-2-18_png_jpg.rf.b33b47651b8e2ccdb7cfa64786088f56.jpg,7,AND,0.0,0.0,0.0,0.0,0.0,0.0,0.8531518554685417
1-2-18_png_jpg.rf.b33b47651b8e2ccdb7cfa64786088f56.jpg,7,weighted_mean,0.7477434395350174,0.8556672823031195,0.8808689681867492,0.8318675289683422,0.3906134173452775,0.6232699604952157,0.9587890624997659
1-2-3_png_jpg.rf.e7a4d32e39c6793ed95fa897a01dd303.jpg,3,OR,0.6034200968504739,0.7526662513906928,0.6803275891462879,0.8422186549474391,0.12114249908557703,0.2053179776865059,0.9680102539060137
1-2-3_png_jpg.rf.e7a4d32e39c6793ed95fa897a01dd303.jpg,3,AND,0.0,0.0,0.0,0.0,0.0,0.0,0.94220703124977
1-2-3_png_jpg.rf.e7a4d32e39c6793ed95fa897a01dd303.jpg,3,weighted_mean,0.6034200968504739,0.7526662513906928,0.6803275891462879,0.8422186549474391,0.12114249908557703,0.2053179776865059,0.9680102539060137
1-20-0_png_jpg.rf.0dee9636f9c9c0550a598b652342748a.jpg,1,OR,0.9677002845653621,0.9835850430637243,0.9968417566194026,0.9706762964822804,0.1996637375877941,0.31247198506755086,0.9688525390622634
1-20-0_png_jpg.rf.0dee9636f9c9c0550a598b652342748a.jpg,1,AND,0.9677002845653621,0.9835850430637243,0.9968417566194026,0.9706762964822804,0.1996637375877941,0.31247198506755086,0.9688525390622634
1-20-0_png_jpg.rf.0dee9636f9c9c0550a598b652342748a.jpg,1,weighted_mean,0.9677002845653621,0.9835850430637243,0.9968417566194026,0.9706762964822804,0.1996637375877941,0.31247198506755086,0.9688525390622634
1-20-13_png_jpg.rf.10fb5abff9e9528a9f8ad5c3f3431f4e.jpg,3,OR,0.9225321817394562,0.9597053204121384,0.9548677315121223,0.9645921756776131,0.3423786783675065,0.5531523251512739,0.9657080078122642
1-20-13_png_jpg.rf.10fb5abff9e9528a9f8ad5c3f3431f4e.jpg,3,AND,0.0,0.0,0.0,0.0,0.0,0.0,0.5766406249998592
1-20-13_png_jpg.rf.10fb5abff9e9528a9f8ad5c3f3431f4e.jpg,3,weighted_mean,0.9225321817394562,0.9597053204121384,0.9548677315121223,0.9645921756776131,0.3423786783675065,0.5531523251512739,0.9657080078122642
1-20-13_png_jpg.rf.e5a1144424f8bbdddbe966049ef3aa0e.jpg,3,OR,0.908484416377567,0.9520480320210652,0.9464832074698628,0.9576786800753029,0.35300285986541785,0.5752835418603416,0.9605151367185155
1-20-13_png_jpg.rf.e5a1144424f8bbdddbe966049ef3aa0e.jpg,3,AND,0.0,0.0,0.0,0.0,0.0,0.0,0.5907080078123558
1-20-13_png_jpg.rf.e5a1144424f8bbdddbe966049ef3aa0e.jpg,3,weighted_mean,0.908484416377567,0.9520480320210652,0.9464832074698628,0.9576786800753029,0.35300285986541785,0.5752835418603416,0.9605151367185155
1-21-23_png_jpg.rf.8005fb7042f5b5d12d63b1cdeb744ea2.jpg,3,OR,0.9204359925169245,0.9585698207109736,0.9731501411672399,0.9444199532022487,0.2626828613600098,0.46645060730050486,0.970612792968513
1-21-23_png_jpg.rf.8005fb7042f5b5d12d63b1cdeb744ea2.jpg,3,AND,0.0,0.0,0.0,0.0,0.0,0.0,0.6400268554685937
1-21-23_png_jpg.rf.8005fb7042f5b5d12d63b1cdeb744ea2.jpg,3,weighted_mean,0.9204359925169245,0.9585698207109736,0.9731501411672399,0.9444199532022487,0.2626828613600098,0.46645060730050486,0.970612792968513
1-21-23_png_jpg.rf.a524ca3800cfcc4a52fe5e12e49c2cb7.jpg,3,OR,0.9207757653464204,0.9587540429846629,0.94750453570777,0.9702738856078515,0.3065594913160776,0.4848571940021037,0.9698315429685133
1-21-23_png_jpg.rf.a524ca3800cfcc4a52fe5e12e49c2cb7.jpg,3,AND,0.0,0.0,0.0,0.0,0.0,0.0,0.638627929687344
1-21-23_png_jpg.rf.a524ca3800cfcc4a52fe5e12e49c2cb7.jpg,3,weighted_mean,0.9207757653464204,0.9587540429846629,0.94750453570777,0.9702738856078515,0.3065594913160776,0.4848571940021037,0.9698315429685133
1-21-8_png_jpg.rf.8f27b7b40b435c984991453fa43cf68b.jpg,6,OR,0.8721845894711613,0.931729268979325,0.9109672772100919,0.9534597122037938,0.33654425045085984,0.5305003802965971,0.9058862304685288
1-21-8_png_jpg.rf.8f27b7b40b435c984991453fa43cf68b.jpg,6,AND,0.0,0.0,0.0,0.0,0.0,0.0,0.3264404296874203
1-21-8_png_jpg.rf.8f27b7b40b435c984991453fa43cf68b.jpg,6,weighted_mean,0.8721845894711613,0.931729268979325,0.9109672772100919,0.9534597122037938,0.33654425045085984,0.5305003802965971,0.9058862304685288
1-25-20_png_jpg.rf.78f9878f3739edc4a409af20d8163b24.jpg,2,OR,0.9284775469691844,0.9629124782172233,0.9792789042509248,0.9470841150715498,0.2243374627560786,0.3947811369992521,0.9544311523435169
1-25-20_png_jpg.rf.78f9878f3739edc4a409af20d8163b24.jpg,2,AND,0.0986320644101858,0.17955431596316576,0.9992081089602501,0.0986397748592485,0.047251878212545464,0.0884567946336757,0.4369531249998933
1-25-20_png_jpg.rf.78f9878f3739edc4a409af20d8163b24.jpg,2,weighted_mean,0.9284775469691844,0.9629124782172233,0.9792789042509248,0.9470841150715498,0.2243374627560786,0.3947811369992521,0.9544311523435169
1-25-20_png_jpg.rf.a0890f7daa4d57942482ee232cfbe2c9.jpg,3,OR,0.9530844069770449,0.9759787171228455,0.9806708105026882,0.9713313092898948,0.33160748751468516,0.535633048323332,0.9654345703122643
1-25-20_png_jpg.rf.a0890f7daa4d57942482ee232cfbe2c9.jpg,3,AND,0.13704040098222592,0.24104754917036253,0.9722440991838566,0.1375786455571339,0.0913065755761185,0.16052875398316813,0.37370117187490876
1-25-20_png_jpg.rf.a0890f7daa4d57942482ee232cfbe2c9.jpg,3,weighted_mean,0.9530844069770449,0.9759787171228455,0.9806708105026882,0.9713313092898948,0.33160748751468516,0.535633048323332,0.9654345703122643
1-25-20_png_jpg.rf.e64908534ac8ce2af000e40c3e4decd1.jpg,4,OR,0.9562505610391094,0.9776360759545791,0.978682282645718,0.9765921036544783,0.3098186178974372,0.48743377382061925,0.9678735351560137
1-25-20_png_jpg.rf.e64908534ac8ce2af000e40c3e4decd1.jpg,4,AND,0.0,0.0,0.0,0.0,0.0,0.0,0.2809667968749314
1-25-20_png_jpg.rf.e64908534ac8ce2af000e40c3e4decd1.jpg,4,weighted_mean,0.9562505610391094,0.9776360759545791,0.978682282645718,0.9765921036544783,0.3098186178974372,0.48743377382061925,0.9678735351560137
1-26-15_png_jpg.rf.dd2f88469b1bef8bf6ee389003aae955.jpg,5,OR,0.6772429864654912,0.8075669320790154,0.8344069555992768,0.7823998011895581,0.21571846098367353,0.3675472419377989,0.868127441406038
1-26-15_png_jpg.rf.dd2f88469b1bef8bf6ee389003aae955.jpg,5,AND,0.0,0.0,0.0,0.0,0.0,0.0,0.6463330078123422
1-26-15_png_jpg.rf.dd2f88469b1bef8bf6ee389003aae955.jpg,5,weighted_mean,0.6772429864654912,0.8075669320790154,0.8344069555992768,0.7823998011895581,0.21571846098367353,0.3675472419377989,0.868127441406038
1-27-22_png_jpg.rf.87a3672dc3b852a2502cdae5973834ae.jpg,5,OR,0.9679222760307676,0.9836996997493559,0.9870314965212171,0.9803903207501858,0.4867403033684039,0.7391303995108166,0.9711987304685129
1-27-22_png_jpg.rf.87a3672dc3b852a2502cdae5973834ae.jpg,5,AND,0.0,0.0,0.0,0.0,0.0,0.0,0.11355957031247227
1-27-22_png_jpg.rf.87a3672dc3b852a2502cdae5973834ae.jpg,5,weighted_mean,0.9679222760307676,0.9836996997493559,0.9870314965212171,0.9803903207501858,0.4867403033684039,0.7391303995108166,0.9711987304685129
1-27-22_png_jpg.rf.df10d9580c7e90cf251cc77b33f73bdf.jpg,5,OR,0.9613578791940067,0.9802982815038973,0.9837920862349222,0.9768292045067082,0.32030310319865213,0.5367296685359562,0.9651782226560144
1-27-22_png_jpg.rf.df10d9580c7e90cf251cc77b33f73bdf.jpg,5,AND,0.0,0.0,0.0,0.0,0.0,0.0,0.11313720703122238
1-27-22_png_jpg.rf.df10d9580c7e90cf251cc77b33f73bdf.jpg,5,weighted_mean,0.9613578791940067,0.9802982815038973,0.9837920862349222,0.9768292045067082,0.32030310319865213,0.5367296685359562,0.9651782226560144
1-27-22_png_jpg.rf.fff27ed9e2376a8c91aee038ef6e5205.jpg,5,OR,0.9177827688138441,0.9571290176744014,0.9551727891465513,0.9590932755002721,0.193348156382728,0.31197094061624336,0.9270727539060236
1-27-22_png_jpg.rf.fff27ed9e2376a8c91aee038ef6e5205.jpg,5,AND,0.0,0.0,0.0,0.0,0.0,0.0,0.1511987304687131
1-27-22_png_jpg.rf.fff27ed9e2376a8c91aee038ef6e5205.jpg,5,weighted_mean,0.9177827688138441,0.9571290176744014,0.9551727891465513,0.9590932755002721,0.193348156382728,0.31197094061624336,0.9270727539060236
1-3-6_png_jpg.rf.0454de12c5a6203faa5bea78253770d3.jpg,2,OR,0.9510751936464441,0.9749241820546556,0.9741116358728196,0.9757380849235949,0.23741658183396275,0.3485505790699329,0.9572851562497663
1-3-6_png_jpg.rf.0454de12c5a6203faa5bea78253770d3.jpg,2,AND,0.04683139493193936,0.08947266037045849,0.9948817938033457,0.04684268054426592,0.037906004838925485,0.058459718633679436,0.18865478515620393
1-3-6_png_jpg.rf.0454de12c5a6203faa5bea78253770d3.jpg,2,weighted_mean,0.9510751936464441,0.9749241820546556,0.9741116358728196,0.9757380849235949,0.23741658183396275,0.3485505790699329,0.9572851562497663
1-3-6_png_jpg.rf.7096ca17b79d641b9a920e19b7d2965d.jpg,4,OR,0.9503856012101695,0.9745617488362066,0.9835929557217278,0.9656948794728698,0.22683568934863263,0.3743975738601122,0.9570898437497664
1-3-6_png_jpg.rf.7096ca17b79d641b9a920e19b7d2965d.jpg,4,AND,0.0,0.0,0.0,0.0,0.0,0.0,0.14883789062496366
1-3-6_png_jpg.rf.7096ca17b79d641b9a920e19b7d2965d.jpg,4,weighted_mean,0.9503856012101695,0.9745617488362066,0.9835929557217278,0.9656948794728698,0.22683568934863263,0.3743975738601122,0.9570898437497664
1-30-12_png_jpg.rf.37a369f72b1d217c588d789b74b9c027.jpg,3,OR,0.13022113022055887,0.2304347826078011,0.13110119704876053,0.9509772508506577,0.09320156755756345,0.2003345305848693,0.9516015624997677
1-30-12_png_jpg.rf.37a369f72b1d217c588d789b74b9c027.jpg,3,AND,0.0,0.0,0.0,0.0,0.0,0.0,0.9923803710935077
1-30-12_png_jpg.rf.37a369f72b1d217c588d789b74b9c027.jpg,3,weighted_mean,0.13022113022055887,0.2304347826078011,0.13110119704876053,0.9509772508506577,0.09320156755756345,0.2003345305848693,0.9516015624997677
1-30-12_png_jpg.rf.56765af280b1d8e2b402e00f8a65481d.jpg,3,OR,0.16054738160117818,0.27667527262811964,0.1619159300010738,0.9499867689613658,0.10544274300844338,0.21586704753859068,0.9541723632810171
1-30-12_png_jpg.rf.56765af280b1d8e2b402e00f8a65481d.jpg,3,AND,0.0,0.0,0.0,0.0,0.0,0.0,0.9907739257810081
1-30-12_png_jpg.rf.56765af280b1d8e2b402e00f8a65481d.jpg,3,weighted_mean,0.16054738160117818,0.27667527262811964,0.1619159300010738,0.9499867689613658,0.10544274300844338,0.21586704753859068,0.9541723632810171
1-30-12_png_jpg.rf.ac64b15e88358541f71410d0bed147c6.jpg,2,OR,0.19466525348763666,0.325890876828203,0.2038224414290763,0.8124846399407106,0.1598179133838605,0.2741371403540036,0.966608886718514
1-30-12_png_jpg.rf.ac64b15e88358541f71410d0bed147c6.jpg,2,AND,0.0,0.0,0.0,0.0,0.0,0.0,0.9900659179685083
1-30-12_png_jpg.rf.ac64b15e88358541f71410d0bed147c6.jpg,2,weighted_mean,0.19466525348763666,0.325890876828203,0.2038224414290763,0.8124846399407106,0.1598179133838605,0.2741371403540036,0.966608886718514
1-30-12_png_jpg.rf.d2d53f0eaaf032852919f0f22d980dc8.jpg,3,OR,0.13949096141676637,0.24483030781276705,0.14132762312569444,0.9147744028040468,0.11574837310094795,0.22457918123244094,0.9532812499997673
1-30-12_png_jpg.rf.d2d53f0eaaf032852919f0f22d980dc8.jpg,3,AND,0.0,0.0,0.0,0.0,0.0,0.0,0.9917211914060079
1-30-12_png_jpg.rf.d2d53f0eaaf032852919f0f22d980dc8.jpg,3,weighted_mean,0.13949096141676637,0.24483030781276705,0.14132762312569444,0.9147744028040468,0.11574837310094795,0.22457918123244094,0.9532812499997673
1-30-12_png_jpg.rf.d845b20c06aa68597edc280c7b214718.jpg,2,OR,0.2617975038751806,0.4149596160575034,0.26386304428534524,0.9709668583683658,0.1365447726191216,0.25499859423208415,0.9755957031247618
1-30-12_png_jpg.rf.d845b20c06aa68597edc280c7b214718.jpg,2,AND,0.0,0.0,0.0,0.0,0.0,0.0,0.991086425781008
1-30-12_png_jpg.rf.d845b20c06aa68597edc280c7b214718.jpg,2,weighted_mean,0.2617975038751806,0.4149596160575034,0.26386304428534524,0.9709668583683658,0.1365447726191216,0.25499859423208415,0.9755957031247618
1-37-5_png_jpg.rf.5f9f5825548f5ed8beb0fc37e8510043.jpg,3,OR,0.9300423032546532,0.9637532832169656,0.9816654129466251,0.946483113470648,0.30099957764218993,0.47767804865130276,0.9364916992185214
1-37-5_png_jpg.rf.5f9f5825548f5ed8beb0fc37e8510043.jpg,3,AND,0.0,0.0,0.0,0.0,0.0,0.0,0.10795898437497364
1-37-5_png_jpg.rf.5f9f5825548f5ed8beb0fc37e8510043.jpg,3,weighted_mean,0.9300423032546532,0.9637532832169656,0.9816654129466251,0.946483113470648,0.30099957764218993,0.47767804865130276,0.9364916992185214
1-37-5_png_jpg.rf.b5d7de2411cb4e3e366897df9e0bd338.jpg,3,OR,0.8760784414448031,0.9339464940177221,0.8917589786893501,0.9803238545238522,0.24932262318607043,0.4334356414761169,0.8822094726560347
1-37-5_png_jpg.rf.b5d7de2411cb4e3e366897df9e0bd338.jpg,3,AND,0.0,0.0,0.0,0.0,0.0,0.0,0.15055175781246324
1-37-5_png_jpg.rf.b5d7de2411cb4e3e366897df9e0bd338.jpg,3,weighted_mean,0.8760784414448031,0.9339464940177221,0.8917589786893501,0.9803238545238522,0.24932262318607043,0.4334356414761169,0.8822094726560347
1-37-5_png_jpg.rf.d081a4fa0bbce5cffd9b8845fa88d117.jpg,3,OR,0.9712738251379693,0.9854276080290265,0.9853064525380425,0.9855487933185071,0.3121580886445902,0.4862868331837972,0.9739599609372622
1-37-5_png_jpg.rf.d081a4fa0bbce5cffd9b8845fa88d117.jpg,3,AND,0.0,0.0,0.0,0.0,0.0,0.0,0.10663818359372397
1-37-5_png_jpg.rf.d081a4fa0bbce5cffd9b8845fa88d117.jpg,3,weighted_mean,0.9712738251379693,0.9854276080290265,0.9853064525380425,0.9855487933185071,0.3121580886445902,0.4862868331837972,0.9739599609372622
1-39-19_png_jpg.rf.1d7c15c46fec028ff7ae0472f41c510b.jpg,1,OR,0.8707503419742202,0.9309102582392788,0.9991106896863564,0.8714257461850556,0.1251565726662204,0.2290974534211407,0.8770458984372859
1-39-19_png_jpg.rf.1d7c15c46fec028ff7ae0472f41c510b.jpg,1,AND,0.8707503419742202,0.9309102582392788,0.9991106896863564,0.8714257461850556,0.1251565726662204,0.2290974534211407,0.8770458984372859
1-39-19_png_jpg.rf.1d7c15c46fec028ff7ae0472f41c510b.jpg,1,weighted_mean,0.8707503419742202,0.9309102582392788,0.9991106896863564,0.8714257461850556,0.1251565726662204,0.2290974534211407,0.8770458984372859
1-39-19_png_jpg.rf.fdc21d12f23b7343f1ca9b9da247e231.jpg,2,OR,0.9710872709797237,0.9853315835143589,0.9872057383083765,0.9834645311922321,0.3813469995988029,0.5646611239591299,0.9716479492185128
1-39-19_png_jpg.rf.fdc21d12f23b7343f1ca9b9da247e231.jpg,2,AND,0.00010589240827067464,0.00021176239251162506,0.6086956512917455,0.00010589961724849953,0.012860310421222664,0.03208043734982551,0.03177001953124224
1-39-19_png_jpg.rf.fdc21d12f23b7343f1ca9b9da247e231.jpg,2,weighted_mean,0.9710872709797237,0.9853315835143589,0.9872057383083765,0.9834645311922321,0.3813469995988029,0.5646611239591299,0.9716479492185128
1-4-2_png_jpg.rf.19513572eb0436658afbc3cd05337ea3.jpg,5,OR,0.8860845129053994,0.9396021300662075,0.9499907011338726,0.9294383085567245,0.3615118690934282,0.569579117414721,0.9519018554685176
1-4-2_png_jpg.rf.19513572eb0436658afbc3cd05337ea3.jpg,5,AND,0.0,0.0,0.0,0.0,0.0,0.0,0.5974682617186041
1-4-2_png_jpg.rf.19513572eb0436658afbc3cd05337ea3.jpg,5,weighted_mean,0.8860845129053994,0.9396021300662075,0.9499907011338726,0.9294383085567245,0.3615118690934282,0.569579117414721,0.9519018554685176
1-4-2_png_jpg.rf.32938c62c1992cf5f3368f5df1ef3e23.jpg,5,OR,0.8530298333206782,0.9206865620636299,0.9394872763455985,0.9026235526483974,0.3019936185008229,0.49866091120852424,0.9456005859372691
1-4-2_png_jpg.rf.32938c62c1992cf5f3368f5df1ef3e23.jpg,5,AND,0.0,0.0,0.0,0.0,0.0,0.0,0.6501977539060912
1-4-2_png_jpg.rf.32938c62c1992cf5f3368f5df1ef3e23.jpg,5,weighted_mean,0.8530298333206782,0.9206865620636299,0.9394872763455985,0.9026235526483974,0.3019936185008229,0.49866091120852424,0.9456005859372691
1-4-2_png_jpg.rf.99372716a0a625c032e80a8ea56bf9d2.jpg,3,OR,0.8302834799604935,0.9072730962729502,0.8898690413824568,0.925371508257656,0.18258248730928264,0.31484500097941626,0.9152246093747766
1-4-2_png_jpg.rf.99372716a0a625c032e80a8ea56bf9d2.jpg,3,AND,0.0,0.0,0.0,0.0,0.0,0.0,0.5518164062498653
1-4-2_png_jpg.rf.99372716a0a625c032e80a8ea56bf9d2.jpg,3,weighted_mean,0.8302834799604935,0.9072730962729502,0.8898690413824568,0.925371508257656,0.18258248730928264,0.31484500097941626,0.9152246093747766
1-5-12_png_jpg.rf.423e13675e72367c172645c5b3b5d192.jpg,7,OR,0.7911467617344095,0.8833969149108959,0.8272562770354627,0.9477121275470451,0.27587367287487446,0.4458016192959364,0.9313476562497727
1-5-12_png_jpg.rf.423e13675e72367c172645c5b3b5d192.jpg,7,AND,0.0,0.0,0.0,0.0,0.0,0.0,0.7255932617185729
1-5-12_png_jpg.rf.423e13675e72367c172645c5b3b5d192.jpg,7,weighted_mean,0.7911467617344095,0.8833969149108959,0.8272562770354627,0.9477121275470451,0.27587367287487446,0.4458016192959364,0.9313476562497727
1-5-12_png_jpg.rf.8aad368953c3b1180853d9ee42be0442.jpg,6,OR,0.7594536440684766,0.8632834932921021,0.815796665755034,0.9166403453350559,0.20349834422993376,0.3422633396518689,0.9192114257810255
1-5-12_png_jpg.rf.8aad368953c3b1180853d9ee42be0442.jpg,6,AND,0.0,0.0,0.0,0.0,0.0,0.0,0.7217382812498238
1-5-12_png_jpg.rf.8aad368953c3b1180853d9ee42be0442.jpg,6,weighted_mean,0.7594536440684766,0.8632834932921021,0.815796665755034,0.9166403453350559,0.20349834422993376,0.3422633396518689,0.9192114257810255
1-8-14_png_jpg.rf.3036d6a8e367003678af51574779a1fd.jpg,6,OR,0.8997129742407352,0.9472093799857597,0.9554783035700731,0.9390823506558391,0.2878412688457389,0.4912228031850593,0.913161621093527
1-8-14_png_jpg.rf.3036d6a8e367003678af51574779a1fd.jpg,6,AND,0.0,0.0,0.0,0.0,0.0,0.0,0.1704028320312084
1-8-14_png_jpg.rf.3036d6a8e367003678af51574779a1fd.jpg,6,weighted_mean,0.8997129742407352,0.9472093799857597,0.9554783035700731,0.9390823506558391,0.2878412688457389,0.4912228031850593,0.913161621093527
1-8-14_png_jpg.rf.a70a31b83448465e21c8f89d6f732cfe.jpg,6,OR,0.9022840789204011,0.9486323193457754,0.9580841413727593,0.9393651662982899,0.2889441589375831,0.47473270045562743,0.9165576171872762
1-8-14_png_jpg.rf.a70a31b83448465e21c8f89d6f732cfe.jpg,6,AND,0.0,0.0,0.0,0.0,0.0,0.0,0.17978027343745612
1-8-14_png_jpg.rf.a70a31b83448465e21c8f89d6f732cfe.jpg,6,weighted_mean,0.9022840789204011,0.9486323193457754,0.9580841413727593,0.9393651662982899,0.2889441589375831,0.47473270045562743,0.9165576171872762
1-8-14_png_jpg.rf.aabe5fea380da2155e65820b9edf22c8.jpg,8,OR,0.8725707118809944,0.9319495454508081,0.9346469840844416,0.9292676319003108,0.2003155504435396,0.3216378470830602,0.8948266601560315
1-8-14_png_jpg.rf.aabe5fea380da2155e65820b9edf22c8.jpg,8,AND,0.0,0.0,0.0,0.0,0.0,0.0,0.22500976562494507
1-8-14_png_jpg.rf.aabe5fea380da2155e65820b9edf22c8.jpg,8,weighted_mean,0.8725707118809944,0.9319495454508081,0.9346469840844416,0.9292676319003108,0.2003155504435396,0.3216378470830602,0.8948266601560315
1-8-14_png_jpg.rf.c57dadd527c44219b27c0e2467720fdc.jpg,7,OR,0.8742412084308178,0.9329014904786604,0.943713426124593,0.9223344890313389,0.1696886294551852,0.28875109984579017,0.8997534179685304
1-8-14_png_jpg.rf.c57dadd527c44219b27c0e2467720fdc.jpg,7,AND,0.0,0.0,0.0,0.0,0.0,0.0,0.2444311523436903
1-8-14_png_jpg.rf.c57dadd527c44219b27c0e2467720fdc.jpg,7,weighted_mean,0.8742412084308178,0.9329014904786604,0.943713426124593,0.9223344890313389,0.1696886294551852,0.28875109984579017,0.8997534179685304
1-8-1_png_jpg.rf.3a2231b9dffb261b322bb834fbf9a903.jpg,4,OR,0.9418833665915903,0.9700720267714036,0.9610283220701753,0.9792875590276258,0.30354073564729334,0.4999860758621345,0.9453930664060192
1-8-1_png_jpg.rf.3a2231b9dffb261b322bb834fbf9a903.jpg,4,AND,0.0,0.0,0.0,0.0,0.0,0.0,0.0962792968749765
1-8-1_png_jpg.rf.3a2231b9dffb261b322bb834fbf9a903.jpg,4,weighted_mean,0.9418833665915903,0.9700720267714036,0.9610283220701753,0.9792875590276258,0.30354073564729334,0.4999860758621345,0.9453930664060192
1-8-1_png_jpg.rf.7341477d070ce809ee2ee1800c73a7cd.jpg,5,OR,0.9602532165692595,0.9797236484068608,0.9821516752994468,0.9773075968057666,0.4080965967820202,0.598208685879642,0.9622143554685151
1-8-1_png_jpg.rf.7341477d070ce809ee2ee1800c73a7cd.jpg,5,AND,0.0,0.0,0.0,0.0,0.0,0.0,0.0659301757812339
1-8-1_png_jpg.rf.7341477d070ce809ee2ee1800c73a7cd.jpg,5,weighted_mean,0.9602532165692595,0.9797236484068608,0.9821516752994468,0.9773075968057666,0.4080965967820202,0.598208685879642,0.9622143554685151
1-8-1_png_jpg.rf.ab54e19b8158f90fb97218bf13a9fe9a.jpg,3,OR,0.9128476442408091,0.9544384227245757,0.9560762534707322,0.9528061938369601,0.2018440602192462,0.3381161352280125,0.9285742187497733
1-8-1_png_jpg.rf.ab54e19b8158f90fb97218bf13a9fe9a.jpg,3,AND,0.0,0.0,0.0,0.0,0.0,0.0,0.21481933593744756
1-8-1_png_jpg.rf.ab54e19b8158f90fb97218bf13a9fe9a.jpg,3,weighted_mean,0.9128476442408091,0.9544384227245757,0.9560762534707322,0.9528061938369601,0.2018440602192462,0.3381161352280125,0.9285742187497733
1-8-1_png_jpg.rf.d46134b1a936aed81824e9b9c14f833d.jpg,5,OR,0.8821465731528784,0.9373835021521733,0.9431563896562187,0.9316808542977972,0.19113723295047833,0.32329191485862047,0.9040429687497793
1-8-1_png_jpg.rf.d46134b1a936aed81824e9b9c14f833d.jpg,5,AND,0.0,0.0,0.0,0.0,0.0,0.0,0.22908203124994408
1-8-1_png_jpg.rf.d46134b1a936aed81824e9b9c14f833d.jpg,5,weighted_mean,0.8821465731528784,0.9373835021521733,0.9431563896562187,0.9316808542977972,0.19113723295047833,0.32329191485862047,0.9040429687497793
1-9-1_png_jpg.rf.8bef805ce6cb3e9712fcdc80b4d39069.jpg,4,OR,0.9527984626468807,0.9758287717570502,0.9761158976798059,0.9755418147013836,0.36035273965284254,0.5628016776514929,0.9558642578122666
1-9-1_png_jpg.rf.8bef805ce6cb3e9712fcdc80b4d39069.jpg,4,AND,0.0,0.0,0.0,0.0,0.0,0.0,0.08675048828122882
1-9-1_png_jpg.rf.8bef805ce6cb3e9712fcdc80b4d39069.jpg,4,weighted_mean,0.9527984626468807,0.9758287717570502,0.9761158976798059,0.9755418147013836,0.36035273965284254,0.5628016776514929,0.9558642578122666
100_0001_0005-2_jpg.rf.a64cdc08fe87b12387022bc638d38e33.jpg,6,OR,0.7828804039062839,0.8782197641423352,0.816496555703406,0.9500380679462193,0.21076110457290737,0.36024347167687293,0.8927001953122821
100_0001_0005-2_jpg.rf.a64cdc08fe87b12387022bc638d38e33.jpg,6,AND,0.0,0.0,0.0,0.0,0.0,0.0,0.5927563476561053
100_0001_0005-2_jpg.rf.a64cdc08fe87b12387022bc638d38e33.jpg,6,weighted_mean,0.7828804039062839,0.8782197641423352,0.816496555703406,0.9500380679462193,0.21076110457290737,0.36024347167687293,0.8927001953122821
100_0001_0006-2_jpg.rf.ad3729dab32f7cc10a39a0dd0bd56491.jpg,5,OR,0.8936885462902162,0.9438601168507617,0.9331713244222434,0.9547966110607833,0.28387565641343804,0.4781904507727218,0.9578442382810162
100_0001_0006-2_jpg.rf.ad3729dab32f7cc10a39a0dd0bd56491.jpg,5,AND,0.0,0.0,0.0,0.0,0.0,0.0,0.6288476562498465
100_0001_0006-2_jpg.rf.ad3729dab32f7cc10a39a0dd0bd56491.jpg,5,weighted_mean,0.8936885462902162,0.9438601168507617,0.9331713244222434,0.9547966110607833,0.28387565641343804,0.4781904507727218,0.9578442382810162
100_0001_0013-2_jpg.rf.570659d02ba924421f50def0b853d37b.jpg,9,OR,0.8654683961794418,0.9278832039738198,0.8941449459625593,0.9642673504220016,0.31581792117990315,0.49747160577964994,0.9466235351560189
100_0001_0013-2_jpg.rf.570659d02ba924421f50def0b853d37b.jpg,9,AND,0.0,0.0,0.0,0.0,0.0,0.0,0.6438940429685928
100_0001_0013-2_jpg.rf.570659d02ba924421f50def0b853d37b.jpg,9,weighted_mean,0.8654683961794418,0.9278832039738198,0.8941449459625593,0.9642673504220016,0.31581792117990315,0.49747160577964994,0.9466235351560189
100_0001_0013-2_jpg.rf.f94794d2a0a5549397cfeaef0f3ba276.jpg,6,OR,0.8238140836343691,0.9033969975631837,0.8633528429093326,0.9473364938903559,0.2756826153734022,0.4613841662371714,0.9249829101560242
100_0001_0013-2_jpg.rf.f94794d2a0a5549397cfeaef0f3ba276.jpg,6,AND,0.0,0.0,0.0,0.0,0.0,0.0,0.6297338867185962
100_0001_0013-2_jpg.rf.f94794d2a0a5549397cfeaef0f3ba276.jpg,6,weighted_mean,0.8238140836343691,0.9033969975631837,0.8633528429093326,0.9473364938903559,0.2756826153734022,0.4613841662371714,0.9249829101560242
100_0001_0014-2_jpg.rf.1adacb17b1779f5d80c0171827df3738.jpg,6,OR,0.6364850619712852,0.777868465483681,0.7688797139958484,0.7870698728841494,0.20309734513233488,0.3513472307154341,0.864453124999789
100_0001_0014-2_jpg.rf.1adacb17b1779f5d80c0171827df3738.jpg,6,AND,0.0,0.0,0.0,0.0,0.0,0.0,0.6984619140623295
100_0001_0014-2_jpg.rf.1adacb17b1779f5d80c0171827df3738.jpg,6,weighted_mean,0.6364850619712852,0.777868465483681,0.7688797139958484,0.7870698728841494,0.20309734513233488,0.3513472307154341,0.864453124999789
100_0001_0014-5_jpg.rf.bf4f6a2f0e34c2fd72ec0482188e7201.jpg,6,OR,0.834766118836329,0.9099428098942289,0.9183801200762509,0.9016591183224457,0.24340904266558394,0.40099150525656274,0.9425634765622699
100_0001_0014-5_jpg.rf.bf4f6a2f0e34c2fd72ec0482188e7201.jpg,6,AND,0.0,0.0,0.0,0.0,0.0,0.0,0.6781811523435844
100_0001_0014-5_jpg.rf.bf4f6a2f0e34c2fd72ec0482188e7201.jpg,6,weighted_mean,0.834766118836329,0.9099428098942289,0.9183801200762509,0.9016591183224457,0.24340904266558394,0.40099150525656274,0.9425634765622699
100_0001_0016-5_jpg.rf.2a85f2a8bff1f4e41a0ad15180e00dbc.jpg,5,OR,0.802401640701753,0.890369407774555,0.9793541999309858,0.816208174981802,0.29560713118183607,0.5236931074549022,0.9155541992185264
100_0001_0016-5_jpg.rf.2a85f2a8bff1f4e41a0ad15180e00dbc.jpg,5,AND,0.0,0.0,0.0,0.0,0.0,0.0,0.5798681640623584
100_0001_0016-5_jpg.rf.2a85f2a8bff1f4e41a0ad15180e00dbc.jpg,5,weighted_mean,0.802401640701753,0.890369407774555,0.9793541999309858,0.816208174981802,0.29560713118183607,0.5236931074549022,0.9155541992185264
100_0001_0023-3_jpg.rf.0b0c75e37f2edc12569961bfa88d4b0e.jpg,8,OR,0.6893115318412568,0.8160857471800304,0.7882523520221567,0.8459566977638825,0.17577867536432412,0.32303913911915727,0.8677905273435381
100_0001_0023-3_jpg.rf.0b0c75e37f2edc12569961bfa88d4b0e.jpg,8,AND,0.0,0.0,0.0,0.0,0.0,0.0,0.6532592773435905
100_0001_0023-3_jpg.rf.0b0c75e37f2edc12569961bfa88d4b0e.jpg,8,weighted_mean,0.6893115318412568,0.8160857471800304,0.7882523520221567,0.8459566977638825,0.17577867536432412,0.32303913911915727,0.8677905273435381
100_0001_0024-3_jpg.rf.bfc9eb5e73ac5165ab3e3315bd4936fb.jpg,8,OR,0.6355236307236767,0.7771500439189302,0.6765240864745716,0.9129404959187385,0.09585895392071689,0.18091139659666905,0.8364794921872958
100_0001_0024-3_jpg.rf.bfc9eb5e73ac5165ab3e3315bd4936fb.jpg,8,AND,0.0,0.0,0.0,0.0,0.0,0.0,0.6876855468748321
100_0001_0024-3_jpg.rf.bfc9eb5e73ac5165ab3e3315bd4936fb.jpg,8,weighted_mean,0.6355236307236767,0.7771500439189302,0.6765240864745716,0.9129404959187385,0.09585895392071689,0.18091139659666905,0.8364794921872958
100_0001_0025-3_jpg.rf.67b40d3ec98cb21ab9c7741760649701.jpg,9,OR,0.4489388709078502,0.6196795184693501,0.5038214484706302,0.8047353175762523,0.14872725649739094,0.28199062510561057,0.712766113281076
100_0001_0025-3_jpg.rf.67b40d3ec98cb21ab9c7741760649701.jpg,9,AND,0.0,0.0,0.0,0.0,0.0,0.0,0.7092163085935769
100_0001_0025-3_jpg.rf.67b40d3ec98cb21ab9c7741760649701.jpg,9,weighted_mean,0.4489388709078502,0.6196795184693501,0.5038214484706302,0.8047353175762523,0.14872725649739094,0.28199062510561057,0.712766113281076
100_0001_0029-3_jpg.rf.58f2298e2d50635702c31d71694c0552.jpg,7,OR,0.5543546321328061,0.7132923474125707,0.5775828835770583,0.9323607903197276,0.17648996442492756,0.3312115711394758,0.8470922851560432
100_0001_0029-3_jpg.rf.58f2298e2d50635702c31d71694c0552.jpg,7,AND,0.0,0.0,0.0,0.0,0.0,0.0,0.7959936523435557
100_0001_0029-3_jpg.rf.58f2298e2d50635702c31d71694c0552.jpg,7,weighted_mean,0.5543546321328061,0.7132923474125707,0.5775828835770583,0.9323607903197276,0.17648996442492756,0.3312115711394758,0.8470922851560432
100_0001_0029-3_jpg.rf.70604977095f8a7b8292cec56316ba37.jpg,7,OR,0.5537114273834732,0.7127596767643662,0.5658854548113623,0.9626002890305444,0.15899924655374065,0.3048759905045266,0.847958984374793
100_0001_0029-3_jpg.rf.70604977095f8a7b8292cec56316ba37.jpg,7,AND,0.0,0.0,0.0,0.0,0.0,0.0,0.8040332031248038
100_0001_0029-3_jpg.rf.70604977095f8a7b8292cec56316ba37.jpg,7,weighted_mean,0.5537114273834732,0.7127596767643662,0.5658854548113623,0.9626002890305444,0.15899924655374065,0.3048759905045266,0.847958984374793
100_0001_0029-3_jpg.rf.e12fb270d8d07a4d86a033c65cb575ec.jpg,11,OR,0.45533470561849904,0.6257456842891511,0.4621255058057559,0.9687366167010172,0.14808941746471074,0.28111307298831345,0.7952172851560558
100_0001_0029-3_jpg.rf.e12fb270d8d07a4d86a033c65cb575ec.jpg,11,AND,0.0,0.0,0.0,0.0,0.0,0.0,0.823278808593549
100_0001_0029-3_jpg.rf.e12fb270d8d07a4d86a033c65cb575ec.jpg,11,weighted_mean,0.45975609756067415,0.6299081035920312,0.4666804208785836,0.9687366167010172,0.14859668508254453,0.28232531550002204,0.7988330078123049
100_0001_0030-3_jpg.rf.33bdbbca27dd53018d0e6af41419479f.jpg,3,OR,0.3101519248844487,0.47345948052826486,0.3191415673438279,0.9167409948510574,0.08476387899175758,0.1590625271131292,0.8548876953122913
100_0001_0030-3_jpg.rf.33bdbbca27dd53018d0e6af41419479f.jpg,3,AND,0.0,0.0,0.0,0.0,0.0,0.0,0.9288330078122732
100_0001_0030-3_jpg.rf.33bdbbca27dd53018d0e6af41419479f.jpg,3,weighted_mean,0.3101519248844487,0.47345948052826486,0.3191415673438279,0.9167409948510574,0.08476387899175758,0.1590625271131292,0.8548876953122913
100_0001_0030-3_jpg.rf.593b6df212ce2b17a24557c0d5f88505.jpg,3,OR,0.721726769050445,0.8383754983939604,0.8852739981208583,0.7961960164051199,0.1626637027006105,0.28074736498269076,0.9440844726560195
100_0001_0030-3_jpg.rf.593b6df212ce2b17a24557c0d5f88505.jpg,3,AND,0.0,0.0,0.0,0.0,0.0,0.0,0.8178564453123003
100_0001_0030-3_jpg.rf.593b6df212ce2b17a24557c0d5f88505.jpg,3,weighted_mean,0.721726769050445,0.8383754983939604,0.8852739981208583,0.7961960164051199,0.1626637027006105,0.28074736498269076,0.9440844726560195
100_0001_0030-3_jpg.rf.9bf1fa0a67ca6aed7b2cc11372d2aff6.jpg,2,OR,0.3116868657945865,0.47524584399307,0.3122779061424392,0.993964292954991,0.05738739232974495,0.11866395782743813,0.8943432617185316
100_0001_0030-3_jpg.rf.9bf1fa0a67ca6aed7b2cc11372d2aff6.jpg,2,AND,0.0,0.0,0.0,0.0,0.0,0.0,0.9518652343747676
100_0001_0030-3_jpg.rf.9bf1fa0a67ca6aed7b2cc11372d2aff6.jpg,2,weighted_mean,0.3116868657945865,0.47524584399307,0.3122779061424392,0.993964292954991,0.05738739232974495,0.11866395782743813,0.8943432617185316
100_0001_0031-3_jpg.rf.8b650dc8677249b26e707d0b877db34e.jpg,7,OR,0.6035614745010512,0.7527762223008626,0.6128741947700207,0.9754424320078112,0.13930756348426362,0.2577400064221479,0.9170043945310261
100_0001_0031-3_jpg.rf.8b650dc8677249b26e707d0b877db34e.jpg,7,AND,0.0,0.0,0.0,0.0,0.0,0.0,0.8704614257810375
100_0001_0031-3_jpg.rf.8b650dc8677249b26e707d0b877db34e.jpg,7,weighted_mean,0.6035614745010512,0.7527762223008626,0.6128741947700207,0.9754424320078112,0.13930756348426362,0.2577400064221479,0.9170043945310261
100_0001_0031-3_jpg.rf.a6139bbcc37e2690854210f29dcaa1b7.jpg,7,OR,0.5315642142518715,0.6941455138549664,0.584598818266353,0.854214996064684,0.09055842903453856,0.16598665185683914,0.908894042968528
100_0001_0031-3_jpg.rf.a6139bbcc37e2690854210f29dcaa1b7.jpg,7,AND,0.0,0.0,0.0,0.0,0.0,0.0,0.8789721679685354
100_0001_0031-3_jpg.rf.a6139bbcc37e2690854210f29dcaa1b7.jpg,7,weighted_mean,0.5315642142518715,0.6941455138549664,0.584598818266353,0.854214996064684,0.09055842903453856,0.16598665185683914,0.908894042968528
100_0001_0031-3_jpg.rf.c00fef7ff244e377347cd19adda59ddd.jpg,5,OR,0.5822881653532054,0.7360077362687275,0.6148782878173723,0.9165696010089894,0.18583299617134283,0.3220400569046938,0.9186889648435257
100_0001_0031-3_jpg.rf.c00fef7ff244e377347cd19adda59ddd.jpg,5,AND,0.0,0.0,0.0,0.0,0.0,0.0,0.876335449218536
100_0001_0031-3_jpg.rf.c00fef7ff244e377347cd19adda59ddd.jpg,5,weighted_mean,0.5822881653532054,0.7360077362687275,0.6148782878173723,0.9165696010089894,0.18583299617134283,0.3220400569046938,0.9186889648435257
100_0001_0031-3_jpg.rf.fa55a6a853f55b25125222b8250593c3.jpg,5,OR,0.5801652644672692,0.7343096035753753,0.5907432009397426,0.9700601805391924,0.15917100827398417,0.29188245826669085,0.9316528320310226
100_0001_0031-3_jpg.rf.fa55a6a853f55b25125222b8250593c3.jpg,5,AND,0.0,0.0,0.0,0.0,0.0,0.0,0.9026367187497796
100_0001_0031-3_jpg.rf.fa55a6a853f55b25125222b8250593c3.jpg,5,weighted_mean,0.5801652644672692,0.7343096035753753,0.5907432009397426,0.9700601805391924,0.15917100827398417,0.29188245826669085,0.9316528320310226
100_0001_0032-2_jpg.rf.e3199158732c0b986101b1e62b2a4ac0.jpg,4,OR,0.6323126650037447,0.774744543199748,0.6836054203993716,0.8939235384369544,0.2777084957110077,0.4838436355591481,0.9636181640622647
100_0001_0032-2_jpg.rf.e3199158732c0b986101b1e62b2a4ac0.jpg,4,AND,0.0,0.0,0.0,0.0,0.0,0.0,0.930009765624773
100_0001_0032-2_jpg.rf.e3199158732c0b986101b1e62b2a4ac0.jpg,4,weighted_mean,0.6323126650037447,0.774744543199748,0.6836054203993716,0.8939235384369544,0.2777084957110077,0.4838436355591481,0.9636181640622647
10_jpg.rf.11e5484ee917d589d25ff518f49281cd.jpg,4,OR,0.7219239198491532,0.8385084979972824,0.7437185524442461,0.9609906540098555,0.14922860375859237,0.26440442038498824,0.9132641601560271
10_jpg.rf.11e5484ee917d589d25ff518f49281cd.jpg,4,AND,0.0,0.0,0.0,0.0,0.0,0.0,0.765681152343563
10_jpg.rf.11e5484ee917d589d25ff518f49281cd.jpg,4,weighted_mean,0.7219239198491532,0.8385084979972824,0.7437185524442461,0.9609906540098555,0.14922860375859237,0.26440442038498824,0.9132641601560271
111335_sat_00_jpg.rf.8359e8d7a6deb8dbcdb09a12a8302b36.jpg,7,OR,0.7531052619217978,0.8591671912458069,0.7896142688913094,0.9421567715493848,0.24779697505929868,0.3968407266261549,0.8459716796872935
111335_sat_00_jpg.rf.8359e8d7a6deb8dbcdb09a12a8302b36.jpg,7,AND,0.0,0.0,0.0,0.0,0.0,0.0,0.5013208007811276
111335_sat_00_jpg.rf.8359e8d7a6deb8dbcdb09a12a8302b36.jpg,7,weighted_mean,0.7531052619217978,0.8591671912458069,0.7896142688913094,0.9421567715493848,0.24779697505929868,0.3968407266261549,0.8459716796872935
111335_sat_00_jpg.rf.a6762bd66fb2da8416d6ed22536e0c34.jpg,6,OR,0.7997408906879353,0.8887289218419006,0.8190736824643119,0.971332474454446,0.18217513009791245,0.3393588648709943,0.8792382812497853
111335_sat_00_jpg.rf.a6762bd66fb2da8416d6ed22536e0c34.jpg,6,AND,0.0,0.0,0.0,0.0,0.0,0.0,0.503500976562377
111335_sat_00_jpg.rf.a6762bd66fb2da8416d6ed22536e0c34.jpg,6,weighted_mean,0.7997408906879353,0.8887289218419006,0.8190736824643119,0.971332474454446,0.18217513009791245,0.3393588648709943,0.8792382812497853
111335_sat_01_jpg.rf.7e2186527a04fe190e490a8c42af3734.jpg,9,OR,0.6821323057158704,0.8110328817751029,0.7161092210656582,0.9349672018990025,0.1790281329921144,0.32671373705682677,0.7885473632810575
111335_sat_01_jpg.rf.7e2186527a04fe190e490a8c42af3734.jpg,9,AND,0.0,0.0,0.0,0.0,0.0,0.0,0.5146679687498743
111335_sat_01_jpg.rf.7e2186527a04fe190e490a8c42af3734.jpg,9,weighted_mean,0.6821323057158704,0.8110328817751029,0.7161092210656582,0.9349672018990025,0.1790281329921144,0.32671373705682677,0.7885473632810575
111335_sat_01_jpg.rf.9f71ca3a5a932cbfe9dc31e0324840eb.jpg,8,OR,0.6970674577660096,0.8214964638867299,0.723295411162571,0.9505518880375228,0.15357205811972302,0.26834620577906765,0.8090356445310525
111335_sat_01_jpg.rf.9f71ca3a5a932cbfe9dc31e0324840eb.jpg,8,AND,0.0,0.0,0.0,0.0,0.0,0.0,0.5377197265623688
111335_sat_01_jpg.rf.9f71ca3a5a932cbfe9dc31e0324840eb.jpg,8,weighted_mean,0.6970674577660096,0.8214964638867299,0.723295411162571,0.9505518880375228,0.15357205811972302,0.26834620577906765,0.8090356445310525
111335_sat_01_jpg.rf.abdfeb04f9c8fee5ac7939d4840e718c.jpg,9,OR,0.6875899124377692,0.8148779598291471,0.7127000900157674,0.9512570977830618,0.16275939294288858,0.2792198139811839,0.7980004882810552
111335_sat_01_jpg.rf.abdfeb04f9c8fee5ac7939d4840e718c.jpg,9,AND,0.0,0.0,0.0,0.0,0.0,0.0,0.53263427734362
111335_sat_01_jpg.rf.abdfeb04f9c8fee5ac7939d4840e718c.jpg,9,weighted_mean,0.6875899124377692,0.8148779598291471,0.7127000900157674,0.9512570977830618,0.16275939294288858,0.2792198139811839,0.7980004882810552
111335_sat_07_jpg.rf.f021f17d5e3b4d4eca3554d6a0aced72.jpg,2,OR,0.9093646529955829,0.9525311485879765,0.9268124186210166,0.9797179902048617,0.3094240423759548,0.486302156149417,0.9121850585935273
111335_sat_07_jpg.rf.f021f17d5e3b4d4eca3554d6a0aced72.jpg,2,AND,0.0038603959213359194,0.007691101147172711,0.9999999999296765,0.0038603959213359194,0.0044672516093457945,0.009519453166325588,0.10416503906247457
111335_sat_07_jpg.rf.f021f17d5e3b4d4eca3554d6a0aced72.jpg,2,weighted_mean,0.9093646529955829,0.9525311485879765,0.9268124186210166,0.9797179902048617,0.3094240423759548,0.486302156149417,0.9121850585935273
111335_sat_23_jpg.rf.4fbe9fad90222f49be9ac289860299cf.jpg,6,OR,0.8401111446169818,0.913109131559388,0.8688295570262001,0.9621444656276674,0.24344046448135498,0.42023568261269917,0.8731420898435368
111335_sat_23_jpg.rf.4fbe9fad90222f49be9ac289860299cf.jpg,6,AND,0.0,0.0,0.0,0.0,0.0,0.0,0.307219238281175
111335_sat_23_jpg.rf.4fbe9fad90222f49be9ac289860299cf.jpg,6,weighted_mean,0.8401111446169818,0.913109131559388,0.8688295570262001,0.9621444656276674,0.24344046448135498,0.42023568261269917,0.8731420898435368
111335_sat_23_jpg.rf.c4fdd2a4d16d362cbdd2a3832fd962a3.jpg,5,OR,0.8322164744730176,0.9084259268134568,0.8650763219395556,0.9563492864492856,0.2064051782433156,0.3438816487005913,0.86007812499979
111335_sat_23_jpg.rf.c4fdd2a4d16d362cbdd2a3832fd962a3.jpg,5,AND,0.0,0.0,0.0,0.0,0.0,0.0,0.27430175781243304
111335_sat_23_jpg.rf.c4fdd2a4d16d362cbdd2a3832fd962a3.jpg,5,weighted_mean,0.8322164744730176,0.9084259268134568,0.8650763219395556,0.9563492864492856,0.2064051782433156,0.3438816487005913,0.86007812499979
111335_sat_25_jpg.rf.234c6f818862d94efebf3e9ab2dc0990.jpg,3,OR,0.8647323178455181,0.9274600000976183,0.8990749750417338,0.9576957635186256,0.1961960684192081,0.3388935144068145,0.8913159179685324
111335_sat_25_jpg.rf.234c6f818862d94efebf3e9ab2dc0990.jpg,3,AND,0.0,0.0,0.0,0.0,0.0,0.0,0.27451904296868296
111335_sat_25_jpg.rf.234c6f818862d94efebf3e9ab2dc0990.jpg,3,weighted_mean,0.8647323178455181,0.9274600000976183,0.8990749750417338,0.9576957635186256,0.1961960684192081,0.3388935144068145,0.8913159179685324
111335_sat_25_jpg.rf.af456c9eb111e613c957351ed28d4ac3.jpg,4,OR,0.8955011380725045,0.9448700610996423,0.9505571418733504,0.9392506259896993,0.13384772660857305,0.2571244878195184,0.917392578124776
111335_sat_25_jpg.rf.af456c9eb111e613c957351ed28d4ac3.jpg,4,AND,0.0,0.0,0.0,0.0,0.0,0.0,0.24631103515618988
111335_sat_25_jpg.rf.af456c9eb111e613c957351ed28d4ac3.jpg,4,weighted_mean,0.8955011380725045,0.9448700610996423,0.9505571418733504,0.9392506259896993,0.13384772660857305,0.2571244878195184,0.917392578124776
111335_sat_25_jpg.rf.c4d5aaaa101f5833d883d5bc747ef2b4.jpg,3,OR,0.9122162228491495,0.9540931741390338,0.975634244615327,0.933482767930289,0.24501258087651642,0.41848659561726154,0.9301416015622729
111335_sat_25_jpg.rf.c4d5aaaa101f5833d883d5bc747ef2b4.jpg,3,AND,0.0,0.0,0.0,0.0,0.0,0.0,0.22232910156244573
111335_sat_25_jpg.rf.c4d5aaaa101f5833d883d5bc747ef2b4.jpg,3,weighted_mean,0.9122162228491495,0.9540931741390338,0.975634244615327,0.933482767930289,0.24501258087651642,0.41848659561726154,0.9301416015622729
111335_sat_25_jpg.rf.db041ab9f4d6f607648fb5b1ca2d59fd.jpg,3,OR,0.9269502567637229,0.9620904883351982,0.9514560662606282,0.9729653192766596,0.19283721355671032,0.3382305698179047,0.9418286132810201
111335_sat_25_jpg.rf.db041ab9f4d6f607648fb5b1ca2d59fd.jpg,3,AND,0.0,0.0,0.0,0.0,0.0,0.0,0.24133544921869107
111335_sat_25_jpg.rf.db041ab9f4d6f607648fb5b1ca2d59fd.jpg,3,weighted_mean,0.9269502567637229,0.9620904883351982,0.9514560662606282,0.9729653192766596,0.19283721355671032,0.3382305698179047,0.9418286132810201
111335_sat_25_jpg.rf.e7ac1afcd282263fc0902e50398ec291.jpg,3,OR,0.9467416713164684,0.9726423235972977,0.969076302740721,0.9762346859747087,0.3068282154412174,0.5197576583229742,0.9568920898435164
111335_sat_25_jpg.rf.e7ac1afcd282263fc0902e50398ec291.jpg,3,AND,0.0,0.0,0.0,0.0,0.0,0.0,0.2150415039061975
111335_sat_25_jpg.rf.e7ac1afcd282263fc0902e50398ec291.jpg,3,weighted_mean,0.9467416713164684,0.9726423235972977,0.969076302740721,0.9762346859747087,0.3068282154412174,0.5197576583229742,0.9568920898435164
111335_sat_25_jpg.rf.ff52cc86222eef9bb772d5a749577b22.jpg,3,OR,0.9202514609953805,0.9584697417892961,0.9767838413473554,0.9408297592777906,0.2221422935902396,0.376089423641734,0.9357666015622715
111335_sat_25_jpg.rf.ff52cc86222eef9bb772d5a749577b22.jpg,3,AND,0.0,0.0,0.0,0.0,0.0,0.0,0.2121679687499482
111335_sat_25_jpg.rf.ff52cc86222eef9bb772d5a749577b22.jpg,3,weighted_mean,0.9202514609953805,0.9584697417892961,0.9767838413473554,0.9408297592777906,0.2221422935902396,0.376089423641734,0.9357666015622715
111335_sat_26_jpg.rf.8775f37dc97921561457f5fbc76538da.jpg,7,OR,0.7215458924896292,0.8382534507356746,0.867266858401001,0.8111184238759167,0.17221025598506293,0.2916267431001873,0.893173828124782
111335_sat_26_jpg.rf.8775f37dc97921561457f5fbc76538da.jpg,7,AND,0.0,0.0,0.0,0.0,0.0,0.0,0.6587255859373392
111335_sat_26_jpg.rf.8775f37dc97921561457f5fbc76538da.jpg,7,weighted_mean,0.7215458924896292,0.8382534507356746,0.867266858401001,0.8111184238759167,0.17221025598506293,0.2916267431001873,0.893173828124782
111335_sat_36_jpg.rf.25377aef12a6e1937076aac2ca8b9138.jpg,6,OR,0.7365632021631648,0.8482999078244415,0.7725691125298427,0.9404912025317832,0.16876599257091413,0.2992685109463416,0.8059301757810532
111335_sat_36_jpg.rf.25377aef12a6e1937076aac2ca8b9138.jpg,6,AND,0.0,0.0,0.0,0.0,0.0,0.0,0.42305175781239673
111335_sat_36_jpg.rf.25377aef12a6e1937076aac2ca8b9138.jpg,6,weighted_mean,0.7365632021631648,0.8482999078244415,0.7725691125298427,0.9404912025317832,0.16876599257091413,0.2992685109463416,0.8059301757810532
111335_sat_36_jpg.rf.25c5c8016cfd96f4e81bb100c1dc4b59.jpg,7,OR,0.6970879059832183,0.8215106636793292,0.7207505025684544,0.9550216900475427,0.13767618645385687,0.24255473188763016,0.7603710937498144
111335_sat_36_jpg.rf.25c5c8016cfd96f4e81bb100c1dc4b59.jpg,7,AND,0.0,0.0,0.0,0.0,0.0,0.0,0.42257324218739684
111335_sat_36_jpg.rf.25c5c8016cfd96f4e81bb100c1dc4b59.jpg,7,weighted_mean,0.6970879059832183,0.8215106636793292,0.7207505025684544,0.9550216900475427,0.13767618645385687,0.24255473188763016,0.7603710937498144
111335_sat_36_jpg.rf.b8943c735f53c81d04a843131d935860.jpg,6,OR,0.6798989948675357,0.8094522312886406,0.6874877722840586,0.9840239972277012,0.25149190110779296,0.43003850788184944,0.7616943359373141
111335_sat_36_jpg.rf.b8943c735f53c81d04a843131d935860.jpg,6,AND,0.0,0.0,0.0,0.0,0.0,0.0,0.48561767578113146
111335_sat_36_jpg.rf.b8943c735f53c81d04a843131d935860.jpg,6,weighted_mean,0.6798989948675357,0.8094522312886406,0.6874877722840586,0.9840239972277012,0.25149190110779296,0.43003850788184944,0.7616943359373141
111335_sat_47_jpg.rf.be50ad67727f2a53dda2e4f3a8870ccd.jpg,4,OR,0.8370790290294765,0.9113152083301532,0.9971292509165923,0.8391012313225572,0.2254684896482037,0.403447395635891,0.851953124999792
111335_sat_47_jpg.rf.be50ad67727f2a53dda2e4f3a8870ccd.jpg,4,AND,0.00012388636926752888,0.0002477420466723806,0.999999997826087,0.00012388636926752888,0.0,0.0,0.09359863281247714
111335_sat_47_jpg.rf.be50ad67727f2a53dda2e4f3a8870ccd.jpg,4,weighted_mean,0.8370790290294765,0.9113152083301532,0.9971292509165923,0.8391012313225572,0.2254684896482037,0.403447395635891,0.851953124999792
111335_sat_61_jpg.rf.5a9545a45034f7836e37b8b8fda3d7ec.jpg,5,OR,0.8403466559241689,0.9132482222510097,0.9663435505626207,0.8656836107814072,0.12989926179670888,0.24327697603482398,0.8567968749997908
111335_sat_61_jpg.rf.5a9545a45034f7836e37b8b8fda3d7ec.jpg,5,AND,0.0,0.0,0.0,0.0,0.0,0.0,0.12928955078121843
111335_sat_61_jpg.rf.5a9545a45034f7836e37b8b8fda3d7ec.jpg,5,weighted_mean,0.8403466559241689,0.9132482222510097,0.9663435505626207,0.8656836107814072,0.12989926179670888,0.24327697603482398,0.8567968749997908
111335_sat_61_jpg.rf.79722e3cc4e2426212c62ffa9882f7eb.jpg,5,OR,0.8395598632933583,0.9127834109081907,0.8788172273676657,0.949480730623788,0.1689398188954741,0.2999151056422073,0.8700317382810376
111335_sat_61_jpg.rf.79722e3cc4e2426212c62ffa9882f7eb.jpg,5,AND,0.0,0.0,0.0,0.0,0.0,0.0,0.28370849609368076
111335_sat_61_jpg.rf.79722e3cc4e2426212c62ffa9882f7eb.jpg,5,weighted_mean,0.8395598632933583,0.9127834109081907,0.8788172273676657,0.949480730623788,0.1689398188954741,0.2999151056422073,0.8700317382810376
111335_sat_61_jpg.rf.df8de611cb0a3077cff559275d451e1c.jpg,6,OR,0.8130468043250095,0.8968845176919785,0.838369894573148,0.9641801576069594,0.16902400879892585,0.3152740791630919,0.8496459960935425
111335_sat_61_jpg.rf.df8de611cb0a3077cff559275d451e1c.jpg,6,AND,0.0,0.0,0.0,0.0,0.0,0.0,0.3218286132811714
111335_sat_61_jpg.rf.df8de611cb0a3077cff559275d451e1c.jpg,6,weighted_mean,0.8130468043250095,0.8968845176919785,0.838369894573148,0.9641801576069594,0.16902400879892585,0.3152740791630919,0.8496459960935425
111335_sat_74_jpg.rf.427e454470aa2572826cfa8e3cef5154.jpg,3,OR,0.9472394217154203,0.9729049352143352,0.9593167908748196,0.9868835460309506,0.404200015440193,0.5885309492323888,0.9549609374997668
111335_sat_74_jpg.rf.427e454470aa2572826cfa8e3cef5154.jpg,3,AND,0.0,0.0,0.0,0.0,0.0,0.0,0.1806420898437059
111335_sat_74_jpg.rf.427e454470aa2572826cfa8e3cef5154.jpg,3,weighted_mean,0.9472394217154203,0.9729049352143352,0.9593167908748196,0.9868835460309506,0.404200015440193,0.5885309492323888,0.9549609374997668
119079_sat_11_jpg.rf.1643c56447e6f1bf1b8c755053d72d17.jpg,5,OR,0.8220673079535125,0.9023457084873907,0.8339967065791637,0.9828976753708376,0.20191969003140495,0.3558850870462467,0.8402246093747948
119079_sat_11_jpg.rf.1643c56447e6f1bf1b8c755053d72d17.jpg,5,AND,0.0,0.0,0.0,0.0,0.0,0.0,0.2489770507811892
119079_sat_11_jpg.rf.1643c56447e6f1bf1b8c755053d72d17.jpg,5,weighted_mean,0.8220673079535125,0.9023457084873907,0.8339967065791637,0.9828976753708376,0.20191969003140495,0.3558850870462467,0.8402246093747948
119079_sat_11_jpg.rf.89a3762a5c408bcf66fdcf40f23a0442.jpg,4,OR,0.8422795700101596,0.9143884388898854,0.8548699013022795,0.9828148792687741,0.21884406983710059,0.35200603420830456,0.8595483398435402
119079_sat_11_jpg.rf.89a3762a5c408bcf66fdcf40f23a0442.jpg,4,AND,0.0,0.0,0.0,0.0,0.0,0.0,0.23682617187494218
119079_sat_11_jpg.rf.89a3762a5c408bcf66fdcf40f23a0442.jpg,4,weighted_mean,0.8422795700101596,0.9143884388898854,0.8548699013022795,0.9828148792687741,0.21884406983710059,0.35200603420830456,0.8595483398435402
119079_sat_12_jpg.rf.1b2d5c2e24a98c25ef5ced212bbb64af.jpg,7,OR,0.7361091122079371,0.8479986736222739,0.8048062004154085,0.8960901912526805,0.1803964399412307,0.3193653270352466,0.8075097656248028
119079_sat_12_jpg.rf.1b2d5c2e24a98c25ef5ced212bbb64af.jpg,7,AND,0.0,0.0,0.0,0.0,0.0,0.0,0.40079589843740215
119079_sat_12_jpg.rf.1b2d5c2e24a98c25ef5ced212bbb64af.jpg,7,weighted_mean,0.7361091122079371,0.8479986736222739,0.8048062004154085,0.8960901912526805,0.1803964399412307,0.3193653270352466,0.8075097656248028
119079_sat_12_jpg.rf.28b44b3e2cb903d3bfac38604c2bddb8.jpg,7,OR,0.7764410493046718,0.8741534649951751,0.8246553339576878,0.929973062096152,0.22951479520865817,0.39576384349417565,0.8310961914060471
119079_sat_12_jpg.rf.28b44b3e2cb903d3bfac38604c2bddb8.jpg,7,AND,0.0,0.0,0.0,0.0,0.0,0.0,0.36920898437490984
119079_sat_12_jpg.rf.28b44b3e2cb903d3bfac38604c2bddb8.jpg,7,weighted_mean,0.7764410493046718,0.8741534649951751,0.8246553339576878,0.929973062096152,0.22951479520865817,0.39576384349417565,0.8310961914060471
119079_sat_12_jpg.rf.79f695c9a98458f424b417f3f05f4dfb.jpg,7,OR,0.7514447130145382,0.8580855649404683,0.8309497237763243,0.8870535562862976,0.19633247830573997,0.34381770595379363,0.8310424804685471
119079_sat_12_jpg.rf.79f695c9a98458f424b417f3f05f4dfb.jpg,7,AND,0.0,0.0,0.0,0.0,0.0,0.0,0.42416015624989645
119079_sat_12_jpg.rf.79f695c9a98458f424b417f3f05f4dfb.jpg,7,weighted_mean,0.7514447130145382,0.8580855649404683,0.8309497237763243,0.8870535562862976,0.19633247830573997,0.34381770595379363,0.8310424804685471
119079_sat_16_jpg.rf.231c77b72b185d620e10c3bea2377769.jpg,4,OR,0.9355082607359402,0.9666796879288244,0.9699497851304264,0.9634315663069561,0.34784895955007056,0.5661675511239712,0.9481469726560185
119079_sat_16_jpg.rf.231c77b72b185d620e10c3bea2377769.jpg,4,AND,0.0,0.0,0.0,0.0,0.0,0.0,0.21927734374994645
119079_sat_16_jpg.rf.231c77b72b185d620e10c3bea2377769.jpg,4,weighted_mean,0.9355082607359402,0.9666796879288244,0.9699497851304264,0.9634315663069561,0.34784895955007056,0.5661675511239712,0.9481469726560185
119079_sat_17_jpg.rf.cda5ef7bf3bf8dca81d91d869b9cdb57.jpg,4,OR,0.7726256840813877,0.8717302146976154,0.8285973370269721,0.9196002771353264,0.23080004179542543,0.391528926279179,0.8693530273435377
119079_sat_17_jpg.rf.cda5ef7bf3bf8dca81d91d869b9cdb57.jpg,4,AND,0.0,0.0,0.0,0.0,0.0,0.0,0.5172436523436237
119079_sat_17_jpg.rf.cda5ef7bf3bf8dca81d91d869b9cdb57.jpg,4,weighted_mean,0.7726256840813877,0.8717302146976154,0.8285973370269721,0.9196002771353264,0.23080004179542543,0.391528926279179,0.8693530273435377
119079_sat_23_jpg.rf.2a14f6c0b265e0d17dcbd3c5bb7e9a80.jpg,4,OR,0.8996946061464289,0.9471992005825385,0.9319674904709374,0.962937065243245,0.23438793784014483,0.4032637525595057,0.9205346679685252
119079_sat_23_jpg.rf.2a14f6c0b265e0d17dcbd3c5bb7e9a80.jpg,4,AND,0.0,0.0,0.0,0.0,0.0,0.0,0.2597973632811866
119079_sat_23_jpg.rf.2a14f6c0b265e0d17dcbd3c5bb7e9a80.jpg,4,weighted_mean,0.8996946061464289,0.9471992005825385,0.9319674904709374,0.962937065243245,0.23438793784014483,0.4032637525595057,0.9205346679685252
119079_sat_23_jpg.rf.2aedf4690b0b124d87314405b4570506.jpg,3,OR,0.891616875001704,0.9427034478119686,0.963967216045104,0.9223575310198416,0.27274863101535657,0.4583556695997335,0.9167871093747761
119079_sat_23_jpg.rf.2aedf4690b0b124d87314405b4570506.jpg,3,AND,0.0,0.0,0.0,0.0,0.0,0.0,0.25782226562493704
119079_sat_23_jpg.rf.2aedf4690b0b124d87314405b4570506.jpg,3,weighted_mean,0.891616875001704,0.9427034478119686,0.963967216045104,0.9223575310198416,0.27274863101535657,0.4583556695997335,0.9167871093747761
119079_sat_23_jpg.rf.9015693692230bb4ed29e7ebef3a4f7d.jpg,3,OR,0.9204448400173452,0.958574618585798,0.9586628796151694,0.9584863738064533,0.26713934792268285,0.42905294827587914,0.9351879882810217
119079_sat_23_jpg.rf.9015693692230bb4ed29e7ebef3a4f7d.jpg,3,AND,0.0,0.0,0.0,0.0,0.0,0.0,0.21765380859369687
119079_sat_23_jpg.rf.9015693692230bb4ed29e7ebef3a4f7d.jpg,3,weighted_mean,0.9204448400173452,0.958574618585798,0.9586628796151694,0.9584863738064533,0.26713934792268285,0.42905294827587914,0.9351879882810217
119079_sat_40_jpg.rf.605f58c80663023eeaf035fc8b82c853.jpg,3,OR,0.9274369795959808,0.9623525847162954,0.9567862511021736,0.9679840642954867,0.21246612466060685,0.36792175578519665,0.9411499023435203
119079_sat_40_jpg.rf.605f58c80663023eeaf035fc8b82c853.jpg,3,AND,0.007074405285234785,0.014049419284429324,0.9210956663564557,0.007078695107120772,0.012660925910083293,0.01838057067053824,0.22798095703119434
119079_sat_40_jpg.rf.605f58c80663023eeaf035fc8b82c853.jpg,3,weighted_mean,0.9274369795959808,0.9623525847162954,0.9567862511021736,0.9679840642954867,0.21246612466060685,0.36792175578519665,0.9411499023435203
119079_sat_41_jpg.rf.154ff9cef340d74f7d0a328476127c18.jpg,2,OR,0.9679216463976158,0.9836993745858199,0.9849407664523152,0.982461108011376,0.4389191160812215,0.663010273002043,0.9716455078122628
119079_sat_41_jpg.rf.154ff9cef340d74f7d0a328476127c18.jpg,2,AND,0.0,0.0,0.0,0.0,0.0,0.0,0.12916748046871845
119079_sat_41_jpg.rf.154ff9cef340d74f7d0a328476127c18.jpg,2,weighted_mean,0.9679216463976158,0.9836993745858199,0.9849407664523152,0.982461108011376,0.4389191160812215,0.663010273002043,0.9716455078122628
119079_sat_41_jpg.rf.378b47f66e7b793f43ab01788dd91eab.jpg,3,OR,0.9504077486150602,0.9745733929635205,0.9895387183333267,0.9600539811063428,0.3758097645747727,0.5925324486171791,0.9564990234372664
119079_sat_41_jpg.rf.378b47f66e7b793f43ab01788dd91eab.jpg,3,AND,0.0,0.0,0.0,0.0,0.0,0.0,0.13164062499996787
119079_sat_41_jpg.rf.378b47f66e7b793f43ab01788dd91eab.jpg,3,weighted_mean,0.9504077486150602,0.9745733929635205,0.9895387183333267,0.9600539811063428,0.3758097645747727,0.5925324486171791,0.9564990234372664
119079_sat_41_jpg.rf.4a1901e22c7316a2604f445460cd7209.jpg,4,OR,0.9322612940262187,0.9649432992405311,0.9520539043385853,0.9781864905202844,0.23965633598027394,0.41466101217802437,0.9415234374997702
119079_sat_41_jpg.rf.4a1901e22c7316a2604f445460cd7209.jpg,4,AND,0.0,0.0,0.0,0.0,0.0,0.0,0.1772631835937067
119079_sat_41_jpg.rf.4a1901e22c7316a2604f445460cd7209.jpg,4,weighted_mean,0.9322612940262187,0.9649432992405311,0.9520539043385853,0.9781864905202844,0.23965633598027394,0.41466101217802437,0.9415234374997702
119079_sat_41_jpg.rf.9102f9ed486e1d8c3760d5062c8124cb.jpg,1,OR,0.9570427408428053,0.9780499126254671,0.9926342421829599,0.9638879395941123,0.22163252895424818,0.3816075551024444,0.9607470703122655
119079_sat_41_jpg.rf.9102f9ed486e1d8c3760d5062c8124cb.jpg,1,AND,0.9570427408428053,0.9780499126254671,0.9926342421829599,0.9638879395941123,0.22163252895424818,0.3816075551024444,0.9607470703122655
119079_sat_41_jpg.rf.9102f9ed486e1d8c3760d5062c8124cb.jpg,1,weighted_mean,0.9570427408428053,0.9780499126254671,0.9926342421829599,0.9638879395941123,0.22163252895424818,0.3816075551024444,0.9607470703122655
119079_sat_41_jpg.rf.f44a7c15039a2544398079e82c8ce7c5.jpg,2,OR,0.9570596162342102,0.9780587247268349,0.986877710954935,0.9693959598022261,0.3283180633764021,0.5117178457886372,0.9615698242185152
119079_sat_41_jpg.rf.f44a7c15039a2544398079e82c8ce7c5.jpg,2,AND,0.0,0.0,0.0,0.0,0.0,0.0,0.11642333984372158
119079_sat_41_jpg.rf.f44a7c15039a2544398079e82c8ce7c5.jpg,2,weighted_mean,0.9570596162342102,0.9780587247268349,0.986877710954935,0.9693959598022261,0.3283180633764021,0.5117178457886372,0.9615698242185152
119079_sat_72_jpg.rf.1775c9b99f0b2df7aeaa66685e79663d.jpg,4,OR,0.9060247525575311,0.9506956836125179,0.9239553638725853,0.9790299237940168,0.24429578055481022,0.4252670046390231,0.917431640624776
119079_sat_72_jpg.rf.1775c9b99f0b2df7aeaa66685e79663d.jpg,4,AND,0.0,0.0,0.0,0.0,0.0,0.0,0.18689941406245436
119079_sat_72_jpg.rf.1775c9b99f0b2df7aeaa66685e79663d.jpg,4,weighted_mean,0.9060247525575311,0.9506956836125179,0.9239553638725853,0.9790299237940168,0.24429578055481022,0.4252670046390231,0.917431640624776
119079_sat_72_jpg.rf.39afc80e221910cbe2960add70fc927a.jpg,4,OR,0.9117136671694811,0.9538182237504023,0.9303562364447504,0.9784941670354168,0.14258462451484222,0.24187495850366186,0.9237353515622745
119079_sat_72_jpg.rf.39afc80e221910cbe2960add70fc927a.jpg,4,AND,0.04335157910007062,0.08310061530258661,0.9242814795661536,0.04350608775834496,0.05839525858161077,0.11057120178792237,0.2272705078124445
119079_sat_72_jpg.rf.39afc80e221910cbe2960add70fc927a.jpg,4,weighted_mean,0.9117136671694811,0.9538182237504023,0.9303562364447504,0.9784941670354168,0.14258462451484222,0.24187495850366186,0.9237353515622745
119079_sat_72_jpg.rf.c41f72728bcdf467e7acfde1f2223b3a.jpg,5,OR,0.9071580987022024,0.951319242300376,0.9283016343185893,0.9755073343769852,0.24966142733974298,0.41486968353798587,0.9237304687497745
119079_sat_72_jpg.rf.c41f72728bcdf467e7acfde1f2223b3a.jpg,5,AND,0.0,0.0,0.0,0.0,0.0,0.0,0.23605957031244237
119079_sat_72_jpg.rf.c41f72728bcdf467e7acfde1f2223b3a.jpg,5,weighted_mean,0.9071580987022024,0.951319242300376,0.9283016343185893,0.9755073343769852,0.24966142733974298,0.41486968353798587,0.9237304687497745
119079_sat_72_jpg.rf.f263514bea78f6484d061ad4ffa5aa6d.jpg,5,OR,0.9117795746144471,0.9538542902346132,0.9406927819668817,0.9673893175515866,0.290446107492875,0.46965725926767454,0.9237377929685244
119079_sat_72_jpg.rf.f263514bea78f6484d061ad4ffa5aa6d.jpg,5,AND,0.0,0.0,0.0,0.0,0.0,0.0,0.1852416992187048
119079_sat_72_jpg.rf.f263514bea78f6484d061ad4ffa5aa6d.jpg,5,weighted_mean,0.9117795746144471,0.9538542902346132,0.9406927819668817,0.9673893175515866,0.290446107492875,0.46965725926767454,0.9237377929685244
122104_sat_22_jpg.rf.2af14889a590294acf8b5edd7244a92e.jpg,4,OR,0.89900129611576,0.9468148315165325,0.9743018931810504,0.9208361485479886,0.21261204591861244,0.36560836577817474,0.9573852539060163
122104_sat_22_jpg.rf.2af14889a590294acf8b5edd7244a92e.jpg,4,AND,0.0,0.0,0.0,0.0,0.0,0.0,0.5880712890623564
122104_sat_22_jpg.rf.2af14889a590294acf8b5edd7244a92e.jpg,4,weighted_mean,0.89900129611576,0.9468148315165325,0.9743018931810504,0.9208361485479886,0.21261204591861244,0.36560836577817474,0.9573852539060163
122104_sat_22_jpg.rf.5f7f734f4dbfd10b3b2960a6d90a9add.jpg,4,OR,0.8822623514226614,0.9374488638694018,0.9579263371955467,0.917828555875272,0.16952321595468597,0.29214034217523305,0.9516577148435177
122104_sat_22_jpg.rf.5f7f734f4dbfd10b3b2960a6d90a9add.jpg,4,AND,0.0,0.0,0.0,0.0,0.0,0.0,0.6053173828123523
122104_sat_22_jpg.rf.5f7f734f4dbfd10b3b2960a6d90a9add.jpg,4,weighted_mean,0.8822623514226614,0.9374488638694018,0.9579263371955467,0.917828555875272,0.16952321595468597,0.29214034217523305,0.9516577148435177
122104_sat_22_jpg.rf.673e9357f003fce7090445f0c287c1fb.jpg,3,OR,0.8764692937518486,0.9341685437329157,0.9756390113687635,0.8960798156660775,0.27216138980767857,0.44317498452385856,0.9602563476560155
122104_sat_22_jpg.rf.673e9357f003fce7090445f0c287c1fb.jpg,3,AND,0.0,0.0,0.0,0.0,0.0,0.0,0.6853100585935827
122104_sat_22_jpg.rf.673e9357f003fce7090445f0c287c1fb.jpg,3,weighted_mean,0.8764692937518486,0.9341685437329157,0.9756390113687635,0.8960798156660775,0.27216138980767857,0.44317498452385856,0.9602563476560155
122104_sat_22_jpg.rf.f92a046f8057faeccc857554456e597b.jpg,3,OR,0.9097688154100964,0.9527528233460406,0.9538420681027355,0.9516660634881658,0.3919997634803926,0.6320486453922943,0.9643432617185146
122104_sat_22_jpg.rf.f92a046f8057faeccc857554456e597b.jpg,3,AND,0.0,0.0,0.0,0.0,0.0,0.0,0.6222265624998481
122104_sat_22_jpg.rf.f92a046f8057faeccc857554456e597b.jpg,3,weighted_mean,0.9097688154100964,0.9527528233460406,0.9538420681027355,0.9516660634881658,0.3919997634803926,0.6320486453922943,0.9643432617185146
122104_sat_43_jpg.rf.3923bea51ea63d17833fdd3a45a06518.jpg,6,OR,0.846711947609955,0.9169940647276188,0.880923403776036,0.9561447715034719,0.1912728005640701,0.32109993036919376,0.8893066406247829
122104_sat_43_jpg.rf.3923bea51ea63d17833fdd3a45a06518.jpg,6,AND,0.0,0.0,0.0,0.0,0.0,0.0,0.36052246093741197
122104_sat_43_jpg.rf.3923bea51ea63d17833fdd3a45a06518.jpg,6,weighted_mean,0.846711947609955,0.9169940647276188,0.880923403776036,0.9561447715034719,0.1912728005640701,0.32109993036919376,0.8893066406247829
122104_sat_43_jpg.rf.e092129efd94dd9b4f4d87107d9affb1.jpg,7,OR,0.7977514784403177,0.8874991766185903,0.8188461580958556,0.9687175911800214,0.19814724908451778,0.3456845516538472,0.8623999023435395
122104_sat_43_jpg.rf.e092129efd94dd9b4f4d87107d9affb1.jpg,7,AND,0.0,0.0,0.0,0.0,0.0,0.0,0.4397216796873926
122104_sat_43_jpg.rf.e092129efd94dd9b4f4d87107d9affb1.jpg,7,weighted_mean,0.7977514784403177,0.8874991766185903,0.8188461580958556,0.9687175911800214,0.19814724908451778,0.3456845516538472,0.8623999023435395
122104_sat_43_jpg.rf.f356ca1aac72353a62e4dfdba1d46756.jpg,5,OR,0.846079772945819,0.9166231983526,0.9117849005957556,0.9215131179468179,0.23873744206764913,0.39030575646083115,0.8961962890622812
122104_sat_43_jpg.rf.f356ca1aac72353a62e4dfdba1d46756.jpg,5,AND,0.0,0.0,0.0,0.0,0.0,0.0,0.380805664062407
122104_sat_43_jpg.rf.f356ca1aac72353a62e4dfdba1d46756.jpg,5,weighted_mean,0.846079772945819,0.9166231983526,0.9117849005957556,0.9215131179468179,0.23873744206764913,0.39030575646083115,0.8961962890622812
122104_sat_71_jpg.rf.9c0253e366ccf163d233a83686674e74.jpg,5,OR,0.8497861321825152,0.9187939269280545,0.8957227243609367,0.9430850446031978,0.1632024361740675,0.28139871728338056,0.8913696289060323
122104_sat_71_jpg.rf.9c0253e366ccf163d233a83686674e74.jpg,5,AND,0.0,0.0,0.0,0.0,0.0,0.0,0.348371582031165
122104_sat_71_jpg.rf.9c0253e366ccf163d233a83686674e74.jpg,5,weighted_mean,0.8497861321825152,0.9187939269280545,0.8957227243609367,0.9430850446031978,0.1632024361740675,0.28139871728338056,0.8913696289060323
122104_sat_73_jpg.rf.4121e4654fa44220315667aecaef3336.jpg,6,OR,0.7666083452624723,0.8678871548617916,0.8058612742154404,0.9402572861396215,0.22227964476570838,0.39636040963861136,0.8172998046873005
122104_sat_73_jpg.rf.4121e4654fa44220315667aecaef3336.jpg,6,AND,0.0,0.0,0.0,0.0,0.0,0.0,0.3617651367186617
122104_sat_73_jpg.rf.4121e4654fa44220315667aecaef3336.jpg,6,weighted_mean,0.7666083452624723,0.8678871548617916,0.8058612742154404,0.9402572861396215,0.22227964476570838,0.39636040963861136,0.8172998046873005
122104_sat_73_jpg.rf.4e2c0b5ff277237d410e3ded33ddb510.jpg,7,OR,0.8679318965321302,0.929297152796064,0.8990288493735435,0.9616745994023984,0.22311823772052133,0.38320400421486006,0.8992700195310305
122104_sat_73_jpg.rf.4e2c0b5ff277237d410e3ded33ddb510.jpg,7,AND,0.0,0.0,0.0,0.0,0.0,0.0,0.3116357421874239
122104_sat_73_jpg.rf.4e2c0b5ff277237d410e3ded33ddb510.jpg,7,weighted_mean,0.8679318965321302,0.929297152796064,0.8990288493735435,0.9616745994023984,0.22311823772052133,0.38320400421486006,0.8992700195310305
13_jpg.rf.067237cb0833285d9f82ba5ffa353086.jpg,5,OR,0.7915062387164733,0.8836209683350573,0.8338073799802946,0.9397646924921921,0.1884148188024691,0.3415380996179197,0.872556152343537
13_jpg.rf.067237cb0833285d9f82ba5ffa353086.jpg,5,AND,0.0,0.0,0.0,0.0,0.0,0.0,0.48517333984363153
13_jpg.rf.067237cb0833285d9f82ba5ffa353086.jpg,5,weighted_mean,0.7915062387164733,0.8836209683350573,0.8338073799802946,0.9397646924921921,0.1884148188024691,0.3415380996179197,0.872556152343537
13_jpg.rf.aac9f5e27adcf71506d0edf9e25b76fc.jpg,4,OR,0.7128169003800567,0.8323328666618013,0.7475588423302109,0.9387930702964261,0.1059066898154743,0.18461866959343148,0.8079028320310527
13_jpg.rf.aac9f5e27adcf71506d0edf9e25b76fc.jpg,4,AND,0.0,0.0,0.0,0.0,0.0,0.0,0.49210937499987983
13_jpg.rf.aac9f5e27adcf71506d0edf9e25b76fc.jpg,4,weighted_mean,0.7128169003800567,0.8323328666618013,0.7475588423302109,0.9387930702964261,0.1059066898154743,0.18461866959343148,0.8079028320310527
13_jpg.rf.ed7b0a1d2b9e4a14269a6a09e05e3f02.jpg,6,OR,0.7095328957408374,0.8300897835994628,0.7465288652257155,0.9347148487768788,0.20999258870915205,0.3614303674674006,0.8141748046873012
13_jpg.rf.ed7b0a1d2b9e4a14269a6a09e05e3f02.jpg,6,AND,0.0,0.0,0.0,0.0,0.0,0.0,0.5143749999998745
13_jpg.rf.ed7b0a1d2b9e4a14269a6a09e05e3f02.jpg,6,weighted_mean,0.7095328957408374,0.8300897835994628,0.7465288652257155,0.9347148487768788,0.20999258870915205,0.3614303674674006,0.8141748046873012
148381_sat_50_jpg.rf.ca76cbc2926dd7dc8dffec44f344ba0f.jpg,2,OR,0.8877148379078504,0.9405179427330269,0.9764169595431513,0.9071650467743014,0.20171770821516166,0.32912932509014453,0.9046826171872792
148381_sat_50_jpg.rf.ca76cbc2926dd7dc8dffec44f344ba0f.jpg,2,AND,0.0,0.0,0.0,0.0,0.0,0.0,0.16931396484370867
148381_sat_50_jpg.rf.ca76cbc2926dd7dc8dffec44f344ba0f.jpg,2,weighted_mean,0.8877148379078504,0.9405179427330269,0.9764169595431513,0.9071650467743014,0.20171770821516166,0.32912932509014453,0.9046826171872792
15_jpg.rf.6da7676869aab3a565a7e501e8c57a52.jpg,3,OR,0.8448371410829296,0.9158934653570618,0.8866280976552986,0.9471567313033082,0.31726009237905245,0.5151642905792984,0.909086914062278
15_jpg.rf.6da7676869aab3a565a7e501e8c57a52.jpg,3,AND,0.0,0.0,0.0,0.0,0.0,0.0,0.47737548828113346
15_jpg.rf.6da7676869aab3a565a7e501e8c57a52.jpg,3,weighted_mean,0.8448371410829296,0.9158934653570618,0.8866280976552986,0.9471567313033082,0.31726009237905245,0.5151642905792984,0.909086914062278
2-13-9_png_jpg.rf.32a6de0d1bc406c0ed2783a571e2e465.jpg,6,OR,0.8036375449672967,0.8911297585367887,0.8643519993418437,0.919619720311331,0.1943282971879461,0.3244742347949995,0.8996533203122804
2-13-9_png_jpg.rf.32a6de0d1bc406c0ed2783a571e2e465.jpg,6,AND,0.0,0.0,0.0,0.0,0.0,0.0,0.5534228515623649
2-13-9_png_jpg.rf.32a6de0d1bc406c0ed2783a571e2e465.jpg,6,weighted_mean,0.8036375449672967,0.8911297585367887,0.8643519993418437,0.919619720311331,0.1943282971879461,0.3244742347949995,0.8996533203122804
2-13-9_png_jpg.rf.74638d26a8bb10e5860f35e06f11bf11.jpg,7,OR,0.7586256976282667,0.8627483365577692,0.8002985388228289,0.9357693449481836,0.23033377025468676,0.38336511604551887,0.8579833984372905
2-13-9_png_jpg.rf.74638d26a8bb10e5860f35e06f11bf11.jpg,7,AND,0.0,0.0,0.0,0.0,0.0,0.0,0.5230126953123723
2-13-9_png_jpg.rf.74638d26a8bb10e5860f35e06f11bf11.jpg,7,weighted_mean,0.7586256976282667,0.8627483365577692,0.8002985388228289,0.9357693449481836,0.23033377025468676,0.38336511604551887,0.8579833984372905
2-13-9_png_jpg.rf.7d67424961f6c3b5bdc14f2a47bd13a3.jpg,7,OR,0.8045577254232479,0.8916951938841899,0.8299621836513799,0.9633496303895251,0.16786178776025895,0.31719871375887104,0.8730932617185369
2-13-9_png_jpg.rf.7d67424961f6c3b5bdc14f2a47bd13a3.jpg,7,AND,0.0,0.0,0.0,0.0,0.0,0.0,0.45770019531238826
2-13-9_png_jpg.rf.7d67424961f6c3b5bdc14f2a47bd13a3.jpg,7,weighted_mean,0.8045577254232479,0.8916951938841899,0.8299621836513799,0.9633496303895251,0.16786178776025895,0.31719871375887104,0.8730932617185369
2-13-9_png_jpg.rf.d91be9b06eeda995390dc7f71db78d8f.jpg,6,OR,0.7819911279495976,0.8776599565334263,0.8160266831525137,0.9493639976020826,0.23715223390721796,0.4025660453697587,0.8544604492185414
2-13-9_png_jpg.rf.d91be9b06eeda995390dc7f71db78d8f.jpg,6,AND,0.0,0.0,0.0,0.0,0.0,0.0,0.4501098632811401
2-13-9_png_jpg.rf.d91be9b06eeda995390dc7f71db78d8f.jpg,6,weighted_mean,0.7819911279495976,0.8776599565334263,0.8160266831525137,0.9493639976020826,0.23715223390721796,0.4025660453697587,0.8544604492185414
226788_sat_57_jpg.rf.dd54fb3bfa0028a6b79871fe08377bd5.jpg,3,OR,0.9029953269832479,0.9490252699829115,0.971144841525676,0.9278908851410438,0.14008593293127886,0.26594010095243403,0.9072558593747785
226788_sat_57_jpg.rf.dd54fb3bfa0028a6b79871fe08377bd5.jpg,3,AND,0.0,0.0,0.0,0.0,0.0,0.0,0.06957275390623302
226788_sat_57_jpg.rf.dd54fb3bfa0028a6b79871fe08377bd5.jpg,3,weighted_mean,0.9029953269832479,0.9490252699829115,0.971144841525676,0.9278908851410438,0.14008593293127886,0.26594010095243403,0.9072558593747785
226788_sat_76_jpg.rf.a3ed482b9f4b6de24ad17f0c93ee684f.jpg,5,OR,0.9386493062403002,0.9683538979627627,0.9761922999061763,0.9606403712794072,0.16872177398850985,0.2684974902143587,0.9430566406247698
226788_sat_76_jpg.rf.a3ed482b9f4b6de24ad17f0c93ee684f.jpg,5,AND,0.0,0.0,0.0,0.0,0.0,0.0,0.09308593749997728
226788_sat_76_jpg.rf.a3ed482b9f4b6de24ad17f0c93ee684f.jpg,5,weighted_mean,0.9386493062403002,0.9683538979627627,0.9761922999061763,0.9606403712794072,0.16872177398850985,0.2684974902143587,0.9430566406247698
226788_sat_76_jpg.rf.cfc6b06a0f52cc001bd6e26b14dd8190.jpg,6,OR,0.9121937244850878,0.9540808682767974,0.9359481357894797,0.9729300759641332,0.14073247392123917,0.22564253370002765,0.9191845703122756
226788_sat_76_jpg.rf.cfc6b06a0f52cc001bd6e26b14dd8190.jpg,6,AND,0.0,0.0,0.0,0.0,0.0,0.0,0.13707275390621654
226788_sat_76_jpg.rf.cfc6b06a0f52cc001bd6e26b14dd8190.jpg,6,weighted_mean,0.9121937244850878,0.9540808682767974,0.9359481357894797,0.9729300759641332,0.14073247392123917,0.22564253370002765,0.9191845703122756
255876_sat_48_jpg.rf.293d322d14bd13af285127f20bd49e27.jpg,3,OR,0.9311325479495219,0.9643383090800258,0.9956994108889959,0.9348924180972761,0.2441997535223592,0.4234036612776995,0.9331933593747722
255876_sat_48_jpg.rf.293d322d14bd13af285127f20bd49e27.jpg,3,AND,0.07170526475380062,0.1338152701345052,0.999999999996476,0.07170526475380062,0.035172810231963884,0.09351812843250203,0.10310546874997482
255876_sat_48_jpg.rf.293d322d14bd13af285127f20bd49e27.jpg,3,weighted_mean,0.9311325479495219,0.9643383090800258,0.9956994108889959,0.9348924180972761,0.2441997535223592,0.4234036612776995,0.9331933593747722
255876_sat_48_jpg.rf.5ea42284a98a44496fcd2385896e016c.jpg,1,OR,0.9452521678020943,0.9718556631864524,0.9693568437495093,0.9743673988909336,0.23708777885476148,0.4271418851697418,0.9467431640622689
255876_sat_48_jpg.rf.5ea42284a98a44496fcd2385896e016c.jpg,1,AND,0.9452521678020943,0.9718556631864524,0.9693568437495093,0.9743673988909336,0.23708777885476148,0.4271418851697418,0.9467431640622689
255876_sat_48_jpg.rf.5ea42284a98a44496fcd2385896e016c.jpg,1,weighted_mean,0.9452521678020943,0.9718556631864524,0.9693568437495093,0.9743673988909336,0.23708777885476148,0.4271418851697418,0.9467431640622689
255876_sat_48_jpg.rf.d7d89971f644f32b4e5aaca8d483effa.jpg,2,OR,0.8108922185958559,0.8955720393172952,0.8265877394861207,0.9771192008621038,0.08853571296860405,0.163870315480152,0.8255688476560484
255876_sat_48_jpg.rf.d7d89971f644f32b4e5aaca8d483effa.jpg,2,AND,0.06977318490936585,0.1304448193198584,0.904977003938465,0.07028813094423314,0.010053416062116457,0.01624366379332478,0.282680664062431
255876_sat_48_jpg.rf.d7d89971f644f32b4e5aaca8d483effa.jpg,2,weighted_mean,0.8108922185958559,0.8955720393172952,0.8265877394861207,0.9771192008621038,0.08853571296860405,0.163870315480152,0.8255688476560484
255876_sat_50_jpg.rf.379a402552645af443b56e9eb3fc5bca.jpg,8,OR,0.7865469803070755,0.8805220226247642,0.8303945719345723,0.9370902453125328,0.12822838592618158,0.23791745048957388,0.8217724609372994
255876_sat_50_jpg.rf.379a402552645af443b56e9eb3fc5bca.jpg,8,AND,0.0,0.0,0.0,0.0,0.0,0.0,0.299165039062427
255876_sat_50_jpg.rf.379a402552645af443b56e9eb3fc5bca.jpg,8,weighted_mean,0.7865469803070755,0.8805220226247642,0.8303945719345723,0.9370902453125328,0.12822838592618158,0.23791745048957388,0.8217724609372994
255876_sat_50_jpg.rf.ac72206d48aec332f3cf9fc6443ee20b.jpg,6,OR,0.7285284568212039,0.8429464426185743,0.7627200444426364,0.9420338953973009,0.14095698738967444,0.2586598901932051,0.8001562499998046
255876_sat_50_jpg.rf.ac72206d48aec332f3cf9fc6443ee20b.jpg,6,AND,0.0,0.0,0.0,0.0,0.0,0.0,0.43069335937489484
255876_sat_50_jpg.rf.ac72206d48aec332f3cf9fc6443ee20b.jpg,6,weighted_mean,0.7285284568212039,0.8429464426185743,0.7627200444426364,0.9420338953973009,0.14095698738967444,0.2586598901932051,0.8001562499998046
255876_sat_70_jpg.rf.811173944e482e5093909d55c3ccdb64.jpg,6,OR,0.873813294418822,0.9326578021636271,0.9255332228731314,0.9398929196775878,0.08067586242840949,0.14431693418667277,0.888532714843533
255876_sat_70_jpg.rf.811173944e482e5093909d55c3ccdb64.jpg,6,AND,0.0,0.0,0.0,0.0,0.0,0.0,0.17875244140620636
255876_sat_70_jpg.rf.811173944e482e5093909d55c3ccdb64.jpg,6,weighted_mean,0.873813294418822,0.9326578021636271,0.9255332228731314,0.9398929196775878,0.08067586242840949,0.14431693418667277,0.888532714843533
255876_sat_71_jpg.rf.897dc855a98baf524b40d262475430dc.jpg,6,OR,0.8166815076284608,0.8990915624991155,0.8546797103202042,0.9483719593054983,0.09334304507108696,0.16877852702320376,0.8879174804685332
255876_sat_71_jpg.rf.897dc855a98baf524b40d262475430dc.jpg,6,AND,0.0,0.0,0.0,0.0,0.0,0.0,0.4734912109373844
255876_sat_71_jpg.rf.897dc855a98baf524b40d262475430dc.jpg,6,weighted_mean,0.8166815076284608,0.8990915624991155,0.8546797103202042,0.9483719593054983,0.09334304507108696,0.16877852702320376,0.8879174804685332
255876_sat_82_jpg.rf.b3a294c336c568909a314cf3ecc9ddd3.jpg,2,OR,0.8602388645838318,0.9248692530421704,0.8753756762169507,0.9802949457193588,0.1308566675905538,0.20585607571594589,0.8734936523435367
255876_sat_82_jpg.rf.b3a294c336c568909a314cf3ecc9ddd3.jpg,2,AND,0.015368260639796677,0.03027130398996899,0.975048732924463,0.015374306895995865,0.02011201629322213,0.04168432187502312,0.21759277343744687
255876_sat_82_jpg.rf.b3a294c336c568909a314cf3ecc9ddd3.jpg,2,weighted_mean,0.8602388645838318,0.9248692530421704,0.8753756762169507,0.9802949457193588,0.1308566675905538,0.20585607571594589,0.8734936523435367
273002_sat_71_jpg.rf.16e3a72c30a187b451f7bdf347602395.jpg,1,OR,0.9803167708544938,0.9900605653422745,0.9986073290861441,0.9816588581908219,0.33170668228035843,0.5347683753921734,0.9803515624997606
273002_sat_71_jpg.rf.16e3a72c30a187b451f7bdf347602395.jpg,1,AND,0.9803167708544938,0.9900605653422745,0.9986073290861441,0.9816588581908219,0.33170668228035843,0.5347683753921734,0.9803515624997606
273002_sat_71_jpg.rf.16e3a72c30a187b451f7bdf347602395.jpg,1,weighted_mean,0.9803167708544938,0.9900605653422745,0.9986073290861441,0.9816588581908219,0.33170668228035843,0.5347683753921734,0.9803515624997606
273002_sat_72_jpg.rf.097052b0b7f432ca2642391d32657c85.jpg,7,OR,0.7213574808285522,0.8381262914445133,0.7264123818048887,0.9904454674770711,0.11765269002460833,0.19106414673949487,0.8332226562497965
273002_sat_72_jpg.rf.097052b0b7f432ca2642391d32657c85.jpg,7,AND,0.0,0.0,0.0,0.0,0.0,0.0,0.5640771484373622
273002_sat_72_jpg.rf.097052b0b7f432ca2642391d32657c85.jpg,7,weighted_mean,0.7213574808285522,0.8381262914445133,0.7264123818048887,0.9904454674770711,0.11765269002460833,0.19106414673949487,0.8332226562497965
273002_sat_72_jpg.rf.5c3b5ede1f016f9faebfc94082b6b35c.jpg,5,OR,0.7402003484316809,0.8507070454258567,0.7769431952281137,0.9399466220772759,0.05920687742634718,0.1207736303591317,0.8747583007810364
273002_sat_72_jpg.rf.5c3b5ede1f016f9faebfc94082b6b35c.jpg,5,AND,0.0,0.0,0.0,0.0,0.0,0.0,0.6203735351560985
273002_sat_72_jpg.rf.5c3b5ede1f016f9faebfc94082b6b35c.jpg,5,weighted_mean,0.7402003484316809,0.8507070454258567,0.7769431952281137,0.9399466220772759,0.05920687742634718,0.1207736303591317,0.8747583007810364
273002_sat_72_jpg.rf.adc00eb035e5e9f6dbb6b18fd0990fa2.jpg,6,OR,0.6419745859140831,0.7819543510860096,0.6445995591474487,0.9936966580388883,0.06388463935615649,0.12562169691141165,0.7611010742185642
273002_sat_72_jpg.rf.adc00eb035e5e9f6dbb6b18fd0990fa2.jpg,6,AND,0.0,0.0,0.0,0.0,0.0,0.0,0.5689135742186111
273002_sat_72_jpg.rf.adc00eb035e5e9f6dbb6b18fd0990fa2.jpg,6,weighted_mean,0.6419745859140831,0.7819543510860096,0.6445995591474487,0.9936966580388883,0.06388463935615649,0.12562169691141165,0.7611010742185642
27460_sat_02_jpg.rf.a4683c50b9755a17ee55fce90e7102c5.jpg,6,OR,0.7340838974746731,0.8466532657891711,0.7438197985709923,0.9824818889498204,0.15522715986192048,0.27588911741873245,0.77799316406231
27460_sat_02_jpg.rf.a4683c50b9755a17ee55fce90e7102c5.jpg,6,AND,0.0,0.0,0.0,0.0,0.0,0.0,0.37620361328115814
27460_sat_02_jpg.rf.a4683c50b9755a17ee55fce90e7102c5.jpg,6,weighted_mean,0.7340838974746731,0.8466532657891711,0.7438197985709923,0.9824818889498204,0.15522715986192048,0.27588911741873245,0.77799316406231
27460_sat_02_jpg.rf.e4e7807153518a12e611866473b5437d.jpg,7,OR,0.7644825943544672,0.8665232480053472,0.7809745279820184,0.9731197445527672,0.0956602768901815,0.1797152394268379,0.8092895507810525
27460_sat_02_jpg.rf.e4e7807153518a12e611866473b5437d.jpg,7,AND,0.0,0.0,0.0,0.0,0.0,0.0,0.36385986328116116
27460_sat_02_jpg.rf.e4e7807153518a12e611866473b5437d.jpg,7,weighted_mean,0.7644825943544672,0.8665232480053472,0.7809745279820184,0.9731197445527672,0.0956602768901815,0.1797152394268379,0.8092895507810525
27460_sat_05_jpg.rf.d116b73c8e2db33ded9b432348a84070.jpg,5,OR,0.7636751324101453,0.8660043092704348,0.893130188451916,0.840477579167379,0.1269134226141134,0.21799285641936672,0.814919433593551
27460_sat_05_jpg.rf.d116b73c8e2db33ded9b432348a84070.jpg,5,AND,0.0,0.0,0.0,0.0,0.0,0.0,0.2884033203124296
27460_sat_05_jpg.rf.d116b73c8e2db33ded9b432348a84070.jpg,5,weighted_mean,0.7636751324101453,0.8660043092704348,0.893130188451916,0.840477579167379,0.1269134226141134,0.21799285641936672,0.814919433593551
27460_sat_05_jpg.rf.ebbb11c54f34135e728eb74d79db06c6.jpg,6,OR,0.773823130603654,0.8724918705286162,0.7887628172191107,0.9761080688993072,0.1693879743263832,0.2989543930016148,0.8444360351560438
27460_sat_05_jpg.rf.ebbb11c54f34135e728eb74d79db06c6.jpg,6,AND,0.0,0.0,0.0,0.0,0.0,0.0,0.45473876953113895
27460_sat_05_jpg.rf.ebbb11c54f34135e728eb74d79db06c6.jpg,6,weighted_mean,0.773823130603654,0.8724918705286162,0.7887628172191107,0.9761080688993072,0.1693879743263832,0.2989543930016148,0.8444360351560438
27460_sat_14_jpg.rf.84bdc10220c8ba497376cb1de188702c.jpg,6,OR,0.7747565377438049,0.8730848668727597,0.7914005039062965,0.9735720575282365,0.16574730104948915,0.2944432411152007,0.8234252929685489
27460_sat_14_jpg.rf.84bdc10220c8ba497376cb1de188702c.jpg,6,AND,0.0,0.0,0.0,0.0,0.0,0.0,0.3761596679686582
27460_sat_14_jpg.rf.84bdc10220c8ba497376cb1de188702c.jpg,6,weighted_mean,0.7747565377438049,0.8730848668727597,0.7914005039062965,0.9735720575282365,0.16574730104948915,0.2944432411152007,0.8234252929685489
27460_sat_33_jpg.rf.655eb2075fa26bd72aac4e14363b816c.jpg,7,OR,0.7635219605607717,0.8659058153355618,0.7969452975841963,0.947931312301169,0.11345044924217051,0.2081796805856974,0.8185083007810502
27460_sat_33_jpg.rf.655eb2075fa26bd72aac4e14363b816c.jpg,7,AND,0.0,0.0,0.0,0.0,0.0,0.0,0.3818261718749068
27460_sat_33_jpg.rf.655eb2075fa26bd72aac4e14363b816c.jpg,7,weighted_mean,0.7635219605607717,0.8659058153355618,0.7969452975841963,0.947931312301169,0.11345044924217051,0.2081796805856974,0.8185083007810502
27460_sat_33_jpg.rf.6721a6030539edcc5e5dfffce63aadaa.jpg,5,OR,0.72774532654232,0.8424219881974536,0.7754932389382713,0.9219944912504366,0.1347894869781912,0.23847303927181945,0.7921020507810567
27460_sat_33_jpg.rf.6721a6030539edcc5e5dfffce63aadaa.jpg,5,AND,0.0,0.0,0.0,0.0,0.0,0.0,0.39726562499990303
27460_sat_33_jpg.rf.6721a6030539edcc5e5dfffce63aadaa.jpg,5,weighted_mean,0.72774532654232,0.8424219881974536,0.7754932389382713,0.9219944912504366,0.1347894869781912,0.23847303927181945,0.7921020507810567
27460_sat_50_jpg.rf.6de98cf9e44583f2e665ea6a9b6901bd.jpg,7,OR,0.7038221288014346,0.8261685499959355,0.717146141512927,0.9742813110034011,0.10860690388179263,0.2005476918807237,0.7564428710935653
27460_sat_50_jpg.rf.6de98cf9e44583f2e665ea6a9b6901bd.jpg,7,AND,0.0,0.0,0.0,0.0,0.0,0.0,0.4059448242186509
27460_sat_50_jpg.rf.6de98cf9e44583f2e665ea6a9b6901bd.jpg,7,weighted_mean,0.7038221288014346,0.8261685499959355,0.717146141512927,0.9742813110034011,0.10860690388179263,0.2005476918807237,0.7564428710935653
27460_sat_71_jpg.rf.acbb60671bb681761c17c95a8d69215c.jpg,1,OR,0.8946960717031384,0.9444217308150092,0.9032473087801458,0.9895293075885238,0.07765553198993094,0.13806354735055998,0.90109863281228
27460_sat_71_jpg.rf.acbb60671bb681761c17c95a8d69215c.jpg,1,AND,0.8946960717031384,0.9444217308150092,0.9032473087801458,0.9895293075885238,0.07765553198993094,0.13806354735055998,0.90109863281228
27460_sat_71_jpg.rf.acbb60671bb681761c17c95a8d69215c.jpg,1,weighted_mean,0.8946960717031384,0.9444217308150092,0.9032473087801458,0.9895293075885238,0.07765553198993094,0.13806354735055998,0.90109863281228
280861_sat_42_jpg.rf.607229121513227e0744e044a849ec2d.jpg,1,OR,0.9713067000118919,0.9854445277399326,0.9940087621190384,0.9770266091116582,0.34511800998810066,0.48781780274387443,0.9728857421872624
280861_sat_42_jpg.rf.607229121513227e0744e044a849ec2d.jpg,1,AND,0.9713067000118919,0.9854445277399326,0.9940087621190384,0.9770266091116582,0.34511800998810066,0.48781780274387443,0.9728857421872624
280861_sat_42_jpg.rf.607229121513227e0744e044a849ec2d.jpg,1,weighted_mean,0.9713067000118919,0.9854445277399326,0.9940087621190384,0.9770266091116582,0.34511800998810066,0.48781780274387443,0.9728857421872624
280861_sat_42_jpg.rf.fa3f53445833790343052af5fdf3dea2.jpg,1,OR,0.9567566188846205,0.9779004804695492,0.9933872347409863,0.962889186087754,0.2227355323532516,0.4001909187443199,0.958608398437266
280861_sat_42_jpg.rf.fa3f53445833790343052af5fdf3dea2.jpg,1,AND,0.9567566188846205,0.9779004804695492,0.9933872347409863,0.962889186087754,0.2227355323532516,0.4001909187443199,0.958608398437266
280861_sat_42_jpg.rf.fa3f53445833790343052af5fdf3dea2.jpg,1,weighted_mean,0.9567566188846205,0.9779004804695492,0.9933872347409863,0.962889186087754,0.2227355323532516,0.4001909187443199,0.958608398437266
280861_sat_50_jpg.rf.176939bd6516a1fa1edcc1c9c76f8172.jpg,3,OR,0.9080751033742923,0.9518232293565672,0.9289268146670381,0.9758768807246572,0.3226525174560762,0.527803678394773,0.9593481445310158
280861_sat_50_jpg.rf.176939bd6516a1fa1edcc1c9c76f8172.jpg,3,AND,0.0,0.0,0.0,0.0,0.0,0.0,0.5884960937498563
280861_sat_50_jpg.rf.176939bd6516a1fa1edcc1c9c76f8172.jpg,3,weighted_mean,0.9080751033742923,0.9518232293565672,0.9289268146670381,0.9758768807246572,0.3226525174560762,0.527803678394773,0.9593481445310158
291214_sat_02_jpg.rf.bbc1c25c97dd451ac73fb22be547a974.jpg,2,OR,0.9534249894007544,0.9761572566891686,0.9741546309646747,0.9781681332008694,0.29563573600642273,0.4886803744323177,0.9568188476560164
291214_sat_02_jpg.rf.bbc1c25c97dd451ac73fb22be547a974.jpg,2,AND,0.06955492717796995,0.13006331028083098,0.9689811859214804,0.06971014218673399,0.05716766287088133,0.09144201916909576,0.1572998046874616
291214_sat_02_jpg.rf.bbc1c25c97dd451ac73fb22be547a974.jpg,2,weighted_mean,0.9534249894007544,0.9761572566891686,0.9741546309646747,0.9781681332008694,0.29563573600642273,0.4886803744323177,0.9568188476560164
291214_sat_36_jpg.rf.9c8a5eb1ecb9c30c4ebeda43d93e6a61.jpg,1,OR,0.923565508010565,0.9602641596186205,0.9399083171696452,0.9815212237662176,0.13680911177760546,0.26409086707064083,0.9523168945310175
291214_sat_36_jpg.rf.9c8a5eb1ecb9c30c4ebeda43d93e6a61.jpg,1,AND,0.923565508010565,0.9602641596186205,0.9399083171696452,0.9815212237662176,0.13680911177760546,0.26409086707064083,0.9523168945310175
291214_sat_36_jpg.rf.9c8a5eb1ecb9c30c4ebeda43d93e6a61.jpg,1,weighted_mean,0.923565508010565,0.9602641596186205,0.9399083171696452,0.9815212237662176,0.13680911177760546,0.26409086707064083,0.9523168945310175
291214_sat_37_jpg.rf.01d3a915bf02a054ad6f126cfc5a47ad.jpg,5,OR,0.8305185165891353,0.907413401244001,0.8624784906065691,0.9572878557621969,0.10319949072194091,0.18101725143946512,0.8728955078122869
291214_sat_37_jpg.rf.01d3a915bf02a054ad6f126cfc5a47ad.jpg,5,AND,0.0,0.0,0.0,0.0,0.0,0.0,0.3493530273436647
291214_sat_37_jpg.rf.01d3a915bf02a054ad6f126cfc5a47ad.jpg,5,weighted_mean,0.8305185165891353,0.907413401244001,0.8624784906065691,0.9572878557621969,0.10319949072194091,0.18101725143946512,0.8728955078122869
291214_sat_37_jpg.rf.733f96db71d925ed16f09476bcb20759.jpg,3,OR,0.8203296615959117,0.9012979120240405,0.851766764040583,0.9569453045902918,0.1075094161956038,0.20021692119320217,0.8620166015622895
291214_sat_37_jpg.rf.733f96db71d925ed16f09476bcb20759.jpg,3,AND,0.001995127142999442,0.003982309073075378,0.9999999998141265,0.001995127142999442,0.0,0.0,0.3429711914061663
291214_sat_37_jpg.rf.733f96db71d925ed16f09476bcb20759.jpg,3,weighted_mean,0.8203296615959117,0.9012979120240405,0.851766764040583,0.9569453045902918,0.1075094161956038,0.20021692119320217,0.8620166015622895
291214_sat_38_jpg.rf.5d2ccb52bef9c50b5991dae3f762bfa1.jpg,2,OR,0.8786755375695742,0.9354202149311093,0.9124134640035496,0.9596172212959195,0.17994467496492408,0.30590752502206686,0.913630371093527
291214_sat_38_jpg.rf.5d2ccb52bef9c50b5991dae3f762bfa1.jpg,2,AND,0.24281272563832912,0.3907470862331515,0.9366624507937633,0.24686604618054764,0.05499340079173216,0.11047174411904367,0.49819335937487835
291214_sat_38_jpg.rf.5d2ccb52bef9c50b5991dae3f762bfa1.jpg,2,weighted_mean,0.8786755375695742,0.9354202149311093,0.9124134640035496,0.9596172212959195,0.17994467496492408,0.30590752502206686,0.913630371093527
291214_sat_41_jpg.rf.8c9a363213067be3676b6216de9362d2.jpg,3,OR,0.9481627988495019,0.9733917508428398,0.9692755008096371,0.9775431111735061,0.23368856640713767,0.40853775987827673,0.9555932617185167
291214_sat_41_jpg.rf.8c9a363213067be3676b6216de9362d2.jpg,3,AND,0.0,0.0,0.0,0.0,0.0,0.0,0.1690893554687087
291214_sat_41_jpg.rf.8c9a363213067be3676b6216de9362d2.jpg,3,weighted_mean,0.9481627988495019,0.9733917508428398,0.9692755008096371,0.9775431111735061,0.23368856640713767,0.40853775987827673,0.9555932617185167
291214_sat_42_jpg.rf.8ab5617425ccf96510e131588b02d2e3.jpg,6,OR,0.7501279167035865,0.8572263884761896,0.7609275042322794,0.9814310078255517,0.17105431582503935,0.31471266647814033,0.8497753906247926
291214_sat_42_jpg.rf.8ab5617425ccf96510e131588b02d2e3.jpg,6,AND,0.0,0.0,0.0,0.0,0.0,0.0,0.5404858398436181
291214_sat_42_jpg.rf.8ab5617425ccf96510e131588b02d2e3.jpg,6,weighted_mean,0.7501279167035865,0.8572263884761896,0.7609275042322794,0.9814310078255517,0.17105431582503935,0.31471266647814033,0.8497753906247926
291214_sat_78_jpg.rf.cdd30c72ac54935fde9cad15bfec4d96.jpg,4,OR,0.8430306164295563,0.9148308323414966,0.9621833205001875,0.871920500895726,0.16818262184906943,0.29397759735512413,0.8710498046872873
291214_sat_78_jpg.rf.cdd30c72ac54935fde9cad15bfec4d96.jpg,4,AND,0.0,0.0,0.0,0.0,0.0,0.0,0.20572021484369976
291214_sat_78_jpg.rf.cdd30c72ac54935fde9cad15bfec4d96.jpg,4,weighted_mean,0.8430306164295563,0.9148308323414966,0.9621833205001875,0.871920500895726,0.16818262184906943,0.29397759735512413,0.8710498046872873
2aml0_jpg.rf.023e9bc5e251dd890b230860ebb5432f.jpg,9,OR,0.19137300462030316,0.32126463144310496,0.20287811755546256,0.771408765307292,0.17509923862794446,0.32602974310941013,0.48342041015613196
2aml0_jpg.rf.023e9bc5e251dd890b230860ebb5432f.jpg,9,AND,0.0,0.0,0.0,0.0,0.0,0.0,0.8415161132810446
2aml0_jpg.rf.023e9bc5e251dd890b230860ebb5432f.jpg,9,weighted_mean,0.19137300462030316,0.32126463144310496,0.20287811755546256,0.771408765307292,0.17509923862794446,0.32602974310941013,0.48342041015613196
2aml0_jpg.rf.56e3b13c00b0326a7970faebf35afd79.jpg,8,OR,0.19033409047010366,0.3197994445323064,0.20104517263308658,0.781303084064812,0.12149496363683449,0.2274579158524035,0.5700903320311108
2aml0_jpg.rf.56e3b13c00b0326a7970faebf35afd79.jpg,8,AND,0.0,0.0,0.0,0.0,0.0,0.0,0.8706494140622875
2aml0_jpg.rf.56e3b13c00b0326a7970faebf35afd79.jpg,8,weighted_mean,0.19033409047010366,0.3197994445323064,0.20104517263308658,0.781303084064812,0.12149496363683449,0.2274579158524035,0.5700903320311108
2aml0_jpg.rf.98dbcac01ebaa99e78681958c41ebfe5.jpg,6,OR,0.16640064857736633,0.2853233128433555,0.17594192416380888,0.7542056611342286,0.09969649590710991,0.18789372012275965,0.5180224609373735
2aml0_jpg.rf.98dbcac01ebaa99e78681958c41ebfe5.jpg,6,AND,0.0,0.0,0.0,0.0,0.0,0.0,0.872434082031037
2aml0_jpg.rf.98dbcac01ebaa99e78681958c41ebfe5.jpg,6,weighted_mean,0.16640064857736633,0.2853233128433555,0.17594192416380888,0.7542056611342286,0.09969649590710991,0.18789372012275965,0.5180224609373735
2aml0_jpg.rf.a3fd48b427a7fa636795edd73b7c939c.jpg,9,OR,0.2367556881794374,0.3828657356376552,0.24616433685634106,0.8610027428050546,0.20379013135570817,0.3469415442145463,0.602224121093603
2aml0_jpg.rf.a3fd48b427a7fa636795edd73b7c939c.jpg,9,AND,0.0,0.0,0.0,0.0,0.0,0.0,0.8566918945310409
2aml0_jpg.rf.a3fd48b427a7fa636795edd73b7c939c.jpg,9,weighted_mean,0.2367556881794374,0.3828657356376552,0.24616433685634106,0.8610027428050546,0.20379013135570817,0.3469415442145463,0.602224121093603
2aml0_jpg.rf.d862f1753549ce63734538b8faaf9753.jpg,5,OR,0.1849734120832035,0.3121984176134671,0.19572863591243175,0.7709696414538554,0.11870712055760808,0.21105325883389192,0.49296630859362967
2aml0_jpg.rf.d862f1753549ce63734538b8faaf9753.jpg,5,AND,0.0,0.0,0.0,0.0,0.0,0.0,0.8507421874997922
2aml0_jpg.rf.d862f1753549ce63734538b8faaf9753.jpg,5,weighted_mean,0.1849734120832035,0.3121984176134671,0.19572863591243175,0.7709696414538554,0.11870712055760808,0.21105325883389192,0.49296630859362967
2aml0_jpg.rf.ee7e26f722a9fbc14d5e027b1a62ef4c.jpg,8,OR,0.18210324972963007,0.308100413007545,0.193517363277088,0.7553467797557823,0.19047121075818194,0.34917390498828804,0.5918164062498555
2aml0_jpg.rf.ee7e26f722a9fbc14d5e027b1a62ef4c.jpg,8,AND,0.0,0.0,0.0,0.0,0.0,0.0,0.8796826171872852
2aml0_jpg.rf.ee7e26f722a9fbc14d5e027b1a62ef4c.jpg,8,weighted_mean,0.18210324972963007,0.308100413007545,0.193517363277088,0.7553467797557823,0.19047121075818194,0.34917390498828804,0.5918164062498555
2aml102_jpg.rf.43146e5b61d3f4a54cbf0c89e08eab59.jpg,1,OR,0.8959839749850997,0.9451387636249838,0.9891437560863019,0.9048823879318025,0.17048870275872036,0.293485534162755,0.9064404296872787
2aml102_jpg.rf.43146e5b61d3f4a54cbf0c89e08eab59.jpg,1,AND,0.8959839749850997,0.9451387636249838,0.9891437560863019,0.9048823879318025,0.17048870275872036,0.293485534162755,0.9064404296872787
2aml102_jpg.rf.43146e5b61d3f4a54cbf0c89e08eab59.jpg,1,weighted_mean,0.8959839749850997,0.9451387636249838,0.9891437560863019,0.9048823879318025,0.17048870275872036,0.293485534162755,0.9064404296872787
2aml102_jpg.rf.bba8a1a361f4fbc09d9caa01cba6c66f.jpg,1,OR,0.9726947191790756,0.9861583849972045,0.9806915396066312,0.9916865216954553,0.25930634460188584,0.4250562992127814,0.9748120117185121
2aml102_jpg.rf.bba8a1a361f4fbc09d9caa01cba6c66f.jpg,1,AND,0.9726947191790756,0.9861583849972045,0.9806915396066312,0.9916865216954553,0.25930634460188584,0.4250562992127814,0.9748120117185121
2aml102_jpg.rf.bba8a1a361f4fbc09d9caa01cba6c66f.jpg,1,weighted_mean,0.9726947191790756,0.9861583849972045,0.9806915396066312,0.9916865216954553,0.25930634460188584,0.4250562992127814,0.9748120117185121
2aml150_jpg.rf.b8dcdf815669dfb4948cb32b26b66dc8.jpg,1,OR,0.9724478485358751,0.9860314930584468,0.9907259137163135,0.981381350349153,0.38274492333822346,0.6130122923160041,0.9737231445310123
2aml150_jpg.rf.b8dcdf815669dfb4948cb32b26b66dc8.jpg,1,AND,0.9724478485358751,0.9860314930584468,0.9907259137163135,0.981381350349153,0.38274492333822346,0.6130122923160041,0.9737231445310123
2aml150_jpg.rf.b8dcdf815669dfb4948cb32b26b66dc8.jpg,1,weighted_mean,0.9724478485358751,0.9860314930584468,0.9907259137163135,0.981381350349153,0.38274492333822346,0.6130122923160041,0.9737231445310123
2aml150_jpg.rf.baed4a5a1dfcc355f9f28c157882f696.jpg,1,OR,0.9675950350530675,0.9835306735534335,0.9805953077616161,0.9864836658671791,0.19803944005722227,0.3298874620848517,0.9698583984372632
2aml150_jpg.rf.baed4a5a1dfcc355f9f28c157882f696.jpg,1,AND,0.9675950350530675,0.9835306735534335,0.9805953077616161,0.9864836658671791,0.19803944005722227,0.3298874620848517,0.9698583984372632
2aml150_jpg.rf.baed4a5a1dfcc355f9f28c157882f696.jpg,1,weighted_mean,0.9675950350530675,0.9835306735534335,0.9805953077616161,0.9864836658671791,0.19803944005722227,0.3298874620848517,0.9698583984372632
2aml150_jpg.rf.ebaa93f59551c877f4999f0dc7728465.jpg,1,OR,0.8891338358694856,0.9413137587049318,0.9790774228161722,0.9063550448367861,0.14807640730652896,0.23473834747897504,0.897233886718531
2aml150_jpg.rf.ebaa93f59551c877f4999f0dc7728465.jpg,1,AND,0.8891338358694856,0.9413137587049318,0.9790774228161722,0.9063550448367861,0.14807640730652896,0.23473834747897504,0.897233886718531
2aml150_jpg.rf.ebaa93f59551c877f4999f0dc7728465.jpg,1,weighted_mean,0.8891338358694856,0.9413137587049318,0.9790774228161722,0.9063550448367861,0.14807640730652896,0.23473834747897504,0.897233886718531
2aml181_jpg.rf.44798b45ce8c1841705cc08a63b61ea5.jpg,1,OR,0.8795226612832127,0.9359000339828127,0.9890938685132442,0.8881357637150145,0.14029927927300248,0.24520640741347835,0.8996093749997803
2aml181_jpg.rf.44798b45ce8c1841705cc08a63b61ea5.jpg,1,AND,0.8795226612832127,0.9359000339828127,0.9890938685132442,0.8881357637150145,0.14029927927300248,0.24520640741347835,0.8996093749997803
2aml181_jpg.rf.44798b45ce8c1841705cc08a63b61ea5.jpg,1,weighted_mean,0.8795226612832127,0.9359000339828127,0.9890938685132442,0.8881357637150145,0.14029927927300248,0.24520640741347835,0.8996093749997803
2aml181_jpg.rf.65a49f3bb4b808e45d3fec8e67d7349e.jpg,1,OR,0.9593291874312083,0.9792424811360497,0.980750420958492,0.9777391712204644,0.20811897106025676,0.3306396500260161,0.9672045898435139
2aml181_jpg.rf.65a49f3bb4b808e45d3fec8e67d7349e.jpg,1,AND,0.9593291874312083,0.9792424811360497,0.980750420958492,0.9777391712204644,0.20811897106025676,0.3306396500260161,0.9672045898435139
2aml181_jpg.rf.65a49f3bb4b808e45d3fec8e67d7349e.jpg,1,weighted_mean,0.9593291874312083,0.9792424811360497,0.980750420958492,0.9777391712204644,0.20811897106025676,0.3306396500260161,0.9672045898435139
2aml181_jpg.rf.688268b2af013c510a8fa66c7add517d.jpg,1,OR,0.8975261762391725,0.945996094786989,0.9757076150771223,0.9180406071935929,0.1073922394740656,0.19545446829364327,0.9130981445310271
2aml181_jpg.rf.688268b2af013c510a8fa66c7add517d.jpg,1,AND,0.8975261762391725,0.945996094786989,0.9757076150771223,0.9180406071935929,0.1073922394740656,0.19545446829364327,0.9130981445310271
2aml181_jpg.rf.688268b2af013c510a8fa66c7add517d.jpg,1,weighted_mean,0.8975261762391725,0.945996094786989,0.9757076150771223,0.9180406071935929,0.1073922394740656,0.19545446829364327,0.9130981445310271
2aml181_jpg.rf.b4967be1a40ef52d56d981c623a03926.jpg,1,OR,0.8586097604506329,0.9239268820394626,0.9736243314849082,0.8790565290699909,0.08957604969251018,0.1883658786465531,0.872355957031037
2aml181_jpg.rf.b4967be1a40ef52d56d981c623a03926.jpg,1,AND,0.8586097604506329,0.9239268820394626,0.9736243314849082,0.8790565290699909,0.08957604969251018,0.1883658786465531,0.872355957031037
2aml181_jpg.rf.b4967be1a40ef52d56d981c623a03926.jpg,1,weighted_mean,0.8586097604506329,0.9239268820394626,0.9736243314849082,0.8790565290699909,0.08957604969251018,0.1883658786465531,0.872355957031037
2aml18_jpg.rf.61b294d5a83aecd4c467af9b0059c403.jpg,7,OR,0.2040691454280905,0.33896582468365877,0.21018211733087913,0.8752573269413447,0.19635464473672076,0.3431246223933195,0.46964111328113534
2aml18_jpg.rf.61b294d5a83aecd4c467af9b0059c403.jpg,7,AND,0.0,0.0,0.0,0.0,0.0,0.0,0.8446411132810437
2aml18_jpg.rf.61b294d5a83aecd4c467af9b0059c403.jpg,7,weighted_mean,0.2040691454280905,0.33896582468365877,0.21018211733087913,0.8752573269413447,0.19635464473672076,0.3431246223933195,0.46964111328113534
2aml18_jpg.rf.ed70e0140d181f7392d2c7971a08ca99.jpg,4,OR,0.18415356918899442,0.31102987649670794,0.20508292071949996,0.6434286037364043,0.16635804312731944,0.31928711055003295,0.5076538085936261
2aml18_jpg.rf.ed70e0140d181f7392d2c7971a08ca99.jpg,4,AND,0.0,0.0,0.0,0.0,0.0,0.0,0.827280273437298
2aml18_jpg.rf.ed70e0140d181f7392d2c7971a08ca99.jpg,4,weighted_mean,0.18415356918899442,0.31102987649670794,0.20508292071949996,0.6434286037364043,0.16635804312731944,0.31928711055003295,0.5076538085936261
2aml190_jpg.rf.7de1534e392239d301dfebc1006f24b6.jpg,5,OR,0.4131023135755167,0.5846743149549594,0.4588797764451563,0.8054851683089981,0.09813213357162957,0.16184384433585663,0.5192797851561233
2aml190_jpg.rf.7de1534e392239d301dfebc1006f24b6.jpg,5,AND,0.0,0.0,0.0,0.0,0.0,0.0,0.5799218749998584
2aml190_jpg.rf.7de1534e392239d301dfebc1006f24b6.jpg,5,weighted_mean,0.4131023135755167,0.5846743149549594,0.4588797764451563,0.8054851683089981,0.09813213357162957,0.16184384433585663,0.5192797851561233
2aml193_jpg.rf.2f818696ee168fc25c3235fb8eb082da.jpg,7,OR,0.2809046283308973,0.43860350273998844,0.287662477558245,0.9228235077281051,0.09410692084526463,0.17646559436412446,0.4993017578123781
2aml193_jpg.rf.2f818696ee168fc25c3235fb8eb082da.jpg,7,AND,0.0,0.0,0.0,0.0,0.0,0.0,0.7880517578123076
2aml193_jpg.rf.2f818696ee168fc25c3235fb8eb082da.jpg,7,weighted_mean,0.2809046283308973,0.43860350273998844,0.287662477558245,0.9228235077281051,0.09410692084526463,0.17646559436412446,0.4993017578123781
2aml193_jpg.rf.acb537a9bf9cfa71922e48ee3b790b2b.jpg,7,OR,0.6920184342215697,0.8179797811008364,0.7268785590717072,0.9351889883359902,0.2243125587902253,0.3793288311422317,0.8936230468747818
2aml193_jpg.rf.acb537a9bf9cfa71922e48ee3b790b2b.jpg,7,AND,0.0,0.0,0.0,0.0,0.0,0.0,0.7444116210935683
2aml193_jpg.rf.acb537a9bf9cfa71922e48ee3b790b2b.jpg,7,weighted_mean,0.6920184342215697,0.8179797811008364,0.7268785590717072,0.9351889883359902,0.2243125587902253,0.3793288311422317,0.8936230468747818
2aml193_jpg.rf.cd4aacd9be25b4e8dd0701b681b06294.jpg,6,OR,0.6687508711837693,0.8014987530276158,0.6895720973521713,0.9568000303881665,0.16822630494469387,0.286229290102839,0.8781616210935356
2aml193_jpg.rf.cd4aacd9be25b4e8dd0701b681b06294.jpg,6,AND,0.0,0.0,0.0,0.0,0.0,0.0,0.7429174804685686
2aml193_jpg.rf.cd4aacd9be25b4e8dd0701b681b06294.jpg,6,weighted_mean,0.6687508711837693,0.8014987530276158,0.6895720973521713,0.9568000303881665,0.16822630494469387,0.286229290102839,0.8781616210935356
2aml193_jpg.rf.d107772b70c9e479075375f87c046d41.jpg,6,OR,0.26498465298688934,0.4189531507140517,0.2736956433993176,0.8927695125005771,0.07842111287329591,0.148462584208795,0.4948779296873792
2aml193_jpg.rf.d107772b70c9e479075375f87c046d41.jpg,6,AND,0.0,0.0,0.0,0.0,0.0,0.0,0.7960229492185557
2aml193_jpg.rf.d107772b70c9e479075375f87c046d41.jpg,6,weighted_mean,0.26498465298688934,0.4189531507140517,0.2736956433993176,0.8927695125005771,0.07842111287329591,0.148462584208795,0.4948779296873792
2aml196_jpg.rf.91e7ce660d7e2c0db73ff888b09eb7c0.jpg,6,OR,0.324566898054656,0.4900724886471733,0.3310983508979329,0.942704049843062,0.1707206224546053,0.31215420353875967,0.6156396484373498
2aml196_jpg.rf.91e7ce660d7e2c0db73ff888b09eb7c0.jpg,6,AND,0.0,0.0,0.0,0.0,0.0,0.0,0.8040771484373037
2aml196_jpg.rf.91e7ce660d7e2c0db73ff888b09eb7c0.jpg,6,weighted_mean,0.324566898054656,0.4900724886471733,0.3310983508979329,0.942704049843062,0.1707206224546053,0.31215420353875967,0.6156396484373498
2aml241_jpg.rf.3e331f897a2767e6a5c47b65b0150482.jpg,8,OR,0.1692093835442681,0.2894423974452503,0.17116262134035312,0.9368202344839892,0.08417733173721531,0.15831420085042527,0.47033447265613515
2aml241_jpg.rf.3e331f897a2767e6a5c47b65b0150482.jpg,8,AND,0.0,0.0,0.0,0.0,0.0,0.0,0.8848461914060339
2aml241_jpg.rf.3e331f897a2767e6a5c47b65b0150482.jpg,8,weighted_mean,0.1692093835442681,0.2894423974452503,0.17116262134035312,0.9368202344839892,0.08417733173721531,0.15831420085042527,0.47033447265613515
2aml241_jpg.rf.666c1a503ef0d4ae4924868748e815d2.jpg,4,OR,0.10234067804961103,0.18567885606958462,0.10375262360743,0.8826318715429456,0.030760825672745764,0.05969309549727884,0.42202880859364694
2aml241_jpg.rf.666c1a503ef0d4ae4924868748e815d2.jpg,4,AND,0.0,0.0,0.0,0.0,0.0,0.0,0.9253442382810241
2aml241_jpg.rf.666c1a503ef0d4ae4924868748e815d2.jpg,4,weighted_mean,0.10234067804961103,0.18567885606958462,0.10375262360743,0.8826318715429456,0.030760825672745764,0.05969309549727884,0.42202880859364694
2aml241_jpg.rf.bcedd30b879ab613fdbfed91f69afef7.jpg,4,OR,0.16574730646097993,0.2843623237083205,0.16849799224886994,0.9103391232401977,0.07303687635558995,0.13904140257377187,0.5266430664061215
2aml241_jpg.rf.bcedd30b879ab613fdbfed91f69afef7.jpg,4,AND,0.0,0.0,0.0,0.0,0.0,0.0,0.896691894531031
2aml241_jpg.rf.bcedd30b879ab613fdbfed91f69afef7.jpg,4,weighted_mean,0.16574730646097993,0.2843623237083205,0.16849799224886994,0.9103391232401977,0.07303687635558995,0.13904140257377187,0.5266430664061215
2aml24_jpg.rf.e5e759e98d366914c24c0629cce766f2.jpg,6,OR,0.21608392551333716,0.35537666600127643,0.22311794272022084,0.8726787561933335,0.240158384023413,0.4319179176426793,0.43226562499989446
2aml24_jpg.rf.e5e759e98d366914c24c0629cce766f2.jpg,6,AND,0.0,0.0,0.0,0.0,0.0,0.0,0.8206738281247996
2aml24_jpg.rf.e5e759e98d366914c24c0629cce766f2.jpg,6,weighted_mean,0.21608392551333716,0.35537666600127643,0.22311794272022084,0.8726787561933335,0.240158384023413,0.4319179176426793,0.43226562499989446
2aml301_jpg.rf.84582a90f93002d4423f6e2d5b1da179.jpg,4,OR,0.779649957142821,0.8761834921677829,0.8192975523576745,0.941558311461315,0.22289024657346618,0.3684265254568613,0.9027172851560296
2aml301_jpg.rf.84582a90f93002d4423f6e2d5b1da179.jpg,4,AND,0.0,0.0,0.0,0.0,0.0,0.0,0.6344262695310952
2aml301_jpg.rf.84582a90f93002d4423f6e2d5b1da179.jpg,4,weighted_mean,0.779649957142821,0.8761834921677829,0.8192975523576745,0.941558311461315,0.22289024657346618,0.3684265254568613,0.9027172851560296
2aml301_jpg.rf.9ae188906846dd15475cbf2748b2231b.jpg,2,OR,0.6955991751461341,0.82047595368308,0.7201977422263858,0.9531961812197428,0.12241538936291942,0.2201988008060513,0.8457543945310435
2aml301_jpg.rf.9ae188906846dd15475cbf2748b2231b.jpg,2,AND,0.003858588652059434,0.007687514348491235,0.5901309163554752,0.0038689572301937986,0.024042987135142597,0.04581876757830203,0.630656738281096
2aml301_jpg.rf.9ae188906846dd15475cbf2748b2231b.jpg,2,weighted_mean,0.6955991751461341,0.82047595368308,0.7201977422263858,0.9531961812197428,0.12241538936291942,0.2201988008060513,0.8457543945310435
2aml301_jpg.rf.c40657922a10d9cb34563b180f4a125b.jpg,4,OR,0.7454751751275801,0.8541802092064608,0.7831702724331394,0.9393510332626952,0.17582791931241737,0.3074361727027384,0.8866333007810335
2aml301_jpg.rf.c40657922a10d9cb34563b180f4a125b.jpg,4,AND,0.0,0.0,0.0,0.0,0.0,0.0,0.6465234374998422
2aml301_jpg.rf.c40657922a10d9cb34563b180f4a125b.jpg,4,weighted_mean,0.7454751751275801,0.8541802092064608,0.7831702724331394,0.9393510332626952,0.17582791931241737,0.3074361727027384,0.8866333007810335
2aml313_jpg.rf.24c9b7c9451a54a588d5fd977857e1a1.jpg,2,OR,0.9073887058582294,0.9514460299270252,0.9642681210406718,0.9389604604939534,0.3391009507818124,0.534371773482853,0.9726855468747625
2aml313_jpg.rf.24c9b7c9451a54a588d5fd977857e1a1.jpg,2,AND,0.0,0.0,0.0,0.0,0.0,0.0,0.7149804687498255
2aml313_jpg.rf.24c9b7c9451a54a588d5fd977857e1a1.jpg,2,weighted_mean,0.9073887058582294,0.9514460299270252,0.9642681210406718,0.9389604604939534,0.3391009507818124,0.534371773482853,0.9726855468747625
2aml313_jpg.rf.4e7ba3ced6099b34d77d057d71e38920.jpg,2,OR,0.8787164304397835,0.9354433869874521,0.9786152637275299,0.8959196496044437,0.35798491875116656,0.581754325141767,0.9668457031247639
2aml313_jpg.rf.4e7ba3ced6099b34d77d057d71e38920.jpg,2,AND,0.0,0.0,0.0,0.0,0.0,0.0,0.7318872070310714
2aml313_jpg.rf.4e7ba3ced6099b34d77d057d71e38920.jpg,2,weighted_mean,0.8787164304397835,0.9354433869874521,0.9786152637275299,0.8959196496044437,0.35798491875116656,0.581754325141767,0.9668457031247639
2aml313_jpg.rf.fd7dff30a913d58027c317faeb04ec54.jpg,3,OR,0.9261165699990568,0.9616412468737656,0.9754102328273629,0.9482555786651217,0.510590524659417,0.7295341445544686,0.9803759765622606
2aml313_jpg.rf.fd7dff30a913d58027c317faeb04ec54.jpg,3,AND,0.0,0.0,0.0,0.0,0.0,0.0,0.7405932617185692
2aml313_jpg.rf.fd7dff30a913d58027c317faeb04ec54.jpg,3,weighted_mean,0.9261165699990568,0.9616412468737656,0.9754102328273629,0.9482555786651217,0.510590524659417,0.7295341445544686,0.9803759765622606
2aml317_jpg.rf.64bd2c94de93e22ed58fdc6902ec69f9.jpg,4,OR,0.08985042775898261,0.16488579619817847,0.09111145582870894,0.8665215948037231,0.16452615528921966,0.28748186399790515,0.4189819335936477
2aml317_jpg.rf.64bd2c94de93e22ed58fdc6902ec69f9.jpg,4,AND,0.0,0.0,0.0,0.0,0.0,0.0,0.933806152343522
2aml317_jpg.rf.64bd2c94de93e22ed58fdc6902ec69f9.jpg,4,weighted_mean,0.08985042775898261,0.16488579619817847,0.09111145582870894,0.8665215948037231,0.16452615528921966,0.28748186399790515,0.4189819335936477
2aml321_jpg.rf.49ae9ff922ee4ae85deba4e2fd627de5.jpg,2,OR,0.13980514670740352,0.2453141172616455,0.1426399156513726,0.875540093146895,0.13285356189824302,0.25181518381216667,0.2968579101561775
2aml321_jpg.rf.49ae9ff922ee4ae85deba4e2fd627de5.jpg,2,AND,0.0,0.0,0.0,0.0,0.0,0.0,0.8694750976560377
2aml321_jpg.rf.49ae9ff922ee4ae85deba4e2fd627de5.jpg,2,weighted_mean,0.13980514670740352,0.2453141172616455,0.1426399156513726,0.875540093146895,0.13285356189824302,0.25181518381216667,0.2968579101561775
2aml321_jpg.rf.85eb200150e2599df8e7a90d7477c51b.jpg,3,OR,0.0544909643685006,0.10335027270932268,0.05463261283009421,0.9545799403117972,0.14900140880024446,0.29897560365699255,0.20049316406245105
2aml321_jpg.rf.85eb200150e2599df8e7a90d7477c51b.jpg,3,AND,0.0,0.0,0.0,0.0,0.0,0.0,0.9517309570310176
2aml321_jpg.rf.85eb200150e2599df8e7a90d7477c51b.jpg,3,weighted_mean,0.0544909643685006,0.10335027270932268,0.05463261283009421,0.9545799403117972,0.14900140880024446,0.29897560365699255,0.20049316406245105
2aml321_jpg.rf.90c57d6b851beb0b9398ecfd73a056a8.jpg,4,OR,0.8363053239240607,0.9108565041209297,0.9158471480734639,0.905919955529052,0.2879728199307453,0.4451025229233228,0.9781933593747612
2aml321_jpg.rf.90c57d6b851beb0b9398ecfd73a056a8.jpg,4,AND,0.0,0.0,0.0,0.0,0.0,0.0,0.8770214843747859
2aml321_jpg.rf.90c57d6b851beb0b9398ecfd73a056a8.jpg,4,weighted_mean,0.8363053239240607,0.9108565041209297,0.9158471480734639,0.905919955529052,0.2879728199307453,0.4451025229233228,0.9781933593747612
2aml321_jpg.rf.f833a2aa5238c3f03f7413491d2f71ef.jpg,2,OR,0.13093876045500838,0.23155764933253864,0.13400746602534325,0.851145546574791,0.09262914020917147,0.1442295521173909,0.37875488281240755
2aml321_jpg.rf.f833a2aa5238c3f03f7413491d2f71ef.jpg,2,AND,0.4030725512822949,0.5745569620244073,0.9999999999944922,0.4030725512822949,0.06572471147290511,0.09726286738711949,0.9343554687497719
2aml321_jpg.rf.f833a2aa5238c3f03f7413491d2f71ef.jpg,2,weighted_mean,0.13093876045500838,0.23155764933253864,0.13400746602534325,0.851145546574791,0.09262914020917147,0.1442295521173909,0.37875488281240755
2aml321_jpg.rf.faef715d0f0b50350f9863bd69f08226.jpg,3,OR,0.10844088850217115,0.19566381866101423,0.10952092573128454,0.9166418207093107,0.201764274843014,0.35149006687806594,0.25947265624993665
2aml321_jpg.rf.faef715d0f0b50350f9863bd69f08226.jpg,3,AND,0.0,0.0,0.0,0.0,0.0,0.0,0.9017382812497798
2aml321_jpg.rf.faef715d0f0b50350f9863bd69f08226.jpg,3,weighted_mean,0.10844088850217115,0.19566381866101423,0.10952092573128454,0.9166418207093107,0.201764274843014,0.35149006687806594,0.25947265624993665
2aml36_jpg.rf.01dfe2dea5c3e6da34c6755f8f0f1301.jpg,6,OR,0.43021959866234105,0.6016133453418171,0.46856776869557853,0.8401728097989279,0.10575967385976355,0.19271320057334745,0.7516210937498164
2aml36_jpg.rf.01dfe2dea5c3e6da34c6755f8f0f1301.jpg,6,AND,0.0,0.0,0.0,0.0,0.0,0.0,0.7767822265623103
2aml36_jpg.rf.01dfe2dea5c3e6da34c6755f8f0f1301.jpg,6,weighted_mean,0.43021959866234105,0.6016133453418171,0.46856776869557853,0.8401728097989279,0.10575967385976355,0.19271320057334745,0.7516210937498164
2aml36_jpg.rf.9ee04cdbdbd756882c3338134b5a0ef2.jpg,5,OR,0.445691659185095,0.6165791389241627,0.4838072618844734,0.8497874511127929,0.12362893468448415,0.22188760929896548,0.7723803710935614
2aml36_jpg.rf.9ee04cdbdbd756882c3338134b5a0ef2.jpg,5,AND,0.0,0.0,0.0,0.0,0.0,0.0,0.7846313476560585
2aml36_jpg.rf.9ee04cdbdbd756882c3338134b5a0ef2.jpg,5,weighted_mean,0.445691659185095,0.6165791389241627,0.4838072618844734,0.8497874511127929,0.12362893468448415,0.22188760929896548,0.7723803710935614
2aml877_jpg.rf.79a47abb2303dabe0f6abd3a2e3d875c.jpg,8,OR,0.3594760733366778,0.5288450166752624,0.37105571782595864,0.9201212653283765,0.24101079614717533,0.4424533223814503,0.7082128906248271
2aml877_jpg.rf.79a47abb2303dabe0f6abd3a2e3d875c.jpg,8,AND,0.0,0.0,0.0,0.0,0.0,0.0,0.8220263671872993
2aml877_jpg.rf.79a47abb2303dabe0f6abd3a2e3d875c.jpg,8,weighted_mean,0.3594760733366778,0.5288450166752624,0.37105571782595864,0.9201212653283765,0.24101079614717533,0.4424533223814503,0.7082128906248271
2aml877_jpg.rf.fefecd088cdb1e1ee617c331fd1a0213.jpg,5,OR,0.2832835951418996,0.4414980386476076,0.2979431580397929,0.8520162417174598,0.22463990820942767,0.4063759907508412,0.679860839843584
2aml877_jpg.rf.fefecd088cdb1e1ee617c331fd1a0213.jpg,5,AND,0.0,0.0,0.0,0.0,0.0,0.0,0.8514868164060421
2aml877_jpg.rf.fefecd088cdb1e1ee617c331fd1a0213.jpg,5,weighted_mean,0.2832835951418996,0.4414980386476076,0.2979431580397929,0.8520162417174598,0.22463990820942767,0.4063759907508412,0.679860839843584
525105_sat_57_jpg.rf.635eaf17545ab07abbb9839f54d56fb8.jpg,1,OR,0.9238905774963659,0.9604398382143551,0.9672861507005183,0.9536897590241756,0.6781420764842038,0.9477390355514603,0.9984716796872563
525105_sat_57_jpg.rf.635eaf17545ab07abbb9839f54d56fb8.jpg,1,AND,0.9238905774963659,0.9604398382143551,0.9672861507005183,0.9536897590241756,0.6781420764842038,0.9477390355514603,0.9984716796872563
525105_sat_57_jpg.rf.635eaf17545ab07abbb9839f54d56fb8.jpg,1,weighted_mean,0.9238905774963659,0.9604398382143551,0.9672861507005183,0.9536897590241756,0.6781420764842038,0.9477390355514603,0.9984716796872563
525105_sat_57_jpg.rf.b31bf205bacee064de3929b9ba07afe4.jpg,2,OR,0.6357015572895661,0.7772830617621387,0.653993304633716,0.9578566425290933,0.4131223211273801,0.6754092466584448,0.9885205078122586
525105_sat_57_jpg.rf.b31bf205bacee064de3929b9ba07afe4.jpg,2,AND,0.0,0.0,0.0,0.0,0.0,0.0,0.979086914062261
525105_sat_57_jpg.rf.b31bf205bacee064de3929b9ba07afe4.jpg,2,weighted_mean,0.6357015572895661,0.7772830617621387,0.653993304633716,0.9578566425290933,0.4131223211273801,0.6754092466584448,0.9885205078122586
626208_sat_58_jpg.rf.4b9fab1e590e0fe97a9462aecd364653.jpg,3,OR,0.6810729383988,0.8102836264172012,0.6886464806273394,0.9841089614544469,0.03609550561791416,0.04497576743111169,0.7730883789060613
626208_sat_58_jpg.rf.4b9fab1e590e0fe97a9462aecd364653.jpg,3,AND,0.0,0.0,0.0,0.0,0.0,0.0,0.5076025390623761
626208_sat_58_jpg.rf.4b9fab1e590e0fe97a9462aecd364653.jpg,3,weighted_mean,0.6810729383988,0.8102836264172012,0.6886464806273394,0.9841089614544469,0.03609550561791416,0.04497576743111169,0.7730883789060613
626208_sat_58_jpg.rf.d230820df51a7d9e789b7eb79dacf27f.jpg,6,OR,0.5956415695936931,0.7465856755604137,0.5990603250851683,0.990509888832621,0.12006933137223581,0.2198091870324246,0.6891455078123317
626208_sat_58_jpg.rf.d230820df51a7d9e789b7eb79dacf27f.jpg,6,AND,0.0,0.0,0.0,0.0,0.0,0.0,0.5377075195311187
626208_sat_58_jpg.rf.d230820df51a7d9e789b7eb79dacf27f.jpg,6,weighted_mean,0.5956415695936931,0.7465856755604137,0.5990603250851683,0.990509888832621,0.12006933137223581,0.2198091870324246,0.6891455078123317
644103_sat_67_jpg.rf.e226a00858652657c84c3a6dcf6b1f6b.jpg,4,OR,0.8694054677883103,0.9301411414152994,0.8881830841458946,0.976259979833388,0.2544207073126612,0.42541444841707265,0.8917041015622823
644103_sat_67_jpg.rf.e226a00858652657c84c3a6dcf6b1f6b.jpg,4,AND,0.0,0.0,0.0,0.0,0.0,0.0,0.26151123046868613
644103_sat_67_jpg.rf.e226a00858652657c84c3a6dcf6b1f6b.jpg,4,weighted_mean,0.8694054677883103,0.9301411414152994,0.8881830841458946,0.976259979833388,0.2544207073126612,0.42541444841707265,0.8917041015622823
651312_sat_00_jpg.rf.237e00529476e5613f27c18780314258.jpg,7,OR,0.826036329761966,0.9047315393441755,0.9390668594580514,0.8728184743511433,0.2835343887970229,0.46387070048249834,0.9288745117185232
651312_sat_00_jpg.rf.237e00529476e5613f27c18780314258.jpg,7,AND,0.0,0.0,0.0,0.0,0.0,0.0,0.6130615234373503
651312_sat_00_jpg.rf.237e00529476e5613f27c18780314258.jpg,7,weighted_mean,0.826036329761966,0.9047315393441755,0.9390668594580514,0.8728184743511433,0.2835343887970229,0.46387070048249834,0.9288745117185232
651312_sat_00_jpg.rf.4e0943dd4c6d0486699557aed74380cf.jpg,6,OR,0.8037636961995364,0.8912073104620487,0.9295647229108964,0.8558900001779847,0.17522109265199567,0.30081729427773474,0.9142553710935268
651312_sat_00_jpg.rf.4e0943dd4c6d0486699557aed74380cf.jpg,6,AND,0.0,0.0,0.0,0.0,0.0,0.0,0.589665527343606
651312_sat_00_jpg.rf.4e0943dd4c6d0486699557aed74380cf.jpg,6,weighted_mean,0.8037636961995364,0.8912073104620487,0.9295647229108964,0.8558900001779847,0.17522109265199567,0.30081729427773474,0.9142553710935268
651312_sat_00_jpg.rf.91e6314b19e7c4be9eaad81684878c03.jpg,5,OR,0.8292082508483536,0.9066307791513425,0.9628345987786435,0.8566266656065821,0.2765011507073776,0.4327487879231467,0.9186962890622757
651312_sat_00_jpg.rf.91e6314b19e7c4be9eaad81684878c03.jpg,5,AND,0.0,0.0,0.0,0.0,0.0,0.0,0.5391967773436184
651312_sat_00_jpg.rf.91e6314b19e7c4be9eaad81684878c03.jpg,5,weighted_mean,0.8292082508483536,0.9066307791513425,0.9628345987786435,0.8566266656065821,0.2765011507073776,0.4327487879231467,0.9186962890622757
9_jpg.rf.49a8aab420217d92815e3d8c4413b8a3.jpg,4,OR,0.8244441445654171,0.9037757028859876,0.873912458138369,0.9357521262785284,0.23679812834145456,0.4019399166072253,0.946005859374769
9_jpg.rf.49a8aab420217d92815e3d8c4413b8a3.jpg,4,AND,0.0,0.0,0.0,0.0,0.0,0.0,0.729023437499822
9_jpg.rf.49a8aab420217d92815e3d8c4413b8a3.jpg,4,weighted_mean,0.8244441445654171,0.9037757028859876,0.873912458138369,0.9357521262785284,0.23679812834145456,0.4019399166072253,0.946005859374769
9_jpg.rf.9dc34a4564d52b151de8a0233bf4069a.jpg,5,OR,0.8119715721106391,0.8962299239218529,0.8478392988509997,0.950478717681222,0.2821725604714552,0.46992686499942,0.9400585937497705
9_jpg.rf.9dc34a4564d52b151de8a0233bf4069a.jpg,5,AND,0.0,0.0,0.0,0.0,0.0,0.0,0.7276660156248224
9_jpg.rf.9dc34a4564d52b151de8a0233bf4069a.jpg,5,weighted_mean,0.8119715721106391,0.8962299239218529,0.8478392988509997,0.950478717681222,0.2821725604714552,0.46992686499942,0.9400585937497705
9_jpg.rf.b6676235627e82c9dc21edfeab828a7b.jpg,3,OR,0.8570986699653131,0.9230512991335263,0.9054963727853527,0.9413003600780103,0.27271767066763114,0.4579736429434068,0.9548828124997669
9_jpg.rf.b6676235627e82c9dc21edfeab828a7b.jpg,3,AND,0.0,0.0,0.0,0.0,0.0,0.0,0.712519531249826
9_jpg.rf.b6676235627e82c9dc21edfeab828a7b.jpg,3,weighted_mean,0.8570986699653131,0.9230512991335263,0.9054963727853527,0.9413003600780103,0.27271767066763114,0.4579736429434068,0.9548828124997669
9_jpg.rf.e09d382275c7c0f7e2771468b5cb297d.jpg,4,OR,0.8560457711096633,0.9224403669720539,0.886312950115136,0.9616381495251761,0.3479961570122564,0.583052548559038,0.958720703124766
9_jpg.rf.e09d382275c7c0f7e2771468b5cb297d.jpg,4,AND,0.0,0.0,0.0,0.0,0.0,0.0,0.7447338867185682
9_jpg.rf.e09d382275c7c0f7e2771468b5cb297d.jpg,4,weighted_mean,0.8560457711096633,0.9224403669720539,0.886312950115136,0.9616381495251761,0.3479961570122564,0.583052548559038,0.958720703124766
alina10_jpg.rf.0020cad06a387c0b3dfb42e4f24ffc81.jpg,7,OR,0.6372152294917454,0.7784135134017309,0.7645591351678839,0.7927792612350001,0.2882173958651131,0.4822989960562367,0.9603833007810155
alina10_jpg.rf.0020cad06a387c0b3dfb42e4f24ffc81.jpg,7,AND,0.0,0.0,0.0,0.0,0.0,0.0,0.9122265624997773
alina10_jpg.rf.0020cad06a387c0b3dfb42e4f24ffc81.jpg,7,weighted_mean,0.6372152294917454,0.7784135134017309,0.7645591351678839,0.7927792612350001,0.2882173958651131,0.4822989960562367,0.9603833007810155
alina10_jpg.rf.841d21c7fc94a1f15eb574c375bdc3f4.jpg,6,OR,0.48660567675231853,0.6546533278621285,0.5212584179301406,0.8798032063750962,0.216558359354306,0.3730149535147436,0.9465673828122689
alina10_jpg.rf.841d21c7fc94a1f15eb574c375bdc3f4.jpg,6,AND,0.0,0.0,0.0,0.0,0.0,0.0,0.9424365234372699
alina10_jpg.rf.841d21c7fc94a1f15eb574c375bdc3f4.jpg,6,weighted_mean,0.48660567675231853,0.6546533278621285,0.5212584179301406,0.8798032063750962,0.216558359354306,0.3730149535147436,0.9465673828122689
alina110_jpg.rf.1771543f9013d4c2badf3b6f6ff7e99d.jpg,7,OR,0.35242656377892034,0.5211766364514134,0.3964620975063131,0.7603629764046936,0.06108229706910866,0.10026140683922835,0.8590405273435403
alina110_jpg.rf.1771543f9013d4c2badf3b6f6ff7e99d.jpg,7,AND,0.0,0.0,0.0,0.0,0.0,0.0,0.8991088867185305
alina110_jpg.rf.1771543f9013d4c2badf3b6f6ff7e99d.jpg,7,weighted_mean,0.35242656377892034,0.5211766364514134,0.3964620975063131,0.7603629764046936,0.06108229706910866,0.10026140683922835,0.8590405273435403
alina110_jpg.rf.5a2fa9afab48aba10109a4b76ffe502e.jpg,8,OR,0.40756158975540285,0.5791030285590932,0.4699308453204314,0.7543502189729165,0.15812948065408491,0.2807210022153258,0.8856909179685337
alina110_jpg.rf.5a2fa9afab48aba10109a4b76ffe502e.jpg,8,AND,0.0,0.0,0.0,0.0,0.0,0.0,0.8957543945310313
alina110_jpg.rf.5a2fa9afab48aba10109a4b76ffe502e.jpg,8,weighted_mean,0.40756158975540285,0.5791030285590932,0.4699308453204314,0.7543502189729165,0.15812948065408491,0.2807210022153258,0.8856909179685337
alina114_jpg.rf.dcfa8d58fc09a85678081fa1f103478c.jpg,5,OR,0.6563553028719735,0.7925296000609429,0.7291452293923125,0.8679831045388215,0.18459772513762357,0.3281803853234129,0.9474658203122687
alina114_jpg.rf.dcfa8d58fc09a85678081fa1f103478c.jpg,5,AND,0.0,0.0,0.0,0.0,0.0,0.0,0.8843994140622841
alina114_jpg.rf.dcfa8d58fc09a85678081fa1f103478c.jpg,5,weighted_mean,0.6563553028719735,0.7925296000609429,0.7291452293923125,0.8679831045388215,0.18459772513762357,0.3281803853234129,0.9474658203122687
alina119_jpg.rf.0bff2ab436886c6a022e1bc8fe8960b4.jpg,4,OR,0.7896171503508984,0.8824425382781727,0.8946036316330873,0.8706076424177556,0.3032494237795307,0.4860610588275346,0.974938964843512
alina119_jpg.rf.0bff2ab436886c6a022e1bc8fe8960b4.jpg,4,AND,0.0,0.0,0.0,0.0,0.0,0.0,0.8919604492185322
alina119_jpg.rf.0bff2ab436886c6a022e1bc8fe8960b4.jpg,4,weighted_mean,0.7896171503508984,0.8824425382781727,0.8946036316330873,0.8706076424177556,0.3032494237795307,0.4860610588275346,0.974938964843512
alina119_jpg.rf.a225981281620554464fcc3d8c68eaf7.jpg,3,OR,0.8659824427889868,0.9281785540218138,0.9526337280503213,0.9049475378660131,0.3534285118781084,0.5659460148837027,0.9823706054685102
alina119_jpg.rf.a225981281620554464fcc3d8c68eaf7.jpg,3,AND,0.0,0.0,0.0,0.0,0.0,0.0,0.8741186523435366
alina119_jpg.rf.a225981281620554464fcc3d8c68eaf7.jpg,3,weighted_mean,0.8659824427889868,0.9281785540218138,0.9526337280503213,0.9049475378660131,0.3534285118781084,0.5659460148837027,0.9823706054685102
alina119_jpg.rf.c50b27da99989c4d168539cc3e427786.jpg,6,OR,0.5301559139125155,0.6929436524634135,0.6400903808899582,0.7553108606437866,0.07919321908037123,0.14468065758725382,0.9056079101560289
alina119_jpg.rf.c50b27da99989c4d168539cc3e427786.jpg,6,AND,0.0,0.0,0.0,0.0,0.0,0.0,0.8589868164060402
alina119_jpg.rf.c50b27da99989c4d168539cc3e427786.jpg,6,weighted_mean,0.5301559139125155,0.6929436524634135,0.6400903808899582,0.7553108606437866,0.07919321908037123,0.14468065758725382,0.9056079101560289
alina124_jpg.rf.032ba32e04e633668c61a22b0caa2144.jpg,2,OR,0.6283360892601828,0.7717523346739316,0.8407220545038652,0.713240711502801,0.14071451304845356,0.2535417594478288,0.9412841796872702
alina124_jpg.rf.032ba32e04e633668c61a22b0caa2144.jpg,2,AND,0.0,0.0,0.0,0.0,0.0,0.0,0.8608251953122898
alina124_jpg.rf.032ba32e04e633668c61a22b0caa2144.jpg,2,weighted_mean,0.6283360892601828,0.7717523346739316,0.8407220545038652,0.713240711502801,0.14071451304845356,0.2535417594478288,0.9412841796872702
alina124_jpg.rf.9a9a9ae809eab040d84b56f9d775dd2f.jpg,3,OR,0.4917051479384672,0.6592524650303748,0.6115619988863247,0.7150099479631256,0.09769250062673158,0.19881284952643843,0.9056738281247789
alina124_jpg.rf.9a9a9ae809eab040d84b56f9d775dd2f.jpg,3,AND,0.0,0.0,0.0,0.0,0.0,0.0,0.872382812499787
alina124_jpg.rf.9a9a9ae809eab040d84b56f9d775dd2f.jpg,3,weighted_mean,0.4917051479384672,0.6592524650303748,0.6115619988863247,0.7150099479631256,0.09769250062673158,0.19881284952643843,0.9056738281247789
alina124_jpg.rf.9eb717c7fd188301f4b11d8d580bd034.jpg,3,OR,0.49110816989472855,0.658715685166423,0.6165652049115296,0.7070521593003152,0.09239612315378239,0.17129121320917298,0.896743164062281
alina124_jpg.rf.9eb717c7fd188301f4b11d8d580bd034.jpg,3,AND,0.0,0.0,0.0,0.0,0.0,0.0,0.8590649414060403
alina124_jpg.rf.9eb717c7fd188301f4b11d8d580bd034.jpg,3,weighted_mean,0.49110816989472855,0.658715685166423,0.6165652049115296,0.7070521593003152,0.09239612315378239,0.17129121320917298,0.896743164062281
alina124_jpg.rf.e72b28204780362e6c5bb2e57e6a19e8.jpg,2,OR,0.5090580141398945,0.674669905822061,0.6282851728333236,0.7284495239380552,0.1036714732636784,0.20379171486050993,0.8993017578122804
alina124_jpg.rf.e72b28204780362e6c5bb2e57e6a19e8.jpg,2,AND,0.0,0.0,0.0,0.0,0.0,0.0,0.8566625976560408
alina124_jpg.rf.e72b28204780362e6c5bb2e57e6a19e8.jpg,2,weighted_mean,0.5090580141398945,0.674669905822061,0.6282851728333236,0.7284495239380552,0.1036714732636784,0.20379171486050993,0.8993017578122804
alina124_jpg.rf.f074ff8d8375f343902bcf60ac924c16.jpg,4,OR,0.8056722170054421,0.8923792584476742,0.9170462853590592,0.8690044766558853,0.2499102047322109,0.4197513050019151,0.9711938476560129
alina124_jpg.rf.f074ff8d8375f343902bcf60ac924c16.jpg,4,AND,0.0,0.0,0.0,0.0,0.0,0.0,0.8625683593747894
alina124_jpg.rf.f074ff8d8375f343902bcf60ac924c16.jpg,4,weighted_mean,0.8056722170054421,0.8923792584476742,0.9170462853590592,0.8690044766558853,0.2499102047322109,0.4197513050019151,0.9711938476560129
alina129_jpg.rf.4b5f9ebdece4ce5027e4830f011445ee.jpg,5,OR,0.8132514183238584,0.8970089973243924,0.9333063455100137,0.863429249109195,0.2591127739167678,0.41531463713689554,0.9689794921872634
alina129_jpg.rf.4b5f9ebdece4ce5027e4830f011445ee.jpg,5,AND,0.0,0.0,0.0,0.0,0.0,0.0,0.843544921874794
alina129_jpg.rf.4b5f9ebdece4ce5027e4830f011445ee.jpg,5,weighted_mean,0.8132514183238584,0.8970089973243924,0.9333063455100137,0.863429249109195,0.2591127739167678,0.41531463713689554,0.9689794921872634
alina129_jpg.rf.5f8ffdc5801c23330a353d97f2dc0a23.jpg,3,OR,0.6121242757700974,0.7594008538550058,0.8158449365981137,0.710261539154607,0.09545118094308777,0.18996218651343535,0.9269409179685237
alina129_jpg.rf.5f8ffdc5801c23330a353d97f2dc0a23.jpg,3,AND,0.0,0.0,0.0,0.0,0.0,0.0,0.8376684570310455
alina129_jpg.rf.5f8ffdc5801c23330a353d97f2dc0a23.jpg,3,weighted_mean,0.6121242757700974,0.7594008538550058,0.8158449365981137,0.710261539154607,0.09545118094308777,0.18996218651343535,0.9269409179685237
alina129_jpg.rf.79d706d15b4dd4cfafe0a117fd2e971c.jpg,4,OR,0.8295615275800813,0.9068419018160303,0.9418306683050741,0.8743596656766937,0.28913510952258215,0.4575856190371578,0.9723461914060126
alina129_jpg.rf.79d706d15b4dd4cfafe0a117fd2e971c.jpg,4,AND,0.0,0.0,0.0,0.0,0.0,0.0,0.8460620117185434
alina129_jpg.rf.79d706d15b4dd4cfafe0a117fd2e971c.jpg,4,weighted_mean,0.8295615275800813,0.9068419018160303,0.9418306683050741,0.8743596656766937,0.28913510952258215,0.4575856190371578,0.9723461914060126
alina129_jpg.rf.9f74e28814aa071a378c196e3a08b8d7.jpg,3,OR,0.8043049762886301,0.8915399412609806,0.9327182680984335,0.8538438210752785,0.20162277480431706,0.31957823463361273,0.966550292968514
alina129_jpg.rf.9f74e28814aa071a378c196e3a08b8d7.jpg,3,AND,0.0,0.0,0.0,0.0,0.0,0.0,0.8389892578122952
alina129_jpg.rf.9f74e28814aa071a378c196e3a08b8d7.jpg,3,weighted_mean,0.8043049762886301,0.8915399412609806,0.9327182680984335,0.8538438210752785,0.20162277480431706,0.31957823463361273,0.966550292968514
alina129_jpg.rf.a9a3e51c728b83dc5a92a123e7e25d5f.jpg,5,OR,0.4481338000467552,0.6189121475270952,0.5201013340022137,0.7640737636198422,0.1124143657874458,0.20788308163777028,0.8629711914060393
alina129_jpg.rf.a9a3e51c728b83dc5a92a123e7e25d5f.jpg,5,AND,0.0,0.0,0.0,0.0,0.0,0.0,0.8543701171872914
alina129_jpg.rf.a9a3e51c728b83dc5a92a123e7e25d5f.jpg,5,weighted_mean,0.4481338000467552,0.6189121475270952,0.5201013340022137,0.7640737636198422,0.1124143657874458,0.20788308163777028,0.8629711914060393
alina129_jpg.rf.b328b02cc65ddfd2fafbbc03eb725819.jpg,3,OR,0.8561533455219633,0.9225028175473369,0.9503913305221461,0.8962043795605901,0.3167984357718405,0.4639760118168691,0.9773364257810114
alina129_jpg.rf.b328b02cc65ddfd2fafbbc03eb725819.jpg,3,AND,0.0,0.0,0.0,0.0,0.0,0.0,0.8494873046872926
alina129_jpg.rf.b328b02cc65ddfd2fafbbc03eb725819.jpg,3,weighted_mean,0.8561533455219633,0.9225028175473369,0.9503913305221461,0.8962043795605901,0.3167984357718405,0.4639760118168691,0.9773364257810114
alina139_jpg.rf.333a6bf0c6db32b3514102b5f7f9b252.jpg,4,OR,0.7630570902384738,0.865606785467465,0.9173714741163451,0.8193719348193595,0.19088794995188205,0.32847391602251697,0.9528833007810174
alina139_jpg.rf.333a6bf0c6db32b3514102b5f7f9b252.jpg,4,AND,0.0,0.0,0.0,0.0,0.0,0.0,0.814814453124801
alina139_jpg.rf.333a6bf0c6db32b3514102b5f7f9b252.jpg,4,weighted_mean,0.7630570902384738,0.865606785467465,0.9173714741163451,0.8193719348193595,0.19088794995188205,0.32847391602251697,0.9528833007810174
alina139_jpg.rf.56021184faa36610ab154eec0014bddb.jpg,4,OR,0.7480579531431133,0.8558731726234363,0.9554313161916701,0.7751054043682524,0.2523890422586098,0.4356926321126275,0.9600927734372656
alina139_jpg.rf.56021184faa36610ab154eec0014bddb.jpg,4,AND,0.0,0.0,0.0,0.0,0.0,0.0,0.8471289062497932
alina139_jpg.rf.56021184faa36610ab154eec0014bddb.jpg,4,weighted_mean,0.7480579531431133,0.8558731726234363,0.9554313161916701,0.7751054043682524,0.2523890422586098,0.4356926321126275,0.9600927734372656
alina139_jpg.rf.f16380283002799b553ff8236af88070.jpg,3,OR,0.5364774504036012,0.6983212806184426,0.5964910117616495,0.8420768641634023,0.11418239764613207,0.22776096835664378,0.8979492187497807
alina139_jpg.rf.f16380283002799b553ff8236af88070.jpg,3,AND,0.0,0.0,0.0,0.0,0.0,0.0,0.8597363281247901
alina139_jpg.rf.f16380283002799b553ff8236af88070.jpg,3,weighted_mean,0.5364774504036012,0.6983212806184426,0.5964910117616495,0.8420768641634023,0.11418239764613207,0.22776096835664378,0.8979492187497807
alina142_jpg.rf.35eeac30aaab0212a8175f4e53d3cb1a.jpg,6,OR,0.8115241080746208,0.895957282000679,0.9636273397600617,0.837167760015958,0.3751285647487139,0.5928328039233628,0.9691748046872634
alina142_jpg.rf.35eeac30aaab0212a8175f4e53d3cb1a.jpg,6,AND,0.0,0.0,0.0,0.0,0.0,0.0,0.8414599609372946
alina142_jpg.rf.35eeac30aaab0212a8175f4e53d3cb1a.jpg,6,weighted_mean,0.8115241080746208,0.895957282000679,0.9636273397600617,0.837167760015958,0.3751285647487139,0.5928328039233628,0.9691748046872634
alina142_jpg.rf.93c78f18c5d441bce24a9e3836e82909.jpg,3,OR,0.6876133351922338,0.8148944083970617,0.804698085178007,0.8253524428208395,0.18100085447790987,0.3353004204171899,0.9453247070310192
alina142_jpg.rf.93c78f18c5d441bce24a9e3836e82909.jpg,3,AND,0.0,0.0,0.0,0.0,0.0,0.0,0.8541845703122914
alina142_jpg.rf.93c78f18c5d441bce24a9e3836e82909.jpg,3,weighted_mean,0.6876133351922338,0.8148944083970617,0.804698085178007,0.8253524428208395,0.18100085447790987,0.3353004204171899,0.9453247070310192
alina142_jpg.rf.9cae9936a4d55ce2b9057743f54c2ecd.jpg,3,OR,0.5689017573021689,0.725222920624977,0.7782658143441346,0.678948989016595,0.09257797755861587,0.16444147446997454,0.9265722656247738
alina142_jpg.rf.9cae9936a4d55ce2b9057743f54c2ecd.jpg,3,AND,0.0,0.0,0.0,0.0,0.0,0.0,0.8572802734372907
alina142_jpg.rf.9cae9936a4d55ce2b9057743f54c2ecd.jpg,3,weighted_mean,0.5689017573021689,0.725222920624977,0.7782658143441346,0.678948989016595,0.09257797755861587,0.16444147446997454,0.9265722656247738
alina144_jpg.rf.05c535d84479d168010743295866836b.jpg,4,OR,0.5810955799008974,0.7350543348395425,0.8215788911423532,0.6650179856103607,0.09864701772184892,0.17708849779911845,0.9323217773435224
alina144_jpg.rf.05c535d84479d168010743295866836b.jpg,4,AND,0.0,0.0,0.0,0.0,0.0,0.0,0.8588281249997903
alina144_jpg.rf.05c535d84479d168010743295866836b.jpg,4,weighted_mean,0.5810955799008974,0.7350543348395425,0.8215788911423532,0.6650179856103607,0.09864701772184892,0.17708849779911845,0.9323217773435224
alina144_jpg.rf.0cdf9b2a6cc62a60b314473607c38ede.jpg,4,OR,0.7950132049078841,0.8858020684574098,0.9529262797218909,0.8275120468276778,0.2961080399202459,0.4847215240837162,0.9677856445310137
alina144_jpg.rf.0cdf9b2a6cc62a60b314473607c38ede.jpg,4,AND,0.0,0.0,0.0,0.0,0.0,0.0,0.8490185546872927
alina144_jpg.rf.0cdf9b2a6cc62a60b314473607c38ede.jpg,4,weighted_mean,0.7950132049078841,0.8858020684574098,0.9529262797218909,0.8275120468276778,0.2961080399202459,0.4847215240837162,0.9677856445310137
alina144_jpg.rf.351defb04c3d05bcdff2d4c20040e634.jpg,3,OR,0.8398248945441318,0.9129400271021139,0.9825825927668025,0.8525161859905054,0.35691942189524084,0.580842540335115,0.9730224609372624
alina144_jpg.rf.351defb04c3d05bcdff2d4c20040e634.jpg,3,AND,0.0,0.0,0.0,0.0,0.0,0.0,0.8340820312497964
alina144_jpg.rf.351defb04c3d05bcdff2d4c20040e634.jpg,3,weighted_mean,0.8398248945441318,0.9129400271021139,0.9825825927668025,0.8525161859905054,0.35691942189524084,0.580842540335115,0.9730224609372624
alina149_jpg.rf.71f4d9430cff87a69a437e19ff623fbb.jpg,4,OR,0.7664919790364624,0.8678125778465718,0.8331159231225423,0.9055248357658593,0.2104708494854512,0.36173505897895175,0.9572485351560163
alina149_jpg.rf.71f4d9430cff87a69a437e19ff623fbb.jpg,4,AND,0.0,0.0,0.0,0.0,0.0,0.0,0.8450268554685437
alina149_jpg.rf.71f4d9430cff87a69a437e19ff623fbb.jpg,4,weighted_mean,0.7664919790364624,0.8678125778465718,0.8331159231225423,0.9055248357658593,0.2104708494854512,0.36173505897895175,0.9572485351560163
alina149_jpg.rf.80e444785fbc1ae953585970a28a6f4a.jpg,3,OR,0.6216886353700999,0.7667176322392107,0.8795485113946716,0.6795438906900907,0.10897249308649042,0.19472032658871305,0.9281079101560235
alina149_jpg.rf.80e444785fbc1ae953585970a28a6f4a.jpg,3,AND,0.0,0.0,0.0,0.0,0.0,0.0,0.8261450195310484
alina149_jpg.rf.80e444785fbc1ae953585970a28a6f4a.jpg,3,weighted_mean,0.6216886353700999,0.7667176322392107,0.8795485113946716,0.6795438906900907,0.10897249308649042,0.19472032658871305,0.9281079101560235
alina149_jpg.rf.d8745d5cc474628e77cd626a98197849.jpg,3,OR,0.6802293527391661,0.8096863105387767,0.8429466923995372,0.7789510235636489,0.13261364420179136,0.23535669319245164,0.9433593749997697
alina149_jpg.rf.d8745d5cc474628e77cd626a98197849.jpg,3,AND,0.0,0.0,0.0,0.0,0.0,0.0,0.8453198242185436
alina149_jpg.rf.d8745d5cc474628e77cd626a98197849.jpg,3,weighted_mean,0.6802293527391661,0.8096863105387767,0.8429466923995372,0.7789510235636489,0.13261364420179136,0.23535669319245164,0.9433593749997697
alina15_jpg.rf.3904ea73ceec2786f0f681b6d17c0f17.jpg,4,OR,0.49015978028239965,0.6578620450882249,0.5255596772085683,0.8791845843969321,0.14307448880190154,0.25813005886669976,0.9179687499997758
alina15_jpg.rf.3904ea73ceec2786f0f681b6d17c0f17.jpg,4,AND,0.0,0.0,0.0,0.0,0.0,0.0,0.9102978515622777
alina15_jpg.rf.3904ea73ceec2786f0f681b6d17c0f17.jpg,4,weighted_mean,0.49015978028239965,0.6578620450882249,0.5255596772085683,0.8791845843969321,0.14307448880190154,0.25813005886669976,0.9179687499997758
alina15_jpg.rf.b9db4153209ab5758b6547d336aba00a.jpg,5,OR,0.524546122362211,0.6881341465084073,0.5998751860193945,0.8068442292145057,0.28140199181548137,0.471658676503439,0.9446948242185194
alina15_jpg.rf.b9db4153209ab5758b6547d336aba00a.jpg,5,AND,0.0,0.0,0.0,0.0,0.0,0.0,0.9243774414060243
alina15_jpg.rf.b9db4153209ab5758b6547d336aba00a.jpg,5,weighted_mean,0.524546122362211,0.6881341465084073,0.5998751860193945,0.8068442292145057,0.28140199181548137,0.471658676503439,0.9446948242185194
alina_1011_jpg.rf.33b871b0181d542104a446cbe7c818ec.jpg,3,OR,0.8032241555775104,0.8908755498788951,0.8776265135375642,0.9045307443355671,0.2412917385162524,0.4274214813562038,0.9511865234372677
alina_1011_jpg.rf.33b871b0181d542104a446cbe7c818ec.jpg,3,AND,0.0,0.0,0.0,0.0,0.0,0.0,0.7797167968748097
alina_1011_jpg.rf.33b871b0181d542104a446cbe7c818ec.jpg,3,weighted_mean,0.8032241555775104,0.8908755498788951,0.8776265135375642,0.9045307443355671,0.2412917385162524,0.4274214813562038,0.9511865234372677
alina_1011_jpg.rf.33d14f01856d8b42a0c0d0506381a4cc.jpg,5,OR,0.2836591200720993,0.4419539668072736,0.2874429326758217,0.9556513200947038,0.2676994612472499,0.46786907511194026,0.5679516601561113
alina_1011_jpg.rf.33d14f01856d8b42a0c0d0506381a4cc.jpg,5,AND,0.0,0.0,0.0,0.0,0.0,0.0,0.8209765624997996
alina_1011_jpg.rf.33d14f01856d8b42a0c0d0506381a4cc.jpg,5,weighted_mean,0.2836591200720993,0.4419539668072736,0.2874429326758217,0.9556513200947038,0.2676994612472499,0.46786907511194026,0.5679516601561113
alina_1011_jpg.rf.9f6a65c4d67daaae4a091e1e12f0a63b.jpg,4,OR,0.32930217429590425,0.49545119336064697,0.3401493233782827,0.9117106299939818,0.19108162463258263,0.32768447984702814,0.6375366210935943
alina_1011_jpg.rf.9f6a65c4d67daaae4a091e1e12f0a63b.jpg,4,AND,0.0,0.0,0.0,0.0,0.0,0.0,0.8048022460935536
alina_1011_jpg.rf.9f6a65c4d67daaae4a091e1e12f0a63b.jpg,4,weighted_mean,0.32930217429590425,0.49545119336064697,0.3401493233782827,0.9117106299939818,0.19108162463258263,0.32768447984702814,0.6375366210935943
alina_1012_jpg.rf.1768dddbb0b12ccebb3ffc56c0ab8830.jpg,2,OR,0.8786265166764468,0.9353924357789435,0.922558748890092,0.9485882178228764,0.3109295664616882,0.4936161119711545,0.9698388671872632
alina_1012_jpg.rf.1768dddbb0b12ccebb3ffc56c0ab8830.jpg,2,AND,0.0,0.0,0.0,0.0,0.0,0.0,0.7698291015623121
alina_1012_jpg.rf.1768dddbb0b12ccebb3ffc56c0ab8830.jpg,2,weighted_mean,0.8786265166764468,0.9353924357789435,0.922558748890092,0.9485882178228764,0.3109295664616882,0.4936161119711545,0.9698388671872632
alina_1013_jpg.rf.315a775c849f5758b1bd45429243c5e3.jpg,3,OR,0.7417483305227162,0.8517284816918527,0.8209472123072239,0.8849079474379129,0.18796681570261295,0.3332807338197161,0.9143652343747768
alina_1013_jpg.rf.315a775c849f5758b1bd45429243c5e3.jpg,3,AND,0.0,0.0,0.0,0.0,0.0,0.0,0.7220507812498237
alina_1013_jpg.rf.315a775c849f5758b1bd45429243c5e3.jpg,3,weighted_mean,0.7417483305227162,0.8517284816918527,0.8209472123072239,0.8849079474379129,0.18796681570261295,0.3332807338197161,0.9143652343747768
alina_1013_jpg.rf.7283d1e8d22efa0607d19f950f0671c4.jpg,2,OR,0.8246708016842809,0.9039118737725842,0.8870139136631404,0.9214661626260827,0.18678478071395066,0.350209949408555,0.9483789062497685
alina_1013_jpg.rf.7283d1e8d22efa0607d19f950f0671c4.jpg,2,AND,0.0,0.0,0.0,0.0,0.0,0.0,0.7365039062498202
alina_1013_jpg.rf.7283d1e8d22efa0607d19f950f0671c4.jpg,2,weighted_mean,0.8246708016842809,0.9039118737725842,0.8870139136631404,0.9214661626260827,0.18678478071395066,0.350209949408555,0.9483789062497685
alina_1014_jpg.rf.bd5a4558f9294f0728a1b642c1fb59ae.jpg,3,OR,0.8680431937167093,0.9293609447965998,0.9039898039850985,0.9561973282958655,0.3764165715640638,0.6035909046191176,0.9507739257810178
alina_1014_jpg.rf.bd5a4558f9294f0728a1b642c1fb59ae.jpg,3,AND,0.0,0.0,0.0,0.0,0.0,0.0,0.6613452148435885
alina_1014_jpg.rf.bd5a4558f9294f0728a1b642c1fb59ae.jpg,3,weighted_mean,0.8680431937167093,0.9293609447965998,0.9039898039850985,0.9561973282958655,0.3764165715640638,0.6035909046191176,0.9507739257810178
alina_1015_jpg.rf.2880f13822754563dc8a084e636350ac.jpg,3,OR,0.9157027977759669,0.9559967222880825,0.9620237033253907,0.9500447879413463,0.36343676108583833,0.5571089723494427,0.9711572265622629
alina_1015_jpg.rf.2880f13822754563dc8a084e636350ac.jpg,3,AND,0.0,0.0,0.0,0.0,0.0,0.0,0.6702124023435864
alina_1015_jpg.rf.2880f13822754563dc8a084e636350ac.jpg,3,weighted_mean,0.9157027977759669,0.9559967222880825,0.9620237033253907,0.9500447879413463,0.36343676108583833,0.5571089723494427,0.9711572265622629
alina_1015_jpg.rf.2abb3a6c8580e88e73f2da1478ff605b.jpg,4,OR,0.8487758680639191,0.918203101550408,0.8954508555007373,0.9421417015013246,0.31011448183652335,0.4856051094904731,0.950100097656018
alina_1015_jpg.rf.2abb3a6c8580e88e73f2da1478ff605b.jpg,4,AND,0.0,0.0,0.0,0.0,0.0,0.0,0.7027270507810784
alina_1015_jpg.rf.2abb3a6c8580e88e73f2da1478ff605b.jpg,4,weighted_mean,0.8487758680639191,0.918203101550408,0.8954508555007373,0.9421417015013246,0.31011448183652335,0.4856051094904731,0.950100097656018
alina_1015_jpg.rf.eb053c785b2ed816e9f3aa4e78743e30.jpg,2,OR,0.8997286552653501,0.9472180700876757,0.9453096223822836,0.9491342391578717,0.3459771124174028,0.5696141664871573,0.9650854492185144
alina_1015_jpg.rf.eb053c785b2ed816e9f3aa4e78743e30.jpg,2,AND,0.0,0.0,0.0,0.0,0.0,0.0,0.6699243164060864
alina_1015_jpg.rf.eb053c785b2ed816e9f3aa4e78743e30.jpg,2,weighted_mean,0.8997286552653501,0.9472180700876757,0.9453096223822836,0.9491342391578717,0.3459771124174028,0.5696141664871573,0.9650854492185144
alina_1016_jpg.rf.0370ea29a36520a45682f01de495aa31.jpg,5,OR,0.8603032113719131,0.9249064411789812,0.9035581890883392,0.9472878892196869,0.2944726672739037,0.5140874247447229,0.9509130859372679
alina_1016_jpg.rf.0370ea29a36520a45682f01de495aa31.jpg,5,AND,0.0,0.0,0.0,0.0,0.0,0.0,0.6808837890623338
alina_1016_jpg.rf.0370ea29a36520a45682f01de495aa31.jpg,5,weighted_mean,0.8603032113719131,0.9249064411789812,0.9035581890883392,0.9472878892196869,0.2944726672739037,0.5140874247447229,0.9509130859372679
alina_1016_jpg.rf.5baa91fdd31ab08dbf2f313f332dbde2.jpg,4,OR,0.8418773644485555,0.9141513769572899,0.8859993558505259,0.9441511307782592,0.26719697722925884,0.43247219106502194,0.9407128906247704
alina_1016_jpg.rf.5baa91fdd31ab08dbf2f313f332dbde2.jpg,4,AND,0.0,0.0,0.0,0.0,0.0,0.0,0.6656713867185875
alina_1016_jpg.rf.5baa91fdd31ab08dbf2f313f332dbde2.jpg,4,weighted_mean,0.8418773644485555,0.9141513769572899,0.8859993558505259,0.9441511307782592,0.26719697722925884,0.43247219106502194,0.9407128906247704
alina_1016_jpg.rf.b52163e5af1fe7f2992fa78989517105.jpg,4,OR,0.7984832547031081,0.8879518367658319,0.8430012568405787,0.9379661418248062,0.24986019245183896,0.3983672004192791,0.9218920898435249
alina_1016_jpg.rf.b52163e5af1fe7f2992fa78989517105.jpg,4,AND,0.0,0.0,0.0,0.0,0.0,0.0,0.6700390624998365
alina_1016_jpg.rf.b52163e5af1fe7f2992fa78989517105.jpg,4,weighted_mean,0.7984832547031081,0.8879518367658319,0.8430012568405787,0.9379661418248062,0.24986019245183896,0.3983672004192791,0.9218920898435249
alina_1017_jpg.rf.042ccfa5ae05872f2f29ecc4c994dded.jpg,5,OR,0.5954490555096403,0.746434432930776,0.6210013452708323,0.9353641600065756,0.2274734749173412,0.3861488096993526,0.7955615234373058
alina_1017_jpg.rf.042ccfa5ae05872f2f29ecc4c994dded.jpg,5,AND,0.0,0.0,0.0,0.0,0.0,0.0,0.6782983398435845
alina_1017_jpg.rf.042ccfa5ae05872f2f29ecc4c994dded.jpg,5,weighted_mean,0.5954490555096403,0.746434432930776,0.6210013452708323,0.9353641600065756,0.2274734749173412,0.3861488096993526,0.7955615234373058
alina_108_jpg.rf.f7139c948702f99400d49102c21d23cb.jpg,4,OR,0.42267113451331223,0.5941937307358185,0.4525215252143245,0.8650025471183628,0.13749224084358652,0.2774111805808631,0.9263891601560238
alina_108_jpg.rf.f7139c948702f99400d49102c21d23cb.jpg,4,AND,0.0,0.0,0.0,0.0,0.0,0.0,0.9376977539060211
alina_108_jpg.rf.f7139c948702f99400d49102c21d23cb.jpg,4,weighted_mean,0.42267113451331223,0.5941937307358185,0.4525215252143245,0.8650025471183628,0.13749224084358652,0.2774111805808631,0.9263891601560238
alina_110_jpg.rf.619e8a34d84aa06b0afa4883b1bc192a.jpg,3,OR,0.7763127731210057,0.874072162141821,0.8963456496021835,0.8528787920521441,0.21044466653707478,0.36189977366769505,0.8475366210935431
alina_110_jpg.rf.619e8a34d84aa06b0afa4883b1bc192a.jpg,3,AND,0.0,0.0,0.0,0.0,0.0,0.0,0.37959716796865733
alina_110_jpg.rf.619e8a34d84aa06b0afa4883b1bc192a.jpg,3,weighted_mean,0.7763127731210057,0.874072162141821,0.8963456496021835,0.8528787920521441,0.21044466653707478,0.36189977366769505,0.8475366210935431
alina_110_jpg.rf.cd33fb37abd39b2011fc1505b9494aa2.jpg,6,OR,0.8006636283414247,0.8892983850391968,0.9151223492256698,0.8648918813744417,0.19351726521298057,0.33997493538929496,0.8527465820310418
alina_110_jpg.rf.cd33fb37abd39b2011fc1505b9494aa2.jpg,6,AND,0.0,0.0,0.0,0.0,0.0,0.0,0.3161401367186728
alina_110_jpg.rf.cd33fb37abd39b2011fc1505b9494aa2.jpg,6,weighted_mean,0.8006636283414247,0.8892983850391968,0.9151223492256698,0.8648918813744417,0.19351726521298057,0.33997493538929496,0.8527465820310418
alina_1110_jpg.rf.922d022db7a11587c493a33eaa3536a4.jpg,6,OR,0.6683215424796662,0.8011903286776768,0.9558661341563665,0.6896008830139326,0.14782340783323128,0.24784666695107163,0.7532202148435662
alina_1110_jpg.rf.922d022db7a11587c493a33eaa3536a4.jpg,6,AND,0.0,0.0,0.0,0.0,0.0,0.0,0.2789257812499319
alina_1110_jpg.rf.922d022db7a11587c493a33eaa3536a4.jpg,6,weighted_mean,0.6683215424796662,0.8011903286776768,0.9558661341563665,0.6896008830139326,0.14782340783323128,0.24784666695107163,0.7532202148435662
alina_1111_jpg.rf.652f1d93dd44a41bfe7ac64460555f6d.jpg,6,OR,0.7386946001061104,0.8497117320788007,0.9636857389669695,0.7598456577657476,0.19125468898691106,0.3326932238967972,0.8188769531248
alina_1111_jpg.rf.652f1d93dd44a41bfe7ac64460555f6d.jpg,6,AND,0.0,0.0,0.0,0.0,0.0,0.0,0.32614746093742036
alina_1111_jpg.rf.652f1d93dd44a41bfe7ac64460555f6d.jpg,6,weighted_mean,0.7386946001061104,0.8497117320788007,0.9636857389669695,0.7598456577657476,0.19125468898691106,0.3326932238967972,0.8188769531248
alina_1111_jpg.rf.7a781f0e796763c2831afa75672cf9f0.jpg,7,OR,0.8392726322961838,0.9126136251463922,0.9774711944381052,0.8558274138381856,0.32980933188601796,0.5447998070460804,0.8768041992185359
alina_1111_jpg.rf.7a781f0e796763c2831afa75672cf9f0.jpg,7,AND,0.0,0.0,0.0,0.0,0.0,0.0,0.24833740234368937
alina_1111_jpg.rf.7a781f0e796763c2831afa75672cf9f0.jpg,7,weighted_mean,0.8392726322961838,0.9126136251463922,0.9774711944381052,0.8558274138381856,0.32980933188601796,0.5447998070460804,0.8768041992185359
alina_1111_jpg.rf.af61e8fdd7c91c9523a5cf5849e6957c.jpg,5,OR,0.7368581388664206,0.8484954785626178,0.9613828115115529,0.7593331835026919,0.2384956205123218,0.3913419053174661,0.8144213867185511
alina_1111_jpg.rf.af61e8fdd7c91c9523a5cf5849e6957c.jpg,5,AND,0.0,0.0,0.0,0.0,0.0,0.0,0.31563232421867293
alina_1111_jpg.rf.af61e8fdd7c91c9523a5cf5849e6957c.jpg,5,weighted_mean,0.7368581388664206,0.8484954785626178,0.9613828115115529,0.7593331835026919,0.2384956205123218,0.3913419053174661,0.8144213867185511
alina_1112_jpg.rf.3adca0fae06e3bfd2eb502e03d0498f2.jpg,6,OR,0.550702904718655,0.7102622985265761,0.9389970802500558,0.5711364451431173,0.18744827793715496,0.33009138951005884,0.6701000976560864
alina_1112_jpg.rf.3adca0fae06e3bfd2eb502e03d0498f2.jpg,6,AND,0.0,0.0,0.0,0.0,0.0,0.0,0.2920117187499287
alina_1112_jpg.rf.3adca0fae06e3bfd2eb502e03d0498f2.jpg,6,weighted_mean,0.550702904718655,0.7102622985265761,0.9389970802500558,0.5711364451431173,0.18744827793715496,0.33009138951005884,0.6701000976560864
alina_1112_jpg.rf.c9470626656e16f712b07fa8bfe4ea58.jpg,8,OR,0.5917833098479437,0.7435475748322481,0.936919339645562,0.6163404277521749,0.16796828777634604,0.28196505580016334,0.6817285156248336
alina_1112_jpg.rf.c9470626656e16f712b07fa8bfe4ea58.jpg,8,AND,0.0,0.0,0.0,0.0,0.0,0.0,0.2514013671874386
alina_1112_jpg.rf.c9470626656e16f712b07fa8bfe4ea58.jpg,8,weighted_mean,0.5917833098479437,0.7435475748322481,0.936919339645562,0.6163404277521749,0.16796828777634604,0.28196505580016334,0.6817285156248336
alina_1113_jpg.rf.5faed4b05ceb190d8faaeb607d8d9188.jpg,5,OR,0.6027679227131012,0.7521587051639514,0.9754498535355137,0.6120530603526112,0.22526473262704927,0.3918965253304547,0.7187207031248245
alina_1113_jpg.rf.5faed4b05ceb190d8faaeb607d8d9188.jpg,5,AND,0.0,0.0,0.0,0.0,0.0,0.0,0.3026440429686761
alina_1113_jpg.rf.5faed4b05ceb190d8faaeb607d8d9188.jpg,5,weighted_mean,0.6027679227131012,0.7521587051639514,0.9754498535355137,0.6120530603526112,0.22526473262704927,0.3918965253304547,0.7187207031248245
alina_1114_jpg.rf.406addf12acd050129d58ce96cd0d680.jpg,3,OR,0.6509624675104729,0.7885854225288056,0.975221532002107,0.6619102516692182,0.19239970302720544,0.3577871430365838,0.7609936523435642
alina_1114_jpg.rf.406addf12acd050129d58ce96cd0d680.jpg,3,AND,0.0,0.0,0.0,0.0,0.0,0.0,0.32656738281242026
alina_1114_jpg.rf.406addf12acd050129d58ce96cd0d680.jpg,3,weighted_mean,0.6509624675104729,0.7885854225288056,0.975221532002107,0.6619102516692182,0.19239970302720544,0.3577871430365838,0.7609936523435642
alina_1114_jpg.rf.8e20554f299b95e98f8488aebbcc251d.jpg,6,OR,0.7951823682659624,0.885907061391273,0.9710795046350744,0.8144706308526451,0.26970131158339544,0.45198188412010415,0.8571997070310408
alina_1114_jpg.rf.8e20554f299b95e98f8488aebbcc251d.jpg,6,AND,0.0,0.0,0.0,0.0,0.0,0.0,0.31930419921867204
alina_1114_jpg.rf.8e20554f299b95e98f8488aebbcc251d.jpg,6,weighted_mean,0.7951823682659624,0.885907061391273,0.9710795046350744,0.8144706308526451,0.26970131158339544,0.45198188412010415,0.8571997070310408
alina_118_jpg.rf.d36104956309c811f869955e9b8cfe6d.jpg,4,OR,0.8620501332935728,0.9259150630587895,0.9627627130906111,0.8917839701232431,0.2859435797660734,0.48041427526433844,0.8908471679685325
alina_118_jpg.rf.d36104956309c811f869955e9b8cfe6d.jpg,4,AND,0.0,0.0,0.0,0.0,0.0,0.0,0.2351318359374426
alina_118_jpg.rf.d36104956309c811f869955e9b8cfe6d.jpg,4,weighted_mean,0.8620501332935728,0.9259150630587895,0.9627627130906111,0.8917839701232431,0.2859435797660734,0.48041427526433844,0.8908471679685325
alina_118_jpg.rf.d6b3c78282edfe5a93d6808419923b22.jpg,5,OR,0.8345615619896244,0.9098212665968245,0.9452997099114853,0.8769096013771854,0.25442839245745347,0.4182364076376611,0.872570800781037
alina_118_jpg.rf.d6b3c78282edfe5a93d6808419923b22.jpg,5,AND,0.0,0.0,0.0,0.0,0.0,0.0,0.26694580078118485
alina_118_jpg.rf.d6b3c78282edfe5a93d6808419923b22.jpg,5,weighted_mean,0.8345615619896244,0.9098212665968245,0.9452997099114853,0.8769096013771854,0.25442839245745347,0.4182364076376611,0.872570800781037
alina_1312_jpg.rf.23ecec523b53f83309e44d11943de8c6.jpg,6,OR,0.8233907466818514,0.9031423990499368,0.8726559109346645,0.9358361056470477,0.21599672979940593,0.3599738572406428,0.8789135742185354
alina_1312_jpg.rf.23ecec523b53f83309e44d11943de8c6.jpg,6,AND,0.0,0.0,0.0,0.0,0.0,0.0,0.39676269531240316
alina_1312_jpg.rf.23ecec523b53f83309e44d11943de8c6.jpg,6,weighted_mean,0.8233907466818514,0.9031423990499368,0.8726559109346645,0.9358361056470477,0.21599672979940593,0.3599738572406428,0.8789135742185354
alina_1312_jpg.rf.9dafe7d518a560ab38eb2d0d04d8224c.jpg,5,OR,0.8126866593513836,0.8966653504717462,0.8678171399303711,0.9274974706005343,0.16160031378679068,0.274299388900711,0.8741333007810366
alina_1312_jpg.rf.9dafe7d518a560ab38eb2d0d04d8224c.jpg,5,AND,0.0,0.0,0.0,0.0,0.0,0.0,0.4112207031248996
alina_1312_jpg.rf.9dafe7d518a560ab38eb2d0d04d8224c.jpg,5,weighted_mean,0.8126866593513836,0.8966653504717462,0.8678171399303711,0.9274974706005343,0.16160031378679068,0.274299388900711,0.8741333007810366
alina_1312_jpg.rf.c7f90eb011df051039885724cc0bc2d6.jpg,7,OR,0.8147754951318288,0.8979353063973811,0.8588039804939096,0.9408029059418727,0.21574596474108623,0.37570091746531276,0.8726391601560369
alina_1312_jpg.rf.c7f90eb011df051039885724cc0bc2d6.jpg,7,AND,0.0,0.0,0.0,0.0,0.0,0.0,0.4045068359374012
alina_1312_jpg.rf.c7f90eb011df051039885724cc0bc2d6.jpg,7,weighted_mean,0.8147754951318288,0.8979353063973811,0.8588039804939096,0.9408029059418727,0.21574596474108623,0.37570091746531276,0.8726391601560369
alina_131_jpg.rf.37db4b81b63d9d09a992b18638227cd4.jpg,5,OR,0.7767468671280325,0.8743472483320947,0.8697474347804943,0.8789959744253709,0.1334667459928724,0.2562455384745917,0.8619482421872896
alina_131_jpg.rf.37db4b81b63d9d09a992b18638227cd4.jpg,5,AND,0.0,0.0,0.0,0.0,0.0,0.0,0.45356689453113924
alina_131_jpg.rf.37db4b81b63d9d09a992b18638227cd4.jpg,5,weighted_mean,0.7767468671280325,0.8743472483320947,0.8697474347804943,0.8789959744253709,0.1334667459928724,0.2562455384745917,0.8619482421872896
alina_131_jpg.rf.88fc20d5c5b3df3d3486255e4b27b51b.jpg,4,OR,0.8641439985974828,0.9271215091190753,0.9347198008494649,0.9196457535842634,0.21298371432800503,0.3780491122974553,0.9129516601560271
alina_131_jpg.rf.88fc20d5c5b3df3d3486255e4b27b51b.jpg,4,AND,0.0,0.0,0.0,0.0,0.0,0.0,0.3979296874999029
alina_131_jpg.rf.88fc20d5c5b3df3d3486255e4b27b51b.jpg,4,weighted_mean,0.8641439985974828,0.9271215091190753,0.9347198008494649,0.9196457535842634,0.21298371432800503,0.3780491122974553,0.9129516601560271
alina_131_jpg.rf.e64951241bf7bb9c8c5ead8a1daaf875.jpg,5,OR,0.8775962190569976,0.9348082512626286,0.9229234769684536,0.947003106477503,0.2202957510005484,0.3746694468324648,0.9153979492185265
alina_131_jpg.rf.e64951241bf7bb9c8c5ead8a1daaf875.jpg,5,AND,0.0,0.0,0.0,0.0,0.0,0.0,0.35948486328116225
alina_131_jpg.rf.e64951241bf7bb9c8c5ead8a1daaf875.jpg,5,weighted_mean,0.8775962190569976,0.9348082512626286,0.9229234769684536,0.947003106477503,0.2202957510005484,0.3746694468324648,0.9153979492185265
alina_131_jpg.rf.e686c9ea4464bb74e9bc83403cefbb7b.jpg,4,OR,0.8756836073208824,0.9337220882061853,0.9214039343186672,0.9463740651899893,0.3343375850999015,0.5396880628362757,0.9257446289060239
alina_131_jpg.rf.e686c9ea4464bb74e9bc83403cefbb7b.jpg,4,AND,0.0,0.0,0.0,0.0,0.0,0.0,0.44730712890614077
alina_131_jpg.rf.e686c9ea4464bb74e9bc83403cefbb7b.jpg,4,weighted_mean,0.8756836073208824,0.9337220882061853,0.9214039343186672,0.9463740651899893,0.3343375850999015,0.5396880628362757,0.9257446289060239
alina_1325_jpg.rf.1265c2e64e249e142216689cd2efdf3a.jpg,7,OR,0.5132656225769447,0.6783549628291999,0.524320749561215,0.9605414934591591,0.08797668364074472,0.17009053052712958,0.6934619140623307
alina_1325_jpg.rf.1265c2e64e249e142216689cd2efdf3a.jpg,7,AND,0.0,0.0,0.0,0.0,0.0,0.0,0.663474121093588
alina_1325_jpg.rf.1265c2e64e249e142216689cd2efdf3a.jpg,7,weighted_mean,0.5132656225769447,0.6783549628291999,0.524320749561215,0.9605414934591591,0.08797668364074472,0.17009053052712958,0.6934619140623307
alina_1325_jpg.rf.5c286827f244e9ec7b0b3f0ab2882772.jpg,4,OR,0.6912699614712879,0.8174566771941374,0.7192056696154718,0.9467993604787568,0.12258293903656349,0.22089199966209133,0.7959570312498057
alina_1325_jpg.rf.5c286827f244e9ec7b0b3f0ab2882772.jpg,4,AND,0.0,0.0,0.0,0.0,0.0,0.0,0.5174609374998737
alina_1325_jpg.rf.5c286827f244e9ec7b0b3f0ab2882772.jpg,4,weighted_mean,0.6912699614712879,0.8174566771941374,0.7192056696154718,0.9467993604787568,0.12258293903656349,0.22089199966209133,0.7959570312498057
alina_135_jpg.rf.a7b49355cccaf42ecae4d64a75914a90.jpg,6,OR,0.8607285053262591,0.9251521679411683,0.9210412682742496,0.9292999286315043,0.2553349355609863,0.42235866069477546,0.9115258789060274
alina_135_jpg.rf.a7b49355cccaf42ecae4d64a75914a90.jpg,6,AND,0.0,0.0,0.0,0.0,0.0,0.0,0.41161132812489953
alina_135_jpg.rf.a7b49355cccaf42ecae4d64a75914a90.jpg,6,weighted_mean,0.8607285053262591,0.9251521679411683,0.9210412682742496,0.9292999286315043,0.2553349355609863,0.42235866069477546,0.9115258789060274
alina_135_jpg.rf.b9a9fdc50d98788902f7d76e22047539.jpg,4,OR,0.8463356691296781,0.9167733508919557,0.903407664585688,0.9305404599953849,0.1996265207258817,0.31161340593425674,0.9058813476560288
alina_135_jpg.rf.b9a9fdc50d98788902f7d76e22047539.jpg,4,AND,0.0,0.0,0.0,0.0,0.0,0.0,0.44292968749989187
alina_135_jpg.rf.b9a9fdc50d98788902f7d76e22047539.jpg,4,weighted_mean,0.8463356691296781,0.9167733508919557,0.903407664585688,0.9305404599953849,0.1996265207258817,0.31161340593425674,0.9058813476560288
alina_135_jpg.rf.bc1e7bc4d82c503b150783552da9772c.jpg,6,OR,0.881940797112785,0.9372673130481374,0.9206194102769143,0.9545284047621801,0.2411541119553539,0.4207610177360797,0.9193286132810256
alina_135_jpg.rf.bc1e7bc4d82c503b150783552da9772c.jpg,6,AND,0.0,0.0,0.0,0.0,0.0,0.0,0.36864990234366
alina_135_jpg.rf.bc1e7bc4d82c503b150783552da9772c.jpg,6,weighted_mean,0.881940797112785,0.9372673130481374,0.9206194102769143,0.9545284047621801,0.2411541119553539,0.4207610177360797,0.9193286132810256
alina_136_jpg.rf.552f6c9d5d3b56ee804d1bce8fea8c11.jpg,4,OR,0.7827369815521135,0.8781295161899151,0.8895101887193889,0.8670363806143793,0.1357777188678246,0.23960343824005095,0.8766772460935359
alina_136_jpg.rf.552f6c9d5d3b56ee804d1bce8fea8c11.jpg,4,AND,0.0,0.0,0.0,0.0,0.0,0.0,0.48756835937488097
alina_136_jpg.rf.552f6c9d5d3b56ee804d1bce8fea8c11.jpg,4,weighted_mean,0.7827369815521135,0.8781295161899151,0.8895101887193889,0.8670363806143793,0.1357777188678246,0.23960343824005095,0.8766772460935359
alina_136_jpg.rf.bcf0a3c0393d2bae48160b5e2e6aadc8.jpg,5,OR,0.8701944359311173,0.9305924766029708,0.9323834976690721,0.9288083231107497,0.2646559717285131,0.43889703017329723,0.9255468749997741
alina_136_jpg.rf.bcf0a3c0393d2bae48160b5e2e6aadc8.jpg,5,AND,0.0,0.0,0.0,0.0,0.0,0.0,0.46262207031238706
alina_136_jpg.rf.bcf0a3c0393d2bae48160b5e2e6aadc8.jpg,5,weighted_mean,0.8701944359311173,0.9305924766029708,0.9323834976690721,0.9288083231107497,0.2646559717285131,0.43889703017329723,0.9255468749997741
alina_153_4_jpg.rf.8311eb8836d68c8c33b44b6bdf1d7dff.jpg,6,OR,0.7393579051824265,0.8501503951308762,0.9680408493554965,0.7578566967067387,0.36074233544559914,0.5952612597533543,0.9269018554685237
alina_153_4_jpg.rf.8311eb8836d68c8c33b44b6bdf1d7dff.jpg,6,AND,0.0,0.0,0.0,0.0,0.0,0.0,0.7263916015623226
alina_153_4_jpg.rf.8311eb8836d68c8c33b44b6bdf1d7dff.jpg,6,weighted_mean,0.7393579051824265,0.8501503951308762,0.9680408493554965,0.7578566967067387,0.36074233544559914,0.5952612597533543,0.9269018554685237
alina_2021_jpg.rf.10248e2f3069b26e753bd5fb4aaed0f5.jpg,7,OR,0.6159334913714727,0.7623252994759314,0.6590453431617392,0.9039910553685813,0.06626843075291886,0.1053343727166996,0.8018334960935543
alina_2021_jpg.rf.10248e2f3069b26e753bd5fb4aaed0f5.jpg,7,AND,0.0,0.0,0.0,0.0,0.0,0.0,0.6484448242185917
alina_2021_jpg.rf.10248e2f3069b26e753bd5fb4aaed0f5.jpg,7,weighted_mean,0.6159334913714727,0.7623252994759314,0.6590453431617392,0.9039910553685813,0.06626843075291886,0.1053343727166996,0.8018334960935543
alina_2021_jpg.rf.40bd5f6d52a04f3af413dfe2237b9efd.jpg,5,OR,0.32915590955906715,0.4952856278060878,0.4550314087940983,0.5433532087293665,0.15881258561086253,0.2907624376763749,0.717062988281075
alina_2021_jpg.rf.40bd5f6d52a04f3af413dfe2237b9efd.jpg,5,AND,0.0,0.0,0.0,0.0,0.0,0.0,0.7445019531248183
alina_2021_jpg.rf.40bd5f6d52a04f3af413dfe2237b9efd.jpg,5,weighted_mean,0.32915590955906715,0.4952856278060878,0.4550314087940983,0.5433532087293665,0.15881258561086253,0.2907624376763749,0.717062988281075
alina_203_jpg.rf.39f3ab6d3a48d314be120879ec0bfb98.jpg,6,OR,0.48264984227101554,0.6510638297869813,0.603224622822298,0.7071444837090362,0.10562062730900774,0.20739110975708544,0.7805859374998094
alina_203_jpg.rf.39f3ab6d3a48d314be120879ec0bfb98.jpg,6,AND,0.0,0.0,0.0,0.0,0.0,0.0,0.7105297851560766
alina_203_jpg.rf.39f3ab6d3a48d314be120879ec0bfb98.jpg,6,weighted_mean,0.48264984227101554,0.6510638297869813,0.603224622822298,0.7071444837090362,0.10562062730900774,0.20739110975708544,0.7805859374998094
alina_203_jpg.rf.52dd29baa377d442d0702e4fc2773320.jpg,5,OR,0.5082186799476599,0.6739323504006683,0.592277486910677,0.7817024560503659,0.1891865128481306,0.3350105728322565,0.7391625976560695
alina_203_jpg.rf.52dd29baa377d442d0702e4fc2773320.jpg,5,AND,0.0,0.0,0.0,0.0,0.0,0.0,0.6551684570310901
alina_203_jpg.rf.52dd29baa377d442d0702e4fc2773320.jpg,5,weighted_mean,0.5082186799476599,0.6739323504006683,0.592277486910677,0.7817024560503659,0.1891865128481306,0.3350105728322565,0.7391625976560695
alina_203_jpg.rf.71d236278079b3b7a969862d00d68d21.jpg,6,OR,0.5229524416189888,0.6867613555457573,0.5465684538561183,0.9236827615913106,0.2849290848286026,0.5000848699083963,0.8281347656247978
alina_203_jpg.rf.71d236278079b3b7a969862d00d68d21.jpg,6,AND,0.0,0.0,0.0,0.0,0.0,0.0,0.7960302734373057
alina_203_jpg.rf.71d236278079b3b7a969862d00d68d21.jpg,6,weighted_mean,0.5229524416189888,0.6867613555457573,0.5465684538561183,0.9236827615913106,0.2849290848286026,0.5000848699083963,0.8281347656247978
alina_203_jpg.rf.9b5f0020d90c56ce1a326382c3ca898c.jpg,5,OR,0.5414476520615862,0.7025183778864434,0.613995407293704,0.8208671424698963,0.240781589516954,0.4189297864091856,0.7429296874998186
alina_203_jpg.rf.9b5f0020d90c56ce1a326382c3ca898c.jpg,5,AND,0.0,0.0,0.0,0.0,0.0,0.0,0.6302172851560961
alina_203_jpg.rf.9b5f0020d90c56ce1a326382c3ca898c.jpg,5,weighted_mean,0.5414476520615862,0.7025183778864434,0.613995407293704,0.8208671424698963,0.240781589516954,0.4189297864091856,0.7429296874998186
alina_203_jpg.rf.c0394ccd8c5430c8308c9c484b845cc6.jpg,7,OR,0.6801523275842711,0.8096317416197573,0.7633000831248299,0.8619514534370701,0.2913633855950395,0.5012926705604748,0.9030102539060295
alina_203_jpg.rf.c0394ccd8c5430c8308c9c484b845cc6.jpg,7,AND,0.0,0.0,0.0,0.0,0.0,0.0,0.7607202148435642
alina_203_jpg.rf.c0394ccd8c5430c8308c9c484b845cc6.jpg,7,weighted_mean,0.6801523275842711,0.8096317416197573,0.7633000831248299,0.8619514534370701,0.2913633855950395,0.5012926705604748,0.9030102539060295
alina_2220_jpg.rf.671a5f7bcee251ea6566d71880a1b005.jpg,7,OR,0.5891559188465818,0.7414702507909916,0.6072853557116099,0.9517725355818715,0.14529839781685913,0.2720045802425836,0.7540893554685659
alina_2220_jpg.rf.671a5f7bcee251ea6566d71880a1b005.jpg,7,AND,0.0,0.0,0.0,0.0,0.0,0.0,0.6294921874998464
alina_2220_jpg.rf.671a5f7bcee251ea6566d71880a1b005.jpg,7,weighted_mean,0.5891559188465818,0.7414702507909916,0.6072853557116099,0.9517725355818715,0.14529839781685913,0.2720045802425836,0.7540893554685659
alina_2220_jpg.rf.bf5552aebf52f2c8c88beeb1bf3ce132.jpg,6,OR,0.6492115907786328,0.7872993306724508,0.6980428570050622,0.9027282625597121,0.16579040295019856,0.3110583685379881,0.8086010742185525
alina_2220_jpg.rf.bf5552aebf52f2c8c88beeb1bf3ce132.jpg,6,AND,0.0,0.0,0.0,0.0,0.0,0.0,0.6076049804686017
alina_2220_jpg.rf.bf5552aebf52f2c8c88beeb1bf3ce132.jpg,6,weighted_mean,0.6492115907786328,0.7872993306724508,0.6980428570050622,0.9027282625597121,0.16579040295019856,0.3110583685379881,0.8086010742185525
alina_244_jpg.rf.0c3e889481beb2aaa934c89db1ab6847.jpg,4,OR,0.8129102844635392,0.8968014484005077,0.9745898327845333,0.8305127941442341,0.23999402309595066,0.42774121806373167,0.8956298828122813
alina_244_jpg.rf.0c3e889481beb2aaa934c89db1ab6847.jpg,4,AND,0.0,0.0,0.0,0.0,0.0,0.0,0.45396240234363916
alina_244_jpg.rf.0c3e889481beb2aaa934c89db1ab6847.jpg,4,weighted_mean,0.8129102844635392,0.8968014484005077,0.9745898327845333,0.8305127941442341,0.23999402309595066,0.42774121806373167,0.8956298828122813
alina_258_jpg.rf.1bab684596e1081a301e908891685e1b.jpg,6,OR,0.8591441199855477,0.9242361694823599,0.9048527993918639,0.9444681629660971,0.26119916051479736,0.43637099710565214,0.925620117187274
alina_258_jpg.rf.1bab684596e1081a301e908891685e1b.jpg,6,AND,0.0,0.0,0.0,0.0,0.0,0.0,0.5196484374998731
alina_258_jpg.rf.1bab684596e1081a301e908891685e1b.jpg,6,weighted_mean,0.8591441199855477,0.9242361694823599,0.9048527993918639,0.9444681629660971,0.26119916051479736,0.43637099710565214,0.925620117187274
alina_258_jpg.rf.59aa4e1333a4975232157a0b24245b90.jpg,6,OR,0.8654741484926006,0.9278865099170078,0.9163618604788468,0.9397047315974022,0.3576520401575269,0.5953887369793534,0.9316430664060226
alina_258_jpg.rf.59aa4e1333a4975232157a0b24245b90.jpg,6,AND,0.0,0.0,0.0,0.0,0.0,0.0,0.5320068359373701
alina_258_jpg.rf.59aa4e1333a4975232157a0b24245b90.jpg,6,weighted_mean,0.8654741484926006,0.9278865099170078,0.9163618604788468,0.9397047315974022,0.3576520401575269,0.5953887369793534,0.9316430664060226
alina_258_jpg.rf.b33377e9094f09e84c7c29a7555abbaf.jpg,6,OR,0.8596563398392062,0.9245324756223892,0.8961969782856105,0.9547182691797749,0.30887694060620124,0.5037022589702866,0.9275366210935235
alina_258_jpg.rf.b33377e9094f09e84c7c29a7555abbaf.jpg,6,AND,0.0,0.0,0.0,0.0,0.0,0.0,0.5350830078123694
alina_258_jpg.rf.b33377e9094f09e84c7c29a7555abbaf.jpg,6,weighted_mean,0.8596563398392062,0.9245324756223892,0.8961969782856105,0.9547182691797749,0.30887694060620124,0.5037022589702866,0.9275366210935235
alina_258_jpg.rf.b4bc0ac8ef6dd25d421316aada7acb3e.jpg,3,OR,0.8912658977978342,0.9425072369100641,0.9511339644482194,0.9340355905883511,0.2998761609900931,0.5002813019465445,0.94176513671852
alina_258_jpg.rf.b4bc0ac8ef6dd25d421316aada7acb3e.jpg,3,AND,0.0,0.0,0.0,0.0,0.0,0.0,0.48895263671863065
alina_258_jpg.rf.b4bc0ac8ef6dd25d421316aada7acb3e.jpg,3,weighted_mean,0.8912658977978342,0.9425072369100641,0.9511339644482194,0.9340355905883511,0.2998761609900931,0.5002813019465445,0.94176513671852
alina_2921_jpg.rf.0652cfdbe74afa09800356105ad05b6e.jpg,5,OR,0.9240732635936336,0.9605385419344394,0.9760079761919797,0.9455518285005692,0.26353910558782745,0.44764779326734855,0.9351977539060217
alina_2921_jpg.rf.0652cfdbe74afa09800356105ad05b6e.jpg,5,AND,0.0,0.0,0.0,0.0,0.0,0.0,0.1659033203124595
alina_2921_jpg.rf.0652cfdbe74afa09800356105ad05b6e.jpg,5,weighted_mean,0.9240732635936336,0.9605385419344394,0.9760079761919797,0.9455518285005692,0.26353910558782745,0.44764779326734855,0.9351977539060217
alina_824_jpg.rf.33853f142b237a28e15bc1d923a35496.jpg,4,OR,0.8275514161490806,0.9056395446239789,0.9131973717232094,0.8982057912207841,0.27511023213546376,0.4697776353863213,0.8556176757810411
alina_824_jpg.rf.33853f142b237a28e15bc1d923a35496.jpg,4,AND,0.0,0.0,0.0,0.0,0.0,0.0,0.22861083984369418
alina_824_jpg.rf.33853f142b237a28e15bc1d923a35496.jpg,4,weighted_mean,0.8275514161490806,0.9056395446239789,0.9131973717232094,0.8982057912207841,0.27511023213546376,0.4697776353863213,0.8556176757810411
alina_824_jpg.rf.68d2cc0069232fbfef47a3f5914cfd1b.jpg,5,OR,0.8448573898009416,0.9159053642537659,0.9058357380609412,0.9262013829617243,0.24270322859569993,0.43625821303799384,0.880800781249785
alina_824_jpg.rf.68d2cc0069232fbfef47a3f5914cfd1b.jpg,5,AND,0.0,0.0,0.0,0.0,0.0,0.0,0.299157714843677
alina_824_jpg.rf.68d2cc0069232fbfef47a3f5914cfd1b.jpg,5,weighted_mean,0.8448573898009416,0.9159053642537659,0.9058357380609412,0.9262013829617243,0.24270322859569993,0.43625821303799384,0.880800781249785
alina_824_jpg.rf.a2bdca959fe7d1295cf608ead7e1a703.jpg,4,OR,0.8880288883450748,0.9406941745721529,0.9517906017497584,0.9298535005457275,0.25788824903821705,0.44270360524827596,0.9239941406247744
alina_824_jpg.rf.a2bdca959fe7d1295cf608ead7e1a703.jpg,4,AND,0.0,0.0,0.0,0.0,0.0,0.0,0.35173339843741414
alina_824_jpg.rf.a2bdca959fe7d1295cf608ead7e1a703.jpg,4,weighted_mean,0.8880288883450748,0.9406941745721529,0.9517906017497584,0.9298535005457275,0.25788824903821705,0.44270360524827596,0.9239941406247744
alina_824_jpg.rf.cfda7aee6d03ae10273b6a5da81087fc.jpg,3,OR,0.9094084692697613,0.9525551854471009,0.9523415122335119,0.9527689545639577,0.2686946902649913,0.44339462615893704,0.9328857421872723
alina_824_jpg.rf.cfda7aee6d03ae10273b6a5da81087fc.jpg,3,AND,0.0,0.0,0.0,0.0,0.0,0.0,0.2928710937499285
alina_824_jpg.rf.cfda7aee6d03ae10273b6a5da81087fc.jpg,3,weighted_mean,0.9094084692697613,0.9525551854471009,0.9523415122335119,0.9527689545639577,0.2686946902649913,0.44339462615893704,0.9328857421872723
aml437_jpg.rf.6e05262b54411f1b46278f361488df28.jpg,1,OR,0.8948457858433488,0.9445051333769362,0.9585478165261504,0.9308679589179525,0.23072810190208923,0.39128093538192643,0.9402197265622705
aml437_jpg.rf.6e05262b54411f1b46278f361488df28.jpg,1,AND,0.8948457858433488,0.9445051333769362,0.9585478165261504,0.9308679589179525,0.23072810190208923,0.39128093538192643,0.9402197265622705
aml437_jpg.rf.6e05262b54411f1b46278f361488df28.jpg,1,weighted_mean,0.8948457858433488,0.9445051333769362,0.9585478165261504,0.9308679589179525,0.23072810190208923,0.39128093538192643,0.9402197265622705
aml749_jpg.rf.c73213877d3693020d119148519a353d.jpg,7,OR,0.678167053849147,0.8082235344731162,0.709560514156054,0.9387557036272344,0.19755361930247617,0.34132758744572084,0.9249145507810241
aml749_jpg.rf.c73213877d3693020d119148519a353d.jpg,7,AND,0.0,0.0,0.0,0.0,0.0,0.0,0.831457519531047
aml749_jpg.rf.c73213877d3693020d119148519a353d.jpg,7,weighted_mean,0.678167053849147,0.8082235344731162,0.709560514156054,0.9387557036272344,0.19755361930247617,0.34132758744572084,0.9249145507810241
aml749_jpg.rf.f40f7d6b243e92f7e260504367ba9a1d.jpg,6,OR,0.6606673385322708,0.7956648790554056,0.6940595654567597,0.9321206126440318,0.17832200830460002,0.31847615499114007,0.9243725585935243
aml749_jpg.rf.f40f7d6b243e92f7e260504367ba9a1d.jpg,6,AND,0.0,0.0,0.0,0.0,0.0,0.0,0.8420336914060444
aml749_jpg.rf.f40f7d6b243e92f7e260504367ba9a1d.jpg,6,weighted_mean,0.6606673385322708,0.7956648790554056,0.6940595654567597,0.9321206126440318,0.17832200830460002,0.31847615499114007,0.9243725585935243
aml785_jpg.rf.430337f904bf1eaae93e906b9388035c.jpg,11,OR,0.7583812504543573,0.8625902377637332,0.8839813691463541,0.842209917955913,0.3162784524515292,0.5247814560569104,0.9189550781247756
aml785_jpg.rf.430337f904bf1eaae93e906b9388035c.jpg,11,AND,0.0,0.0,0.0,0.0,0.0,0.0,0.6979614257810796
aml785_jpg.rf.430337f904bf1eaae93e906b9388035c.jpg,11,weighted_mean,0.7586073782725091,0.8627364898442469,0.8846542600622725,0.8418785110933663,0.3167411047828841,0.5243871462890672,0.9190869140622756
aml785_jpg.rf.ab60274b4de0a83970a231988cd34477.jpg,13,OR,0.7801642678005072,0.876508176140895,0.8779434596965342,0.875077577798745,0.307752886177665,0.49436671297328677,0.9253100585935241
aml785_jpg.rf.ab60274b4de0a83970a231988cd34477.jpg,13,AND,0.0,0.0,0.0,0.0,0.0,0.0,0.6970971679685798
aml785_jpg.rf.ab60274b4de0a83970a231988cd34477.jpg,13,weighted_mean,0.7801642678005072,0.876508176140895,0.8779434596965342,0.875077577798745,0.307752886177665,0.49436671297328677,0.9253100585935241
bloco_220_jpg.rf.c61c59b2529b4d8b57cdd793bba2ce33.jpg,2,OR,0.9280881793991151,0.9627030436837717,0.9634209373800208,0.9619862190683641,0.3270585760849536,0.5456195400032601,0.9538085937497671
bloco_220_jpg.rf.c61c59b2529b4d8b57cdd793bba2ce33.jpg,2,AND,0.0,0.0,0.0,0.0,0.0,0.0,0.38030029296865714
bloco_220_jpg.rf.c61c59b2529b4d8b57cdd793bba2ce33.jpg,2,weighted_mean,0.9280881793991151,0.9627030436837717,0.9634209373800208,0.9619862190683641,0.3270585760849536,0.5456195400032601,0.9538085937497671
bloco_220_jpg.rf.d18a3faaa13068d60ce561bee0c98e9c.jpg,3,OR,0.9055418912550909,0.9504297915577736,0.9469857476796211,0.9538989778075027,0.1801921796209205,0.31649119137191395,0.9383056640622709
bloco_220_jpg.rf.d18a3faaa13068d60ce561bee0c98e9c.jpg,3,AND,0.0,0.0,0.0,0.0,0.0,0.0,0.3799707031249072
bloco_220_jpg.rf.d18a3faaa13068d60ce561bee0c98e9c.jpg,3,weighted_mean,0.9055418912550909,0.9504297915577736,0.9469857476796211,0.9538989778075027,0.1801921796209205,0.31649119137191395,0.9383056640622709
bloco_221_jpg.rf.8f548aeb83244da51c011e4732ed35ca.jpg,1,OR,0.9709605137925766,0.985266327760395,0.9961685038197079,0.9746001975816343,0.28543831601290487,0.4400668164441187,0.9716186523435127
bloco_221_jpg.rf.8f548aeb83244da51c011e4732ed35ca.jpg,1,AND,0.9709605137925766,0.985266327760395,0.9961685038197079,0.9746001975816343,0.28543831601290487,0.4400668164441187,0.9716186523435127
bloco_221_jpg.rf.8f548aeb83244da51c011e4732ed35ca.jpg,1,weighted_mean,0.9709605137925766,0.985266327760395,0.9961685038197079,0.9746001975816343,0.28543831601290487,0.4400668164441187,0.9716186523435127
bloco_223_jpg.rf.83c0dd19c2b1349122327fac5ff4bbed.jpg,4,OR,0.8373881605369482,0.9114983741837483,0.8869111162675896,0.937487734675756,0.2518368910392735,0.44644015174730384,0.9456445312497691
bloco_223_jpg.rf.83c0dd19c2b1349122327fac5ff4bbed.jpg,4,AND,0.0,0.0,0.0,0.0,0.0,0.0,0.7014257812498288
bloco_223_jpg.rf.83c0dd19c2b1349122327fac5ff4bbed.jpg,4,weighted_mean,0.8373881605369482,0.9114983741837483,0.8869111162675896,0.937487734675756,0.2518368910392735,0.44644015174730384,0.9456445312497691
bloco_223_jpg.rf.c84323cc24b584cc731a2a21e7cf9249.jpg,3,OR,0.7985973893772839,0.8880224046736516,0.8486967173337401,0.9311696018702711,0.23343231440966486,0.4049168140762183,0.9343041992185219
bloco_223_jpg.rf.c84323cc24b584cc731a2a21e7cf9249.jpg,3,AND,0.0,0.0,0.0,0.0,0.0,0.0,0.7202490234373241
bloco_223_jpg.rf.c84323cc24b584cc731a2a21e7cf9249.jpg,3,weighted_mean,0.7985973893772839,0.8880224046736516,0.8486967173337401,0.9311696018702711,0.23343231440966486,0.4049168140762183,0.9343041992185219
bloco_239_jpg.rf.a6d8b3d3645d8a2955301904a065f36a.jpg,3,OR,0.8827079707305644,0.937700359751533,0.9281576445993256,0.9474413373298058,0.18577945571761895,0.33725250331276535,0.9363281249997714
bloco_239_jpg.rf.a6d8b3d3645d8a2955301904a065f36a.jpg,3,AND,0.0,0.0,0.0,0.0,0.0,0.0,0.49424072265612934
bloco_239_jpg.rf.a6d8b3d3645d8a2955301904a065f36a.jpg,3,weighted_mean,0.8827079707305644,0.937700359751533,0.9281576445993256,0.9474413373298058,0.18577945571761895,0.33725250331276535,0.9363281249997714
bloco_241_jpg.rf.ff5619617c01e770aa044a7fb98040e2.jpg,7,OR,0.8176573260588935,0.8996825907023586,0.8989313442894773,0.9004350938138663,0.22812946834735445,0.39225236066357405,0.9390429687497708
bloco_241_jpg.rf.ff5619617c01e770aa044a7fb98040e2.jpg,7,AND,0.0,0.0,0.0,0.0,0.0,0.0,0.69643310546858
bloco_241_jpg.rf.ff5619617c01e770aa044a7fb98040e2.jpg,7,weighted_mean,0.8176573260588935,0.8996825907023586,0.8989313442894773,0.9004350938138663,0.22812946834735445,0.39225236066357405,0.9390429687497708
bloco_48_jpg.rf.245dfc8a1272365d602b86aa88ae7b27.jpg,8,OR,0.7993442351933544,0.8884839482729199,0.8622806105006531,0.9163297536319819,0.1462831002020827,0.2569321472800341,0.8577636718747906
bloco_48_jpg.rf.245dfc8a1272365d602b86aa88ae7b27.jpg,8,AND,0.0,0.0,0.0,0.0,0.0,0.0,0.3816406249999068
bloco_48_jpg.rf.245dfc8a1272365d602b86aa88ae7b27.jpg,8,weighted_mean,0.7993442351933544,0.8884839482729199,0.8622806105006531,0.9163297536319819,0.1462831002020827,0.2569321472800341,0.8577636718747906
bloco_50_jpg.rf.1df6ca987e5d35ba83c67293b07c88a4.jpg,4,OR,0.7984286842696913,0.8879180934482463,0.8399548901186094,0.9416906225874585,0.18408718821196096,0.33205251630562915,0.8255541992185484
bloco_50_jpg.rf.1df6ca987e5d35ba83c67293b07c88a4.jpg,4,AND,0.0,0.0,0.0,0.0,0.0,0.0,0.266230468749935
bloco_50_jpg.rf.1df6ca987e5d35ba83c67293b07c88a4.jpg,4,weighted_mean,0.7984286842696913,0.8879180934482463,0.8399548901186094,0.9416906225874585,0.18408718821196096,0.33205251630562915,0.8255541992185484
bloco_50_jpg.rf.664984ed1d267d39d3c5cc37adf838e4.jpg,5,OR,0.8029434404473745,0.8907028611481408,0.8307706937846341,0.9599543984228448,0.24632486939581108,0.4242006864548326,0.8324999999997967
bloco_50_jpg.rf.664984ed1d267d39d3c5cc37adf838e4.jpg,5,AND,0.0,0.0,0.0,0.0,0.0,0.0,0.28901855468742943
bloco_50_jpg.rf.664984ed1d267d39d3c5cc37adf838e4.jpg,5,weighted_mean,0.8029434404473745,0.8907028611481408,0.8307706937846341,0.9599543984228448,0.24632486939581108,0.4242006864548326,0.8324999999997967
bloco_50_jpg.rf.ca741155791b13b6f2e30ad591412dc1.jpg,7,OR,0.8266826261159458,0.9051190549435635,0.8494130689590997,0.9686444416639883,0.26122721600150944,0.4333341678998486,0.8494042968747926
bloco_50_jpg.rf.ca741155791b13b6f2e30ad591412dc1.jpg,7,AND,0.0,0.0,0.0,0.0,0.0,0.0,0.2584423828124369
bloco_50_jpg.rf.ca741155791b13b6f2e30ad591412dc1.jpg,7,weighted_mean,0.8266826261159458,0.9051190549435635,0.8494130689590997,0.9686444416639883,0.26122721600150944,0.4333341678998486,0.8494042968747926
bloco_72_jpg.rf.83705344b56dc9262cde339e9afa8619.jpg,5,OR,0.46059654322267735,0.6306964717394329,0.46293684633669774,0.9891435209624465,0.14742159289133075,0.2583429307526316,0.5983129882811039
bloco_72_jpg.rf.83705344b56dc9262cde339e9afa8619.jpg,5,AND,0.0,0.0,0.0,0.0,0.0,0.0,0.6532348632810905
bloco_72_jpg.rf.83705344b56dc9262cde339e9afa8619.jpg,5,weighted_mean,0.46059654322267735,0.6306964717394329,0.46293684633669774,0.9891435209624465,0.14742159289133075,0.2583429307526316,0.5983129882811039
bloco_90_jpg.rf.a19ee997d65a24cedc8c7ceac651c5b3.jpg,1,OR,0.9744484185176462,0.9870588761688001,0.9869465847907039,0.9871711931018027,0.3416582333369175,0.5054207516922047,0.9752856445310119
bloco_90_jpg.rf.a19ee997d65a24cedc8c7ceac651c5b3.jpg,1,AND,0.9744484185176462,0.9870588761688001,0.9869465847907039,0.9871711931018027,0.3416582333369175,0.5054207516922047,0.9752856445310119
bloco_90_jpg.rf.a19ee997d65a24cedc8c7ceac651c5b3.jpg,1,weighted_mean,0.9744484185176462,0.9870588761688001,0.9869465847907039,0.9871711931018027,0.3416582333369175,0.5054207516922047,0.9752856445310119
bloco_91_jpg.rf.126fd7ead126055d835049ee3dfe71cf.jpg,4,OR,0.8195116094073516,0.9008039357047923,0.8563613550812872,0.9501118871867593,0.1924606933127224,0.3382533907231922,0.8532055664060417
bloco_91_jpg.rf.126fd7ead126055d835049ee3dfe71cf.jpg,4,AND,0.0,0.0,0.0,0.0,0.0,0.0,0.29847900390617715
bloco_91_jpg.rf.126fd7ead126055d835049ee3dfe71cf.jpg,4,weighted_mean,0.8195116094073516,0.9008039357047923,0.8563613550812872,0.9501118871867593,0.1924606933127224,0.3382533907231922,0.8532055664060417
bloco_91_jpg.rf.57f95dc2c6a2c74733210ef165580149.jpg,6,OR,0.7837966845464898,0.8787959876108428,0.8676249500080665,0.89025844096688,0.14300612974599225,0.24127610980103673,0.7998461914060547
bloco_91_jpg.rf.57f95dc2c6a2c74733210ef165580149.jpg,6,AND,0.0,0.0,0.0,0.0,0.0,0.0,0.18494140624995484
bloco_91_jpg.rf.57f95dc2c6a2c74733210ef165580149.jpg,6,weighted_mean,0.7837966845464898,0.8787959876108428,0.8676249500080665,0.89025844096688,0.14300612974599225,0.24127610980103673,0.7998461914060547
bloco_91_jpg.rf.90e49e44f422f09e9cb51400ebb6e96b.jpg,3,OR,0.8335055292048161,0.9091933631269757,0.921540672875521,0.8971725509043522,0.23154426058453476,0.4006155125599131,0.8461694335935435
bloco_91_jpg.rf.90e49e44f422f09e9cb51400ebb6e96b.jpg,3,AND,0.0,0.0,0.0,0.0,0.0,0.0,0.14162841796871542
bloco_91_jpg.rf.90e49e44f422f09e9cb51400ebb6e96b.jpg,3,weighted_mean,0.8335055292048161,0.9091933631269757,0.921540672875521,0.8971725509043522,0.23154426058453476,0.4006155125599131,0.8461694335935435
Cafezal-01_MP4-0_jpg.rf.3abe21671afc0f0d32506284be103160.jpg,7,OR,0.635570022082449,0.7771847288729653,0.6589277622753346,0.9471726573062732,0.2498116659485315,0.44138812670012106,0.9226440429685248
Cafezal-01_MP4-0_jpg.rf.3abe21671afc0f0d32506284be103160.jpg,7,AND,0.0,0.0,0.0,0.0,0.0,0.0,0.8575659179685406
Cafezal-01_MP4-0_jpg.rf.3abe21671afc0f0d32506284be103160.jpg,7,weighted_mean,0.635570022082449,0.7771847288729653,0.6589277622753346,0.9471726573062732,0.2498116659485315,0.44138812670012106,0.9226440429685248
Cafezal-01_MP4-0_jpg.rf.ea1c1c41a1cbb300942336985d4a9b41.jpg,8,OR,0.7675525443128474,0.868491911917946,0.8635906107811416,0.8734491651949593,0.3727704809107866,0.5965439786356728,0.9524243164060174
Cafezal-01_MP4-0_jpg.rf.ea1c1c41a1cbb300942336985d4a9b41.jpg,8,AND,0.0,0.0,0.0,0.0,0.0,0.0,0.8201416015622998
Cafezal-01_MP4-0_jpg.rf.ea1c1c41a1cbb300942336985d4a9b41.jpg,8,weighted_mean,0.7675525443128474,0.868491911917946,0.8635906107811416,0.8734491651949593,0.3727704809107866,0.5965439786356728,0.9524243164060174
Cafezal-01_MP4-105_jpg.rf.3453397fd4146a7a71a3326a1d9c848e.jpg,4,OR,0.8481954487609743,0.9178633670260388,0.9565035777833052,0.8822238600943377,0.39919638788617207,0.6245896809919451,0.9769873046872615
Cafezal-01_MP4-105_jpg.rf.3453397fd4146a7a71a3326a1d9c848e.jpg,4,AND,0.0,0.0,0.0,0.0,0.0,0.0,0.8542529296872915
Cafezal-01_MP4-105_jpg.rf.3453397fd4146a7a71a3326a1d9c848e.jpg,4,weighted_mean,0.8481954487609743,0.9178633670260388,0.9565035777833052,0.8822238600943377,0.39919638788617207,0.6245896809919451,0.9769873046872615
Cafezal-01_MP4-105_jpg.rf.ae343f8084ca216b323913214b78d705.jpg,5,OR,0.8380198465534187,0.911872467672033,0.9121424342019475,0.9116026608968053,0.3293631609004115,0.4935090378693651,0.978918457031011
Cafezal-01_MP4-105_jpg.rf.ae343f8084ca216b323913214b78d705.jpg,5,AND,0.0,0.0,0.0,0.0,0.0,0.0,0.8803564453122851
Cafezal-01_MP4-105_jpg.rf.ae343f8084ca216b323913214b78d705.jpg,5,weighted_mean,0.8380198465534187,0.911872467672033,0.9121424342019475,0.9116026608968053,0.3293631609004115,0.4935090378693651,0.978918457031011
Cafezal-01_MP4-106_jpg.rf.5b608d2707e5b89411b3e7dee23688a5.jpg,4,OR,0.8778408315814833,0.93494700596342,0.949816238873301,0.9205361485410114,0.38518815051887434,0.6054307065778204,0.9781372070310111
Cafezal-01_MP4-106_jpg.rf.5b608d2707e5b89411b3e7dee23688a5.jpg,4,AND,0.0,0.0,0.0,0.0,0.0,0.0,0.8293310546872975
Cafezal-01_MP4-106_jpg.rf.5b608d2707e5b89411b3e7dee23688a5.jpg,4,weighted_mean,0.8778408315814833,0.93494700596342,0.949816238873301,0.9205361485410114,0.38518815051887434,0.6054307065778204,0.9781372070310111
Cafezal-01_MP4-106_jpg.rf.dd55023bc6ddc984fb64cfbfa6011efb.jpg,5,OR,0.8930639253206708,0.9435116409704891,0.9526240330214545,0.9345719275995261,0.4341226472355186,0.6804964062350642,0.9823242187497602
Cafezal-01_MP4-106_jpg.rf.dd55023bc6ddc984fb64cfbfa6011efb.jpg,5,AND,0.0,0.0,0.0,0.0,0.0,0.0,0.8420483398435444
Cafezal-01_MP4-106_jpg.rf.dd55023bc6ddc984fb64cfbfa6011efb.jpg,5,weighted_mean,0.8930639253206708,0.9435116409704891,0.9526240330214545,0.9345719275995261,0.4341226472355186,0.6804964062350642,0.9823242187497602
Cafezal-01_MP4-107_jpg.rf.6f32b3afdf34b031e564ada98d693276.jpg,4,OR,0.8862571721583193,0.9396991939802501,0.9631587667360065,0.9173552533411985,0.402728629288413,0.638684645596936,0.9799633789060107
Cafezal-01_MP4-107_jpg.rf.6f32b3afdf34b031e564ada98d693276.jpg,4,AND,0.0,0.0,0.0,0.0,0.0,0.0,0.8298144531247974
Cafezal-01_MP4-107_jpg.rf.6f32b3afdf34b031e564ada98d693276.jpg,4,weighted_mean,0.8862571721583193,0.9396991939802501,0.9631587667360065,0.9173552533411985,0.402728629288413,0.638684645596936,0.9799633789060107
Cafezal-01_MP4-10_jpg.rf.4e33e8cfe6a80b9a39327e6041ccf8cf.jpg,11,OR,0.7314327121697457,0.844887250920829,0.7684938978650843,0.9381450449437657,0.3466807963052338,0.572071851884384,0.9393749999997707
Cafezal-01_MP4-10_jpg.rf.4e33e8cfe6a80b9a39327e6041ccf8cf.jpg,11,AND,0.0,0.0,0.0,0.0,0.0,0.0,0.8240039062497988
Cafezal-01_MP4-10_jpg.rf.4e33e8cfe6a80b9a39327e6041ccf8cf.jpg,11,weighted_mean,0.7317730312268911,0.8451142476892131,0.7688695869657808,0.9381450449437657,0.3481434705724977,0.5739888742528557,0.9394799804685207
Cafezal-01_MP4-10_jpg.rf.7a1aa83dcab504b51af28e430bafccbf.jpg,7,OR,0.7135559573625077,0.8328364816995035,0.7621343489172108,0.917997852749263,0.30440251572245575,0.5042843753590877,0.9446923828122694
Cafezal-01_MP4-10_jpg.rf.7a1aa83dcab504b51af28e430bafccbf.jpg,7,AND,0.0,0.0,0.0,0.0,0.0,0.0,0.8499169921872926
Cafezal-01_MP4-10_jpg.rf.7a1aa83dcab504b51af28e430bafccbf.jpg,7,weighted_mean,0.7135559573625077,0.8328364816995035,0.7621343489172108,0.917997852749263,0.30440251572245575,0.5042843753590877,0.9446923828122694
Cafezal-01_MP4-10_jpg.rf.f40996b93e2bd0f429f719db757acea2.jpg,5,OR,0.7910937676084877,0.8833638773304152,0.8335312453601996,0.9395338720725802,0.3167216688355181,0.5207378543514717,0.9637963867185146
Cafezal-01_MP4-10_jpg.rf.f40996b93e2bd0f429f719db757acea2.jpg,5,AND,0.0,0.0,0.0,0.0,0.0,0.0,0.8540795898435415
Cafezal-01_MP4-10_jpg.rf.f40996b93e2bd0f429f719db757acea2.jpg,5,weighted_mean,0.7910937676084877,0.8833638773304152,0.8335312453601996,0.9395338720725802,0.3167216688355181,0.5207378543514717,0.9637963867185146
Cafezal-01_MP4-113_jpg.rf.41375b9d57a0777556c60ed7b30b903d.jpg,3,OR,0.8381906155026511,0.9119735553360432,0.8590704647643137,0.9718199608568305,0.39034760554684206,0.6383125623438942,0.9894677734372584
Cafezal-01_MP4-113_jpg.rf.41375b9d57a0777556c60ed7b30b903d.jpg,3,AND,0.06946709001943933,0.1299097291870415,0.8388601035834787,0.07040661013233135,0.07265533674963892,0.14889011406716288,0.9470532226560188
Cafezal-01_MP4-113_jpg.rf.41375b9d57a0777556c60ed7b30b903d.jpg,3,weighted_mean,0.8381906155026511,0.9119735553360432,0.8590704647643137,0.9718199608568305,0.39034760554684206,0.6383125623438942,0.9894677734372584
Cafezal-01_MP4-119_jpg.rf.acabad93db264175322eaf21794958cf.jpg,5,OR,0.6668740230314434,0.8001492780103919,0.690042747032151,0.9520654005534634,0.2660994270413212,0.4467573029634923,0.9490112304685183
Cafezal-01_MP4-119_jpg.rf.acabad93db264175322eaf21794958cf.jpg,5,AND,0.0,0.0,0.0,0.0,0.0,0.0,0.892788085937282
Cafezal-01_MP4-119_jpg.rf.acabad93db264175322eaf21794958cf.jpg,5,weighted_mean,0.6668740230314434,0.8001492780103919,0.690042747032151,0.9520654005534634,0.2660994270413212,0.4467573029634923,0.9490112304685183
Cafezal-01_MP4-119_jpg.rf.f8d68b7ea96ddb8d35d0c2126349fc59.jpg,7,OR,0.6619897293051406,0.7966231290513583,0.6832563738601016,0.9550934297745753,0.23482357726253322,0.38901129066538537,0.9525952148435174
Cafezal-01_MP4-119_jpg.rf.f8d68b7ea96ddb8d35d0c2126349fc59.jpg,7,AND,0.0,0.0,0.0,0.0,0.0,0.0,0.9027929687497795
Cafezal-01_MP4-119_jpg.rf.f8d68b7ea96ddb8d35d0c2126349fc59.jpg,7,weighted_mean,0.6619897293051406,0.7966231290513583,0.6832563738601016,0.9550934297745753,0.23482357726253322,0.38901129066538537,0.9525952148435174
Cafezal-01_MP4-11_jpg.rf.e1d175d19b1b3c380044fdf344e6ece0.jpg,9,OR,0.6884878486087891,0.815508206560161,0.8327911362555012,0.7989280383545174,0.273289147317787,0.44634781297247217,0.9219531249997749
Cafezal-01_MP4-11_jpg.rf.e1d175d19b1b3c380044fdf344e6ece0.jpg,9,AND,0.0,0.0,0.0,0.0,0.0,0.0,0.7840917968748086
Cafezal-01_MP4-11_jpg.rf.e1d175d19b1b3c380044fdf344e6ece0.jpg,9,weighted_mean,0.6884878486087891,0.815508206560161,0.8327911362555012,0.7989280383545174,0.273289147317787,0.44634781297247217,0.9219531249997749
Cafezal-01_MP4-12_jpg.rf.26e2396dd64a3cb8369994b837f405b2.jpg,10,OR,0.7722681930351394,0.8715026270516918,0.8490776842911633,0.8951442307681549,0.32766713758299304,0.5432682578413687,0.946381835937269
Cafezal-01_MP4-12_jpg.rf.26e2396dd64a3cb8369994b837f405b2.jpg,10,AND,0.0,0.0,0.0,0.0,0.0,0.0,0.7968749999998055
Cafezal-01_MP4-12_jpg.rf.26e2396dd64a3cb8369994b837f405b2.jpg,10,weighted_mean,0.7722681930351394,0.8715026270516918,0.8490776842911633,0.8951442307681549,0.32766713758299304,0.5432682578413687,0.946381835937269
Cafezal-01_MP4-12_jpg.rf.ce6e599c9ce7e75b93aa0942d6b73482.jpg,8,OR,0.6274860125057272,0.7711107901193333,0.9132495081671145,0.6672582963556437,0.3268000544432494,0.5413773975788273,0.9226269531247747
Cafezal-01_MP4-12_jpg.rf.ce6e599c9ce7e75b93aa0942d6b73482.jpg,8,AND,0.0,0.0,0.0,0.0,0.0,0.0,0.8046752929685536
Cafezal-01_MP4-12_jpg.rf.ce6e599c9ce7e75b93aa0942d6b73482.jpg,8,weighted_mean,0.6274860125057272,0.7711107901193333,0.9132495081671145,0.6672582963556437,0.3268000544432494,0.5413773975788273,0.9226269531247747
Cafezal-01_MP4-12_jpg.rf.f36057ab61bba2cd64217851f2a4408e.jpg,12,OR,0.7282028104191715,0.8427284182491841,0.8040923733033845,0.8852647352636298,0.34713914442401894,0.5618208841455495,0.9354003906247716
Cafezal-01_MP4-12_jpg.rf.f36057ab61bba2cd64217851f2a4408e.jpg,12,AND,0.0,0.0,0.0,0.0,0.0,0.0,0.8044921874998036
Cafezal-01_MP4-12_jpg.rf.f36057ab61bba2cd64217851f2a4408e.jpg,12,weighted_mean,0.7282028104191715,0.8427284182491841,0.8040923733033845,0.8852647352636298,0.34713914442401894,0.5618208841455495,0.9354003906247716
Cafezal-01_MP4-15_jpg.rf.e0e8d7b07843775a6531b034b2a8a44a.jpg,10,OR,0.7768288931264667,0.8743992132631034,0.8627362551749105,0.8863818255839059,0.4053790728227548,0.6305812665067421,0.9557226562497667
Cafezal-01_MP4-15_jpg.rf.e0e8d7b07843775a6531b034b2a8a44a.jpg,10,AND,0.0,0.0,0.0,0.0,0.0,0.0,0.8261206054685483
Cafezal-01_MP4-15_jpg.rf.e0e8d7b07843775a6531b034b2a8a44a.jpg,10,weighted_mean,0.7768288931264667,0.8743992132631034,0.8627362551749105,0.8863818255839059,0.4053790728227548,0.6305812665067421,0.9557226562497667
Cafezal-01_MP4-17_jpg.rf.918756e73989ca5d9656accbc50fc8c0.jpg,7,OR,0.7940882844951782,0.885227657253912,0.9050525862585259,0.8662526306481828,0.4595921259033966,0.6999614731925567,0.9627368164060149
Cafezal-01_MP4-17_jpg.rf.918756e73989ca5d9656accbc50fc8c0.jpg,7,AND,0.0,0.0,0.0,0.0,0.0,0.0,0.8341088867185463
Cafezal-01_MP4-17_jpg.rf.918756e73989ca5d9656accbc50fc8c0.jpg,7,weighted_mean,0.7940882844951782,0.885227657253912,0.9050525862585259,0.8662526306481828,0.4595921259033966,0.6999614731925567,0.9627368164060149
Cafezal-01_MP4-17_jpg.rf.dc73bb403135321b6813787210b311df.jpg,9,OR,0.7139622641499456,0.8331131660054854,0.7618451076003134,0.9190910562945627,0.33642673321288197,0.5547162050810506,0.9500341796872681
Cafezal-01_MP4-17_jpg.rf.dc73bb403135321b6813787210b311df.jpg,9,AND,0.0,0.0,0.0,0.0,0.0,0.0,0.864304199218539
Cafezal-01_MP4-17_jpg.rf.dc73bb403135321b6813787210b311df.jpg,9,weighted_mean,0.7139622641499456,0.8331131660054854,0.7618451076003134,0.9190910562945627,0.33642673321288197,0.5547162050810506,0.9500341796872681
Cafezal-01_MP4-19_jpg.rf.02b2e6120932adb285b3b9342869a697.jpg,8,OR,0.6827943907271783,0.8115006735102385,0.9083722356613821,0.7332994072087512,0.2990608847574582,0.49548185404815903,0.9395288085935206
Cafezal-01_MP4-19_jpg.rf.02b2e6120932adb285b3b9342869a697.jpg,8,AND,0.0,0.0,0.0,0.0,0.0,0.0,0.8224926757810492
Cafezal-01_MP4-19_jpg.rf.02b2e6120932adb285b3b9342869a697.jpg,8,weighted_mean,0.6827943907271783,0.8115006735102385,0.9083722356613821,0.7332994072087512,0.2990608847574582,0.49548185404815903,0.9395288085935206
Cafezal-01_MP4-19_jpg.rf.b3ea7c98b2983a1067169d1d28b4bb88.jpg,8,OR,0.6200127507515234,0.7654418157683014,0.6435716704105334,0.9442500056428653,0.27934501579925497,0.4751708313119672,0.9374291992185211
Cafezal-01_MP4-19_jpg.rf.b3ea7c98b2983a1067169d1d28b4bb88.jpg,8,AND,0.0,0.0,0.0,0.0,0.0,0.0,0.8918774414060322
Cafezal-01_MP4-19_jpg.rf.b3ea7c98b2983a1067169d1d28b4bb88.jpg,8,weighted_mean,0.6200127507515234,0.7654418157683014,0.6435716704105334,0.9442500056428653,0.27934501579925497,0.4751708313119672,0.9374291992185211
Cafezal-01_MP4-20_jpg.rf.c5bd6ea0b03aa129bcaa72f21f875fb6.jpg,9,OR,0.7068164024262248,0.828227806366861,0.8867504642618801,0.7769515228927897,0.32531600708724084,0.5275105956878572,0.9414892578122701
Cafezal-01_MP4-20_jpg.rf.c5bd6ea0b03aa129bcaa72f21f875fb6.jpg,9,AND,0.0,0.0,0.0,0.0,0.0,0.0,0.8184448242185501
Cafezal-01_MP4-20_jpg.rf.c5bd6ea0b03aa129bcaa72f21f875fb6.jpg,9,weighted_mean,0.7068164024262248,0.828227806366861,0.8867504642618801,0.7769515228927897,0.32531600708724084,0.5275105956878572,0.9414892578122701
Cafezal-01_MP4-22_jpg.rf.0a3fc3e79ec646afd55583487c8fcd09.jpg,8,OR,0.632099333179133,0.7745843899683234,0.8179569672497016,0.7355798979835512,0.2622267948100117,0.4625450264744689,0.9374999999997711
Cafezal-01_MP4-22_jpg.rf.0a3fc3e79ec646afd55583487c8fcd09.jpg,8,AND,0.0,0.0,0.0,0.0,0.0,0.0,0.8540161132810415
Cafezal-01_MP4-22_jpg.rf.0a3fc3e79ec646afd55583487c8fcd09.jpg,8,weighted_mean,0.632099333179133,0.7745843899683234,0.8179569672497016,0.7355798979835512,0.2622267948100117,0.4625450264744689,0.9374999999997711
Cafezal-01_MP4-22_jpg.rf.7f8a41af2b152eae22e41443699d7fad.jpg,7,OR,0.7128829343996195,0.8323778818538947,0.8542898539357515,0.8115618548056999,0.40973308018648164,0.6457946935126277,0.9570971679685163
Cafezal-01_MP4-22_jpg.rf.7f8a41af2b152eae22e41443699d7fad.jpg,7,AND,0.0,0.0,0.0,0.0,0.0,0.0,0.8687426757810379
Cafezal-01_MP4-22_jpg.rf.7f8a41af2b152eae22e41443699d7fad.jpg,7,weighted_mean,0.7128829343996195,0.8323778818538947,0.8542898539357515,0.8115618548056999,0.40973308018648164,0.6457946935126277,0.9570971679685163
Cafezal-01_MP4-22_jpg.rf.b7bffe598d2b818aeb7dca98f0bea2b6.jpg,8,OR,0.6869095608814861,0.81439998540591,0.8280319750712614,0.8012095761085366,0.3133400094863402,0.5218779846043483,0.950319824218518
Cafezal-01_MP4-22_jpg.rf.b7bffe598d2b818aeb7dca98f0bea2b6.jpg,8,AND,0.0,0.0,0.0,0.0,0.0,0.0,0.8639599609372891
Cafezal-01_MP4-22_jpg.rf.b7bffe598d2b818aeb7dca98f0bea2b6.jpg,8,weighted_mean,0.6869095608814861,0.81439998540591,0.8280319750712614,0.8012095761085366,0.3133400094863402,0.5218779846043483,0.950319824218518
Cafezal-01_MP4-26_jpg.rf.c2c67d0a6f44c4417eb87ad8c9288043.jpg,8,OR,0.6432921154093295,0.7829309340404048,0.8746949180104592,0.7085926858906713,0.23067803565676284,0.3915934670122063,0.9345019531247718
Cafezal-01_MP4-26_jpg.rf.c2c67d0a6f44c4417eb87ad8c9288043.jpg,8,AND,0.0,0.0,0.0,0.0,0.0,0.0,0.8333032226560465
Cafezal-01_MP4-26_jpg.rf.c2c67d0a6f44c4417eb87ad8c9288043.jpg,8,weighted_mean,0.6432921154093295,0.7829309340404048,0.8746949180104592,0.7085926858906713,0.23067803565676284,0.3915934670122063,0.9345019531247718
Cafezal-01_MP4-29_jpg.rf.5855a4cf080ea2a45f251e4640795b70.jpg,6,OR,0.7460116800784381,0.8545322904654614,0.9167669518392298,0.8002100840320852,0.32552854882690774,0.5303390814497013,0.9651733398435144
Cafezal-01_MP4-29_jpg.rf.5855a4cf080ea2a45f251e4640795b70.jpg,6,AND,0.0,0.0,0.0,0.0,0.0,0.0,0.8721679687497871
Cafezal-01_MP4-29_jpg.rf.5855a4cf080ea2a45f251e4640795b70.jpg,6,weighted_mean,0.7460116800784381,0.8545322904654614,0.9167669518392298,0.8002100840320852,0.32552854882690774,0.5303390814497013,0.9651733398435144
Cafezal-01_MP4-2_jpg.rf.b64353725b34a54f1ab2e1cbcc331313.jpg,9,OR,0.6662317916517081,0.7996868082696748,0.751183418863087,0.8548862148816145,0.2807846132196861,0.4801681105949213,0.9169287109372761
Cafezal-01_MP4-2_jpg.rf.b64353725b34a54f1ab2e1cbcc331313.jpg,9,AND,0.0,0.0,0.0,0.0,0.0,0.0,0.8060351562498033
Cafezal-01_MP4-2_jpg.rf.b64353725b34a54f1ab2e1cbcc331313.jpg,9,weighted_mean,0.6662317916517081,0.7996868082696748,0.751183418863087,0.8548862148816145,0.2807846132196861,0.4801681105949213,0.9169287109372761
Cafezal-01_MP4-32_jpg.rf.0f27206c4f78fcdccc284b24a2f466f8.jpg,7,OR,0.5198297256865706,0.6840631116775161,0.7082745493209981,0.6614522335606042,0.2529277231262491,0.4541976965546233,0.9286743164060233
Cafezal-01_MP4-32_jpg.rf.0f27206c4f78fcdccc284b24a2f466f8.jpg,7,AND,0.0,0.0,0.0,0.0,0.0,0.0,0.8832617187497843
Cafezal-01_MP4-32_jpg.rf.0f27206c4f78fcdccc284b24a2f466f8.jpg,7,weighted_mean,0.5198297256865706,0.6840631116775161,0.7082745493209981,0.6614522335606042,0.2529277231262491,0.4541976965546233,0.9286743164060233
Cafezal-01_MP4-37_jpg.rf.c477c38f01b1c7870d9e2f0dc89f6bf7.jpg,5,OR,0.5605161457229427,0.7183727605243989,0.7118449153919997,0.7250214385795632,0.22374508443146038,0.39936456425440575,0.9336450195310221
Cafezal-01_MP4-37_jpg.rf.c477c38f01b1c7870d9e2f0dc89f6bf7.jpg,5,AND,0.0,0.0,0.0,0.0,0.0,0.0,0.8832739257810344
Cafezal-01_MP4-37_jpg.rf.c477c38f01b1c7870d9e2f0dc89f6bf7.jpg,5,weighted_mean,0.5605161457229427,0.7183727605243989,0.7118449153919997,0.7250214385795632,0.22374508443146038,0.39936456425440575,0.9336450195310221
Cafezal-01_MP4-3_jpg.rf.22ee5d02617652db6ac7c1041782fd9b.jpg,7,OR,0.6881442402450134,0.8152671126551814,0.7362760058050339,0.9132441872975929,0.3638747030058064,0.5957558438441378,0.9343359374997718
Cafezal-01_MP4-3_jpg.rf.22ee5d02617652db6ac7c1041782fd9b.jpg,7,AND,0.0,0.0,0.0,0.0,0.0,0.0,0.8413403320310446
Cafezal-01_MP4-3_jpg.rf.22ee5d02617652db6ac7c1041782fd9b.jpg,7,weighted_mean,0.6881442402450134,0.8152671126551814,0.7362760058050339,0.9132441872975929,0.3638747030058064,0.5957558438441378,0.9343359374997718
Cafezal-01_MP4-3_jpg.rf.b3c9a98c6e8eeb7fd6af8c2038adad5f.jpg,9,OR,0.8139287130947879,0.8974208382270153,0.8507913566781372,0.9494579587507278,0.4138340667933426,0.6679722147629623,0.9599169921872657
Cafezal-01_MP4-3_jpg.rf.b3c9a98c6e8eeb7fd6af8c2038adad5f.jpg,9,AND,0.0,0.0,0.0,0.0,0.0,0.0,0.8153320312498009
Cafezal-01_MP4-3_jpg.rf.b3c9a98c6e8eeb7fd6af8c2038adad5f.jpg,9,weighted_mean,0.8139287130947879,0.8974208382270153,0.8507913566781372,0.9494579587507278,0.4138340667933426,0.6679722147629623,0.9599169921872657
Cafezal-01_MP4-3_jpg.rf.d15566ed3e743a1357cb672f5edb37a8.jpg,8,OR,0.625135056515308,0.7693330520550733,0.6723615844453071,0.8989900498985582,0.2674234043570116,0.4511051348329607,0.9119067382810274
Cafezal-01_MP4-3_jpg.rf.d15566ed3e743a1357cb672f5edb37a8.jpg,8,AND,0.0,0.0,0.0,0.0,0.0,0.0,0.8365869140622958
Cafezal-01_MP4-3_jpg.rf.d15566ed3e743a1357cb672f5edb37a8.jpg,8,weighted_mean,0.625135056515308,0.7693330520550733,0.6723615844453071,0.8989900498985582,0.2674234043570116,0.4511051348329607,0.9119067382810274
Cafezal-01_MP4-3_jpg.rf.eb96414ba2898062a177bc3689fc926f.jpg,7,OR,0.7789825185589698,0.8757618587393085,0.9145344020897773,0.8401432001362972,0.35342198365169347,0.5834440013949546,0.9457055664060191
Cafezal-01_MP4-3_jpg.rf.eb96414ba2898062a177bc3689fc926f.jpg,7,AND,0.0,0.0,0.0,0.0,0.0,0.0,0.7722265624998115
Cafezal-01_MP4-3_jpg.rf.eb96414ba2898062a177bc3689fc926f.jpg,7,weighted_mean,0.7789825185589698,0.8757618587393085,0.9145344020897773,0.8401432001362972,0.35342198365169347,0.5834440013949546,0.9457055664060191
Cafezal-01_MP4-40_jpg.rf.4e74e9f81a0e329beb2fed28d0469194.jpg,5,OR,0.6207862957180093,0.7660310274810173,0.7963965419714059,0.7378960567425787,0.25332925149164753,0.4447013953922613,0.9411987304685202
Cafezal-01_MP4-40_jpg.rf.4e74e9f81a0e329beb2fed28d0469194.jpg,5,AND,0.0,0.0,0.0,0.0,0.0,0.0,0.8695483398435377
Cafezal-01_MP4-40_jpg.rf.4e74e9f81a0e329beb2fed28d0469194.jpg,5,weighted_mean,0.6207862957180093,0.7660310274810173,0.7963965419714059,0.7378960567425787,0.25332925149164753,0.4447013953922613,0.9411987304685202
Cafezal-01_MP4-40_jpg.rf.e2739b674f71e8a3806babd4a117a412.jpg,6,OR,0.7245495567562893,0.8402768756835227,0.8368138976144209,0.8437686344647366,0.3525357567614512,0.5816122744453593,0.9579736328122661
Cafezal-01_MP4-40_jpg.rf.e2739b674f71e8a3806babd4a117a412.jpg,6,AND,0.0,0.0,0.0,0.0,0.0,0.0,0.8689843749997879
Cafezal-01_MP4-40_jpg.rf.e2739b674f71e8a3806babd4a117a412.jpg,6,weighted_mean,0.7245495567562893,0.8402768756835227,0.8368138976144209,0.8437686344647366,0.3525357567614512,0.5816122744453593,0.9579736328122661
Cafezal-01_MP4-42_jpg.rf.b15a57682c2b789d038f411a61b2e85e.jpg,8,OR,0.7877835774239635,0.8812963575368439,0.8565708513162704,0.9074917299067766,0.44492572271811553,0.6832989183461536,0.9693286132810134
Cafezal-01_MP4-42_jpg.rf.b15a57682c2b789d038f411a61b2e85e.jpg,8,AND,0.0,0.0,0.0,0.0,0.0,0.0,0.8745361328122865
Cafezal-01_MP4-42_jpg.rf.b15a57682c2b789d038f411a61b2e85e.jpg,8,weighted_mean,0.7877835774239635,0.8812963575368439,0.8565708513162704,0.9074917299067766,0.44492572271811553,0.6832989183461536,0.9693286132810134
Cafezal-01_MP4-42_jpg.rf.d0029a1cc5d778726ca699e7fcc600fc.jpg,5,OR,0.5094321196625768,0.6749983825393312,0.6357063064879949,0.7194676229209033,0.22687698782334667,0.41396233837237617,0.9264160156247738
Cafezal-01_MP4-42_jpg.rf.d0029a1cc5d778726ca699e7fcc600fc.jpg,5,AND,0.0,0.0,0.0,0.0,0.0,0.0,0.8937915039060318
Cafezal-01_MP4-42_jpg.rf.d0029a1cc5d778726ca699e7fcc600fc.jpg,5,weighted_mean,0.5094321196625768,0.6749983825393312,0.6357063064879949,0.7194676229209033,0.22687698782334667,0.41396233837237617,0.9264160156247738
Cafezal-01_MP4-42_jpg.rf.d7384b520a28022fff783ee13f90b56a.jpg,8,OR,0.7549506526571873,0.8603668160288261,0.812436830833726,0.9143066453299256,0.4595666121891545,0.7047228617016934,0.9624169921872651
Cafezal-01_MP4-42_jpg.rf.d7384b520a28022fff783ee13f90b56a.jpg,8,AND,0.0,0.0,0.0,0.0,0.0,0.0,0.8733618164060368
Cafezal-01_MP4-42_jpg.rf.d7384b520a28022fff783ee13f90b56a.jpg,8,weighted_mean,0.7549506526571873,0.8603668160288261,0.812436830833726,0.9143066453299256,0.4595666121891545,0.7047228617016934,0.9624169921872651
Cafezal-01_MP4-42_jpg.rf.ebc06e0d919913123a59e3dfb076ff43.jpg,6,OR,0.7500676020780127,0.85718700373333,0.8370046268342436,0.8783667294110473,0.35209657633447056,0.5656989622019742,0.9593823242185158
Cafezal-01_MP4-42_jpg.rf.ebc06e0d919913123a59e3dfb076ff43.jpg,6,AND,0.0,0.0,0.0,0.0,0.0,0.0,0.8612231445310398
Cafezal-01_MP4-42_jpg.rf.ebc06e0d919913123a59e3dfb076ff43.jpg,6,weighted_mean,0.7500676020780127,0.85718700373333,0.8370046268342436,0.8783667294110473,0.35209657633447056,0.5656989622019742,0.9593823242185158
Cafezal-01_MP4-44_jpg.rf.c8b14775b099047a6a6418599d5986e6.jpg,6,OR,0.6753528441365624,0.8062216225079719,0.7915570116533441,0.821439851368655,0.32149847094702905,0.534361831779443,0.9481103515622685
Cafezal-01_MP4-44_jpg.rf.c8b14775b099047a6a6418599d5986e6.jpg,6,AND,0.0,0.0,0.0,0.0,0.0,0.0,0.868591308593538
Cafezal-01_MP4-44_jpg.rf.c8b14775b099047a6a6418599d5986e6.jpg,6,weighted_mean,0.6753528441365624,0.8062216225079719,0.7915570116533441,0.821439851368655,0.32149847094702905,0.534361831779443,0.9481103515622685
Cafezal-01_MP4-46_jpg.rf.8108fc86efba37534dc8e20e9940ec5c.jpg,6,OR,0.7049514907703724,0.8269460973952335,0.8491618121232624,0.8058631591391133,0.2936985523693054,0.4857763387787699,0.9512939453122677
Cafezal-01_MP4-46_jpg.rf.8108fc86efba37534dc8e20e9940ec5c.jpg,6,AND,0.0,0.0,0.0,0.0,0.0,0.0,0.8555932617185411
Cafezal-01_MP4-46_jpg.rf.8108fc86efba37534dc8e20e9940ec5c.jpg,6,weighted_mean,0.7049514907703724,0.8269460973952335,0.8491618121232624,0.8058631591391133,0.2936985523693054,0.4857763387787699,0.9512939453122677
Cafezal-01_MP4-4_jpg.rf.2e96d538d02c4a86147960c3e1131c0e.jpg,10,OR,0.7253035851957338,0.840783722261203,0.7722480182643182,0.9226690369629702,0.3852563730318063,0.6262814151208832,0.9443310546872694
Cafezal-01_MP4-4_jpg.rf.2e96d538d02c4a86147960c3e1131c0e.jpg,10,AND,0.0,0.0,0.0,0.0,0.0,0.0,0.8406933593747947
Cafezal-01_MP4-4_jpg.rf.2e96d538d02c4a86147960c3e1131c0e.jpg,10,weighted_mean,0.7229047854438528,0.8391697458285472,0.7722039050013237,0.9188530619737038,0.3827565199722005,0.624053674257023,0.9438916015622696
Cafezal-01_MP4-4_jpg.rf.5069f14f0ed3fa3d155b14af642be253.jpg,10,OR,0.7946727920268278,0.8855907277998658,0.8666169047216494,0.9054139790619311,0.4267859821016178,0.6643865986709384,0.9567895507810165
Cafezal-01_MP4-4_jpg.rf.5069f14f0ed3fa3d155b14af642be253.jpg,10,AND,0.0,0.0,0.0,0.0,0.0,0.0,0.815292968749801
Cafezal-01_MP4-4_jpg.rf.5069f14f0ed3fa3d155b14af642be253.jpg,10,weighted_mean,0.7946727920268278,0.8855907277998658,0.8666169047216494,0.9054139790619311,0.4267859821016178,0.6643865986709384,0.9567895507810165
Cafezal-01_MP4-54_jpg.rf.d0a9cf5f6dec7181017f8477b2909faf.jpg,8,OR,0.7468167927809466,0.8550602397083762,0.8033223111373665,0.9139212892865419,0.44227258898523625,0.6736798715739406,0.9660180664060142
Cafezal-01_MP4-54_jpg.rf.d0a9cf5f6dec7181017f8477b2909faf.jpg,8,AND,0.0,0.0,0.0,0.0,0.0,0.0,0.8903222656247827
Cafezal-01_MP4-54_jpg.rf.d0a9cf5f6dec7181017f8477b2909faf.jpg,8,weighted_mean,0.7468167927809466,0.8550602397083762,0.8033223111373665,0.9139212892865419,0.44227258898523625,0.6736798715739406,0.9660180664060142
Cafezal-01_MP4-58_jpg.rf.5d3edc3e4d5140bd45ae97af3b160ad4.jpg,4,OR,0.551246600698025,0.71071433832632,0.5969462248494223,0.878057658703851,0.21790604792593235,0.36372279716214245,0.9520581054685175
Cafezal-01_MP4-58_jpg.rf.5d3edc3e4d5140bd45ae97af3b160ad4.jpg,4,AND,0.0,0.0,0.0,0.0,0.0,0.0,0.9329296874997722
Cafezal-01_MP4-58_jpg.rf.5d3edc3e4d5140bd45ae97af3b160ad4.jpg,4,weighted_mean,0.551246600698025,0.71071433832632,0.5969462248494223,0.878057658703851,0.21790604792593235,0.36372279716214245,0.9520581054685175
Cafezal-01_MP4-58_jpg.rf.8e596298c9a003683c82fead2d19339f.jpg,8,OR,0.6862645930781678,0.81394651337064,0.7596631598573336,0.8765847487258039,0.30153206297881624,0.5136148400013777,0.9636523437497647
Cafezal-01_MP4-58_jpg.rf.8e596298c9a003683c82fead2d19339f.jpg,8,AND,0.0,0.0,0.0,0.0,0.0,0.0,0.909299316406028
Cafezal-01_MP4-58_jpg.rf.8e596298c9a003683c82fead2d19339f.jpg,8,weighted_mean,0.6862645930781678,0.81394651337064,0.7596631598573336,0.8765847487258039,0.30153206297881624,0.5136148400013777,0.9636523437497647
Cafezal-01_MP4-58_jpg.rf.b605a1ac13ded10e833b3af874e08125.jpg,6,OR,0.7031610449514659,0.8257129260157585,0.7874231986576349,0.8679167842370574,0.3265802937765036,0.5460858163232732,0.9651293945310143
Cafezal-01_MP4-58_jpg.rf.b605a1ac13ded10e833b3af874e08125.jpg,6,AND,0.0,0.0,0.0,0.0,0.0,0.0,0.9048266601560291
Cafezal-01_MP4-58_jpg.rf.b605a1ac13ded10e833b3af874e08125.jpg,6,weighted_mean,0.7031610449514659,0.8257129260157585,0.7874231986576349,0.8679167842370574,0.3265802937765036,0.5460858163232732,0.9651293945310143
Cafezal-01_MP4-5_jpg.rf.00c6ab9c1cd533f5fb5bb38e106a57c4.jpg,10,OR,0.6929203431213654,0.8186095062733735,0.742947368420075,0.9114300011284541,0.3509901393519925,0.5869087434806306,0.9389086914060207
Cafezal-01_MP4-5_jpg.rf.00c6ab9c1cd533f5fb5bb38e106a57c4.jpg,10,AND,0.0,0.0,0.0,0.0,0.0,0.0,0.8487524414060428
Cafezal-01_MP4-5_jpg.rf.00c6ab9c1cd533f5fb5bb38e106a57c4.jpg,10,weighted_mean,0.6909048484542284,0.8172013334586292,0.7428303580850021,0.9081209342853092,0.349162390376723,0.5823917036066684,0.9385522460935208
Cafezal-01_MP4-60_jpg.rf.445a8aaf41c6386303931da96e94d1d0.jpg,4,OR,0.7761800395553103,0.8739880217881933,0.8923578035187525,0.8563592934420796,0.40996000657201576,0.6517117085240182,0.9795556640622608
Cafezal-01_MP4-60_jpg.rf.445a8aaf41c6386303931da96e94d1d0.jpg,4,AND,0.0,0.0,0.0,0.0,0.0,0.0,0.917209472656026
Cafezal-01_MP4-60_jpg.rf.445a8aaf41c6386303931da96e94d1d0.jpg,4,weighted_mean,0.7761800395553103,0.8739880217881933,0.8923578035187525,0.8563592934420796,0.40996000657201576,0.6517117085240182,0.9795556640622608
Cafezal-01_MP4-62_jpg.rf.fde38a56da76678f496762cf6451ef4b.jpg,4,OR,0.5524110252005182,0.7116813991051959,0.5783538280894199,0.9248974751671283,0.30622164614189096,0.5309704144058668,0.962971191406015
Cafezal-01_MP4-62_jpg.rf.fde38a56da76678f496762cf6451ef4b.jpg,4,AND,0.0,0.0,0.0,0.0,0.0,0.0,0.9505883789060179
Cafezal-01_MP4-62_jpg.rf.fde38a56da76678f496762cf6451ef4b.jpg,4,weighted_mean,0.5524110252005182,0.7116813991051959,0.5783538280894199,0.9248974751671283,0.30622164614189096,0.5309704144058668,0.962971191406015
Cafezal-01_MP4-65_jpg.rf.129c6c4c43ff59bb518cee8c7b35394b.jpg,3,OR,0.8537193171871341,0.9210880086016286,0.9242771707319382,0.917920778810709,0.47856579983862435,0.7401786729852321,0.9914013671872579
Cafezal-01_MP4-65_jpg.rf.129c6c4c43ff59bb518cee8c7b35394b.jpg,3,AND,0.0,0.0,0.0,0.0,0.0,0.0,0.9453295898435192
Cafezal-01_MP4-65_jpg.rf.129c6c4c43ff59bb518cee8c7b35394b.jpg,3,weighted_mean,0.8537193171871341,0.9210880086016286,0.9242771707319382,0.917920778810709,0.47856579983862435,0.7401786729852321,0.9914013671872579
Cafezal-01_MP4-6_jpg.rf.384e2ee08905a5232fb59d6b3463d00d.jpg,9,OR,0.8483764124510385,0.9179693126748457,0.9050935657222171,0.931216683810751,0.4450321018828412,0.689525213155216,0.9652416992185143
Cafezal-01_MP4-6_jpg.rf.384e2ee08905a5232fb59d6b3463d00d.jpg,9,AND,0.0,0.0,0.0,0.0,0.0,0.0,0.7911523437498068
Cafezal-01_MP4-6_jpg.rf.384e2ee08905a5232fb59d6b3463d00d.jpg,9,weighted_mean,0.8483764124510385,0.9179693126748457,0.9050935657222171,0.931216683810751,0.4450321018828412,0.689525213155216,0.9652416992185143
Cafezal-01_MP4-6_jpg.rf.4588d22cdd598f01784c1f121f385604.jpg,9,OR,0.7856996096148301,0.8799907950747697,0.8280113614642177,0.9389335028006544,0.4166059344080775,0.6632046163828006,0.9567114257810164
Cafezal-01_MP4-6_jpg.rf.4588d22cdd598f01784c1f121f385604.jpg,9,AND,0.0,0.0,0.0,0.0,0.0,0.0,0.8309667968747971
Cafezal-01_MP4-6_jpg.rf.4588d22cdd598f01784c1f121f385604.jpg,9,weighted_mean,0.7856996096148301,0.8799907950747697,0.8280113614642177,0.9389335028006544,0.4166059344080775,0.6632046163828006,0.9567114257810164
Cafezal-01_MP4-6_jpg.rf.80ce9e7dbeebdbdc9909172c3a3971f7.jpg,10,OR,0.8015293154231126,0.8898321093763195,0.8654418097251358,0.9156370351460733,0.40040483878644656,0.6197317370351851,0.954438476562267
Cafezal-01_MP4-6_jpg.rf.80ce9e7dbeebdbdc9909172c3a3971f7.jpg,10,AND,0.0,0.0,0.0,0.0,0.0,0.0,0.7990454101560549
Cafezal-01_MP4-6_jpg.rf.80ce9e7dbeebdbdc9909172c3a3971f7.jpg,10,weighted_mean,0.8290378290369171,0.9065289037498457,0.8976001905545196,0.9156370351460733,0.42541860822257815,0.6460181598826401,0.9620556640622652
Cafezal-01_MP4-7_jpg.rf.3070a21c403e64c272150b0f3cc858d2.jpg,9,OR,0.8313439297410707,0.9079058457999338,0.9033844995821079,0.912472677408919,0.4320593924807025,0.6834719345552382,0.966711425781014
Cafezal-01_MP4-7_jpg.rf.3070a21c403e64c272150b0f3cc858d2.jpg,9,AND,0.0,0.0,0.0,0.0,0.0,0.0,0.8201733398435498
Cafezal-01_MP4-7_jpg.rf.3070a21c403e64c272150b0f3cc858d2.jpg,9,weighted_mean,0.8313439297410707,0.9079058457999338,0.9033844995821079,0.912472677408919,0.4320593924807025,0.6834719345552382,0.966711425781014
Cafezal-01_MP4-7_jpg.rf.48da12b9325ed887bd811551ed7d430f.jpg,7,OR,0.6644074338968196,0.7983711444273779,0.6956175488218426,0.9367426970773322,0.3133009160994189,0.5283418575371629,0.9278320312497734
Cafezal-01_MP4-7_jpg.rf.48da12b9325ed887bd811551ed7d430f.jpg,7,AND,0.0,0.0,0.0,0.0,0.0,0.0,0.847473144531043
Cafezal-01_MP4-7_jpg.rf.48da12b9325ed887bd811551ed7d430f.jpg,7,weighted_mean,0.6644074338968196,0.7983711444273779,0.6956175488218426,0.9367426970773322,0.3133009160994189,0.5283418575371629,0.9278320312497734
Cafezal-01_MP4-9_jpg.rf.0671db8e206971c3e18116d418f1c1f1.jpg,7,OR,0.5545585268244089,0.7134611109910918,0.6061824517788181,0.8668757623264212,0.23017591668841048,0.4106041197166209,0.9024389648435297
Cafezal-01_MP4-9_jpg.rf.0671db8e206971c3e18116d418f1c1f1.jpg,7,AND,0.0,0.0,0.0,0.0,0.0,0.0,0.85988769531229
Cafezal-01_MP4-9_jpg.rf.0671db8e206971c3e18116d418f1c1f1.jpg,7,weighted_mean,0.5545585268244089,0.7134611109910918,0.6061824517788181,0.8668757623264212,0.23017591668841048,0.4106041197166209,0.9024389648435297
Cafezal-01_MP4-9_jpg.rf.0934dc67911ac5c288e166329e3df161.jpg,7,OR,0.7690023074629675,0.8694192248576995,0.8536647222915881,0.885766164047149,0.32312669274670697,0.5470985239673952,0.9506298828122679
Cafezal-01_MP4-9_jpg.rf.0934dc67911ac5c288e166329e3df161.jpg,7,AND,0.0,0.0,0.0,0.0,0.0,0.0,0.8144482421873012
Cafezal-01_MP4-9_jpg.rf.0934dc67911ac5c288e166329e3df161.jpg,7,weighted_mean,0.7690023074629675,0.8694192248576995,0.8536647222915881,0.885766164047149,0.32312669274670697,0.5470985239673952,0.9506298828122679
Cafezal-01_MP4-9_jpg.rf.4044aa1fffda906f2f93e00dc7c25434.jpg,10,OR,0.7672814073629725,0.8683183155396424,0.8741245715977821,0.8625886850704425,0.3828824560563252,0.6227116897408979,0.9478735351560186
Cafezal-01_MP4-9_jpg.rf.4044aa1fffda906f2f93e00dc7c25434.jpg,10,AND,0.0,0.0,0.0,0.0,0.0,0.0,0.8007592773435545
Cafezal-01_MP4-9_jpg.rf.4044aa1fffda906f2f93e00dc7c25434.jpg,10,weighted_mean,0.7672814073629725,0.8683183155396424,0.8741245715977821,0.8625886850704425,0.3828824560563252,0.6227116897408979,0.9478735351560186
Cafezal-01_MP4-9_jpg.rf.536de126eb0ffe796368f590ae2dfa8e.jpg,10,OR,0.7623058892461991,0.8651232387043368,0.8515868840950943,0.8790968769598891,0.33313948078456046,0.5506984786617314,0.9445434570310194
Cafezal-01_MP4-9_jpg.rf.536de126eb0ffe796368f590ae2dfa8e.jpg,10,AND,0.0,0.0,0.0,0.0,0.0,0.0,0.7976855468748052
Cafezal-01_MP4-9_jpg.rf.536de126eb0ffe796368f590ae2dfa8e.jpg,10,weighted_mean,0.7623058892461991,0.8651232387043368,0.8515868840950943,0.8790968769598891,0.33313948078456046,0.5506984786617314,0.9445434570310194
Cafezal-01_MP4-9_jpg.rf.de8da6faaa203d2a1041fa945595e4e0.jpg,6,OR,0.6259934606098213,0.7699827530364671,0.6677552513315553,0.9091685193403127,0.22906684314962522,0.4006249273815417,0.9254370117185241
Cafezal-01_MP4-9_jpg.rf.de8da6faaa203d2a1041fa945595e4e0.jpg,6,AND,0.0,0.0,0.0,0.0,0.0,0.0,0.8627319335935394
Cafezal-01_MP4-9_jpg.rf.de8da6faaa203d2a1041fa945595e4e0.jpg,6,weighted_mean,0.6259934606098213,0.7699827530364671,0.6677552513315553,0.9091685193403127,0.22906684314962522,0.4006249273815417,0.9254370117185241
Cafezal-02_MP4-26_jpg.rf.305785f958efc351c37d5b5ecc369e2d.jpg,2,OR,0.6710145901924897,0.8031223594704738,0.8571673967116965,0.7554882664590803,0.18470290770942221,0.3420612001786365,0.9880541992185088
Cafezal-02_MP4-26_jpg.rf.305785f958efc351c37d5b5ecc369e2d.jpg,2,AND,0.0,0.0,0.0,0.0,0.0,0.0,0.9677490234372638
Cafezal-02_MP4-26_jpg.rf.305785f958efc351c37d5b5ecc369e2d.jpg,2,weighted_mean,0.6710145901924897,0.8031223594704738,0.8571673967116965,0.7554882664590803,0.18470290770942221,0.3420612001786365,0.9880541992185088
Cafezal-03_MP4-1_jpg.rf.7057967058e45e7b450035428a96083e.jpg,4,OR,0.7762429014375217,0.8740278717615758,0.828102060915374,0.9253467895985436,0.290170601069777,0.4777039820891413,0.9686401367185136
Cafezal-03_MP4-1_jpg.rf.7057967058e45e7b450035428a96083e.jpg,4,AND,0.0,0.0,0.0,0.0,0.0,0.0,0.8824316406247845
Cafezal-03_MP4-1_jpg.rf.7057967058e45e7b450035428a96083e.jpg,4,weighted_mean,0.7762429014375217,0.8740278717615758,0.828102060915374,0.9253467895985436,0.290170601069777,0.4777039820891413,0.9686401367185136
Cafezal-03_MP4-3_jpg.rf.d9222c4af27716ac240854dac323374c.jpg,3,OR,0.7758869238058157,0.8738021699524097,0.8081374056969015,0.95108180329077,0.2586304762874316,0.42658516170468647,0.9688769531247634
Cafezal-03_MP4-3_jpg.rf.d9222c4af27716ac240854dac323374c.jpg,3,AND,0.0,0.0,0.0,0.0,0.0,0.0,0.8867089843747835
Cafezal-03_MP4-3_jpg.rf.d9222c4af27716ac240854dac323374c.jpg,3,weighted_mean,0.7758869238058157,0.8738021699524097,0.8081374056969015,0.95108180329077,0.2586304762874316,0.42658516170468647,0.9688769531247634
Cafezal-04_MP4-36_jpg.rf.70846794734675aa45c5df7c7bb8f725.jpg,2,OR,0.9291824488212768,0.9632914184855909,0.9790582959619304,0.9480243161073643,0.47196617335753094,0.7020689095823226,0.9918749999997578
Cafezal-04_MP4-36_jpg.rf.70846794734675aa45c5df7c7bb8f725.jpg,2,AND,0.2160008684320104,0.3552643325173539,0.9999999999899487,0.2160008684320104,0.14298199615326881,0.2747847272763649,0.9118383789060274
Cafezal-04_MP4-36_jpg.rf.70846794734675aa45c5df7c7bb8f725.jpg,2,weighted_mean,0.9291824488212768,0.9632914184855909,0.9790582959619304,0.9480243161073643,0.47196617335753094,0.7020689095823226,0.9918749999997578
Cafezal-04_MP4-36_jpg.rf.76f3b9305d4d5323b0c41643d6ab6d1e.jpg,1,OR,0.9051965819613224,0.9502395611370028,0.9937215314514496,0.91040332039856,0.44310596178590417,0.6434739257107014,0.9896801757810084
Cafezal-04_MP4-36_jpg.rf.76f3b9305d4d5323b0c41643d6ab6d1e.jpg,1,AND,0.9051965819613224,0.9502395611370028,0.9937215314514496,0.91040332039856,0.44310596178590417,0.6434739257107014,0.9896801757810084
Cafezal-04_MP4-36_jpg.rf.76f3b9305d4d5323b0c41643d6ab6d1e.jpg,1,weighted_mean,0.9051965819613224,0.9502395611370028,0.9937215314514496,0.91040332039856,0.44310596178590417,0.6434739257107014,0.9896801757810084
Cafezal-04_MP4-36_jpg.rf.e7c0c3e04459f1555cbb7eec132fa3ec.jpg,2,OR,0.9245298446424274,0.9607851467891396,0.9888927759292704,0.9342311823495534,0.50085178875251,0.6997099692877632,0.9909863281247581
Cafezal-04_MP4-36_jpg.rf.e7c0c3e04459f1555cbb7eec132fa3ec.jpg,2,AND,0.13920102453908287,0.24438360138484455,0.999999999985161,0.13920102453908287,0.05927938004266773,0.12379098673985954,0.8982592773435307
Cafezal-04_MP4-36_jpg.rf.e7c0c3e04459f1555cbb7eec132fa3ec.jpg,2,weighted_mean,0.9245298446424274,0.9607851467891396,0.9888927759292704,0.9342311823495534,0.50085178875251,0.6997099692877632,0.9909863281247581
Cafezal-04_MP4-37_jpg.rf.27bd91032fb5c63333ee361108985e4b.jpg,2,OR,0.913455305047696,0.9547704643406099,0.9869831695671039,0.9245939886609835,0.28486603910003716,0.4460593471557864,0.9882666015622588
Cafezal-04_MP4-37_jpg.rf.27bd91032fb5c63333ee361108985e4b.jpg,2,AND,0.14076406457575893,0.24678909328741516,0.9897619656899186,0.14096932358758915,0.07153308405079228,0.12447534653044684,0.884743652343534
Cafezal-04_MP4-37_jpg.rf.27bd91032fb5c63333ee361108985e4b.jpg,2,weighted_mean,0.913455305047696,0.9547704643406099,0.9869831695671039,0.9245939886609835,0.28486603910003716,0.4460593471557864,0.9882666015622588
Cafezal-04_MP4-37_jpg.rf.b70e4b94b4f9adc9f528cd5221629455.jpg,2,OR,0.9294453835608761,0.9634326957164694,0.9632317670838532,0.9636337081913589,0.3757031315559088,0.5884343963121964,0.991440429687258
Cafezal-04_MP4-37_jpg.rf.b70e4b94b4f9adc9f528cd5221629455.jpg,2,AND,0.16013085514219008,0.2760565404021839,0.9918688693728464,0.16034133822912988,0.07357279194799954,0.12566210742209624,0.9015942382810299
Cafezal-04_MP4-37_jpg.rf.b70e4b94b4f9adc9f528cd5221629455.jpg,2,weighted_mean,0.9294453835608761,0.9634326957164694,0.9632317670838532,0.9636337081913589,0.3757031315559088,0.5884343963121964,0.991440429687258
Cafezal-04_MP4-37_jpg.rf.df9daf2ea552b55b1e4379eea3b628b2.jpg,1,OR,0.9139472130851801,0.9550391012215497,0.9750140559969076,0.9358661629769328,0.33459715639522103,0.5858253412207409,0.9900341796872583
Cafezal-04_MP4-37_jpg.rf.df9daf2ea552b55b1e4379eea3b628b2.jpg,1,AND,0.9139472130851801,0.9550391012215497,0.9750140559969076,0.9358661629769328,0.33459715639522103,0.5858253412207409,0.9900341796872583
Cafezal-04_MP4-37_jpg.rf.df9daf2ea552b55b1e4379eea3b628b2.jpg,1,weighted_mean,0.9139472130851801,0.9550391012215497,0.9750140559969076,0.9358661629769328,0.33459715639522103,0.5858253412207409,0.9900341796872583
evo1105_jpg.rf.24309bced3c9954f69c4e43ed6044f85.jpg,2,OR,0.006256856783642949,0.012435903897623321,0.006263728628765515,0.850816696883818,0.0462598016842457,0.11486277051838953,0.09110107421872776
evo1105_jpg.rf.24309bced3c9954f69c4e43ed6044f85.jpg,2,AND,0.017785843919499607,0.034950071325429745,0.9999999979591837,0.017785843919499607,0.04761904761694802,0.11744692596982764,0.9933935546872574
evo1105_jpg.rf.24309bced3c9954f69c4e43ed6044f85.jpg,2,weighted_mean,0.006256856783642949,0.012435903897623321,0.006263728628765515,0.850816696883818,0.0462598016842457,0.11486277051838953,0.09110107421872776
evo1105_jpg.rf.eaf0914f06d329865448ebefbe479563.jpg,1,OR,0.7264027837874554,0.8415217938815439,0.9236725663205932,0.7727903747907086,0.6244292237205317,0.8066606815270084,0.9984643554685062
evo1105_jpg.rf.eaf0914f06d329865448ebefbe479563.jpg,1,AND,0.7264027837874554,0.8415217938815439,0.9236725663205932,0.7727903747907086,0.6244292237205317,0.8066606815270084,0.9984643554685062
evo1105_jpg.rf.eaf0914f06d329865448ebefbe479563.jpg,1,weighted_mean,0.7264027837874554,0.8415217938815439,0.9236725663205932,0.7727903747907086,0.6244292237205317,0.8066606815270084,0.9984643554685062
evo1109_jpg.rf.66c84c5182be2165ba9e0d7ed34e0075.jpg,1,OR,0.3894489247180965,0.5605804111109897,0.5098988121201101,0.6224489795584076,0.13319946452030793,0.18845318490337973,0.995563964843507
evo1109_jpg.rf.66c84c5182be2165ba9e0d7ed34e0075.jpg,1,AND,0.3894489247180965,0.5605804111109897,0.5098988121201101,0.6224489795584076,0.13319946452030793,0.18845318490337973,0.995563964843507
evo1109_jpg.rf.66c84c5182be2165ba9e0d7ed34e0075.jpg,1,weighted_mean,0.3894489247180965,0.5605804111109897,0.5098988121201101,0.6224489795584076,0.13319946452030793,0.18845318490337973,0.995563964843507
evo157_jpg.rf.135f815af3950b29d6b7b0d973414a40.jpg,1,OR,0.6954001952166489,0.8203375193404248,0.7366907404708637,0.9254125144598999,0.15445045044989386,0.28540673042090686,0.9024804687497797
evo157_jpg.rf.135f815af3950b29d6b7b0d973414a40.jpg,1,AND,0.6954001952166489,0.8203375193404248,0.7366907404708637,0.9254125144598999,0.15445045044989386,0.28540673042090686,0.9024804687497797
evo157_jpg.rf.135f815af3950b29d6b7b0d973414a40.jpg,1,weighted_mean,0.6954001952166489,0.8203375193404248,0.7366907404708637,0.9254125144598999,0.15445045044989386,0.28540673042090686,0.9024804687497797
evo157_jpg.rf.6c034124e5372c03f677e381ab54f6ed.jpg,3,OR,0.7657436963347061,0.8673327821293892,0.8172287215774358,0.9239818464101637,0.12633788759979922,0.23451166128891718,0.9306616210935228
evo157_jpg.rf.6c034124e5372c03f677e381ab54f6ed.jpg,3,AND,0.04120005396962163,0.07913955404159766,0.5654014019234836,0.04254747402360509,0.015355279004338843,0.02069186909945825,0.7571118164060652
evo157_jpg.rf.6c034124e5372c03f677e381ab54f6ed.jpg,3,weighted_mean,0.7657436963347061,0.8673327821293892,0.8172287215774358,0.9239818464101637,0.12633788759979922,0.23451166128891718,0.9306616210935228
evo157_jpg.rf.bef8be2b86169e5adcfe931ff656aacb.jpg,2,OR,0.35091462526566697,0.5195215429645039,0.35288948449518587,0.9843027115345102,0.0376266596784643,0.06507907382737277,0.5647705078123622
evo157_jpg.rf.bef8be2b86169e5adcfe931ff656aacb.jpg,2,AND,0.7145602916194734,0.8335201685378373,0.7909960473576076,0.8808762702334874,0.04535457211395176,0.07948592932931439,0.9158837890622764
evo157_jpg.rf.bef8be2b86169e5adcfe931ff656aacb.jpg,2,weighted_mean,0.35091462526566697,0.5195215429645039,0.35288948449518587,0.9843027115345102,0.0376266596784643,0.06507907382737277,0.5647705078123622
evo157_jpg.rf.bf110a78e95679e99cecbd02e8ee03a5.jpg,2,OR,0.38406108004919376,0.5549770679709353,0.39120844330795185,0.9545897289482462,0.11425169074501931,0.20513913907498543,0.5548803710936145
evo157_jpg.rf.bf110a78e95679e99cecbd02e8ee03a5.jpg,2,AND,0.8340727801131322,0.9095307330843039,0.9129897709670514,0.9060978067368873,0.16054690252956322,0.2702569185846195,0.9475903320310186
evo157_jpg.rf.bf110a78e95679e99cecbd02e8ee03a5.jpg,2,weighted_mean,0.38406108004919376,0.5549770679709353,0.39120844330795185,0.9545897289482462,0.11425169074501931,0.20513913907498543,0.5548803710936145
evo157_jpg.rf.c1a8343b33389fa15213e4fc5cb8c573.jpg,4,OR,0.6519286246041248,0.7892939378786487,0.6754118511908582,0.9493681607201364,0.15962207856753158,0.29019257799968723,0.8538916015622915
evo157_jpg.rf.c1a8343b33389fa15213e4fc5cb8c573.jpg,4,AND,0.03342592435762146,0.06468954101069034,0.9964655389801448,0.0334298878612042,0.04909147452108449,0.09130490276262913,0.7213500976560739
evo157_jpg.rf.c1a8343b33389fa15213e4fc5cb8c573.jpg,4,weighted_mean,0.6519286246041248,0.7892939378786487,0.6754118511908582,0.9493681607201364,0.15962207856753158,0.29019257799968723,0.8538916015622915
evo157_jpg.rf.d3a8e0aeafb140f0e0db03ae16c17558.jpg,2,OR,0.3824541284402033,0.5532973869761871,0.38589204452218523,0.9772359501410701,0.03632973614321651,0.072995082092761,0.6476611328123418
evo157_jpg.rf.d3a8e0aeafb140f0e0db03ae16c17558.jpg,2,AND,0.7023827727949211,0.8251760814540787,0.798433521814335,0.8537721408256573,0.08868339270791828,0.1749756479940546,0.9192211914060255
evo157_jpg.rf.d3a8e0aeafb140f0e0db03ae16c17558.jpg,2,weighted_mean,0.3824541284402033,0.5532973869761871,0.38589204452218523,0.9772359501410701,0.03632973614321651,0.072995082092761,0.6476611328123418
evo160_jpg.rf.5b9f6748c1fedc8914585a33e84a2771.jpg,4,OR,0.35626119807492157,0.5253577977171345,0.3599143877131487,0.972298449479992,0.15583422541633318,0.3044106849221971,0.6201831054685986
evo160_jpg.rf.5b9f6748c1fedc8914585a33e84a2771.jpg,4,AND,0.09673216924834777,0.17640071470620536,0.7597592433296667,0.09978430508960962,0.02620232172456494,0.046336275582684744,0.798562011718555
evo160_jpg.rf.5b9f6748c1fedc8914585a33e84a2771.jpg,4,weighted_mean,0.35626119807492157,0.5253577977171345,0.3599143877131487,0.972298449479992,0.15583422541633318,0.3044106849221971,0.6201831054685986
evo160_jpg.rf.7bd9eeb1b216728bc946a7daf01b31ad.jpg,3,OR,0.23133416810903912,0.3757455516146347,0.23222791159083614,0.9836358653795675,0.14145745342250401,0.2796667017126499,0.38852783203115515
evo160_jpg.rf.7bd9eeb1b216728bc946a7daf01b31ad.jpg,3,AND,0.05254766996058286,0.0998485322048183,0.6335621662756131,0.05419477757036422,0.050020992022731234,0.09818232877135362,0.8171874999998004
evo160_jpg.rf.7bd9eeb1b216728bc946a7daf01b31ad.jpg,3,weighted_mean,0.23133416810903912,0.3757455516146347,0.23222791159083614,0.9836358653795675,0.14145745342250401,0.2796667017126499,0.38852783203115515
evo160_jpg.rf.89988a2de0ea0973d8fb07dcab09eaea.jpg,3,OR,0.27638060340173437,0.4330692626715591,0.2779594881504823,0.9798615481423852,0.09232745188846522,0.18414194253566238,0.44266113281239194
evo160_jpg.rf.89988a2de0ea0973d8fb07dcab09eaea.jpg,3,AND,0.16719891745584065,0.2864960118713722,0.8199723932850925,0.1735705295332042,0.050074854163181685,0.09880471105899184,0.8121826171873017
evo160_jpg.rf.89988a2de0ea0973d8fb07dcab09eaea.jpg,3,weighted_mean,0.27638060340173437,0.4330692626715591,0.2779594881504823,0.9798615481423852,0.09232745188846522,0.18414194253566238,0.44266113281239194
evo163_jpg.rf.15d1e9c4b86a35b13e685bf97bd62960.jpg,3,OR,0.059182741696137325,0.11175171076024935,0.059280693826646975,0.9728389546527905,0.11547224838194406,0.23073105243964057,0.1548217773437122
evo163_jpg.rf.15d1e9c4b86a35b13e685bf97bd62960.jpg,3,AND,0.0,0.0,0.0,0.0,0.0,0.0,0.9453491210935192
evo163_jpg.rf.15d1e9c4b86a35b13e685bf97bd62960.jpg,3,weighted_mean,0.059182741696137325,0.11175171076024935,0.059280693826646975,0.9728389546527905,0.11547224838194406,0.23073105243964057,0.1548217773437122
evo163_jpg.rf.8a0b1e0d24e0571ea2668e78e112b06f.jpg,2,OR,0.6632812970867842,0.7975575727912204,0.7769070563705852,0.8193358647873601,0.24739949395418948,0.41117068909312526,0.9727221679685125
evo163_jpg.rf.8a0b1e0d24e0571ea2668e78e112b06f.jpg,2,AND,0.0,0.0,0.0,0.0,0.0,0.0,0.9344189453122719
evo163_jpg.rf.8a0b1e0d24e0571ea2668e78e112b06f.jpg,2,weighted_mean,0.6632812970867842,0.7975575727912204,0.7769070563705852,0.8193358647873601,0.24739949395418948,0.41117068909312526,0.9727221679685125
evo166_jpg.rf.06baf2feb89de72d9a0e6d36e6758678.jpg,2,OR,0.015989906599546945,0.03147650679535614,0.01601432778461956,0.912933472229306,0.05094346429970435,0.10874923350313692,0.07841064453123085
evo166_jpg.rf.06baf2feb89de72d9a0e6d36e6758678.jpg,2,AND,0.32011083563774084,0.4849756959734315,0.9408486926300537,0.32668551867351264,0.18856323016625204,0.32260000518112686,0.9886181640622587
evo166_jpg.rf.06baf2feb89de72d9a0e6d36e6758678.jpg,2,weighted_mean,0.015989906599546945,0.03147650679535614,0.01601432778461956,0.912933472229306,0.05094346429970435,0.10874923350313692,0.07841064453123085
evo186_jpg.rf.80d5e065d80eea849b99b2c97b243beb.jpg,1,OR,0.8609550561676832,0.9252830188609412,0.9068047337143964,0.9445300462104079,0.42123605946976683,0.6680993779692082,0.9975830078122564
evo186_jpg.rf.80d5e065d80eea849b99b2c97b243beb.jpg,1,AND,0.8609550561676832,0.9252830188609412,0.9068047337143964,0.9445300462104079,0.42123605946976683,0.6680993779692082,0.9975830078122564
evo186_jpg.rf.80d5e065d80eea849b99b2c97b243beb.jpg,1,weighted_mean,0.8609550561676832,0.9252830188609412,0.9068047337143964,0.9445300462104079,0.42123605946976683,0.6680993779692082,0.9975830078122564
evo191_jpg.rf.3205ad99e40f17811b3c28051cbf7bb6.jpg,1,OR,0.7114605171159226,0.8314074557966951,0.8506851604206994,0.8129841092325083,0.19070904645254733,0.23806633921247297,0.9899194335935083
evo191_jpg.rf.3205ad99e40f17811b3c28051cbf7bb6.jpg,1,AND,0.7114605171159226,0.8314074557966951,0.8506851604206994,0.8129841092325083,0.19070904645254733,0.23806633921247297,0.9899194335935083
evo191_jpg.rf.3205ad99e40f17811b3c28051cbf7bb6.jpg,1,weighted_mean,0.7114605171159226,0.8314074557966951,0.8506851604206994,0.8129841092325083,0.19070904645254733,0.23806633921247297,0.9899194335935083
evo191_jpg.rf.835a46767b319f3485a2f332b942d6d2.jpg,1,OR,0.7895643060279266,0.8824095377499167,0.8379945971648022,0.931796095053169,0.291745346637554,0.49738011733200366,0.9931372070310075
evo191_jpg.rf.835a46767b319f3485a2f332b942d6d2.jpg,1,AND,0.7895643060279266,0.8824095377499167,0.8379945971648022,0.931796095053169,0.291745346637554,0.49738011733200366,0.9931372070310075
evo191_jpg.rf.835a46767b319f3485a2f332b942d6d2.jpg,1,weighted_mean,0.7895643060279266,0.8824095377499167,0.8379945971648022,0.931796095053169,0.291745346637554,0.49738011733200366,0.9931372070310075
evo3156_jpg.rf.bab18375d40a56a4232766b69d4f7a8b.jpg,6,OR,0.04966441286217665,0.09462912575411414,0.049800461956998276,0.9478611209746668,0.08211483594840074,0.16623912761316753,0.626313476562347
evo3156_jpg.rf.bab18375d40a56a4232766b69d4f7a8b.jpg,6,AND,0.0,0.0,0.0,0.0,0.0,0.0,0.9793969726560109
evo3156_jpg.rf.bab18375d40a56a4232766b69d4f7a8b.jpg,6,weighted_mean,0.04966441286217665,0.09462912575411414,0.049800461956998276,0.9478611209746668,0.08211483594840074,0.16623912761316753,0.626313476562347
evo3373_jpg.rf.16f0c1f285cc1a03c10f57bac34c4a01.jpg,6,OR,0.7089313138797404,0.8296779491625943,0.7547571392321238,0.9211119329804749,0.1941960136317377,0.3377646080816793,0.8926513671872821
evo3373_jpg.rf.16f0c1f285cc1a03c10f57bac34c4a01.jpg,6,AND,0.0,0.0,0.0,0.0,0.0,0.0,0.7161474609373252
evo3373_jpg.rf.16f0c1f285cc1a03c10f57bac34c4a01.jpg,6,weighted_mean,0.7089313138797404,0.8296779491625943,0.7547571392321238,0.9211119329804749,0.1941960136317377,0.3377646080816793,0.8926513671872821
evo3373_jpg.rf.8493f7478a4b4007f2d5ac7d740c87c2.jpg,7,OR,0.7301652397201649,0.8440410464358434,0.776491032668342,0.924463793584755,0.2162846294469006,0.36167157537814076,0.8955859374997813
evo3373_jpg.rf.8493f7478a4b4007f2d5ac7d740c87c2.jpg,7,AND,0.0,0.0,0.0,0.0,0.0,0.0,0.6943725585935805
evo3373_jpg.rf.8493f7478a4b4007f2d5ac7d740c87c2.jpg,7,weighted_mean,0.7301652397201649,0.8440410464358434,0.776491032668342,0.924463793584755,0.2162846294469006,0.36167157537814076,0.8955859374997813
evo3373_jpg.rf.9a18c2992b425987e2c36fdb2acb7631.jpg,8,OR,0.6266386572677799,0.7704706321443603,0.646270376896037,0.9537652609793573,0.13061764934943434,0.21856995237031956,0.8303393554685473
evo3373_jpg.rf.9a18c2992b425987e2c36fdb2acb7631.jpg,8,AND,0.0,0.0,0.0,0.0,0.0,0.0,0.7014428710935787
evo3373_jpg.rf.9a18c2992b425987e2c36fdb2acb7631.jpg,8,weighted_mean,0.6266386572677799,0.7704706321443603,0.646270376896037,0.9537652609793573,0.13061764934943434,0.21856995237031956,0.8303393554685473
evo3377_jpg.rf.00c887dfefc4b0a5eb81202f47146006.jpg,4,OR,0.6770455410827577,0.8074265420909608,0.7199553847676264,0.9190918311608419,0.1831712113960503,0.31425500762205216,0.8902514648435327
evo3377_jpg.rf.00c887dfefc4b0a5eb81202f47146006.jpg,4,AND,0.0,0.0,0.0,0.0,0.0,0.0,0.749667968749817
evo3377_jpg.rf.00c887dfefc4b0a5eb81202f47146006.jpg,4,weighted_mean,0.6770455410827577,0.8074265420909608,0.7199553847676264,0.9190918311608419,0.1831712113960503,0.31425500762205216,0.8902514648435327
evo3377_jpg.rf.1aa5cc8972522ce93a73813213fb4162.jpg,4,OR,0.542656007063486,0.7035346889763918,0.6067791335326149,0.8370008511891958,0.1133068878468927,0.20800629025105216,0.7673217773435627
evo3377_jpg.rf.1aa5cc8972522ce93a73813213fb4162.jpg,4,AND,0.0,0.0,0.0,0.0,0.0,0.0,0.6701538085935864
evo3377_jpg.rf.1aa5cc8972522ce93a73813213fb4162.jpg,4,weighted_mean,0.542656007063486,0.7035346889763918,0.6067791335326149,0.8370008511891958,0.1133068878468927,0.20800629025105216,0.7673217773435627
evo3377_jpg.rf.560ed875b907a0aff52faad5521b349f.jpg,5,OR,0.614152955145386,0.7609600480396476,0.6385510295345591,0.9414304817791488,0.13129303012288152,0.24758286627107587,0.8445043945310439
evo3377_jpg.rf.560ed875b907a0aff52faad5521b349f.jpg,5,AND,0.0,0.0,0.0,0.0,0.0,0.0,0.73709960937482
evo3377_jpg.rf.560ed875b907a0aff52faad5521b349f.jpg,5,weighted_mean,0.614152955145386,0.7609600480396476,0.6385510295345591,0.9414304817791488,0.13129303012288152,0.24758286627107587,0.8445043945310439
evo3377_jpg.rf.9bb55086a63d8f9340e375dad1be2ec4.jpg,6,OR,0.5311905608248482,0.6938268487479406,0.5572397731209188,0.9191143146935288,0.12729470904500764,0.22497074748833257,0.8164672851560507
evo3377_jpg.rf.9bb55086a63d8f9340e375dad1be2ec4.jpg,6,AND,0.0,0.0,0.0,0.0,0.0,0.0,0.7737451171873111
evo3377_jpg.rf.9bb55086a63d8f9340e375dad1be2ec4.jpg,6,weighted_mean,0.5311905608248482,0.6938268487479406,0.5572397731209188,0.9191143146935288,0.12729470904500764,0.22497074748833257,0.8164672851560507
evo3377_jpg.rf.a9e46fa6500157316d21cebbb429f75a.jpg,6,OR,0.4336441713680592,0.6049536977564705,0.5083109288220079,0.7469719690845282,0.07049427418085187,0.13674785387343827,0.7522290039060664
evo3377_jpg.rf.a9e46fa6500157316d21cebbb429f75a.jpg,6,AND,0.0,0.0,0.0,0.0,0.0,0.0,0.7460253906248179
evo3377_jpg.rf.a9e46fa6500157316d21cebbb429f75a.jpg,6,weighted_mean,0.4336441713680592,0.6049536977564705,0.5083109288220079,0.7469719690845282,0.07049427418085187,0.13674785387343827,0.7522290039060664
evo3377_jpg.rf.c3c62ad592115853c628f131fb0d4b32.jpg,7,OR,0.5608247208298359,0.7186261382785698,0.5712545805000047,0.9684711374441436,0.16648250460375957,0.29707066797145926,0.7937548828123062
evo3377_jpg.rf.c3c62ad592115853c628f131fb0d4b32.jpg,7,AND,0.0,0.0,0.0,0.0,0.0,0.0,0.7280517578123222
evo3377_jpg.rf.c3c62ad592115853c628f131fb0d4b32.jpg,7,weighted_mean,0.5608247208298359,0.7186261382785698,0.5712545805000047,0.9684711374441436,0.16648250460375957,0.29707066797145926,0.7937548828123062
evo4201_jpg.rf.e8cd4a63ca140b5afcae33b9b1f302fa.jpg,1,OR,0.8943060242629833,0.9442043817718739,0.925953460702357,0.963189235163845,0.5976367216997783,0.7833331891299613,0.9964062499997567
evo4201_jpg.rf.e8cd4a63ca140b5afcae33b9b1f302fa.jpg,1,AND,0.8943060242629833,0.9442043817718739,0.925953460702357,0.963189235163845,0.5976367216997783,0.7833331891299613,0.9964062499997567
evo4201_jpg.rf.e8cd4a63ca140b5afcae33b9b1f302fa.jpg,1,weighted_mean,0.8943060242629833,0.9442043817718739,0.925953460702357,0.963189235163845,0.5976367216997783,0.7833331891299613,0.9964062499997567
evo4204_jpg.rf.31518a275da41ac67aa53ca74f2f8cb8.jpg,1,OR,0.9277029247409618,0.9624957381497187,0.9461361677633527,0.9794310071323382,0.5708465368859085,0.7705053753400523,0.9962402343747567
evo4204_jpg.rf.31518a275da41ac67aa53ca74f2f8cb8.jpg,1,AND,0.9277029247409618,0.9624957381497187,0.9461361677633527,0.9794310071323382,0.5708465368859085,0.7705053753400523,0.9962402343747567
evo4204_jpg.rf.31518a275da41ac67aa53ca74f2f8cb8.jpg,1,weighted_mean,0.9277029247409618,0.9624957381497187,0.9461361677633527,0.9794310071323382,0.5708465368859085,0.7705053753400523,0.9962402343747567
evo4204_jpg.rf.45c6539ed2fbfafe00e2d9afcc169f5e.jpg,1,OR,0.0,0.0,0.0,0.0,0.0,0.0,0.9239721679685244
evo4204_jpg.rf.45c6539ed2fbfafe00e2d9afcc169f5e.jpg,1,AND,0.0,0.0,0.0,0.0,0.0,0.0,0.9239721679685244
evo4204_jpg.rf.45c6539ed2fbfafe00e2d9afcc169f5e.jpg,1,weighted_mean,0.0,0.0,0.0,0.0,0.0,0.0,0.9239721679685244
evo4204_jpg.rf.deb8d1e7ce4e7aca64d20191db70f37f.jpg,1,OR,0.8474204171209389,0.9174093879958063,0.9005015747078016,0.9349642727345082,0.271242484967222,0.44044510371906603,0.9898193359372583
evo4204_jpg.rf.deb8d1e7ce4e7aca64d20191db70f37f.jpg,1,AND,0.8474204171209389,0.9174093879958063,0.9005015747078016,0.9349642727345082,0.271242484967222,0.44044510371906603,0.9898193359372583
evo4204_jpg.rf.deb8d1e7ce4e7aca64d20191db70f37f.jpg,1,weighted_mean,0.8474204171209389,0.9174093879958063,0.9005015747078016,0.9349642727345082,0.271242484967222,0.44044510371906603,0.9898193359372583
evo4208_jpg.rf.0c0ee8bb3d5dd2a4304f9647ed6da72c.jpg,1,OR,0.8684906596107662,0.9296173412948026,0.9252377597718526,0.9340385812044506,0.3294422827466236,0.5152596526483773,0.9883471679685087
evo4208_jpg.rf.0c0ee8bb3d5dd2a4304f9647ed6da72c.jpg,1,AND,0.8684906596107662,0.9296173412948026,0.9252377597718526,0.9340385812044506,0.3294422827466236,0.5152596526483773,0.9883471679685087
evo4208_jpg.rf.0c0ee8bb3d5dd2a4304f9647ed6da72c.jpg,1,weighted_mean,0.8684906596107662,0.9296173412948026,0.9252377597718526,0.9340385812044506,0.3294422827466236,0.5152596526483773,0.9883471679685087
evo4208_jpg.rf.53067c24a23037a862ad30fce4526c94.jpg,3,OR,0.9229822563445079,0.959948801710787,0.9548503562927224,0.9651019859390675,0.47238868483489665,0.7133988044828748,0.9897631835935083
evo4208_jpg.rf.53067c24a23037a862ad30fce4526c94.jpg,3,AND,0.0,0.0,0.0,0.0,0.0,0.0,0.8728857421872869
evo4208_jpg.rf.53067c24a23037a862ad30fce4526c94.jpg,3,weighted_mean,0.9229822563445079,0.959948801710787,0.9548503562927224,0.9651019859390675,0.47238868483489665,0.7133988044828748,0.9897631835935083
evo4208_jpg.rf.5cbc0780ad8b69fba895e0a1242450e7.jpg,1,OR,0.805930788493576,0.8925378465537389,0.8946149148097327,0.8904704008030973,0.2051128818047469,0.3234307872013739,0.975026855468512
evo4208_jpg.rf.5cbc0780ad8b69fba895e0a1242450e7.jpg,1,AND,0.805930788493576,0.8925378465537389,0.8946149148097327,0.8904704008030973,0.2051128818047469,0.3234307872013739,0.975026855468512
evo4208_jpg.rf.5cbc0780ad8b69fba895e0a1242450e7.jpg,1,weighted_mean,0.805930788493576,0.8925378465537389,0.8946149148097327,0.8904704008030973,0.2051128818047469,0.3234307872013739,0.975026855468512
evo4208_jpg.rf.9c0a938a677c957d721c6eb8987f0d99.jpg,1,OR,0.8278439349938793,0.9058146805040568,0.8537585743562366,0.9646309958160049,0.18952046448147428,0.30933306016110995,0.9816113281247604
evo4208_jpg.rf.9c0a938a677c957d721c6eb8987f0d99.jpg,1,AND,0.8278439349938793,0.9058146805040568,0.8537585743562366,0.9646309958160049,0.18952046448147428,0.30933306016110995,0.9816113281247604
evo4208_jpg.rf.9c0a938a677c957d721c6eb8987f0d99.jpg,1,weighted_mean,0.8278439349938793,0.9058146805040568,0.8537585743562366,0.9646309958160049,0.18952046448147428,0.30933306016110995,0.9816113281247604
evo4208_jpg.rf.b8422916949bd214932f0698e7660ceb.jpg,1,OR,0.8625334506710564,0.926193782302586,0.9194731098372241,0.9330134245120102,0.3052478134088539,0.4698007047452336,0.9813134765622604
evo4208_jpg.rf.b8422916949bd214932f0698e7660ceb.jpg,1,AND,0.8625334506710564,0.926193782302586,0.9194731098372241,0.9330134245120102,0.3052478134088539,0.4698007047452336,0.9813134765622604
evo4208_jpg.rf.b8422916949bd214932f0698e7660ceb.jpg,1,weighted_mean,0.8625334506710564,0.926193782302586,0.9194731098372241,0.9330134245120102,0.3052478134088539,0.4698007047452336,0.9813134765622604
evo4208_jpg.rf.cea8bce260d59e5d7078a7541988d905.jpg,3,OR,0.9015020531645748,0.9481999261207739,0.936622880878454,0.9600667472218193,0.39208654241641433,0.6276701171264235,0.9866479492185091
evo4208_jpg.rf.cea8bce260d59e5d7078a7541988d905.jpg,3,AND,0.0,0.0,0.0,0.0,0.0,0.0,0.872712402343537
evo4208_jpg.rf.cea8bce260d59e5d7078a7541988d905.jpg,3,weighted_mean,0.9015020531645748,0.9481999261207739,0.936622880878454,0.9600667472218193,0.39208654241641433,0.6276701171264235,0.9866479492185091
evo4224_jpg.rf.076a25c261c206a6850302a1bed36406.jpg,5,OR,0.6718212596005836,0.8036998641363001,0.6890066517619227,0.9642026712802804,0.18771492944340634,0.3483933678139094,0.8511425781247922
evo4224_jpg.rf.076a25c261c206a6850302a1bed36406.jpg,5,AND,0.0,0.0,0.0,0.0,0.0,0.0,0.683957519531083
evo4224_jpg.rf.076a25c261c206a6850302a1bed36406.jpg,5,weighted_mean,0.6718212596005836,0.8036998641363001,0.6890066517619227,0.9642026712802804,0.18771492944340634,0.3483933678139094,0.8511425781247922
evo4224_jpg.rf.805cc228931b6d69faff821db65f94ba.jpg,3,OR,0.5549852416454942,0.7138141594941515,0.5630919663955144,0.9747150366928905,0.09833199125710725,0.18405851390217912,0.8166943359373006
evo4224_jpg.rf.805cc228931b6d69faff821db65f94ba.jpg,3,AND,0.0,0.0,0.0,0.0,0.0,0.0,0.7654663085935631
evo4224_jpg.rf.805cc228931b6d69faff821db65f94ba.jpg,3,weighted_mean,0.5549852416454942,0.7138141594941515,0.5630919663955144,0.9747150366928905,0.09833199125710725,0.18405851390217912,0.8166943359373006
evo4224_jpg.rf.980bf13fde14ae56b94d1ac86a572872.jpg,7,OR,0.7373771345494731,0.8488394602254111,0.7540870838714799,0.9708253879823661,0.24339714850255317,0.42824123850811563,0.8818017578122848
evo4224_jpg.rf.980bf13fde14ae56b94d1ac86a572872.jpg,7,AND,0.0,0.0,0.0,0.0,0.0,0.0,0.6581567382810893
evo4224_jpg.rf.980bf13fde14ae56b94d1ac86a572872.jpg,7,weighted_mean,0.7373771345494731,0.8488394602254111,0.7540870838714799,0.9708253879823661,0.24339714850255317,0.42824123850811563,0.8818017578122848
evo4224_jpg.rf.eda7d145aede335a64f3e6f351d818e8.jpg,3,OR,0.6742763708779311,0.8054540846495546,0.6962330727793379,0.9553189954381486,0.13092181500049777,0.2332090912328266,0.8594458007810402
evo4224_jpg.rf.eda7d145aede335a64f3e6f351d818e8.jpg,3,AND,0.0,0.0,0.0,0.0,0.0,0.0,0.6954321289060802
evo4224_jpg.rf.eda7d145aede335a64f3e6f351d818e8.jpg,3,weighted_mean,0.6742763708779311,0.8054540846495546,0.6962330727793379,0.9553189954381486,0.13092181500049777,0.2332090912328266,0.8594458007810402
evo4228_jpg.rf.662d45ec71d7ac583e91a60b01d0e101.jpg,5,OR,0.7884157992756696,0.8816918298250191,0.827789370320013,0.943103074140594,0.14781520057006867,0.2658125738026445,0.8718603515622871
evo4228_jpg.rf.662d45ec71d7ac583e91a60b01d0e101.jpg,5,AND,0.0,0.0,0.0,0.0,0.0,0.0,0.4937133789061295
evo4228_jpg.rf.662d45ec71d7ac583e91a60b01d0e101.jpg,5,weighted_mean,0.7884157992756696,0.8816918298250191,0.827789370320013,0.943103074140594,0.14781520057006867,0.2658125738026445,0.8718603515622871
evo4228_jpg.rf.7a70fd7485468f2fa2bed72edfb4905f.jpg,4,OR,0.7352303394722147,0.8474152655673844,0.7619477537237925,0.9544789605019518,0.1458376329759548,0.26011404669463906,0.8634716796872892
evo4228_jpg.rf.7a70fd7485468f2fa2bed72edfb4905f.jpg,4,AND,0.0,0.0,0.0,0.0,0.0,0.0,0.6027978515623529
evo4228_jpg.rf.7a70fd7485468f2fa2bed72edfb4905f.jpg,4,weighted_mean,0.7352303394722147,0.8474152655673844,0.7619477537237925,0.9544789605019518,0.1458376329759548,0.26011404669463906,0.8634716796872892
evo422_jpg.rf.30e56bf9b07a2d225373b8a8a744f007.jpg,3,OR,0.7451196377165098,0.8539467685911774,0.8293148072413206,0.8800867365314052,0.29406140443754314,0.43015701543262225,0.9898315429685084
evo422_jpg.rf.30e56bf9b07a2d225373b8a8a744f007.jpg,3,AND,0.0,0.0,0.0,0.0,0.0,0.0,0.9662231445310141
evo422_jpg.rf.30e56bf9b07a2d225373b8a8a744f007.jpg,3,weighted_mean,0.7451196377165098,0.8539467685911774,0.8293148072413206,0.8800867365314052,0.29406140443754314,0.43015701543262225,0.9898315429685084
evo4236_jpg.rf.03d8734df772dde5347bf2e5ff61ca8f.jpg,5,OR,0.8689372492234965,0.92987311327282,0.9117708195540688,0.9487087729505143,0.27855816389651517,0.46340222158175626,0.9111621093747776
evo4236_jpg.rf.03d8734df772dde5347bf2e5ff61ca8f.jpg,5,AND,0.0,0.0,0.0,0.0,0.0,0.0,0.37916748046865745
evo4236_jpg.rf.03d8734df772dde5347bf2e5ff61ca8f.jpg,5,weighted_mean,0.8689372492234965,0.92987311327282,0.9117708195540688,0.9487087729505143,0.27855816389651517,0.46340222158175626,0.9111621093747776
evo4236_jpg.rf.94fd8a99c169e0441cc64c5093115ae7.jpg,4,OR,0.8776264870284944,0.934825422512455,0.9077358119949346,0.9635816432909244,0.3379670606196734,0.5479432967566655,0.9166210937497762
evo4236_jpg.rf.94fd8a99c169e0441cc64c5093115ae7.jpg,4,AND,0.0,0.0,0.0,0.0,0.0,0.0,0.3794311523436574
evo4236_jpg.rf.94fd8a99c169e0441cc64c5093115ae7.jpg,4,weighted_mean,0.8776264870284944,0.934825422512455,0.9077358119949346,0.9635816432909244,0.3379670606196734,0.5479432967566655,0.9166210937497762
evo4236_jpg.rf.e90bc174a8cf6c6407dbca0d820f5d67.jpg,4,OR,0.8461948455245912,0.9166907247909115,0.8859896604372666,0.949595853028008,0.2947712732690449,0.4932752869432969,0.8985498046872806
evo4236_jpg.rf.e90bc174a8cf6c6407dbca0d820f5d67.jpg,4,AND,0.0,0.0,0.0,0.0,0.0,0.0,0.41222167968739937
evo4236_jpg.rf.e90bc174a8cf6c6407dbca0d820f5d67.jpg,4,weighted_mean,0.8461948455245912,0.9166907247909115,0.8859896604372666,0.949595853028008,0.2947712732690449,0.4932752869432969,0.8985498046872806
evo4240_jpg.rf.2c1c72795cb735af0b2fea0e771e78bd.jpg,5,OR,0.8777098889373479,0.9348727341837351,0.945135366826599,0.9248305785120146,0.24661312963104068,0.40169507497922413,0.9238696289060244
evo4240_jpg.rf.2c1c72795cb735af0b2fea0e771e78bd.jpg,5,AND,0.0,0.0,0.0,0.0,0.0,0.0,0.4091796874999001
evo4240_jpg.rf.2c1c72795cb735af0b2fea0e771e78bd.jpg,5,weighted_mean,0.8777098889373479,0.9348727341837351,0.945135366826599,0.9248305785120146,0.24661312963104068,0.40169507497922413,0.9238696289060244
evo4240_jpg.rf.b73b1689a86f61ca566eb7cd721a71fa.jpg,5,OR,0.8923468990736548,0.9431113285946442,0.9605962497744752,0.9262515548515717,0.31702355797988424,0.5008026824820093,0.9324487304685224
evo4240_jpg.rf.b73b1689a86f61ca566eb7cd721a71fa.jpg,5,AND,0.0,0.0,0.0,0.0,0.0,0.0,0.39547851562490344
evo4240_jpg.rf.b73b1689a86f61ca566eb7cd721a71fa.jpg,5,weighted_mean,0.8923468990736548,0.9431113285946442,0.9605962497744752,0.9262515548515717,0.31702355797988424,0.5008026824820093,0.9324487304685224
evo4240_jpg.rf.e85b4a4566cbc61dcb100d83bc0c42ed.jpg,5,OR,0.8798623178715748,0.9360922972994916,0.9650199068109403,0.9088484921702866,0.2644524848696892,0.4616737105749703,0.929785156249773
evo4240_jpg.rf.e85b4a4566cbc61dcb100d83bc0c42ed.jpg,5,AND,0.0,0.0,0.0,0.0,0.0,0.0,0.434187011718644
evo4240_jpg.rf.e85b4a4566cbc61dcb100d83bc0c42ed.jpg,5,weighted_mean,0.8798623178715748,0.9360922972994916,0.9650199068109403,0.9088484921702866,0.2644524848696892,0.4616737105749703,0.929785156249773
evo4244_jpg.rf.2414c630115d4d7773b9b4310c58e117.jpg,5,OR,0.8860153511686916,0.9395632444027158,0.9573160501042854,0.9224568794282667,0.2306273729881927,0.3813038897404034,0.9372778320310212
evo4244_jpg.rf.2414c630115d4d7773b9b4310c58e117.jpg,5,AND,0.0,0.0,0.0,0.0,0.0,0.0,0.4714697265623849
evo4244_jpg.rf.2414c630115d4d7773b9b4310c58e117.jpg,5,weighted_mean,0.8860153511686916,0.9395632444027158,0.9573160501042854,0.9224568794282667,0.2306273729881927,0.3813038897404034,0.9372778320310212
evo4244_jpg.rf.3d1895d10464db80c20b0ab741e6d5bc.jpg,4,OR,0.8750838377745952,0.9333810255792835,0.9634928350419412,0.9050943305098259,0.2738066470119475,0.4385585329706969,0.9281567382810234
evo4244_jpg.rf.3d1895d10464db80c20b0ab741e6d5bc.jpg,4,AND,0.0,0.0,0.0,0.0,0.0,0.0,0.4439379882811416
evo4244_jpg.rf.3d1895d10464db80c20b0ab741e6d5bc.jpg,4,weighted_mean,0.8750838377745952,0.9333810255792835,0.9634928350419412,0.9050943305098259,0.2738066470119475,0.4385585329706969,0.9281567382810234
evo4244_jpg.rf.6ff0a39fc82cc7257b7ee7785749a18e.jpg,4,OR,0.8571415535110705,0.9230761671242321,0.9484999343621825,0.8989797480949719,0.1486369161310147,0.24962512621582456,0.9235595703122745
evo4244_jpg.rf.6ff0a39fc82cc7257b7ee7785749a18e.jpg,4,AND,0.0,0.0,0.0,0.0,0.0,0.0,0.4898242187498804
evo4244_jpg.rf.6ff0a39fc82cc7257b7ee7785749a18e.jpg,4,weighted_mean,0.8571415535110705,0.9230761671242321,0.9484999343621825,0.8989797480949719,0.1486369161310147,0.24962512621582456,0.9235595703122745
evo4244_jpg.rf.79d9871727e906c45d16327068fab119.jpg,6,OR,0.837883868455839,0.9117919612187638,0.8974083199086054,0.9266441944995736,0.22058114199188233,0.35587672812103605,0.9105297851560277
evo4244_jpg.rf.79d9871727e906c45d16327068fab119.jpg,6,AND,0.0,0.0,0.0,0.0,0.0,0.0,0.5009741210936277
evo4244_jpg.rf.79d9871727e906c45d16327068fab119.jpg,6,weighted_mean,0.837883868455839,0.9117919612187638,0.8974083199086054,0.9266441944995736,0.22058114199188233,0.35587672812103605,0.9105297851560277
evo4244_jpg.rf.c109c5de4e38a8cb8b87b33a242f928e.jpg,4,OR,0.8697085443822679,0.9303145637274824,0.9677133235084481,0.8956989109376983,0.2671320309592206,0.434937834261887,0.9233837890622746
evo4244_jpg.rf.c109c5de4e38a8cb8b87b33a242f928e.jpg,4,AND,0.0,0.0,0.0,0.0,0.0,0.0,0.42902587890614524
evo4244_jpg.rf.c109c5de4e38a8cb8b87b33a242f928e.jpg,4,weighted_mean,0.8697085443822679,0.9303145637274824,0.9677133235084481,0.8956989109376983,0.2671320309592206,0.434937834261887,0.9233837890622746
evo4248_jpg.rf.003ba3bb2bb66f0aa43edaffe198723f.jpg,7,OR,0.7807444571812304,0.876874224184961,0.8592774056300018,0.8952068278531544,0.20207400033150477,0.34088688041724674,0.8958691406247813
evo4248_jpg.rf.003ba3bb2bb66f0aa43edaffe198723f.jpg,7,AND,0.0,0.0,0.0,0.0,0.0,0.0,0.585795898437357
evo4248_jpg.rf.003ba3bb2bb66f0aa43edaffe198723f.jpg,7,weighted_mean,0.7807444571812304,0.876874224184961,0.8592774056300018,0.8952068278531544,0.20207400033150477,0.34088688041724674,0.8958691406247813
evo4248_jpg.rf.b97c9103dcfe3ad7665fb513be1f8d45.jpg,6,OR,0.8832539722777699,0.9380083464892272,0.931340526878132,0.9447723294623451,0.37678543535921,0.6066762048708476,0.938166503906021
evo4248_jpg.rf.b97c9103dcfe3ad7665fb513be1f8d45.jpg,6,AND,0.0,0.0,0.0,0.0,0.0,0.0,0.5048461914061267
evo4248_jpg.rf.b97c9103dcfe3ad7665fb513be1f8d45.jpg,6,weighted_mean,0.8832539722777699,0.9380083464892272,0.931340526878132,0.9447723294623451,0.37678543535921,0.6066762048708476,0.938166503906021
evo4248_jpg.rf.e9825a9df2c3bbd7b9ff8f1df0a95597.jpg,6,OR,0.7165334997489864,0.8348610730332582,0.885745540540835,0.7895054248269469,0.2080443828012991,0.36425093903997935,0.8647070312497889
evo4248_jpg.rf.e9825a9df2c3bbd7b9ff8f1df0a95597.jpg,6,AND,0.0,0.0,0.0,0.0,0.0,0.0,0.5668334960936117
evo4248_jpg.rf.e9825a9df2c3bbd7b9ff8f1df0a95597.jpg,6,weighted_mean,0.7165334997489864,0.8348610730332582,0.885745540540835,0.7895054248269469,0.2080443828012991,0.36425093903997935,0.8647070312497889
evo4252_jpg.rf.296145ecb241d2199e861452247831f5.jpg,4,OR,0.6632134613119314,0.7975085300100844,0.7342386165878306,0.8727106898257537,0.1562155111866556,0.26829053990876384,0.8671362304685383
evo4252_jpg.rf.296145ecb241d2199e861452247831f5.jpg,4,AND,0.0,0.0,0.0,0.0,0.0,0.0,0.7001977539060791
evo4252_jpg.rf.296145ecb241d2199e861452247831f5.jpg,4,weighted_mean,0.6632134613119314,0.7975085300100844,0.7342386165878306,0.8727106898257537,0.1562155111866556,0.26829053990876384,0.8671362304685383
evo4252_jpg.rf.3d03527b863a271c8ef52d468d3c7f42.jpg,4,OR,0.6924337768397514,0.8182698623903849,0.7612268881222491,0.8845544590502126,0.1487794000733935,0.2434780964886581,0.8946337890622816
evo4252_jpg.rf.3d03527b863a271c8ef52d468d3c7f42.jpg,4,AND,0.0,0.0,0.0,0.0,0.0,0.0,0.7318261718748214
evo4252_jpg.rf.3d03527b863a271c8ef52d468d3c7f42.jpg,4,weighted_mean,0.6924337768397514,0.8182698623903849,0.7612268881222491,0.8845544590502126,0.1487794000733935,0.2434780964886581,0.8946337890622816
evo4256_jpg.rf.22a984e9087f9e533f2c1013398bb12c.jpg,5,OR,0.7578157599095187,0.862224332257126,0.8629058048473973,0.8615439351911568,0.26365121067891867,0.4512494570132749,0.9263159179685239
evo4256_jpg.rf.22a984e9087f9e533f2c1013398bb12c.jpg,5,AND,0.0,0.0,0.0,0.0,0.0,0.0,0.7323828124998212
evo4256_jpg.rf.22a984e9087f9e533f2c1013398bb12c.jpg,5,weighted_mean,0.7578157599095187,0.862224332257126,0.8629058048473973,0.8615439351911568,0.26365121067891867,0.4512494570132749,0.9263159179685239
evo4256_jpg.rf.6cd167e582978d7de01298916284823c.jpg,4,OR,0.8097039999993523,0.8948468920880344,0.8814083305023196,0.9087015855336511,0.2617782578975247,0.42786193099063863,0.94192626953102
evo4256_jpg.rf.6cd167e582978d7de01298916284823c.jpg,4,AND,0.0,0.0,0.0,0.0,0.0,0.0,0.7280712890623222
evo4256_jpg.rf.6cd167e582978d7de01298916284823c.jpg,4,weighted_mean,0.8097039999993523,0.8948468920880344,0.8814083305023196,0.9087015855336511,0.2617782578975247,0.42786193099063863,0.94192626953102
evo4256_jpg.rf.a42fb8b463cecea7a362de28f6dae3d9.jpg,5,OR,0.8608316042324946,0.9252117196145183,0.9025904149959432,0.9489960728362078,0.346831623415114,0.5481875437111402,0.954313964843517
evo4256_jpg.rf.a42fb8b463cecea7a362de28f6dae3d9.jpg,5,AND,0.0,0.0,0.0,0.0,0.0,0.0,0.7022192382810786
evo4256_jpg.rf.a42fb8b463cecea7a362de28f6dae3d9.jpg,5,weighted_mean,0.8608316042324946,0.9252117196145183,0.9025904149959432,0.9489960728362078,0.346831623415114,0.5481875437111402,0.954313964843517
evo4256_jpg.rf.a7b1e529debe548046f5ffaa80bf1d81.jpg,4,OR,0.7848174223902639,0.8794372046628953,0.8489610051370866,0.9121829606443713,0.23256060573875892,0.3904799492966516,0.9279931640622734
evo4256_jpg.rf.a7b1e529debe548046f5ffaa80bf1d81.jpg,4,AND,0.0,0.0,0.0,0.0,0.0,0.0,0.7120922851560761
evo4256_jpg.rf.a7b1e529debe548046f5ffaa80bf1d81.jpg,4,weighted_mean,0.7848174223902639,0.8794372046628953,0.8489610051370866,0.9121829606443713,0.23256060573875892,0.3904799492966516,0.9279931640622734
evo4256_jpg.rf.c4518d15363ad869c27dc3370ad1b87b.jpg,3,OR,0.7692201645139093,0.8695584415580652,0.8482243148508524,0.8919934277713113,0.24220905610283358,0.3952540972372168,0.9264355468747738
evo4256_jpg.rf.c4518d15363ad869c27dc3370ad1b87b.jpg,3,AND,0.0,0.0,0.0,0.0,0.0,0.0,0.725109863281073
evo4256_jpg.rf.c4518d15363ad869c27dc3370ad1b87b.jpg,3,weighted_mean,0.7692201645139093,0.8695584415580652,0.8482243148508524,0.8919934277713113,0.24220905610283358,0.3952540972372168,0.9264355468747738
evo4260_jpg.rf.32631121bd28e150a2d97cad9869412c.jpg,4,OR,0.7742753685066919,0.8727792565348591,0.8047988069551589,0.9533037516813664,0.28332392845682347,0.4705811530120721,0.9354711914060216
evo4260_jpg.rf.32631121bd28e150a2d97cad9869412c.jpg,4,AND,0.0,0.0,0.0,0.0,0.0,0.0,0.7678124999998125
evo4260_jpg.rf.32631121bd28e150a2d97cad9869412c.jpg,4,weighted_mean,0.7742753685066919,0.8727792565348591,0.8047988069551589,0.9533037516813664,0.28332392845682347,0.4705811530120721,0.9354711914060216
evo4260_jpg.rf.c101b3c456bc7d1f64b1f4289f12748c.jpg,5,OR,0.7692741897543243,0.8695929598805069,0.8093902599966928,0.9394711142591009,0.32811383541161604,0.5249423589663336,0.9281494140622734
evo4260_jpg.rf.c101b3c456bc7d1f64b1f4289f12748c.jpg,5,AND,0.0,0.0,0.0,0.0,0.0,0.0,0.7450048828123181
evo4260_jpg.rf.c101b3c456bc7d1f64b1f4289f12748c.jpg,5,weighted_mean,0.7692741897543243,0.8695929598805069,0.8093902599966928,0.9394711142591009,0.32811383541161604,0.5249423589663336,0.9281494140622734
evo4260_jpg.rf.e15e2824afd1177fee913058ba044b20.jpg,4,OR,0.7336546393321823,0.8463676936425953,0.77324907422253,0.9347587025692315,0.2805447060059526,0.4687633979835794,0.9148657226560266
evo4260_jpg.rf.e15e2824afd1177fee913058ba044b20.jpg,4,AND,0.0,0.0,0.0,0.0,0.0,0.0,0.7491284179685671
evo4260_jpg.rf.e15e2824afd1177fee913058ba044b20.jpg,4,weighted_mean,0.7336546393321823,0.8463676936425953,0.77324907422253,0.9347587025692315,0.2805447060059526,0.4687633979835794,0.9148657226560266
evo4264_jpg.rf.4c0e17bbbef3d752cb46d47cd18dd495.jpg,5,OR,0.7175928163384617,0.8355796665105006,0.7445965598508153,0.9518925017938354,0.23286324996257465,0.3837621583860169,0.9286694335935233
evo4264_jpg.rf.4c0e17bbbef3d752cb46d47cd18dd495.jpg,5,AND,0.0,0.0,0.0,0.0,0.0,0.0,0.8095898437498024
evo4264_jpg.rf.4c0e17bbbef3d752cb46d47cd18dd495.jpg,5,weighted_mean,0.7175928163384617,0.8355796665105006,0.7445965598508153,0.9518925017938354,0.23286324996257465,0.3837621583860169,0.9286694335935233
evo4264_jpg.rf.b433e5785486e293e13a13a3f7014a3c.jpg,6,OR,0.7226313526843212,0.8389854875893997,0.7640461650947965,0.9302238850848379,0.21338628875702173,0.3621952825928654,0.9275415039060235
evo4264_jpg.rf.b433e5785486e293e13a13a3f7014a3c.jpg,6,AND,0.0,0.0,0.0,0.0,0.0,0.0,0.7970629882810554
evo4264_jpg.rf.b433e5785486e293e13a13a3f7014a3c.jpg,6,weighted_mean,0.7226313526843212,0.8389854875893997,0.7640461650947965,0.9302238850848379,0.21338628875702173,0.3621952825928654,0.9275415039060235
evo4264_jpg.rf.bb0a4c07b927a7256733bddea4ef3cf3.jpg,6,OR,0.7570071116948058,0.8617006802716901,0.8594455752632941,0.8639676507835292,0.19483653583417987,0.3561101043765008,0.9305126953122729
evo4264_jpg.rf.bb0a4c07b927a7256733bddea4ef3cf3.jpg,6,AND,0.0,0.0,0.0,0.0,0.0,0.0,0.749438476562317
evo4264_jpg.rf.bb0a4c07b927a7256733bddea4ef3cf3.jpg,6,weighted_mean,0.7570071116948058,0.8617006802716901,0.8594455752632941,0.8639676507835292,0.19483653583417987,0.3561101043765008,0.9305126953122729
evo4264_jpg.rf.bc5343a1cd312d4aeea336ce11904355.jpg,6,OR,0.6392768745020079,0.779949847942816,0.6708795697142101,0.9313701754597645,0.19107892527247883,0.3484829427716202,0.8993066406247805
evo4264_jpg.rf.bc5343a1cd312d4aeea336ce11904355.jpg,6,AND,0.0,0.0,0.0,0.0,0.0,0.0,0.8084008789060526
evo4264_jpg.rf.bc5343a1cd312d4aeea336ce11904355.jpg,6,weighted_mean,0.6392768745020079,0.779949847942816,0.6708795697142101,0.9313701754597645,0.19107892527247883,0.3484829427716202,0.8993066406247805
evo75_jpg.rf.db0bf4867ac40dbfbd6ffb04e2730518.jpg,5,OR,0.45353844290315626,0.6240473998022408,0.4652460238565698,0.9474323452373484,0.10616546914595792,0.1878242260614791,0.7797143554685596
evo75_jpg.rf.db0bf4867ac40dbfbd6ffb04e2730518.jpg,5,AND,0.0,0.0,0.0,0.0,0.0,0.0,0.807028808593553
evo75_jpg.rf.db0bf4867ac40dbfbd6ffb04e2730518.jpg,5,weighted_mean,0.45353844290315626,0.6240473998022408,0.4652460238565698,0.9474323452373484,0.10616546914595792,0.1878242260614791,0.7797143554685596
evo75_jpg.rf.e64134a88a0fe2e1ff003de634ed03da.jpg,4,OR,0.5708556485878085,0.7268085378831656,0.600181083992175,0.9211559333371325,0.11083163743600752,0.20659081256371783,0.8333251953122965
evo75_jpg.rf.e64134a88a0fe2e1ff003de634ed03da.jpg,4,AND,0.0,0.0,0.0,0.0,0.0,0.0,0.7593090820310646
evo75_jpg.rf.e64134a88a0fe2e1ff003de634ed03da.jpg,4,weighted_mean,0.5708556485878085,0.7268085378831656,0.600181083992175,0.9211559333371325,0.11083163743600752,0.20659081256371783,0.8333251953122965
evo75_jpg.rf.fe24bed86148e7f84bd1a346d79fda4c.jpg,4,OR,0.5447868111463938,0.7053229704131212,0.5689019379214795,0.9278088343097876,0.15131935881590303,0.28555991984921925,0.8347729492185462
evo75_jpg.rf.fe24bed86148e7f84bd1a346d79fda4c.jpg,4,AND,0.0,0.0,0.0,0.0,0.0,0.0,0.7868749999998079
evo75_jpg.rf.fe24bed86148e7f84bd1a346d79fda4c.jpg,4,weighted_mean,0.5447868111463938,0.7053229704131212,0.5689019379214795,0.9278088343097876,0.15131935881590303,0.28555991984921925,0.8347729492185462
Fazenda-01_MP4-110_jpg.rf.0bb3e6ec65372dd4b0ce3f920080042b.jpg,7,OR,0.8556997255461922,0.9222394267416645,0.8887610074664908,0.9583387448216253,0.43983355825296205,0.683471847996957,0.9726586914060126
Fazenda-01_MP4-110_jpg.rf.0bb3e6ec65372dd4b0ce3f920080042b.jpg,7,AND,0.0,0.0,0.0,0.0,0.0,0.0,0.8308178710935472
Fazenda-01_MP4-110_jpg.rf.0bb3e6ec65372dd4b0ce3f920080042b.jpg,7,weighted_mean,0.8556997255461922,0.9222394267416645,0.8887610074664908,0.9583387448216253,0.43983355825296205,0.683471847996957,0.9726586914060126
Fazenda-01_MP4-20_jpg.rf.58ab376a22da64bbc802b9ae83ad8c83.jpg,8,OR,0.7011913445166427,0.8243532942684602,0.720467480557066,0.9632458649768915,0.3052248066100662,0.5132583198129118,0.9309887695310227
Fazenda-01_MP4-20_jpg.rf.58ab376a22da64bbc802b9ae83ad8c83.jpg,8,AND,0.0,0.0,0.0,0.0,0.0,0.0,0.8318774414060469
Fazenda-01_MP4-20_jpg.rf.58ab376a22da64bbc802b9ae83ad8c83.jpg,8,weighted_mean,0.7011913445166427,0.8243532942684602,0.720467480557066,0.9632458649768915,0.3052248066100662,0.5132583198129118,0.9309887695310227
Fazenda-01_MP4-21_jpg.rf.51cb93b8f89b3edd6dc7ab91e50f1479.jpg,8,OR,0.7039073381708283,0.8262272512148272,0.7235961265517984,0.9627834689734742,0.3062645723392248,0.5164255662556431,0.9408349609372703
Fazenda-01_MP4-21_jpg.rf.51cb93b8f89b3edd6dc7ab91e50f1479.jpg,8,AND,0.0,0.0,0.0,0.0,0.0,0.0,0.8539086914060415
Fazenda-01_MP4-21_jpg.rf.51cb93b8f89b3edd6dc7ab91e50f1479.jpg,8,weighted_mean,0.7039073381708283,0.8262272512148272,0.7235961265517984,0.9627834689734742,0.3062645723392248,0.5164255662556431,0.9408349609372703
Fazenda-01_MP4-21_jpg.rf.54563b2a9b8698c4cef69ff04c81ffb0.jpg,7,OR,0.8146367636003706,0.8978510520023548,0.8521748891498544,0.9487009659952403,0.36207530970083995,0.563121011750231,0.9578271484372661
Fazenda-01_MP4-21_jpg.rf.54563b2a9b8698c4cef69ff04c81ffb0.jpg,7,AND,0.0,0.0,0.0,0.0,0.0,0.0,0.8046362304685536
Fazenda-01_MP4-21_jpg.rf.54563b2a9b8698c4cef69ff04c81ffb0.jpg,7,weighted_mean,0.8146367636003706,0.8978510520023548,0.8521748891498544,0.9487009659952403,0.36207530970083995,0.563121011750231,0.9578271484372661
Fazenda-01_MP4-27_jpg.rf.2627cd4600804b9c4e4792aaaf6a7490.jpg,5,OR,0.8613010633338751,0.9254828037234912,0.9017880571270178,0.9504563233367405,0.3448400355466984,0.5603266317633249,0.9621679687497651
Fazenda-01_MP4-27_jpg.rf.2627cd4600804b9c4e4792aaaf6a7490.jpg,5,AND,0.0,0.0,0.0,0.0,0.0,0.0,0.7528222656248162
Fazenda-01_MP4-27_jpg.rf.2627cd4600804b9c4e4792aaaf6a7490.jpg,5,weighted_mean,0.8613010633338751,0.9254828037234912,0.9017880571270178,0.9504563233367405,0.3448400355466984,0.5603266317633249,0.9621679687497651
Fazenda-01_MP4-27_jpg.rf.2f288861bef6651cea26991f50b3e8aa.jpg,5,OR,0.6628662893109577,0.7972574747253187,0.6758908056451038,0.9717503015036288,0.30933452434030273,0.5345390350924829,0.9079541015622783
Fazenda-01_MP4-27_jpg.rf.2f288861bef6651cea26991f50b3e8aa.jpg,5,AND,0.0,0.0,0.0,0.0,0.0,0.0,0.8137597656248013
Fazenda-01_MP4-27_jpg.rf.2f288861bef6651cea26991f50b3e8aa.jpg,5,weighted_mean,0.6628662893109577,0.7972574747253187,0.6758908056451038,0.9717503015036288,0.30933452434030273,0.5345390350924829,0.9079541015622783
Fazenda-02_MP4-0_jpg.rf.8672a9fbae79895d2ed9d5cf2b78dcd2.jpg,2,OR,0.5442819647523649,0.7048997232052034,0.5678964046767814,0.9290239999940542,0.11202503352604358,0.18670811804105134,0.9703271484372631
Fazenda-02_MP4-0_jpg.rf.8672a9fbae79895d2ed9d5cf2b78dcd2.jpg,2,AND,0.0,0.0,0.0,0.0,0.0,0.0,0.9618530273435152
Fazenda-02_MP4-0_jpg.rf.8672a9fbae79895d2ed9d5cf2b78dcd2.jpg,2,weighted_mean,0.5442819647523649,0.7048997232052034,0.5678964046767814,0.9290239999940542,0.11202503352604358,0.18670811804105134,0.9703271484372631
IJ_08_25_01_0_0_png_jpg.rf.27cc3da5647ffe59416de61a09d2dc22.jpg,7,OR,0.9166361249203758,0.956505111222879,0.9528908690756333,0.9601468748443135,0.42940941207767397,0.6587652886798151,0.9527978515622674
IJ_08_25_01_0_0_png_jpg.rf.27cc3da5647ffe59416de61a09d2dc22.jpg,7,AND,0.0,0.0,0.0,0.0,0.0,0.0,0.45944091796863784
IJ_08_25_01_0_0_png_jpg.rf.27cc3da5647ffe59416de61a09d2dc22.jpg,7,weighted_mean,0.9166361249203758,0.956505111222879,0.9528908690756333,0.9601468748443135,0.42940941207767397,0.6587652886798151,0.9527978515622674
IJ_08_25_01_0_0_png_jpg.rf.4381f4e77fd3e1d7794abfbcedc53aeb.jpg,5,OR,0.8901944142372004,0.9419077821118669,0.9520383126180358,0.9319905772581804,0.41058586960156335,0.6067439711307606,0.9393554687497707
IJ_08_25_01_0_0_png_jpg.rf.4381f4e77fd3e1d7794abfbcedc53aeb.jpg,5,AND,0.0,0.0,0.0,0.0,0.0,0.0,0.47247802734363464
IJ_08_25_01_0_0_png_jpg.rf.4381f4e77fd3e1d7794abfbcedc53aeb.jpg,5,weighted_mean,0.8901944142372004,0.9419077821118669,0.9520383126180358,0.9319905772581804,0.41058586960156335,0.6067439711307606,0.9393554687497707
IJ_08_25_01_0_0_png_jpg.rf.6bb36472fab1dd7d8218f217bd3ec328.jpg,7,OR,0.8800899348104356,0.936221101464673,0.9355727613730231,0.9368703407619783,0.36093877747260944,0.5731208429782875,0.9352880859372716
IJ_08_25_01_0_0_png_jpg.rf.6bb36472fab1dd7d8218f217bd3ec328.jpg,7,AND,0.0,0.0,0.0,0.0,0.0,0.0,0.49303710937487966
IJ_08_25_01_0_0_png_jpg.rf.6bb36472fab1dd7d8218f217bd3ec328.jpg,7,weighted_mean,0.8800899348104356,0.936221101464673,0.9355727613730231,0.9368703407619783,0.36093877747260944,0.5731208429782875,0.9352880859372716
IJ_08_25_01_0_0_png_jpg.rf.d70554b4cbee89b038df18564675b7d1.jpg,6,OR,0.8750952189920196,0.9333874996091535,0.9356704290240028,0.931115683255432,0.3043177169724376,0.5027369425815947,0.9323461914060224
IJ_08_25_01_0_0_png_jpg.rf.d70554b4cbee89b038df18564675b7d1.jpg,6,AND,0.0,0.0,0.0,0.0,0.0,0.0,0.4909448242186301
IJ_08_25_01_0_0_png_jpg.rf.d70554b4cbee89b038df18564675b7d1.jpg,6,weighted_mean,0.8750952189920196,0.9333874996091535,0.9356704290240028,0.931115683255432,0.3043177169724376,0.5027369425815947,0.9323461914060224
IJ_08_25_01_2560_0_png_jpg.rf.058b1a72369adaceff7f5e8a4bfe0302.jpg,1,OR,0.9421713449229114,0.9702247408663195,0.9658737894711311,0.9746150689193008,0.17544514539484324,0.30591095792099954,0.958720703124766
IJ_08_25_01_2560_0_png_jpg.rf.058b1a72369adaceff7f5e8a4bfe0302.jpg,1,AND,0.9421713449229114,0.9702247408663195,0.9658737894711311,0.9746150689193008,0.17544514539484324,0.30591095792099954,0.958720703124766
IJ_08_25_01_2560_0_png_jpg.rf.058b1a72369adaceff7f5e8a4bfe0302.jpg,1,weighted_mean,0.9421713449229114,0.9702247408663195,0.9658737894711311,0.9746150689193008,0.17544514539484324,0.30591095792099954,0.958720703124766
IJ_08_25_01_2560_0_png_jpg.rf.7182bb3886866793f71cd61b9919ae30.jpg,2,OR,0.9507093303208651,0.9747319249910866,0.9608014475481528,0.9890722960895936,0.3158292406487979,0.49542646332416185,0.958664550781016
IJ_08_25_01_2560_0_png_jpg.rf.7182bb3886866793f71cd61b9919ae30.jpg,2,AND,0.0,0.0,0.0,0.0,0.0031494823038339063,0.0006229004361719062,0.18769531249995416
IJ_08_25_01_2560_0_png_jpg.rf.7182bb3886866793f71cd61b9919ae30.jpg,2,weighted_mean,0.9507093303208651,0.9747319249910866,0.9608014475481528,0.9890722960895936,0.3158292406487979,0.49542646332416185,0.958664550781016
IJ_08_25_01_2560_0_png_jpg.rf.73bab7c56c657a8e2c46ef1563a710bd.jpg,1,OR,0.9465233839929077,0.9725271134953459,0.9710644391724286,0.9739942007970634,0.14215012372785898,0.2605662265892339,0.9599682617185157
IJ_08_25_01_2560_0_png_jpg.rf.73bab7c56c657a8e2c46ef1563a710bd.jpg,1,AND,0.9465233839929077,0.9725271134953459,0.9710644391724286,0.9739942007970634,0.14215012372785898,0.2605662265892339,0.9599682617185157
IJ_08_25_01_2560_0_png_jpg.rf.73bab7c56c657a8e2c46ef1563a710bd.jpg,1,weighted_mean,0.9465233839929077,0.9725271134953459,0.9710644391724286,0.9739942007970634,0.14215012372785898,0.2605662265892339,0.9599682617185157
IJ_08_25_01_2560_0_png_jpg.rf.7aae3e891626cd63fc43cc71d13fa885.jpg,1,OR,0.9458746280638141,0.9721845533337151,0.9749406805959723,0.9694439651164204,0.17968069666117678,0.305377281380903,0.9591870117185158
IJ_08_25_01_2560_0_png_jpg.rf.7aae3e891626cd63fc43cc71d13fa885.jpg,1,AND,0.9458746280638141,0.9721845533337151,0.9749406805959723,0.9694439651164204,0.17968069666117678,0.305377281380903,0.9591870117185158
IJ_08_25_01_2560_0_png_jpg.rf.7aae3e891626cd63fc43cc71d13fa885.jpg,1,weighted_mean,0.9458746280638141,0.9721845533337151,0.9749406805959723,0.9694439651164204,0.17968069666117678,0.305377281380903,0.9591870117185158
IJ_08_25_01_2560_0_png_jpg.rf.aa0447dac89213be5f4543f177f2deb0.jpg,1,OR,0.96863666870289,0.9840685019253579,0.9823999120908323,0.9857427695471114,0.2947511976770474,0.46357673875565697,0.9745581054685121
IJ_08_25_01_2560_0_png_jpg.rf.aa0447dac89213be5f4543f177f2deb0.jpg,1,AND,0.96863666870289,0.9840685019253579,0.9823999120908323,0.9857427695471114,0.2947511976770474,0.46357673875565697,0.9745581054685121
IJ_08_25_01_2560_0_png_jpg.rf.aa0447dac89213be5f4543f177f2deb0.jpg,1,weighted_mean,0.96863666870289,0.9840685019253579,0.9823999120908323,0.9857427695471114,0.2947511976770474,0.46357673875565697,0.9745581054685121
IJ_08_25_01_2560_880_png_jpg.rf.391b1bc8e852c2b0701fd751766a47da.jpg,3,OR,0.7828879966768474,0.878224541458672,0.8387223085771689,0.9216316472277242,0.20635063214343635,0.3515637239133122,0.9042846679685292
IJ_08_25_01_2560_880_png_jpg.rf.391b1bc8e852c2b0701fd751766a47da.jpg,3,AND,0.0,0.0,0.0,0.0,0.0,0.0,0.6255102539060973
IJ_08_25_01_2560_880_png_jpg.rf.391b1bc8e852c2b0701fd751766a47da.jpg,3,weighted_mean,0.7828879966768474,0.878224541458672,0.8387223085771689,0.9216316472277242,0.20635063214343635,0.3515637239133122,0.9042846679685292
IJ_08_25_01_2560_880_png_jpg.rf.6ae57749857a81f3bb3a746889226fb7.jpg,3,OR,0.8718928833046713,0.9315627951588948,0.9298746460831718,0.9332570849122849,0.2984709773275692,0.4714281745899158,0.9432153320310197
IJ_08_25_01_2560_880_png_jpg.rf.6ae57749857a81f3bb3a746889226fb7.jpg,3,AND,0.0,0.0,0.0,0.0,0.0,0.0,0.585886230468607
IJ_08_25_01_2560_880_png_jpg.rf.6ae57749857a81f3bb3a746889226fb7.jpg,3,weighted_mean,0.8718928833046713,0.9315627951588948,0.9298746460831718,0.9332570849122849,0.2984709773275692,0.4714281745899158,0.9432153320310197
IJ_08_25_01_2560_880_png_jpg.rf.c162d17ee5a542617e4d2fdffbbb2aaa.jpg,3,OR,0.7837577772184708,0.8787715319067987,0.8425599943571258,0.9182354485995181,0.19151220878614428,0.33554429601486574,0.9034374999997794
IJ_08_25_01_2560_880_png_jpg.rf.c162d17ee5a542617e4d2fdffbbb2aaa.jpg,3,AND,0.0,0.0,0.0,0.0,0.0,0.0,0.6188500976560989
IJ_08_25_01_2560_880_png_jpg.rf.c162d17ee5a542617e4d2fdffbbb2aaa.jpg,3,weighted_mean,0.7837577772184708,0.8787715319067987,0.8425599943571258,0.9182354485995181,0.19151220878614428,0.33554429601486574,0.9034374999997794
IJ_08_25_01_2560_880_png_jpg.rf.d43be537fb071041751803d37dcff576.jpg,2,OR,0.9012470162148627,0.948058835625819,0.9248604959318529,0.97245088842084,0.3127136285361139,0.510695524233623,0.9531347656247673
IJ_08_25_01_2560_880_png_jpg.rf.d43be537fb071041751803d37dcff576.jpg,2,AND,0.0,0.0,0.0,0.0,0.0,0.0,0.5601782226561133
IJ_08_25_01_2560_880_png_jpg.rf.d43be537fb071041751803d37dcff576.jpg,2,weighted_mean,0.9012470162148627,0.948058835625819,0.9248604959318529,0.97245088842084,0.3127136285361139,0.510695524233623,0.9531347656247673
IJ_08_25_01_2560_880_png_jpg.rf.dac77e1fad5918a3aae0b4ec83949f43.jpg,3,OR,0.9297093451972772,0.9635744859827391,0.9497275052825807,0.9778312174346998,0.502873189629208,0.760911079060759,0.9653247070310144
IJ_08_25_01_2560_880_png_jpg.rf.dac77e1fad5918a3aae0b4ec83949f43.jpg,3,AND,0.0,0.0,0.0,0.0,0.0,0.0,0.5309643554686204
IJ_08_25_01_2560_880_png_jpg.rf.dac77e1fad5918a3aae0b4ec83949f43.jpg,3,weighted_mean,0.9297093451972772,0.9635744859827391,0.9497275052825807,0.9778312174346998,0.502873189629208,0.760911079060759,0.9653247070310144
IJ_08_25_01_2560_880_png_jpg.rf.fc410b4924fbb6f346c919dd8ceb403f.jpg,3,OR,0.7646861980687422,0.8666540248409131,0.7859591396858743,0.9658147955079769,0.1625441696108882,0.28670444690172164,0.896992187499781
IJ_08_25_01_2560_880_png_jpg.rf.fc410b4924fbb6f346c919dd8ceb403f.jpg,3,AND,0.0,0.0,0.0,0.0,0.0,0.0,0.6534130859373405
IJ_08_25_01_2560_880_png_jpg.rf.fc410b4924fbb6f346c919dd8ceb403f.jpg,3,weighted_mean,0.7646861980687422,0.8666540248409131,0.7859591396858743,0.9658147955079769,0.1625441696108882,0.28670444690172164,0.896992187499781
IJ_08_25_02_0_0_png_jpg.rf.5b5028f13fd1065a8b5097b40540e0e0.jpg,5,OR,0.9188803075427205,0.9577255068289487,0.9495973514670054,0.9659940107220056,0.40946422309504926,0.6527199083524663,0.954252929687267
IJ_08_25_02_0_0_png_jpg.rf.5b5028f13fd1065a8b5097b40540e0e0.jpg,5,AND,0.0,0.0,0.0,0.0,0.0,0.0,0.4635595703123868
IJ_08_25_02_0_0_png_jpg.rf.5b5028f13fd1065a8b5097b40540e0e0.jpg,5,weighted_mean,0.9188803075427205,0.9577255068289487,0.9495973514670054,0.9659940107220056,0.40946422309504926,0.6527199083524663,0.954252929687267
IJ_08_25_02_0_0_png_jpg.rf.e06554d7ce9f369d5e05e3e99babaafb.jpg,7,OR,0.9045560246056343,0.9498864962955718,0.9584590852165522,0.9414658967717787,0.4106476305144738,0.6587721690923669,0.9451879882810192
IJ_08_25_02_0_0_png_jpg.rf.e06554d7ce9f369d5e05e3e99babaafb.jpg,7,AND,0.0,0.0,0.0,0.0,0.0,0.0,0.44822998046864054
IJ_08_25_02_0_0_png_jpg.rf.e06554d7ce9f369d5e05e3e99babaafb.jpg,7,weighted_mean,0.9045560246056343,0.9498864962955718,0.9584590852165522,0.9414658967717787,0.4106476305144738,0.6587721690923669,0.9451879882810192
IJ_08_25_02_2560_0_png_jpg.rf.1dfecee1b98b756f9db66a5353be879a.jpg,1,OR,0.9581526215041338,0.9786291538073669,0.9609454945238105,0.9969758565722484,0.2239448206029743,0.3806897078383201,0.9636523437497647
IJ_08_25_02_2560_0_png_jpg.rf.1dfecee1b98b756f9db66a5353be879a.jpg,1,AND,0.9581526215041338,0.9786291538073669,0.9609454945238105,0.9969758565722484,0.2239448206029743,0.3806897078383201,0.9636523437497647
IJ_08_25_02_2560_0_png_jpg.rf.1dfecee1b98b756f9db66a5353be879a.jpg,1,weighted_mean,0.9581526215041338,0.9786291538073669,0.9609454945238105,0.9969758565722484,0.2239448206029743,0.3806897078383201,0.9636523437497647
IJ_08_25_02_2560_0_png_jpg.rf.643dc1f5d7a16929a1d1d6a935be04f9.jpg,1,OR,0.9743316054695376,0.9869989446254355,0.9903607829950672,0.9836598529596267,0.426607094710062,0.687937925828568,0.979157714843511
IJ_08_25_02_2560_0_png_jpg.rf.643dc1f5d7a16929a1d1d6a935be04f9.jpg,1,AND,0.9743316054695376,0.9869989446254355,0.9903607829950672,0.9836598529596267,0.426607094710062,0.687937925828568,0.979157714843511
IJ_08_25_02_2560_0_png_jpg.rf.643dc1f5d7a16929a1d1d6a935be04f9.jpg,1,weighted_mean,0.9743316054695376,0.9869989446254355,0.9903607829950672,0.9836598529596267,0.426607094710062,0.687937925828568,0.979157714843511
IJ_08_25_02_2560_0_png_jpg.rf.6b348e4097bfa6786e08740195efef0e.jpg,1,OR,0.9614942900333572,0.980369195993944,0.9845853590860986,0.976188987601838,0.2165770993365976,0.35816319953800846,0.9694677734372633
IJ_08_25_02_2560_0_png_jpg.rf.6b348e4097bfa6786e08740195efef0e.jpg,1,AND,0.9614942900333572,0.980369195993944,0.9845853590860986,0.976188987601838,0.2165770993365976,0.35816319953800846,0.9694677734372633
IJ_08_25_02_2560_0_png_jpg.rf.6b348e4097bfa6786e08740195efef0e.jpg,1,weighted_mean,0.9614942900333572,0.980369195993944,0.9845853590860986,0.976188987601838,0.2165770993365976,0.35816319953800846,0.9694677734372633
IJ_08_25_02_2560_0_png_jpg.rf.742b0f3edef3cc3715db5e2d8cfee4c2.jpg,1,OR,0.9566352758624198,0.9778370937739194,0.984019672088283,0.971731720443575,0.31593436447163425,0.5138721194937216,0.9664306640622641
IJ_08_25_02_2560_0_png_jpg.rf.742b0f3edef3cc3715db5e2d8cfee4c2.jpg,1,AND,0.9566352758624198,0.9778370937739194,0.984019672088283,0.971731720443575,0.31593436447163425,0.5138721194937216,0.9664306640622641
IJ_08_25_02_2560_0_png_jpg.rf.742b0f3edef3cc3715db5e2d8cfee4c2.jpg,1,weighted_mean,0.9566352758624198,0.9778370937739194,0.984019672088283,0.971731720443575,0.31593436447163425,0.5138721194937216,0.9664306640622641
IJ_08_25_02_2560_0_png_jpg.rf.b48e8a125af97e60029b6ab2fc255412.jpg,1,OR,0.9516510659628665,0.9752266504600401,0.9887972353593846,0.962023517050337,0.20150623136248372,0.3513910874073892,0.9613867187497653
IJ_08_25_02_2560_0_png_jpg.rf.b48e8a125af97e60029b6ab2fc255412.jpg,1,AND,0.9516510659628665,0.9752266504600401,0.9887972353593846,0.962023517050337,0.20150623136248372,0.3513910874073892,0.9613867187497653
IJ_08_25_02_2560_0_png_jpg.rf.b48e8a125af97e60029b6ab2fc255412.jpg,1,weighted_mean,0.9516510659628665,0.9752266504600401,0.9887972353593846,0.962023517050337,0.20150623136248372,0.3513910874073892,0.9613867187497653
IJ_08_25_02_2560_0_png_jpg.rf.f285c7138771cbfbe2f4dcc766424b01.jpg,1,OR,0.9648743640467595,0.9821232153078239,0.9943798163462855,0.9701650820503245,0.23385869298259998,0.4197764338425979,0.9718676757810127
IJ_08_25_02_2560_0_png_jpg.rf.f285c7138771cbfbe2f4dcc766424b01.jpg,1,AND,0.9648743640467595,0.9821232153078239,0.9943798163462855,0.9701650820503245,0.23385869298259998,0.4197764338425979,0.9718676757810127
IJ_08_25_02_2560_0_png_jpg.rf.f285c7138771cbfbe2f4dcc766424b01.jpg,1,weighted_mean,0.9648743640467595,0.9821232153078239,0.9943798163462855,0.9701650820503245,0.23385869298259998,0.4197764338425979,0.9718676757810127
IJ_08_25_02_2560_880_png_jpg.rf.03caa444e77223ee7b485492dfb79e3e.jpg,3,OR,0.8709144366698329,0.931004026266463,0.9237591666612401,0.9383634241610266,0.36370785178037957,0.5757523959240045,0.9429760742185198
IJ_08_25_02_2560_880_png_jpg.rf.03caa444e77223ee7b485492dfb79e3e.jpg,3,AND,0.0,0.0,0.0,0.0,0.0,0.0,0.589999999999856
IJ_08_25_02_2560_880_png_jpg.rf.03caa444e77223ee7b485492dfb79e3e.jpg,3,weighted_mean,0.8709144366698329,0.931004026266463,0.9237591666612401,0.9383634241610266,0.36370785178037957,0.5757523959240045,0.9429760742185198
IJ_08_25_02_2560_880_png_jpg.rf.0ad8e45ce064ef738453af8ab0ebf3b4.jpg,3,OR,0.9200654660758883,0.9583688497416305,0.9431718882889564,0.9740635566191933,0.39130546689902374,0.6265523229549921,0.9656591796872642
IJ_08_25_02_2560_880_png_jpg.rf.0ad8e45ce064ef738453af8ab0ebf3b4.jpg,3,AND,0.0,0.0,0.0,0.0,0.0,0.0,0.5942041015623549
IJ_08_25_02_2560_880_png_jpg.rf.0ad8e45ce064ef738453af8ab0ebf3b4.jpg,3,weighted_mean,0.9200654660758883,0.9583688497416305,0.9431718882889564,0.9740635566191933,0.39130546689902374,0.6265523229549921,0.9656591796872642
IJ_08_25_02_2560_880_png_jpg.rf.76fa55cf91cf51df15906d716a7ffa47.jpg,3,OR,0.8680840404541921,0.9293843549384776,0.9336461502189343,0.9251612903220661,0.31864235055654233,0.5379917644752829,0.9382861328122709
IJ_08_25_02_2560_880_png_jpg.rf.76fa55cf91cf51df15906d716a7ffa47.jpg,3,AND,0.0,0.0,0.0,0.0,0.0,0.0,0.561035156249863
IJ_08_25_02_2560_880_png_jpg.rf.76fa55cf91cf51df15906d716a7ffa47.jpg,3,weighted_mean,0.8680840404541921,0.9293843549384776,0.9336461502189343,0.9251612903220661,0.31864235055654233,0.5379917644752829,0.9382861328122709
IJ_08_25_02_2560_880_png_jpg.rf.b5f859866b3f744aaf5197b7dd6f663a.jpg,3,OR,0.909426355905566,0.9525649974327088,0.9365517788977032,0.9691353315055731,0.36686764562781565,0.5744452750277925,0.9598486328122656
IJ_08_25_02_2560_880_png_jpg.rf.b5f859866b3f744aaf5197b7dd6f663a.jpg,3,AND,0.0,0.0,0.0,0.0,0.0,0.0,0.5840112304686074
IJ_08_25_02_2560_880_png_jpg.rf.b5f859866b3f744aaf5197b7dd6f663a.jpg,3,weighted_mean,0.909426355905566,0.9525649974327088,0.9365517788977032,0.9691353315055731,0.36686764562781565,0.5744452750277925,0.9598486328122656
IJ_08_25_03_0_0_png_jpg.rf.3a8ac078e11903d1eb792255bc92aab7.jpg,5,OR,0.9089531416443842,0.95230534664817,0.9460913941076566,0.9586014656590256,0.43859030215293143,0.6664777708225467,0.9501293945310181
IJ_08_25_03_0_0_png_jpg.rf.3a8ac078e11903d1eb792255bc92aab7.jpg,5,AND,0.0,0.0,0.0,0.0,0.0,0.0,0.4806225585936327
IJ_08_25_03_0_0_png_jpg.rf.3a8ac078e11903d1eb792255bc92aab7.jpg,5,weighted_mean,0.9089531416443842,0.95230534664817,0.9460913941076566,0.9586014656590256,0.43859030215293143,0.6664777708225467,0.9501293945310181
IJ_08_25_03_0_0_png_jpg.rf.fb49abf189e900194f7b3139e57504f4.jpg,5,OR,0.883956802929292,0.9384045340687871,0.9342054459537157,0.9426415409370932,0.4039843297078439,0.624898585575019,0.9348608398435218
IJ_08_25_03_0_0_png_jpg.rf.fb49abf189e900194f7b3139e57504f4.jpg,5,AND,0.0,0.0,0.0,0.0,0.0,0.0,0.4736108398436344
IJ_08_25_03_0_0_png_jpg.rf.fb49abf189e900194f7b3139e57504f4.jpg,5,weighted_mean,0.883956802929292,0.9384045340687871,0.9342054459537157,0.9426415409370932,0.4039843297078439,0.624898585575019,0.9348608398435218
IJ_08_25_03_2560_0_png_jpg.rf.21a110b0b1bd70151ba70a1e296f115d.jpg,1,OR,0.964174905382605,0.9817607411034424,0.9952291305888802,0.9686520184389731,0.19011773788752115,0.3417997371706117,0.9712744140622629
IJ_08_25_03_2560_0_png_jpg.rf.21a110b0b1bd70151ba70a1e296f115d.jpg,1,AND,0.964174905382605,0.9817607411034424,0.9952291305888802,0.9686520184389731,0.19011773788752115,0.3417997371706117,0.9712744140622629
IJ_08_25_03_2560_0_png_jpg.rf.21a110b0b1bd70151ba70a1e296f115d.jpg,1,weighted_mean,0.964174905382605,0.9817607411034424,0.9952291305888802,0.9686520184389731,0.19011773788752115,0.3417997371706117,0.9712744140622629
IJ_08_25_03_2560_0_png_jpg.rf.56f9ff0f57511c6f03bc5c4d160e84f9.jpg,2,OR,0.9061668674677869,0.9507739148478307,0.9590522544746081,0.9426372659878933,0.20215362088889588,0.26947672214733126,0.9241333007810244
IJ_08_25_03_2560_0_png_jpg.rf.56f9ff0f57511c6f03bc5c4d160e84f9.jpg,2,AND,0.0,0.0,0.0,0.0,0.0,0.0,0.22275390624994562
IJ_08_25_03_2560_0_png_jpg.rf.56f9ff0f57511c6f03bc5c4d160e84f9.jpg,2,weighted_mean,0.9061668674677869,0.9507739148478307,0.9590522544746081,0.9426372659878933,0.20215362088889588,0.26947672214733126,0.9241333007810244
IJ_08_25_03_2560_0_png_jpg.rf.72828420bf0c47a0cd40bc77ff0498be.jpg,2,OR,0.907535484705083,0.9515267128521007,0.9683306309722012,0.9352960599053871,0.1868663943102228,0.3229845302950612,0.9231982421872746
IJ_08_25_03_2560_0_png_jpg.rf.72828420bf0c47a0cd40bc77ff0498be.jpg,2,AND,0.0,0.0,0.0,0.0,0.0,0.0,0.19404541015620264
IJ_08_25_03_2560_0_png_jpg.rf.72828420bf0c47a0cd40bc77ff0498be.jpg,2,weighted_mean,0.907535484705083,0.9515267128521007,0.9683306309722012,0.9352960599053871,0.1868663943102228,0.3229845302950612,0.9231982421872746
IJ_08_25_03_2560_0_png_jpg.rf.7c91c28969aa480ae152564200bfd1e7.jpg,1,OR,0.9256836197396819,0.9614077933163474,0.9855951505583007,0.9383791573746125,0.1618303173067715,0.2852734733909578,0.946142578124769
IJ_08_25_03_2560_0_png_jpg.rf.7c91c28969aa480ae152564200bfd1e7.jpg,1,AND,0.9256836197396819,0.9614077933163474,0.9855951505583007,0.9383791573746125,0.1618303173067715,0.2852734733909578,0.946142578124769
IJ_08_25_03_2560_0_png_jpg.rf.7c91c28969aa480ae152564200bfd1e7.jpg,1,weighted_mean,0.9256836197396819,0.9614077933163474,0.9855951505583007,0.9383791573746125,0.1618303173067715,0.2852734733909578,0.946142578124769
IJ_08_25_03_2560_880_png_jpg.rf.a57b18ae2f6beb7ca1d40b5569095100.jpg,2,OR,0.8994255062177531,0.9470500456832778,0.926440427224424,0.9685974913139439,0.30292250819452143,0.5007228506831911,0.9548657226560169
IJ_08_25_03_2560_880_png_jpg.rf.a57b18ae2f6beb7ca1d40b5569095100.jpg,2,AND,0.0,0.0,0.0,0.0,0.0,0.0,0.5832836914061076
IJ_08_25_03_2560_880_png_jpg.rf.a57b18ae2f6beb7ca1d40b5569095100.jpg,2,weighted_mean,0.8994255062177531,0.9470500456832778,0.926440427224424,0.9685974913139439,0.30292250819452143,0.5007228506831911,0.9548657226560169
IJ_08_25_03_2560_880_png_jpg.rf.ab3396cbe3d7dba88a4d4b1da8d460bf.jpg,2,OR,0.8667212265046966,0.9286027438896924,0.895332191085457,0.9644413953877846,0.30622317044879255,0.49254510418904,0.9403613281247705
IJ_08_25_03_2560_880_png_jpg.rf.ab3396cbe3d7dba88a4d4b1da8d460bf.jpg,2,AND,0.0,0.0,0.0,0.0,0.0,0.0,0.597866210937354
IJ_08_25_03_2560_880_png_jpg.rf.ab3396cbe3d7dba88a4d4b1da8d460bf.jpg,2,weighted_mean,0.8667212265046966,0.9286027438896924,0.895332191085457,0.9644413953877846,0.30622317044879255,0.49254510418904,0.9403613281247705
IJ_08_25_04_0_0_png_jpg.rf.0a4f2c6f2503d873c6d4ebb1ec150ef7.jpg,6,OR,0.8895380364304322,0.9415402275901025,0.9488522050534419,0.9343400824149426,0.37701799485796567,0.5888977105845158,0.9428076171872698
IJ_08_25_04_0_0_png_jpg.rf.0a4f2c6f2503d873c6d4ebb1ec150ef7.jpg,6,AND,0.0,0.0,0.0,0.0,0.0,0.0,0.5070703124998762
IJ_08_25_04_0_0_png_jpg.rf.0a4f2c6f2503d873c6d4ebb1ec150ef7.jpg,6,weighted_mean,0.8895380364304322,0.9415402275901025,0.9488522050534419,0.9343400824149426,0.37701799485796567,0.5888977105845158,0.9428076171872698
IJ_08_25_04_0_0_png_jpg.rf.428324a100ecdae05f92c8f11c392f96.jpg,5,OR,0.8747840223147145,0.9332104518734448,0.9390773632132845,0.9274163927628637,0.3563494446105986,0.5943714867882027,0.9311743164060227
IJ_08_25_04_0_0_png_jpg.rf.428324a100ecdae05f92c8f11c392f96.jpg,5,AND,0.0,0.0,0.0,0.0,0.0,0.0,0.48153808593738245
IJ_08_25_04_0_0_png_jpg.rf.428324a100ecdae05f92c8f11c392f96.jpg,5,weighted_mean,0.8747840223147145,0.9332104518734448,0.9390773632132845,0.9274163927628637,0.3563494446105986,0.5943714867882027,0.9311743164060227
IJ_08_25_04_2560_0_png_jpg.rf.0fe7ed7fdab3d6eb4791c553ddf2f48f.jpg,1,OR,0.9506322059047458,0.9746913877737622,0.9723249576749488,0.9770693647399721,0.18175540136084134,0.31314115622718725,0.9641015624997646
IJ_08_25_04_2560_0_png_jpg.rf.0fe7ed7fdab3d6eb4791c553ddf2f48f.jpg,1,AND,0.9506322059047458,0.9746913877737622,0.9723249576749488,0.9770693647399721,0.18175540136084134,0.31314115622718725,0.9641015624997646
IJ_08_25_04_2560_0_png_jpg.rf.0fe7ed7fdab3d6eb4791c553ddf2f48f.jpg,1,weighted_mean,0.9506322059047458,0.9746913877737622,0.9723249576749488,0.9770693647399721,0.18175540136084134,0.31314115622718725,0.9641015624997646
IJ_08_25_04_2560_0_png_jpg.rf.1f78a283c00e4ff663e5b2530cc63c9f.jpg,1,OR,0.944552690108712,0.971485827988447,0.9827432880822283,0.9604833584625236,0.1615306848385759,0.28665941056454963,0.9558129882810167
IJ_08_25_04_2560_0_png_jpg.rf.1f78a283c00e4ff663e5b2530cc63c9f.jpg,1,AND,0.944552690108712,0.971485827988447,0.9827432880822283,0.9604833584625236,0.1615306848385759,0.28665941056454963,0.9558129882810167
IJ_08_25_04_2560_0_png_jpg.rf.1f78a283c00e4ff663e5b2530cc63c9f.jpg,1,weighted_mean,0.944552690108712,0.971485827988447,0.9827432880822283,0.9604833584625236,0.1615306848385759,0.28665941056454963,0.9558129882810167
IJ_08_25_04_2560_0_png_jpg.rf.8041ee4b919c4bd4ae97544c430ce922.jpg,1,OR,0.9583065123053407,0.9787094168187301,0.9879623087535779,0.9696282350803218,0.220333724056332,0.382113882778049,0.9682153320310136
IJ_08_25_04_2560_0_png_jpg.rf.8041ee4b919c4bd4ae97544c430ce922.jpg,1,AND,0.9583065123053407,0.9787094168187301,0.9879623087535779,0.9696282350803218,0.220333724056332,0.382113882778049,0.9682153320310136
IJ_08_25_04_2560_0_png_jpg.rf.8041ee4b919c4bd4ae97544c430ce922.jpg,1,weighted_mean,0.9583065123053407,0.9787094168187301,0.9879623087535779,0.9696282350803218,0.220333724056332,0.382113882778049,0.9682153320310136
IJ_08_25_04_2560_0_png_jpg.rf.88a88dc7794998809fbc237a79033e82.jpg,1,OR,0.9671491684292589,0.9833002844431101,0.9876293089298166,0.9790090447145564,0.19668315391247898,0.36139087540540765,0.9725512695310126
IJ_08_25_04_2560_0_png_jpg.rf.88a88dc7794998809fbc237a79033e82.jpg,1,AND,0.9671491684292589,0.9833002844431101,0.9876293089298166,0.9790090447145564,0.19668315391247898,0.36139087540540765,0.9725512695310126
IJ_08_25_04_2560_0_png_jpg.rf.88a88dc7794998809fbc237a79033e82.jpg,1,weighted_mean,0.9671491684292589,0.9833002844431101,0.9876293089298166,0.9790090447145564,0.19668315391247898,0.36139087540540765,0.9725512695310126
IJ_08_25_05_2560_0_png_jpg.rf.ab049fcb2f03893841145ba07a7bb487.jpg,1,OR,0.962602427087654,0.9809449064180354,0.9842416223873398,0.9776702014140063,0.21314231415754278,0.3833721728243242,0.9692358398435134
IJ_08_25_05_2560_0_png_jpg.rf.ab049fcb2f03893841145ba07a7bb487.jpg,1,AND,0.962602427087654,0.9809449064180354,0.9842416223873398,0.9776702014140063,0.21314231415754278,0.3833721728243242,0.9692358398435134
IJ_08_25_05_2560_0_png_jpg.rf.ab049fcb2f03893841145ba07a7bb487.jpg,1,weighted_mean,0.962602427087654,0.9809449064180354,0.9842416223873398,0.9776702014140063,0.21314231415754278,0.3833721728243242,0.9692358398435134
IJ_08_25_05_2560_880_png_jpg.rf.e4e4c0aedb66042bd2dff34e6ca88741.jpg,4,OR,0.9265620258746371,0.9618813341387112,0.9567932181754724,0.9670238554502668,0.43007825790980875,0.6721868168458869,0.9675024414060138
IJ_08_25_05_2560_880_png_jpg.rf.e4e4c0aedb66042bd2dff34e6ca88741.jpg,4,AND,0.0,0.0,0.0,0.0,0.0,0.0,0.5759985351561093
IJ_08_25_05_2560_880_png_jpg.rf.e4e4c0aedb66042bd2dff34e6ca88741.jpg,4,weighted_mean,0.9265620258746371,0.9618813341387112,0.9567932181754724,0.9670238554502668,0.43007825790980875,0.6721868168458869,0.9675024414060138
IJ_08_25_06_0_0_png_jpg.rf.4c4cc1e77e694a53ddde41c2d33aec93.jpg,4,OR,0.8962447796516211,0.9452838465467307,0.9406555031024834,0.9499579612330084,0.4009931494428921,0.6247877942074407,0.9409228515622703
IJ_08_25_06_0_0_png_jpg.rf.4c4cc1e77e694a53ddde41c2d33aec93.jpg,4,AND,0.0,0.0,0.0,0.0,0.0,0.0,0.462805175781137
IJ_08_25_06_0_0_png_jpg.rf.4c4cc1e77e694a53ddde41c2d33aec93.jpg,4,weighted_mean,0.8962447796516211,0.9452838465467307,0.9406555031024834,0.9499579612330084,0.4009931494428921,0.6247877942074407,0.9409228515622703
IJ_08_25_06_0_0_png_jpg.rf.6a4557d846b09c6ee5c53a9b515eb58e.jpg,3,OR,0.7618764916583611,0.8648466510172311,0.8413560962727851,0.8896865868861134,0.13641401243171844,0.24907960809728483,0.8540917968747915
IJ_08_25_06_0_0_png_jpg.rf.6a4557d846b09c6ee5c53a9b515eb58e.jpg,3,AND,0.0,0.0,0.0,0.0,0.0,0.0,0.475283203124884
IJ_08_25_06_0_0_png_jpg.rf.6a4557d846b09c6ee5c53a9b515eb58e.jpg,3,weighted_mean,0.7618764916583611,0.8648466510172311,0.8413560962727851,0.8896865868861134,0.13641401243171844,0.24907960809728483,0.8540917968747915
IJ_08_25_06_0_0_png_jpg.rf.a083afe27844ef6a7b3a754124a20b9c.jpg,6,OR,0.9104351268484424,0.9531180766659643,0.9566885576714593,0.9495741475259488,0.3983960562266269,0.6373333596942106,0.9480786132810185
IJ_08_25_06_0_0_png_jpg.rf.a083afe27844ef6a7b3a754124a20b9c.jpg,6,AND,0.0,0.0,0.0,0.0,0.0,0.0,0.44418701171864156
IJ_08_25_06_0_0_png_jpg.rf.a083afe27844ef6a7b3a754124a20b9c.jpg,6,weighted_mean,0.9104351268484424,0.9531180766659643,0.9566885576714593,0.9495741475259488,0.3983960562266269,0.6373333596942106,0.9480786132810185
IJ_08_25_06_2560_0_png_jpg.rf.d73501e28032e0097f7301a1816c65e5.jpg,1,OR,0.971591102211787,0.9855908774611819,0.9871007640965552,0.9840856028689781,0.3335700403635313,0.5588158435882495,0.9775537109372613
IJ_08_25_06_2560_0_png_jpg.rf.d73501e28032e0097f7301a1816c65e5.jpg,1,AND,0.971591102211787,0.9855908774611819,0.9871007640965552,0.9840856028689781,0.3335700403635313,0.5588158435882495,0.9775537109372613
IJ_08_25_06_2560_0_png_jpg.rf.d73501e28032e0097f7301a1816c65e5.jpg,1,weighted_mean,0.971591102211787,0.9855908774611819,0.9871007640965552,0.9840856028689781,0.3335700403635313,0.5588158435882495,0.9775537109372613
IJ_08_25_06_2560_0_png_jpg.rf.fedc4cde1f0116c5a54c8f0438f21cc5.jpg,1,OR,0.946698976311443,0.9726197915871151,0.9817629802856307,0.9636453330913838,0.16323741553350832,0.28665091734967413,0.9605297851560155
IJ_08_25_06_2560_0_png_jpg.rf.fedc4cde1f0116c5a54c8f0438f21cc5.jpg,1,AND,0.946698976311443,0.9726197915871151,0.9817629802856307,0.9636453330913838,0.16323741553350832,0.28665091734967413,0.9605297851560155
IJ_08_25_06_2560_0_png_jpg.rf.fedc4cde1f0116c5a54c8f0438f21cc5.jpg,1,weighted_mean,0.946698976311443,0.9726197915871151,0.9817629802856307,0.9636453330913838,0.16323741553350832,0.28665091734967413,0.9605297851560155
IJ_08_25_07_0_0_png_jpg.rf.1f084a52fdca535d54402a948cdd2ea2.jpg,5,OR,0.80395241413522,0.8913233052443008,0.908357142183197,0.8749165580592995,0.23957244495356986,0.4216825353193497,0.8852954101560339
IJ_08_25_07_0_0_png_jpg.rf.1f084a52fdca535d54402a948cdd2ea2.jpg,5,AND,0.0,0.0,0.0,0.0,0.0,0.0,0.4623706054686371
IJ_08_25_07_0_0_png_jpg.rf.1f084a52fdca535d54402a948cdd2ea2.jpg,5,weighted_mean,0.80395241413522,0.8913233052443008,0.908357142183197,0.8749165580592995,0.23957244495356986,0.4216825353193497,0.8852954101560339
IJ_08_25_07_0_0_png_jpg.rf.9f91ea63d2c861ea76ed7c4ed6e8649b.jpg,5,OR,0.8021656885091583,0.8902241271419943,0.8971195833969672,0.8834338623157054,0.2524412116376836,0.4195595698466359,0.880505371093535
IJ_08_25_07_0_0_png_jpg.rf.9f91ea63d2c861ea76ed7c4ed6e8649b.jpg,5,AND,0.0,0.0,0.0,0.0,0.0,0.0,0.45155029296863974
IJ_08_25_07_0_0_png_jpg.rf.9f91ea63d2c861ea76ed7c4ed6e8649b.jpg,5,weighted_mean,0.8021656885091583,0.8902241271419943,0.8971195833969672,0.8834338623157054,0.2524412116376836,0.4195595698466359,0.880505371093535
IJ_08_25_07_2560_880_png_jpg.rf.993ff05296fd84c24faf72d44f9dd56b.jpg,3,OR,0.880112275976915,0.9362337422318086,0.8967186272660962,0.9793919694528816,0.24499474260156434,0.40570425496486895,0.946088867187269
IJ_08_25_07_2560_880_png_jpg.rf.993ff05296fd84c24faf72d44f9dd56b.jpg,3,AND,0.0,0.0,0.0,0.0,0.0,0.0,0.5959033203123545
IJ_08_25_07_2560_880_png_jpg.rf.993ff05296fd84c24faf72d44f9dd56b.jpg,3,weighted_mean,0.880112275976915,0.9362337422318086,0.8967186272660962,0.9793919694528816,0.24499474260156434,0.40570425496486895,0.946088867187269
IJ_08_25_07_2560_880_png_jpg.rf.b2f3cc23dcd0877d38ebcef0633c6f49.jpg,3,OR,0.8598085113476154,0.9246204715178973,0.8974366414600771,0.953502568117749,0.2721143154551276,0.4745772928431868,0.9384423828122709
IJ_08_25_07_2560_880_png_jpg.rf.b2f3cc23dcd0877d38ebcef0633c6f49.jpg,3,AND,0.0,0.0,0.0,0.0,0.0,0.0,0.6040502929686026
IJ_08_25_07_2560_880_png_jpg.rf.b2f3cc23dcd0877d38ebcef0633c6f49.jpg,3,weighted_mean,0.8598085113476154,0.9246204715178973,0.8974366414600771,0.953502568117749,0.2721143154551276,0.4745772928431868,0.9384423828122709
IJ_08_25_08_0_0_png_jpg.rf.a25d783819b573de77fdf9d6d7f0954d.jpg,6,OR,0.7730872349929774,0.8720239136976691,0.8737467734087419,0.8703078349080453,0.22797147669002765,0.3844288974813565,0.8661059570310385
IJ_08_25_08_0_0_png_jpg.rf.a25d783819b573de77fdf9d6d7f0954d.jpg,6,AND,0.0,0.0,0.0,0.0,0.0,0.0,0.4758471679686338
IJ_08_25_08_0_0_png_jpg.rf.a25d783819b573de77fdf9d6d7f0954d.jpg,6,weighted_mean,0.7730872349929774,0.8720239136976691,0.8737467734087419,0.8703078349080453,0.22797147669002765,0.3844288974813565,0.8661059570310385
IJ_08_25_17_2560_880_png_jpg.rf.23af08089c54c37d63c943caa69829cb.jpg,4,OR,0.9208057120066037,0.9587702767133774,0.950003535362664,0.9677003260735122,0.4712668580391289,0.7141501875687062,0.9689672851560134
IJ_08_25_17_2560_880_png_jpg.rf.23af08089c54c37d63c943caa69829cb.jpg,4,AND,0.0,0.0,0.0,0.0,0.0,0.0,0.6271337890623468
IJ_08_25_17_2560_880_png_jpg.rf.23af08089c54c37d63c943caa69829cb.jpg,4,weighted_mean,0.9208057120066037,0.9587702767133774,0.950003535362664,0.9677003260735122,0.4712668580391289,0.7141501875687062,0.9689672851560134
IJ_08_25_17_2560_880_png_jpg.rf.356e8888bdae0a0b3e4a12069d72d2ca.jpg,3,OR,0.8779514804245444,0.9350097588528409,0.9327601217505903,0.9372702735687876,0.24897184435244696,0.430721786791769,0.9530932617185173
IJ_08_25_17_2560_880_png_jpg.rf.356e8888bdae0a0b3e4a12069d72d2ca.jpg,3,AND,0.0,0.0,0.0,0.0,0.0,0.0,0.6399951171873437
IJ_08_25_17_2560_880_png_jpg.rf.356e8888bdae0a0b3e4a12069d72d2ca.jpg,3,weighted_mean,0.8779514804245444,0.9350097588528409,0.9327601217505903,0.9372702735687876,0.24897184435244696,0.430721786791769,0.9530932617185173
IJ_08_25_18_0_0_png_jpg.rf.1d0e6e9e3a7ad0c05126f8222364aef3.jpg,3,OR,0.9062723542899902,0.9508319755573859,0.9479380373335451,0.9537436375641325,0.323715058610727,0.5004694330626317,0.9504174804685179
IJ_08_25_18_0_0_png_jpg.rf.1d0e6e9e3a7ad0c05126f8222364aef3.jpg,3,AND,0.0,0.0,0.0,0.0,0.0,0.0,0.4973242187498786
IJ_08_25_18_0_0_png_jpg.rf.1d0e6e9e3a7ad0c05126f8222364aef3.jpg,3,weighted_mean,0.9062723542899902,0.9508319755573859,0.9479380373335451,0.9537436375641325,0.323715058610727,0.5004694330626317,0.9504174804685179
IJ_08_25_18_0_0_png_jpg.rf.e56695dd9d98d8b552587626b2370ab1.jpg,3,OR,0.8774265184481864,0.9347119685658172,0.9405559963877835,0.9289401145817889,0.2572258052656832,0.3911412026032959,0.929658203124773
IJ_08_25_18_0_0_png_jpg.rf.e56695dd9d98d8b552587626b2370ab1.jpg,3,AND,0.0,0.0,0.0,0.0,0.0,0.0,0.4579492187498882
IJ_08_25_18_0_0_png_jpg.rf.e56695dd9d98d8b552587626b2370ab1.jpg,3,weighted_mean,0.8774265184481864,0.9347119685658172,0.9405559963877835,0.9289401145817889,0.2572258052656832,0.3911412026032959,0.929658203124773
IJ_08_25_18_0_0_png_jpg.rf.efef812bc77caccab61e9e1bbceca577.jpg,3,OR,0.9294131804846947,0.9634153947794775,0.9625682025901001,0.9642640795730166,0.41304835061754913,0.6313994969572223,0.9613354492185153
IJ_08_25_18_0_0_png_jpg.rf.efef812bc77caccab61e9e1bbceca577.jpg,3,AND,0.0,0.0,0.0,0.0,0.0,0.0,0.47203857421863477
IJ_08_25_18_0_0_png_jpg.rf.efef812bc77caccab61e9e1bbceca577.jpg,3,weighted_mean,0.9294131804846947,0.9634153947794775,0.9625682025901001,0.9642640795730166,0.41304835061754913,0.6313994969572223,0.9613354492185153
IJ_08_25_18_2560_0_png_jpg.rf.552d3634635e88adefb3b6d5f7a3c36f.jpg,1,OR,0.9520485374973565,0.9754353124005205,0.9865477526498199,0.964570424031176,0.18917758922318603,0.3335586624167017,0.9592480468747658
IJ_08_25_18_2560_0_png_jpg.rf.552d3634635e88adefb3b6d5f7a3c36f.jpg,1,AND,0.9520485374973565,0.9754353124005205,0.9865477526498199,0.964570424031176,0.18917758922318603,0.3335586624167017,0.9592480468747658
IJ_08_25_18_2560_0_png_jpg.rf.552d3634635e88adefb3b6d5f7a3c36f.jpg,1,weighted_mean,0.9520485374973565,0.9754353124005205,0.9865477526498199,0.964570424031176,0.18917758922318603,0.3335586624167017,0.9592480468747658
IJ_08_25_18_2560_880_png_jpg.rf.7239ad6f78c678e5ce973f264f27c760.jpg,3,OR,0.8818212688474869,0.9371998111037978,0.9275031916826801,0.9471013199443256,0.36156478268167647,0.5511993620679416,0.9600659179685156
IJ_08_25_18_2560_880_png_jpg.rf.7239ad6f78c678e5ce973f264f27c760.jpg,3,AND,0.0,0.0,0.0,0.0,0.0,0.0,0.6853784179685827
IJ_08_25_18_2560_880_png_jpg.rf.7239ad6f78c678e5ce973f264f27c760.jpg,3,weighted_mean,0.8818212688474869,0.9371998111037978,0.9275031916826801,0.9471013199443256,0.36156478268167647,0.5511993620679416,0.9600659179685156
IJ_08_25_19_0_0_png_jpg.rf.97bea0e4bd15653e4d53140b58833fbe.jpg,4,OR,0.7940771814909625,0.8852207582630832,0.9062775452399867,0.8651202354127246,0.17854643238630688,0.3063150274198613,0.880876464843535
IJ_08_25_19_0_0_png_jpg.rf.97bea0e4bd15653e4d53140b58833fbe.jpg,4,AND,0.0,0.0,0.0,0.0,0.0,0.0,0.4690185546873855
IJ_08_25_19_0_0_png_jpg.rf.97bea0e4bd15653e4d53140b58833fbe.jpg,4,weighted_mean,0.7940771814909625,0.8852207582630832,0.9062775452399867,0.8651202354127246,0.17854643238630688,0.3063150274198613,0.880876464843535
IJ_08_25_19_2560_0_png_jpg.rf.596f3c4f2561be07dc4d3bb8dea5495c.jpg,1,OR,0.9689079185631949,0.9842084634107752,0.9898374124298959,0.9786431731311568,0.33425475453216036,0.6041347631568914,0.9775732421872614
IJ_08_25_19_2560_0_png_jpg.rf.596f3c4f2561be07dc4d3bb8dea5495c.jpg,1,AND,0.9689079185631949,0.9842084634107752,0.9898374124298959,0.9786431731311568,0.33425475453216036,0.6041347631568914,0.9775732421872614
IJ_08_25_19_2560_0_png_jpg.rf.596f3c4f2561be07dc4d3bb8dea5495c.jpg,1,weighted_mean,0.9689079185631949,0.9842084634107752,0.9898374124298959,0.9786431731311568,0.33425475453216036,0.6041347631568914,0.9775732421872614
IJ_08_25_19_2560_0_png_jpg.rf.6bcf49045aa15683d9bec1b3ad8b7493.jpg,1,OR,0.9610221290124036,0.9801236965096226,0.9930892736701988,0.9674923082669101,0.18666995803413147,0.34593146741821035,0.9692358398435134
IJ_08_25_19_2560_0_png_jpg.rf.6bcf49045aa15683d9bec1b3ad8b7493.jpg,1,AND,0.9610221290124036,0.9801236965096226,0.9930892736701988,0.9674923082669101,0.18666995803413147,0.34593146741821035,0.9692358398435134
IJ_08_25_19_2560_0_png_jpg.rf.6bcf49045aa15683d9bec1b3ad8b7493.jpg,1,weighted_mean,0.9610221290124036,0.9801236965096226,0.9930892736701988,0.9674923082669101,0.18666995803413147,0.34593146741821035,0.9692358398435134
IJ_08_25_19_2560_0_png_jpg.rf.c124534f81a8bd6d515b9cb410007f42.jpg,1,OR,0.9725500208611831,0.9860840136632719,0.9860186439123219,0.9861493920820787,0.4407894736826922,0.7103961947345593,0.9784765624997611
IJ_08_25_19_2560_0_png_jpg.rf.c124534f81a8bd6d515b9cb410007f42.jpg,1,AND,0.9725500208611831,0.9860840136632719,0.9860186439123219,0.9861493920820787,0.4407894736826922,0.7103961947345593,0.9784765624997611
IJ_08_25_19_2560_0_png_jpg.rf.c124534f81a8bd6d515b9cb410007f42.jpg,1,weighted_mean,0.9725500208611831,0.9860840136632719,0.9860186439123219,0.9861493920820787,0.4407894736826922,0.7103961947345593,0.9784765624997611
IJ_08_25_19_2560_0_png_jpg.rf.ccd599d5853672a68af79321ecff9e51.jpg,1,OR,0.96316702225266,0.9812379806048924,0.9856107868783471,0.9769038041323582,0.1921694915247723,0.3236029612146226,0.9698217773435133
IJ_08_25_19_2560_0_png_jpg.rf.ccd599d5853672a68af79321ecff9e51.jpg,1,AND,0.96316702225266,0.9812379806048924,0.9856107868783471,0.9769038041323582,0.1921694915247723,0.3236029612146226,0.9698217773435133
IJ_08_25_19_2560_0_png_jpg.rf.ccd599d5853672a68af79321ecff9e51.jpg,1,weighted_mean,0.96316702225266,0.9812379806048924,0.9856107868783471,0.9769038041323582,0.1921694915247723,0.3236029612146226,0.9698217773435133
IJ_08_25_19_2560_880_png_jpg.rf.5ec11178c2dff9f756b8789157f10d22.jpg,2,OR,0.8882492128252639,0.9408177763741626,0.9551619818477783,0.9268980266349588,0.31785549458920603,0.5213579450120999,0.9560693359372666
IJ_08_25_19_2560_880_png_jpg.rf.5ec11178c2dff9f756b8789157f10d22.jpg,2,AND,0.0,0.0,0.0,0.0,0.0,0.0,0.6232788085935979
IJ_08_25_19_2560_880_png_jpg.rf.5ec11178c2dff9f756b8789157f10d22.jpg,2,weighted_mean,0.8882492128252639,0.9408177763741626,0.9551619818477783,0.9268980266349588,0.31785549458920603,0.5213579450120999,0.9560693359372666
IJ_08_25_19_2560_880_png_jpg.rf.7cc763b31fff1abd649d9e7840c08f39.jpg,4,OR,0.9428915783025823,0.9706064803949015,0.9658103803389116,0.975450451904867,0.5042703500619352,0.7330846390264677,0.9776733398435113
IJ_08_25_19_2560_880_png_jpg.rf.7cc763b31fff1abd649d9e7840c08f39.jpg,4,AND,0.0,0.0,0.0,0.0,0.0,0.0,0.6220971679685982
IJ_08_25_19_2560_880_png_jpg.rf.7cc763b31fff1abd649d9e7840c08f39.jpg,4,weighted_mean,0.9428915783025823,0.9706064803949015,0.9658103803389116,0.975450451904867,0.5042703500619352,0.7330846390264677,0.9776733398435113
IJ_08_25_19_2560_880_png_jpg.rf.8e2a16e8b5a928dcef4f58bb9f0cb182.jpg,4,OR,0.9229138677409029,0.9599118121969445,0.9533516727518051,0.9665628595721606,0.41725200869064316,0.6430911125814119,0.9684814453122635
IJ_08_25_19_2560_880_png_jpg.rf.8e2a16e8b5a928dcef4f58bb9f0cb182.jpg,4,AND,0.0,0.0,0.0,0.0,0.0,0.0,0.6095898437498511
IJ_08_25_19_2560_880_png_jpg.rf.8e2a16e8b5a928dcef4f58bb9f0cb182.jpg,4,weighted_mean,0.9229138677409029,0.9599118121969445,0.9533516727518051,0.9665628595721606,0.41725200869064316,0.6430911125814119,0.9684814453122635
IJ_08_25_19_2560_880_png_jpg.rf.9a410870d2de8c762a4aaf5bf19a5bd4.jpg,4,OR,0.9042948934725483,0.9497424968918915,0.9480339568376887,0.9514572063013044,0.3488738895452674,0.5288499084776965,0.9626904296872649
IJ_08_25_19_2560_880_png_jpg.rf.9a410870d2de8c762a4aaf5bf19a5bd4.jpg,4,AND,0.0,0.0,0.0,0.0,0.0,0.0,0.6294848632810963
IJ_08_25_19_2560_880_png_jpg.rf.9a410870d2de8c762a4aaf5bf19a5bd4.jpg,4,weighted_mean,0.9042948934725483,0.9497424968918915,0.9480339568376887,0.9514572063013044,0.3488738895452674,0.5288499084776965,0.9626904296872649
IJ_08_25_19_2560_880_png_jpg.rf.dd34af87cc1722b0b8bef91c15cc9b0b.jpg,4,OR,0.9140375474865093,0.9550884189150962,0.9543168482810632,0.9558612381966345,0.36877908212587385,0.5963144344897799,0.9639257812497647
IJ_08_25_19_2560_880_png_jpg.rf.dd34af87cc1722b0b8bef91c15cc9b0b.jpg,4,AND,0.0,0.0,0.0,0.0,0.0,0.0,0.5987109374998538
IJ_08_25_19_2560_880_png_jpg.rf.dd34af87cc1722b0b8bef91c15cc9b0b.jpg,4,weighted_mean,0.9140375474865093,0.9550884189150962,0.9543168482810632,0.9558612381966345,0.36877908212587385,0.5963144344897799,0.9639257812497647
IJ_08_25_20_0_0_png_jpg.rf.98ddfea3986fc897f09b0d90ee452239.jpg,3,OR,0.9379329137508623,0.9679725310361714,0.9716083444874061,0.9643638269793013,0.44410552349455046,0.7039334130699777,0.9655224609372642
IJ_08_25_20_0_0_png_jpg.rf.98ddfea3986fc897f09b0d90ee452239.jpg,3,AND,0.0,0.0,0.0,0.0,0.0,0.0,0.45973632812488774
IJ_08_25_20_0_0_png_jpg.rf.98ddfea3986fc897f09b0d90ee452239.jpg,3,weighted_mean,0.9379329137508623,0.9679725310361714,0.9716083444874061,0.9643638269793013,0.44410552349455046,0.7039334130699777,0.9655224609372642
IJ_08_25_20_0_0_png_jpg.rf.b00520d65328f7ff1b22f88152890e24.jpg,3,OR,0.9382276011876853,0.9681294401264008,0.970981047067608,0.9652945335122967,0.4539914431796849,0.6716628152347971,0.9659814453122642
IJ_08_25_20_0_0_png_jpg.rf.b00520d65328f7ff1b22f88152890e24.jpg,3,AND,0.0,0.0,0.0,0.0,0.0,0.0,0.4647338867186365
IJ_08_25_20_0_0_png_jpg.rf.b00520d65328f7ff1b22f88152890e24.jpg,3,weighted_mean,0.9382276011876853,0.9681294401264008,0.970981047067608,0.9652945335122967,0.4539914431796849,0.6716628152347971,0.9659814453122642
IJ_08_25_20_0_0_png_jpg.rf.eb5b2cf2f84852e600a9148bab47d9d7.jpg,3,OR,0.8909696716933307,0.9423415774780595,0.9318818215499163,0.9530388065424507,0.24653529033341806,0.4211787237605917,0.9406420898435204
IJ_08_25_20_0_0_png_jpg.rf.eb5b2cf2f84852e600a9148bab47d9d7.jpg,3,AND,0.0,0.0,0.0,0.0,0.0,0.0,0.49104003906238014
IJ_08_25_20_0_0_png_jpg.rf.eb5b2cf2f84852e600a9148bab47d9d7.jpg,3,weighted_mean,0.8909696716933307,0.9423415774780595,0.9318818215499163,0.9530388065424507,0.24653529033341806,0.4211787237605917,0.9406420898435204
IJ_08_25_20_0_0_png_jpg.rf.ed3eeae762eb8dc1b090e3c8f677c09f.jpg,3,OR,0.9349817791585169,0.96639853587161,0.9637239313280499,0.9690880272873613,0.44445137027479387,0.6626672133894072,0.9644995117185146
IJ_08_25_20_0_0_png_jpg.rf.ed3eeae762eb8dc1b090e3c8f677c09f.jpg,3,AND,0.0,0.0,0.0,0.0,0.0,0.0,0.4732080078123845
IJ_08_25_20_0_0_png_jpg.rf.ed3eeae762eb8dc1b090e3c8f677c09f.jpg,3,weighted_mean,0.9349817791585169,0.96639853587161,0.9637239313280499,0.9690880272873613,0.44445137027479387,0.6626672133894072,0.9644995117185146
IJ_08_25_20_0_0_png_jpg.rf.f0614a1b1c6e68d2115611eab11a1445.jpg,3,OR,0.9378446115283947,0.9679255043970822,0.9681941563049672,0.9676570015370012,0.4657187735858801,0.670695184287877,0.9666992187497639
IJ_08_25_20_0_0_png_jpg.rf.f0614a1b1c6e68d2115611eab11a1445.jpg,3,AND,0.0,0.0,0.0,0.0,0.0,0.0,0.4807397460936326
IJ_08_25_20_0_0_png_jpg.rf.f0614a1b1c6e68d2115611eab11a1445.jpg,3,weighted_mean,0.9378446115283947,0.9679255043970822,0.9681941563049672,0.9676570015370012,0.4657187735858801,0.670695184287877,0.9666992187497639
IJ_08_25_20_2560_0_png_jpg.rf.5e4d80bde523a327e8aaa05ee6d21734.jpg,1,OR,0.9696111269302102,0.9845711304864767,0.9795431157451047,0.9896510293537467,0.3221405368428034,0.5060088036865947,0.974726562499762
IJ_08_25_20_2560_0_png_jpg.rf.5e4d80bde523a327e8aaa05ee6d21734.jpg,1,AND,0.9696111269302102,0.9845711304864767,0.9795431157451047,0.9896510293537467,0.3221405368428034,0.5060088036865947,0.974726562499762
IJ_08_25_20_2560_0_png_jpg.rf.5e4d80bde523a327e8aaa05ee6d21734.jpg,1,weighted_mean,0.9696111269302102,0.9845711304864767,0.9795431157451047,0.9896510293537467,0.3221405368428034,0.5060088036865947,0.974726562499762
IJ_08_25_20_2560_0_png_jpg.rf.9c5138ff7cc44748efaa6a9c865378d4.jpg,1,OR,0.9562056649938963,0.9776126121144627,0.9854332764458514,0.969915104184317,0.16480557015184968,0.27538383759264795,0.9653930664060143
IJ_08_25_20_2560_0_png_jpg.rf.9c5138ff7cc44748efaa6a9c865378d4.jpg,1,AND,0.9562056649938963,0.9776126121144627,0.9854332764458514,0.969915104184317,0.16480557015184968,0.27538383759264795,0.9653930664060143
IJ_08_25_20_2560_0_png_jpg.rf.9c5138ff7cc44748efaa6a9c865378d4.jpg,1,weighted_mean,0.9562056649938963,0.9776126121144627,0.9854332764458514,0.969915104184317,0.16480557015184968,0.27538383759264795,0.9653930664060143
IJ_08_25_20_2560_0_png_jpg.rf.b74c65ac0ce479c973d2b2cfb0ed7554.jpg,2,OR,0.9438499783827838,0.9711140148459754,0.9593934312475543,0.9831245130074029,0.24865121242589477,0.43369687238680554,0.9518041992185177
IJ_08_25_20_2560_0_png_jpg.rf.b74c65ac0ce479c973d2b2cfb0ed7554.jpg,2,AND,0.0,0.0,0.0,0.0,0.0,0.0,0.17594970703120705
IJ_08_25_20_2560_0_png_jpg.rf.b74c65ac0ce479c973d2b2cfb0ed7554.jpg,2,weighted_mean,0.9438499783827838,0.9711140148459754,0.9593934312475543,0.9831245130074029,0.24865121242589477,0.43369687238680554,0.9518041992185177
IJ_08_25_20_2560_880_png_jpg.rf.297f1db3a9d87591e2dda4fde3da2841.jpg,4,OR,0.942852039845741,0.9705855314855595,0.9732668026614409,0.967918993091128,0.543182056386796,0.7788827519656574,0.9757836914060117
IJ_08_25_20_2560_880_png_jpg.rf.297f1db3a9d87591e2dda4fde3da2841.jpg,4,AND,0.0,0.0,0.0,0.0,0.0,0.0,0.5872265624998566
IJ_08_25_20_2560_880_png_jpg.rf.297f1db3a9d87591e2dda4fde3da2841.jpg,4,weighted_mean,0.942852039845741,0.9705855314855595,0.9732668026614409,0.967918993091128,0.543182056386796,0.7788827519656574,0.9757836914060117
IJ_08_25_20_2560_880_png_jpg.rf.93077a98bd91b99323e8ed704e3c22ea.jpg,4,OR,0.9005724392114781,0.9476854663693992,0.9385680415918429,0.9569817654900384,0.3881689869444863,0.6057239682502897,0.9640405273435146
IJ_08_25_20_2560_880_png_jpg.rf.93077a98bd91b99323e8ed704e3c22ea.jpg,4,AND,0.0,0.0,0.0,0.0,0.0,0.0,0.6596533203123389
IJ_08_25_20_2560_880_png_jpg.rf.93077a98bd91b99323e8ed704e3c22ea.jpg,4,weighted_mean,0.9005724392114781,0.9476854663693992,0.9385680415918429,0.9569817654900384,0.3881689869444863,0.6057239682502897,0.9640405273435146
IJ_08_25_20_2560_880_png_jpg.rf.d0041703b3b0e1c338edcaeea2d49c60.jpg,3,OR,0.880083884919798,0.936217678348263,0.926938023288081,0.9456850110904929,0.3548947356059922,0.5684056982196696,0.9553271484372667
IJ_08_25_20_2560_880_png_jpg.rf.d0041703b3b0e1c338edcaeea2d49c60.jpg,3,AND,0.0,0.0,0.0,0.0,0.0,0.0,0.6533081054685905
IJ_08_25_20_2560_880_png_jpg.rf.d0041703b3b0e1c338edcaeea2d49c60.jpg,3,weighted_mean,0.880083884919798,0.936217678348263,0.926938023288081,0.9456850110904929,0.3548947356059922,0.5684056982196696,0.9553271484372667
IJ_08_25_20_2560_880_png_jpg.rf.ea9a28331cb61c25365bb4e8f63609b4.jpg,3,OR,0.8619599745863549,0.9258630543632864,0.9082981857125692,0.9441206659583653,0.24580085089578782,0.3937534389406142,0.9575634765622663
IJ_08_25_20_2560_880_png_jpg.rf.ea9a28331cb61c25365bb4e8f63609b4.jpg,3,AND,0.0,0.0,0.0,0.0,0.0,0.0,0.7193310546873244
IJ_08_25_20_2560_880_png_jpg.rf.ea9a28331cb61c25365bb4e8f63609b4.jpg,3,weighted_mean,0.8619599745863549,0.9258630543632864,0.9082981857125692,0.9441206659583653,0.24580085089578782,0.3937534389406142,0.9575634765622663
IJ_08_25_21_0_0_png_jpg.rf.5e777fcd92b248c6fc079a18ccaf2397.jpg,3,OR,0.6742053981230813,0.8054034455735476,0.7854056889980221,0.826446161969744,0.1467103604736632,0.25447033569680166,0.7968969726560554
IJ_08_25_21_0_0_png_jpg.rf.5e777fcd92b248c6fc079a18ccaf2397.jpg,3,AND,0.0,0.0,0.0,0.0,0.0,0.0,0.49143066406238
IJ_08_25_21_0_0_png_jpg.rf.5e777fcd92b248c6fc079a18ccaf2397.jpg,3,weighted_mean,0.6742053981230813,0.8054034455735476,0.7854056889980221,0.826446161969744,0.1467103604736632,0.25447033569680166,0.7968969726560554
IJ_08_25_21_0_0_png_jpg.rf.6f4f7ffaca9de7f72ca7cd001a313c7d.jpg,3,OR,0.9291310034645452,0.9632637719220828,0.9579356780205837,0.9686514676677741,0.39351093604147713,0.5927961377905864,0.9622998046872651
IJ_08_25_21_0_0_png_jpg.rf.6f4f7ffaca9de7f72ca7cd001a313c7d.jpg,3,AND,0.0,0.0,0.0,0.0,0.0,0.0,0.48973388671863044
IJ_08_25_21_0_0_png_jpg.rf.6f4f7ffaca9de7f72ca7cd001a313c7d.jpg,3,weighted_mean,0.9291310034645452,0.9632637719220828,0.9579356780205837,0.9686514676677741,0.39351093604147713,0.5927961377905864,0.9622998046872651
IJ_08_25_21_2560_0_png_jpg.rf.ffea363b63767e66e2956b7ae2238524.jpg,1,OR,0.9602558854900151,0.9797250375299601,0.9944827851976163,0.9653988839352292,0.18626260172363499,0.35116619925775877,0.9687084960935135
IJ_08_25_21_2560_0_png_jpg.rf.ffea363b63767e66e2956b7ae2238524.jpg,1,AND,0.9602558854900151,0.9797250375299601,0.9944827851976163,0.9653988839352292,0.18626260172363499,0.35116619925775877,0.9687084960935135
IJ_08_25_21_2560_0_png_jpg.rf.ffea363b63767e66e2956b7ae2238524.jpg,1,weighted_mean,0.9602558854900151,0.9797250375299601,0.9944827851976163,0.9653988839352292,0.18626260172363499,0.35116619925775877,0.9687084960935135
IJ_08_25_21_2560_880_png_jpg.rf.435a1c17dd75d6405e584feff5b0945d.jpg,3,OR,0.936341672043357,0.9671244342484937,0.9666824178285344,0.9675668550774444,0.5318029115326657,0.7487161667424919,0.9792871093747609
IJ_08_25_21_2560_880_png_jpg.rf.435a1c17dd75d6405e584feff5b0945d.jpg,3,AND,0.0,0.0,0.0,0.0,0.0,0.0,0.6851245117185827
IJ_08_25_21_2560_880_png_jpg.rf.435a1c17dd75d6405e584feff5b0945d.jpg,3,weighted_mean,0.936341672043357,0.9671244342484937,0.9666824178285344,0.9675668550774444,0.5318029115326657,0.7487161667424919,0.9792871093747609
IJ_08_25_21_2560_880_png_jpg.rf.5df1a9d3f30d6da29ae99d052183b774.jpg,4,OR,0.9420481254794268,0.9701594034873534,0.967773361622707,0.9725572399869228,0.48341257689181666,0.7260218281982889,0.9756811523435118
IJ_08_25_21_2560_880_png_jpg.rf.5df1a9d3f30d6da29ae99d052183b774.jpg,4,AND,0.0,0.0,0.0,0.0,0.0,0.0,0.5935253906248551
IJ_08_25_21_2560_880_png_jpg.rf.5df1a9d3f30d6da29ae99d052183b774.jpg,4,weighted_mean,0.9420481254794268,0.9701594034873534,0.967773361622707,0.9725572399869228,0.48341257689181666,0.7260218281982889,0.9756811523435118
IJ_08_25_22_0_0_png_jpg.rf.7421f54971399c0e1fe2d27cf60f9f5d.jpg,3,OR,0.9050778709253698,0.9501741474596402,0.9436300018361721,0.9568096952560109,0.28324354975842836,0.4430314137058674,0.9486938476560184
IJ_08_25_22_0_0_png_jpg.rf.7421f54971399c0e1fe2d27cf60f9f5d.jpg,3,AND,0.0,0.0,0.0,0.0,0.0,0.0,0.4887158203123807
IJ_08_25_22_0_0_png_jpg.rf.7421f54971399c0e1fe2d27cf60f9f5d.jpg,3,weighted_mean,0.9050778709253698,0.9501741474596402,0.9436300018361721,0.9568096952560109,0.28324354975842836,0.4430314137058674,0.9486938476560184
IJ_08_25_22_0_0_png_jpg.rf.bd9095901635836c26e3452453fbde45.jpg,3,OR,0.9242426887056002,0.9606300641083063,0.9612164228885001,0.9600444202697126,0.3369428559834186,0.5470612493248389,0.9576147460935162
IJ_08_25_22_0_0_png_jpg.rf.bd9095901635836c26e3452453fbde45.jpg,3,AND,0.0,0.0,0.0,0.0,0.0,0.0,0.46137695312488736
IJ_08_25_22_0_0_png_jpg.rf.bd9095901635836c26e3452453fbde45.jpg,3,weighted_mean,0.9242426887056002,0.9606300641083063,0.9612164228885001,0.9600444202697126,0.3369428559834186,0.5470612493248389,0.9576147460935162
IJ_08_25_22_0_0_png_jpg.rf.d9471994d0a94aff894e4a78ef84f0d9.jpg,3,OR,0.9386860616997537,0.9683734568935369,0.9685360557006432,0.968210912671336,0.4352700046002525,0.6442788108428354,0.9655053710935143
IJ_08_25_22_0_0_png_jpg.rf.d9471994d0a94aff894e4a78ef84f0d9.jpg,3,AND,0.0,0.0,0.0,0.0,0.0,0.0,0.454565429687389
IJ_08_25_22_0_0_png_jpg.rf.d9471994d0a94aff894e4a78ef84f0d9.jpg,3,weighted_mean,0.9386860616997537,0.9683734568935369,0.9685360557006432,0.968210912671336,0.4352700046002525,0.6442788108428354,0.9655053710935143
IJ_08_25_22_2560_0_png_jpg.rf.38e695a3e3996a03ebe4a704e6ce0f0f.jpg,1,OR,0.8992838756611515,0.9469715266740795,0.9750710423019369,0.9204461855913991,0.18348374633973172,0.32788010796911865,0.9158422851560264
IJ_08_25_22_2560_0_png_jpg.rf.38e695a3e3996a03ebe4a704e6ce0f0f.jpg,1,AND,0.8992838756611515,0.9469715266740795,0.9750710423019369,0.9204461855913991,0.18348374633973172,0.32788010796911865,0.9158422851560264
IJ_08_25_22_2560_0_png_jpg.rf.38e695a3e3996a03ebe4a704e6ce0f0f.jpg,1,weighted_mean,0.8992838756611515,0.9469715266740795,0.9750710423019369,0.9204461855913991,0.18348374633973172,0.32788010796911865,0.9158422851560264
IJ_08_25_22_2560_880_png_jpg.rf.596b92475f5c476a8a2fbea9ac6cf557.jpg,3,OR,0.909561413994452,0.9526390796636558,0.9565526064731391,0.9487574450598915,0.40405289456315535,0.6309430164938009,0.9686010742185135
IJ_08_25_22_2560_880_png_jpg.rf.596b92475f5c476a8a2fbea9ac6cf557.jpg,3,AND,0.0,0.0,0.0,0.0,0.0,0.0,0.6671582031248371
IJ_08_25_22_2560_880_png_jpg.rf.596b92475f5c476a8a2fbea9ac6cf557.jpg,3,weighted_mean,0.909561413994452,0.9526390796636558,0.9565526064731391,0.9487574450598915,0.40405289456315535,0.6309430164938009,0.9686010742185135
IJ_08_25_22_2560_880_png_jpg.rf.d2d35e5b2f1304c1d5ce2be7f67d7fce.jpg,3,OR,0.8895549091005279,0.9415496790447616,0.9295261507655119,0.9538883349942945,0.32441347023374895,0.5149078504667873,0.9617187499997653
IJ_08_25_22_2560_880_png_jpg.rf.d2d35e5b2f1304c1d5ce2be7f67d7fce.jpg,3,AND,0.0,0.0,0.0,0.0,0.0,0.0,0.6767675781248348
IJ_08_25_22_2560_880_png_jpg.rf.d2d35e5b2f1304c1d5ce2be7f67d7fce.jpg,3,weighted_mean,0.8895549091005279,0.9415496790447616,0.9295261507655119,0.9538883349942945,0.32441347023374895,0.5149078504667873,0.9617187499997653
IJ_08_25_23_0_0_png_jpg.rf.1a460754c73736639c7d4d1acdd95487.jpg,3,OR,0.9283362403441567,0.9628364814410929,0.9563838223627654,0.969376803311371,0.3739422294540807,0.5812502679495611,0.9606787109372654
IJ_08_25_23_0_0_png_jpg.rf.1a460754c73736639c7d4d1acdd95487.jpg,3,AND,0.0,0.0,0.0,0.0,0.0,0.0,0.47453857421863416
IJ_08_25_23_0_0_png_jpg.rf.1a460754c73736639c7d4d1acdd95487.jpg,3,weighted_mean,0.9283362403441567,0.9628364814410929,0.9563838223627654,0.969376803311371,0.3739422294540807,0.5812502679495611,0.9606787109372654
IJ_08_25_23_0_0_png_jpg.rf.278974f7fe8f81a773e159242d7649af.jpg,3,OR,0.9225100743004713,0.9596933577954204,0.9437096115497424,0.97622787049782,0.43565584428487136,0.664217971521963,0.9597192382810157
IJ_08_25_23_0_0_png_jpg.rf.278974f7fe8f81a773e159242d7649af.jpg,3,AND,0.0,0.0,0.0,0.0,0.0,0.0,0.5087841796873758
IJ_08_25_23_0_0_png_jpg.rf.278974f7fe8f81a773e159242d7649af.jpg,3,weighted_mean,0.9225100743004713,0.9596933577954204,0.9437096115497424,0.97622787049782,0.43565584428487136,0.664217971521963,0.9597192382810157
IJ_08_25_23_0_0_png_jpg.rf.53892f30ca71bc089173b36618d54756.jpg,3,OR,0.9495840811027552,0.9741401669279491,0.9700281131975502,0.9782872319525785,0.4500203039166257,0.6518197441266362,0.9703027343747631
IJ_08_25_23_0_0_png_jpg.rf.53892f30ca71bc089173b36618d54756.jpg,3,AND,0.0,0.0,0.0,0.0,0.0,0.0,0.42823730468739546
IJ_08_25_23_0_0_png_jpg.rf.53892f30ca71bc089173b36618d54756.jpg,3,weighted_mean,0.9495840811027552,0.9741401669279491,0.9700281131975502,0.9782872319525785,0.4500203039166257,0.6518197441266362,0.9703027343747631
IJ_08_25_23_0_0_png_jpg.rf.592583dc3cf55b8a4e858695e93ab0ff.jpg,4,OR,0.9398828301032469,0.969009896389694,0.9589133471408546,0.9793213244365332,0.41388777428055606,0.6293168826183532,0.9658032226560143
IJ_08_25_23_0_0_png_jpg.rf.592583dc3cf55b8a4e858695e93ab0ff.jpg,4,AND,0.0,0.0,0.0,0.0,0.0,0.0,0.4540722656248891
IJ_08_25_23_0_0_png_jpg.rf.592583dc3cf55b8a4e858695e93ab0ff.jpg,4,weighted_mean,0.9398828301032469,0.969009896389694,0.9589133471408546,0.9793213244365332,0.41388777428055606,0.6293168826183532,0.9658032226560143
IJ_08_25_23_0_0_png_jpg.rf.a6a1d53df5fba5b509c050867976deb7.jpg,3,OR,0.933059092281575,0.9653704804029477,0.9523307108490281,0.978772300909003,0.3595987083926817,0.5609723899140152,0.9615820312497653
IJ_08_25_23_0_0_png_jpg.rf.a6a1d53df5fba5b509c050867976deb7.jpg,3,AND,0.0,0.0,0.0,0.0,0.0,0.0,0.4528955078123894
IJ_08_25_23_0_0_png_jpg.rf.a6a1d53df5fba5b509c050867976deb7.jpg,3,weighted_mean,0.933059092281575,0.9653704804029477,0.9523307108490281,0.978772300909003,0.3595987083926817,0.5609723899140152,0.9615820312497653
IJ_08_25_23_0_0_png_jpg.rf.b699ff3181e5a236740ac25c1bb25cce.jpg,4,OR,0.8250659806157489,0.9041492081698705,0.9247316639070308,0.884463041772243,0.17795080516691214,0.3192077485968828,0.9037158203122794
IJ_08_25_23_0_0_png_jpg.rf.b699ff3181e5a236740ac25c1bb25cce.jpg,4,AND,0.0,0.0,0.0,0.0,0.0,0.0,0.4865600585936312
IJ_08_25_23_0_0_png_jpg.rf.b699ff3181e5a236740ac25c1bb25cce.jpg,4,weighted_mean,0.8250659806157489,0.9041492081698705,0.9247316639070308,0.884463041772243,0.17795080516691214,0.3192077485968828,0.9037158203122794
IJ_08_25_23_2560_0_png_jpg.rf.49a35a6511d5c2037f7cc1e3b2ab56d7.jpg,1,OR,0.9649102327641355,0.9821417962761068,0.9905264707590838,0.9738978805910599,0.2441239882647859,0.32799653961934694,0.9743139648435122
IJ_08_25_23_2560_0_png_jpg.rf.49a35a6511d5c2037f7cc1e3b2ab56d7.jpg,1,AND,0.9649102327641355,0.9821417962761068,0.9905264707590838,0.9738978805910599,0.2441239882647859,0.32799653961934694,0.9743139648435122
IJ_08_25_23_2560_0_png_jpg.rf.49a35a6511d5c2037f7cc1e3b2ab56d7.jpg,1,weighted_mean,0.9649102327641355,0.9821417962761068,0.9905264707590838,0.9738978805910599,0.2441239882647859,0.32799653961934694,0.9743139648435122
IJ_08_25_23_2560_0_png_jpg.rf.a2cabc0a1e3c9c6854d3d37d1acb95e2.jpg,1,OR,0.9567954719706785,0.9779207747318577,0.9935464660911154,0.9627789695529704,0.149993254181901,0.24961706972424413,0.9661572265622641
IJ_08_25_23_2560_0_png_jpg.rf.a2cabc0a1e3c9c6854d3d37d1acb95e2.jpg,1,AND,0.9567954719706785,0.9779207747318577,0.9935464660911154,0.9627789695529704,0.149993254181901,0.24961706972424413,0.9661572265622641
IJ_08_25_23_2560_0_png_jpg.rf.a2cabc0a1e3c9c6854d3d37d1acb95e2.jpg,1,weighted_mean,0.9567954719706785,0.9779207747318577,0.9935464660911154,0.9627789695529704,0.149993254181901,0.24961706972424413,0.9661572265622641
IJ_08_25_23_2560_880_png_jpg.rf.003b540b4ff368d6fdabe775d5089fe5.jpg,3,OR,0.8764353839315411,0.9341492826629798,0.9059391872684505,0.9641727154282491,0.2452274623343838,0.420960652534159,0.9572045898435163
IJ_08_25_23_2560_880_png_jpg.rf.003b540b4ff368d6fdabe775d5089fe5.jpg,3,AND,0.0,0.0,0.0,0.0,0.0,0.0,0.6851757812498327
IJ_08_25_23_2560_880_png_jpg.rf.003b540b4ff368d6fdabe775d5089fe5.jpg,3,weighted_mean,0.8764353839315411,0.9341492826629798,0.9059391872684505,0.9641727154282491,0.2452274623343838,0.420960652534159,0.9572045898435163
IJ_08_25_23_2560_880_png_jpg.rf.1d01743482f28e49dd2765276debb6a9.jpg,4,OR,0.8592162769811161,0.924277920346373,0.8883450455696379,0.9632402485580068,0.25435024962373526,0.3922328497602723,0.9536791992185172
IJ_08_25_23_2560_880_png_jpg.rf.1d01743482f28e49dd2765276debb6a9.jpg,4,AND,0.0,0.0,0.0,0.0,0.0,0.0,0.7065112304685776
IJ_08_25_23_2560_880_png_jpg.rf.1d01743482f28e49dd2765276debb6a9.jpg,4,weighted_mean,0.8592162769811161,0.924277920346373,0.8883450455696379,0.9632402485580068,0.25435024962373526,0.3922328497602723,0.9536791992185172
IJ_08_25_23_2560_880_png_jpg.rf.5264c872e0c2f05f786a633c122f640f.jpg,3,OR,0.9369959468649229,0.9674733170004559,0.9641511157106979,0.9708184922473005,0.41574815637032286,0.6770043104193508,0.9740039062497622
IJ_08_25_23_2560_880_png_jpg.rf.5264c872e0c2f05f786a633c122f640f.jpg,3,AND,0.0,0.0,0.0,0.0,0.0,0.0,0.6017651367186031
IJ_08_25_23_2560_880_png_jpg.rf.5264c872e0c2f05f786a633c122f640f.jpg,3,weighted_mean,0.9369959468649229,0.9674733170004559,0.9641511157106979,0.9708184922473005,0.41574815637032286,0.6770043104193508,0.9740039062497622
IJ_08_25_23_2560_880_png_jpg.rf.55bc1e32b39ad7d5c75361a0f08394af.jpg,4,OR,0.9367038984068735,0.9673176154366222,0.9631785891287209,0.9714923681923805,0.47878787878662804,0.6890442721355683,0.9759545898435117
IJ_08_25_23_2560_880_png_jpg.rf.55bc1e32b39ad7d5c75361a0f08394af.jpg,4,AND,0.0,0.0,0.0,0.0,0.0,0.0,0.6337158203123453
IJ_08_25_23_2560_880_png_jpg.rf.55bc1e32b39ad7d5c75361a0f08394af.jpg,4,weighted_mean,0.9367038984068735,0.9673176154366222,0.9631785891287209,0.9714923681923805,0.47878787878662804,0.6890442721355683,0.9759545898435117
IJ_08_25_23_2560_880_png_jpg.rf.dce2768440cfc2a6cd6da0d414c1b55d.jpg,4,OR,0.9192455512845036,0.9579238578088929,0.9562598218955441,0.9595936951624063,0.4387122628895573,0.6479587931375901,0.9733764648435124
IJ_08_25_23_2560_880_png_jpg.rf.dce2768440cfc2a6cd6da0d414c1b55d.jpg,4,AND,0.0,0.0,0.0,0.0,0.0,0.0,0.684177246093583
IJ_08_25_23_2560_880_png_jpg.rf.dce2768440cfc2a6cd6da0d414c1b55d.jpg,4,weighted_mean,0.9192455512845036,0.9579238578088929,0.9562598218955441,0.9595936951624063,0.4387122628895573,0.6479587931375901,0.9733764648435124
IJ_08_25_24_0_0_png_jpg.rf.1d804cafa370986382602a4551188e61.jpg,3,OR,0.7057688950948221,0.827508224735906,0.8455618641316407,0.8102093978555204,0.14320397277884273,0.2484264353027797,0.835385742187296
IJ_08_25_24_0_0_png_jpg.rf.1d804cafa370986382602a4551188e61.jpg,3,AND,0.0,0.0,0.0,0.0,0.0,0.0,0.5126464843748748
IJ_08_25_24_0_0_png_jpg.rf.1d804cafa370986382602a4551188e61.jpg,3,weighted_mean,0.7057688950948221,0.827508224735906,0.8455618641316407,0.8102093978555204,0.14320397277884273,0.2484264353027797,0.835385742187296
IJ_08_25_24_0_0_png_jpg.rf.4063a46913b8294a294b10f25f47771b.jpg,3,OR,0.7019518462455991,0.8248786213241716,0.8205299648194598,0.829273617564987,0.07850984678841567,0.11223710569805415,0.8346240234372962
IJ_08_25_24_0_0_png_jpg.rf.4063a46913b8294a294b10f25f47771b.jpg,3,AND,0.0,0.0,0.0,0.0,0.0,0.0,0.5303271484373705
IJ_08_25_24_0_0_png_jpg.rf.4063a46913b8294a294b10f25f47771b.jpg,3,weighted_mean,0.7019518462455991,0.8248786213241716,0.8205299648194598,0.829273617564987,0.07850984678841567,0.11223710569805415,0.8346240234372962
IJ_08_25_24_0_0_png_jpg.rf.6dab2e15a2afd836b06d6329887a5c8d.jpg,3,OR,0.7282535836461943,0.8427624169709592,0.7714451019062346,0.9286089637657388,0.1412521518526026,0.2547887263591027,0.8663818359372885
IJ_08_25_24_0_0_png_jpg.rf.6dab2e15a2afd836b06d6329887a5c8d.jpg,3,AND,0.0,0.0,0.0,0.0,0.0,0.0,0.6143872070311
IJ_08_25_24_0_0_png_jpg.rf.6dab2e15a2afd836b06d6329887a5c8d.jpg,3,weighted_mean,0.7282535836461943,0.8427624169709592,0.7714451019062346,0.9286089637657388,0.1412521518526026,0.2547887263591027,0.8663818359372885
IJ_08_25_24_0_0_png_jpg.rf.7822321e1fb4ba025fcdecfb7422d3b1.jpg,3,OR,0.9317117320959694,0.9646488309982278,0.9575512064438462,0.9718524602540634,0.3966661137825579,0.6366119389623682,0.9631591796872648
IJ_08_25_24_0_0_png_jpg.rf.7822321e1fb4ba025fcdecfb7422d3b1.jpg,3,AND,0.0,0.0,0.0,0.0,0.0,0.0,0.48279296874988215
IJ_08_25_24_0_0_png_jpg.rf.7822321e1fb4ba025fcdecfb7422d3b1.jpg,3,weighted_mean,0.9317117320959694,0.9646488309982278,0.9575512064438462,0.9718524602540634,0.3966661137825579,0.6366119389623682,0.9631591796872648
IJ_08_25_24_0_0_png_jpg.rf.c588b8e0be848837ebffc73a9bf997cd.jpg,4,OR,0.7517380601699685,0.8582767906487441,0.8175982972998669,0.9032150282144693,0.13978764964097745,0.2634443096641718,0.8823046874997846
IJ_08_25_24_0_0_png_jpg.rf.c588b8e0be848837ebffc73a9bf997cd.jpg,4,AND,0.0,0.0,0.0,0.0,0.0,0.0,0.6054296874998522
IJ_08_25_24_0_0_png_jpg.rf.c588b8e0be848837ebffc73a9bf997cd.jpg,4,weighted_mean,0.7517380601699685,0.8582767906487441,0.8175982972998669,0.9032150282144693,0.13978764964097745,0.2634443096641718,0.8823046874997846
IJ_08_25_24_0_0_png_jpg.rf.e7e636b61553c082073954361d7fe39f.jpg,3,OR,0.9206317755946858,0.9586759807820323,0.9490992918834384,0.968447902812311,0.3380936903255635,0.5281030594856981,0.9589257812497659
IJ_08_25_24_0_0_png_jpg.rf.e7e636b61553c082073954361d7fe39f.jpg,3,AND,0.0,0.0,0.0,0.0,0.0,0.0,0.508037109374876
IJ_08_25_24_0_0_png_jpg.rf.e7e636b61553c082073954361d7fe39f.jpg,3,weighted_mean,0.9206317755946858,0.9586759807820323,0.9490992918834384,0.968447902812311,0.3380936903255635,0.5281030594856981,0.9589257812497659
IJ_08_25_24_2560_0_png_jpg.rf.14f739d3fbcb75d12c9e71b71243ef16.jpg,1,OR,0.9736187449326061,0.9866330540611608,0.9858446690427483,0.9874227010395147,0.32196457914799353,0.503000135515276,0.979106445312261
IJ_08_25_24_2560_0_png_jpg.rf.14f739d3fbcb75d12c9e71b71243ef16.jpg,1,AND,0.9736187449326061,0.9866330540611608,0.9858446690427483,0.9874227010395147,0.32196457914799353,0.503000135515276,0.979106445312261
IJ_08_25_24_2560_0_png_jpg.rf.14f739d3fbcb75d12c9e71b71243ef16.jpg,1,weighted_mean,0.9736187449326061,0.9866330540611608,0.9858446690427483,0.9874227010395147,0.32196457914799353,0.503000135515276,0.979106445312261
IJ_08_25_24_2560_0_png_jpg.rf.f180dc961f36d60880200aeb901e1fe0.jpg,1,OR,0.9480548511941318,0.9733348633514983,0.9834800847278234,0.9633968136645013,0.17478639500421136,0.3308802381501114,0.9619897460935152
IJ_08_25_24_2560_0_png_jpg.rf.f180dc961f36d60880200aeb901e1fe0.jpg,1,AND,0.9480548511941318,0.9733348633514983,0.9834800847278234,0.9633968136645013,0.17478639500421136,0.3308802381501114,0.9619897460935152
IJ_08_25_24_2560_0_png_jpg.rf.f180dc961f36d60880200aeb901e1fe0.jpg,1,weighted_mean,0.9480548511941318,0.9733348633514983,0.9834800847278234,0.9633968136645013,0.17478639500421136,0.3308802381501114,0.9619897460935152
IJ_08_25_24_2560_0_png_jpg.rf.ff93e1abbdbb8b73144a1b2dfb5dae3b.jpg,1,OR,0.9623736906271065,0.9808261242226146,0.9802920111443507,0.9813608196419333,0.24827282579162735,0.38011735055186785,0.9712182617185129
IJ_08_25_24_2560_0_png_jpg.rf.ff93e1abbdbb8b73144a1b2dfb5dae3b.jpg,1,AND,0.9623736906271065,0.9808261242226146,0.9802920111443507,0.9813608196419333,0.24827282579162735,0.38011735055186785,0.9712182617185129
IJ_08_25_24_2560_0_png_jpg.rf.ff93e1abbdbb8b73144a1b2dfb5dae3b.jpg,1,weighted_mean,0.9623736906271065,0.9808261242226146,0.9802920111443507,0.9813608196419333,0.24827282579162735,0.38011735055186785,0.9712182617185129
IJ_08_25_24_2560_880_png_jpg.rf.8ce305cb37beaed90d06acaa270125f1.jpg,3,OR,0.8821320950444745,0.9373753280835795,0.9311999165630106,0.943633193002639,0.3614563231690172,0.578235246390739,0.9650488281247643
IJ_08_25_24_2560_880_png_jpg.rf.8ce305cb37beaed90d06acaa270125f1.jpg,3,AND,0.0,0.0,0.0,0.0,0.0,0.0,0.7227978515623236
IJ_08_25_24_2560_880_png_jpg.rf.8ce305cb37beaed90d06acaa270125f1.jpg,3,weighted_mean,0.8821320950444745,0.9373753280835795,0.9311999165630106,0.943633193002639,0.3614563231690172,0.578235246390739,0.9650488281247643
IJ_08_25_24_2560_880_png_jpg.rf.9c7d767bdb5bff00270a8243393f3f0c.jpg,3,OR,0.9139119011227419,0.9550198215357996,0.95381731186189,0.9562253671255759,0.42385330525341863,0.6687710246744776,0.9686425781247635
IJ_08_25_24_2560_880_png_jpg.rf.9c7d767bdb5bff00270a8243393f3f0c.jpg,3,AND,0.0,0.0,0.0,0.0,0.0,0.0,0.6518701171873409
IJ_08_25_24_2560_880_png_jpg.rf.9c7d767bdb5bff00270a8243393f3f0c.jpg,3,weighted_mean,0.9139119011227419,0.9550198215357996,0.95381731186189,0.9562253671255759,0.42385330525341863,0.6687710246744776,0.9686425781247635
IJ_08_25_24_2560_880_png_jpg.rf.a009ea34e5677e8d416784fd3824fc3f.jpg,4,OR,0.8873741491433689,0.9403266962685968,0.9443745670021158,0.9363133781912091,0.3073309297491373,0.5016698906048792,0.9564941406247665
IJ_08_25_24_2560_880_png_jpg.rf.a009ea34e5677e8d416784fd3824fc3f.jpg,4,AND,0.0,0.0,0.0,0.0,0.0,0.0,0.6339038085935952
IJ_08_25_24_2560_880_png_jpg.rf.a009ea34e5677e8d416784fd3824fc3f.jpg,4,weighted_mean,0.8873741491433689,0.9403266962685968,0.9443745670021158,0.9363133781912091,0.3073309297491373,0.5016698906048792,0.9564941406247665
IJ_08_25_24_2560_880_png_jpg.rf.a37f6a54908ac03d1d417b3f4b5f43c7.jpg,3,OR,0.9013715222108928,0.9481277190507076,0.946924844501286,0.9493336534991075,0.3733609037715015,0.6031093484056892,0.9662036132810141
IJ_08_25_24_2560_880_png_jpg.rf.a37f6a54908ac03d1d417b3f4b5f43c7.jpg,3,AND,0.0,0.0,0.0,0.0,0.0,0.0,0.6746484374998353
IJ_08_25_24_2560_880_png_jpg.rf.a37f6a54908ac03d1d417b3f4b5f43c7.jpg,3,weighted_mean,0.9013715222108928,0.9481277190507076,0.946924844501286,0.9493336534991075,0.3733609037715015,0.6031093484056892,0.9662036132810141
IJ_08_25_24_2560_880_png_jpg.rf.c171003afb2d521b49c26d550b9a041f.jpg,4,OR,0.9000592868631385,0.9474012659353086,0.9483052127229525,0.9464990408324565,0.3723652246451246,0.5923431148067556,0.962548828124765
IJ_08_25_24_2560_880_png_jpg.rf.c171003afb2d521b49c26d550b9a041f.jpg,4,AND,0.0,0.0,0.0,0.0,0.0,0.0,0.6436523437498428
IJ_08_25_24_2560_880_png_jpg.rf.c171003afb2d521b49c26d550b9a041f.jpg,4,weighted_mean,0.9000592868631385,0.9474012659353086,0.9483052127229525,0.9464990408324565,0.3723652246451246,0.5923431148067556,0.962548828124765
IJ_08_25_25_2560_0_png_jpg.rf.1cfb1c74a10fdbc1ec8bbca013f43bf5.jpg,1,OR,0.9583818138595008,0.9787486863664855,0.992424266960867,0.9654448810087166,0.15943616362608012,0.30284110387257585,0.9675146484372638
IJ_08_25_25_2560_0_png_jpg.rf.1cfb1c74a10fdbc1ec8bbca013f43bf5.jpg,1,AND,0.9583818138595008,0.9787486863664855,0.992424266960867,0.9654448810087166,0.15943616362608012,0.30284110387257585,0.9675146484372638
IJ_08_25_25_2560_0_png_jpg.rf.1cfb1c74a10fdbc1ec8bbca013f43bf5.jpg,1,weighted_mean,0.9583818138595008,0.9787486863664855,0.992424266960867,0.9654448810087166,0.15943616362608012,0.30284110387257585,0.9675146484372638
IJ_08_25_25_2560_0_png_jpg.rf.37dc2740e9426c5b89f51af1ff179a46.jpg,1,OR,0.9576717379216508,0.9783782637004881,0.9742365543866518,0.9825553381252127,0.29636895764224624,0.4933356350755598,0.9676538085935138
IJ_08_25_25_2560_0_png_jpg.rf.37dc2740e9426c5b89f51af1ff179a46.jpg,1,AND,0.9576717379216508,0.9783782637004881,0.9742365543866518,0.9825553381252127,0.29636895764224624,0.4933356350755598,0.9676538085935138
IJ_08_25_25_2560_0_png_jpg.rf.37dc2740e9426c5b89f51af1ff179a46.jpg,1,weighted_mean,0.9576717379216508,0.9783782637004881,0.9742365543866518,0.9825553381252127,0.29636895764224624,0.4933356350755598,0.9676538085935138
IJ_08_25_25_2560_880_png_jpg.rf.8e84aba3638a4ce2381706e3e8887fd2.jpg,3,OR,0.9305204100807362,0.9640099169340779,0.9562742869023796,0.9718717199397625,0.5119313736433667,0.7593790890308114,0.9765380859372615
IJ_08_25_25_2560_880_png_jpg.rf.8e84aba3638a4ce2381706e3e8887fd2.jpg,3,AND,0.0,0.0,0.0,0.0,0.0,0.0,0.6766870117185848
IJ_08_25_25_2560_880_png_jpg.rf.8e84aba3638a4ce2381706e3e8887fd2.jpg,3,weighted_mean,0.9305204100807362,0.9640099169340779,0.9562742869023796,0.9718717199397625,0.5119313736433667,0.7593790890308114,0.9765380859372615
IJ_08_25_25_2560_880_png_jpg.rf.dd157d8b21f865aa53672a5972014ed0.jpg,4,OR,0.899560180147508,0.947124697126104,0.9272266325913985,0.9678955060796561,0.3199959481353323,0.5071035426023387,0.9628124999997649
IJ_08_25_25_2560_880_png_jpg.rf.dd157d8b21f865aa53672a5972014ed0.jpg,4,AND,0.0,0.0,0.0,0.0,0.0,0.0,0.6558935546873399
IJ_08_25_25_2560_880_png_jpg.rf.dd157d8b21f865aa53672a5972014ed0.jpg,4,weighted_mean,0.899560180147508,0.947124697126104,0.9272266325913985,0.9678955060796561,0.3199959481353323,0.5071035426023387,0.9628124999997649
IJ_08_25_25_2560_880_png_jpg.rf.e872562dca73478bced1da07faaf8045.jpg,4,OR,0.8843773870502643,0.9386414771561619,0.920844096142229,0.9571403651139128,0.34034278357337033,0.5633517484080912,0.9597192382810157
IJ_08_25_25_2560_880_png_jpg.rf.e872562dca73478bced1da07faaf8045.jpg,4,AND,0.0,0.0,0.0,0.0,0.0,0.0,0.6781030273435844
IJ_08_25_25_2560_880_png_jpg.rf.e872562dca73478bced1da07faaf8045.jpg,4,weighted_mean,0.8843773870502643,0.9386414771561619,0.920844096142229,0.9571403651139128,0.34034278357337033,0.5633517484080912,0.9597192382810157
IJ_08_25_25_2560_880_png_jpg.rf.e8820e3eeac9a52de171871e2c562af4.jpg,3,OR,0.9187587876593668,0.9576594969293994,0.9490280140101517,0.9664494289593419,0.4512634415762968,0.6745674713234977,0.9736206054685123
IJ_08_25_25_2560_880_png_jpg.rf.e8820e3eeac9a52de171871e2c562af4.jpg,3,AND,0.0,0.0,0.0,0.0,0.0,0.0,0.6913183593748312
IJ_08_25_25_2560_880_png_jpg.rf.e8820e3eeac9a52de171871e2c562af4.jpg,3,weighted_mean,0.9187587876593668,0.9576594969293994,0.9490280140101517,0.9664494289593419,0.4512634415762968,0.6745674713234977,0.9736206054685123
IJ_08_25_26_0_0_png_jpg.rf.3f02a2d0310151879c27002317ed247c.jpg,3,OR,0.7241740419110267,0.8400242948888991,0.8203722579591679,0.8606409697662925,0.16295376166555586,0.29189929005440324,0.8218774414060493
IJ_08_25_26_0_0_png_jpg.rf.3f02a2d0310151879c27002317ed247c.jpg,3,AND,0.0,0.0,0.0,0.0,0.0,0.0,0.4566186523436385
IJ_08_25_26_0_0_png_jpg.rf.3f02a2d0310151879c27002317ed247c.jpg,3,weighted_mean,0.7241740419110267,0.8400242948888991,0.8203722579591679,0.8606409697662925,0.16295376166555586,0.29189929005440324,0.8218774414060493
IJ_08_25_26_0_0_png_jpg.rf.ba74569f7df644b33263055f0d4c1645.jpg,3,OR,0.730080023962368,0.8439841092324507,0.8159039916038722,0.8740659255449984,0.1447005870169179,0.2590812420277073,0.8371972656247956
IJ_08_25_26_0_0_png_jpg.rf.ba74569f7df644b33263055f0d4c1645.jpg,3,AND,0.0,0.0,0.0,0.0,0.0,0.0,0.49620605468737883
IJ_08_25_26_0_0_png_jpg.rf.ba74569f7df644b33263055f0d4c1645.jpg,3,weighted_mean,0.730080023962368,0.8439841092324507,0.8159039916038722,0.8740659255449984,0.1447005870169179,0.2590812420277073,0.8371972656247956
IJ_08_25_26_0_0_png_jpg.rf.d29509f7347d5839a46f024e6454dc7a.jpg,3,OR,0.941936634024203,0.9701002777544422,0.9694193647484386,0.970782147968906,0.4207625760965059,0.6378503841227862,0.9658081054685143
IJ_08_25_26_0_0_png_jpg.rf.d29509f7347d5839a46f024e6454dc7a.jpg,3,AND,0.0,0.0,0.0,0.0,0.0,0.0,0.42862548828114533
IJ_08_25_26_0_0_png_jpg.rf.d29509f7347d5839a46f024e6454dc7a.jpg,3,weighted_mean,0.941936634024203,0.9701002777544422,0.9694193647484386,0.970782147968906,0.4207625760965059,0.6378503841227862,0.9658081054685143
IJ_08_25_26_2560_0_png_jpg.rf.1bb092f4f65a8dbe68641fe3c4482b88.jpg,1,OR,0.9474658832897231,0.9730243712297878,0.9855149435783912,0.9608464512562273,0.18526846287968493,0.3433843569483231,0.9623217773435151
IJ_08_25_26_2560_0_png_jpg.rf.1bb092f4f65a8dbe68641fe3c4482b88.jpg,1,AND,0.9474658832897231,0.9730243712297878,0.9855149435783912,0.9608464512562273,0.18526846287968493,0.3433843569483231,0.9623217773435151
IJ_08_25_26_2560_0_png_jpg.rf.1bb092f4f65a8dbe68641fe3c4482b88.jpg,1,weighted_mean,0.9474658832897231,0.9730243712297878,0.9855149435783912,0.9608464512562273,0.18526846287968493,0.3433843569483231,0.9623217773435151
IJ_08_25_26_2560_0_png_jpg.rf.2c12fa010bef01a75124cf1b0b36f001.jpg,1,OR,0.9351301411319458,0.9664777797166092,0.9808428094536271,0.9525274454252369,0.12355047085328216,0.2201522448070144,0.950288085937268
IJ_08_25_26_2560_0_png_jpg.rf.2c12fa010bef01a75124cf1b0b36f001.jpg,1,AND,0.9351301411319458,0.9664777797166092,0.9808428094536271,0.9525274454252369,0.12355047085328216,0.2201522448070144,0.950288085937268
IJ_08_25_26_2560_0_png_jpg.rf.2c12fa010bef01a75124cf1b0b36f001.jpg,1,weighted_mean,0.9351301411319458,0.9664777797166092,0.9808428094536271,0.9525274454252369,0.12355047085328216,0.2201522448070144,0.950288085937268
IJ_08_25_26_2560_0_png_jpg.rf.3403b863873aee4ae6aed4f2b9e06f1b.jpg,1,OR,0.9621339341175149,0.9807015896193062,0.9842380348621028,0.9771904668464894,0.172554022804511,0.32261222122277194,0.9688964843747635
IJ_08_25_26_2560_0_png_jpg.rf.3403b863873aee4ae6aed4f2b9e06f1b.jpg,1,AND,0.9621339341175149,0.9807015896193062,0.9842380348621028,0.9771904668464894,0.172554022804511,0.32261222122277194,0.9688964843747635
IJ_08_25_26_2560_0_png_jpg.rf.3403b863873aee4ae6aed4f2b9e06f1b.jpg,1,weighted_mean,0.9621339341175149,0.9807015896193062,0.9842380348621028,0.9771904668464894,0.172554022804511,0.32261222122277194,0.9688964843747635
IJ_08_25_26_2560_0_png_jpg.rf.471d0daa224f56c6f7f94a48ed2d22e0.jpg,1,OR,0.9671507692304716,0.9833011117991842,0.9804119724017852,0.9862073293169596,0.3153563959258225,0.5161600412471489,0.9739355468747622
IJ_08_25_26_2560_0_png_jpg.rf.471d0daa224f56c6f7f94a48ed2d22e0.jpg,1,AND,0.9671507692304716,0.9833011117991842,0.9804119724017852,0.9862073293169596,0.3153563959258225,0.5161600412471489,0.9739355468747622
IJ_08_25_26_2560_0_png_jpg.rf.471d0daa224f56c6f7f94a48ed2d22e0.jpg,1,weighted_mean,0.9671507692304716,0.9833011117991842,0.9804119724017852,0.9862073293169596,0.3153563959258225,0.5161600412471489,0.9739355468747622
IJ_08_25_26_2560_0_png_jpg.rf.7c75aaa86bcff28aad03c9b294989b72.jpg,1,OR,0.9382288538535604,0.9681301070182569,0.9885695828289991,0.9485187152919723,0.19586409576304256,0.3496806368857303,0.9517895507810177
IJ_08_25_26_2560_0_png_jpg.rf.7c75aaa86bcff28aad03c9b294989b72.jpg,1,AND,0.9382288538535604,0.9681301070182569,0.9885695828289991,0.9485187152919723,0.19586409576304256,0.3496806368857303,0.9517895507810177
IJ_08_25_26_2560_0_png_jpg.rf.7c75aaa86bcff28aad03c9b294989b72.jpg,1,weighted_mean,0.9382288538535604,0.9681301070182569,0.9885695828289991,0.9485187152919723,0.19586409576304256,0.3496806368857303,0.9517895507810177
IJ_08_25_26_2560_0_png_jpg.rf.826878223b135afde7eb24a058400f83.jpg,1,OR,0.951924665990184,0.9753702922825518,0.9815723173768264,0.9692461495819742,0.16822314049517262,0.316256465414455,0.9637792968747647
IJ_08_25_26_2560_0_png_jpg.rf.826878223b135afde7eb24a058400f83.jpg,1,AND,0.951924665990184,0.9753702922825518,0.9815723173768264,0.9692461495819742,0.16822314049517262,0.316256465414455,0.9637792968747647
IJ_08_25_26_2560_0_png_jpg.rf.826878223b135afde7eb24a058400f83.jpg,1,weighted_mean,0.951924665990184,0.9753702922825518,0.9815723173768264,0.9692461495819742,0.16822314049517262,0.316256465414455,0.9637792968747647
IJ_08_25_26_2560_0_png_jpg.rf.a1af5be4e0e70b973e4ea37871593348.jpg,1,OR,0.9449463068305598,0.971693977887156,0.9930260726234351,0.9512591170478105,0.1368066472035176,0.27888858299772673,0.9547534179685169
IJ_08_25_26_2560_0_png_jpg.rf.a1af5be4e0e70b973e4ea37871593348.jpg,1,AND,0.9449463068305598,0.971693977887156,0.9930260726234351,0.9512591170478105,0.1368066472035176,0.27888858299772673,0.9547534179685169
IJ_08_25_26_2560_0_png_jpg.rf.a1af5be4e0e70b973e4ea37871593348.jpg,1,weighted_mean,0.9449463068305598,0.971693977887156,0.9930260726234351,0.9512591170478105,0.1368066472035176,0.27888858299772673,0.9547534179685169
IJ_08_25_26_2560_0_png_jpg.rf.b998a0eadcb6b06ea4fbde2478a4d2af.jpg,1,OR,0.9370207142575101,0.9674865192308328,0.9887380734855341,0.9471292881368429,0.20202056647951644,0.34333192767433246,0.9527612304685174
IJ_08_25_26_2560_0_png_jpg.rf.b998a0eadcb6b06ea4fbde2478a4d2af.jpg,1,AND,0.9370207142575101,0.9674865192308328,0.9887380734855341,0.9471292881368429,0.20202056647951644,0.34333192767433246,0.9527612304685174
IJ_08_25_26_2560_0_png_jpg.rf.b998a0eadcb6b06ea4fbde2478a4d2af.jpg,1,weighted_mean,0.9370207142575101,0.9674865192308328,0.9887380734855341,0.9471292881368429,0.20202056647951644,0.34333192767433246,0.9527612304685174
IJ_08_25_27_0_0_png_jpg.rf.1bc6d9d840247a0062826d27afb9b5f0.jpg,3,OR,0.9422567528056848,0.9702700237180782,0.9646468768985005,0.9759591121383654,0.48971027700551106,0.7221040390863773,0.9681738281247636
IJ_08_25_27_0_0_png_jpg.rf.1bc6d9d840247a0062826d27afb9b5f0.jpg,3,AND,0.0,0.0,0.0,0.0,0.0,0.0,0.4678662109373858
IJ_08_25_27_0_0_png_jpg.rf.1bc6d9d840247a0062826d27afb9b5f0.jpg,3,weighted_mean,0.9422567528056848,0.9702700237180782,0.9646468768985005,0.9759591121383654,0.48971027700551106,0.7221040390863773,0.9681738281247636
IJ_08_25_27_2560_0_png_jpg.rf.33350cefc2203856896de6c21776e110.jpg,2,OR,0.9370734287588962,0.9675146175117267,0.9745482429816048,0.960581792369739,0.15710825567487538,0.3024546989449781,0.9520776367185175
IJ_08_25_27_2560_0_png_jpg.rf.33350cefc2203856896de6c21776e110.jpg,2,AND,0.0,0.0,0.0,0.0,0.0,0.0,0.2570776367186872
IJ_08_25_27_2560_0_png_jpg.rf.33350cefc2203856896de6c21776e110.jpg,2,weighted_mean,0.9370734287588962,0.9675146175117267,0.9745482429816048,0.960581792369739,0.15710825567487538,0.3024546989449781,0.9520776367185175
IJ_08_25_27_2560_0_png_jpg.rf.36666a1553fcb6c79e1a94e37a7847bb.jpg,1,OR,0.9451935189746393,0.9718246639777771,0.9804853431187421,0.9633156456863496,0.1559483515099413,0.28947153246577056,0.958469238281016
IJ_08_25_27_2560_0_png_jpg.rf.36666a1553fcb6c79e1a94e37a7847bb.jpg,1,AND,0.9451935189746393,0.9718246639777771,0.9804853431187421,0.9633156456863496,0.1559483515099413,0.28947153246577056,0.958469238281016
IJ_08_25_27_2560_0_png_jpg.rf.36666a1553fcb6c79e1a94e37a7847bb.jpg,1,weighted_mean,0.9451935189746393,0.9718246639777771,0.9804853431187421,0.9633156456863496,0.1559483515099413,0.28947153246577056,0.958469238281016
IJ_08_25_27_2560_0_png_jpg.rf.47a14cb18deff604b85ef8ec875e532b.jpg,1,OR,0.9455144673512614,0.9719942804008451,0.9729476065182994,0.971042820655027,0.2184641350203596,0.3732703485006189,0.9562475585935165
IJ_08_25_27_2560_0_png_jpg.rf.47a14cb18deff604b85ef8ec875e532b.jpg,1,AND,0.9455144673512614,0.9719942804008451,0.9729476065182994,0.971042820655027,0.2184641350203596,0.3732703485006189,0.9562475585935165
IJ_08_25_27_2560_0_png_jpg.rf.47a14cb18deff604b85ef8ec875e532b.jpg,1,weighted_mean,0.9455144673512614,0.9719942804008451,0.9729476065182994,0.971042820655027,0.2184641350203596,0.3732703485006189,0.9562475585935165
IJ_08_25_27_2560_0_png_jpg.rf.48631799f1395fd6610095c837a2a7e3.jpg,1,OR,0.9549747266916546,0.9769688719278022,0.9785709208167805,0.9753720599930514,0.23008937110368338,0.3850845813579378,0.9651391601560144
IJ_08_25_27_2560_0_png_jpg.rf.48631799f1395fd6610095c837a2a7e3.jpg,1,AND,0.9549747266916546,0.9769688719278022,0.9785709208167805,0.9753720599930514,0.23008937110368338,0.3850845813579378,0.9651391601560144
IJ_08_25_27_2560_0_png_jpg.rf.48631799f1395fd6610095c837a2a7e3.jpg,1,weighted_mean,0.9549747266916546,0.9769688719278022,0.9785709208167805,0.9753720599930514,0.23008937110368338,0.3850845813579378,0.9651391601560144
IJ_08_25_27_2560_0_png_jpg.rf.6bb679fb8a03e6a1a34f0677744f28a0.jpg,1,OR,0.9606737491544715,0.9799424810667824,0.9782360657040975,0.9816548601055362,0.12127936876916665,0.19888122116785142,0.9656396484372642
IJ_08_25_27_2560_0_png_jpg.rf.6bb679fb8a03e6a1a34f0677744f28a0.jpg,1,AND,0.9606737491544715,0.9799424810667824,0.9782360657040975,0.9816548601055362,0.12127936876916665,0.19888122116785142,0.9656396484372642
IJ_08_25_27_2560_0_png_jpg.rf.6bb679fb8a03e6a1a34f0677744f28a0.jpg,1,weighted_mean,0.9606737491544715,0.9799424810667824,0.9782360657040975,0.9816548601055362,0.12127936876916665,0.19888122116785142,0.9656396484372642
IJ_08_25_27_2560_0_png_jpg.rf.7e7da94a26b51869b7ba0456623c147b.jpg,1,OR,0.9450386970078896,0.9717428228668874,0.98049568891686,0.9631448474428225,0.16352722003658238,0.318165646204975,0.9593432617185158
IJ_08_25_27_2560_0_png_jpg.rf.7e7da94a26b51869b7ba0456623c147b.jpg,1,AND,0.9450386970078896,0.9717428228668874,0.98049568891686,0.9631448474428225,0.16352722003658238,0.318165646204975,0.9593432617185158
IJ_08_25_27_2560_0_png_jpg.rf.7e7da94a26b51869b7ba0456623c147b.jpg,1,weighted_mean,0.9450386970078896,0.9717428228668874,0.98049568891686,0.9631448474428225,0.16352722003658238,0.318165646204975,0.9593432617185158
IJ_08_25_27_2560_0_png_jpg.rf.8fe982780a9c0ac200d1bba84e07d511.jpg,1,OR,0.9610067834459904,0.9801157156195612,0.9761493313891966,0.9841144645478612,0.25916360033873775,0.41774937448113086,0.9692236328122634
IJ_08_25_27_2560_0_png_jpg.rf.8fe982780a9c0ac200d1bba84e07d511.jpg,1,AND,0.9610067834459904,0.9801157156195612,0.9761493313891966,0.9841144645478612,0.25916360033873775,0.41774937448113086,0.9692236328122634
IJ_08_25_27_2560_0_png_jpg.rf.8fe982780a9c0ac200d1bba84e07d511.jpg,1,weighted_mean,0.9610067834459904,0.9801157156195612,0.9761493313891966,0.9841144645478612,0.25916360033873775,0.41774937448113086,0.9692236328122634
IJ_08_25_27_2560_0_png_jpg.rf.b037d2c966c1d5f8e102c034f2d58dfa.jpg,1,OR,0.9633602145155632,0.9813382255515057,0.9813139357792903,0.9813625165259202,0.22849915682890892,0.31337169103651574,0.9687084960935135
IJ_08_25_27_2560_0_png_jpg.rf.b037d2c966c1d5f8e102c034f2d58dfa.jpg,1,AND,0.9633602145155632,0.9813382255515057,0.9813139357792903,0.9813625165259202,0.22849915682890892,0.31337169103651574,0.9687084960935135
IJ_08_25_27_2560_0_png_jpg.rf.b037d2c966c1d5f8e102c034f2d58dfa.jpg,1,weighted_mean,0.9633602145155632,0.9813382255515057,0.9813139357792903,0.9813625165259202,0.22849915682890892,0.31337169103651574,0.9687084960935135
IJ_08_25_27_2560_880_png_jpg.rf.326bf1bbaa44d0d4c07388a575df7fca.jpg,3,OR,0.8879580224849402,0.9406544127672979,0.9306964934914672,0.9508277246826976,0.34772150560280257,0.5603197288992644,0.9660107421872641
IJ_08_25_27_2560_880_png_jpg.rf.326bf1bbaa44d0d4c07388a575df7fca.jpg,3,AND,0.0,0.0,0.0,0.0,0.0,0.0,0.7166967773435751
IJ_08_25_27_2560_880_png_jpg.rf.326bf1bbaa44d0d4c07388a575df7fca.jpg,3,weighted_mean,0.8879580224849402,0.9406544127672979,0.9306964934914672,0.9508277246826976,0.34772150560280257,0.5603197288992644,0.9660107421872641
IJ_08_25_27_2560_880_png_jpg.rf.374ff6baf68eb02462521cdb55e0ec61.jpg,4,OR,0.9189067883795037,0.9577398901751873,0.9461033144215429,0.9696662780523392,0.5088762044393882,0.7504814445780357,0.9713281249997628
IJ_08_25_27_2560_880_png_jpg.rf.374ff6baf68eb02462521cdb55e0ec61.jpg,4,AND,0.0,0.0,0.0,0.0,0.0,0.0,0.6649414062498377
IJ_08_25_27_2560_880_png_jpg.rf.374ff6baf68eb02462521cdb55e0ec61.jpg,4,weighted_mean,0.9189067883795037,0.9577398901751873,0.9461033144215429,0.9696662780523392,0.5088762044393882,0.7504814445780357,0.9713281249997628
IJ_08_25_27_2560_880_png_jpg.rf.952cd02e41402e372167633aa2c07e2d.jpg,4,OR,0.9283204323326981,0.9628279789678986,0.9580860154524906,0.967617115836175,0.4920194309494154,0.7369131248379419,0.9717626953122628
IJ_08_25_27_2560_880_png_jpg.rf.952cd02e41402e372167633aa2c07e2d.jpg,4,AND,0.0,0.0,0.0,0.0,0.0,0.0,0.6220605468748481
IJ_08_25_27_2560_880_png_jpg.rf.952cd02e41402e372167633aa2c07e2d.jpg,4,weighted_mean,0.9283204323326981,0.9628279789678986,0.9580860154524906,0.967617115836175,0.4920194309494154,0.7369131248379419,0.9717626953122628
IJ_08_25_28_0_0_png_jpg.rf.15553a6b199a7a847b4867229fc30b9a.jpg,3,OR,0.8755684269920355,0.9336566071292195,0.9103560736128874,0.9581812237776939,0.2555536934617143,0.4182942544950087,0.9267822265622737
IJ_08_25_28_0_0_png_jpg.rf.15553a6b199a7a847b4867229fc30b9a.jpg,3,AND,0.0,0.0,0.0,0.0,0.0,0.0,0.4623144531248871
IJ_08_25_28_0_0_png_jpg.rf.15553a6b199a7a847b4867229fc30b9a.jpg,3,weighted_mean,0.8755684269920355,0.9336566071292195,0.9103560736128874,0.9581812237776939,0.2555536934617143,0.4182942544950087,0.9267822265622737
IJ_08_25_28_0_0_png_jpg.rf.2f9475c8ebc3987910d8916901a46d02.jpg,3,OR,0.9183815576296586,0.957454531375297,0.9526045127548645,0.9623541887588107,0.33209827620302734,0.5404264784184324,0.9570751953122664
IJ_08_25_28_0_0_png_jpg.rf.2f9475c8ebc3987910d8916901a46d02.jpg,3,AND,0.0,0.0,0.0,0.0,0.0,0.0,0.4981103515623784
IJ_08_25_28_0_0_png_jpg.rf.2f9475c8ebc3987910d8916901a46d02.jpg,3,weighted_mean,0.9183815576296586,0.957454531375297,0.9526045127548645,0.9623541887588107,0.33209827620302734,0.5404264784184324,0.9570751953122664
IJ_08_25_28_0_0_png_jpg.rf.3f0b5cac9d31e459dc8d3826ab2bbe26.jpg,3,OR,0.8231698939590479,0.9030095293769018,0.8416182116918342,0.9740618672494868,0.36787937303484486,0.5894642458776327,0.8963061523435312
IJ_08_25_28_0_0_png_jpg.rf.3f0b5cac9d31e459dc8d3826ab2bbe26.jpg,3,AND,0.0,0.0,0.0,0.0,0.0,0.0,0.5044360351561269
IJ_08_25_28_0_0_png_jpg.rf.3f0b5cac9d31e459dc8d3826ab2bbe26.jpg,3,weighted_mean,0.8231698939590479,0.9030095293769018,0.8416182116918342,0.9740618672494868,0.36787937303484486,0.5894642458776327,0.8963061523435312
IJ_08_25_28_0_0_png_jpg.rf.89ebb04fa974a1a827aad62cec12c33e.jpg,3,OR,0.8699750794874667,0.9304670303156279,0.9279510905178631,0.9329966500624678,0.23978323898895523,0.3829550451899399,0.9261181640622739
IJ_08_25_28_0_0_png_jpg.rf.89ebb04fa974a1a827aad62cec12c33e.jpg,3,AND,0.0,0.0,0.0,0.0,0.0,0.0,0.4701684570311352
IJ_08_25_28_0_0_png_jpg.rf.89ebb04fa974a1a827aad62cec12c33e.jpg,3,weighted_mean,0.8699750794874667,0.9304670303156279,0.9279510905178631,0.9329966500624678,0.23978323898895523,0.3829550451899399,0.9261181640622739
IJ_08_25_28_0_0_png_jpg.rf.bb8a7da431dc5d566a11e4d3e09704f6.jpg,3,OR,0.8591105057392996,0.9242167187879593,0.8938094899691524,0.9567657061030264,0.20163525985156044,0.3339966645278678,0.9143920898435267
IJ_08_25_28_0_0_png_jpg.rf.bb8a7da431dc5d566a11e4d3e09704f6.jpg,3,AND,0.0,0.0,0.0,0.0,0.0,0.0,0.45439453124988904
IJ_08_25_28_0_0_png_jpg.rf.bb8a7da431dc5d566a11e4d3e09704f6.jpg,3,weighted_mean,0.8591105057392996,0.9242167187879593,0.8938094899691524,0.9567657061030264,0.20163525985156044,0.3339966645278678,0.9143920898435267
IJ_08_25_28_0_0_png_jpg.rf.da3e30fce3af7bd19f7850f868c46ee4.jpg,4,OR,0.8428930745467925,0.9147498421785304,0.8871996309116011,0.94406592246909,0.1968480523339002,0.3507237114002135,0.9063671874997787
IJ_08_25_28_0_0_png_jpg.rf.da3e30fce3af7bd19f7850f868c46ee4.jpg,4,AND,0.0,0.0,0.0,0.0,0.0,0.0,0.46788818359363576
IJ_08_25_28_0_0_png_jpg.rf.da3e30fce3af7bd19f7850f868c46ee4.jpg,4,weighted_mean,0.8428930745467925,0.9147498421785304,0.8871996309116011,0.94406592246909,0.1968480523339002,0.3507237114002135,0.9063671874997787
IJ_08_25_28_2560_0_png_jpg.rf.1245a708143d169dd5c154f10bdc31a1.jpg,2,OR,0.9566314525970808,0.9778350964636927,0.9743336829598667,0.981361766434045,0.2538879877866174,0.4399061708655838,0.9689501953122635
IJ_08_25_28_2560_0_png_jpg.rf.1245a708143d169dd5c154f10bdc31a1.jpg,2,AND,0.4530563934174289,0.6235909293952316,0.9831504259462477,0.4566017406877198,0.12151245883265546,0.24384508678230812,0.6152954101560998
IJ_08_25_28_2560_0_png_jpg.rf.1245a708143d169dd5c154f10bdc31a1.jpg,2,weighted_mean,0.9566314525970808,0.9778350964636927,0.9743336829598667,0.981361766434045,0.2538879877866174,0.4399061708655838,0.9689501953122635
IJ_08_25_28_2560_0_png_jpg.rf.67c71c7f45be7c7741f148506129a73a.jpg,1,OR,0.8995333590693935,0.9471098307113561,0.9645668719494522,0.9302734429716856,0.16556312991237299,0.3056644100131326,0.9275683593747736
IJ_08_25_28_2560_0_png_jpg.rf.67c71c7f45be7c7741f148506129a73a.jpg,1,AND,0.8995333590693935,0.9471098307113561,0.9645668719494522,0.9302734429716856,0.16556312991237299,0.3056644100131326,0.9275683593747736
IJ_08_25_28_2560_0_png_jpg.rf.67c71c7f45be7c7741f148506129a73a.jpg,1,weighted_mean,0.8995333590693935,0.9471098307113561,0.9645668719494522,0.9302734429716856,0.16556312991237299,0.3056644100131326,0.9275683593747736
IJ_08_25_28_2560_880_png_jpg.rf.10c55f891fa00fd3363dc4172a7f1c4a.jpg,3,OR,0.7907674181966915,0.8831603815899184,0.9283775712285018,0.8421432848865126,0.17593966369887254,0.24147640403236176,0.9427685546872698
IJ_08_25_28_2560_880_png_jpg.rf.10c55f891fa00fd3363dc4172a7f1c4a.jpg,3,AND,0.0,0.0,0.0,0.0,0.0,0.0,0.7431567382810685
IJ_08_25_28_2560_880_png_jpg.rf.10c55f891fa00fd3363dc4172a7f1c4a.jpg,3,weighted_mean,0.7907674181966915,0.8831603815899184,0.9283775712285018,0.8421432848865126,0.17593966369887254,0.24147640403236176,0.9427685546872698
IJ_08_25_28_2560_880_png_jpg.rf.93782d3c991608446a429c304111484a.jpg,4,OR,0.8676739191898666,0.9291492591664331,0.9389270680849985,0.9195729998534661,0.32851882646317015,0.49778569456573424,0.9577270507810162
IJ_08_25_28_2560_880_png_jpg.rf.93782d3c991608446a429c304111484a.jpg,4,AND,0.0,0.0,0.0,0.0,0.0,0.0,0.6985693359373294
IJ_08_25_28_2560_880_png_jpg.rf.93782d3c991608446a429c304111484a.jpg,4,weighted_mean,0.8676739191898666,0.9291492591664331,0.9389270680849985,0.9195729998534661,0.32851882646317015,0.49778569456573424,0.9577270507810162
IJ_08_25_28_2560_880_png_jpg.rf.cb456f842c44106da5298168b4bf6b38.jpg,3,OR,0.9012673438869163,0.9480700826054076,0.963809153802905,0.9328367922474996,0.41688116414685167,0.6529820423615705,0.9654980468747643
IJ_08_25_28_2560_880_png_jpg.rf.cb456f842c44106da5298168b4bf6b38.jpg,3,AND,0.0,0.0,0.0,0.0,0.0,0.0,0.6623779296873383
IJ_08_25_28_2560_880_png_jpg.rf.cb456f842c44106da5298168b4bf6b38.jpg,3,weighted_mean,0.9012673438869163,0.9480700826054076,0.963809153802905,0.9328367922474996,0.41688116414685167,0.6529820423615705,0.9654980468747643
IJ_08_25_28_2560_880_png_jpg.rf.f85590e6dbe04ab4b22907479a536f71.jpg,3,OR,0.908478672474402,0.9520448780247893,0.9586209697060354,0.9455583949492149,0.43965698101216916,0.6557749250185525,0.9709692382810129
IJ_08_25_28_2560_880_png_jpg.rf.f85590e6dbe04ab4b22907479a536f71.jpg,3,AND,0.0,0.0,0.0,0.0,0.0,0.0,0.6952368164060803
IJ_08_25_28_2560_880_png_jpg.rf.f85590e6dbe04ab4b22907479a536f71.jpg,3,weighted_mean,0.908478672474402,0.9520448780247893,0.9586209697060354,0.9455583949492149,0.43965698101216916,0.6557749250185525,0.9709692382810129
IJ_08_25_29_0_0_png_jpg.rf.21eb6dec22036ed00b48cce1637f171a.jpg,3,OR,0.9238244153689789,0.960404086764638,0.9468819231671238,0.9743180583574352,0.3604741199587816,0.5826053865616814,0.9595605468747658
IJ_08_25_29_0_0_png_jpg.rf.21eb6dec22036ed00b48cce1637f171a.jpg,3,AND,0.0,0.0,0.0,0.0,0.0,0.0,0.49664062499987877
IJ_08_25_29_0_0_png_jpg.rf.21eb6dec22036ed00b48cce1637f171a.jpg,3,weighted_mean,0.9238244153689789,0.960404086764638,0.9468819231671238,0.9743180583574352,0.3604741199587816,0.5826053865616814,0.9595605468747658
IJ_08_25_29_0_0_png_jpg.rf.dd322a198647f24aa8d72c54d9ae4ab4.jpg,3,OR,0.9401784326253001,0.9691669764137343,0.9681348244654076,0.9702013315147677,0.47434139449747703,0.7055578898227706,0.9661791992185141
IJ_08_25_29_0_0_png_jpg.rf.dd322a198647f24aa8d72c54d9ae4ab4.jpg,3,AND,0.0,0.0,0.0,0.0,0.0,0.0,0.4521337890623896
IJ_08_25_29_0_0_png_jpg.rf.dd322a198647f24aa8d72c54d9ae4ab4.jpg,3,weighted_mean,0.9401784326253001,0.9691669764137343,0.9681348244654076,0.9702013315147677,0.47434139449747703,0.7055578898227706,0.9661791992185141
imagem26_jpg.rf.1a93379f547cd46e6fa5be7774bec50f.jpg,5,OR,0.4962553089897627,0.6633297218839249,0.507579546841754,0.9569769514071544,0.3648604842521386,0.6157209287272338,0.6806079101560838
imagem26_jpg.rf.1a93379f547cd46e6fa5be7774bec50f.jpg,5,AND,0.0,0.0,0.0,0.0,0.0,0.0,0.6712109374998362
imagem26_jpg.rf.1a93379f547cd46e6fa5be7774bec50f.jpg,5,weighted_mean,0.4962553089897627,0.6633297218839249,0.507579546841754,0.9569769514071544,0.3648604842521386,0.6157209287272338,0.6806079101560838
imagem28_jpg.rf.b05d78721902dc8897a32998f4acb99d.jpg,6,OR,0.699536607970067,0.8232086378010959,0.7206064570118664,0.9598792155499373,0.25038758206164874,0.4458673210685249,0.8139965820310513
imagem28_jpg.rf.b05d78721902dc8897a32998f4acb99d.jpg,6,AND,0.0,0.0,0.0,0.0,0.0,0.0,0.548847656249866
imagem28_jpg.rf.b05d78721902dc8897a32998f4acb99d.jpg,6,weighted_mean,0.699536607970067,0.8232086378010959,0.7206064570118664,0.9598792155499373,0.25038758206164874,0.4458673210685249,0.8139965820310513
imagem37_jpg.rf.4e43099ab034e7ae9d502e7d8067d431.jpg,5,OR,0.5279036756645782,0.6910169588209948,0.5856748169632645,0.8425644388791087,0.20461163324683457,0.3784946614123659,0.814868164062301
imagem37_jpg.rf.4e43099ab034e7ae9d502e7d8067d431.jpg,5,AND,0.0,0.0,0.0,0.0,0.0,0.0,0.7543017578123159
imagem37_jpg.rf.4e43099ab034e7ae9d502e7d8067d431.jpg,5,weighted_mean,0.5279036756645782,0.6910169588209948,0.5856748169632645,0.8425644388791087,0.20461163324683457,0.3784946614123659,0.814868164062301
imagem42_jpg.rf.571c73298f1c519ffb2a4e0bacec6736.jpg,4,OR,0.887897304523103,0.940620342426298,0.9225739823555643,0.9593867935223377,0.3901229050261894,0.6219152273486269,0.9608984374997654
imagem42_jpg.rf.571c73298f1c519ffb2a4e0bacec6736.jpg,4,AND,0.0,0.0,0.0,0.0,0.0,0.0,0.6771899414060847
imagem42_jpg.rf.571c73298f1c519ffb2a4e0bacec6736.jpg,4,weighted_mean,0.887897304523103,0.940620342426298,0.9225739823555643,0.9593867935223377,0.3901229050261894,0.6219152273486269,0.9608984374997654
imagem52_jpg.rf.6cac1d0bd76ee0f66bf6dd1323e1e584.jpg,7,OR,0.6850003690849007,0.8130566398117937,0.7426968450364616,0.8981426815449927,0.2538831328851393,0.44861198936292684,0.8958178710935313
imagem52_jpg.rf.6cac1d0bd76ee0f66bf6dd1323e1e584.jpg,7,AND,0.0,0.0,0.0,0.0,0.0,0.0,0.7477514648435675
imagem52_jpg.rf.6cac1d0bd76ee0f66bf6dd1323e1e584.jpg,7,weighted_mean,0.6850003690849007,0.8130566398117937,0.7426968450364616,0.8981426815449927,0.2538831328851393,0.44861198936292684,0.8958178710935313
imagem55_jpg.rf.22b7810258fc23ae2d906ed9c87f6bfe.jpg,10,OR,0.25778765687066996,0.4099064821673259,0.2610755760190671,0.953422296744327,0.19782463833495018,0.3610720687201004,0.7122314453123261
imagem55_jpg.rf.22b7810258fc23ae2d906ed9c87f6bfe.jpg,10,AND,0.0,0.0,0.0,0.0,0.0,0.0,0.8951684570310314
imagem55_jpg.rf.22b7810258fc23ae2d906ed9c87f6bfe.jpg,10,weighted_mean,0.25778765687066996,0.4099064821673259,0.2610755760190671,0.953422296744327,0.19782463833495018,0.3610720687201004,0.7122314453123261
imagem59_jpg.rf.1add3934ebae853a287d12fb9f91bf8e.jpg,5,OR,0.7056969039451058,0.8274587382000866,0.7091652965465037,0.9931172327742054,0.12514982725769078,0.22079503835098838,0.753630371093566
imagem59_jpg.rf.1add3934ebae853a287d12fb9f91bf8e.jpg,5,AND,0.0,0.0,0.0,0.0,0.0,0.0,0.4051464843749011
imagem59_jpg.rf.1add3934ebae853a287d12fb9f91bf8e.jpg,5,weighted_mean,0.7056969039451058,0.8274587382000866,0.7091652965465037,0.9931172327742054,0.12514982725769078,0.22079503835098838,0.753630371093566
imagem68_jpg.rf.222fc4e3e66c71ec918abaad9099eec8.jpg,8,OR,0.69438648733402,0.8196317576004527,0.7331738478925665,0.9292063703598793,0.14026860302869198,0.25547176305768415,0.8501635742185424
imagem68_jpg.rf.222fc4e3e66c71ec918abaad9099eec8.jpg,8,AND,0.0,0.0,0.0,0.0,0.0,0.0,0.6336181640623453
imagem68_jpg.rf.222fc4e3e66c71ec918abaad9099eec8.jpg,8,weighted_mean,0.69438648733402,0.8196317576004527,0.7331738478925665,0.9292063703598793,0.14026860302869198,0.25547176305768415,0.8501635742185424
imagem73_jpg.rf.541c92df1a87536c839dca011eb2c36b.jpg,5,OR,0.7684156240186697,0.8690441472943663,0.8232114803476278,0.9202812150893055,0.08229015422029924,0.13820955915102057,0.8739233398435367
imagem73_jpg.rf.541c92df1a87536c839dca011eb2c36b.jpg,5,AND,0.0,0.0,0.0,0.0,0.0,0.0,0.5454296874998669
imagem73_jpg.rf.541c92df1a87536c839dca011eb2c36b.jpg,5,weighted_mean,0.7684156240186697,0.8690441472943663,0.8232114803476278,0.9202812150893055,0.08229015422029924,0.13820955915102057,0.8739233398435367
imagem74_jpg.rf.8281b8b45f42ed6a42983b593b2086fc.jpg,2,OR,0.9301379574409709,0.9638046377515657,0.9904566978717344,0.9385493452885134,0.3442859288171068,0.577522913194321,0.9550097656247668
imagem74_jpg.rf.8281b8b45f42ed6a42983b593b2086fc.jpg,2,AND,0.0,0.0,0.0,0.0,0.0,0.0,0.36178466796866166
imagem74_jpg.rf.8281b8b45f42ed6a42983b593b2086fc.jpg,2,weighted_mean,0.9301379574409709,0.9638046377515657,0.9904566978717344,0.9385493452885134,0.3442859288171068,0.577522913194321,0.9550097656247668
imagem78_jpg.rf.1f474d14590997731c09325b50771a3f.jpg,2,OR,0.8989264943246947,0.9467733448464789,0.9639578468116397,0.9301908087591256,0.29392814622804136,0.4981270455450885,0.9325805664060223
imagem78_jpg.rf.1f474d14590997731c09325b50771a3f.jpg,2,AND,0.0,0.0,0.0,0.0,0.0,0.0,0.35538574218741326
imagem78_jpg.rf.1f474d14590997731c09325b50771a3f.jpg,2,weighted_mean,0.8989264943246947,0.9467733448464789,0.9639578468116397,0.9301908087591256,0.29392814622804136,0.4981270455450885,0.9325805664060223
sh6_jpg.rf.96904d75f12a1ab9ba018921afb25caa.jpg,11,OR,0.6738709618504046,0.8051647674268324,0.7353920044633749,0.8895652278715939,0.2462653915864611,0.4287301901931738,0.9128002929685272
sh6_jpg.rf.96904d75f12a1ab9ba018921afb25caa.jpg,11,AND,0.0,0.0,0.0,0.0,0.0,0.0,0.7974536132810554
sh6_jpg.rf.96904d75f12a1ab9ba018921afb25caa.jpg,11,weighted_mean,0.6738709618504046,0.8051647674268324,0.7353920044633749,0.8895652278715939,0.2462653915864611,0.4287301901931738,0.9128002929685272
sh6_jpg.rf.a076bfb1789d28104540ac963844b065.jpg,7,OR,0.6201869038819271,0.7655745178484962,0.66756541878315,0.897314375985972,0.15661815661773917,0.2844434618342985,0.913376464843527
sh6_jpg.rf.a076bfb1789d28104540ac963844b065.jpg,7,AND,0.0,0.0,0.0,0.0,0.0,0.0,0.8423681640622943
sh6_jpg.rf.a076bfb1789d28104540ac963844b065.jpg,7,weighted_mean,0.6201869038819271,0.7655745178484962,0.66756541878315,0.897314375985972,0.15661815661773917,0.2844434618342985,0.913376464843527
Soja_MP4-0_jpg.rf.2f344a1182f00c82775cd766e5e86f80.jpg,4,OR,0.8943879525696532,0.9442500427184998,0.9400943814898813,0.9484426070467379,0.2940530515622781,0.4407265983789145,0.9633593749997648
Soja_MP4-0_jpg.rf.2f344a1182f00c82775cd766e5e86f80.jpg,4,AND,0.0,0.0,0.0,0.0,0.0,0.0,0.6728369140623357
Soja_MP4-0_jpg.rf.2f344a1182f00c82775cd766e5e86f80.jpg,4,weighted_mean,0.8943879525696532,0.9442500427184998,0.9400943814898813,0.9484426070467379,0.2940530515622781,0.4407265983789145,0.9633593749997648
Soja_MP4-0_jpg.rf.ed18ada9f9c0debfa6459e3ccb1652c6.jpg,4,OR,0.9135565351734868,0.9548257586135671,0.9549353997503741,0.9547161426501094,0.4211676553220388,0.622859020494961,0.9702221679685131
Soja_MP4-0_jpg.rf.ed18ada9f9c0debfa6459e3ccb1652c6.jpg,4,AND,0.0,0.0,0.0,0.0,0.0,0.0,0.6703735351560863
Soja_MP4-0_jpg.rf.ed18ada9f9c0debfa6459e3ccb1652c6.jpg,4,weighted_mean,0.9135565351734868,0.9548257586135671,0.9549353997503741,0.9547161426501094,0.4211676553220388,0.622859020494961,0.9702221679685131
Soja_MP4-4_jpg.rf.6bbe3d46ae5918dad9573191b0449d82.jpg,3,OR,0.7958913233036975,0.8863468662898671,0.82401615104582,0.9588789530710838,0.3022117943280145,0.46046771294736794,0.9274243164060236
Soja_MP4-4_jpg.rf.6bbe3d46ae5918dad9573191b0449d82.jpg,3,AND,0.0,0.0,0.0,0.0,0.0,0.0,0.7048657226560779
Soja_MP4-4_jpg.rf.6bbe3d46ae5918dad9573191b0449d82.jpg,3,weighted_mean,0.7958913233036975,0.8863468662898671,0.82401615104582,0.9588789530710838,0.3022117943280145,0.46046771294736794,0.9274243164060236
Soja_MP4-4_jpg.rf.cb591d2f5d8ddece154476379010749b.jpg,3,OR,0.7643057793489396,0.8664096533549668,0.7910855287426823,0.9575874513158273,0.19815221942996714,0.33827031362872423,0.9192919921872755
Soja_MP4-4_jpg.rf.cb591d2f5d8ddece154476379010749b.jpg,3,AND,0.0,0.0,0.0,0.0,0.0,0.0,0.7266894531248226
Soja_MP4-4_jpg.rf.cb591d2f5d8ddece154476379010749b.jpg,3,weighted_mean,0.7643057793489396,0.8664096533549668,0.7910855287426823,0.9575874513158273,0.19815221942996714,0.33827031362872423,0.9192919921872755
Soja_MP4-6_jpg.rf.2d1985ef274e5a114ed0c9c2c6632356.jpg,1,OR,0.976091996660808,0.9879013713027573,0.9907811254676958,0.9850383089165033,0.5172208382946105,0.7850493828094491,0.9905590820310082
Soja_MP4-6_jpg.rf.2d1985ef274e5a114ed0c9c2c6632356.jpg,1,AND,0.976091996660808,0.9879013713027573,0.9907811254676958,0.9850383089165033,0.5172208382946105,0.7850493828094491,0.9905590820310082
Soja_MP4-6_jpg.rf.2d1985ef274e5a114ed0c9c2c6632356.jpg,1,weighted_mean,0.976091996660808,0.9879013713027573,0.9907811254676958,0.9850383089165033,0.5172208382946105,0.7850493828094491,0.9905590820310082
Soja_MP4-6_jpg.rf.f5dbc03750f519b2d87379f45723cd23.jpg,1,OR,0.9564430494669887,0.9777366632037269,0.9822831241966071,0.9732320945650609,0.3451680955144074,0.5253030428722032,0.9823144531247602
Soja_MP4-6_jpg.rf.f5dbc03750f519b2d87379f45723cd23.jpg,1,AND,0.9564430494669887,0.9777366632037269,0.9822831241966071,0.9732320945650609,0.3451680955144074,0.5253030428722032,0.9823144531247602
Soja_MP4-6_jpg.rf.f5dbc03750f519b2d87379f45723cd23.jpg,1,weighted_mean,0.9564430494669887,0.9777366632037269,0.9822831241966071,0.9732320945650609,0.3451680955144074,0.5253030428722032,0.9823144531247602
Soja_MP4-9_jpg.rf.8dd2de87c33d1278d34b07b3f0dffb1d.jpg,4,OR,0.44787920182578506,0.6186692940419428,0.9647373223821026,0.4553333245435085,0.1264943108161944,0.19816248247678778,0.688181152343582
Soja_MP4-9_jpg.rf.8dd2de87c33d1278d34b07b3f0dffb1d.jpg,4,AND,0.0,0.0,0.0,0.0,0.0,0.0,0.4444799804686415
Soja_MP4-9_jpg.rf.8dd2de87c33d1278d34b07b3f0dffb1d.jpg,4,weighted_mean,0.44787920182578506,0.6186692940419428,0.9647373223821026,0.4553333245435085,0.1264943108161944,0.19816248247678778,0.688181152343582
Soja_MP4-9_jpg.rf.8e1692a22a911243be7c90e165fef4a6.jpg,4,OR,0.4261770154591374,0.5976495355619453,0.9570612654769014,0.4344845832907563,0.1479393069504889,0.216866076661976,0.6491162109373415
Soja_MP4-9_jpg.rf.8e1692a22a911243be7c90e165fef4a6.jpg,4,AND,0.0,0.0,0.0,0.0,0.0,0.0,0.4002075195311523
Soja_MP4-9_jpg.rf.8e1692a22a911243be7c90e165fef4a6.jpg,4,weighted_mean,0.4261770154591374,0.5976495355619453,0.9570612654769014,0.4344845832907563,0.1479393069504889,0.216866076661976,0.6491162109373415
Soja_MP4-9_jpg.rf.bbabd90ac5f0c7ba2ffffe4bbf9b37c1.jpg,4,OR,0.9485586984401823,0.9736003325940367,0.9886183505295618,0.9590317620273099,0.2890627791464285,0.47020746115839474,0.9683740234372635
Soja_MP4-9_jpg.rf.bbabd90ac5f0c7ba2ffffe4bbf9b37c1.jpg,4,AND,0.0,0.0,0.0,0.0,0.0,0.0,0.3919165039061543
Soja_MP4-9_jpg.rf.bbabd90ac5f0c7ba2ffffe4bbf9b37c1.jpg,4,weighted_mean,0.9485586984401823,0.9736003325940367,0.9886183505295618,0.9590317620273099,0.2890627791464285,0.47020746115839474,0.9683740234372635
youtube-26_jpg.rf.8fe850a4036e2afdb544811690bf4099.jpg,1,OR,0.8422355854237642,0.9143625191997657,0.9260987942404832,0.9029199848283942,0.3230266465533515,0.49466013908669854,0.9869335937497591
youtube-26_jpg.rf.8fe850a4036e2afdb544811690bf4099.jpg,1,AND,0.8422355854237642,0.9143625191997657,0.9260987942404832,0.9029199848283942,0.3230266465533515,0.49466013908669854,0.9869335937497591
youtube-26_jpg.rf.8fe850a4036e2afdb544811690bf4099.jpg,1,weighted_mean,0.8422355854237642,0.9143625191997657,0.9260987942404832,0.9029199848283942,0.3230266465533515,0.49466013908669854,0.9869335937497591
youtube-26_jpg.rf.b0b87891999cd7dc5630d4055768db9e.jpg,2,OR,0.9034841685337089,0.9492951750995443,0.989859328049065,0.9119247585766037,0.5290399912767894,0.7975523893232961,0.9924389648435077
youtube-26_jpg.rf.b0b87891999cd7dc5630d4055768db9e.jpg,2,AND,0.23521104660211764,0.38084349593399175,0.9902232791519326,0.2357585480159927,0.09730069052001149,0.20875637056655347,0.9405029296872703
youtube-26_jpg.rf.b0b87891999cd7dc5630d4055768db9e.jpg,2,weighted_mean,0.9034841685337089,0.9492951750995443,0.989859328049065,0.9119247585766037,0.5290399912767894,0.7975523893232961,0.9924389648435077
